:020000040800F2
:10400000A81E0020A54100082DB10008019000085D
:1040100029B10008D56D0008C9C4000800000000DF
:1040200000000000000000000000000019BB0008B4
:10403000A56E000800000000C9B500088BBE00088E
:10404000BF410008BF410008BF410008BF41000850
:10405000BF410008BF41000845760008BF41000885
:10406000CD760008BF410008FD760008BF4100087A
:10407000BF410008BF410008BF410008BF41000820
:10408000BF410008BF410008BF410008BF41000810
:10409000BF410008BF410008BF410008A1770008E8
:1040A000BF410008C1C30008BF410008BF4100086C
:1040B000BF4100080000000000000000BF410008F0
:1040C000BF410008BF410008BF410008BF410008D0
:1040D000BF410008E9C30008BF4100084DC4000803
:1040E0008D760008C1B80008000000000000000044
:1040F00000000000000000000000000000000000C0
:1041000000000000BF41000800000000BF4100089F
:104110000000000000000000BF410008BF4100088F
:10412000BF410008BF410008BF410008BF4100086F
:10413000BF41000800000000000000000000000077
:10414000BF410008C9A70008BF41000800000000E7
:10415000BF410008BF41000801A80008BF41000896
:10416000BF410008BF410008BF4100080000000037
:10417000BF410008BF41000800000000000000002F
:10418000BF410008BF410008BF410008DFF810D060
:1041900000F080FD00480047B1420108AFF3008005
:1041A000A81E00200648804706480047FEE7FEE7B5
:1041B000FEE7FEE7FEE7FEE7FEE7FEE7FEE7FEE7D7
:1041C000D9BF00088D4100082DE9F05F05460020A9
:1041D00092469B4688460646814640241BE0284678
:1041E00041464746224600F042FC53465A46C01A12
:1041F000914110D311461846224600F029FC2D1A91
:1042000067EB01084F4622460120002100F020FC08
:1042100017EB00094E41201EA4F10104DFDC4846E3
:1042200031462A46434600F000B830BCBDE8C09F86
:10423000014900F003B800007C16002010B50068AA
:104240003C22B0FBF2F302FB1303B0FBF2F00B6075
:10425000B0FBF2F302FB1303B0FBF2F018224B6049
:10426000B0FBF2F302FB1303B0FBF2F0021D8B6014
:104270000723B2FBF3F403FB1422800040F2B55392
:1042800000F66C308A61B0FBF3F2B0FBF3F403FB91
:104290001400443280084A61C8613B2802D3920767
:1042A00000D0401C0022074C13460A61E25C8242A7
:1042B00003D8801A5B1C0B61F8E7401CC8600846F5
:1042C00010BD00008C84010838B5D0E90221491ED8
:1042D00001EB410102EBC1014268C1EB011102EBAC
:1042E00081010268C1EB011102EB8102D0E90431C6
:1042F00001EB410103EB81013023A1F5527191FBE8
:10430000F3F4174D6C4302EBC41291FBF3F403FB7F
:10431000141100921A2902DB124B1A4400920C224B
:1043200091FBF2F3104C6343009C04EBC313009326
:1043300091FBF2F302FB13110C4A08E0491E40F214
:10434000A324535C6343009C04EBC3130093002934
:10435000F4DC01466846FFF771FF009838BD0000A5
:104360003F0C0F008051010067C2030098840108D0
:1043700010B540EA01040346A40703D009E010C9C0
:10438000121F10C3042AFAD203E011F8014B03F8FC
:10439000014B521EF9D210BDD2B201E000F8012B40
:1043A000491EFBD270470022F6E710B513460A46B5
:1043B00004461946FFF7F0FF204610BD30B505460C
:1043C0002A460B4612F8010B13F8014B08B1A04224
:1043D000F8D01CB1002802D06D1CF1E7284630BD92
:1043E000421C10F8011B0029FBD1801A704710B540
:1043F000002200E0521C835C8C5CA34201D1002BA4
:10440000F8D1D8B2E1B2401A10BD30B50446002050
:10441000034600E05B1C934203D2E05CCD5C401B92
:10442000F8D030BD30B505460020034600E05B1CE7
:10443000934205D2EC5CC85C201A01D1002CF6D165
:1044400030BD000070B50F4D00B92868002412E09F
:104450000A4602E09E4203D0521C1378002BF9D189
:10446000DAB2224305D02BB124B1002100F8011BA0
:1044700004E00446401C0678002EE9D1286020465E
:1044800070BD0000540200200FB400B58DB010A91B
:1044900009900B9000914FF0FF300A9000200C9093
:1044A00005480690054807906A4609A80F9900F04C
:1044B00015FB0DB05DF814FBF94A0008174B000816
:1044C0002DE9FF5F1D464FF0FF3BD5E901469146C0
:1044D0005F464FF00008A9697F1C01988847296A48
:1044E000824688470028F6D1BAF1FF3F0CD024F469
:1044F000C064002E19DD600614D5BAF12B0F09D067
:10450000BAF12D0F0ED103E0584604B000F07EB88A
:1045100044F48064A9697F1C01988847761E82460E
:10452000002E02DDBAF1300F03D0B9F1000F26D012
:1045300032E0A969761E44F400747F1C0198884714
:104540008246002E05DDBAF1780F06D0BAF1580F79
:1045500003D0B9F1000F10D01EE0B9F1000F02D066
:10456000B9F1100F18D1A969761E24F400747F1CCC
:10457000019888478246102002E0082000E00A20C7
:10458000814609E008FB0908A969761E44F4007415
:104590007F1C019888478246002E05DD494650461B
:1045A00000F087FA0028EDDAE96901988847A0054C
:1045B00002D46FF00100A8E7E00725D1600613D50B
:1045C000600502D5C8F1000000E0404629680A1DD8
:1045D0002A600968220501D5087015E0220701D577
:1045E000088011E008600FE02868011D296000685C
:1045F000210502D580F8008006E0210702D5A0F849
:10460000008001E0C0F8008038467EE730BCBDE89D
:10461000C09F70B5064608F073F8046805460A2284
:104620000021304600F088FA2C6070BD2DE9FE4F65
:10463000804681EA0300C00F0C46009021F0004143
:1046400023F00045B8EB0200A94105D240462146BF
:1046500090461C460B46024623F00040104347D0CC
:10466000270DC7F30A00C3F30A510290401A0190C4
:1046700040286BDAC3F3130040F4801B0098924685
:1046800020B10023D2EB030A63EB0B0B01985946D0
:10469000C0F14002504600F0DBF906460D46504698
:1046A0005946019A00F0F3F910EB0800614100242B
:1046B00087EA115284EAE7731A4340D0009A62B342
:1046C000019A012A4FEA075215DC001B61EB020137
:1046D0004FF0004202EA0752CDE90042001C41F5CA
:1046E000801132462B4600F06EFA03B000F045B858
:1046F00040462146F9E7001B61EB0201001C41F531
:10470000801300185B412018A2F5001747EB030146
:1047100040EAD570B6196D4111E06D084FEA3606D2
:1047200045EAC0754FEA0752001B61EB0201001C0D
:1047300041F5801149084FEA3000001951413246D5
:104740002B4603B000F01CB800F02EBA00980122EE
:1047500040000023D0EB020263EBE0730098214697
:104760004FEAE074B8EB000061EB0401E9E783F085
:1047700000435BE781F0004158E730BCBDE8C08FE3
:1047800030BCBDE8C04FFFF7DFBF2DE9FE4F81EA27
:10479000030404F0004421F0004100944FF0000BAA
:1047A00023F0004350EA01045ED052EA03045BD0D8
:1047B000C3F30A54C1F30A552C44A4F2F334019410
:1047C000A0FB0254C1F3130141F48011C3F313039E
:1047D00043F4801301FB024400FB034E840A970A52
:1047E00044EA815447EA8357A4FB076802958D0A7F
:1047F00005FB07854FEA932C04FB0C542705029D0B
:104800004FEA065847EA1637B5EB08056EEB070C7A
:10481000870E920E47EA811742EA8312A7FB020134
:10482000B6EB0B0164EB00042B0D43EA0C335E186E
:1048300044EB1C50DA465146E7FB0201C5F3130472
:104840004FEA0B3343EA14534FEA0432019C43EA24
:104850000603A4F10C040294009CCDE900B400F01E
:10486000B2F903B000F003B800200146F9E730BC0C
:10487000BDE8C08F2DE9F04D81EA030404F0004B40
:1048800021F0004514464FF0000A23F0004150EAA1
:10489000050220D054EA01021DD0C5F30A57024692
:1048A000C5F31303C1F31300C1F30A5640F4801596
:1048B00043F48013A7EB0608101BD64608F2FD3818
:1048C00073EB050002D308F1010801E092185B4187
:1048D000B8F1000F03DA00200146BDE8F08D00209A
:1048E0004FF48011064684460EE0171B73EB050754
:1048F00005D3121B63EB050306434CEA010C490880
:104900004FEA300092185B4150EA0107EDD152EABC
:10491000030012D082EA040083EA0501084305D0AF
:10492000101BAB4106D20122002306E000224FF00B
:10493000004302E06FF0010253101AEB06004CEB4B
:10494000085110EB0A0041EB0B01BDE8F04D00F0FF
:104950002BB90EB540F2334102910021CDE900118F
:104960000A460B4600F02FF903B000BDC1F30A520E
:1049700010B5C1F3130140F2FF3341F480119A42A4
:1049800001DA002010BD40F233439A42A2F23342D2
:1049900003DC524200F06BF810BD904010BD00F0F7
:1049A000004230F000400AD0C10D01F56071C0F343
:1049B000160042EA0151C208400711437047002027
:1049C0000146704730B5041E71F1000404DB4FF05E
:1049D0000044404264EB0101141E73F1000405DB46
:1049E0001C464FF00043524263EB04038B4208BF66
:1049F000824230BD30B5041E71F1000404DB4FF07B
:104A00000044404264EB0101141E73F1000405DB15
:104A10001C464FF00043524263EB0403994208BF27
:104A2000904230BD30B50B460146002020220124C3
:104A300009E021FA02F59D4205D303FA02F5491B6C
:104A400004FA02F52844151EA2F10102F1DC30BD82
:104A5000202A04DB203A00FA02F10020704791403E
:104A6000C2F1200320FA03F3194390407047202A33
:104A700004DB203A21FA02F00021704721FA02F308
:104A8000D040C2F120029140084319467047202AC5
:104A900006DBCB17203A41FA02F043EAE07306E066
:104AA00041FA02F3D040C2F1200291400843194676
:104AB00070473A2800D2303820F02002412A01D332
:104AC000A2F13700884201D34FF0FF307047000059
:104AD000026811441378016018467047D160044998
:104AE00051610449116200211161114600F0F2B8D0
:104AF000D14A0008C14C0008426842B1016811F86F
:104B0000013B23B1521EC0E9001218467047012133
:104B1000C160881E704742685AB1C368016843B9D2
:104B200083688B4205D0491E521CC0E90012002048
:104B300070474FF0FF3070472DE9F04791460F4620
:104B400080460446002614F8015B2DB100F0B4F84D
:104B50000068405DC007F6D12B2D02D02D2D18D056
:104B6000641E4A463946204600F04FFA27B139689C
:104B7000A14201D1C7F8008071054FF002040BD5A6
:104B80004042002803DD07F0BBFD0460A007BDE83C
:104B9000F08746F48066E4E70028F8DA07F0B0FD15
:104BA00004606FF00040F2E710B5141E73F10004CA
:104BB00008DA401C41F1000192185B411A4301D10F
:104BC00020F0010010BD2DE9F04D92469B4611B139
:104BD000B1FA81F202E0B0FA80F220329046FFF79B
:104BE00037FF04460F4640EA0A0041EA0B015346EC
:104BF0005A46084313D0114653EA010019D0C8F1B0
:104C000040025046FFF733FF05460E4650465946D0
:104C10004246FFF71DFF084305D0012004E020466F
:104C20003946BDE8F08D0020054346EAE0762C4386
:104C300037430A986305E40AA0EB08000022FD0A46
:104C400044EA47540A3002D500200146E9E701054D
:104C500010196941DDE9084500196941BDE8F04DC9
:104C6000A2E7C1F30A52C1F3130140F2FF3341F44A
:104C700080119A4202DA00200146704740F2334325
:104C80009A42A2F2334202DC5242FFF7F0BEFFF733
:104C9000DFBE0000064C074D06E0E06840F001036F
:104CA00094E8070098471034AC42F6D3FFF772FA45
:104CB000CC920108EC920108004870472885010851
:104CC00010B50446FFF7F8FF0068005D00F0010032
:104CD00010BD00002DE9F34F8BB04FF0000801F13B
:104CE0000C000C464FF0010B46460DF1080A0190EE
:104CF0006269012101989047051E2DD0252D2CD0E9
:104D0000216A8847C0B16269012101989047216AF0
:104D100088470028F7D1411E62690198904700E05A
:104D2000761CA1690B988847216A88470028F7D12B
:104D3000E1690B988847DBE7A1690B98884707462C
:104D4000A84201D1761CD3E7E1690B9888477F1C04
:104D500002D1B8F1000F6FD047E1002762693D46EC
:104D60003946019890472A2804D1626901210198A7
:104D700090470125DFF888926269012101989047E8
:104D8000A0F130010A290AD24F45E5DC07EB870183
:104D900000EB4107303FDFD445F01005ECE7E906B2
:104DA00001D46FF000476C280AD04C2814D0682832
:104DB00015D06A280DD074281CD07A281AD01DE08E
:104DC00062690121019890476C2802D045F00405E2
:104DD00014E045F002050DE045F020050AE06269A7
:104DE000012101989047682802D045F0080505E0A8
:104DF00045F400656269012101989047C4E90157B3
:104E000065283DD019DC58287AD00CDC452837D0ED
:104E100004DC252826D0412831D131E046282FD086
:104E200047282CD12CE05B2877D0612828D0632834
:104E30007CD0642823D15AE0D1E06F2848D008DC28
:104E400066281DD067281BD0692821D06E2816D16E
:104E500027E0702845D0732868D0752847D0782877
:104E60000DD14DE0A1690B988847054625283FF4F0
:104E700069AFE1690B9888476D1C3FF46AAFB4E0F5
:104E800023466A466FF001000B99AFF300809FE064
:104E900045F040006060A80723464FF0000236D47A
:104EA0003EE0E8077FF447AF2068011D21600068FD
:104EB000290501D506701BE7290701D5068017E7EC
:104EC000A90703D5F117C0E9006111E706600FE7F4
:104ED00045F040006060A80723464FF0080216D452
:104EE0001EE040F60E0125EA0100606016E045F084
:104EF00040006060A80723464FF00A0207D40FE085
:104F000045F040006060A80708D5234610226FF0E6
:104F100001000B99AFF300805AE007E0234610220E
:104F20006FF001000B99FFF7CBFA51E04FF0000949
:104F30004F464B46632802D05B2807D041E02079DA
:104F4000C00601D40120A06001273AE06269012176
:104F5000019890475E2805D14FF0010962694946E2
:104F600001989047216939B900210A46534643F810
:104F70002120491C0829FADBB0B3216969B9C1179E
:104F800000EBD16253110AEB830122F01F02821A57
:104F900001200B68904003430B6062690121019876
:104FA00090475D28E8D1B9F1000F09D000205146A3
:104FB00051F82020D24341F82020401C0828F7DB7C
:104FC00002AB224600976FF001000B99AFF300800F
:104FD00000280CDA401C08D1BBF1000F05D04FF0BF
:104FE000FF300DB000F00EB8FFE74046F9E7E907E3
:104FF00001D108F1010806444FF0000B78E60000EB
:10500000CCCCCC0C30BCBDE8C08F2DE9F05F824623
:105010000078002715468B460AF10104B94630286E
:1050200001D09DB113E014F8010B0127782803D0BB
:10503000582801D045B10AE00DB1102D07D1002745
:10504000102514F8010B02E0082500E00A250026CF
:10505000B0460EE005FB080005FB06F1012701EB59
:1050600010461FFA80F8B6F5803F00D3B94614F811
:10507000010B2946FFF71DFD0028EBDABBF1000FFD
:1050800005D00FB1641E00E05446CBF80040B9F1E2
:10509000000F06D007F034FB02210160C81E00F0AB
:1050A00003B848EA0640FAE730BCBDE8C09F70B5D7
:1050B0008C1810F8015B15F0070301D110F8013BC3
:1050C0002A1106D110F8012B03E010F8016B01F84A
:1050D000016B5B1EF9D12B0705D40023521E0DD4A2
:1050E00001F8013BFAE710F8013BCB1A921C03E0F0
:1050F00013F8015B01F8015B521EF9D5A142D8D328
:10510000002070BD10B52DED088B1E480068401CB6
:105110001C4908601C4988422ED81A4909681A4A55
:10512000501AFFF716FC41EC1B0B9FED180B53ECCC
:10513000102BFFF72AFB41EC1A0B9FED160B53ECDB
:10514000102BFFF797FB41EC190B9FED140B53EC61
:10515000102BFFF76BFA41EC180BFFF707FC114916
:1051600008700846007810490978884207D00D4831
:1051700000780D49087002E000200A490870BDEC73
:10518000088B10BD08000020F0490200000000005C
:105190000000594000000000804F02410000000064
:1051A0000000E03F000000200C0000202DE9F04747
:1051B00006460F4614464FF000084FF064090DF004
:1051C00013FD48B939A13BA004F08CF83BA004F0D2
:1051D00089F80020BDE8F0870DF034FD40B933A117
:1051E00034A004F07FF83AA004F07CF80020F1E746
:1051F000FF213D48FFF7D7F800203C49A1F80602FF
:10520000304605F023FF3AA005F020FF364D39A1C6
:105210002046FFF7D3F820B939A12046FFF7CEF892
:1052200000B1ED1D32E021A12846FFF7C7F848B1D3
:105230001EA120A004F056F8314634A004F052F824
:105240000020C7E737A12846FFF7B8F848B117A1F3
:1052500018A004F047F8314635A004F043F80020C8
:10526000B8E709FB08F0B84209DD38A111A004F045
:1052700039F8314637A004F035F80220AAE748464D
:1052800005F0DEFE08F101001FFA80F821462846ED
:10529000FFF794F80028C6D035A106A004F022F844
:1052A000314634A004F01EF8012093E74552524FD6
:1052B000520000000A5B25735D0000004C6F5261D4
:1052C00057414E204D6F6465204552524F45210095
:1052D0004C6F526157414E20537461747573204571
:1052E00052524F4521000000FE0B0020F80A00201A
:1052F0000D0A00002B4C494E4B20494E464F3A00B8
:105300002B52544320494E464F3A00002225732227
:1053100020617420636D6420657865632065727216
:105320006F720000424144205041524D0000000085
:105330002225732220617420636D64206578656383
:1053400020626164207061726D0000005741524E0E
:10535000000000002225732220617420636D642008
:10536000657865632074696D656F75740000000071
:105370004C4F47002225732220617420636D642006
:10538000657865632073756363657373000000005F
:10539000F0B587B0002560E032A240F2DC5132A0C7
:1053A000FFF704FF012852D132A133A003F09AFF86
:1053B00033A13648FFF702F80746394634A003F018
:1053C00091FF78213348FEF7EEFF2DA12F48FEF71D
:1053D000F5FF064600200690002406AB2D4A2EA1BC
:1053E000304609F09EF80AE02A4B611C53F8212050
:1053F0002A4908190223012109F020F8641C0699A2
:10540000481E06900029EFD11AA11BA003F06AFFE5
:1054100022480B38807C21490B39497C1F4A0B3AC2
:10542000127C1E4B0B3BDB7BCDE90132CDE9031037
:105430001A480B38807B009018480B38437B027B5E
:10544000C17A17A003F04EFF012007B0F0BD681C21
:1054500085B24FF47A7005F0F3FD032D9CDB00203C
:10546000F3E700004F4B000041542B41505045558D
:10547000493F00004C4F47000A5B25735D00000068
:105480002B4150504555493A00000000FE0B0020CA
:105490002573000098130020200000001B1400203A
:1054A0004150504555493A20253032782025303238
:1054B0007820253032782025303278202530327817
:1054C000202530327820253032782025303278007F
:1054D000F0B58FB000257EE041A240F2DC5141A042
:1054E000FFF764FE012870D141A142A003F0FAFE4B
:1054F00042A14548FEF762FF0746394643A003F044
:10550000F1FE78214248FEF74EFF3CA13E48FEF7EF
:1055100055FF064600200E9000240EAB3C4A3DA1EC
:10552000304608F0FEFF0AE0394B611C53F8212099
:10553000394908190223012108F080FF641C0E99E3
:10554000481E0E900029EFD129A12AA003F0CAFE1F
:105550003148133890F822002F49133991F821105F
:105560002D4A133A92F820202B4B133BDB7FCDE9D9
:105570000932CDE90B1028481338807F26491339AA
:105580004A7F097F244B133BDB7ECDE90531CDE912
:10559000072021481338817E427E007E1E4B133B3C
:1055A000DB7DCDE90130CDE903211B481338807D37
:1055B000009019481338437D027DC17C174803F0E1
:1055C00091FE01200FB0F0BDFFE7681C85B24FF4DB
:1055D0007A7005F035FD032DFFF67EAF0020F1E770
:1055E0004F4B000041542B4150504B45593F000058
:1055F0004C4F47000A5B25735D0000002B41505063
:105600004B45593A00000000FE0B002025730000B6
:10561000981300202000000023140020708501084A
:10562000F0B58FB000258BE048A240F2DC5148A0D5
:10563000FFF7BCFD01287DD148A149A003F052FE2F
:1056400049A14C48FEF7BAFE074639464AA003F086
:1056500049FE78214948FEF7A6FE43A14548FEF7DA
:10566000ADFE064600200E9000240EAB434A44A136
:10567000304608F056FF0AE0404B611C53F82120E9
:10568000404908190223012108F0D8FE641C0E9934
:10569000481E0E900029EFD130A131A003F022FE68
:1056A0003848273890F836003649273991F83510B0
:1056B000344A273A92F83420324B273B93F8333060
:1056C000CDE90932CDE90B102E48273890F8320089
:1056D0002C49273991F8312091F83010294B273B7C
:1056E00093F82F30CDE90531CDE90720254827383B
:1056F00090F82E1090F82D2090F82C00214B273B8D
:1057000093F82B30CDE90130CDE903211D4827382E
:1057100090F82A0000901B48273890F8293090F81C
:10572000282090F82710184803F0DCFD01200FB066
:10573000F0BDFFE7681C85B24FF47A7005F080FC7D
:10574000032DFFF671AF0020F1E700004F4B000082
:1057500041542B415050534B45593F004C4F47004B
:105760000A5B25735D0000002B415050534B455997
:105770003A000000FE0B0020257300009813002063
:1057800020000000371400202486010870B5002492
:105790001CE010A240F2DC510FA0FFF707FD01282A
:1057A0000ED110A110A003F09DFD11A11248FEF72B
:1057B00005FE0546294611A003F094FD012070BDA9
:1057C000601C84B24FF47A7005F03AFC032CE0DBE5
:1057D0000020F4E74F4B000041542B42414E443F20
:1057E000000000004C4F47000A5B25735D0000007D
:1057F0002B42414E44000000FE0B002025730000A8
:1058000070B500241CE010A240F2DC510FA0FFF79D
:10581000CDFC01280ED110A110A003F063FD11A151
:105820001248FEF7CBFD0546294611A003F05AFDAC
:10583000012070BD601C84B24FF47A7005F000FC4A
:10584000032CE0DB0020F4E74F4B000041542B43D6
:105850004C4153533F0000004C4F47000A5B2573F7
:105860005D0000002B434C4153533A00FE0B0020D7
:105870002573000070B500241CE010A240F2DC513A
:105880000FA0FFF793FC01280ED110A110A003F088
:1058900029FD11A11348FEF791FD0546294612A0E6
:1058A00003F020FD012070BD601C84B24FF47A70BB
:1058B00005F0C6FB032CE0DB0020F4E74F4B0000B3
:1058C00041542B434F4E4649524D3F004C4F4700E9
:1058D0000A5B25735D0000002B434F4E4649524D35
:1058E0003A000000FE0B0020257300002DE9FC416A
:1058F000002554E02CA240F2DC512CA0FFF756FC0E
:10590000012846D12CA12DA003F0ECFC2DA130489C
:10591000FEF754FD074639462EA003F0E3FC78213C
:105920002D48FEF740FD27A12948FEF747FD064612
:1059300000200190002401AB274A28A1304608F03E
:10594000F0FD0AE0244B611C53F82120244908197A
:105950000223012108F072FD641C0199481E019088
:105960000029EFD114A115A003F0BCFC1C4823387A
:1059700090F8260000901A48233890F8253090F8C7
:10598000242090F8231017A003F0ACFC0120BDE800
:10599000FC81681C85B24FF47A7005F051FB032D31
:1059A000A8DB0020F3E700004F4B000041542B44DC
:1059B0004556414444523F004C4F47000A5B257313
:1059C0005D0000002B444556414444523A0000001B
:1059D000FE0B00202573000098130020200000001B
:1059E00033140020444556414444523A2025303275
:1059F00078202530327820253032782025303278D2
:105A000000000000F0B587B0002560E032A240F24F
:105A1000DC5134A0FFF7CAFB012852D134A135A0D4
:105A200003F060FC2CA13548FEF7C8FC0746394658
:105A300033A003F057FC78213248FEF7B4FC26A1CE
:105A40002E48FEF7BBFC064600200690002406AB5D
:105A50002C4A2DA1304608F064FD0AE0294B611C58
:105A600053F82120294908190223012108F0E6FCF6
:105A7000641C0699481E06900029EFD11CA11DA0A8
:105A800003F030FC2148C01E807A2049C91E497AA3
:105A90001E4AD21E127A1D4BDB1EDB79CDE9013284
:105AA000CDE903101948C01E807900901748C01E28
:105AB00043790279C17816A003F014FC012007B0E5
:105AC000F0BD681C85B24FF47A7005F0B9FA032D69
:105AD0009CDB0020F3E700002B4445564555493A2E
:105AE0000000000041542B4445564555493F0000F5
:105AF0004C4F47000A5B25735D000000FE0B002041
:105B000025730000981300202000000013140020CB
:105B10004465764555493A20253032782025303283
:105B200078202530327820253032782025303278A0
:105B30002025303278202530327820253032780008
:105B400070B500241CE010A240F2DC510FA0FFF75A
:105B50002DFB01280ED111A111A003F0C3FB12A14E
:105B60001448FEF72BFC0546294613A003F0BAFBA8
:105B7000012070BD601C84B24FF47A7005F060FAA9
:105B8000032CE0DB0020F4E74F4B000041542B4492
:105B9000415441524154453F000000004C4F4700E2
:105BA0000A5B25735D0000002B444154415241546F
:105BB000453A0000FE0B00202573000070B500245C
:105BC0001CE010A240F2DC510FA0FFF7EFFA012811
:105BD0000ED110A110A003F085FB11A11248FEF711
:105BE000EDFB0546294611A003F07CFB012070BDAA
:105BF000601C84B24FF47A7005F022FA032CE0DBCB
:105C00000020F4E74F4B000041542B465245513FD2
:105C1000000000004C4F47000A5B25735D00000048
:105C20002B465245513A0000FE0B00202573000020
:105C3000F0B58FB000258BE048A240F2DC5148A0BF
:105C4000FFF7B4FA01287DD148A149A003F04AFB2F
:105C500049A14C48FEF7B2FB074639464AA003F07B
:105C600041FB78214948FEF79EFB43A14548FEF7DA
:105C7000A5FB064600200E9000240EAB434A44A12B
:105C8000304608F04EFC0AE0404B611C53F82120DE
:105C9000404908190223012108F0D0FB641C0E9929
:105CA000481E0E900029EFD130A131A003F01AFB5D
:105CB0003848373890F846003649373991F845105A
:105CC000344A373A92F84420324B373B93F843300A
:105CD000CDE90932CDE90B102E48373890F8420053
:105CE0002C49373991F8412091F84010294B373B26
:105CF00093F83F30CDE90531CDE907202548373805
:105D000090F83E1090F83D2090F83C00214B373B36
:105D100093F83B30CDE90130CDE903211D483738F8
:105D200090F83A0000901B48373890F8393090F8D6
:105D3000382090F83710184803F0D4FA01200FB03B
:105D4000F0BDFFE7681C85B24FF47A7005F078F972
:105D5000032DFFF671AF0020F1E700004F4B00006C
:105D600041542B4E574B534B45593F004C4F470026
:105D70000A5B25735D0000002B4E574B534B455972
:105D80003A000000FE0B002025730000981300204D
:105D90002000000047140020C885010870B50024C9
:105DA0001CE010A240F2DC510FA0FFF7FFF9012820
:105DB0000ED110A110A003F095FA11A11248FEF720
:105DC000FDFA0546294611A003F08CFA012070BDAA
:105DD000601C84B24FF47A7005F032F9032CE0DBDA
:105DE0000020F4E74F4B000041542B504F52543FDA
:105DF000000000004C4F47000A5B25735D00000067
:105E00002B504F52543A0000FE0B00202573000027
:105E100070B500241CE010A240F2DC510FA0FFF787
:105E2000C5F901280ED10FA10FA003F05BFA10A154
:105E30001148FEF7C3FA0546294610A003F052FAAE
:105E4000012070BD601C84B24FF47A7005F0F8F840
:105E5000032CE0DB0020F4E74F4B000041542B52B1
:105E600058323F004C4F47000A5B25735D0000002D
:105E70002B5258323A000000FE0B00202573000020
:105E800070B500241CE010A240F2DC5111A0FFF715
:105E90008DF901280ED112A112A003F023FA0AA154
:105EA0001248FEF78BFA0546294611A003F01AFAAC
:105EB000012070BD601C84B24FF47A7005F0C0F808
:105EC000032CE0DB0020F4E72B5354415455533AA4
:105ED0000000000041542B5354415455533F0000DF
:105EE0004C4F47000A5B25735D000000FE0B00204D
:105EF0002573000070B500241CE010A240F2DC51B4
:105F000010A0FFF753F901280ED110A110A003F043
:105F1000E9F90AA11048FEF751FA054629460FA0F3
:105F200003F0E0F9012070BD601C84B24FF47A7078
:105F300005F086F8032CE0DB0020F4E72B564552F1
:105F40000000000041542B5645523F004C4F470083
:105F50000A5B25735D000000FE0B00202573000026
:105F600010B500241AE00FA240F2DC510EA0FFF79A
:105F70001DF901280CD10F48007820F001000D49CF
:105F8000087000BF0CF00EFE0028FBD0012010BDF1
:105F9000601C84B24FF47A7005F052F8032CE2DBF7
:105FA0000020F4E74F4B000041542B464143544F2F
:105FB000525900001014002010B500240EE009A270
:105FC00040F2DC5108A0FFF7F1F8012800D110BD24
:105FD000601C84B24FF47A7005F032F8032CEEDBCB
:105FE0000020F4E74F4B000041542B53415645002D
:105FF00010B590B00024242218A107A8FEF7B8F924
:106000001F48807C1E49497C1D4A127C1C4BDB7B4F
:10601000CDE90232CDE904101948807B1849497B4B
:10602000CDE900101648037BC27A16A107A806F036
:1060300067FA0FE020A240F2DC5107A8FFF7B6F89C
:10604000012801D110B010BD601C84B24FF47A70E9
:1060500004F0F6FF032CEDDB0020F3E741542B4165
:1060600050504555493D204646204646204645204D
:1060700030302030302030302030302030310000BF
:106080001014002041542B4150504555493D2025C6
:106090003032782025303278202530327820253073
:1060A0003278202530327820253032782025303261
:1060B00078202530327800004F4B000010B59EB09C
:1060C0000024402225A10EA8FEF752F9334890F88B
:1060D0002200324991F82110304A92F820202F4BAB
:1060E000DB7FCDE90A32CDE90C102C48807F2B49AB
:1060F000497F2A4A127F294BDB7ECDE90632CDE962
:1061000008102648827E407E2449097E234BDB7D91
:10611000CDE90231CDE904022048807D1F49497D47
:10612000CDE900101D48037DC27C1D490EA806F074
:10613000E7F90FE01BA240F2DC510EA8FFF736F89A
:10614000012801D11EB010BD601C84B24FF47A70DA
:1061500004F076FF032CEDDB0020F3E741542B41E4
:1061600050504B45593D2032422037452031352093
:1061700031362032382041452044322041362041FA
:1061800042204637203135203838203039204346E8
:106190002034462033432C3000000000101400202F
:1061A000388A01084F4B00003EB5044600250EA278
:1061B00007CA8DE8070022460EA1684606F0A0F93E
:1061C0000EE00FA240F2DC516846FEF7EFFF012817
:1061D00000D13EBD681C85B24FF47A7004F030FFE8
:1061E000032DEEDB0020F4E741542B434C41535385
:1061F0003D30000041542B434C4153533D25640036
:106200004F4B00007FB504460D4600260FA30FCB71
:106210008DE80F002B46224610A1684606F070F963
:106220000FE013A240F2DC516846FEF7BFFF0128E1
:1062300001D104B070BD701C86B24FF47A7004F0C6
:10624000FFFE032EEDDB0020F3E7000041542B435B
:106250004F4E4649524D3D312C33000041542B43A3
:106260004F4E4649524D3D25642C256400000000E8
:106270004F4B0000F0B587B004460D461646002788
:10628000182210A101A8FEF773F82B46224613A18D
:1062900001A8009606F034F90FE015A240F2DC5197
:1062A00001A8FEF783FF012801D107B0F0BD781CDB
:1062B00087B24FF47A7004F0C3FE032FEDDB0020A9
:1062C000F3E7000041542B465245513D312C32300A
:1062D0002C383638313030303030000041542B46C5
:1062E0005245513D25642C25642C25640000000096
:1062F0004F4B000010B5002417E00EA240F2DC5115
:106300000DA0FEF753FF012809D1FF210F48FEF72A
:106310004AF800200E49A1F80602012010BD601CB9
:1063200084B24FF47A7004F08BFE032CE5DB00207E
:10633000F4E700004F4B000041542B4A4F494E3DBB
:10634000312C312C31322C3130000000FE0B00207A
:10635000F80A002010B500240EE009A240F2DC513A
:1063600008A0FEF723FF012800D110BD601C84B2F5
:106370004FF47A7004F064FE032CEEDB0020F4E7A7
:106380004F4B000041542B4F5441413D312C3000C4
:106390003EB5044600250EA207CA8DE80700224636
:1063A0000EA1684606F0ACF80EE010A240F2DC51F7
:1063B0006846FEF7FBFE012800D13EBD681C85B291
:1063C0004FF47A7004F03CFE032DEEDB0020F4E77E
:1063D00041542B504F52543D3230000041542B5009
:1063E0004F52543D25303278000000004F4B0000E2
:1063F00070B586B004460D46002614220FA101A8F0
:10640000FDF7B6FF2B46224611A101A806F078F849
:106410000FE013A240F2DC5101A8FEF7C7FE0128ED
:1064200001D106B070BD701C86B24FF47A7004F0D2
:1064300007FE032EEDDB0020F3E7000041542B5252
:1064400058323D302C383639353235303030000056
:1064500041542B5258323D25642C25640000000025
:106460004F4B000030B58DB0182107A8FDF79BFFFA
:10647000182101A8FDF797FF00204049096821F481
:10648000406101433D4A883AC2F8881000BF0120AC
:106490001146C96D0143D1651146C96D0140009196
:1064A00000BF00BF022002F0C7FF4FF44060019020
:1064B0000220029003200390002004900120059008
:1064C0000820069001A92E4803F058F906F094F828
:1064D00005460022114604F04BFE044621464620A4
:1064E00006F0BAF8462006F06DF84FF4E130079058
:1064F0000020089009900A900C200B9000200C902E
:1065000007A9204803F0AEFA1E4800BF00BF00BF35
:1065100050E8002F42F0200140E80012002AF7D195
:1065200000BF00BF174800BF00BF00BF50E8002FEA
:1065300042F4807140E80012002AF7D100BF00BF8A
:1065400000BF01200F49086200BF00BF0846006875
:1065500040F00100086000BF00BF00BF0948C069EB
:10656000C0F340500028F8D000BF0648C069C0F30F
:1065700080500028F1D00DB030BD000088100240DE
:10658000000400480080004000B589B00EF01EF9FC
:10659000002006900790089018216846FDF703FF39
:1065A000012002F03BFF022002F038FF042002F03D
:1065B00035FF0120019003200290002003900490F9
:1065C0004FF4004000906946F54803F0D7F81020DA
:1065D00000906946F24803F0D1F801200090694626
:1065E000EF4803F0CBF8022000906946EC4803F036
:1065F000C5F8082000906946EA4803F0BFF8022079
:1066000000906946E74803F0B9F804200090694615
:10661000E44803F0B3F84FF4804000906946E04846
:1066200003F0ACF84FF4805000906946DC4803F06A
:10663000A5F84FF4005000906946D94803F09EF841
:10664000082000906946D64803F098F84FF480700F
:1066500000906946D24803F091F84FF40070009022
:106660006946CF4803F08AF80220009069464FF04F
:10667000904003F083F84FF40041C94803F019F942
:106680004FF40041C64803F014F90121C44803F057
:1066900010F90221C24803F00CF90821C14803F0A7
:1066A00008F90221BF4803F004F90421BD4803F0B2
:1066B00000F94FF48041BA4803F0FBF84FF48051E1
:1066C000B74803F0F6F84FF40051B54803F0F1F87D
:1066D0000821B34803F0EDF84FF48071B04803F09F
:1066E000E8F84FF40071AE4803F0E3F802214FF0F0
:1066F000904003F0DEF8002001900490012000900B
:1067000069464FF0904003F039F8022004900420CD
:1067100000906946A24803F031F800200490402020
:10672000009069464FF0904003F028F880200090D8
:1067300069464FF0904003F021F810200090694620
:106740004FF0904003F01AF82020009069464FF077
:10675000904003F013F88021924803F0B4F84021F0
:10676000904803F0B0F84FF480714FF0904003F080
:10677000AAF8802000900120019000200290039050
:1067800004906946874802F0F9FF4020009069466E
:10679000844802F0F3FF4FF48070009069464FF098
:1067A000904002F0EBFF4FF48070009000200190C9
:1067B000049069467B4802F0E1FF4FF400700090BE
:1067C0006946784802F0DAFF4FF47021002003F0A8
:1067D000D9FD002201214FF0904003F08EF80022F5
:1067E00001214FF0904003F074F8012006908DF8DD
:1067F000200000208DF8210003208DF8220006A83B
:1068000002F0F8FE4FF07061012003F0BBFD0222A0
:106810000421634803F071F800220421604803F06A
:1068200058F80420069001208DF8200000208DF8F3
:10683000210003208DF8220006A802F0DBFE5A4951
:10684000002003F09FFD012240214FF0904003F013
:1068500054F8002240214FF0904003F03AF84020D5
:10686000069001208DF8200000208DF821000320E3
:106870008DF8220006A802F0BDFE4C49002003F06E
:1068800081FD012280214FF0904003F036F8002274
:1068900080214FF0904003F01CF8802006900120EA
:1068A0008DF8200000208DF8210003208DF82200B3
:1068B00006A802F09FFE3E49002003F063FD02227D
:1068C00010214FF0904003F018F8002210214FF0F3
:1068D000904002F0FEFF1020069001208DF820006D
:1068E00000208DF8210002208DF8220006A802F079
:1068F00081FE3049002003F045FD022220214FF0A7
:10690000904002F0FAFF002220214FF0904002F068
:10691000E0FF2020069001208DF8200000208DF857
:10692000210002208DF8220006A802F063FE00215B
:10693000062005F069FE062005F022FE0021082051
:1069400005F062FE082005F01BFE00210A2005F07C
:106950005BFE0A2005F014FE0021172005F054FE0E
:10696000172005F00DFE01221349144807F021F904
:10697000134A0321114807F001F8104807F032F9D3
:1069800001221049104807F014F9104A03210E485B
:1069900006F0F4FF0C4807F025F909B000BD00002F
:1069A00000040048000800480100000F010000F04A
:1069B00001000F000100F000B1480108540A002056
:1069C000B9B40008BD4801087C0A002041B50008A0
:1069D00030B58FB01C2108A8FDF7E5FC182102A8EE
:1069E000FDF7E1FC4FF4403003F09AF94FF480409A
:1069F0002749096E0143264A11661146096E014076
:106A0000019100BF00BF012002F016FD4FF4C060ED
:106A100002900220039003200490002005900120A2
:106A200006900720079002A94FF0904002F0A6FEC2
:106A300005F0E2FD05460122002104F099FB044621
:106A40002146252005F008FE252005F0BBFD4FF46A
:106A500016500890002009900A900B900C200C9082
:106A600000200D900E9008A90A4803F029FE09485D
:106A700003F0C7FD074803F005FE064803F013FEC8
:106A8000044803F004FE034803F0B8FD0FB030BD26
:106A9000001002400038014030B58FB01C2108A81A
:106AA000FDF781FC182102A8FDF77DFC4FF4401092
:106AB00003F036F94FF480202E49896D01432D4AA9
:106AC00091651146896D0140019100BF00BF04200E
:106AD00002F0B2FC302002900220039003200490C8
:106AE00000200590012006900720079002A9224867
:106AF00002F044FE05F080FD05460022012104F06D
:106B000037FB04462146272005F0A6FD272005F087
:106B100059FD4FF4E1300890002009900A900B9045
:106B20000C200C9000200D900E9008A9134803F043
:106B3000C7FD124803F065FD00BF1048806840F4AF
:106B400080500E49886000BF00BF0846806820F46E
:106B50000050886000BF084603F094FD074803F02A
:106B6000A2FD064803F093FD044803F047FD0FB073
:106B700030BD0000001002400008004800480040FE
:106B800000B587B0224803F045FD00BF20480068EB
:106B900020F001001E49086000BF4FF480201D490D
:106BA000896C81431B4A916400BF2720002817DBB2
:106BB00000F01F0201219140174A430942F82310B7
:106BC00000BF00BF00BFBFF34F8F00BF00BF00BFBB
:106BD00000BF00BF00BFBFF36F8F00BF00BF00BF8B
:106BE00000BF182101A8FDF7DEFB042002F024FC01
:106BF00030200190032002900020059001A9074851
:106C000002F0BCFD30200549886200BF07B000BD1E
:106C1000004800400010024080E100E00008004809
:106C200030B595B004460D46142110A8FDF7BBFB06
:106C3000202108A8FDF7B7FB182102A8FDF7B3FB38
:106C4000012002F023FC681E80B2ADF84000002055
:106C50001190601E12900020139010A94FF08040F8
:106C600003F00CFC00BF4FF08040006820F0800073
:106C70004FF08041086000BF002089682A4A114017
:106C800001434FF08042916000BF602008900120D6
:106C9000099000200A900B900C9008AA10218806F9
:106CA00003F068FC1021880603F02AFC00204FF056
:106CB0008041496821F0700101434FF080425160EA
:106CC00000BF00BF1046806820F080001146886039
:106CD00000BF01201549C96C0143144AD164114613
:106CE000C96C0140019100BF00BF022002900390D7
:106CF000032004900020059006900120079002A92F
:106D00004FF0904002F03AFD01211C2005F090FC6C
:106D10001C2005F046FC10208106096A014382060A
:106D2000116200BF15B030BDF8BFFEFF0010024079
:106D30002DE9F04105460E464FF4FA6404FB06F0D7
:106D40006421B0FBF1F720460421FFF769FF3846C4
:106D5000A106886300BF084603F086FBA00603F087
:106D600088FBA8B20DF098FA00BFA006C06820F01A
:106D70000400A106C86000BF084603F025FB0220FE
:106D80004FF09041886200BFBDE8F08170B50446C5
:106D90002046FDF725FB85B22946204600F002F883
:106DA00070BD0000F0B5002205460EE0084B164607
:106DB000571CBAB2AC5D1C8500BF00BF00BF044BBE
:106DC000DB69C3F38013002BF8D08A42EEDBF0BD01
:106DD0000080004000BFFEE72DE9F04105460E4669
:106DE00000240027A046002002E0295C0C44401C3F
:106DF000711E8142F9DC2046E11704EB1161091292
:106E0000A4EB0121CFB2701E285CB8420BD007A1C1
:106E100008A002F067FA701E2A5C394607A002F04B
:106E200061FA4FF001084046BDE8F0815741524EEB
:106E3000000000000A5B25735D00000063616C20A8
:106E40006572726F722073756D5B25642D25645DAC
:106E5000000000002DE9F04105460E461746294680
:106E600008A002F03FFA002404E0315D0AA002F01D
:106E700039FA641CBC42F8DB09A002F033FABDE821
:106E8000F08100000A556172742044617461205BD6
:106E900025735D3A000000002025303278000000A4
:106EA0000A000000704701B5002106E0642100BF20
:106EB000081EA1F1010291B2FAD1BDF80000421EF4
:106EC00092B200920028F1D108BD000010B5AA4886
:106ED0000079C0F38010002836D0A748007920F050
:106EE0004000A549087108468079C0F3C000A34955
:106EF0000968C1F38001884226D014200DF0CCF936
:106F00009D488079C0F3C0009C490968C1F38001A5
:106F1000884219D09948006880089749897960F3B8
:106F2000C30195488171807B052802DA05209249CA
:106F3000887393A193A002F0D5F98F488079C0F3AC
:106F4000C00192A002F0CEF98B480079C0F3001086
:106F500000283FD08848007920F010008649087149
:106F600008468079C0F300104FF090410969C1F3E1
:106F7000801188422ED014200DF08EF97E48807941
:106F8000C0F300104FF090410969C1F380118842AD
:106F900020D04FF09040006980097749897960F3EB
:106FA000041175488171807920F00100401C7249FC
:106FB00088710846807B052801DA0520887370A156
:106FC00070A002F08FF96C488079C0F3001177A0AF
:106FD00002F088F968480079C0F3401000283FD0DB
:106FE0006548007920F020006349087108468079DF
:106FF000C0F340104FF090410969C1F3C0118842BD
:107000002ED014200DF048F95B488079C0F3401071
:107010004FF090410969C1F3C011884220D04FF070
:1070200090400069C0095449897960F3451152487C
:107030008171807920F00100401C4F498871084619
:10704000807B052801DA052088734DA14DA002F050
:1070500049F949488079C0F340115DA002F042F936
:1070600045488079C0F300104FF090410969C1F3A1
:107070008011884206D04048007920F0100010307E
:107080003D4908713C488079C0F340104FF0904171
:107090000969C1F3C011884206D03748007920F051
:1070A00020002030344908713348807A002838D0D5
:1070B00031488079C0F3001020B92F488079C0F39F
:1070C0004010C0B12C488079C0F38000002828D13E
:1070D0002948807920F00400001D2749887128A1E3
:1070E00028A002F0FFF824488079C0F3800141A075
:1070F00002F0F8F815E020488079C0F3800080B1F4
:107100001D48807920F004001B4988711CA11DA036
:1071100002F0E8F818488079C0F3800135A002F049
:10712000E1F83B4800683B490968884210D812489A
:10713000408AC0EB00103749096801EB80003449F0
:1071400008600D48807920F00100401C0A498871D0
:107150000948C07A78B100200749C87208A109A07F
:1071600002F0C0F82CA002F0BDF80CF093FA002059
:1071700001498882C88210BD340A002010040048EA
:107180004C4F47000A5B25735D000000424C4520D0
:10719000436F6E6E65637420537461746520436839
:1071A000616E676520546F2025640000496E736529
:1071B00072743120436F6E6E656374205374617412
:1071C00065204368616E676520546F202564000068
:1071D000496E736572743220436F6E6E65637420FE
:1071E0005374617465204368616E676520546F2035
:1071F00025640000506F77657220537461746520B8
:107200004368616E676520546F20256400000000AC
:107210001400002044000020446576696365205A0C
:1072200065726F204576656E7400000010B52848C1
:10723000007800F00100002844D02648B0F804018E
:1072400000283FD12448007828B3FF212148FDF7CA
:10725000AAF8DC212148FDF7A6F8204C012220499C
:1072600020480CF035FF1E48027821461D480CF0DE
:107270002FFF0EF00DFC18480078401EC0B21649D2
:10728000087038B94FF47A711748FDF78CF8154833
:107290000CF078FF16E01548807900F0010088B105
:1072A0001248807920F001001049887100F024F81C
:1072B0000E48408AC0EB00100D49096801EB8000C0
:1072C0000C49086001F060F9FFF700FE10BD0000F6
:1072D00010140020F80A002010000020640700208D
:1072E0001C000020440600205C020020340A00201C
:1072F000440000201400002070B5474D0024DC211C
:107300002846FDF750F8002044490870294601201E
:107310000EF0EEFC044625444048007820443F49E6
:107320000870294603200EF0E3FC044625443B4840
:10733000007820443949087029463C200EF0D8FCDA
:1073400004462544354800782044344908702946CD
:1073500040200EF0CDFC04462544304800782044FF
:107360002E490870294641200EF0C2FC04462544EF
:107370002A480078204429490870294642200EF006
:10738000B7FC04462544254800782044234908706A
:10739000294643200EF0ACFC044625441F480078E3
:1073A00020441E490870294686200EF0A1FC0446A0
:1073B00025441A48007820441849087029468A2034
:1073C0000EF096FC044625441448007820441349E6
:1073D000087013480CF00CFE064610480078401C5C
:1073E000864210DB01220D490D480CF0FBFE0B48D4
:1073F000027809490A480CF0F5FE0A480078401C5A
:107400000849087006E008A109A001F06BFF0AA076
:1074100001F068FF70BD0000640700201C00002020
:1074200044060020100000204552524F5200000038
:107430000A5B25735D0000004C77726220416C721C
:10744000656164792046756C6C0000002DE9F0419F
:1074500002250026DC216D48FCF7A5FF00206C49C1
:1074600008706C480CF0C4FD07463D206749087061
:107470000024A4E004EB4401674800EB8100007A9B
:1074800000287DD0701CC6B204EB4401624810F89D
:1074900021202846691CCDB25C490A5404EB440102
:1074A0005D4800EB810042782846691CCDB25749FF
:1074B0000A5404EB4401584800EB810082782846C6
:1074C000691CCDB251490A5404EB4401524800EB07
:1074D00081004089020A2846691CCDB24B490A54F2
:1074E00004EB44014C4800EB8100827A2846691C79
:1074F000CDB246490A5404EB4401474800EB8100F1
:10750000C2782846691CCDB240490A5404EB4401B4
:10751000414800EB810002792846691CCDB23B4905
:107520000A5404EB44013C4800EB810042792846B0
:10753000691CCDB235490A5404EB4401364800EBCE
:10754000810082792846691CCDB230490A5404EB87
:107550004401314800EB8100C2792846691CCDB254
:107560002A490A54042E28D1084646702848057036
:1075700028480CF03DFD074625480078401C00E0F7
:107580001BE0874210DB0122214922480CF02AFE31
:107590001F4802781D491F480CF024FE1F48007840
:1075A000401C1E49087006E01DA11FA001F09AFEB4
:1075B0001FA001F097FE02250026601CC4B2102C0B
:1075C000FFF658AF002E1FDD1048467010480570BA
:1075D0000078401C874210DB01220D490D480CF059
:1075E00001FE0B48027809490A480CF0FBFD0B48E4
:1075F0000078401C0949087006E009A10AA001F0C2
:1076000071FE0BA001F06EFEBDE8F0816407002062
:107610001C0000204406002064060020100000200A
:107620004552524F520000000A5B25735D00000076
:107630004C77726220416C72656164792046756C8A
:107640006C00000010B5012002F08CF8D0B10120D0
:1076500001F06AFF0C484079C0F3400058B10A4875
:10766000407920F00200084948710846007920F06E
:107670000200801C08710448807B052802DA05207E
:107680000149887310BD0000340A002010B54FF482
:10769000006002F067F8B0B14FF4006001F044FF01
:1076A00009484079C0F3400030B10748407920F0E4
:1076B0000100401C044948710348807B052802DA18
:1076C00005200149887310BD340A002010B504203C
:1076D00002F048F878B1042001F026FF064800794E
:1076E00020F040004030044908710846807B05289E
:1076F00001DA0520887310BD340A002010B510206F
:1077000002F030F8002843D0102001F00DFF21488E
:107710004079C0F34000A0B31E48407920F0020039
:107720001C4948710846007920F00400001D0871CA
:1077300019480068408958B117480068407A012804
:1077400006D11548B0F8E800401C1349A1F8E8003C
:107750001248807838B11148808820B10F48C0881D
:10776000401C0E49C8800B48007A00F0010020B987
:107770000848808A401C074988824FF4FA700549FE
:1077800008820448807B052802DA052001498873B5
:1077900010BD0000340A00206006002054070020BD
:1077A00010B5202001F0DEFF002843D0202001F09A
:1077B000BBFE35484079C0F34000A0B33248407961
:1077C00020F00200304948710846007920F0080096
:1077D000083008712D480068408958B12B4800686E
:1077E000407A012806D12948B0F8E800401C274912
:1077F000A1F8E8002648807838B12548808820B173
:107800002348C088401C2249C8801F48007A00F0E5
:10781000020020B91C48C08A401C1B49C8824FF492
:10782000FA70194908821848807B052802DA052079
:1078300015498873402001F095FF78B1402001F090
:1078400073FE1148007920F0100010300E490871C5
:107850000846807B052801DA05208873802001F026
:1078600081FF78B1802001F05FFE0748007920F0A9
:1078700020002030044908710846807B052801DA81
:107880000520887310BD0000340A00206006002027
:107890005407002008B54FF080501349896D01430B
:1078A000114A91651146896D0140009100BF00BFEA
:1078B00040131146896821F400410143916000BFE3
:1078C00002200A49096821F007010143074A1160B3
:1078D00000BF00BF0648006840F00400044908608B
:1078E00000BF30BF08BD0000001002400070004023
:1078F00010ED00E030B587B00025164C1649002089
:10790000CDE90410012204A9204600F0ABFADDE91C
:10791000041070EA010119D000200090019002903B
:107920000390009001200190A4F10060C00A029031
:107930000120039001F03AFB00BF06A9684601F060
:10794000ADF90028F9D101F099FA00BF284607B037
:1079500030BD000000F80308785634121B49087F38
:10796000012801D0032816D11949096821F40071B2
:10797000174A116000BF1146096841F400611160A7
:107980001146096821F40061116000BF11460968C1
:1079900041F400711160022801D0032811D100BF09
:1079A0000B49096841F48051094A11601146096880
:1079B00021F48051116000BF1146096841F48061D3
:1079C00011600021014A1177704700006401002016
:1079D0000020024000F0010129B10649496941F047
:1079E0000401044A51610349496941F48031014A63
:1079F000516170470020024070B54FF00064057877
:107A000005F0010575B10B4D6D6AC5F30E0304EB6E
:107A1000C3050D60074DAD6AC5F30E0304EBC30546
:107A2000ED1D1560034E0568B66A06F00046354345
:107A3000056070BD002002400648006AC1B2AA2954
:107A400003D0CC2901D0BB2070470248006AC0B2E5
:107A5000FAE70000002002400249086A20F0FF0017
:107A6000704700000020024050B90C4BDB6A03F065
:107A70007F030B60094BDB6AC3F3064313600BE023
:107A8000012809D1054B1B6B03F07F030B60034BEF
:107A90001B6BC3F3064313607047000000200240D5
:107AA0002DE9F04704460E4617464CF2503000F0E0
:107AB0009DFB8046B8F1000F30D14FF0006504F017
:107AC0000100A0B1701B4FEAD0091648406A6FF35D
:107AD0000E0040EA090013494862781B4FEAD009BA
:107AE0000846806A6FF30E0040EA090088620D487C
:107AF000816A204661F31E000A498862084640698F
:107B000040F4003048614CF2503000F06FFB80468A
:107B10000448406920F40030024948614046BDE80D
:107B2000F08700000020024070B504464CF250304F
:107B300000F05CFB0546B5B90C48006A20F0FF0078
:107B400020430A4908620846406940F40030486111
:107B50004CF2503000F04AFB05460448406920F4DE
:107B6000003002494861284670BD000000200240F4
:107B70002DE9F04104460D46002600274CF2503016
:107B800000F034FB8046B8F1000F7FD104F0010013
:107B900020B105F4E060064347F4E06704F002001A
:107BA00020B105F48050064347F4805704F00400E8
:107BB00020B105F40050064347F4005704F4805008
:107BC00020B105F48040064347F4804704F00800E4
:107BD00020B105F48030064347F4803704F01000EC
:107BE00020B105F40030064347F4003704F02000CC
:107BF00020B105F48020064347F4802704F04000BC
:107C000020B105F40020064347F4002704F4007077
:107C100020B105F40000064347F4000704F4806037
:107C200020B105F08070064347F0807704F40060CF
:107C300020B105F00070064347F0007704F40050CF
:107C400020B105F08060064347F0806704F480406F
:107C500020B105F00060064347F000670D48006A58
:107C6000B84330430B4908620846406940F400308D
:107C700048614CF2503000F0B9FA8046054840693E
:107C800020F40030034900E000E048614046BDE8D0
:107C9000F0810000002002402DE9F04104460D462D
:107CA00016464CF2503000F0A1FA074637BB4CB9EB
:107CB0001448C06A20F07F1045EA06410843114984
:107CC000C8620AE0012C08D10E48006B20F07F103A
:107CD00045EA064108430B4908630A48406940F4F5
:107CE0000030084948614CF2503000F07FFA0746F6
:107CF0000448406920F40030024948613846BDE834
:107D0000F081000000200240094A526922F47E728C
:107D1000C3B242EAC302064B5A611A46526942F0A4
:107D200002025A611A46526942F480325A6170471F
:107D30000020024010B50849496941F00101064C94
:107D40006161026000BF00BF00BFBFF36F8F00BF63
:107D500000BF00BF436010BD00200240F0B50246E6
:107D6000402314460D460C4E766946F480260A4F91
:107D70007E6100BFEFF31086304672B600BF2E68FA
:107D80002660241D2D1D5E1EF3B2002BF7D100BF0F
:107D900080F3108800BFF0BD0020024010B596B0FF
:107DA0001D4C0A2202A9204600F05CF81A23DDE9E6
:107DB0000210594001430FD118490498C871069820
:107DC0000872089848720A98887289790C9860F34A
:107DD0008201124881710CE000201049C8710872BC
:107DE00028204872002088720846807920F004001C
:107DF00088710BA10CA001F075FA08488079C0F3D6
:107E0000800000900548437A027AC179084801F061
:107E100069FA16B010BD000000100308340A0020F3
:107E2000464C4153480000000A5B25735D0000008A
:107E3000CC88010810B5094C18220949204600F0E9
:107E400011F80748001F0079FF2803D1C02104481A
:107E5000FCF7A9FA0BF01EFC10BD00000008030897
:107E600064060020F0B503461C46002006E02568A5
:107E7000666801EBC00760C70834401C9042F6DB1F
:107E8000F0BD000010B52DA001F02CFA3BA001F0D0
:107E900029FA4AA001F026FA0E220D2157A001F07E
:107EA00021FA00F01DF90DF0EBFC0DF0B3F90FF025
:107EB000CFFA00F0D3F8FFF7BDFFFFF76FFFFFF732
:107EC00019FD10225D495E48FCF752FA5C480838FB
:107ED0005C490A680260496841600B385A49096880
:107EE000C0F82310102259492730FCF741FA10221C
:107EF000574953482430FCF73BFA56488079C0F381
:107F0000800020B101204E49133981F8480000203B
:107F1000514908704F48007920F0400040304D49E9
:107F200008710846007920F01000103008710846EA
:107F3000007920F020002030087110BD0A2A2A2A7A
:107F40002A2A2A2A2A2A2A2A2A2A2A2A2A2A2A2A91
:107F50002A2A2A2A2A2A2A2A2A2A2A2A2A2A2A2A81
:107F60002A2A2A2A2A2A2A2A2A2A2A2A2A2A2A2A71
:107F70002A2A2A2A2A2A2A2A2A0A00002A2A2A2AD5
:107F80002A2A2A2A2A2A2A2A2A2A2A2A2A2A2A2A51
:107F90002A2A2A2A2A2A2A2A2A2A2A2A2A2A2A2A41
:107FA0002A2A2A2A2A2A2A2A2A2A2A2A2A2A2A2A31
:107FB0002A2A2A2A2A2A2A2A0A0000002A2A2A2ABF
:107FC0002A2A2A2A2A2A2A2A2A2A20484B543A20AC
:107FD000536F6C656E6F69642056616C76652043E3
:107FE0006F6E74726F6C6C6572202A2A2A2A2A2A94
:107FF0002A2A2A2A2A2A2A2A0A0000002A2A2A2A7F
:108000002A2A2A2A2A2048415244574152455F567B
:1080100045523A20307825303258202C534F465460
:10802000574152455F5645523A20307825303258F4
:10803000202A2A2A2A2A2A2A2A2A0A001401002067
:10804000231400200C01002024010020280100201E
:1080500038010020340A00201D0000201CB50F4C00
:10806000012269462046FFF7FDFE0D49009848822F
:108070000846408AB0F5B46F03DC0846408A012800
:1080800002DA3C200649488206A108A001F02AF93C
:108090000348418A07A001F025F91CBD0000030830
:1080A000340A0020464C4153480000000A5B257307
:1080B0005D0000005265616420466C617368204475
:1080C0006576696365205265706F727420496E74BD
:1080D000657276616C203A2025646D696E0D0A0028
:1080E00030B52DED028B83B0244D01226946284620
:1080F000FFF7B8FE009C1A2C05DDB2EE000A2048FE
:1081000080ED060A22E0192C05D1B0EE0C0A1C48BD
:1081100080ED060A1AE01A2C05D1B1EE060A1848BD
:1081200080ED060A12E00D2C07DA00EE104AB8EED8
:10813000C00A134880ED060A08E0C4F10C0000EE06
:10814000100AB8EEC00A0E4880ED060A0DA10FA075
:1081500001F0C8F80A4890ED060A10EE101A084619
:10816000FCF71DFC41EC180B53EC182B09A001F097
:10817000B9F803B0BDEC028B30BD00000018030855
:10818000340A0020464C4153480000000A5B257326
:108190005D0000005265616420466C617368205484
:1081A000696D65205A6F6E653A20252E3166000094
:1081B00010B53C200B4948820020C8710872282065
:1081C000487200208872F4210748FCF7ECF8002080
:1081D0000549086000F0F2F800F09AF800F04EF857
:1081E00010BD0000340A00206006002070B505466E
:1081F00000F0F4FE064608E0681C30B100F0EEFE28
:10820000801BA84201D3032070BD1948006900F407
:1082100080300028F0D116480069164900EA0104B0
:10822000CCB11548406820431349486000BF04F0B2
:10823000404030B10E48806904F0404108430C4989
:10824000886124F0404018B124F04040084908619A
:1082500000BF0120D8E70648006900F0010020B106
:1082600000BF01200249086100BF0020CCE70000E8
:1082700000200240FAC302006401002030B59BB028
:108280000025214C502106A8FCF78DF81A2100206A
:10829000CDE906101D48C0790021CDE908011B4831
:1082A000007ACDE90A011948407ACDE90C01174856
:1082B000807ACDE90E0115488079C0F38000CDE9C0
:1082C0001001002001900290039004900190012081
:1082D0000290A4F10060C00A03900120049000F015
:1082E00065FE00BF05A901A800F0D8FC0028F9D15F
:1082F0000A2206A9204600F035F8054600F0BEFD2A
:1083000028461BB030BD000000100308340A0020CE
:1083100030B585B00025114C0020009001900290EE
:108320000390009001200190A4F10060C00A029027
:108330000120039000F03AFE00BF04A9684600F057
:10834000ADFC0028F9D118220549204600F00AF8B2
:10835000054600F093FD284605B030BD000803082F
:10836000640600202DE9F05F81460D4692464FF0ED
:10837000000B4E4600241AE005EBC400D0E9007360
:108380003A463146002000F0B1FD8346BBF1000FB4
:1083900008D13168706805EBC4030CCB51405840DC
:1083A000014302D0012000F006B80836641C544591
:1083B000E2DB0020F7E730BCBDE8C09F30B589B0F4
:1083C0000025144C1448408A0021CDE90601002004
:1083D0000190029003900490019001200290A4F17A
:1083E0000060C00A03900120049000F0DFFD00BF90
:1083F00005A901A800F052FC0028F9D1012206A924
:108400002046FFF7AFFF054600F038FD284609B0CB
:1084100030BD000000000308340A002070B52DEDC7
:10842000028B88B000263B4D00243B4890ED060AA5
:1084300010EE101A0846FCF7B2FA41EC180B9FED4B
:10844000370B53EC102BFCF7BDFA01D119243BE09C
:10845000314890ED060A10EE101A0846FCF79FFA14
:1084600041EC180B9FED2F0B53EC102BFCF7AAFAE5
:1084700001D11A2428E0284890ED060AF2EE0A0AF3
:10848000B4EEE00AF1EE10FA07D290ED060ABCEE67
:10849000C00A10EE100AC4B216E01F4890ED060A9A
:1084A000F3EE080AB4EEE00AF1EE10FA0CD290ED09
:1084B000060AF2EE080A30EE600AB1EE400ABCEE9F
:1084C000C00A10EE100AC4B20020CDE906400190A7
:1084D000029003900490019001200290A5F10060A9
:1084E000C00A03900120049000F060FD00BF05A9C0
:1084F00001A800F0D3FB0028F9D1012206A92846E3
:10850000FFF730FF064600F0B9FC304608B0BDEC7E
:10851000028B70BD00180308340A00200000000020
:1085200000000C40000000000000164030B589B08B
:108530000025134C13490020CDE90610019002904C
:1085400003900490019001200290A4F10060C00A01
:1085500003900120049000F029FD00BF05A901A8A7
:1085600000F09CFB0028F9D1012206A92046FFF764
:10857000F9FE054600F082FC284609B030BD000037
:1085800000F803087856341210B5FE488079C0F31D
:108590004000002879D1FB484079C0F3C00060B1A9
:1085A000F848407920F00800F6494871F6A000F03C
:1085B00099FE4FF47A70FC490880F2484079C0F384
:1085C0000010A0B1EF48407920F01000ED4948714B
:1085D000F6A000F087FEFD48007800F0010030B101
:1085E000E848807920F00100401CE6498871E548A0
:1085F0004079C0F3401048B3E248407920F02000B1
:10860000E0494871F2A000F06DFEDE488079C0F3C9
:10861000800058B1DB48807920F00400D949887186
:10862000322140F6B830FEF783FB0FE0D548807961
:1086300020F00400001DD349887132214FF47A7074
:10864000FEF776FB0120E14981F84800CD484079EA
:10865000C0F3801050B3CB48407920F04000C949A6
:108660004871E2A000F03EFEC6488079C0F3800069
:1086700060B1C448807920F00400C2498871322179
:1086800040F6B830FEF754FB10E04BE0BD4880796F
:1086900020F00400001DBB49887132214FF47A702C
:1086A000FEF746FB0120C94981F84800B5484079EA
:1086B000C0F3801048B3B348407920F04000B1497E
:1086C0004871CAA000F00EFEAE488079C0F3800069
:1086D00058B1AC48807920F00400AA498871322151
:1086E00040F6B830FEF724FB0FE0A648807920F072
:1086F0000400001DA349887132214FF47A70FEF7FF
:1087000017FB0120B14981F848009E484079C00913
:1087100040B19C48407920F080009A494871B9A046
:1087200000F0E0FD97484079C0F38000D0B1954853
:10873000407920F0040093494871B9A000F0D2FDBF
:10874000FFF736FD40F6B830974908803221C8203F
:10875000FEF7EEFA4FF4FA700BF09EFD3221C820BE
:10876000FEF7E6FA8748007A00287DD08548007A2F
:1087700081287AD006DC012809D0022832D00328CB
:1087800074D158E0822872D08328F9D1C9E17D489C
:108790008079C0F380104FF090410969C1F3001156
:1087A00088421ED04FF4FA700BF076FD7548807940
:1087B000C0F380104FF090410969C1F30011884265
:1087C0000FD04FF09040006900096E49897960F33D
:1087D00086116C488171807920F00100401C694944
:1087E00088714DE24FF090400069C0F34010654938
:1087F0008979B0EBD11F1DD04FF4FA700BF04CFD0E
:108800004FF090400069C0F340105E498979B0EBA9
:10881000D11F0FD04FF09040006940095949897924
:1088200060F3C71157488171807920F00100401C26
:108830005449887124E253488079C0F380104FF086
:1088400090410969C1F30011884223D04FF4FA70B6
:108850000BF022FD4B488079C0F380104FF090411F
:108860000969C1F3001103E00BE23CE007E2FAE022
:1088700088420FD04FF09040006900094149897942
:1088800060F386113F488171807920F00100401C1F
:108890003C4988714FF090400069C0F3401039495D
:1088A0008979B0EBD11F1DD04FF4FA700BF0F4FCB6
:1088B0004FF090400069C0F3401032498979B0EB25
:1088C000D11F0FD04FF09040006940092D498979A0
:1088D00060F3C7112B488171807920F00100401CA2
:1088E00028498871CCE14FF090400069C0F3001036
:1088F00050490978884207D122488079C0F3801016
:108900004C490978884202D003201E4988734FF0F1
:1089100090400069C0F3001046490978884212D09F
:1089200014200BF0B9FC4FF090400069C0F3001028
:1089300040490978884206D04FF090400069C0F362
:1089400000103C4908700AF0D9F93B49096888428F
:1089500076D90AF0D3F900F57A70374908600948EA
:108960008079C0F380103349097888427AD033483F
:108970000078401CC0B2314908700249497A8842E7
:1089800070DB5EE0340A00200A427574746F6E205A
:1089900050726573732053686F72742048616E64FF
:1089A0006C65720A00000000200000200A42757405
:1089B000746F6E20507265737320446F75626C65BE
:1089C0002048616E646C65720A000000101400207B
:1089D0000A427574746F6E205072657373204C6F09
:1089E0006E672048616E646C65720A000A53656E9A
:1089F0007365204C6F6E672048616E646C65720A07
:108A0000000000000A427574746F6E205072657326
:108A10007320486F6C642048616E646C65720A0054
:108A20000A4465766963652044656661756C740AFD
:108A300000000000320000202C0000203000002048
:108A400010E0904801789048807961F386108E4953
:108A500088710846807920F00100401C8871002050
:108A60008A4908700CE14FF090400069C0F3401053
:108A700087490978884206D18348807984490978F2
:108A8000B1EBD01F02D003207F4988734FF0904094
:108A90000069C0F340107E490978884212D0142042
:108AA0000BF0FAFB4FF090400069C0F3401078499A
:108AB0000978884206D04FF090400069C0F340101A
:108AC000734908700AF01AF972490968884227D96F
:108AD0000AF014F900F57A706E4908606A488079E6
:108AE0006B490978B1EBD01F1AD06B480078401C55
:108AF000C0B2694908706449497A884210DB644809
:108B000001786148807961F3C7105F498871084630
:108B1000807920F00100401C887100205E490870B7
:108B2000AEE04FF090400069C0F30010554909785D
:108B3000884217D154488079C0F380105149097890
:108B400088420FD14FF090400069C0F34010504967
:108B50000978884206D14C4880794D490978B1EBB3
:108B6000D01F02D00320484988734FF0904000691D
:108B7000C0F3001043490978884212D014200BF04A
:108B80008BFB4FF090400069C0F300103D4909781D
:108B9000884206D04FF090400069C0F30010394978
:108BA00008704FF090400069C0F3401038490978D0
:108BB000884212D014200BF06FFB4FF090400069F8
:108BC000C0F3401032490978884206D04FF09040F7
:108BD0000069C0F340102E4908700AF08FF82D4943
:108BE000096888424AD90AF089F800F57A7029495B
:108BF000086025488079C0F38010224909788842AE
:108C00001AD022480078401CC0B2204908701E4982
:108C1000497A884210DB1B4801781B48807961F350
:108C20008610194988710846807920F00100401C9F
:108C30008871002015490870134880791449097813
:108C4000B1EBD01F1AD014480078401CC0B21249B2
:108C500008700D49497A884210DB0D4801780A48AE
:108C6000807961F3C710084988710846807920F03F
:108C70000100401C887100200749087000E000BF17
:108C800000BF10BD32000020340A00203000002058
:108C9000330000202C000020310000202DE9F0419D
:108CA00004460F4600BF3C480078012802D102204C
:108CB000BDE8F08101203849087000BF4CF2503007
:108CC000FFF794FA0646002E5ED1334948603348D8
:108CD000006800F4007090B13048006800F48060D3
:108CE00048B12E48006820F480602C4908600320B9
:108CF0002949087715E001202749087711E027481E
:108D0000006800F4806048B12448006820F4806066
:108D10002249086002202049087702E000201E490D
:108D20000877206801280ED16068FEF753FE4CF2E8
:108D30005030FFF75BFA06461848406920F00400FF
:108D4000164948611EE04FF0FF303860A56813E017
:108D500028466168FEF7D8FF4CF25030FFF746FA1C
:108D600006460E48406940F2FA3188430B49486193
:108D70000EB13D6005E06D1CD4E902010844A84233
:108D8000E6D800BFFEF7EAFD00BF002002490870E8
:108D900000BF30468CE70000640100200020024044
:108DA00010B5044606202060606810B16068012894
:108DB00009D1206840F00100206004F10C02111F6D
:108DC0006068FEF751FEFEF737FE2061FEF744FEB5
:108DD000A061E069012809D1206840F00800206006
:108DE00004F12402111F081FFEF706FE10BD00004B
:108DF00070B50446002500BF1F480078012801D146
:108E0000022070BD01201C49087000BF002048608E
:108E1000207800F0010028B1201D07C8FEF73CFFB4
:108E200000B10125207800F0020020B12069FEF792
:108E30007BFE00B10125207800F0040028B1D4E9C0
:108E40000501FEF795FE00B10125207800F008002D
:108E500050B1D4E90801884206D0D4E90812E0698B
:108E6000FEF71EFE00B1012500BF00200249087078
:108E700000BF2846C5E700006401002003484069A0
:108E800040F0004001494861002070470020024046
:108E900010B50548406940F00060034948614CF254
:108EA0005030FFF7A3F910BD00200240034840698D
:108EB00040F0804001494861002070470020024096
:108EC0000748406900F0804028B106480449C8605E
:108ED0000548C86001E0012070470020FCE7000061
:108EE000002002403B2A19087F6E5D4C2DE9F047B7
:108EF0000446884615461E464FF0000900BF294823
:108F00000078012802D10220BDE8F0870120254920
:108F1000087000BF4CF25030FFF768F90746002F89
:108F200038D1204948602048006800F4806048B18A
:108F30001D48006820F480601B4908600220194920
:108F4000087702E00020174908773CB92A463346E3
:108F50004046FEF7EFFE4FF001090BE0012C01D077
:108F6000022C07D129464046FEF7F8FE022C01D11B
:108F70004FF480294CF25030FFF738F90746B9F129
:108F8000000F05D00848406920EA090006494861F9
:108F9000FEF7E4FC00BF00200249087000BF38461D
:108FA000B2E70000640100200020024000200849D0
:108FB000496901F0004151B10649054A91600649ED
:108FC00091601146496901F0004101B101207047EB
:108FD0000020024023016745AB89EFCD01480068BE
:108FE00070470000580100200348006803490978D1
:108FF00008440149086070475801002060010020C2
:1090000000BFFEE710B58EB01C2107A8FBF7CBF917
:10901000182101A8FBF7C7F94FF44020344A02EBAE
:1090200010610A68040C0323A3409A43C3B2040CE2
:10903000A3401A430A6000BF022000F019FA4FF45F
:1090400000102B498839896D0143294A883A916576
:109050001146896D0140009100BF00BFC020019002
:10906000022002900320039001200490002005902C
:109070000420069001A91F4800F080FB00BF1E4895
:10908000406840F000701C49486000BF00BF0846BF
:10909000C06820F40040C86000BF00BF08460068F8
:1090A00020F40020086000BF00BF0846006820F4DC
:1090B0000030086000BF0020079010480890002092
:1090C00009900A900B900C900D9007A90A4800F0A7
:1090D00052FC00210846084AD26840F2FE739A43C7
:1090E00041EA00031A43044BDA6000BF0EB010BD22
:1090F0008810024000040048005400405B3D3000EE
:109100002DE9FC4104460E4615461F46DDF8208039
:1091100000BF224800F073FC0028FAD11F4800F07D
:1091200087FC10B91D4800F001FC1D480021CDE965
:10913000001061002B460022184800F0FCFB00BF25
:10914000164800F06BFC0028FAD02946304600F0A3
:1091500093F800BF00BF11488069C0F38010002859
:10916000F8D010484FF00071CDE90010012000EB5D
:10917000440143460022094800F0DDFB41463846E1
:1091800000F062F800BF054800F043FC0028FAD068
:10919000024800F0C6FBBDE8FC810000005400401E
:1091A00000200080002400802DE9FC4104460E468A
:1091B00015461F46DDF8208000BF214800F01FFC47
:1091C0000028FAD11E4800F033FC10B91C4800F00A
:1091D000ADFB1C48C102CDE9001061002B46002206
:1091E000174800F0A8FB00BF154800F017FC002846
:1091F000FAD02946304600F03FF800BF00BF1048C3
:109200008069C0F3C0100028F8D000204FF0007132
:10921000CDE90010610043460246094800F08BFB8F
:109220004146384600F048F800BF054800F0F1FB21
:109230000028FAD0024800F074FBBDE8FC81000071
:10924000005400400020008070B505460E46002402
:109250000CE000BF074800F0D7FB0028FAD000BFA1
:109260000448406AC0B22855601CC4B2B442F0DB66
:1092700070BD0000005400402DE9F04104460D4649
:10928000E6B2C4F30727012D04D13146094800F0A6
:10929000D4FB0DE03946074800F0CFFB00BF05487E
:1092A00000F0C1FB0028FAD03146024800F0C5FBAF
:1092B000BDE8F0810054004070B505460E4600241C
:1092C0000BE000BF064800F0AEFB0028FAD0295D95
:1092D000034800F0B2FB601CC4B2B442F1DB70BDC5
:1092E000005400400FB438B5049818B10498FBF747
:1092F00077F810B938BC5DF814FB05A80090074852
:10930000009A049903F02AF9054600200090034CC6
:10931000A9B2204600F004F800BFEBE716110020C8
:109320002DE9F04104460D46002627460CE0304664
:10933000721C96B2395C064801F044FA00BF04483A
:1093400001F036FA0028FAD0AE42F0DBBDE8F08139
:109350000048004000B58BB000BF4CF6CC402C4913
:10936000086000BF00BF45F25550086000BF0620EE
:10937000486000BF4FF6FF70C0F30B01244A9160B4
:1093800000BF00BF00BF2248C06800F0070008B956
:10939000012000E000200128F4D100BF4AF6AA20F5
:1093A0001B49086000BF1B48806840F400601949F1
:1093B00088600846806840F48050886001A8FFF704
:1093C000EFFC079800F4403000B30420019018200F
:1093D0000690079820F440300790FFF7E7FD00BFA4
:1093E0004FF400400C49086100BFFFF769FD01A878
:1093F000FFF7FEFC08B103F063F9FFF749FD08B180
:1094000003F05EF9FFF752FDFFF738FD0BB000BD2A
:1094100000300040002004E00020024008B505496B
:10942000C96C0143034AD1641146C96C01400091E3
:1094300000BF08BD0010024008B50549C96C0143D2
:10944000034AD1641146C96C0140009100BF08BDB8
:109450000010024008B50549C96C0143034AD164B4
:109460001146C96C0140009100BF08BD00100240C8
:1094700008B50549C96C0143034AD1641146C96C5A
:109480000140009100BF08BD0010024008B5054929
:10949000896D0143034A91651146896D0140009130
:1094A00000BF08BD001002400249896B0143014A18
:1094B00091637047001002400249896B0143014AE1
:1094C00091637047001002400249896B0143014AD1
:1094D00091637047001002400249896B8143014A41
:1094E00091637047001002400249896B8143014A31
:1094F00091637047001002400249896B8143014A21
:1095000091637047001002400249096C0143014A0F
:1095100011647047001002400249096C8143014AFE
:109520001164704700100240014908607047000054
:1095300014040140024909688143014A11607047DF
:1095400004040140024909688143014A11607047DF
:1095500024040140024909688143014A11607047AF
:1095600000040140024909688143014A11607047C3
:1095700020040140024909680143014A1160704713
:1095800004040140024909680143014A116070471F
:1095900024040140024909680143014A11607047EF
:1095A0000C040140024909680143014A11607047F7
:1095B0002C040140024909680143014A11607047C7
:1095C00000040140024909680143014A11607047E3
:1095D00020040140024909680143014A11607047B3
:1095E00008040140024909680143014A11607047BB
:1095F0002804014070B504460025207A00287BD05D
:10960000206800284BD0607A20B1012809D00228B8
:1096100015D10DE02068FFF78DFF2068FFF7CAFF26
:109620000FE02068FFF796FF2068FFF7A3FF08E030
:109630002068FFF7BFFF2068FFF79CFF01E00125CE
:1096400000BF00BFA07A50B3A07A012804D002283E
:109650000DD003281FD117E02068414909688143D4
:109660003F4A116000BF2068FFF7B4FF16E0206892
:109670003B49091F09688143394A121F116000BF25
:109680002068FFF787FF09E02068FFF7A3FF206845
:10969000FFF780FF02E045F0020500BF00BF6068F1
:1096A00000285AD0607A20B1012809D0022815D1AB
:1096B0000DE06068FFF746FF6068FFF783FF10E08A
:1096C0006068FFF74FFF6068FFF75CFF09E06068C4
:1096D000FFF778FF6068FFF755FF02E045F00405EB
:1096E00000BF00BFA07A58B3A07A012805D0022895
:1096F00010D0032822D11AE023E0606818492031F5
:1097000009688143164A2032116000BF6068FFF784
:1097100069FF15E0606812491C3109688143104AED
:109720001C32116000BF6068FFF73CFF08E0606812
:10973000FFF758FF6068FFF735FF01E0012500BF24
:109740000BE02068FFF706FF2068FFF7F3FE606874
:10975000FFF708FF6068FFF7F5FE284670BD0000C0
:109760000C0401400146044800680840884201D1C9
:10977000012070470020FCE714040140F0B50246C8
:109780000B46186890FAA0F0B0FA80F487E0012048
:10979000A0401D6805EA000100297FD05868012813
:1097A00002D0586802281DD19868956891FAA1F6F0
:1097B000B6FA86F677000326BE40B54391FAA1F6C5
:1097C000B6FA86F6760000FA06F63543956000BFD5
:1097D000DD6818685668864300FB05F73E4356600F
:1097E00000BF00BF1869D56891FAA1F6B6FA86F6EF
:1097F00077000326BE40B54391FAA1F6B6FA86F685
:10980000760000FA06F63543D56000BF5868022896
:109810002DD1FF2914D85869156A91FAA1F6B6FA24
:1098200086F6B7000F26BE40B54391FAA1F6B6FA08
:1098300086F6B60000FA06F63543156200BF16E05C
:109840005869556A0E0A96FAA6F6B6FA86F6B70071
:109850000F26BE40B5430E0A96FAA6F6B6FA86F66D
:10986000B60000FA06F63543556200BF00BF5868DF
:10987000156891FAA1F6B6FA86F677000326BE407F
:10988000B54391FAA1F6B6FA86F6760000FA06F626
:109890003543156000BF00E000E000BF641C18689D
:1098A000E04000287FF473AFF0BD816270478162B1
:1098B0007047816270478162704781627047816141
:1098C0007047816170478161704781617047816134
:1098D000704730B5036891FAA1F4B4FA84F46500D6
:1098E0000324AC40A34391FAA1F4B4FA84F46400D5
:1098F00002FA04F42343036030BD30B5C36891FA23
:10990000A1F4B4FA84F465000324AC40A34391FAB3
:10991000A1F4B4FA84F4640002FA04F42343C360AB
:1099200030BDC16941F02001C1617047016841F05B
:10993000010101607047F0B5DDE9055446684FF458
:10994000806707EA545740F6FF3C47EA0C0747F4A4
:10995000C04747F0807747F47F0747F0007747F428
:109960008057BE4341EA020747EA03472F43274394
:109970003E434660F0BD30B5024600BF106820F09F
:109980000100106000BFD1E90203146824F4F85408
:1099900040EA03252C43146000BF4868106100BFF3
:1099A00000BF106840F00100106000BF00BF906869
:1099B00020F40040906000BF8B69086994686FF3E1
:1099C0000A0440EA03052C43946000BF086930B1E3
:1099D00000BF906840F40040906000BF00BF08687E
:1099E000136823F440130343136000BF48695368AE
:1099F00023F400430343536000BF002030BD014601
:109A00008869C0F3C030704701468869C0F38000A0
:109A1000704701468869C0F3401070470146886965
:109A200000F00100704701468869C0F340007047AC
:109A30000146086800F001007047816270474FF4EA
:109A40007A71B0FBF1F2521E4FF0E0235A6100220E
:109A50009A6105221A6100BF7047416841F0020116
:109A6000416070472DE9F05F04460D464FF0010B51
:109A700000BF206800F00100002838D1E96868685C
:109A800008432969084321681A4A114008432060A5
:109A9000A868616821F440510143616000BF6869B2
:109AA000A16821F440710143A16000BF4FF4406000
:109AB00000F028F88146B9F1000F18D02868B0B13D
:109AC0004FF0000BCA462E687EB14FF48070AAFB9F
:109AD000003071085F1840F100013246002338461B
:109AE000FAF772FB04490840E06000BF00BF584627
:109AF00000F004B8F3E9FFEFFFFF0F0030BCBDE852
:109B0000C09F00002DE9F0410446002500BF164823
:109B100000682040C0B1B0F5806F06D0B0F5006F8E
:109B200007D0B0F5406F19D108E001F083FD05467C
:109B300015E000F0B5F800B10C4D10E000F0B8F8F9
:109B400008B14FF400450AE001F074FD074601F04A
:109B50003DFD064601F04AFD054600E000BF00BF9E
:109B60002846BDE8F0810000881002400024F4007F
:109B70002DE9F04104460025032C29D1204600F0B0
:109B800085F8B0F5403F17D06FF44031084420B15C
:109B9000012806D0022819D108E001F04BFD054646
:109BA00015E000F07DF800B1374D10E000F080F8CE
:109BB00008B14FF400450AE001F03CFD074601F012
:109BC00005FD064601F024FD054600E000BF57E014
:109BD0000C2C29D1204600F059F8B0F5402F17D0B1
:109BE000A0F54020001F20B1042806D0082819D174
:109BF00008E001F01FFD054615E000F051F800B146
:109C0000214D10E000F054F808B14FF400450AE08F
:109C100001F010FD074601F0D9FC064601F0E6FC14
:109C2000054600E000BF2BE0302C29D1204600F093
:109C30002DF8B0F5401F17D0A0F54010103820B116
:109C4000102806D0202819D108E001F0F3FC0546C1
:109C500015E000F025F800B10B4D10E000F028F8F9
:109C600008B14FF400450AE001F0E4FC074601F0BA
:109C7000ADFC064601F0BAFC054600E000BF00BF9F
:109C80002846BDE8F08100000024F40001460348A6
:109C90000068084040EA0140704700008810024018
:109CA00002480068C0F380207047000000100240A6
:109CB00002480068C0F34000704700009010024066
:109CC0000248006800F0F0007047000000100240F9
:109CD0000248006800F47060704700009410024071
:109CE00002480068C0F3C000704700000010024046
:109CF0000248C06800F07000704700000010024089
:109D00000248C06800F003007047000000100240E5
:109D10000248C068C0F306207047000000100240EF
:109D20000549096821EA104182B21143024A883A82
:109D3000C2F888107047000088100240F0B5059CFA
:109D4000002502F0F006360402F00F0746EA074647
:109D50000E4303F0F0073F0203F00F0C47EA0C2715
:109D60003E4304F0F00704F00F0C47EA0C0746EA04
:109D70000705C669024F3E402E43C661F0BD000094
:109D8000808080FF816821F48071816070472DE9B7
:109D9000F84305460E4614465EB9284600F080F9A1
:109DA00000B102E00020206000BFE06800B90CE0D4
:109DB0000BE0284600F074F900B102E000202060BA
:109DC00000BFE06800B900E000BF284600F039F9A4
:109DD000E068E8B900BFE86920F08040E86100BFB2
:109DE00026B1217C284600F069F820E0207C0A2179
:109DF000B0FBF1F201FB1200217C0A22B1FBF2F16F
:109E000040EA0110C7B23946284600F057F80EE084
:109E100000BFE86940F08040E86100BF207CE9694C
:109E200021F0706141EA0061E96100BF00BF46B105
:109E3000A07900906379227928462168FFF77EFF98
:109E40002FE0A0790A21B0FBF1F201FB1200A17909
:109E50000A22B1FBF2F140EA0110C7B26079114663
:109E6000B0FBF1F201FB120061790A22B1FBF2F1C1
:109E700040EA011000F0FF0820791146B0FBF1F232
:109E800001FB120021790A22B1FBF2F140EA011034
:109E900000F0FF09009743464A4628462168FFF72D
:109EA0004DFFA068E96901F07F310143E96100BF1E
:109EB000284600F0CBF80020BDE8F88301F0F0025E
:109EC000120601F00F0342EA0362C36923F07C53D8
:109ED0001A43C2617047C16801F0800161F4C0712A
:109EE000C1607047F0B5059C002504F0F00636040B
:109EF00004F00F0746EA074646EA413603F0F0074A
:109F00003F0203F00F0C47EA0C273E4302F0F00734
:109F100002F00F0C47EA0C0746EA07054668024FB5
:109F20003E402E434660F0BDC00000FF0146486839
:109F300000F03F00704701464868C0F304207047B6
:109F400001464868C0F34230704701464868C0F394
:109F5000074070472DE9F84F06460D461446012785
:109F60004DB9607800F01000102804D1607820F01E
:109F700010000A30607005B900E000BF304600F004
:109F800060F8304600F065F8012848D045B1E07827
:109F900000906378A27821783046FFF7A3FF31E084
:109FA000E0780A21B0FBF1F201FB1200E1780A220D
:109FB000B1FBF2F140EA011000F0FF0860781146B1
:109FC000B0FBF1F201FB120061780A22B1FBF2F161
:109FD00040EA011000F0FF09A0781146B0FBF1F251
:109FE00001FB1200A1780A22B1FBF2F140EA011054
:109FF00000F0FF0ACDF8008021784B4652463046EB
:10A00000FFF770FF304600F013F8304600F057F8C5
:10A0100020B9304600F0EFF8074600E00027304650
:10A0200000F014F8384600F000B818BCBDE8E08F26
:10A030006FF08001C1607047CA21416253214162C3
:10A040007047CA214162532141627047FF2141623A
:10A050007047F8B505464FF47A7000900026284600
:10A0600000F023F8D0B900BF701EE86000BF28469A
:10A0700000F01BF804460DE000F09AF9012802D127
:10A080000098401E0090284600F00FF80446009803
:10A0900000B90126009808B1012CEDD13046F8BD79
:10A0A0000146886800F0400070470146C868C0F368
:10A0B000801070470146C868C0F3401070470146E1
:10A0C0008868C0F340107047F0B5059C002502F089
:10A0D000F006360402F00F0746EA07460E4303F087
:10A0E000F0073F0203F00F0C47EA0C273E4304F051
:10A0F000F00704F00F0C47EA0C0746EA070506686C
:10A10000024F3E402E430660F0BD0000808080FF7D
:10A110002DE9F84F06460D461446012745B930464D
:10A12000FFF7BEFF00B102E00020206000BF08E0A2
:10A130003046FFF7B5FF00B102E00020206000BF0D
:10A1400000BF3046FFF77DFF3046FFF782FF012852
:10A1500048D045B1A07900906379227930462168D2
:10A16000FFF7B2FF31E0A0790A21B0FBF1F201FB69
:10A170001200A1790A22B1FBF2F140EA011000F0CD
:10A18000FF0860791146B0FBF1F201FB1200617922
:10A190000A22B1FBF2F140EA011000F0FF09207938
:10A1A0001146B0FBF1F201FB120021790A22B1FB4A
:10A1B000F2F140EA011000F0FF0ACDF800804B46B2
:10A1C000524630462168FFF77FFF3046FFF730FFE9
:10A1D0003046FFF774FF20B9304600F00CF8074610
:10A1E00000E000273046FFF731FF384600F000B8A6
:10A1F00018BCBDE8E08FF8B504464FF47A700090C3
:10A20000002500BFE06800F0800060F0A000E06082
:10A2100000BF2046FFF74EFF06460DE000F0C8F8ED
:10A22000012802D10098401E00902046FFF742FF0F
:10A230000646009800B90125009808B1002EEDD11E
:10A24000012D19D04FF47A7000902046FFF732FFAD
:10A2500006460DE000F0ACF8012802D10098401E3F
:10A2600000902046FFF726FF0646009800B901251A
:10A27000009808B1012EEDD12846F8BD70B504460E
:10A280000125134884420DD180141249096C014301
:10A29000104A116400BF00BF1146096C814311646C
:10A2A00000BF00250C48844206D10014FFF7FCF8DB
:10A2B0002014FFF711F900250848844206D1C01385
:10A2C000FFF7F2F8E013FFF707F90025284670BD05
:10A2D000003001400010024000380040003C0040C7
:10A2E00030B50246012300BF1068C0F38010A0BB48
:10A2F000D1E900042043CC6820430C6920434C6919
:10A3000020438C692043CC6920430C6A20431468A5
:10A310004FF6BF75AC43204310604C69886840EA33
:10A320001440546840F60475AC432043506088687C
:10A33000B0F5006F07D21803546824F48054044326
:10A34000546000BF00BF086AB0F5005F04D1486ADE
:10A3500084B2146100BF00BF0023184630BD01461F
:10A360008868C0F3C01070470146886800F001009B
:10A37000704701468868C0F34000704700F10C0246
:10A380001170704710B5094ACBB252F8232022EA67
:10A3900011420B0C93FAA3F3B3FA83F300FA03F31D
:10A3A0001A43024BCCB243F8242010BD08000140F0
:10A3B0004FF0E0200069C0F3004070470149086099
:10A3C000704700000401002070B5044600252148B4
:10A3D000844206D1C014FFF797F8E014FFF79CF809
:10A3E00036E0B4F1804F06D10120FFF765F8012077
:10A3F000FFF77AF82CE01848844206D11020FFF7C6
:10A400005BF81020FFF770F822E01448844206D170
:10A410002020FFF751F82020FFF766F818E01048D9
:10A42000844208D14FF48030FFF76EF84FF480304B
:10A43000FFF772F80CE00B48844208D14FF400306B
:10A44000FFF762F84FF40030FFF766F800E00125EF
:10A45000284670BD002C0140001000400014004050
:10A460000040014000440140016841F0800101606A
:10A470007047016841F001010160704710B5024664
:10A4800013681C48824202D0B2F1804F04D123F0FD
:10A4900070004C6840EA04031648824208D0B2F1CA
:10A4A000804F05D01448824202D01448824204D121
:10A4B00023F44070CC6840EA040313608868D062DB
:10A4C00000BF0888906200BF0A48824205D00A484F
:10A4D000824202D00948824203D10869106300BF5A
:10A4E00000BF00BF506940F00100506100BF002074
:10A4F00010BD0000002C014000400140004401401C
:10A5000070B50246012901D1002420E0042901D1BF
:10A5100001241CE0102901D1022418E0402901D1B6
:10A52000032414E0B1F5807F01D104240FE0B1F5DC
:10A53000806F01D105240AE0B1F5805F01D10624C6
:10A5400005E0B1F5803F01D1072400E0082423464F
:10A55000064CE55C02F1180428190468044DEE5C11
:10A560000425B5402C43046070BD00002F7801081D
:10A57000387801082DE9F04106460C4615460127BA
:10A58000B4F5805F21D007DC012C0CD0102C10D04A
:10A59000B4F5807F2BD112E0B4F5803F1BD0B4F529
:10A5A000801F24D11DE02946304600F001FE0746F9
:10A5B0001EE02946304600F043FE074618E02946D3
:10A5C000304600F08BFE074612E02946304600F088
:10A5D000CDFE07460CE02946304600F0FFFE074658
:10A5E00006E02946304600F031FF074600E000BF94
:10A5F00000BF3846BDE8F0818163704701210162E8
:10A600007047416821F490414160816821F02A013E
:10A610008160704770B504460025164884420ED10B
:10A620004FF480401449096C0143134A116400BF80
:10A6300000BF1146096C8143116400BF18E00F4848
:10A64000844208D14FF40030FEF73EFF4FF4003053
:10A65000FEF752FF0CE00A48844208D14FF48020F4
:10A66000FEF732FF4FF48020FEF746FF00E00125A1
:10A67000284670BD003801400010024000440040F0
:10A6800000480040016841F001010160704700BFCF
:10A6900000BF50E8002F42F4807140E80012002A09
:10A6A000F7D100BF704700BF00BF50E8002F42F055
:10A6B000200140E80012002AF7D100BF70470000D7
:10A6C0002DE9F04104460D4601270026204600F002
:10A6D00074F8002857D1E968686808432969084375
:10A6E000A96908432168294A114008432060A868E5
:10A6F000616821F440510143616000BF6869A1684D
:10A7000021F440710143A16000BF2148844204D17B
:10A710000320FFF72DFA06460EE01E48844204D1BE
:10A720000C20FFF725FA064606E01B48844203D1B9
:10A730003020FFF71DFA06462EB3286818B300270D
:10A740003146AB692868B3F5004F12D14FEA410892
:10A7500008EB5008B8FBF0F81FFA88F24FF6F078D3
:10A7600002EA080CC2F342084CEA080CC4F80CC018
:10A7700007E001EB5008B8FBF0F81FFA88F8C4F8BE
:10A780000C8000BF00BF3846BDE8F081F369FFEFE1
:10A790000038014000440040004800400146C869BC
:10A7A00000F0010070470146C869C0F340107047CF
:10A7B0000146C869C0F3801070470146086800F080
:10A7C000010070470185704710B500BF0A48006856
:10A7D000C0F3400070B10848FFF73FF907484079DF
:10A7E000C0F3400030B10548007920F0800080308F
:10A7F0000249087110BD0000007C0040340A0020AE
:10A8000000BF2148C069C0F3401020B300BF1E49FB
:10A81000898CC9B208461D49B1F80612FE290FDA23
:10A820001A49B1F80622B1F80612491C174BA3F8D1
:10A83000061203F58371885432211A46A2F80812D1
:10A840001349897B052902DA0521114A91733221C6
:10A85000104A118000BF00BF0B48C06900F0010022
:10A8600028B100BF01200849086200BF00BF00BF37
:10A870000548C069C0F3C00028B100BF08200249E4
:10A88000086200BF00BF7047008000400C0F00202E
:10A89000340A00202000002010B521488079C0F340
:10A8A000C00020B902211F48FFF701F823E01E482D
:10A8B000007800F00100D0B91C480088401C1B49FA
:10A8C0000880084600884FF4FA7190FBF1F201FB12
:10A8D000120080B90220134A516920EA010201EAFC
:10A8E000000342EA03420F4B9A6100BF03E00221DA
:10A8F0000C48FEF7E6FF0E48008878B101210948B0
:10A90000FEF7D5FF0A480088401E0949088008461E
:10A91000008818B901210348FEF7D3FF10BD0000DD
:10A92000340A0020000400481014002022000020F7
:10A930002000002030B593B0A0A207CA10AB07C317
:10A94000A1A103C9CDE90E0101200BF0E3FA01201A
:10A950000BF0CEFA0BF046F8142000F071FBFBF779
:10A96000FFFAFBF74FF8FBF7C5FA99490846D0F80C
:10A970000700C1F823001022964995481330F9F7D3
:10A98000F7FC93480B3094490A68026049684160BB
:10A990000B3892490968C0F82310102290492730DB
:10A9A000F9F7E6FC10228F4989483730F9F7E0FCC7
:10A9B000FBF7D0FCFBF71CFBFBF780FB8A4A03216B
:10A9C0000120FBF757FC89490020FBF711FD00200F
:10A9D000FBF7EAFB0A20FBF7DBFC03210120FBF776
:10A9E00011FCFBF787FCFBF7E7FA142000F028FBCB
:10A9F000FAF76EFDFAF7CCFCFAF778FFFAF710FEDB
:10AA0000FBF716F9FAF7FCFEFBF7C8F9FBF798F825
:10AA1000FBF7D4F8FBF7FCF9FAF72CFFFAF7B6FED0
:10AA2000FBF7CAFA142000F00BFB00200BF072FABF
:10AA30006FA20A2110A801F049FD63A205210EA80A
:10AA400001F044FD6CA0FEF74DFC00F027FB04462E
:10AA500075A0C17974A08079303800EB800001EBDB
:10AA60004000A0F1300170A002796FA0C0783038AA
:10AA700000EB800002EB4000A0F130026AA04378B6
:10AA800069A00078303800EB800003EB4000A0F1B3
:10AA9000300368A04579303D66A00079202801D1B7
:10AAA000002002E063A00079303800EB800005EB65
:10AAB0004000CDE90532079104905EA0017A5DA0C7
:10AAC000C079303800EB800001EB4000303800EBFB
:10AAD000800158A0407A303800EB410000EB800143
:10AAE00054A0807A303800EB410055A10EAA10AB7B
:10AAF000CDE90204CDE900210E220D2151A0FEF77F
:10AB0000F1FB3348807A32494A7A097A304BDB7953
:10AB1000CDE90131CDE903202D48807900902C4802
:10AB200043790279C17855A0FEF7DCFB284890F8FC
:10AB3000222090F8211090F82000254BDB7FCDE9F2
:10AB40000930CDE90B122248827F407F2049097FDE
:10AB50001F4BDB7ECDE90531CDE907021C48827E23
:10AB6000407E1B49097E1A4BDB7DCDE90131CDE9E1
:10AB700003021748807D00901548437D027DC17C0B
:10AB80004948FEF7AFFB1248807C1149497C104AC6
:10AB9000127C0F4BDB7BCDE90132CDE903100C4871
:10ABA000807B00900A48437B027BC17A3FA0FEF77E
:10ABB00099FB11A0FEF796FB13B030BD415339321B
:10ABC000335F4153320000004F5441410000000008
:10ABD00010140020140100200C010020240100208A
:10ABE0002801002038010020A027BE3308E6D33317
:10ABF00045553836380000000D0A2A2A2A2A2A2A02
:10AC00002A2A2A2A2A2A2A2A2A2A2A2A2A2A2A2AA4
:10AC10002A2A2A2A2A2A2A2A2A2A2A2A2A2A2A2A94
:10AC20002A2A0D0A0000000032313A33323A333911
:10AC3000000000005365702020382032303236008A
:10AC4000410000000D0A536F66745665723A56252E
:10AC5000642E25645F25735F25735F436C61737396
:10AC600025735F4C49525F25642E25642E25645F51
:10AC700025643A25643A25640D0A00000D0A4465EE
:10AC8000764575693A25303278253032782530326C
:10AC900078253032782530327825303278253032B8
:10ACA00078253032780D0A00988A01080D0A417023
:10ACB000704575693A253032782530327825303242
:10ACC0007825303278253032782530327825303288
:10ACD00078253032780D0A0010B508F00FF8974942
:10ACE0000968884200D210BD08F008F800F5FA7033
:10ACF00092490860924890F84800052877D2DFE82A
:10AD000000F0031A3977BD008E4800688E49096843
:10AD100088420FD88A4890F8480058B9884890F877
:10AD20004700022806D10120854981F84800962075
:10AD300086498873FFE08248007820F0010080494E
:10AD4000087001200BF0E6F801200BF0D1F80AF0B2
:10AD500049FE142000F074F900200BF0C9F86420BB
:10AD600000F06EF900207A4908800220744981F8C9
:10AD70004800E0E007F016FF90B107F05BFF78B104
:10AD800003206F4981F848007248007800282DD0D0
:10AD900071A172A0FEF7A6FA72A0FEF7A3FA25E051
:10ADA0006B480088401C6A4908807CA16BA0FEF7B4
:10ADB00099FA674801887AA0FEF794FA64480088F7
:10ADC000F02813DB0020624908807DA163A0FEF714
:10ADD00089FA7DA0FEF786FA0220594981F84700DA
:10ADE000042081F84800052058498873A3E0A1E0B9
:10ADF0005848007888B10020564908704FF47A709E
:10AE000000F01EF954A155A0FEF76CFA76A0FEF7EB
:10AE100069FA4FF4FA7000F013F91E214FF4FA703A
:10AE2000FBF786FF4FF4FA7000F00AF91E214FF489
:10AE3000FA70FBF77DFFC82000F002F91E214FF4E5
:10AE40007A70FBF775FF3E48007820F00100401C47
:10AE50003B4908700020704908703D490880384916
:10AE600081F8480081F84700052038498873084672
:10AE7000807920F00100401C88715CE00520334996
:10AE8000887300202E4981F84800022081F847008D
:10AE90002C4800682C490968884247D85E480078E9
:10AEA000401C5D49087008460078052801DD052032
:10AEB000087059480078062827D2DFE800F02603FA
:10AEC0000A11181F2048006800F5E1601D4908605C
:10AED00022E01D48006800F561601A4908601BE027
:10AEE0001948006800F5E1501649086014E016485A
:10AEF000006800F5E140134908600DE01248006861
:10AF0000464908440F49086006E00F480068434975
:10AF100008440C49086000BF00BF20A10FA0FEF745
:10AF2000E1F9084801683EA0FEF7DCF900200AF0CC
:10AF3000F1FF00E000BF00BF00BFD4E650010020D9
:10AF4000101400204C01002044000020340A00208E
:10AF5000540100201D00002041434B000A5B257373
:10AF60005D000000666163746F72794D6F646520E7
:10AF700053564320436F6E74726F6C6C657220532E
:10AF80007465703A4C6F52612052656769737465DD
:10AF90007220537563636573730000004C4F470064
:10AFA0004C6F526157414E205761697420456E7451
:10AFB000657220496E204E657420256400000000F3
:10AFC0005741524E000000004C6F526157414E20D5
:10AFD000456E74657220496E204E65742054696D0B
:10AFE000656F757421000000666163746F72794D3E
:10AFF0006F646520416972204D6F6E69746F72696C
:10B000006E672053656E736F7220537465703A4695
:10B01000696E6973680000004801002080510100DA
:10B02000557064617465205265636F6E6E656374FC
:10B030002054696D657374616D703A20256C6400ED
:10B0400010B50446A0B209F027F910BD70B504464A
:10B050002046F9F7C5F985B22946204600F002F8E6
:10B0600070BD00002DE9F04104460D46002627463C
:10B070000CE03046721C96B2395C0748FFF7A2FB21
:10B0800000BF0548FFF794FB0028FAD0AE42F0DB82
:10B09000FAF738F8BDE8F081003801401FA189783F
:10B0A00070292ED00CDC672929D004DC622918D045
:10B0B00063292ED12BE06C291FD06E2929D108E0FD
:10B0C000722910D074291ED076291ED0792920D15A
:10B0D00011E012A14978612901D1012000E0062088
:10B0E00019E0022017E00DA14978612901D1032060
:10B0F00000E004200FE005200DE007200BE0082011
:10B1000009E0092007E00A2005E00B2003E00C20FD
:10B1100001E0002000BF00BF7047000053657020B1
:10B12000203820323032360000BFFEE700BFFEE795
:10B13000F0B503460C4603F00701C1F107000428EF
:10B1400001D9042001E0C1F107000646081D0728C7
:10B1500001D2002000E0C81E05460120B040401E7C
:10B160002040A8400127AF407F1E17403843F0BD64
:10B17000F0B503460C4603F00701C1F107000428AF
:10B1800001D9042001E0C1F107000646081D072887
:10B1900001D2002000E0C81E05460120B040401E3C
:10B1A0002040A8400127AF407F1E17403843F0BD24
:10B1B00070B50246106A20F001001062136A5568EB
:10B1C000946924F003041A4E04EA06000E6840EA6B
:10B1D000060423F002000E6940EA060323F0010092
:10B1E0004E6840EA06031348824205D01248824264
:10B1F00002D01248824213D123F008004E6940EA7F
:10B20000860323F004008E6840EA860325F48070EC
:10B210008E6940EA060525F40070CE6940EA4605CD
:10B2200055609461C868506300BF1362002070BD10
:10B230008FFFFEFF002C0140004001400044014010
:10B240002DE9F04104460D46206A20F010002062EE
:10B25000266AD4F80480A76927F440771B48384051
:10B26000296840EA012726F02000296940EA0116F2
:10B2700026F01000696840EA01161548844205D09E
:10B280001448844202D01448844213D126F080002E
:10B29000696940EA811626F04000A96840EA8116F3
:10B2A00028F48060A96940EA810828F40060E9690F
:10B2B00040EAC108C4F80480A7612046E968FFF7A6
:10B2C0009BF926620020BDE8F0810000FF8FFFFEA1
:10B2D000002C0140004001400044014070B502468E
:10B2E000106A20F480701062136A5568D46924F0E3
:10B2F00003041A4E04EA06000E6840EA060423F42A
:10B3000000700E6940EA062323F480704E6840EA1C
:10B3100006231348824205D01248824202D01248C6
:10B32000824213D123F400604E6940EA862323F45D
:10B3300080608E6840EA862325F480508E6940EA5A
:10B34000061525F40050CE6940EA46155560D461D3
:10B35000C868D06300BF1362002070BD8FFFFEFF7E
:10B36000002C0140004001400044014070B50246FD
:10B37000106A20F480501062146A5568D36923F46F
:10B380004073124818400E6840EA062324F4005027
:10B390000E6940EA063424F480504E6840EA0634D0
:10B3A0000B48824205D00B48824202D00A488242B2
:10B3B00004D125F480408E6940EA86155560D3613A
:10B3C000C868106400BF1462002070BDFF8FFFFECC
:10B3D000002C0140004001400044014030B50246CD
:10B3E000106A20F480301062136A546D134D04EA21
:10B3F00005000D6840EA050423F400300D8A40EA98
:10B40000054323F480308D8840EA05430C4882428E
:10B4100005D00C48824202D00B48824206D15068C7
:10B4200020F480308D6940EA052050605465C8687A
:10B43000956D906500BF1362002030BD8FFFFEFF49
:10B44000002C0140004001400044014030B502465C
:10B45000106A20F480101062136A546D1248204064
:10B460000D6840EA052423F400100D8A40EA0553D4
:10B4700023F480108D8840EA05530C48824205D0A1
:10B480000B48824202D00B48824206D1506820F419
:10B4900080208D6940EA852050605465C868D06579
:10B4A00000BF1362002030BDFF8FFFFE002C014063
:10B4B000004001400044014010B51948008A00B125
:10B4C00010BD18480068408980B116480068407A6D
:10B4D00001280BD11248007A00F0010030B9114860
:10B4E000B0F8E800401C0F49A1F8E8000E48807849
:10B4F00038B10D48808820B10B48C088401C0A49EB
:10B50000C8800748007A00F0010020B90448808A0A
:10B51000401C0349888205A0FDF7E4FE00BFCFE789
:10B52000340A002060060020540700200D0A7075C0
:10B530006C73653120636C69636B0D0A0000000059
:10B5400010B51948008A00B110BD1848006840893C
:10B5500080B116480068407A01280BD11248007A61
:10B5600000F0020030B91148B0F8E800401C0F4963
:10B57000A1F8E8000E48807838B10D48808820B1E5
:10B580000B48C088401C0A49C8800748007A00F070
:10B59000020020B90448C08A401C0349C88205A0A3
:10B5A000FDF7A0FE00BFCFE7340A002060060020B0
:10B5B000540700200D0A70756C73653220636C6946
:10B5C000636B0D0A0000000070470000014600BFD9
:10B5D0000448806800F0F0000009034A125C21FA78
:10B5E00002F070470010024000790108014600BFD8
:10B5F0000548806800F4E060044A02EB10200278FD
:10B6000021FA02F070470000001002401079010892
:10B61000014600BF0548806800F46050044A02EB10
:10B62000D020027821FA02F070470000001002409A
:10B630001079010810B500BF2948806800F00C009F
:10B6400030B1042822D0082822D00C2826D121E0AD
:10B65000FEF746FB60B9FEF743FB10B1FEF730FB87
:10B6600001E0FEF735FB000A1E4951F820000BE00F
:10B67000FEF736FB10B1FEF723FB01E0FEF728FBD7
:10B680000009184951F82000044625E0164C23E033
:10B69000164C21E000F02CF804461DE0FEF720FBDC
:10B6A00060B9FEF71DFB10B1FEF70AFB01E0FEF7E3
:10B6B0000FFB000A0B4951F820000BE0FEF710FBCE
:10B6C00010B1FEF7FDFA01E0FEF702FB00090549A3
:10B6D00051F82000044600BF00BF204610BD000006
:10B6E00000100240187901080024F40000127A00CA
:10B6F00070B5FEF705FB0546012D04D0022D20D0C4
:10B70000032D22D11FE0FEF7EBFA60B9FEF7E8FA4D
:10B7100010B1FEF7D5FA01E0FEF7DAFA000A254982
:10B7200051F820000BE0FEF7DBFA10B1FEF7C8FA83
:10B7300001E0FEF7CDFA00091E4951F82000044649
:10B7400021E01D4C1FE01D4C1DE0FEF7C9FA60B959
:10B75000FEF7C6FA10B1FEF7B3FA01E0FEF7B8FA49
:10B76000000A144951F820000BE0FEF7B9FA10B1B5
:10B77000FEF7A6FA01E0FEF7ABFA00090D4951F811
:10B780002000044600BF00BFFEF7B2FA012101EB22
:10B790001010B4FBF0F6FEF7BBFA46430848C06849
:10B7A00000F0C060012101EB50604000B6FBF0F0FA
:10B7B00070BD0000187901080024F40000127A001E
:10B7C0000010024010B58CB004463648FEF734FC39
:10B7D0003448FEF7D7FA00BFFF203249486200BF65
:10B7E00000200790207A8DF8200020798DF8210024
:10B7F00020788DF822000805099040080A90012061
:10B800008DF82C0007AA00212648FEF7C0FA25482B
:10B81000FEF712FC00BF2348806840F48070214985
:10B82000886000BF0846FEF756FB00BF1D488068D1
:10B8300040F480501B49886000BF00BFFF20486271
:10B8400000BF4FF48020184909680143164A11606F
:10B8500000BF00BF1449083109680143124A083289
:10B86000116000BF11A112A0FDF73CFD1248006855
:10B8700011494968104A92680F4BDB68CDE90232E2
:10B88000CDE904100C480069401C0B494969CDE919
:10B8900000100A48D4E90032A168FDF723FD0CB07E
:10B8A00010BD000000280040000401404C4F47003C
:10B8B0000A5B25735D000000CC0A0020A089010806
:10B8C00010B500BF14488068C0F30030E8B100BF75
:10B8D0001148C068C0F30020B8B11048007920F0CA
:10B8E0000100401C0D490871052088730A48FEF7C5
:10B8F000F2FA0948FEF7A0FB0748FEF743FA00BF3B
:10B90000FF200549486200BF00BF4FF48020044972
:10B91000086000BF10BD000000280040340A00206D
:10B92000140401402DE9FE43002002900090019094
:10B9300000BF5148006800F44070B0F5007F1ED091
:10B9400000BF4D48006840F480304B499039C1F841
:10B95000900000BF00BF0846D0F8900020F480306F
:10B96000C1F8900000BF48154349096821F44071AF
:10B970000143414A903AC2F8901000BF00BF00BF97
:10B980003D48006840F400403B499039C1F89000C0
:10B9900000BF2921394B1B68C3F302200024254630
:10B9A0000346C3F1070CBCF1040F02D94FF0040C9D
:10B9B00001E0C3F1070C674603F1040CBCF1070F6B
:10B9C00002D24FF0000C01E0A3F1030C66464FF0E9
:10B9D000010C0CFA07FCACF1010C0CEA040C0CFA9B
:10B9E00006FC4FF0010808FA06F8A8F1010808EA79
:10B9F00005084CEA080200BF002904DB1007030E0B
:10BA00001F48435407E01007040E1C480C3001F097
:10BA10000F031B1FC45400BF292000280DDB00BFEB
:10BA200000BF00F01F02012191404209920002F183
:10BA3000E022C2F8001100BF00BF00BF0020114982
:10BA4000896821F0400101430E4A916000BF7F20C8
:10BA50001146096921F4FE0141EA0041116100BF6C
:10BA6000FF20114609696FF30E010143116100BF08
:10BA700000F00EF800F008B8901002400CED00E065
:10BA800000E400E00028004006BCBDE8F8830000A8
:10BA90003EB500200290009001901D48007E8DF878
:10BAA00008001B48007B8DF80A001948007C401CE8
:10BAB000C0B28DF809001648007DA0F5FA60C0B24A
:10BAC0008DF80B0002AA00211248FEF743FA00206D
:10BAD00000900F48007A8DF804000D4800798DF829
:10BAE00005000B4800788DF806006A4600210948D9
:10BAF000FEF70EFB074B002043F2F221002203F178
:10BB0000500202EB8002116000BF0BF0B3F93EBDA2
:10BB1000CC0A0020002800407047000000B587B024
:10BB20000C48FEF7ABFB18220B4901A8F8F720FCE4
:10BB30000420FDF78FFC4FF4E050019001A9074865
:10BB4000FDF71CFE4FF4E0510448FDF7B4FE07B0CA
:10BB500000BD0000003C004090780108000800484B
:10BB600000B591B0282107A8F8F71DFC182101A8FD
:10BB7000F8F719FC4FF400403949896D0143384A00
:10BB800091651146896D0140009100BF00BF012001
:10BB9000FDF760FC0420FDF75DFC4FF400400190D0
:10BBA000012002900320039000200490059001A939
:10BBB0004FF09040FDF7E2FD1020019001A92948C7
:10BBC000FDF7DCFD10212748FDF775FE4FF400411D
:10BBD0004FF09040FDF779FE4FF4E05001900220C5
:10BBE0000290032003900020049005900620069008
:10BBF00001A91D48FDF7C2FD002007904FF4827097
:10BC000008904FF4E060099000200A900B904FF4E8
:10BC100000700C9010200D9000200E900F900720C7
:10BC2000109007A91148FEF75BFB00200F494968F7
:10BC300021F0100101430D4A516000BF00BF1046C2
:10BC4000406820F008001146486000BF00BF084669
:10BC5000006840F04000086000BF11B000BD000067
:10BC6000001002400004004800080048003C00406A
:10BC70002DE9F05F8246884693469946C825C82636
:10BC8000C8274FF400414FF09040FDF714FE1021FB
:10BC90005B48FDF71AFEB8F1000F4ED0002432E0E9
:10BCA00000BF5848FEF765FB00B106E00120FBF736
:10BCB000FAF8281EA5F10105F3D100BF1AF8041007
:10BCC0005048FEF75BFB00BF4E48FEF748FB00B94B
:10BCD00006E00120FBF7E7F8301EA6F10106F3D1DC
:10BCE00000BF00BF4748FEF73FFB00B106E0012060
:10BCF000FBF7D9F8381EA7F10107F3D100BF00BF49
:10BD00004048007B641C4445CADB35B93D480830D7
:10BD100001683D4A3DA0FDF7E5FA36B939480830DB
:10BD20000168394A43A0FDF7DDFA37B935480830D4
:10BD30000168354A49A0FDF7D5FAC825C826C827A5
:10BD4000B9F1000F4FD0002433E000BF2D48FEF7BB
:10BD500010FB00B106E00120FBF7A5F8281EA5F1B5
:10BD60000105F3D100BF00212648FEF707FB00BF05
:10BD70002448FEF7F4FA00B906E00120FBF793F837
:10BD8000301EA6F10106F3D100BF00BF1D48FEF72B
:10BD9000EBFA00B106E00120FBF785F8381EA7F1A9
:10BDA0000107F3D100BF00BF1648007B0BF8040069
:10BDB000641C4C45C9DB35B9124808300168124A89
:10BDC00012A0FDF78FFA36B90E48083001680E4A06
:10BDD00018A0FDF787FA37B90A48083001680A4AFF
:10BDE0001EA0FDF77FFA4FF400414FF09040FDF7A1
:10BDF0006CFD10210248FDF75EFD00F043B8000025
:10BE000000040048003C0040A87801080A2057724E
:10BE10006974652054782054696D656F757420537A
:10BE20005049332D3E535220253034782025730A53
:10BE3000000000000A20577269746520427379205F
:10BE400054696D656F757420535049332D3E5352BC
:10BE500020253034782025730A0000000A2057720C
:10BE600069746520526563762054696D656F7574D9
:10BE700020535049332D3E5352202530347820250D
:10BE8000730A000030BCBDE8C09F704710B50020A9
:10BE90004D49096821F0070101434B4A116000BF79
:10BEA00000BF00BF4848006800F007000028F8D134
:10BEB0004FF400704549096821F4C0610143434AC9
:10BEC000116000BF00BF4248006840F480704049E4
:10BED000086000BF00BF00BF3D480068C0F380207D
:10BEE0000028F8D010203A49496821F0F85141EA79
:10BEF0000061374A516000BF00BF35489430006888
:10BF000040F001001146C1F8940000BF00BF00BF1F
:10BF10002F4894300068C0F340000028F7D000BFDD
:10BF20002A48006840F480702849086000BF00BFBC
:10BF300027489030006840F480302549C1F89000CF
:10BF400000BF00BF0846D0F8900020F48030C1F850
:10BF5000900000BF0120896821F0030101431C4AC1
:10BF6000916000BF00BF00BF1948806800F00C005E
:10BF70000428F8D100201649896821F0F001014316
:10BF8000134A916000BF00BF1146896821F4E06147
:10BF90000143916000BF00BF1146896821F46051E0
:10BFA0000143916000BF0B48FDF749FD0948FEF7CA
:10BFB00005FA4FF400400649896821F40041014325
:10BFC000034A916000BF10BD002002400070004095
:10BFD000001002400024F4000548064908600548A6
:10BFE0008030006840F4700002498031086070477A
:10BFF0000040000808ED00E03C480068401C3B4958
:10C0000008603B480068401C3949086037480068B0
:10C010003B2869DD00203549086008464068401C1F
:10C020004860084640683B285EDD002048600846BE
:10C030008068401C886008468068172854DD00200E
:10C0400088600846C068401CC86008468069401C7B
:10C05000886101202749C87224488069062802DDCA
:10C0600000202249886121480069234911F82000F5
:10C07000224908701D494869C11700EB9171891068
:10C08000A0EB810139B919494969642291FBF2F3A6
:10C0900002FB131141B9154949694FF4C87291FB6C
:10C0A000F2F302FB131141B910480069012804D1D1
:10C0B00012480078401C114908700C48C0680F49AC
:10C0C0000978884210DD01200849C86008460069E7
:10C0D000401C0861084600690B2805DD0020086146
:10C0E00008464069401C486170470000CC0A0020A7
:10C0F00044000020340A0020F8770108480000209E
:10C1000010B543480068401C414908604148008818
:10C11000401C4049088040480068401C3E49086077
:10C120003E480068401C3D4908603D48B0F80802A0
:10C1300030B13B48B0F80802401E3949A1F8080266
:10C140003848B0F8080230B13648B0F80802401E4E
:10C150003449A1F808023348B0F8040130B131483D
:10C16000B0F80401401E2F49A1F804012E48B0F890
:10C17000080230B12C48B0F80802401E2A49A1F844
:10C1800008022A48008820B128480088401E274914
:10C19000088022480068B0F57A7F07D300201F4945
:10C1A000086023480068401C214908602148007845
:10C1B000401C2049087008460078052803DD00204F
:10C1C000087001F025FD1C48008A20B11A48008A39
:10C1D000401E194908820E480068B0F57A7F13D3D3
:10C1E00000200B490860FFF707FF0E48B0F8040174
:10C1F00050B91148807B38B11048007820B90E48FA
:10C20000807B401E0C498873FEF746FB10BD000082
:10C210004C00002040000020340000203C000020A2
:10C22000020D0020F80A00200C0F00200200002060
:10C230003800002050000020340A00201D0000209B
:10C240002DE9F84101203449096E0143324A116653
:10C250001146096E0140009100BF00BF0007114662
:10C26000896D014391651146896D0140009100BFC0
:10C2700000BF03200246294B19684FF6FF031940FF
:10C28000274B0B4343EA0221244B196000BF011FD7
:10C290001B68C3F302200F2400250346C3F1070CDB
:10C2A000BCF1040F02D94FF0040C01E0C3F1070CFC
:10C2B000674603F1040CBCF1070F02D24FF0000CEB
:10C2C00001E0A3F1030C66464FF0010C0CFA07FCE9
:10C2D000ACF1010C0CEA040C0CFA06FC4FF001085E
:10C2E00008FA06F8A8F1010808EA05084CEA08026D
:10C2F00000BF002904DB1007030E0A48435407E07F
:10C300001007040E05480C3001F00F031B1FC45426
:10C3100000BFBDE8F8810000001002400CED00E015
:10C320000000FA0500E400E0F0B587B004460D46D1
:10C33000142102A8F8F737F84FF400301E49096EAF
:10C3400001431D4A11661146096E0140019100BF6B
:10C3500000BF00F049F9074601221146FEF7E8FE4A
:10C3600006463146192000F063F9192000F019F94A
:10C37000681E80B2ADF8080000200390601E049093
:10C3800002A90E48FEF77AF80C48FEF76DF800BFD8
:10C390000A48006820F002000849086000BF00BF9A
:10C3A0000846C06840F00100C86000BF0846FEF7BC
:10C3B00060F807B0F0BD00000010024000440140EA
:10C3C00010B500BF0748006900F0010048B100BF88
:10C3D0006FF001000349086100BFFFF791FEFCF711
:10C3E00003FE10BD0044014010B51548FEF7DBF90F
:10C3F000E8B100BF1249898CC9B208461149B1F8A9
:10C400000612FF290FDA0F49B1F80622B1F8061219
:10C41000491C0C4BA3F8061203F5837188541421B0
:10C420001A46A2F808123221074A118000BF0448B8
:10C43000FEF7B4F910B10248FEF7E0F810BD0000B5
:10C4400000380140F80A00202000002010B51B48E9
:10C45000FEF7A9F9E8B100BF1849898CC9B20846AE
:10C460001749B1F80612FF290FDA1549B1F806226B
:10C47000B1F80612491C124BA3F8061203F583719A
:10C48000885414211A46A2F8081232210D4A11804C
:10C4900000BF0A48FEF782F910B10848FEF7AEF86F
:10C4A00000BF0648C069C0F3C00028B100BF082023
:10C4B0000249086200BF00BF10BD000000480040F4
:10C4C000020D00202000002000BFFEE70FB47CB565
:10C4D0000C0009AD01D0611E00E00021CDE9000192
:10C4E000064B6A462946089800F0B0FC002C02D0A2
:10C4F000009A002111707CBC5DF814FB59D500082E
:10C500000FB4084B10B504A902AA039800F09EFCD2
:10C51000044602A9002001F02AF8204610BC5DF86C
:10C5200014FB00006FD500087CB50C001D461646B4
:10C53000014601D0601E00E00020CDE90010064B4E
:10C540006A462946304600F081FC002C02D0009A51
:10C55000002111707CBD000059D5000837B5144684
:10C560000846064B6A46214600F070FC04466946C0
:10C57000002000F0FCFF20463EBD00006FD5000803
:10C5800000280DDB00BF00BF00F01F020121914019
:10C590004209920002F1E022C2F8001100BF00BF80
:10C5A000704700280DDB00BF00BF00F01F02012113
:10C5B00091404209920002F1E022C2F8001100BF4E
:10C5C00000BF704700280DDB00BF00BF00F01F0256
:10C5D000012191404209920002F1E022C2F80011CB
:10C5E00000BF00BF7047000002480068C0F302208F
:10C5F000704700000CED00E002480068C0F3022024
:10C60000704700000CED00E010B5002804DB0A07BD
:10C61000130E054A135406E00A07140E034A00F0ED
:10C620000F031B1FD45410BD00E400E018ED00E020
:10C6300010B5002804DB0A07130E054A135406E060
:10C640000A07140E034A00F00F031B1FD45410BD39
:10C6500000E400E018ED00E010B5002804DB0A0754
:10C66000130E054A135406E00A07140E034A00F09D
:10C670000F031B1FD45410BD00E400E018ED00E0D0
:10C6800000BF00BF00BFBFF34F8F00BF00BF00BFA0
:10C690000948006800F4E06008490843001D0649A5
:10C6A000086000BF00BF00BFBFF34F8F00BF00BFD7
:10C6B00000BF00BF00BFFDE70CED00E00000FA0581
:10C6C00000BF00BF00BFBFF34F8F00BF00BF00BF60
:10C6D0000948006800F4E06008490843001D064965
:10C6E000086000BF00BF00BFBFF34F8F00BF00BF97
:10C6F00000BF00BF00BFFDE70CED00E00000FA0541
:10C70000004870475802002002E008C8121F08C104
:10C71000002AFAD170477047002001E001C1121FC2
:10C72000002AFBD170472DE9F04104460D4616461C
:10C730000027607D10B10120BDE8F0813246294616
:10C74000A06802F07FF9002800DA01273846F3E7F5
:10C750002DE9F04104460D4616461F464FF00008ED
:10C76000607D10B10220BDE8F0813B46324629468B
:10C77000A06802F085FA002801DA4FF0020840466E
:10C78000F1E72DE9F04704460D4616461F46DDF851
:10C7900020904FF00008607D10B10220BDE8F087C6
:10C7A0003B4632462946A06802F02EFB002801DAFB
:10C7B0004FF003084046F1E770B502460023481EDB
:10C7C000014604460AE002EBD100007801F00706BA
:10C7D00080253541284000B904E05B1C081EA1F10A
:10C7E0000101F0D100BFE01A70BD00002DE9F04753
:10C7F00004460E4615469846DDF82090002C11D1CF
:10C800005AA0FCF76FFD5CA0FCF76CFD1B225BA13E
:10C8100065A0FCF767FD674A67A168A0FCF762FDA9
:10C8200000BFFEE7002E11D150A0FCF75BFD52A027
:10C83000FCF758FD1C2251A15BA0FCF753FD5D4A9B
:10C8400066A15EA0FCF74EFD00BFFEE7002D11D1F2
:10C8500046A0FCF747FD48A0FCF744FD1D2247A178
:10C8600051A0FCF73FFD534A5EA154A0FCF73AFDEE
:10C8700000BFFEE7207D10B10020BDE8F0872660F4
:10C8800084F80480C4F82090607D002839D102F03B
:10C890004FF8284602F08EF9A06058B933A0FCF793
:10C8A00021FD35A0FCF71EFD294650A0FCF71AFD1E
:10C8B0000420E2E7A16801F11C0001F047FF076ACC
:10C8C000E06808B9E76018E0E068B0FBF7F107FB43
:10C8D0001100002811D025A0FCF704FD26A0FCF7CC
:10C8E00001FD452225A130A0FCF7FCFC314A48A1FE
:10C8F00032A0FCF7F7FC00BFFEE7A068806B206168
:10C9000000BFD4E90310B0FBF1F201FB12000028D4
:10C9100011D016A0FCF7E6FC17A0FCF7E3FC4D22B3
:10C9200016A121A0FCF7DEFC224A41A123A0FCF7BE
:10C93000D9FC00BFFEE7D4E90310B0FBF1F00228F8
:10C9400011D20AA0FCF7CEFC0BA0FCF7CBFC4F22C7
:10C950000AA115A0FCF7C6FC164A3EA117A0FCF7D9
:10C96000C1FC00BFFEE7002087E700005B466C616A
:10C97000736844425D000000200000002E2E5C43DE
:10C980006F6D70656E74735C4D6F64756C65735C10
:10C99000466C61736844422D312E312E325C7372C5
:10C9A000635C6664622E63002825733A256429203F
:10C9B000000000007C7901086462000028257329CA
:10C9C0002068617320617373657274206661696C9D
:10C9D00065642061742025732E0A00006E616D6508
:10C9E0000000000070617468000000004572726F02
:10C9F000723A20506172746974696F6E20282573D1
:10CA000029206E6F7420666F756E642E0A00000018
:10CA100064622D3E7365635F73697A6520252062C9
:10CA20006C6F636B5F73697A65203D3D2030000059
:10CA300064622D3E6D61785F73697A65202520649C
:10CA4000622D3E7365635F73697A65203D3D2030DA
:10CA50000000000064622D3E6D61785F73697A6545
:10CA6000202F2064622D3E7365635F73697A6520B1
:10CA70003E3D20320000000070B504460D469DB9D1
:10CA80000120207512480078002820D111A0FCF761
:10CA900029FC13A0FCF726FC12A114A0FCF722FC31
:10CAA00001200B49087012E0A07D80B909A0FCF7B5
:10CAB00019FC0BA0FCF716FC2079226808B914A019
:10CAC00000E015A001462B4615A0FCF70BFC70BD3D
:10CAD000840100205B466C61736844425D00000085
:10CAE00020000000312E312E32000000466C6173B0
:10CAF0006844422056257320697320696E69746901
:10CB0000616C697A6520737563636573732E0A00BF
:10CB10004B564442000000005453444200000000C1
:10CB20004572726F723A2025732028257329206977
:10CB30007320696E697469616C697A6520666169E0
:10CB40006C20282564292E0A000000002DE9F04100
:10CB500005460E4614464FF0FF37F01DC108FF2270
:10CB60002846F7F719FC44B1601EC708E85D04F0D9
:10CB70000702FF2111410840E8553846BDE8F08121
:10CB80002DE9F84F81460F4615461E46DDE90A8A13
:10CB90004FF0000BB04511D31DA0FCF7A3FB21A063
:10CBA000FCF7A0FB8D2220A12CA0FCF79BFB2E4ABA
:10CBB0002EA135A0FCF796FB00BFFEE7002D11D19A
:10CBC00013A0FCF78FFB17A0FCF78CFB8E2216A19D
:10CBD00022A0FCF787FB244A33A12BA0FCF782FBA1
:10CBE00000BFFEE7424631462846FFF7AFFF044646
:10CBF000601C10B9002000F05FB82A193919012310
:10CC00004846CDF800A0FFF7BCFD83465846F2E742
:10CC10005B466C61736844425D5B7574696C735DFF
:10CC200000000000200000002E2E5C436F6D706538
:10CC30006E74735C4D6F64756C65735C466C617388
:10CC40006844422D312E312E325C7372635C66640F
:10CC5000625F7574696C732E630000002825733A57
:10CC60002564292000000000487E01087374617467
:10CC700075735F696E646578203C207374617475A8
:10CC8000735F6E756D00000028257329206861733D
:10CC900020617373657274206661696C65642061DC
:10CCA000742025732E0A00007374617475735F74A9
:10CCB00061626C650000000018BCBDE8E08F0000F8
:10CCC0002DE9FF5F82B00021DDE90430020DDDF8BF
:10CCD00040B0034318D044F61050A2F2FF32424352
:10CCE0001514119801281FD0A5EB0B00401C5FEA1A
:10CCF000000A4FF000064E4FDFF83891B04650461C
:10CD000015D5CAF1000413E0119801244AA30128A3
:10CD100001D16FEA0B010298119AC0E90031C0E914
:10CD2000024206B000F08EB8CBF10000DFE7044607
:10CD30000021404A491842EB0450CDE9001012E0AE
:10CD4000E00707D032463B4640464946F7F71DFD0F
:10CD50008046894632463B4610461946F7F715FD90
:10CD600006460F466410002CEAD1DDE90401DDE936
:10CD70000023BAF1000F06DAF7F707FD42464B46EB
:10CD8000F7F703FD05E0F7F775FD42464B46F7F769
:10CD900071FD04460E460022284BF7F72BFE03D800
:10CDA0004FF0FF30014607E00022254B2046314678
:10CDB000F7F73CFCF7F755FF102409E0002C0ADBDD
:10CDC0000A220023F7F700FA039B30321A55641E3B
:10CDD00050EA0102F2D1641C039AC4F11103144415
:10CDE000119A012A03D0012208430DD10AE0084319
:10CDF00004D000204FF0110B119072E7A3EB0B054C
:10CE00006D1E0DE05B4504DD4FF0000205F10105EC
:10CE100004E003DA4FF00002A5F10105002AECD08E
:10CE200002981199C0E90231C0E9004579E7000094
:10CE3000000014400000F03F300000000000F0430C
:10CE40000000E03F30BCBDE8C09F00002DE9FF4F6F
:10CE500095B09A46884606460025EEE1252877D10A
:10CE600000242746F94A0121039400E0044316F800
:10CE7000013F203B01FA03F01042F7D130782A2815
:10CE800011D06FF02F033078A0F13002092A16D8A4
:10CE9000039A44F0020402EB820203EB42021044C4
:10CEA000761C0390EFE758F8042B0392002A03DA6C
:10CEB000504244F40054039044F00204761C30784D
:10CEC0002E2816D116F8010F44F004042A280DD09C
:10CED0006FF02F023078A0F13003092B09D807EB4F
:10CEE000870302EB4303C718761CF3E758F8047B6B
:10CEF000761C30786C280FD006DC4C2817D06828B8
:10CF00000DD06A2814D104E0742810D07A280FD1EB
:10CF10000DE044F400140AE044F4801401E044F409
:10CF200040147278824202D104F58014761C761C7B
:10CF3000307866280BD013DC582877D009DC00281D
:10CF400075D04528F6D04628F4D047281AD193E169
:10CF500018E0632835D0642879D0652812D18BE198
:10CF6000702873D008DC6728F1D069286FD06E284C
:10CF70000DD06F2806D1ACE073282CD0752874D062
:10CF8000782853D05246179990476D1C54E1C4F34A
:10CF90000250022809D003280DD0D8F80010042828
:10CFA0000DD00D6008F1040846E1D8F80010EA172A
:10CFB000C1E90052F6E7D8F800100D80F2E70D70D5
:10CFC000F0E718F8041B8DF8001000208DF8010020
:10CFD000EB46012003E058F804BB4FF0FF30610737
:10CFE0004FF0000102D40DE009F101018946B94278
:10CFF0000FDA8145F8DB1BF809100029F4D108E0AD
:10D0000009F1010189468142FADB1BF80910002968
:10D01000F6D103985346A0EB090721463846179AE4
:10D0200000F083FA284400EB090507E044E008E13A
:10D030000DE01BF8010B524617999047B9F1010911
:10D04000F7D2534621463846179AF2E039E00A21D2
:10D05000C4F302524FF0000B0091022A06D058F898
:10D06000040BC117032A09D00AE023E008F10700E6
:10D0700020F00702F2E80201904605E000B2C11775
:10D08000042A01D140B2C117002906DA0A4600215C
:10D09000404261EB02012D2202E0220504D52B2241
:10D0A0008DF80420012203E0E20701D02022F7E7F7
:10D0B000914657E00A2100E010214FF0000B00914B
:10D0C0000BE010214FF0000B44F0040408270091FE
:10D0D00003E008204FF0000B0090C4F30252022A34
:10D0E00005D058F8040B0021032A08D008E008F105
:10D0F000070020F00702F2E80201904603E080B248
:10D10000042A00D1C0B24FF0000922072AD5327894
:10D11000702A07D0DDF800C08CF0100C5CEA0B0C14
:10D1200005D00EE040228DF80420012208E050EAEC
:10D13000010306D030238DF804308DF8052002223B
:10D140009146009B83F0080353EA0B030AD150EA8F
:10D15000010201D1620705D530228DF804204FF07D
:10D1600001097F1E3278582A04D039A20C920CAAE9
:10D1700002920BE03BA2F9E75B46009AF7F724F82E
:10D180000C9B9B5C029A521E0292137050EA0102A1
:10D19000F2D1029804A9081A00F1200B600702D509
:10D1A00024F4803400E001275F4502DDA7EB0B008B
:10D1B00000E0002000EB0B01009003984944401A66
:10D1C0000390E00306D453462146179A039800F0D3
:10D1D000ACF90544002706E001A85246C05D179946
:10D1E00090476D1C7F1C4F45F6DBE0030CD5534682
:10D1F0002146179A039800F098F9054404E030207E
:10D200005246179990476D1C0099481E00900029BE
:10D21000F5DC08E00298029952460078491C029118
:10D22000179990476D1CBBF10001ABF1010BF1DCCC
:10D230005BE100F068F90544761C307800287FF443
:10D240000DAE19B0284600F05BB9000009280100B6
:10D25000303132333435363738396162636465666C
:10D26000000000003031323334353637383941422E
:10D270004344454600000000600700D4062708F13B
:10D28000070020F00700F0E80223804603F0004C7E
:10D290005FEA0C0001D097A009E0200501D596A017
:10D2A00005E0E00701D095A001E0AFF24C0013903B
:10D2B000307823F0004365280CD006DC452809D0DF
:10D2C00046281DD047287FD13BE0662818D0672824
:10D2D0007AD136E00021112F01DB112000E0781C0B
:10D2E000CDE9000104A90CA8FFF7EAFCDDE90D0176
:10D2F0000C9A4FF0000B07F10109109200914EE0DB
:10D300004FF000400097CDE9011004A90CA8FFF7E9
:10D31000D7FCDDE90D020C9B0F994FF0000B9146F5
:10D320001093009211B9791C00EB0109B7EB0900C9
:10D3300003D4C0F1FF3B07F10109A9EB07000190FD
:10D3400042E0012F00DA01270021112F01DD112019
:10D3500000E03846CDE9000104A90CA8FFF7B0FCB5
:10D36000DDE90D010C9A00914FF0000BB9461092C7
:10D3700021070FD4009A4A4503DA914601E0A9F14A
:10D380000109B9F1010F05DD109AA9F10101515C04
:10D390003029F4D0B84202DA10F1040F03DA012187
:10D3A000CDE9011010E0002803DC8344A9EB000163
:10D3B00002E0411C494500DD8946A0EB0B00401C02
:10D3C00001904FF000400290200705D40198484595
:10D3D00002DB4FF0FF30019000208DF84B000298E7
:10D3E0000DF14B07B0F1004F25D002200C902B20FF
:10D3F0000D90029800280CDA404202902D200D90EA
:10D4000007E00A210298F7F70DFB3031029007F888
:10D41000011D0C99481E0C900029F2DC029800288E
:10D42000EFD1791E0D980870307800F0200040F0A0
:10D43000450007F8020D11A8C01BC01D02901398EB
:10D44000007800B1012000EB0901019801EBE071C7
:10D45000029801440398401A401E0390E00306D44A
:10D4600053462146179A039800F05FF80544139835
:10D47000007818B15246179990476D1CE00323D5E8
:10D4800053462146179A039800F04FF805441BE0D5
:10D49000BBF1000F07DB0098584504DD1098179981
:10D4A00010F80B0001E01799302052469047019880
:10D4B0000BF1010B401E05F10105019004D12E2056
:10D4C0005246179990476D1CB9F10001A9F1010965
:10D4D000DEDC05E017F8010B5246179990476D1CEA
:10D4E0000299481E02900029F4DC53462146179AFF
:10D4F00003989EE62D0000002B0000002000000095
:10D5000030BCBDE8C08F2DE9F041044600251E4621
:10D510001746880404D405E039462020B0476D1C26
:10D52000641EF9D52846BDE8F0812DE9F041044696
:10D5300000251E469046C80301D5302700E020276D
:10D54000880404D505E041463846B0476D1C641E8A
:10D55000F9D52846BDE8F0814A68002A06D00A6855
:10D56000531C0B6010704868401E486070470A6882
:10D57000531C0B60107070472DE9FE4F064689461C
:10D5800017461C46002506F120084FF0010B56B93E
:10D59000534854A355A240F2B92100905BA009F072
:10D5A000B5F800BFFEE796F8340050B94C4864A3C4
:10D5B0004EA240F2BA21009054A009F0A7F800BF93
:10D5C000FEE709EB07013069814205D960A009F047
:10D5D000C1F8052000F0E6B8D8F8080018B14046B8
:10D5E000D8F80810884709F0010070B12046641C83
:10D5F000494609F1010901231A460090304606F018
:10D60000B9FF054605B15CE07F1E0121304608F0F8
:10D61000CFFD054605B154E0AD208DF804003DE096
:10D62000BBF1000F18D00DF105024946304606F057
:10D630008FFE96F8350008B1052000E004208246F0
:10D64000207801A901F80A00617801AA0AF1010015
:10D6500011544FF0000B07E04FF0010A20788DF8CD
:10D66000050060788DF806000020009003460AF15E
:10D67000020201A94046D8F804C0E04705461DB1A2
:10D680003DA009F067F81CE0304609F055FF05465B
:10D6900005B116E0BF1E09F10209A41C022FBFD27A
:10D6A0000021304608F084FD05464DB9012F07D111
:10D6B00001231A4649463046009406F05BFF0546B2
:10D6C00000BF1DB10021304608F072FDD8F80C00F3
:10D6D00018B14046D8F80C10884728467AE7000071
:10D6E0004D830108666C617368000000282573296A
:10D6F0002068617320617373657274206661696C60
:10D7000065642061742025732E0000002E2E5C437A
:10D710006F6D70656E74735C4D6F64756C65735C72
:10D72000466C61736844422D312E312E325C736633
:10D7300075645C7372635C736675642E63000000CD
:10D74000666C6173682D3E696E69745F6F6B000073
:10D750004572726F723A20466C617368206164642E
:10D7600072657373206973206F7574206F66206211
:10D770006F756E642E0000004572726F723A20461B
:10D780006C61736820777269746520535049206317
:10D790006F6D6D756E6963617465206572726F720D
:10D7A0002E0000001EBCBDE8E08F000010B535481B
:10D7B000C07920B1012808D0022811D10BE04FF424
:10D7C00000713148FCF77FF80BE04FF480712E4870
:10D7D000FCF779F805E008212B48FCF774F800E025
:10D7E00000BF00BF642006F057FD4FF400412648FB
:10D7F000FCF769F840F6B83006F04EFD08212348E2
:10D80000FCF757F802212148FCF753F804211F4880
:10D81000FCF759F84FF47A7006F03EFD02211B48E0
:10D82000FCF747F804211948FCF743F84FF400418E
:10D830001548FCF73EF81348C07920B1012808D0FC
:10D84000022811D10BE04FF400710F48FCF731F8BA
:10D850000BE04FF480710C48FCF72BF805E0082131
:10D860000948FCF726F800E000BF00BF0548007A31
:10D8700000F0010028B90348807920F040000149F8
:10D88000887110BD340A00200004004800080048D8
:10D8900010B53848C07920B1012808D0022811D12C
:10D8A0000BE04FF400713448FCF70DF80BE04FF437
:10D8B00080713148FCF707F805E008212E48FCF795
:10D8C00002F800E000BF00BF642006F0E5FC4FF462
:10D8D00000412948FBF7F7FF40F6B83006F0DCFCC2
:10D8E0004FF480412448FBF7E4FF4FF48051224875
:10D8F000FBF7DFFF4FF400511F48FBF7E4FF4FF445
:10D900007A7006F0C9FC4FF480511B48FBF7D1FF39
:10D910004FF400511848FBF7CCFF4FF40041164874
:10D92000FBF7C7FF1348C07920B1012808D00228AF
:10D9300011D10BE04FF400710F48FBF7BAFF0BE079
:10D940004FF480710C48FBF7B4FF05E008210A484A
:10D95000FBF7AFFF00E000BF00BF0648007A00F011
:10D960000200012805D00348807920F08000014999
:10D97000887110BD340A00200004004800F108033B
:10D9800043F82120704770B504466068804705461B
:10D99000E07800F00700002802DD2088401C20808D
:10D9A000E078B5EBD01F13D0E078C008401CE178D8
:10D9B00060F3C501E170C1F3C20003280CDBE0781D
:10D9C00065F3C710E070E07820F03800E07003E005
:10D9D000E07820F03800E070E07800F007000628DA
:10D9E00026D2DFE800F0032653A2E4C3E078C0F3B8
:10D9F0008010E178B0EBD11F15D1A07820F0F000B5
:10DA0000A070A06810B12046A1688847002020803F
:10DA1000A07820F00F00401CA070E07820F00700F4
:10DA2000401CE07004E0A07820F0F0008030A0708E
:10DA3000BDE0E078C0F38010E178B0EBD11F11D0E9
:10DA4000A07820F0F0001030A070E06810B12046FF
:10DA5000E168884700202080E07820F00700801CE3
:10DA6000E07012E02088B0F5167F0EDDA07820F07F
:10DA7000F0005030A070E06910B12046E16988479D
:10DA8000E07820F00700401DE07090E0E078C0F3FF
:10DA90008010E178B0EBD11F20D1A07820F0F00009
:10DAA000A070A06810B12046A1688847A078401CEB
:10DAB000A17860F30301A170A07820F0F00020307D
:10DAC000A070206910B1204621698847002020807D
:10DAD000E07820F00700C01CE07025E020883C289A
:10DAE00022DDA07800F00F0001280AD1A07820F0F4
:10DAF000F0003030A070606990B1204661698847BD
:10DB00000EE0A07800F00F00022809D1A07820F0E4
:10DB1000F0004030A070A06910B12046A16988478C
:10DB2000E07820F00700E07041E0E078C0F380107A
:10DB3000E178B0EBD11F18D0A07820F0F0001030C1
:10DB4000A070E06810B12046E168884720883C2832
:10DB500007DA00202080E07820F00700801CE070C9
:10DB600003E0E07820F00700E07020E0E078C0F308
:10DB70008010E178B0EBD11F0AD1A07820F0F0003E
:10DB80006030A070206A88B12046216A88470DE085
:10DB9000A07820F0F0001030A070E06810B12046AE
:10DBA000E1688847E07820F00700E07000BF00BF20
:10DBB00070BD70B504460D46164628212046F6F77E
:10DBC000F2FBA07820F0F0008030A0706560606803
:10DBD0008047E17860F3C711E170E07866F3861062
:10DBE000E07070BD01460948026805E08A4202D132
:10DBF0004FF0FF307047526A002AF7D1034800689F
:10DC00004862024801600020F4E70000080100209B
:10DC100010B50548046803E02046FFF7B4FE646AC7
:10DC2000002CF9D110BD00000801002070B51F4C78
:10DC30000025DC212046F6F7B6FB00201C490870C1
:10DC40002146FF2008F054F805462C441848007877
:10DC5000284417490870174817490A8802808978AC
:10DC6000817000201349C870144800780871134867
:10DC70000078401C114908700D4802780B490D4886
:10DC8000401DF6F775FB0A480078401D0949A1F8C8
:10DC900000010846B0F80011F9F784F80548B0F81B
:10DCA0000021014606A0F9F7D5F870BD64070020F1
:10DCB0001C0000200C0F0020747701081F000020BA
:10DCC000424C4553656E640070B5244C0025DC2140
:10DCD0002046F6F768FB002021490870FB2021460A
:10DCE0000870641C1E480078401C1D4908702146BD
:10DCF0003C2007F0FDFF05462C44194800782844D5
:10DD000017490870174818490A8802808978817075
:10DD100000201449C870154800780871134800782D
:10DD2000401C124908700E4802780C490D48401DED
:10DD3000F6F71EFB0A480078401D0A49A1F80001C9
:10DD40000846B0F80011F9F72DF80648B0F80021A0
:10DD5000014607A0F9F77EF870BD000064070020B7
:10DD60001C0000200C0F0020747701081F00002009
:10DD7000424C4553656E640010B5DC214D48F6F702
:10DD800012FB00204C4908700024FC214A4802780C
:10DD90000078401C484B187046488154474800782A
:10DDA00000F00101184602780078401C18704148C4
:10DDB00081544248806D020E184601780078401C5C
:10DDC00018703C4842543D48806DC0F307421846E5
:10DDD00001780078401C1870364842543748B0F833
:10DDE0005800C0F30721184602780078401C1870CC
:10DDF00030488154314890F858201846017800780E
:10DE0000401C18702B4842542C48406D010E184697
:10DE100002780078401C1870264881542748406DCD
:10DE2000C0F30742184601780078401C187021485A
:10DE300042542248B0F85400C0F307221846017833
:10DE40000078401C18701B4842541C4890F854201D
:10DE5000184601780078401C18701648425418483B
:10DE600018490A8802808978817000201449C87096
:10DE700015480078087114480078401C1249087051
:10DE8000184602780B490E48401DF6F771FA0A4809
:10DE90000078401D0A49A1F800010846B0F80011B9
:10DEA000F8F780FF0648B0F80021014607A0F8F710
:10DEB000D1FF10BD640700201C00002010140020BA
:10DEC0000C0F0020747701081F000020424C4553BE
:10DED000656E640070B51F4C0025DC212046F6F706
:10DEE00062FA00201C49087021468D2007F000FFCF
:10DEF00005462C44184800782844174908701748EC
:10DF000017490A8802808978817000201349C870F7
:10DF100014480078087113480078401C11490870B3
:10DF20000D4802780B490D48401DF6F721FA0A48C2
:10DF30000078401D0949A1F800010846B0F8001119
:10DF4000F8F730FF0548B0F80021014606A0F8F7C1
:10DF500081FF70BD640700201C0000200C0F002012
:10DF6000747701081F000020424C4553656E640021
:10DF700070B5514D0024DC212846F6F714FA002034
:10DF80004E4908702946012007F0B2FE0446254498
:10DF90004A48007820444949087029468D2007F0F6
:10DFA000A7FE0446254445480078204443490870AC
:10DFB0002946032007F09CFE044625443F4800788C
:10DFC00020443E49087029463C2007F091FE044653
:10DFD00025443A48007820443849087029464020B2
:10DFE00007F086FE0446254434480078204433492F
:10DFF00008702946412007F07BFE044625442F483F
:10E00000007820442D4908702946422007F070FE10
:10E0100004462544294800782044284908702946A8
:10E02000432007F065FE0446254424480078204438
:10E030002249087029468A2007F05AFE04462544E2
:10E040001E48007820441D4908702946862007F0A4
:10E050004FFE0446254419480078204417490870AB
:10E06000174818490A88028089788170002014496D
:10E07000C87015480078087113480078401C124990
:10E0800008700E4802780C490D48401DF6F770F9EB
:10E090000A480078401D0A49A1F800010846B0F876
:10E0A0000011F8F77FFE0648B0F80021014607A0EE
:10E0B000F8F7D0FE70BD0000640700201C000020AF
:10E0C0000C0F0020747701081F000020424C4553BC
:10E0D000656E640070B5294C0025DC212046F6F7FA
:10E0E00062F9002026490870FA2021460870641C55
:10E0F00023480078401C2249087022480068000E1E
:10E10000611E48701F480068000C88701D48008818
:10E11000000AC8701B4800780871241D1848007850
:10E12000001D17490870184818490A880280897824
:10E13000817000201449C87015480078087114488F
:10E140000078401C124908700D480278611F0E4883
:10E15000401DF6F70DF90A480078401D0A49A1F85C
:10E1600000010846B0F80011F8F71CFE0648B0F8A8
:10E170000021014607A0F8F76DFE70BD640700207E
:10E180001C000020440000200C0F002074770108C0
:10E190001F000020424C4553656E640070B5044674
:10E1A000214D0026DC212846F6F7FDF800201F4906
:10E1B0000870F920294608706D1C1C480078401C26
:10E1C0001A490870681E04712D1D08460078001D4C
:10E1D0000870174817490A880280897881700020E2
:10E1E0001349C87014480078087113480078401C1F
:10E1F000114908700D480278691F0D48401DF6F757
:10E20000B7F80A480078401D0949A1F800010846FE
:10E21000B0F80011F8F7C6FD0548B0F80021014636
:10E2200006A0F8F717FE70BD640700201C00002050
:10E230000C0F0020747701081F000020424C45534A
:10E24000656E640070B5044600250322034920462C
:10E25000F6F7DBF800B10125284670BD7477010898
:10E260002DE9F04105460F46002600243AE005EB73
:10E27000841101F11C0000F069FA06467EB98B2278
:10E280001A491BA0FBF72EF805EB841000F11C01C6
:10E290001CA0FBF727F826A0FBF724F821E005EBEC
:10E2A0008410406BF169884217DB91220F4921A04D
:10E2B000FBF718F805EB8410F369426B05EB84104B
:10E2C000011D2348FBF70EF822A0FBF70BF80020F6
:10E2D00022490860401EBDE8F081214840F82460D2
:10E2E00000BF641CBC42C2D30020F4E7C07F010819
:10E2F0005B442F46414C5D202825733A2564292034
:10E30000000000005761726E696E673A20446F200A
:10E310004E4F5420666F756E642074686520666C7D
:10E3200061736820646576696365282573292E000A
:10E330000A0000001B5B33313B32326D5B452F46D8
:10E34000414C5D202825733A2564292000000000F7
:10E350001C8C01081B5B306D0A000000D0010020FE
:10E36000C80100202DE9F04104460F4690463D4685
:10E370002E68207870B91FA0FAF7B4FF21A0316889
:10E38000FAF7B0FF21A06168FAF7ACFF012028710D
:10E39000BDE8F0816078022816D1F06A401C30B9DF
:10E3A0003822214606F12800F5F7E2FF20E011A00F
:10E3B000FAF798FF13A03168FAF794FF1E48FAF7AE
:10E3C00091FF01202871E3E76078012810D1A86847
:10E3D000401CA8606068E860A868012808D1F06A5D
:10E3E000401C28B93822214606F12800F5F7C0FF65
:10E3F0000020CDE75B466C61736844425D5B7473DB
:10E400006C5D00005B25735D200000005365637444
:10E410006F7220283078253038582920686561646B
:10E42000657220696E666F20697320696E636F7212
:10E43000726563742E0A00002C8B0108F0B5044647
:10E440000E461D4694B18AB185B17EB1284605EBD2
:10E45000D07C4FEA6C0CA5EB4C0CBCF1000F05D145
:10E4600005EBD57C4FEA6C0CB44501DD0020F0BD16
:10E470000021002300BF50E0505C612808DB505CA5
:10E48000662805DC505CC01F0007000EE05418E051
:10E49000505C412808DB505C462805DC505CC01FFE
:10E4A0000007000EE0540CE0505C302807DB505CA5
:10E4B000392804DC505C0007000EE05401E0002025
:10E4C000D5E7481C81B2505C612808DB505C6628A7
:10E4D00005DCE05C575C38445738E05419E0505C88
:10E4E000412808DB505C462805DCE05C575C38447A
:10E4F0003738E0540DE0505C302808DB505C392898
:10E5000005DCE05C575C38443038E05401E0002022
:10E51000ADE7581C83B2481C81B2A942ACDB184657
:10E52000A5E72DE9F04707460D46164698464FF0F9
:10E5300000091FB13846F5F753FF08B9BDE8F08769
:10E540001DB12846F5F74CFF00B9F7E729463846D4
:10E55000F5F778FF044607E010C609F101092946DE
:10E560000020F5F76FFF0446002CF5D1C8F80090A5
:10E5700000BFE3E72DE9F04707460D4600263C467D
:10E580003846F5F72DFF00F0FF0923E04FF00008B3
:10E590001EE02078302804DB2078392801DC207840
:10E5A000A8552078412804DB20785A2801DC2078FF
:10E5B000A8552078612804DB20787A2801DC2078AF
:10E5C000A855641C701CC6B208F1010000F0FF08D9
:10E5D000C845DEDB20780028D8D1BDE8F0870000F0
:10E5E00010B52DED028B8AB0294890ED060ADFEDBB
:10E5F000290A60EE200A284890ED000AB8EE400A89
:10E600009FED241A00EE810ABCEEC00A8DED090AC6
:10E6100009A8F5F70DFE04462C2221461F48F5F700
:10E62000A7FE1E48406900F26C701C4948611CA19D
:10E630001CA0FAF757FE164890ED060A10EE101AC5
:10E640000846F6F7ACF941EC180B13480368134879
:10E65000806912490968114A5268CDE90603CDE97B
:10E6600004210E4880680D49C9680C4A1269521C81
:10E670000A4B5B69CDE90032CDE9021053EC182B4F
:10E680000A48FAF72FFE0AB0BDEC028B10BD00005D
:10E69000340A00200000704244000020CC0A002010
:10E6A0004C4F47000A5B25735D0000003889010864
:10E6B00070B505460C461248006830B9114A12A1DF
:10E6C00014A0FAF70FFE00BFFEE70D48006890F8AF
:10E6D000340030B90B4A17A10EA0FAF703FE00BFB1
:10E6E000FEE719488069411922460548006807F08D
:10E6F000F1FE10B14FF0FF3070BD2046FCE7000086
:10E7000088010020447F0108736675645F64657644
:10E71000000000002825732920686173206173734D
:10E72000657274206661696C65642061742025736C
:10E730002E0A0000736675645F6465762D3E696E0F
:10E7400069745F6F6B0000008C01002070B5054696
:10E750001248007830B9124A12A114A0FAF7C2FD8B
:10E7600000BFFEE735B90E4A18A110A0FAF7BAFDAE
:10E7700000BFFEE700240CE0164850F824101822D1
:10E780002846F5F74FFE18B9124850F8240070BD1E
:10E79000641C002CF0D00020F9E700008601002066
:10E7A000EF7E0108696E69745F6F6B00282573291D
:10E7B0002068617320617373657274206661696C8F
:10E7C00065642061742025732E0A00006E616D65FA
:10E7D00000000000DC7E01083EB52E48007808B13C
:10E7E00000203EBD00244DE02B4850F82400806AF4
:10E7F00030B92A4A2AA131A0FAF774FD00BFFEE71A
:10E80000254850F82400C06A30B9244A33A12BA00F
:10E81000FAF768FD00BFFEE71F4850F82400006BC0
:10E8200030B91E4A34A125A0FAF75CFD00BFFEE70F
:10E83000194850F82400406A20B1174951F82410B3
:10E84000486A80472F22154932A0FAF74BFD12483B
:10E8500050F82400006A104951F82410C9690E4A82
:10E8600052F824209269CDE9002102900A4850F81C
:10E870002430182211462C48FAF734FD2BA0FAF761
:10E8800031FD641C002CAFD001200249087000202B
:10E89000A7E7000086010020DC7E0108E07E010879
:10E8A0006465766963655F7461626C655B695D2D43
:10E8B0003E6F70732E726561640000002825732915
:10E8C0002068617320617373657274206661696C7E
:10E8D00065642061742025732E0A000064657669E2
:10E8E00063655F7461626C655B695D2D3E6F70731B
:10E8F0002E777269746500006465766963655F747C
:10E9000061626C655B695D2D3E6F70732E6572612F
:10E91000736500005B442F46414C5D202825733A07
:10E920002564292000000000C08B01080A000000B7
:10E9300010B5FFF751FF0446002C00DA03E000F0A9
:10E9400079F9044600BF002C10DD1248007868B940
:10E9500001201049087010A0FAF7C4FC13A115A0FB
:10E96000FAF7C0FC20A0FAF7BDFC10E0002C0EDC8A
:10E9700000200849087030221D491EA0FAF7B2FC99
:10E980000AA123A0FAF7AEFC17A0FAF7ABFC2046C9
:10E9900010BD0000850100201B5B33323B32326D1D
:10E9A0005B492F46414C5D2000000000302E352E83
:10E9B00039390000466C617368204162737472617A
:10E9C0006374696F6E204C617965722028562573D7
:10E9D0002920696E697469616C697A652073756351
:10E9E000636573732E0000001B5B306D0A0000002E
:10E9F0009F7E01081B5B33313B32326D5B452F46F6
:10EA0000414C5D202825733A256429200000000030
:10EA1000466C617368204162737472616374696FDC
:10EA20006E204C6179657220285625732920696E05
:10EA3000697469616C697A65206661696C65642EC8
:10EA4000000000002DE9F04104460D46164600275F
:10EA5000B84634B9264A27A128A0FAF743FC00BFDC
:10EA6000FEE7A819A16B88420FD940F2EF122049A6
:10EA70002AA0FAF737FC30A0FAF734FC3CA0FAF7EA
:10EA800031FC4FF0FF30BDE8F081204600F000FE81
:10EA90008046B8F1000F11D14FF4FB7214491FA04A
:10EAA000FAF720FC221D04F11C013348FAF71AFC86
:10EAB0002FA0FAF717FC4FF0FF30E4E7616B48191D
:10EAC0003146D8F8302090470746002F0DDA40F243
:10EAD000FD12074911A0FAF705FC04F11C0127A05B
:10EAE000FAF700FC22A0FAF7FDFB3846CBE700005E
:10EAF0006580010870617274000000002825732988
:10EB00002068617320617373657274206661696C3B
:10EB100065642061742025732E0A00001B5B33316D
:10EB20003B32326D5B452F46414C5D202825733AC0
:10EB30002564292000000000506172746974696FB7
:10EB40006E206572617365206572726F722120504C
:10EB50006172746974696F6E206164647265737345
:10EB6000206F7574206F6620626F756E642E0000D2
:10EB70001B5B306D0A000000048D01085061727447
:10EB80006974696F6E206572617365206572726F5A
:10EB9000722120466C61736820646576696365281C
:10EBA000257329206572617365206572726F722109
:10EBB0000000000070B505461048007830B9104AD2
:10EBC00010A112A0FAF78EFB00BFFEE700240EE0B2
:10EBD0001648006800EB8410011D2846F5F707FC75
:10EBE00020B91248006800EB841070BD641C104806
:10EBF00000688442ECD30020F7E70000CC0100203D
:10EC0000DC7F0108696E69745F6F6B0028257329CA
:10EC10002068617320617373657274206661696C2A
:10EC200065642061742025732E0A0000C401002051
:10EC3000D001002010B50E48007810B10D480068D2
:10EC400010BD0D480D49086001200A4908600846BA
:10EC500001680A480068FFF703FB00B103E00120E8
:10EC60000349087000BF00F095F902480068E7E723
:10EC7000CC010020D0010020807F0108C4010020C9
:10EC80002DE9F04704460D4616461F464FF0000892
:10EC9000C14634B92B4A2CA12DA0FAF723FB00BFA3
:10ECA000FEE736B9274A32A129A0FAF71BFB00BFBD
:10ECB000FEE7E819A16B88420FD940F29F12214963
:10ECC0002CA0FAF70FFB32A0FAF70CFB3EA0FAF7E4
:10ECD00009FB4FF0FF30BDE8F087204600F0D8FC7C
:10ECE0008146B9F1000F11D14FF4D372154921A01B
:10ECF000FAF7F8FA221D04F11C013548FAF7F2FA86
:10ED000031A0FAF7EFFA4FF0FF30E4E7616B4819F2
:10ED10003A463146D9F8283098478046B8F1000F76
:10ED20000DDA40F2AD12074912A0FAF7DBFA04F14E
:10ED30001C0128A0FAF7D6FA23A0FAF7D3FA404626
:10ED4000C9E700003E800108706172740000000095
:10ED5000282573292068617320617373657274209C
:10ED60006661696C65642061742025732E0A000059
:10ED7000627566001B5B33313B32326D5B452F465B
:10ED8000414C5D202825733A2564292000000000AD
:10ED9000506172746974696F6E2072656164206578
:10EDA00072726F722120506172746974696F6E2083
:10EDB00061646472657373206F7574206F6620627E
:10EDC0006F756E642E0000001B5B306D0A00000042
:10EDD000B88C0108506172746974696F6E20726535
:10EDE0006164206572726F722120466C61736820C5
:10EDF00064657669636528257329207265616420DE
:10EE00006572726F722100002DE9F04704460D46CD
:10EE100016461F464FF00008C14634B92B4A2CA1B4
:10EE20002DA0FAF75FFA00BFFEE736B9274A32A1F4
:10EE300029A0FAF757FA00BFFEE7E819A16B88424C
:10EE40000FD94FF4E47221492CA0FAF74BFA32A003
:10EE5000FAF748FA3EA0FAF745FA4FF0FF30BDE85E
:10EE6000F087204600F014FC8146B9F1000F11D163
:10EE700040F2CF12154921A0FAF734FA221D04F10D
:10EE80001C013548FAF72EFA31A0FAF72BFA4FF0A9
:10EE9000FF30E4E7616B48193A463146D9F82C3027
:10EEA00098478046B8F1000F0DDA4FF4EB7207492E
:10EEB00012A0FAF717FA04F11C0128A0FAF712FAC7
:10EEC00023A0FAF70FFA4046C9E700005180010875
:10EED0007061727400000000282573292068617336
:10EEE00020617373657274206661696C656420616A
:10EEF000742025732E0A0000627566001B5B333197
:10EF00003B32326D5B452F46414C5D202825733ADC
:10EF10002564292000000000506172746974696FD3
:10EF20006E207772697465206572726F722120504D
:10EF30006172746974696F6E206164647265737361
:10EF4000206F7574206F6620626F756E642E0000EE
:10EF50001B5B306D0A0000006C8C010850617274FC
:10EF60006974696F6E207772697465206572726F5B
:10EF7000722120466C617368206465766963652838
:10EF8000257329207772697465206572726F72210A
:10EF9000000000002DE9F04385B03EA70FF2FC0809
:10EFA0003846F5F71DFA81464046F5F719FA064648
:10EFB0003D480068F0B1002518E03C48006800EBCF
:10EFC0008514201DF5F70CFA484503D9201DF5F7E7
:10EFD00007FA814604F11C00F5F702FAB04204D9A1
:10EFE00004F11C00F5F7FCF906466D1C2E4800687C
:10EFF0008542E2D32EA0FAF775F932A0FAF772F93A
:10F0000040A0FAF76FF92AA0FAF76CF918203B46EE
:10F0100002464946CDE9010800963CA0FAF762F99C
:10F0200038A0FAF75FF922A0FAF75CF943A0FAF7E3
:10F0300059F934A0FAF756F900251AE01B48006880
:10F0400000EB85141AA0FAF74DF904F11C021823FD
:10F05000D4E90D10CDE90063CDE902210490231D10
:10F060001822494645A0FAF73DF926A0FAF73AF9E1
:10F070006D1C0D4800688542E0D30DA0FAF732F907
:10F0800048A0FAF72FF91FA0FAF72CF905B0BDE850
:10F09000F08300006E616D6500000000666C6173B6
:10F0A000685F646576000000D0010020C401002084
:10F0B0001B5B33323B32326D5B492F46414C5D2046
:10F0C000000000003D3D3D3D3D3D3D3D3D3D3D3D64
:10F0D0003D3D3D3D3D3D3D3D2046414C20706172F2
:10F0E000746974696F6E207461626C65203D3D3D8A
:10F0F0003D3D3D3D3D3D3D3D3D3D3D3D3D3D3D3D40
:10F100003D0000001B5B306D0A0000007C20252DB7
:10F110002A2E2A73207C20252D2A2E2A73207C203B
:10F1200020206F66667365742020207C20202020BC
:10F130006C656E67746820207C0000002D2D2D2DDD
:10F140002D2D2D2D2D2D2D2D2D2D2D2D2D2D2D2DEF
:10F150002D2D2D2D2D2D2D2D2D2D2D2D2D2D2D2DDF
:10F160002D2D2D2D2D2D2D2D2D2D2D2D2D2D2D2DCF
:10F170002D2D2D2D2D2D2D2D2D0000007C20252D0C
:10F180002A2E2A73207C20252D2A2E2A73207C20CB
:10F1900030782530386C78207C20307825303878ED
:10F1A000207C00003D3D3D3D3D3D3D3D3D3D3D3DE7
:10F1B0003D3D3D3D3D3D3D3D3D3D3D3D3D3D3D3D7F
:10F1C0003D3D3D3D3D3D3D3D3D3D3D3D3D3D3D3D6F
:10F1D0003D3D3D3D3D3D3D3D3D3D3D3D3D3D3D3D5F
:10F1E0003D00000070B504460E461546002C13D1B4
:10F1F00045A0FAF777F848A02168FAF773F840F2CB
:10F20000A62247A153A0FAF76DF8554A55A156A07A
:10F21000FAF768F800BFFEE70C2E72D2DFE806F0BE
:10F220000620232527424671714B5657207D002822
:10F2300013D035A0FAF756F837A02168FAF752F83C
:10F2400040F2AB2236A143A0FAF74CF8444A4EA153
:10F2500045A0FAF747F800BFFEE72868E06050E0F5
:10F26000E06828604DE0A5614BE0E56149E0207D64
:10F27000012813D024A0FAF735F827A02168FAF75F
:10F2800031F840F2B92226A132A0FAF72BF8344A1D
:10F2900044A135A0FAF726F800BFFEE7287884F8E5
:10F2A00074002EE094F8740028702AE0D4E9180164
:10F2B000C5E9000125E014A0FAF714F816A02168AA
:10F2C000FAF710F83E48FAF70DF81AE019E0207D39
:10F2D000002813D00CA0FAF705F80FA02168FAF760
:10F2E00001F84FF435720EA11AA0F9F7FBFF1C4A82
:10F2F00025A11DA0F9F7F6FF00BFFEE72878A0754D
:10F3000000BF00BF70BD00005B466C617368444283
:10F310005D5B74736C5D00005B25735D2000000015
:10F320002E2E5C436F6D70656E74735C4D6F6475EB
:10F330006C65735C466C61736844422D312E312ECE
:10F34000325C7372635C6664625F747364622E63C2
:10F35000000000002825733A2564292000000000E1
:10F36000F37901086462000028257329206861731D
:10F3700020617373657274206661696C65642061D5
:10F38000742025732E0A000064622D3E7061726540
:10F390006E742E696E69745F6F6B203D3D206661EF
:10F3A0006C73650064622D3E706172656E742E69C7
:10F3B0006E69745F6F6B203D3D207472756500004F
:10F3C000748B01082DE9F04FA1B0044688469146A0
:10F3D0001D46DDE92A7A002600200E900F9010903D
:10F3E00011900E94002D13D15DA0F9F77BFF60A062
:10F3F0002168F9F777FF4FF43B725FA16BA0F9F733
:10F4000071FF6D4A6DA170A0F9F76CFF00BFFEE7B8
:10F4100001234A4641462046CDF800A0FDF7E6F913
:10F42000064606B194E0A566E766012084F87400FC
:10F43000801E20670146E162E068B84213D848A008
:10F44000F9F750FF4AA02168F9F74CFF40F2FA2281
:10F4500049A156A0F9F746FF574A63A15AA0F9F708
:10F4600041FF00BFFEE70020139001206549002204
:10F470000EABCDE90021029012A9204606F0CCFA8D
:10F480009DF83C0038B1A07D08B1022660E020461E
:10F4900008F00CF818E0109909B1119808E094F8F8
:10F4A000741009B1E06A03E0D4E90321881AE0622C
:10F4B000E16801442269914202D30021216702E000
:10F4C000E1680144216700BF25A0F9F70BFF28A0E0
:10F4D0002168F9F707FF40F21B3227A133A0F9F7A3
:10F4E00001FF4948E36A226F2168F9F7FBFE012317
:10F4F00004F128022046E16A05F0FEFE2920005DA5
:10F50000022804D1D4E91001C4E918011FE0292020
:10F51000005D01281BD1216FE06A814217D0D4F829
:10F520002CB0BBF1000F04D1D4E90310A0EB010B08
:10F5300002E0E068ABEB000B00236A465946204628
:10F5400005F0DAFEDDE90601C4E9180100BF00BFDD
:10F5500031462046FDF790FA304621B000F056B80B
:10F560005B466C61736844425D5B74736C5D000064
:10F570005B25735D200000002E2E5C436F6D70656F
:10F580006E74735C4D6F64756C65735C466C61730F
:10F590006844422D312E312E325C7372635C666496
:10F5A000625F747364622E63000000002825733A62
:10F5B0002564292000000000047A01086765745F53
:10F5C00074696D6500000000282573292068617347
:10F5D00020617373657274206661696C6564206173
:10F5E000742025732E0A00006D61785F6C656E20B3
:10F5F0003C2064625F7365635F73697A6528646247
:10F600002900000065E30008E48A010830BCBDE879
:10F61000C08F00001CB504F067FF07F0ABFB0020B3
:10F6200080210D4B0DA2CDE900100FA11248FFF76C
:10F63000C9FE0446114A06210F48FFF7D3FD07E033
:10F640004FF47A7004F028FE0D490EA0F9F74AFE37
:10F65000002CF5D11CBD0000092D01086664625F15
:10F6600074736462000000006F66666C696E655FAB
:10F67000646174610000000018130020B4000020D1
:10F68000EF7801080A2573204661696C0A000000C2
:10F6900010B5044611480068844206D2104A11A1F0
:10F6A00016A0F9F71FFE00BFFEE71C480068401EC9
:10F6B0000A49096801EB8010A04206D2084A18A145
:10F6C0000EA0F9F70FFE00BFFEE704480068201AFD
:10F6D0008011204951F8200010BD0000C401002015
:10F6E000EF7F010870617274203E3D20706172747A
:10F6F0006974696F6E5F7461626C65002825732997
:10F700002068617320617373657274206661696C2F
:10F7100065642061742025732E0A0000D00100204A
:10F7200070617274203C3D20267061727469746946
:10F730006F6E5F7461626C655B706172746974692D
:10F740006F6E5F7461626C655F6C656E202D203139
:10F750005D000000C80100202DE9F04104460D467F
:10F7600017462E463046616800F004F80020BDE8D8
:10F77000F081000070B590B004460E460025E068A8
:10F78000B6FBF0F100FB1160002812D01DA0F9F7C4
:10F79000A9FD20A02168F9F7A5FDE7221FA12CA053
:10F7A000F9F7A0FD2D4A2EA134A0F9F79BFD00BF6B
:10F7B000FEE731462046E268FCF7B5FF0546FDB995
:10F7C00000BF01200090042302AA31460190204688
:10F7D000FDF7D6F9054615B1284610B070BD00BF3B
:10F7E0002E48039000BF0120042303AA311D00907E
:10F7F0002046FCF7C6FF05460DB12846EDE700BFE1
:10F800002846EAE75B466C61736844425D5B74734B
:10F810006C5D00005B25735D200000002E2E5C43B4
:10F820006F6D70656E74735C4D6F64756C65735C41
:10F83000466C61736844422D312E312E325C7372F6
:10F84000635C6664625F747364622E630000000030
:10F850002825733A2564292000000000DA79010880
:10F860006164647220252064625F7365635F7369FD
:10F870007A6528646229203D3D20300028257329BF
:10F880002068617320617373657274206661696CAE
:10F8900065642061742025732E0A000054534C3097
:10F8A00010B53648C07920B1012808D0022811D1FE
:10F8B0000BE04FF400713248FAF705F80BE04FF413
:10F8C00080712F48F9F7FFFF05E008212C48F9F770
:10F8D000FAFF00E000BF00BF642004F0DDFC4FF43D
:10F8E00000412748F9F7EFFF40F6B83004F0D4FCA8
:10F8F00008212448F9F7DDFF02212248F9F7E3FF48
:10F9000004212048F9F7D5FF4FF47A7004F0C4FCC5
:10F9100002211C48F9F7CDFF04211A48F9F7C9FF65
:10F920004FF400411648F9F7C4FF1448C07920B1DC
:10F93000012808D0022811D10BE04FF400711048C3
:10F94000F9F7B7FF0BE04FF480710D48F9F7B1FFFD
:10F9500005E008210A48F9F7ACFF00E000BF00BF4E
:10F960000648007A00F0010030B90448807920F0A0
:10F97000400040300149887110BD0000340A002069
:10F98000000400480008004810B53948C07920B18B
:10F99000012808D0022811D10BE04FF4007135483E
:10F9A000F9F791FF0BE04FF480713248F9F78BFFC4
:10F9B00005E008212F48F9F786FF00E000BF00BFEF
:10F9C000642004F069FC4FF400412A48F9F77BFFFA
:10F9D00040F6B83004F060FC4FF480412548F9F758
:10F9E00068FF4FF480512348F9F76DFF4FF4005141
:10F9F0002048F9F75EFF4FF47A7004F04DFC4FF4A5
:10FA000080511C48F9F755FF4FF400511948F9F798
:10FA100050FF4FF400411748F9F74BFF1448C079E5
:10FA200020B1012808D0022811D10BE04FF4007159
:10FA30001048F9F73EFF0BE04FF480710D48F9F7DD
:10FA400038FF05E008210B48F9F733FF00E000BF5D
:10FA500000BF0748007A00F00200012806D00448E1
:10FA6000807920F0800080300149887110BD00004D
:10FA7000340A00200004004803B591B0FBA111989E
:10FA8000F4F79CFC002831D0129818282ED8129830
:10FA900016282BD3FBA11198F4F790FC1090109826
:10FAA000401CF4F7B6FD80B20F900F98B0F5B46F1C
:10FAB00013DC0F980A2810DBF3490F984882F3A152
:10FAC000F3A0F9F70FFCF048408A01460E90F2A02F
:10FAD000F9F708FCF8F772FC03E0F7A1ECA0F9F7DE
:10FAE00001FCF7A0F9F7FEFB01F0F0B8FEA11198B8
:10FAF000F4F764FC48B34FF4FA71FE48F4F753FC92
:10FB0000FD48807AFC49497AFB4A127AFA4BDB7944
:10FB1000CDE90232CDE90410F7488079F6494979F8
:10FB2000CDE90010F44800791090F348C0780F90A8
:10FB30000246F2A1EF48109BFCF7E2FCED48F7F714
:10FB400025F9642004F0A8FBCEE7F6A11198F4F79C
:10FB500035FC80B14FF4FA71E648F4F724FCF5A2C5
:10FB6000F6A1E448FCF7CCFCE248F7F70FF9642073
:10FB700004F092FBB8E7F5A11198F4F71FFC0028F8
:10FB80006DD0C0A11198F4F719FC401C109010988A
:10FB9000F4F73FFD0F900F9800285FD0BA4890ED22
:10FBA000060ADFEDEF0A60EE200A9DED0F0AB8EEBF
:10FBB000400A9FEDEB1A00EE810ABCEEC00A8DED03
:10FBC0000F0A0FA8F4F734FB0E900E98406900F26C
:10FBD0006C70E44948610E98006908610E98C0682D
:10FBE000C8600E98806888600E98406848600E98DB
:10FBF000006808600846C0680D9008460069401C0F
:10FC00000C90084640690B90DDE90C1207F00CFDE2
:10FC1000D449886103F01CF806F034FAFBF738FF8A
:10FC20009AA19BA0F9F75EFBCE480068CD494968D0
:10FC3000CC4A9268CDE900210290CA48C0680D9074
:10FC4000C8480069401C0C90C64840690B900146AA
:10FC5000C5A0DDE90C23F9F745FB00BF44E7CEA1C1
:10FC60001198F4F7ABFB50B111984079012806D1F7
:10FC7000F8F75CFC642004F00FFBFCF701FDC7A162
:10FC80001198F4F79BFB20B1C6A0F7F77FF8FCF7BB
:10FC9000F7FCC7A11198F4F791FBA8B17A488079D5
:10FCA000C0F3800060B97848807920F00400001D1E
:10FCB000754988710120904981F84800F8F7DEFA0B
:10FCC000BFA0F7F763F80FE7BFA11198F4F776FB31
:10FCD00080B16D488079C0F3800038B16A4880797E
:10FCE00020F0040068498871F8F7C8FABAA0F7F75D
:10FCF0004DF8F9E6BBA11198F4F760FB00287DD020
:10FD00004FF4FA717B48F4F74EFB0E230D22B9A194
:10FD10007848FCF7F5FB7748F7F738F8642004F0EB
:10FD2000BBFA4FF4FA717348F4F73DFBBC48027814
:10FD3000BCA17048FCF7E4FB6E48F7F727F8642095
:10FD400004F0AAFA4FF4FA716A48F4F72CFB4E4813
:10FD50008079C0F380000246B7A110906548FCF797
:10FD6000CFFB6448F7F712F8642004F095FA4FF4DB
:10FD7000FA716048F4F717FB4348408A0246B2A183
:10FD800010905C48FCF7BCFB5A48F6F7FFFF642074
:10FD900004F082FA4FF4FA715648F4F704FBAFA26C
:10FDA000B0A15448FCF7ACFB5248F6F7EFFF6420D3
:10FDB00004F072FA4FF4FA714E48F4F7F4FA4E4830
:10FDC000807A4D49497A4C4A127A4B4BDB79CDE91E
:10FDD0000232CDE904104848807947494979CDE994
:10FDE00000104548007910904348C0780F900246B3
:10FDF000A0A14048109BFCF783FB00E0EFE13D48E9
:10FE0000F6F7C4FF642004F047FA4FF4FA7139485A
:10FE1000F4F7C9FA3848827C407C3749097C364B74
:10FE2000DB7BCDE90231CDE904023348807B3249E6
:10FE3000497BCDE900103048007B10902E48C07AF5
:10FE40000F90024696A12B48109BFCF759FB2948BE
:10FE5000F6F79CFF642004F01FFA4FF4FA7125486E
:10FE6000F4F7A1FA244890F822002FE1536574209A
:10FE70005265706F727420496E74657276616C3A67
:10FE8000000000003A000000340A00204C4F4700F8
:10FE90000A5B25735D000000526563762055617230
:10FEA00074205265706F727420496E746572766149
:10FEB0006C203A2025646D004552524F52000000DC
:10FEC000526563762055617274205265706F72744A
:10FED00020496E74657276616C20506172616D208C
:10FEE0004552524F5200000067657444657645756F
:10FEF00069000000400800201014002044455645C9
:10FF000055493A2530325825303258253032582557
:10FF10003032582530325825303258253032582565
:10FF20003032580067657450726F63744E616D654E
:10FF300000000000535643313030000050726F63B0
:10FF4000744E616D653A25730000000073796E632D
:10FF500044657669636554696D657374616D70009D
:10FF600000007042CC0A00205265637620424C4566
:10FF70002053796E632054696D6520434D442C20D5
:10FF8000253034642D253032642D253032642D2502
:10FF9000643A25643A256400686B74007265626F88
:10FFA0006F7400007265626F6F74206F6E000000E6
:10FFB000737769746368506F7765724F4E00000005
:10FFC000506F7765724F4E00737769746368506F36
:10FFD0007765724F46460000506F7765724F464610
:10FFE0000000000067657444657669636553746159
:10FFF0007475730048415244574152455F5645520B
:020000040801F1
:100000003A20307825303258202C534F46545741EF
:1000100052455F5645523A2030782530325800001C
:1000200000000020626174746572794C6576656CBD
:100030003A20256400000000706F77657253746188
:100040007475733A202564006461746153796E633A
:10005000506572696F643A2025640000436C6173D7
:10006000732041004C6F526157414E4A6F696E3A9E
:10007000202573004445564555493A2025303278AD
:100080002530327825303278253032782530327874
:100090002530327825303278253032780000000063
:1000A0004150504555493A20253032782530327834
:1000B0002530327825303278253032782530327844
:1000C000253032782530327800000000FD4991F863
:1000D000212091F82010FB4BDB7FCDE90A31CDE9DF
:1000E0000C20F848817F407FF64A127FF54BDB7E7B
:1000F000CDE90632CDE90801F248817E427E007EDC
:10010000F04BDB7DCDE90230CDE90421ED48807D67
:10011000EC49497DCDE90010EA48007D1090E9489E
:10012000C07C0F900246E849E848109BFCF7E8F9CC
:10013000E648F6F72BFE642004F0AEF84FF4FA71AF
:10014000E248F4F730F9DF48007800F00100024699
:10015000DFA11090DD48FCF7D3F9DC48F6F716FE76
:10016000642004F099F84FF4FA71D848F4F71BF9B9
:10017000DB48808A0090DA488079C0F30010109044
:10018000D7488079C0F380100F900246D5A1CF48A0
:10019000109BFCF7B5F9CD48F6F7F8FD642004F0A4
:1001A0007BF84FF4FA71C948F4F7FDF8CC48C08ADF
:1001B0000090CB488079C0F340101090C8488079F7
:1001C000C0090F900246D1A1C048109BFCF798F9D6
:1001D000BE48F6F7DBFD642004F05EF884E4AFF27D
:1001E00048211198F4F7EAF800287DD01198407959
:1001F000052803D011984079092875D1CDA0DDE9F3
:100200001112F6F727FE11988079109011988079D5
:10021000FF2802D1FDF7ACFEDFE111988079FC28C0
:1002200002D1FDF7A9FDD8E111988079FB2802D110
:10023000FDF74AFDD1E111988079092803D0119882
:1002400080790A2838D11198807909281BD1A448CF
:100250008079C0F3800088B9A148807920F004003B
:10026000001D9F498871F8F709F8AFF2E031AFF24D
:10027000E030F9F737F8B1A0F9F734F801219148E7
:1002800080F8481015E096488079C0F3800080B16E
:100290009348807920F0040191488171F7F7EEFFCF
:1002A000AFF21841AFF21840F9F71CF8A8A0F9F71F
:1002B00019F8FDF70FFE90E111988079F92856D1D1
:1002C0001198807A012829D14102A648F9F7F7FA56
:1002D0004FF40041A348F9F7F2FA0821A248F9F7D0
:1002E000E4FA0221A04800E078E1F9F7E8FA0421F5
:1002F0009D48F9F7DAFA4FF480419A48F9F7D5FAB0
:100300004FF480519748F9F7DAFA4FF400519548C5
:10031000F9F7CBFA0120FDF741FF5EE10821924891
:10032000F9F7C3FA02219048F9F7BFFA04218E4881
:10033000F9F7BBFA4FF480418A48F9F7B6FA4FF45F
:1003400080518848F9F7B1FA4FF400518548F9F720
:10035000ACFA4FF400418348F9F7A7FA4FF4007163
:100360008048F9F7A2FA0020FDF718FF35E111984F
:100370008079FA2879D11198C07901061198007A0C
:1003800041EA00411198407A41EA00201199897AA6
:1003900008430F900F98002864D0514890ED060A4A
:1003A000DFED720A60EE200A9DED0F0AB8EE400AFA
:1003B0009FED6E1A00EE810ABCEEC00A8DED0F0AA9
:1003C0000FA8F3F735FF0E900E98406900F26C709D
:1003D000674948610E98006908610E98C1686448D1
:1003E000C1600E988068624988600E9840684860D5
:1003F0000E98006808600846C0680D9008460069BD
:10040000401C0C90084640690B90DDE90C1207F087
:100410000BF95749886102F01BFC05F033FEFBF72E
:1004200037FBAFF29851AFF29850F8F75BFF5048A6
:10043000016840684E4A92684D4BDB68CDE9003256
:10044000CDE902014A480069401C0D9048484069C6
:100450000C90024600E008E046A00D9B0F99F8F7CB
:1004600041FF00BFFDF736FEB7E011988079FE2806
:1004700027D11198807A012812D119488079C0F3C8
:100480008000E8B91648807920F00400001D144966
:10049000887101200B4981F84800F7F7EFFE0FE063
:1004A0001198807A60B90E488079C0F3800038B125
:1004B0000B48807920F0040009498871F7F7DEFEC7
:1004C00070E07FE0101400208086010840080020C2
:1004D0004A6F696E2053746174653A202564000088
:1004E000340A002056616C7565312053746174655F
:1004F0005B25645D20496E73657274315B25645DB4
:100500002050756C7365315B25645D0056616C75B8
:1005100065322053746174655B25645D20496E7398
:10052000657274325B25645D2050756C7365325B57
:1005300025645D00526576424C4500005265637645
:1005400020424C4520506F776572204F4E000000CE
:100550005265637620424C4520506F776572204F7C
:1005600046460000000400480008004800007042B1
:10057000CC0A00205265637620424C452053796EA8
:10058000632054696D655B25645D2C2025303464DF
:100590002D253032642D253032642D25643A2564B2
:1005A0003A256400AFF21C71AFF21C70F8F79AFEA6
:1005B0001198807A01460F90FEA0F8F793FEFDF7A0
:1005C00035FB0AE01198C079012806D1F7F7AEFF94
:1005D000642003F061FEFCF753F877E3AFF2486163
:1005E0001198F3F7EBFE50B111984079012806D12C
:1005F000F7F79CFF642003F04FFEFCF741F8AFF2E1
:1006000068611198F3F7DAFE00287CD011984079E0
:1006100004287DD111988079062879D11198C07964
:1006200001061198007A41EA00411198407A41EAA6
:1006300000201199897A084310901098002866D0FC
:10064000E34890ED060A5FED370A60EE200A9DED63
:10065000100AB8EE400A1FED3B1A00EE810ABCEE0C
:10066000C00A8DED100A10A8F3F7E2FD0F900F9865
:10067000406900F26C70D74948610F9800690861C1
:100680000F98C068C8600F98806888600F984068AD
:1006900048600F98006808600846C0680E900846D9
:1006A0000069401C0D90084640690C90DDE90D1270
:1006B00006F0BAFFC749886102F0CAFA05F0E2FC09
:1006C000FBF7E6F9FDF7B2FAAFF64001AFF64000EE
:1006D000F8F708FEBF480068BE494968BD4A9268FD
:1006E000BC4BDB68CDE90032CDE90210B9480069A6
:1006F000401C0E90B74840690D900246AFF28C1036
:100700000E9B109900E003E0F8F7ECFD00BFDDE27E
:10071000AFF27C711198F3F751FE00287DD011984B
:100720004079082879D1119880790228FAD1119856
:10073000C07910901198007A0F901198407A0E901D
:100740001198807A0D901198C07A0C901198417B85
:10075000007B41EA00200B900C981A280BDDAFF6C5
:10076000A801AFF6D400F8F7BDFD9BA00C99F8F7EF
:10077000B9FD13B000BD0B98012803DB0B98B0F551
:10078000B46F02DD0B9800286ED191490B98488216
:100790001098C8710F9808720E9848720D98887258
:1007A000F7F76CFDF7F70AFE0C98192805D1B0EEA3
:1007B0000C0A874880ED060A1DE00C981A2805D11E
:1007C000B1EE060A824880ED060A14E00C980D2866
:1007D00007DA9DED0C0AB8EE400A7D4880ED060A66
:1007E00009E00C98C0F10C0000EE100AB8EEC00A47
:1007F000774880ED060AAFF66C11AFF66C10F8F78B
:1008000071FD734880690790F4F7C9F8CDE90801D4
:100810009DED080B53EC102B00E035E075A0F8F7C8
:1008200061FDFDF7DDFE05F02DFCFBF731F9F7F773
:10083000F5FD764800687649086002F02BFF6448B1
:10084000807920F00100401C61498871AFF6C41125
:10085000AFF6C410F8F746FD5D48408A01460A909D
:100860006CA0F8F73FFD0CE0AFF6B411AFF6E01066
:10087000F8F738FD5648408A01460A906EA0F8F70E
:1008800031FDFDF7D3F921E2AFF6F4011198F3F74A
:1008900095FD002878D011984079072874D11198D7
:1008A0008079032870D16F480068407A0128EAD027
:1008B000FDF7BCF96C480021016041608160C160B6
:1008C0001198801D10901098407867490870109812
:1008D0008078487010980179C07841EA0020624918
:1008E000886010988179407941EA00205E498880CB
:1008F0000846806838B10846806844490968084459
:100900005949C86002E000205749C8600020564994
:10091000C880012088705548F8F7E4FC52484078B8
:10092000A0B95148007850B1012802D002280BD15B
:1009300002E0FCF73BFF08E0FCF7AAFF05E0FCF74C
:1009400035FFFCF7A5FF00E000BF14E04648007843
:1009500050B1012802D002280BD102E0FEF7A0FF1F
:1009600008E0FFF711F805E0FEF79AFFFFF70CF833
:1009700000E000BF00BF1648807920F00100401C55
:1009800013498871A2E1FFE7AFF6F4111198F3F76C
:1009900015FD00286CD0119840790B2868D111986A
:1009A00080790428FAD1002010901198C01D0F9072
:1009B00000205EE05265637620424C4520506F7700
:1009C000657220434D44205B253032585D000000A5
:1009D000340A0020CC0A0020436F6E6669672054F9
:1009E000696D65205A6F6E65204572725B25645D86
:1009F00000000000436F6E6669672054696D6520D2
:100A00005A6F6E65205B252E31665D004400002024
:100A10001400002055706461746520446576696334
:100A2000652053796E6320496E74657276616C3A05
:100A30002025646D696E0000557064617465204402
:100A400065766963652053796E6320496E746572BB
:100A500076616C204552524F523A2025646D696E82
:100A60000000000060060020540700202C850108CB
:100A7000DEE00C900D900E900F9800788DF830000D
:100A80000F9840788DF831000F9880788DF83200FB
:100A90000F980179C07841EA0020ADF83A000F982C
:100AA0008179407941EA002010903C21109890FB18
:100AB000F1F0C0B28DF83300109890FBF1F201FB19
:100AC0001200C0B28DF834000F98017AC07941EA63
:100AD000002010903C21109890FBF1F0C0B28DF8EE
:100AE0003500109890FBF1F201FB1200C0B28DF8B6
:100AF00036000F98407A8DF837009DF830001028A6
:100B000002DC9DF8300068B9AFF65441AFF6804082
:100B1000F8F7E8FB9DF8300001460B906CA0F8F761
:100B2000E1FB26E69DF83100022811DDAFF67841A1
:100B3000AFF6A440F8F7D6FB9DF831000B909DF876
:100B400030000A90014666A00B9AF8F7CBFB10E63E
:100B50009DF83200012811DDAFF6A441AFF6D04078
:100B6000F8F7C0FB9DF832000B909DF830000A901A
:100B7000014661A00B9AF8F7B5FBFAE59DF8330042
:100B800017280BDC9DF834003B2807DC9DF8350066
:100B9000172803DC9DF836003B281BDDAFF6E84143
:100BA000AFF61450F8F79EFB9DF836009DF835100F
:100BB000CDE900109DF834000B909DF833000A90A9
:100BC0009DF830000990014651A0DDE90A23F8F7AD
:100BD00089FBCEE59DF837007F2811DDAFF628515F
:100BE000AFF65450F8F77EFB9DF837000B909DF858
:100BF00030000A9001464EA00B9AF8F773FBB8E557
:100C000001208DF838009DF83000401E00EB4001B7
:100C10004D4800EB81010C9808600D9848600E98D3
:100C2000886002F037FDF7F773FBFCF7FFFF4DE03C
:100C3000AFF69C411198F3F7C1FBA0B3119840792E
:100C4000022843D11198807905283FD11198C079A5
:100C500010901098102802DD1098FF2801D11098EC
:100C600050B9AFF6AC51AFF6D850F8F73BFB37A010
:100C70001099F8F737FB7CE51098FF2808D01098FA
:100C8000401E00EB4001304800EB8100407A08B183
:100C900002F000FD1098FF2806D1F4212A48001F19
:100CA000F3F781FB0BE011E01098401E00EB4001D0
:100CB000254800EB8100002101604160816002F065
:100CC000E9FCF7F725FBFCF7B1FF00BF00BF50E5DB
:100CD0005461736B5B25645D20494420457272004A
:100CE0005461736B5B25645D2056616C75652045AE
:100CF00072725B25645D00005461736B5B25645DFB
:100D0000205374617465204572725B25645D000038
:100D10005461736B5B25645D2054696D6520457279
:100D2000725B25643A25642D25643A25645D0000D4
:100D30005461736B5B25645D20526570656174203E
:100D40004572725B25645D006406002044656C6535
:100D50007465205461736B5B25645D2049442045B4
:100D60007272000003B595B01E20FC498873FCA187
:100D70001598F3F723FB002833D01698182830D89D
:100D8000169815282DD3FCA11598F3F717FB14908E
:100D90001498401CF3F73DFC80B213901398B0F503
:100DA000B46F02DC13980A2801DA139880B9EB4972
:100DB00013984882F1A1F2A0F8F794FAE748408A24
:100DC00001461290F0A0F8F78DFAF7F7F7FA03E072
:100DD000F5A1EBA0F8F786FAF5A0F8F783FA01F091
:100DE0006FB8FDA11598F3F7E9FA002832D01698EC
:100DF00016282FD8169813282CD3DFA11598F3F7AF
:100E0000DDFA14901498401CF3F703FC80B21390A1
:100E10001398B0F5B46F02DC13980A2801DA13981E
:100E200080B9CE4913984882F0A1D5A0F8F75AFAB4
:100E3000CA48408A01461290EDA0F8F753FAF7F736
:100E4000BDFA03E0E9A1CEA0F8F74CFAF0A0F8F75C
:100E500049FAC4E7F6A11598F3F7B0FA00287AD05A
:100E6000F6A11598F3F7AAFA0028F8D0F6A115987C
:100E7000F3F7A4FA0028F2D07821F648F3F793FAB2
:100E8000F5A11598F3F79AFA13900020129011909B
:100E900012ABF04AF4A11398FDF743FB129808280F
:100EA0007CD1D2A1B6A0F8F71DFAF0A0F8F71AFA93
:100EB000E8480068B0A11090F3F780FA14901498F5
:100EC000401CF3F78DFAB8B11498401CF3F788FA78
:100ED000032811D81498401CF3F79BFBE84948708D
:100EE000C2A1A7A0F8F7FEF9E548407801461090A6
:100EF000E4A0F8F7F7F903E0BCA1A1A0F8F7F2F934
:100F0000E7A0F8F7EFF9D34840689BA11090F3F7FA
:100F100055FA14901498401CF3F762FA06281FD172
:100F2000E6A000681090149B5B1CE5A2032110A8AA
:100F3000FBF7CCFA10A8F3F76CFB4FF47A71484337
:100F4000CF49C864A9A18EA0F8F7CCF9CC48C06CF1
:100F500001460F9000E09EE3DAA0F8F7C3F903E042
:100F6000A2A187A0F8F7BEF9CDA0F8F7BBF9B94860
:100F7000806881A11090F3F721FA14901498401C16
:100F8000F3F72EFA072819D1D5A11498401CF3F7CE
:100F900015FA20B10020BA49887003E071E30220FD
:100FA000B749887091A176A0F8F79CF9B448807889
:100FB00001461090CBA0F8F795F903E08BA170A043
:100FC000F8F790F9CEA0F8F78DF9A248C0686AA1A9
:100FD0001090F3F7F3F9401C14901498F3F700FA0B
:100FE00008283DD1002011900DE0A5480B30119943
:100FF00008441090149808440F901099FDF7BAFA1D
:101000001198401C119011980828EEDB5BA15CA0A0
:10101000F8F768F99A48807C9949497C984A127C8B
:10102000974BDB7BCDE90132CDE903109448807BFF
:1010300000909348407B10909148007B0F9090481F
:10104000C07C0E900146B5A0DDE90F23F8F74AF900
:1010500066A14BA0F8F746F9BCA0F8F743F903E006
:1010600062A147A0F8F73EF9BEA0F8F73BF979482E
:10107000006941A11090F3F7A1F9401C1490149855
:10108000F3F7AEF9102855D1002011900DE07C48FF
:101090001330119908441090149808440F90109937
:1010A000FDF768FA1198401C119011981028EEDB9A
:1010B00032A133A0F8F716F9714890F8221090F891
:1010C00021006F4A92F820206D4BDB7FCDE9093279
:1010D000CDE90B016A48817F407F694A127F684BE6
:1010E000DB7ECDE90532CDE907016548817E407E92
:1010F000634A127E624BDB7DCDE90132CDE903010B
:101100005F48807D00905E48407D10905C48007D87
:101110000F905B48C07C0E9001469A48DDE90F2392
:10112000F8F7E0F831A116A0F8F7DCF896A0F8F788
:10113000D9F803E02DA112A0F8F7D4F898A0F8F799
:10114000D1F8444840690CA11090F3F737F9401CDE
:1011500014901498F3F744F9042831E1340A00207C
:10116000536574205265706F727420496E74657295
:1011700076616C3A000000003A0000004C4F4700D6
:101180000A5B25735D00000052656376205561722D
:1011900074205265706F727420496E746572766146
:1011A0006C3A2025646D00004552524F52000000F9
:1011B000526563762055617274205265706F727447
:1011C00020496E74657276616C20506172616D2089
:1011D0004552524F5200000073657444617461536C
:1011E000796E63506572696F643A000041434B0049
:1011F0007365744461746153796E63506572696F8D
:10120000643A2025646D696E200D0A204F4B000062
:101210007365744461746153796E63506572696F6C
:101220006420506172616D204552524F520000009F
:101230004C6F526157414E506F7274004C6F526147
:1012400057414E46726571004C6F526157414E4A8C
:101250006F696E00981300204C6F526157414E50D9
:101260006F72743A000000002C0000007365744C2B
:101270006F526157414E506172616D204F4B0000BB
:10128000101400207365744C6F526157414E506FBB
:1012900072743A202564200D0A204F4B0000000094
:1012A0007365744C6F526157414E506F7274205089
:1012B0006172616D204552524F520000383638003D
:1012C000257300007365744C6F526157414E46722E
:1012D00065713A202564200D0A204F4B0000000064
:1012E000410000007365744C6F526157414E4A6F64
:1012F000696E3A202564200D0A204F4B0000000043
:101300007365744C6F526157414E4A6F696E20503D
:101310006172616D204552524F520000417070451C
:1013200055493A2025303278202530327820253032
:10133000327820253032782025303278202530321E
:101340007820253032782025303278007365744C4F
:101350006F526157414E415050455549200D0A206A
:101360004F4B00007365744C6F526157414E417092
:101370007045554920506172616D204552524F525F
:1013800000000000708501087365744C6F5261574E
:10139000414E4150504B4559200D0A204F4B000003
:1013A0007365744C6F526157414E4150504B4559D3
:1013B00020506172616D204552524F520000000072
:1013C0003CD1002011900CE0FD4811990844109088
:1013D000149808440F901099FDF7CCF81198401C10
:1013E000119011980428EFDBAFF27021AFF270205A
:1013F000F7F778FFF248233890F826000090F0487D
:10140000233890F825001090ED48233890F82400F8
:101410000F90EB48233890F823000E900146E9A086
:10142000DDE90F23F7F75EFFAFF24021AFF2B02006
:10143000F7F758FFEBA0F7F755FF05E0AFF254219F
:10144000AFF2C420F7F74EFFECA0F7F74BFFF348DD
:101450008069AFF2DC211090F2F7B0FF401C1490CD
:101460001498F2F7BDFF102872D1002011900DE002
:10147000D348001D119908441090149808440F9007
:101480001099FDF777F81198401C119011981028C9
:10149000EEDBAFF21831AFF21830F7F723FFC84890
:1014A000233890F8361090F8352090F83400C44B6B
:1014B000233B93F83330CDE90930CDE90B21C04807
:1014C000233890F83200BE49233991F8312091F841
:1014D0003010BB4B233B93F82F30CDE90531CDE9DC
:1014E0000720B748233890F82E1090F82D00B44A02
:1014F000233A92F82C20B24B233B93F82B30CDE9C2
:101500000132CDE90301AE48233890F82A0000905B
:10151000AB48233890F829001090A948233890F858
:1015200028000F90A648233890F827000E90014617
:10153000BB48DDE90F23F7F7D5FEAFF25031AFF22C
:10154000C030F7F7CFFEB7A0F7F7CCFE06E0FFE715
:10155000AFF26831AFF2D830F7F7C4FEB7A0F7F7B3
:10156000C1FEAE48C069AFF2F0311090F2F726FF2D
:10157000401C14901498F2F733FF102872D1002009
:1015800011900DE08E481430119908441090149871
:1015900008440F901099FCF7EDFF1198401C119032
:1015A00011981028EEDBAFF22C41AFF22C40F7F788
:1015B00099FE8348233890F8462090F845008049EA
:1015C000233991F844107E4B233B93F84330CDE907
:1015D0000931CDE90B027A48233890F8421090F88F
:1015E0004100774A233A92F84020754B233B93F809
:1015F0003F30CDE90532CDE907017148233890F835
:101600003E2090F83D1090F83C006D4B233B93F842
:101610003B30CDE90130CDE903126948233890F819
:101620003A0000906648233890F8390010906448DA
:10163000233890F838000F906148233890F837002D
:101640000E9001468548DDE90F23F7F74BFEAFF218
:101650006441AFF2D440F7F745FE81A0F7F742FEB0
:1016600006E0FFE7AFF27C41AFF2EC40F7F73AFE5D
:1016700081A0F7F737FE01205149233981F848004E
:1016800005E0AFF29841AFF20850F7F72BFE82A0C9
:10169000F7F728FE29E385A11598F2F78FFE0028B9
:1016A0007ED04FF4FA718548F2F77DFE4448233826
:1016B0008078002875D182A18048FAF721FF7F4801
:1016C000F2F78EFE7D49084413908048027880A18D
:1016D0001398FAF715FF7948F2F782FE7749084424
:1016E000002280A11390FAF70BFF7448F2F778FEFE
:1016F0007249084413907F48408A02467EA11290A6
:101700001398FAF7FDFE6D48F2F76AFE6B4908443C
:101710007EA280A11390FAF7F3FE6848F2F760FE0C
:1017200066490844139026482338817A407A244A2F
:10173000233A127A224B233BDB79CDE90232CDE901
:1017400004011F48233880791D4923394979CDE99F
:1017500000101B4823380079129019482338C078AC
:10176000119002466FA1DDE91230FAF7C9FE534825
:10177000F2F736FE51490844139011482338817C12
:10178000407C0F4A233A127C0D4B233BDB7BCDE997
:101790000232CDE904010A482338807B084901E080
:1017A000A4E231E12339497BCDE900100448233814
:1017B000007B129002482338C07A11900246C7E09D
:1017C00033140020444556414444523A20253032D7
:1017D0007820253032782025303278202530327834
:1017E000000000007365744C6F526157414E4445D0
:1017F0005641444452200D0A204F4B007365744CEF
:101800006F526157414E4445564144445220506105
:1018100072616D204552524F520000009813002013
:10182000248601087365744C6F526157414E4150D4
:1018300050534B4559200D0A204F4B007365744C93
:101840006F526157414E415050534B4559205061A2
:1018500072616D204552524F52000000C885010848
:101860007365744C6F526157414E4E574B534B4505
:1018700059200D0A204F4B007365744C6F5261570D
:10188000414E4E574B534B455920506172616D206C
:101890004552524F520000004C6F526157414E204A
:1018A000504152414D204552524F52006765744499
:1018B0006576696365537461747573004008002030
:1018C0006465766963655374617465000000002087
:1018D0002C626174746572795374617475733A25FE
:1018E000640000002C706F776572537461747573B7
:1018F0003A256400340A00202C6461746153796EC7
:1019000063506572696F643A25640000436C6173CB
:10191000732041002C4C6F526157414E4A6F696EE3
:101920003A2573002C4445564555493A25303278BE
:1019300025303278253032782530327825303278AB
:10194000253032782530327825303278000000009A
:10195000F5A1DDE91230FAF7D3FDFE48F2F740FDBC
:10196000FC4908441390FC4890F8222090F821008C
:10197000F94991F82010F84BDB7FCDE90A31CDE928
:101980000C02F548817F407FF34A127FF24BDB7EE9
:10199000CDE90632CDE90801EF48827E417E007E26
:1019A000ED4BDB7DCDE90230CDE90412EA48807DC4
:1019B000E949497DCDE90010E748007D1290E648ED
:1019C000C07C11900246E549DDE91230FAF798FD36
:1019D000E048F2F705FDDF490844E1A11390FAF76A
:1019E0008FFDDC48F2F7FCFCDA490844DFA11390D4
:1019F000FAF786FDD748F2F7F3FCD6490844DEA192
:101A00001390FAF77DFD65E1AFF24C11D148FAF77A
:101A100077FDD048F2F7E4FCCE4908441390D9484A
:101A20000278AFF254111398FAF76AFDC948F2F739
:101A3000D7FCC84908440022AFF258111390FAF7B6
:101A40005FFDC448F2F7CCFCC24908441390CE486D
:101A5000408A0246AFF2601112901398FAF750FDD7
:101A6000BC48F2F7BDFCBB490844C8A2AFF25C1108
:101A70001390FAF745FDB748F2F7B2FCB5490844B0
:101A80001390B548807AB4494A7A097AB24BDB7927
:101A9000CDE90231CDE90420AF488079AE494979DA
:101AA000CDE90010AC4800791290AB48C078119095
:101AB0000246AFF29011DDE91230FAF721FDA54898
:101AC000F2F78EFCA34908441390A348807CA249F6
:101AD000497CA14A127CA04BDB7BCDE90232CDE9E7
:101AE00004109D48807B9C49497BCDE900109A48B1
:101AF000007B12909848C07A119002468AA1DDE9D5
:101B00001230FAF7FDFC9348F2F76AFC9149084459
:101B10001390914890F822008F4991F821108E4A35
:101B200092F820208C4BDB7FCDE90A32CDE90C10F6
:101B30008948827F417F007F874BDB7ECDE906307D
:101B4000CDE908128448817E407E834A127E824B12
:101B5000DB7DCDE90232CDE904017F48807D7E49FD
:101B6000497DCDE900107C48007D12907A48C07C08
:101B7000119002467949DDE91230FAF7C1FC754847
:101B8000F2F72EFC734908441390734890F826002E
:101B9000714991F82510CDE900106F4890F82400A4
:101BA00012906D4890F823001190024679A1DDE96A
:101BB0001230FAF7A5FC6748F2F712FC65490844B1
:101BC0001390654890F8362090F83500624991F8F6
:101BD0003410614B93F83330CDE90A31CDE90C0272
:101BE0005D4890F8322090F831005B4991F8301050
:101BF000594B93F82F30CDE90631CDE9080256480C
:101C000090F82E2090F82D1090F82C00524B93F85D
:101C10002B30CDE90230CDE904124F4890F82A006C
:101C20004D4991F82910CDE900104B4890F8280053
:101C30001290494890F82700119002465C49DDE96E
:101C40001230FAF75DFC4348F2F7CAFB41490844F9
:101C50001390414890F8462090F8451090F84400C1
:101C60003D4B93F84330CDE90A30CDE90C123A48A8
:101C700090F8422090F8411090F84000364B93F8CD
:101C80003F30CDE90630CDE90812334890F83E00E8
:101C9000314991F83D2091F83C102F4B93F83B309F
:101CA000CDE90231CDE904202B4890F83A002A49C9
:101CB00091F83910CDE90010274890F838001290BB
:101CC000254890F83700119002463A49DDE9123074
:101CD000FAF716FCAFF6EC21AFF65C30F7F702FB33
:101CE0001C49AFF62420F7F7FDFAE9E032A1159878
:101CF000F2F764FB002816D01BA11598F2F75EFBE3
:101D0000401C13901398F2F784FC1290129800284C
:101D10007ED01D4890ED060ADFED2C0A60EE200A09
:101D20009DED120A54E0B6E02C4150504555493A19
:101D300025303278253032782530327825303278A7
:101D40002530327825303278253032782530327897
:101D5000000000004008002010140020CC8601087C
:101D60002C444556414444523A0000002C41505006
:101D7000534B45593A0000002C4E574B534B455995
:101D80003A00000000000020340A0020436C617318
:101D9000732043002C444556414444523A25303286
:101DA00078253032782530327825303278000000BE
:101DB000648701081887010873796E634465766942
:101DC000636554696D657374616D700000007042E5
:101DD000B8EE400A1FED031A00EE810ABCEEC00AFD
:101DE0008DED120A12A8F2F723FA119011984069AA
:101DF00000F26C70334948611198006908611198CC
:101E0000C068C8601198806888601198406800E0D8
:101E100040E048601198006808600846C06810906B
:101E200008460069401C0F90084640690E90DDE9A5
:101E30000F1205F0F9FB2349886100F009FF04F057
:101E400021F9AFF6C841AFF6C840F7F74BFA1D4885
:101E500000681C4949681B4A9268CDE9002102903C
:101E60001848C068109017480069401C0F9015482A
:101E700040690E90014614A0DDE90F23F7F732FA0E
:101E800001F008FC1D48807920F00100401C1B492E
:101E9000887100BF14E01AA11598F2F78FFA18B1F3
:101EA00001201A4908700BE019A11598F2F786FA7B
:101EB00018B100201549087002E005200F49887309
:101EC00017B000BDCC0A00205265637620556172C0
:101ED000742053796E632054696D6520434D44200E
:101EE0004F4B2C253034642D253032642D25303273
:101EF000642D25643A25643A25640000340A0020E4
:101F00006B6565704D61696E52756E001E00002034
:101F10006C656176654D61696E52756E00000000FA
:101F20002DE9F04F2DED028B85B0074688463846E7
:101F3000FCF788F9012806D100F0DEFD05B0BDEC04
:101F4000028B00F047BDF87800F0020068B141460E
:101F50003846F4F741FF012807D1FBA1FCA0F7F7B1
:101F6000C1F9FDA0F7F7BEF9E8E7F87800F0010045
:101F700000287DD0FE4EDC213046F2F714FA3146BF
:101F8000FF2003F0B5FEFB490870084600780644C0
:101F9000FF21F948F2F707FAF748F8490A88028062
:101FA000897881700020F449C870F548007808717C
:101FB000F3480078401CF2490870EE480278EC497A
:101FC000ED48401DF2F7D4F9EA480078401DEA498F
:101FD000A1F80001F3F796F800F006FE012802D1FF
:101FE000002003F085FF00F02DFE10B9012003F062
:101FF00091FF00BF00F0D6FD0028FBD0142002F0B6
:102000004BF9DD48B0F80011F9F72CF8DA48B0F8D0
:1020100000210146DBA0F4F71DFF142002F03CF97B
:1020200000F0C8FD38B1D9A1C9A0F7F75BF9D9A074
:10203000F7F758F904E000F0DFFD002835D000BFC5
:10204000D2A1C3A0F7F74EF9D8A0F7F74BF9CC48C7
:102050000078401ECA490870DE48007B401CDD49FC
:1020600008730846007B05281EDB0020087300E08B
:1020700032E0D948007820F00100D74908700220EA
:1020800081F84700002081F84800D448006800F536
:10209000E160D3490860D3A1ADA0F7F723F9D04898
:1020A0000168D1A0F7F71EF948E70020C949087375
:1020B000CCA1A7A0F7F716F9D3A0F7F713F941F2CF
:1020C0008830AD49A1F80401C248807B052802DAB6
:1020D0000520C049887300BFA8F10500C5B2C1A1A1
:1020E0009BA0F7F7FFF82946CDA0F7F7FBF87C1D7A
:1020F000E7E394F80090BBA195A0F7F7F3F8494601
:10210000D1A0F7F7EFF84846B9F1420F6FD00ADCDB
:10211000A0F13D0005286BD2DFE810F091007102BC
:10212000A8020D03240385280AD004DC432878D0B4
:1021300080285DD119E086285BD08A28F9D158E340
:102140006678012E05D10120A34981F84800F6F7F1
:102150002FF8A81EC5B2A41C8CA17DA0F7F7C2F869
:102160003146C0A0F7F7BEF8A6E3607800F5FA6044
:10217000C5494861A0780861E078C8602079886026
:1021800060794860A07908600B46DA681B69591CC1
:10219000BD4B586905F048FABB49886103F072FFEE
:1021A00000F056FDF9F774FCE81FC5B2E41D8DA1DF
:1021B00067A0F7F797F8B4480068B3494968B24A8E
:1021C0009268CDE900210290AF48C3680069421CC3
:1021D000AD484169ADA0F7F785F801F05BFA7D489D
:1021E000807920F00100401C7A49887164E3D2E2D2
:1021F0005EE3A078617840EA0126B6F5B46F01DCB1
:102200000A2E00DA76B973484682F6F7D7F875A138
:102210004FA0F7F767F86F48418AA9A0F7F762F86F
:1022200009E0CFE26FA14AA0F7F75CF86948418A5C
:10223000ACA0F7F757F8E81EC5B2E41C3CE394F8ED
:1022400001A0A61C012D02D1F5F700F976E6BAF13E
:10225000040F02DCBAF1010F08DA3BA13CA0F7F74A
:1022600041F85146AAA0F7F73DF867E64FF0000B9A
:10227000B1E1002002900390049030788DF80800BE
:1022800070788DF80900B0788DF80A003079F1780F
:1022900040EA0120ADF8120070798DF80B00B0799A
:1022A0008DF80C00F0798DF80D00307A8DF80E0065
:1022B000707A8DF80F000A369DF80800102802DCAD
:1022C0009DF8080048B920A121A0F7F70BF89DF868
:1022D000081094A0F7F706F830E69DF809000228E8
:1022E0000BDD19A11AA0F6F7FDFF9DF809209DF856
:1022F000081090A0F6F7F6FF20E69DF80A000128E6
:102300000BDD11A112A0F6F7EDFF9DF80A209DF854
:1023100008108EA0F6F7E6FF10E69DF80B001728D0
:102320000BDC9DF80C003B2807DC9DF80D001728FE
:1023300003DC9DF80E003B2804DD03A104A0F6F7A2
:10234000D1FF0FE11EE100004552524F5200000044
:102350000A5B25735D000000446174612043686579
:10236000636B2053756D204552524F52210000007F
:10237000640700201C000020F80A00207477010880
:102380001F00002053656E64000000005741524E4C
:102390000000000057616974204275737920494F2D
:1023A0002054696D656F7574000000004C6F5261B8
:1023B0002053656E6444617461204661696C2C2011
:1023C0005772697465204461746520546F204361BD
:1023D00063686500340A00201014002044000020C7
:1023E0004C0100204C4F47005570646174652052C9
:1023F00065636F6E6E6563742054696D6573746197
:102400006D703A20256C64004C6F52612053656EEC
:1024100064446174612053756363657373000000E5
:1024200052656376204C6F526157414E20434D44B4
:102430002C20546F74616C2044617461204C656E73
:10244000203A2025642C0000416E616C7973697319
:1024500020446174612054797065203A202530321F
:1024600078000000526563762044657669636520D4
:102470005265737420466163746F727920434D44D2
:10248000203A202564000000CC0A002052656376C3
:10249000205365727665722053796E632054696D9E
:1024A0006520434D442C253034642D253032642D75
:1024B000253032642D25643A25643A2564000000F5
:1024C000557064617465204465766963652053794D
:1024D0006E6320496E74657276616C3A2025646D76
:1024E000696E0000557064617465204465766963A7
:1024F000652053796E6320496E74657276616C2035
:102500004552524F523A2025646D696E000000001A
:102510005461736B204E756D204572725B25645D4E
:10252000000000005461736B5B25645D204944200A
:10253000457272005461736B5B25645D2056616C5B
:102540007565204572725B25645D00005461736B94
:102550005B25645D205374617465204572725B2550
:10256000645D00009DF80E009DF80D10CDE900108F
:102570009DF80C309DF80B209DF80810D8A0F6F7B8
:10258000B1FEDBE49DF80F007F2803DC9DF80F000F
:1025900001280BDAAFF25021AFF24C20F6F7A2FE81
:1025A0009DF80F10D6A0F6F79DFEC7E401208DF828
:1025B00010009DF80800401E00EB4001D64800EBDB
:1025C00081000299016003994160049981600BF1D7
:1025D000010000F0FF0BD345FFF64BAE01F05AF8B7
:1025E000F5F796FE0AEB8A00032101EB4000281A5A
:1025F000C5B20AEB8A0001EB400004445CE1667856
:10260000102E01DDFF2E00D156B9AFF2C421AFF27A
:10261000C020F6F767FE3146C0A0F6F763FE8DE4F2
:10262000FF2E07D0701E00EB4001BB4800EB81007D
:10263000407A08B101F02EF8FF2E05D1F421B648FA
:10264000001FF1F7B0FE09E0701E00EB4001B24838
:1026500000EB8100002101604160816001F01AF807
:10266000F5F756FEA81EC5B2A41C25E1AA48001F16
:102670000068407A012859D0AE48002101604160CD
:102680008160C1606078AB490870A078487020799B
:10269000E17840EA0120A7498860A079617940EAA1
:1026A0000120A44988800846806838B108468068BF
:1026B000A149096808449F49C86002E000209D497B
:1026C000C86000209B49C880012088709B48F6F7AD
:1026D00009FE98484078A0B99648007850B1012882
:1026E00002D002280BD102E0FBF760F808E0FBF70C
:1026F000CFF805E0FBF75AF8FBF7CAF800E000BF97
:1027000014E08C48007850B1012802D002280BD187
:1027100002E0FDF7C5F808E0FDF736F905E0FDF742
:10272000BFF8FDF731F900E000BF00BFA5F10800D8
:10273000C5B20834C0E06678022E0ADDAFF2F83187
:10274000AFF2F430F6F7CEFD31467DA0F6F7CAFDC4
:102750000AE48248C671012080494873A81EC5B2A8
:10276000A41CA9E0667806F0780000280ADDAFF224
:102770002841AFF22440F6F7B5FD314678A0F6F7D0
:10278000B1FD91E475480672012074494873A81E92
:10279000C5B2A41C90E06678012E0ADAAFF2584167
:1027A000AFF25440F6F79EFD314675A0F6F79AFD5C
:1027B0007AE46A484672012068494873A81EC5B287
:1027C000A41C79E06678012E0ADDAFF28441AFF2F5
:1027D0008040F6F787FD314669A0F6F783FD63E494
:1027E0005E48867201205D494873A81EC5B2A41CCC
:1027F00062E066781A2E0ADDAFF2B441AFF2B04063
:10280000F6F770FD314665A0F6F76CFD4CE4192E25
:1028100005D1B0EE0C0A514880ED060A1AE01A2ED6
:1028200005D1B1EE060A4D4880ED060A12E00D2EE4
:1028300007DA00EE106AB8EE400A484880ED060A52
:1028400008E0C6F10C0000EE100AB8EEC00A4348DA
:1028500080ED060AAFF27441AFF20C50F6F742FD7C
:102860003E4890ED060A10EE101A0846F2F797F867
:1028700041EC180B53EC182B4FA0F6F733FDFBF788
:10288000AFFE03F0FFFBF9F703F9F5F7C7FD2A48A0
:1028900000684F49086000F0FDFE3048807920F064
:1028A0000100401C2D498871A81EC5B2A41C03E07C
:1028B000A81EC5B2A41C00BF00BFC82D00DD03E0E8
:1028C00000BF002D7FF415AC00BF2448407B20B131
:1028D000002022494873F5F7D1FC00BFB6E40000A0
:1028E0005461736B5B25645D2054696D652045728E
:1028F000725B25643A25642D25643A25645D0000E9
:102900005461736B5B25645D205265706561742052
:102910004572725B25645D006406002044656C6549
:102920007465205461736B5B25645D2049442045C8
:102930007272000054070020440000202C8501081A
:10294000436F6E666967204F757450757420566FBB
:102950006C204572725B25645D000000340A002023
:10296000436F6E66696720506F72742046756E63A0
:1029700074696F6E204572725B25645D0000000013
:10298000436F6E66696720537461626C6520546999
:102990006D65204572725B25645D0000436F6E6655
:1029A00069672054696D65205A6F6E6520457272A3
:1029B0005B25645D00000000436F6E66696720540C
:1029C000696D65205A6F6E65205B252E31665D004E
:1029D0001400002030BCBDE8C08F000010B52F48A7
:1029E000B0F80802002822D12C48B0F806020028CE
:1029F0001DD02A48B0F8062200F5837128A0F4F70C
:102A000029FA2BA12BA0F6F76DFC2C492CA0F6F788
:102A100069FC2248B0F806122848FFF781FAFF2126
:102A20002648F1F7C0FC00201C49A1F806022B48FB
:102A3000B0F80802D0B92948B0F80602B0B127486A
:102A4000B0F8062200F5837125A0F4F703FA2348B5
:102A5000B0F8061200F58370FDF70EF8FF21234849
:102A6000F1F7A1FC00201D49A1F806022048B0F8AA
:102A7000080290B91E48B0F8060270B11C48B0F8C0
:102A8000061200F58370FEF76DF9FF211948F1F782
:102A90008AFC00201649A1F8060210BDF80A0020A1
:102AA0004C6F526157414E20526563760000000022
:102AB0004C4F47000A5B25735D000000FE0B0020B1
:102AC000526563762055617274204C6F5261574194
:102AD0004E20446174613A20257300000C0F0020E1
:102AE000424C452052656376000000001210002021
:102AF000020D0020080E002070B5AAB01B4EF3F79F
:102B0000BFF900282FD01AA13046F1F757FC002852
:102B100029D001AB02AA19A106F10900FBF701FDBA
:102B200001980E281FDD0E9800F08AFA05461098CD
:102B300000F086FA0446681C48B111A111A0F6F70E
:102B4000D1FB294611A0F6F7CDFB12488565601C24
:102B500048B10BA10BA0F6F7C5FB21460EA0F6F776
:102B6000C1FB0C4844652AB070BD0000FE0B00207C
:102B70002B5354415455533A0000000020000000EC
:102B80004C4F47000A5B25735D000000534E523ADC
:102B90002025640010140020525353493A20256424
:102BA0000000000002480068C0F3002070470000E9
:102BB0001008004870B5002510E04FF47A70F8F75F
:102BC0003FFAFFF7EFFF04460CB1002070BD00BFD5
:102BD0004AF6AA200349086000BF6D1C0F2DECDBEC
:102BE0000120F3E70030004002480068C0F3C01045
:102BF000704700001408004870B54FF47A70F8F779
:102C00001FFA002510E000F015F804460CB1002072
:102C100070BD4FF47A70F8F713FA00BF4AF6AA2095
:102C20000349086000BF6D1C062DECDB0120EFE7B7
:102C30000030004002480068C0F3402070470000A8
:102C4000100800484FF090404069C0F300207047E2
:102C500010B58CB02C2101A8F1F7A5FB184890ED18
:102C6000060ADFED180A20EE200ADFED160A20EE34
:102C7000200ABCEEC00A10EE104A13484069A0F2C8
:102C80006C7006901048006905900F48C068049069
:102C90000D48806803900C48406802900A4800681C
:102CA00001900948806907904FF0FF30099001A812
:102CB000F1F70AFB001B054908600CB010BD0000CD
:102CC000340A002000007042CC0A0020440000209A
:102CD00010B50346D86810441C69A0420BD8486858
:102CE000DC6820441C69A04203D24868DC682044A8
:102CF00010BD0020FCE74FF0FF30F9E70148006805
:102D0000704700003400002001480068002170472F
:102D100044000020F8B5044600264CB97C487DA349
:102D20007EA2FC21009085A003F0F0FC00BFFEE72E
:102D3000204603F011FF06460EB13046F8BD606A2A
:102D400050B973488AA375A240F2091100907BA084
:102D500003F0DCFC00BFFEE7206930B1A08A20B19F
:102D6000A06910B1207F00287AD1204602F0D0F966
:102D700006460EB13046E1E7204603F0C3FD60B3DE
:102D80000020A060216D21614820005B012802D154
:102D90000221A18201E00121A182616DA16194F86B
:102DA00058102177012515E004F1540050F8350042
:102DB00078B104F1540050F83500A169814208D976
:102DC00004F1540050F83510A16100EBC500017901
:102DD00021776D1C042DE7D342E000253DE005EB93
:102DE0004500674901EBC0000179207B814233D166
:102DF00005EB4500624901EBC0004179607B8142EF
:102E00002AD105EB45005E4901EBC0008179A07B2A
:102E1000814221D105EB4500594951F83000A060AD
:102E200005EB450001EBC0008168216105EB450021
:102E3000534901EBC0008189A18205EB450050494F
:102E400001EBC0000169A16105EB45004C4901EBB4
:102E5000C000017D217702E06D1C152DBFD300BF9E
:102E6000206928B1A08A18B1A06908B1207F20B9D3
:102E700044A003F06FFC012060E7002700250BE071
:102E80004E4800EBC5000179207B814203D14B48BD
:102E900050F8357002E06D1C102DF1D300BF47B122
:102EA000A06830B1394646A02369A26803F052FCFD
:102EB0000AE02FB139464DA0226903F04BFC03E034
:102EC00055A0216903F046FC00BF204602F0E8FC53
:102ED00006460EB1304631E7207D00F0040040B1D7
:102EE00000220121204603F07DFE06460EB1304649
:102EF00024E72069B0F1807F05D90121204603F045
:102F00001DF8064602E0002084F83500304615E73B
:102F1000F4820108666C617368000000282573293B
:102F20002068617320617373657274206661696CD7
:102F300065642061742025732E0000002E2E5C43F2
:102F40006F6D70656E74735C4D6F64756C65735CEA
:102F5000466C61736844422D312E312E325C7366AB
:102F600075645C7372635C736675642E6300000045
:102F7000666C6173682D3E7370692E777200000075
:102F8000FC8001085761726E696E673A2054686967
:102F90007320666C61736820646576696365206977
:102FA00073206E6F7420666F756E64206F72206E72
:102FB0006F7420737570706F72742E007C800108BE
:102FC00046696E64206120257320257320666C613C
:102FD000736820636869702E2053697A652069736D
:102FE00020256C642062797465732E0046696E64D6
:102FF000206120257320666C6173682063686970A6
:103000002E2053697A6520697320256C64206279CB
:103010007465732E0000000046696E6420612066AE
:103020006C61736820636869702E2053697A65202B
:10303000697320256C642062797465732E0000002A
:1030400038B504466A4609A12046F1F71DFA0098F2
:10305000C0B20090009800F0800028B10098401E97
:10306000C043C0B240420090009838BD25780000AF
:10307000F8B506460F4614461D46E8B2234601221F
:10308000394600903046F6F73BF80020F8BDF8B519
:1030900006460F4614461D46E8B22346012239462D
:1030A00000903046F6F780F80020F8BD09480A493C
:1030B00008600846006810B94FF0FF3070470648B6
:1030C0000068806905490862034800680069C861B2
:1030D0000020F3E7E0010020880100208C0100209F
:1030E000F0B58DB0FE4890ED060ADFEDFE0A20EE49
:1030F000200ADFEDFC0A20EE200ABCEEC00A10EE2A
:10310000106AF9480068407A01287DD1F6480068C5
:10311000002879D0F448D0F8F000F44909688842D2
:103120000CD9F148B0F8E800EF49096849898842AC
:103130006BDBED4800684089002866DD0020EA4925
:1031400009684872E849A1F8E800E9A0F6F7CAF86A
:10315000E54800688078A8B9E3480068407850B135
:10316000012802D002280BD102E0FCF799FB08E00D
:10317000FCF70AFC05E0FCF793FBFCF705FC00E01C
:1031800000BF15E0D8480068407850B1012802D04F
:1031900002280BD102E0FAF709FB08E0FAF778FB06
:1031A00005E0FAF703FBFAF773FB00E000BF00BF8E
:1031B000CB48807920F00100401CC9498871CA4879
:1031C00090F8C600401CC4B2C74880F8C64097E0DB
:1031D000C54890F8C610D730405C00287DD0C24862
:1031E00080F8C640D730005D401E00EB4001BE486D
:1031F000001D00EB8100BC49086008460068007AA9
:1032000000287AD02C2101E091E08FE002A8F1F7AC
:10321000CAF8C6484069A0F26C700790C3480069BC
:103220000690C248C0680590AF480068C078049016
:10323000AD4800680079039000200290BB48806987
:1032400008904FF0FF300A9002A8F1F73DF80546CC
:10325000A81BA549C1F8EC00084600684079049015
:10326000084600688079039002A8F1F72DF805461A
:10327000A81B9D49C1F8F000AD48F6F733F89A480D
:103280000068C079984909684989CDE900109648D5
:103290000068837894480068427893480068017811
:1032A000A4A0F6F71FF89048006802798E480068DD
:1032B000C178AEA0F6F716F88B48006882798A4884
:1032C00000684179AFA0F6F70DF88748D0F8F00014
:1032D00000908548D0F8EC3001E00FE00DE090F868
:1032E000C670D730C25DD73890F8C610ABA0F5F7DE
:1032F000F9FFB848F5F7F6FF08E000BF601CC4B25C
:10330000794890F8C500A0423FF762AF00BF764809
:1033100090F8C500A04209DCAFA0F5F7E3FF00205C
:103320007149C1F8EC00C1F8F0000860ADE1B9489E
:103330008078002855D0B748C0686C490968884231
:1033400002D8B448C06848B9B248C088B149898831
:103350008842EBDBAF4880880028E7DDAD48C188B4
:10336000ADA0F5F7BFFFAB484078A0B9A9480078F9
:1033700050B1012802D002280BD102E0FCF790FAEC
:1033800008E0FCF701FB05E0FCF78AFAFCF7FCFA21
:1033900000E000BF14E09F48007850B1012802D03F
:1033A00002280BD102E0FAF701FA08E0FAF770FA06
:1033B00005E0FAF7FBF9FAF76BFA00E000BF00BF8F
:1033C00094480021016041608160C1604448807977
:1033D00020F00100401C4249887197A0F5F782FF58
:1033E00053E14148D0F8EC004049096888429DD833
:1033F0003D48D0F8EC00002898D001203A490968EF
:103400004872394800688078A8B937480068407821
:1034100050B1012802D002280BD102E0FAF7C6F918
:1034200008E0FAF735FA05E0FAF7C0F9FAF730FAEA
:1034300000E000BF15E02C480068407850B101283A
:1034400002D002280BD102E0FCF72AFA08E0FCF7D0
:103450009BFA05E0FCF724FAFCF796FA00E000BFBF
:1034600000BF1F48807920F00100401C1C49887172
:103470008148F5F737FF1C480068C0791A49096888
:103480004989CDE90010184800688378164800681B
:10349000427815480068017826A0F5F723FF124806
:1034A0000068027910480068C17830A0F5F71AFF6B
:1034B0000D48006882790C480068417931A0F5F721
:1034C00011FF0948D0F8F00000900748D0F8EC3020
:1034D00090F8C670D730C25DD73890F8C610CDE0EE
:1034E000340A0020000070426006002044000020E2
:1034F0000D0A2A2A2A2A2A2A2A2A2A2A2A2A2A2A69
:103500002A2A2A2A2A2A2A2A20456E6420546173EC
:103510006B202A2A2A2A2A2A2A2A2A2A2A2A2A2AD4
:103520002A2A2A2A2A2A2A2A0D0A0000CC0A00203E
:10353000F487010849445B25645D2C2056616C7555
:10354000655B25645D2C2053746174655B25645D47
:103550002C2050756C73655B25645D2C2052657062
:103560006561745B25645D0A00000000537461723C
:10357000742054696D653A20253032642D2530322F
:10358000640A00004F7665722054696D653A202503
:103590003032642D253032640A0000005461736BB0
:1035A00020496E6465785B25645D2C205461736BE3
:1035B00020536F72745B25645D2C205461736B2003
:1035C00054696D657374616D705B25642D25645D50
:1035D00000000000388801080D0A2A2A2A2A2A2A0F
:1035E0002A2A2A2A2A2A2A2A2A2A2A2A2A2A2A2A3B
:1035F000204E6F205461736B202A2A2A2A2A2A2AF5
:103600002A2A2A2A2A2A2A2A2A2A2A2A2A2A2A0D37
:103610000A000000540700200D0A207265616C202A
:1036200074696D652070756C736520636F757420A7
:1036300025640D0A000000000D0A2A2A2A2A2A2AD7
:103640002A2A2A2A2A2A2A2A2A2A2A2A2A2A2A2ADA
:1036500020456E64205265616C205461736B202A92
:103660002A2A2A2A2A2A2A2A2A2A2A2A2A2A2A2ABA
:103670002A2A2A2A2A0D0A00B0870108AFF2E4009C
:10368000F5F730FE0248F5F72DFE0DB0F0BD000055
:10369000388801082DE9F041BEB0F84890ED060ADF
:1036A000DFEDF70A20EE200ADFEDF50A20EE200A12
:1036B000BCEEC00A10EE107AC0210EA8F0F773FE1F
:1036C000C022F0490EA8F0F753FE1021ED48D33088
:1036D000F0F769FE1021EB48C330F0F764FEE948CB
:1036E000001F0068407A012843D1E648001F0068A7
:1036F00000283ED00020E349091F09684872E149CB
:10370000091FA1F8E800E0A0F5F7ECFDDD48001F77
:1037100000688078B0B9DB48001F0068407850B17D
:10372000012802D002280BD102E0FCF7B9F808E02A
:10373000FCF72AF905E0FCF7B3F8FCF725F900E0FF
:1037400000BF16E0CF48001F0068407850B1012844
:1037500002D002280BD102E0FAF728F808E0FAF7C5
:1037600097F805E0FAF722F8FAF792F800E000BFC0
:1037700000BF0020C349091F81F8C400A1F8E80078
:1037800081F8C60081F8C5000025002410E004EB94
:103790004401BC4810F8210040B1BA48001F90F81D
:1037A000C400401CB749091F81F8C400601CC4B2A2
:1037B000102CECDB4FF00108002465E04FF001080D
:1037C000002557E005EB45000EA901EB80000079CC
:1037D00005EB45010EAA02EB8101C978C1EB01118D
:1037E00000EB8101681C00EB400002EB80000279D5
:1037F000681C00EB40000EAB03EB8000C078C0EB10
:10380000001002EB8000814207DC05EB45000EA9A9
:1038100001EB8000007A01282AD005EB45000EA9B3
:1038200001EB800001680B9141680C9180680D905C
:1038300005EB45000EA901EB8001681C00EB400080
:103840000EAA02EB800002680A6042684A60806843
:103850008860681C00EB40000EA901EB80000B990A
:1038600001600C9941600D9981604FF0000800BF24
:10387000681CC5B2C4F10F00A842A3DCB8F1000F68
:1038800000D003E0601CC4B2102C97DB00BF002501
:10389000002411E004EB44000EA911F8200048B107
:1038A00004EB440011F820202846691CCDB275496C
:1038B000C3310A54601CC4B2102CEBDB81A0F5F7B5
:1038C00011FD002448E004EB440C6E4800EB8C0032
:1038D000837804EB440C6B4800EB8C00427804EBDB
:1038E000440C684810F82C1086A0F5F7FBFC04EB9C
:1038F0004403644800EB8300027904EB440361480D
:1039000000EB8300C17887A0F5F7ECFC04EB4403DF
:103910005C4800EB8300827904EB4403594800EBD8
:103920008300417985A0F5F7DDFC04EB440C554894
:1039300000EB8C00438904EB440C524800EB8C00F4
:10394000027A04EB440C4F4800EB8C00C17981A053
:10395000F5F7C8FC601CC4B2102CB4DB86A0F5F7E8
:10396000C1FC002407E04748C330015D85A0F5F79E
:10397000B9FC601CC4B2102CF5DB83A0F5F7B2FCD7
:103980000025002457E03F48C330005D401E00EB97
:1039900040013C4800EB8100007AE8B33948C3306D
:1039A000005D401E00EB4001364800EB8100C1790C
:1039B0007648806910B17548806900E00720401E94
:1039C000014101F0010038B32E48C330005D401EB4
:1039D00000EB40012B4800EB810001792948C330FE
:1039E000005D401E00EB4002264800EB8200C078DC
:1039F000C0EB001001EB800064494968634A92689B
:103A0000C2EB021201EB8201884212DB1D48C33077
:103A1000025D2846691C00E00BE0CDB21949D331A4
:103A20000A54A1F1D70090F8C500401CD73981F89D
:103A3000C500601CC4B2102CA5DB55A0F5F752FCE4
:103A4000002407E00F48D330015D4EA0F5F74AFC93
:103A5000601CC4B2102CF5DB4BA0F5F743FC094801
:103A6000001F90F8C52090F8C41050A0F5F73AFC5C
:103A70005A48F5F737FC0024D8E00000340A00204B
:103A800000007042640600200D0A2A2A2A2A2A2AE7
:103A90002A2A2A2A2A2A2A2A2A2A2A2A2A2A2A2A86
:103AA00020456E64205461736B202A2A2A2A2A2A10
:103AB0002A2A2A2A2A2A2A2A2A2A2A2A2A2A2A2A66
:103AC0000D0A00000D0A2A2A2A2A2A2A2A2A2A2A24
:103AD0002A2A2A2A2A2A2A2A2A2A2A2A204C6F63B0
:103AE000616C205461736B20496E666F202A2A2A0C
:103AF0002A2A2A2A2A2A2A2A2A2A2A2A2A2A2A2A26
:103B00002A2A2A000A49445B25645D2C2056616CF0
:103B100075655B25645D2C2053746174655B256459
:103B20005D0A000053746172742054696D653A2017
:103B3000253032642D253032640A00004F766572DC
:103B40002054696D653A20253032642D2530326469
:103B50000A0000005265706561745B25645D2C206D
:103B60005661696C645B25645D2C2050756C7365CF
:103B70005B25645D0A0000000A494420536F72749B
:103B80005B000000256420005D0D0A00CC0A0020C7
:103B900053696E676C65204461792056616C696475
:103BA00020494420536F72745B000000546F7461AD
:103BB0006C205461736B20436F756E745B25645D7C
:103BC0002C2053696E676C652044617920546173C1
:103BD0006B20436F756E745B25645D003888010847
:103BE0006448005D401E00EB40016248D33800EBA2
:103BF00081006049D739086008460068007A98B1AA
:103C00000846006800790968C978C1EB011100EB2A
:103C1000810059494968584A9268C2EB021201EB87
:103C20008201884200DB07E0601CC4B25148D738EB
:103C300090F8C500A042D3DC00BF4E48D73890F8BA
:103C4000C500A0427EDD2C2103A8F0F7ACFB4A485A
:103C50004069A0F26C700890474800690790464898
:103C6000C06806904348D7380068C078059041483E
:103C7000D738006800790490002003903E4880699E
:103C800009904FF0FF300B9003A8F0F71DFB06469C
:103C9000F01B3849D739C1F8EC0008460068407974
:103CA0000590084600688079049003A8F0F70CFBA3
:103CB0000646F01B2F49D739C1F8F0002F48F5F719
:103CC00011FB2C48D7380068C0792A49D7390968D0
:103CD0004989CDE900102748D738006883782548FE
:103CE000D738006842782348D7380068017824A084
:103CF000F5F7F8FA1F48D738006802791D48D73819
:103D00000068C178AFF2E410F5F7ECFA1948D7383B
:103D1000006882791748D73800684179AFF2E4101B
:103D2000F5F7E0FA1348D738D0F8F00000901148C2
:103D3000D738D0F8EC3090F8C6C0D73010F80C2047
:103D4000D73800E008E090F8C6101BA0F5F7CAFAD3
:103D50002748F5F7C7FA0AE000200649D739C1F825
:103D6000EC00C1F8F000086022A0F5F7BBFA3EB005
:103D7000BDE8F08137070020CC0A0020F487010855
:103D800049445B25645D2C2056616C75655B256438
:103D90005D2C2053746174655B25645D2C20507527
:103DA0006C73655B25645D2C205265706561745B86
:103DB00025645D0A000000005461736B20496E6445
:103DC00065785B25645D2C205461736B20536F72A2
:103DD000745B25645D2C205461736B2054696D65A0
:103DE0007374616D705B25642D25645D00000000B7
:103DF000388801080D0A2A2A2A2A2A2A2A2A2A2A3F
:103E00002A2A2A2A2A2A2A2A2A2A2A2A204E6F20BD
:103E10005461736B202A2A2A2A2A2A2A2A2A2A2A21
:103E20002A2A2A2A2A2A2A2A2A2A2A0D0A000000AD
:103E300030B597B02C210CA8F0F7B5FA59480068B6
:103E40000B9001F0E7F9F7F723FE5748D0F8EC00A4
:103E500010B35548D0F8EC000B9988420BD2524869
:103E6000D0F8EC0051490968884204D94E48D0F88E
:103E7000EC000B9010E04C48D0F8F0000B99884211
:103E80000AD24948D0F8F00048490968884203D965
:103E90004548D0F8F0000B904548807868B1444818
:103EA000C0680B99884208D24148C0683F490968F8
:103EB000884202D93E48C0680B903A4800680B9986
:103EC00088420CD23B48408A002808DD354800680B
:103ED00036490968884202D9324800680B90364852
:103EE000007800F0010090B932488079C0F380007A
:103EF00068B1324800682D490968884207D92F49BE
:103F00000B980968884202D92C4800680B902C2134
:103F10006846F0F748FA274890ED060ADFED280AD0
:103F200020EE200ADFED260A20EE200ABCEEC00AB1
:103F300010EE104A69461D48F0F780F90020029003
:103F4000019000906846F0F7BFF90546281B1D490F
:103F500008600846006815490968884205D2194872
:103F600000681949084417490860164800680B9909
:103F700088420BD2134800680C490968884205D969
:103F8000104800680B9001200A49C8720B98204421
:103F90000B900CA90BA8F0F751F90CA8F7F712FC3D
:103FA00017B030BD1400002060060020440000203F
:103FB00054070020340A0020101400204C01002077
:103FC00000007042180000208051010010B54FF42D
:103FD0007A720449044800F063F80449024800F08A
:103FE000EFF810BD5C0200204406002021440108C7
:103FF0001CB5014659B1134B0868984207D1DB4301
:104000008869984203D1486808B1886808B90020D7
:104010001CBD08690190C8680090DDE90030984235
:1040200001D18A680CE0DDE90003984203D9DDE99B
:104030000003C21A04E08868DDE900431B1BC21AB2
:10404000501EE5E7EFBEADDE1CB5014659B1134B7E
:104050000868984207D1DB438869984203D14868D1
:1040600008B1886808B900201CBD08690190C868BB
:104070000090DDE90030984201D100220CE0DDE93A
:104080000030984203D9DDE90030C21A04E08868A4
:10409000DDE900341B1BC21A1046E5E7EFBEADDEBA
:1040A00070B504460D4616460CB105B10EB9002098
:1040B00070BD1C212046F0F776F9A66065600348C4
:1040C0002060C043A0610120F2E70000EFBEADDE3A
:1040D0002DE9F84304460F461546B9466CB1284908
:1040E0002068884209D1C943A069884205D1606827
:1040F00018B1A06808B107B115B90020BDE8F88370
:104100002046FFF7A1FF8046A84501D2404600E0C7
:10411000284605460DB90020F0E7E0680090A06849
:104120000099401AA84203D2A0680099401A00E002
:10413000284606466068009A811832464846F0F7DD
:1041400017F9009830440090AD1B35B109EB06001B
:104150002A466168F0F70CF90095A068009988423A
:1041600001D8002000900098E06000BF606920B195
:104170007219002120466369984700BF7019BDE796
:10418000EFBEADDE10B50446BCB10C4920688842D4
:1041900013D1C943A06988420FD1606868B1A06893
:1041A00058B100202061E06000BF606920B10022AA
:1041B000022120466369984700BF10BDEFBEADDE07
:1041C00060B1074B02689A4208D1DB4382699A4288
:1041D00004D1426812B1826802B1416170470000A7
:1041E000EFBEADDE2DE9F84304460F461546B9464D
:1041F0006CB128492068884209D1C943A069884226
:1042000005D1606818B1A06808B107B115B90020E0
:10421000BDE8F8832046FFF7EBFE8046A84501D2B3
:10422000404600E0284605460DB90020F0E7206929
:104230000090A0680099401AA84203D2A068009993
:10424000401A00E0284606466168009A88183246FF
:104250004946F0F78DF8009830440090AD1B35B119
:1042600009EB06012A466068F0F782F80095A0681D
:104270000099884201D8002000900098206100BF7A
:10428000606920B17219012120466369984700BF17
:104290007019BDE7EFBEADDE01460022034B1A8068
:1042A00000BF024A12888A42FBDB704740000020B0
:1042B000F7F7C6FFF7F7EAFDF2F766F9F2F788FBC2
:1042C000F2F7D0F8F2F7E8FBF7F74AFCF4F79AFEBA
:1042D00010214FF47A70F8F727F862B6F5F73AF83C
:1042E000F3F7D0FDFBF796F9FFF770FEF6F722FB28
:1042F0003221C820F2F71CFD00BF4AF6AA2010495F
:10430000086000BFFF210F48F0F74DF8FF210E486D
:10431000F0F749F800200D49887310E002F038FEEC
:10432000F6F7DAFCF2F782FFFEF758FBFEF7D8FE4D
:1043300000BF4AF6AA200249086000BF00BFEDE7AF
:104340000030004012100020FE0B0020340A002034
:104350002DE9F84305460F46164655B9164817A3EA
:1043600018A24FF4787100901EA002F0CFF900BFA0
:10437000FEE756B9104828A312A240F2E13100909E
:1043800018A002F0C3F900BFFEE795F8350008B1A8
:10439000042000E003208046002408E0601CA8EB15
:1043A0000000C00027FA00F03055601CC4B244453C
:1043B000F4DBBDE8F8830000B0830108666C61732C
:1043C00068000000282573292068617320617373D9
:1043D000657274206661696C656420617420257360
:1043E0002E0000002E2E5C436F6D70656E74735C42
:1043F0004D6F64756C65735C466C61736844422DE7
:10440000312E312E325C736675645C7372635C733B
:104410006675642E630000006172726179000000AD
:1044200070B506460C4615465CB1012C12D0022C24
:1044300019D10EA10FA0F4F755FF10A0F4F752FF09
:1044400012E00AA10BA0F4F74DFF294612A0F4F7E1
:1044500049FF09E005A107A0F4F744FF294618A089
:10446000F4F740FF00E000BF00BF70BD4C57524260
:10447000000000000A5B25735D0000005B45565498
:104480005D2042756666657220726573657420658D
:1044900076656E74210000005B4556545D204275C0
:1044A000666665722072656164206576656E743A31
:1044B000202564206279746528732921000000009A
:1044C0005B4556545D204275666665722077726959
:1044D0007465206576656E743A202564206279746F
:1044E00065287329210000001CB500200190009070
:1044F000AB208DF8040001236A46042101A8F7F7D8
:10450000B7FB90208DF8040002236A46042101A81D
:10451000F7F7AEFB05A106A0F4F7E4FE9DF8012035
:104520009DF8001004A0F4F7DDFE1CBD4C4F4700C1
:104530000A5B25735D0000005265616420503235CE
:10454000513430204D616E7566616374203078257A
:104550003032782C204944203078253032780000E1
:1045600008B5B920009000231A4601216846F7F7E4
:104570007FFB08BD2DE9F84F06460F4615461C4641
:104580004FF0000A06F1200856B9524852A354A22F
:1045900040F2622100905AA002F0B8F800BFFEE796
:1045A000012C0DD0B4F5807F0AD04A4861A34CA2FB
:1045B0004FF41971009052A002F0A8F800BFFEE776
:1045C00096F8340050B9434864A345A240F26621EE
:1045D00000904BA002F09AF800BFFEE7791930690D
:1045E000814205D961A002F0B5F8052000F0EAB8D3
:1045F000D8F8080018B14046D8F80810884758E0A5
:104600000121304601F0D4FD8246BAF1000F00D0FE
:1046100052E002205F4908704A1C39463046FFF7D5
:1046200097FE96F8350008B1052000E00420834687
:10463000B7FBF4F004FB107078B1B7FBF4F004FBA7
:104640001070201AA84206D2B7FBF4F004FB1070D9
:10465000A4EB000906E0A94604E0A54201D9A14661
:1046600000E0A946A5EB09054F444A4901EB0B00C0
:104670004A460A99EFF77CFE00200BEB09020090F6
:10468000034644494046D8F804C0E0478246BAF1A0
:10469000000F03D040A002F05DF80DE0304602F0BC
:1046A0004BFF8246BAF1000F00D005E00A9848445B
:1046B0000A90002DA4D100BF0021304601F078FD02
:1046C000D8F80C0018B14046D8F80C10884750466E
:1046D0008CE7000035830108666C61736800000098
:1046E00028257329206861732061737365727420B3
:1046F0006661696C65642061742025732E0000007A
:104700002E2E5C436F6D70656E74735C4D6F6475B7
:104710006C65735C466C61736844422D312E312E9A
:10472000325C736675645C7372635C736675642E69
:104730006300000077726974655F6772616E203D87
:104740003D2031207C7C2077726974655F677261DF
:104750006E203D3D2032353600000000666C6173EE
:10476000682D3E696E69745F6F6B00004572726FF1
:10477000723A20466C617368206164647265737379
:10478000206973206F7574206F6620626F756E6488
:104790002E000000741400204572726F723A204699
:1047A0006C61736820777269746520535049206387
:1047B0006F6D6D756E6963617465206572726F727D
:1047C0002E00000018BCBDE8E08F000000B587B0E7
:1047D0001822314901A8EFF7CBFD8F20F4F71EFE18
:1047E0000320019001A92D48F4F7C8FF03212B48AD
:1047F000F5F75FF842F20F00019001A92848F4F79D
:10480000BDFF42F20F012648F5F753F893200190BF
:1048100001A94FF09040F4F7B1FF93214FF0904081
:10482000F5F747F847F20C00019001A91D48F4F78D
:10483000A5FF47F20C011B48F5F73BF84FF4C050B9
:10484000019001A94FF09040F4F798FF4FF4C05148
:104850004FF09040F5F72DF80420019001A912487F
:10486000F4F78CFF04211048F5F723F84FF4487053
:10487000019001A90B48F4F781FF4FF448710948F2
:10488000F5F717F88F200949C96C8143074AD164AD
:1048900000BF07B000BD0000AC770108001C004855
:1048A0000008004800040048000C004800100240C6
:1048B0004FF090400069C0F3001070474FF09040F7
:1048C0000069C0F34010704770B504460D461646A7
:1048D0001048006830B9104A10A113A0F4F702FD87
:1048E00000BFFEE70B48006890F8340030B90A4A70
:1048F00015A10DA0F4F7F6FC00BFFEE7174880698C
:1049000001192B4632460348006801F03FFF30464C
:1049100070BD000088010020397F0108736675644E
:104920005F646576000000002825732920686173A4
:1049300020617373657274206661696C65642061BF
:10494000742025732E0A0000736675645F646576B3
:104950002D3E696E69745F6F6B0000008C01002052
:1049600070B586B005460C460826002004900590D8
:104970004DB92E482EA330A29621009036A001F00A
:10498000C5FE00BFFEE74CB9284841A32AA29721E3
:10499000009031A001F0BAFE00BFFEE7082304AA90
:1049A0003146284600F0D2FD28B13DA001F0D2FEEC
:1049B000002006B070BD9DF8100020709DF8110019
:1049C00060709DF81200A0709DF81300E0709DF8D3
:1049D00014009DF8151040EA01209DF8161040EAD9
:1049E00001406060A078012806DD6278A1783A482D
:1049F00001F0B0FE0020DCE7E078092805DAE17874
:104A0000364801F0A7FE0020D3E7E1786278A3786A
:104A10006068CDE90032CDE902102378304AAD213B
:104A20000DA001F073FE0120C3E70000F983010827
:104A3000666C617368000000282573292068617323
:104A400020617373657274206661696C65642061AE
:104A5000742025732E0000002E2E5C436F6D706550
:104A60006E74735C4D6F64756C65735C466C6173DA
:104A70006844422D312E312E325C736675645C734E
:104A800072635C736675645F736664702E630000A6
:104A900062617369635F686561646572000000004C
:104AA0004572726F723A2043616E2774207265619D
:104AB00064204A4544454320626173696320666C03
:104AC00061736820706172616D65746572206865DC
:104AD000616465722E000000D890010860920108A0
:104AE000049001082DE9F0478EB08046894608F110
:104AF0004404D9F804A0242105A8EFF754FCB8F128
:104B0000000F09D1CD48CEA3CFA2C2210090D6A0DC
:104B100001F0FCFD00BFFEE7B9F1000F09D1C74865
:104B2000DFA3C9A2C3210090CFA001F0EFFD00BF19
:104B3000FEE7242305AA5146404600F007FD30B1A8
:104B4000DBA001F007FE00200EB0BDE8F087E6A272
:104B5000CB21C5A001F0DAFDEDA2CC21C2A001F06D
:104B6000D5FD00251FE005A810F82500012101EB67
:104B7000850105AA515C022202EB850205AB9A5C15
:104B8000032303EB85030DF1140C1CF80330CDE96E
:104B90000032CDE902106B1CE4A2CE21B2A001F0DC
:104BA000B5FD681CC5B2092DDDDB9DF81500E0716F
:104BB0009DF8140000F00300012802D0032811D151
:104BC00008E00120A071E379E14AD721A6A001F015
:104BD0009DFD0CE00020A071DEA2DB21A2A001F06F
:104BE00095FD04E0E8A001F0B5FD0020ACE700BFB2
:104BF0009DF81400C0F3800010B1012811D107E026
:104C00000120A080EEA2E62197A001F07FFD08E040
:104C10004FF48070A080F2A2EA2193A001F076FD0B
:104C200000BF00BF9DF81400C0F3C00010B1012800
:104C30002AD107E001202072F4A2F5218AA001F018
:104C400065FD21E000202072FC4AFA2186A001F0D7
:104C50005DFD9DF81400C0F3001010B1012811D1C2
:104C600007E050206072F64AFF217FA001F04EFD60
:104C700008E006206072F34A4FF482717AA001F0D6
:104C800045FD00BF00BF00BF00BF9DF81600C0F388
:104C9000410020B101280DD0022820D114E00120CC
:104CA000A0720020E072E8A240F20F116EA001F0A5
:104CB0002DFD1CE00120A072E072E9A24FF48A7180
:104CC00069A001F023FD12E00020A0720120E07233
:104CD000EAA240F2191164A001F018FD07E00020DB
:104CE000A072E072EBA001F035FD00202CE700BFC0
:104CF0009DF81B0000069DF81A1040EA01409DF83F
:104D0000191040EA01209DF8181040EA01079DF8AB
:104D10001B00C00910B1012815D104E0012000EBEF
:104D2000D700E0600FE027F00047232F06D90020CE
:104D3000E060E14801F00EFD002005E7F81E0121CA
:104D40008140E16000BF00BFDCA240F2311146A00B
:104D5000E36801F0DBFC002500262BE068001C3036
:104D600005A9085C20B368001C30095C012088405C
:104D700004F1100141F8360068001D3005A9095CF6
:104D800004F1100000EBC600017104F1100000EB0B
:104D9000C6000079009004F1100050F83600830A34
:104DA000CCA240F2371130A001F0B0FC701CC6B2AA
:104DB000681CC5B2042DD1DB0025002637E004F1C4
:104DC000100050F8350080B3681CC6B22BE004F127
:104DD000100050F8360020B304F1100050F83510E0
:104DE00050F8360081421CD904F1100252F83510F7
:104DF00002EBC502107904F1100252F8363042F885
:104E0000353002EBC602137904F1100202EBC50241
:104E1000137104F1100242F8361002EBC602107151
:104E200000BF701CC6B2042ED1DB681CC5B2042DB5
:104E3000C5DB0120207000BF86E600000B8401085E
:104E4000666C61736800000028257329206861730F
:104E500020617373657274206661696C656420619A
:104E6000742025732E0000002E2E5C436F6D70653C
:104E70006E74735C4D6F64756C65735C466C6173C6
:104E80006844422D312E312E325C736675645C733A
:104E900072635C736675645F736664702E63000092
:104EA00062617369635F6865616465720000000038
:104EB0005761726E696E673A2043616E2774207283
:104EC000656164204A4544454320626173696320FB
:104ED000666C61736820706172616D6574657220C3
:104EE0007461626C652E00004A454445432062614E
:104EF00073696320666C61736820706172616D65AF
:104F0000746572207461626C6520696E666F3A0028
:104F10004D53422D4C53422020332020202032205C
:104F20002020203120202020300000005B2530345C
:104F3000645D203078253032582030782530325862
:104F40002030782530325820307825303258000013
:104F5000C08F0108556E69666F726D2034204B4218
:104F600020657261736520697320756E6176616971
:104F70006C61626C6520666F72207468697320646E
:104F800065766963652E00004572726F723A20552E
:104F90006E69666F726D2034204B422065726173BA
:104FA0006520737570706F7274656420696E666FCA
:104FB000726D6174696F6E206572726F722E00007F
:104FC0005772697465206772616E756C617269747D
:104FD00079206973203120627974652E0000000009
:104FE0005772697465206772616E756C617269745D
:104FF00079206973203634206279746573206F726A
:10500000206C61726765722E000000005461726747
:10501000657420666C6173682073746174757320A5
:105020007265676973746572206973206E6F6E2D87
:10503000766F6C6174696C652E0000002C9101081C
:1050400070910108E8910108332D42797465206F51
:105050006E6C792061646472657373696E672E008B
:10506000332D206F7220342D427974652061646481
:1050700072657373696E672E00000000342D4279EB
:105080007465206F6E6C79206164647265737369F6
:105090006E672E004572726F723A2052656164200D
:1050A00061646472657373206279746573206572DC
:1050B000726F7221000000009090010843617061DE
:1050C0006369747920697320256C64204279746562
:1050D000732E0000466C61736820646576696365B1
:1050E00020737570706F72747320256C644B42204E
:1050F000626C6F636B2065726173652E20436F6D08
:105100006D616E64206973203078253032582E002E
:105110002DE9FF410446002504F1200654B9194841
:1051200019A31BA240F25531009021A001F0EEFA24
:1051300000BFFEE79F2003900320009002AB0122F6
:1051400003A930467768B8470546A5B99DF8081009
:1051500021739DF8091061739DF80A10A173A07B5B
:10516000617BCDE90010237B1E4A40F25D3110A027
:1051700001F0CCFA02E01CA001F0ECFA284604B0E1
:10518000BDE8F0815D830108666C61736800000012
:1051900028257329206861732061737365727420F8
:1051A0006661696C65642061742025732E000000BF
:1051B0002E2E5C436F6D70656E74735C4D6F6475FD
:1051C0006C65735C466C61736844422D312E312EE0
:1051D000325C736675645C7372635C736675642EAF
:1051E00063000000508D01084572726F723A2052C0
:1051F00065616420666C61736820646576696365C7
:10520000204A45444543204944206572726F722EFE
:10521000000000001FB50020009001900290039054
:105220000F236A4600215120FDF722FF9DF802005E
:1052300000F00F009DF80210C1F3021101EB810193
:1052400000EB41002B4908609DF8030000F00F00BF
:105250009DF80310C1F3021101EB810100EB410045
:10526000244948609DF8040000F00F009DF80410E8
:10527000C1F3011101EB810100EB41001D49886080
:105280009DF8050000F00F009DF80510C1F3011115
:1052900001EB810100EB41001649C8609DF8060052
:1052A00000F00700002100EB4100124988619DF8E1
:1052B000070000F00F009DF80710C1F3011101EB8A
:1052C000810100EB4100401E0A4908619DF8080079
:1052D00000F00F009DF80810090901EB810100EBB7
:1052E0004100C0B200F5FA6002494861FDF7B0FC28
:1052F0001FBD0000CC0A00202DE9F04196B0054604
:105300000E4614461F464FF00008002C12D15EA036
:10531000F3F7E8FF60A02968F3F7E4FFA62260A195
:105320006CA0F3F7DFFF6E4A6EA170A0F3F7DAFF0F
:1053300000BFFEE7382308AA31462846F7F708FAE7
:1053400066600998A0607149A068884205D0002075
:105350002070082016B0BDE8F081012020700421E3
:1053600008A8F7F729FA6070DDE90A01C4E9040129
:1053700006210FA8F7F720FA84F82400062113A8C5
:10538000F7F71AFAC1B22520015594F82400022833
:1053900006D1DDE90C01C4E906010E98206225E082
:1053A0002520005D022806D1DDE91001C4E90601CF
:1053B000129820621AE094F82400012816D12520C2
:1053C000005D012812D130A0F3F78CFF32A02968CC
:1053D000F3F788FFC02232A13EA0F3F783FF404AD3
:1053E0004BA142A0F3F77EFF00BFFEE760683830B4
:1053F000E0626068E96808442063D4E90B10401A51
:10540000A062607802283CD1002F3AD0E06A059073
:105410002FE09DF8000000B931E0DDE90201C4E9A8
:10542000060105982062E06A1830E062216B04985A
:10543000081A2063059818300590A16A049818305E
:10544000814205D9A16A04981830081AA06210E0B8
:105450000DA0F3F747FF10A02968F3F743FF2DA035
:10546000DDE90421F3F73EFF0020A0624FF00208BF
:1054700005E06946284600F0DBF90028C9D000BFE6
:1054800000BF404666E700005B466C6173684442BB
:105490005D5B74736C5D00005B25735D2000000034
:1054A0002E2E5C436F6D70656E74735C4D6F64750A
:1054B0006C65735C466C61736844422D312E312EED
:1054C000325C7372635C6664625F747364622E63E1
:1054D000000000002825733A256429200000000000
:1054E000C9790108736563746F72000028257329F8
:1054F0002068617320617373657274206661696CE2
:1055000065642061742025732E0A000054534C30CA
:10551000300000004572726F723A2074686973201F
:1055200054534C2028307825303858292073697A14
:10553000652028257529206973206F7574206F6692
:1055400020626F756E642E0A00000000FEB50446EE
:105550000D4616461F4625A103C9CDE90101280CB9
:105560008DF80500280A8DF80600E8B28DF80700CE
:1055700054B9204820A322A24FF4AD71009028A076
:1055800001F0C4F800BFFEE7B5F1807F0AD31948E7
:1055900031A31BA240F25B11009021A001F0B6F8EC
:1055A00000BFFEE756B913482FA315A24FF4AE7102
:1055B00000901BA001F0AAF800BFFEE7606A50B996
:1055C0000C482CA30EA240F25D11009014A001F033
:1055D0009DF800BFFEE700973346052201A904F1BC
:1055E0002000D4F824C0E047FEBD00005A000000AF
:1055F000FF0000001C840108666C617368000000F5
:105600002825732920686173206173736572742083
:105610006661696C65642061742025732E0000004A
:105620002E2E5C436F6D70656E74735C4D6F647588
:105630006C65735C466C61736844422D312E312E6B
:10564000325C736675645C7372635C736675645F09
:10565000736664702E63000061646472203C2031C4
:105660004C203C3C20323400726561645F62756698
:1056700000000000666C6173682D3E7370692E77C0
:10568000720000007FB5054605F1440400260020A5
:10569000029003904DB9264826A328A26D210090C0
:1056A0002EA001F033F800BFFEE700202070082391
:1056B00002AA31462846FFF749FF28B135A001F07C
:1056C00049F8002004B070BD9DF8080053280BD1A4
:1056D0009DF80900462807D19DF80A00442803D107
:1056E0009DF80B00502806D0324A7A211BA001F009
:1056F0000DF80020E6E79DF80C00A0709DF80D0065
:1057000060706078012806DDA27861782AA001F037
:1057100021F80020D6E79DF80E00A178CDE9001011
:10572000637833A283210DA000F0F0FF0120C9E7C8
:10573000E8830108666C61736800000028257329FE
:105740002068617320617373657274206661696C8F
:1057500065642061742025732E0000002E2E5C43AA
:105760006F6D70656E74735C4D6F64756C65735CA2
:10577000466C61736844422D312E312E325C736663
:1057800075645C7372635C736675645F7366647082
:105790002E6300004572726F723A2043616E277467
:1057A00020726561642053464450206865616465D9
:1057B000722E0000188F01084572726F723A2054E1
:1057C00068697320726576657273696F6E285625F5
:1057D000642E2564292053464450206973206E6F3F
:1057E0007420737570706F727465642E0000000011
:1057F000436865636B205346445020686561646567
:1058000072206973204F4B2E205468652072657694
:10581000657273696F6E206973205625642E256446
:105820002C204E504E2069732025642E000000006D
:1058300030B587B005460C4618236A46284661698C
:10584000F6F786FF06216846F6F7B6FF2070207847
:10585000012801D0207840B9E86E20614FF0FF3177
:10586000A1610021A160E16007E004982061059931
:10587000A161DDE90201C4E90201002007B030BDE9
:105880001FB5002000900190029003908DF8000059
:1058900001236A460D215120FDF7F9FB1FBD0000D1
:1058A0002DE9FC410546002405F1200655B92148A3
:1058B00021A323A240F23531009029A000F026FF59
:1058C00000BFFEE766208DF804000020009003462C
:1058D000012201A930467768B847044624B9284612
:1058E00001F02AFE044605E02AA000F033FF20461E
:1058F000BDE8FC8199208DF805000020009003464A
:1059000001220DF1050130467768B84704461CB9FD
:10591000284601F011FE044634B927A24FF4527113
:105920000FA000F0F3FE02E01AA000F013FF2046E3
:10593000DEE7000057830108666C617368000000B1
:105940002825732920686173206173736572742040
:105950006661696C65642061742025732E00000007
:105960002E2E5C436F6D70656E74735C4D6F647545
:105970006C65735C466C61736844422D312E312E28
:10598000325C736675645C7372635C736675642EF7
:10599000630000004572726F723A20466C61736852
:1059A000206465766963652072657365742066613D
:1059B000696C65642E000000466C61736820646544
:1059C00076696365207265736574207375636365BA
:1059D00073732E004FF4966000BF011EA0F101000A
:1059E000FBD1704710B540210948F3F766FF052049
:1059F000F5F726FB40210648F3F769FFC820F5F7C5
:105A00001FFB0448007820F001000249087010BD17
:105A100000080048101400202DE9F84F06460C46F7
:105A200015461F46DDE90B8BDDF828A06068009065
:105A30004FF0000900BF0023224630460099FFF7CF
:105A40005BFC15B16078A84212D1BBF1000F05D004
:105A50000123224630460099FFF74EFCB8F1000FB3
:105A600006D0524639462046C04708B100F00DB86E
:105A7000F06881444A4621463046FDF729F90090F6
:105A8000401C0028D7D100BFF0E718BCBDE8E08F6C
:105A900010B5FDF7A9F8012802D1002000F028FA7E
:105AA000FDF7D0F810B9012000F034FA00BFFDF77F
:105AB00079F80028FBD0EFF725FB564856490A88AD
:105AC00002808978817000205249C870534800785C
:105AD000087152480078401C5049087050480278BC
:105AE00050494C48401DEEF743FC4D480078401D9E
:105AF0004849A1F800011420FEF7CEFB4548B0F854
:105B00000011F5F7AFFA4348B0F80021014646A06E
:105B1000F1F7A0F91420FEF7BFFBFDF74BF838B101
:105B200043A145A0F3F7DEFB45A0F3F7DBFB04E060
:105B3000FDF762F8002854D000BF3DA13EA0F3F766
:105B4000D1FB45A0F3F7CEFB4D48FEF751FA0446D2
:105B500033480078401C844210DB01223049484819
:105B6000FEF740FB2E4802782E494548FEF73AFBE7
:105B700044480078401C4349087006E042A12EA02A
:105B8000F3F7B0FB42A0F3F7ADFB24480078401ECA
:105B9000224908704348007B401C4249087308466C
:105BA000007B05281CDB002008733F48007820F0AC
:105BB00001003D490870022081F84700002081F86B
:105BC00048003A48006800F5E1603949086039A1A9
:105BD00019A0F3F787FB3648016837A0F3F782FB7B
:105BE00010BD00202F49087332A113A0F3F77AFBF0
:105BF00039A0F3F777FB41F288300649A1F8040198
:105C00002848807B052802DA05202649887300BFD2
:105C1000E6E70000F80A0020747701081F00002062
:105C20001C0000206407002053656E640000000023
:105C30005741524E000000000A5B25735D000000D2
:105C400057616974204275737920494F2054696DFA
:105C5000656F7574000000004C6F52612053656ED3
:105C60006444617461204661696C2C2057726974C8
:105C700065204461746520546F204361636865004A
:105C800044060020100000204552524F52000000F0
:105C90004C77726220416C72656164792046756C44
:105CA0006C000000340A0020101400204400002082
:105CB0004C0100204C4F47005570646174652052C0
:105CC00065636F6E6E6563742054696D657374618E
:105CD0006D703A20256C64004C6F52612053656EE4
:105CE00064446174612053756363657373000000DD
:105CF0002DE9F0412DED028B06460C46012526705C
:105D0000422E6FD00EDC3C2E3AD006DC012E16D08F
:105D1000022E1BD0032E71D122E0402E55D0412EF1
:105D2000F9D158E08A2E6BD004DC432E60D0862E49
:105D3000F1D11BE08D2E77D0FF2EECD1BDE00D20F0
:105D400060700E20A070A81CC5B2BCE0614801685C
:105D5000C4F801108088A4F80500A81DC5B2B2E0FF
:105D60005D4800786070681CC5B2ACE05B48408A52
:105D7000001260705948807CA070A81CC5B2A2E0D7
:105D800056488079C0F38010607054488079C0F321
:105D90000010A0705148808A0012E0704F48007DCA
:105DA00020714E488079C00960714C488079C0F3F9
:105DB0004010A0714948C08A0012E0714748807DB8
:105DC000207205F10800C5B27DE04448C0796070DA
:105DD000681CC5B277E04148007A6070681CC5B2A3
:105DE00071E0FFE73D48407A6070681CC5B26AE028
:105DF0003A48807A6070681CC5B264E062E0FFE7F0
:105E00000027364890ED060A10EE101A0846EEF705
:105E1000C6FD41EC180B9FED320B53EC102BEEF747
:105E2000D1FD02D119273CE03FE02C4890ED060A55
:105E300010EE101A0846EEF7B2FD41EC180B9FED7C
:105E40002A0B53EC102BEEF7BDFD01D11A2728E0E9
:105E5000224890ED060AF2EE0A0AB4EEE00AF1EEEC
:105E600010FA07D290ED060ABCEEC00A10EE100A36
:105E7000C7B216E0194890ED060AF3EE080AB4EE30
:105E8000E00AF1EE10FA0CD290ED060AF2EE080AE2
:105E900030EE600AB1EE400ABCEEC00A10EE100A05
:105EA000C7B26770681CC5B20DE00C488079C0F3BA
:105EB00080006070681CC5B205E0FF206070681C3F
:105EC000C5B200E000BF00BF2846BDEC028BBDE8B4
:105ED000F08100001514002000000020340A00208A
:105EE0000000000000000C40000000000000164010
:105EF00010B5044624B980210548F3F7DEFC03E021
:105F000080210348F3F7E3FC0520F5F799F810BD6D
:105F10000008004810B5044634B94FF480714FF0C2
:105F20009040F3F7CAFC05E04FF480714FF09040C9
:105F3000F3F7CDFC0520F5F783F810BD2DE9FC4102
:105F400004460D46002654B91E481FA320A240F265
:105F50009B31009026A000F0D9FB00BFFEE7012195
:105F6000204600F025F9064616B13046BDE8FC8112
:105F700015B1B720019001E0E920019000200090C8
:105F80000346012201A904F12000676AB8470646CA
:105F90006EB984F835500DB122A000E023A003466D
:105FA00024A240F2AD3112A000F0B0FB07E00DB129
:105FB0001CA000E01DA0014627A000F0CBFB30464E
:105FC000D4E700007D830108666C617368000000FF
:105FD00028257329206861732061737365727420AA
:105FE0006661696C65642061742025732E00000071
:105FF0002E2E5C436F6D70656E74735C4D6F6475AF
:106000006C65735C466C61736844422D312E312E91
:10601000325C736675645C7372635C736675642E60
:1060200063000000456E7465720000004578697475
:1060300000000000257320342D42797465206164CE
:106040006472657373696E67206D6F646520737524
:1060500063636573732E00004572726F723A202578
:106060007320342D427974652061646472657373A2
:10607000696E67206D6F6465206661696C65642E6A
:10608000000000001FB500200090019002900390D6
:10609000464BDA681B69591C444B586901F0C4FA35
:1060A0004249886108464069A0F5FA600A21B0FBC0
:1060B000F1F201FB12013D484069A0F5FA600A22A5
:1060C000B0FBF2F041EA0010C0B28DF8080037488A
:1060D0000069401C0A21B0FBF1F201FB12013348B8
:1060E0000069401C0A22B0FBF2F041EA0010C0B285
:1060F0008DF807002D4880690A21B0FBF1F201FB01
:1061000012002A4989690A22B1FBF2F140EA011022
:10611000C0B28DF806002548C0680A21B0FBF1F234
:1061200001FB12002149C9680A22B1FBF2F140EAE1
:106130000110C0B28DF805001C4880680A21B0FB30
:10614000F1F201FB1200194989680A22B1FBF2F150
:1061500040EA0110C0B28DF80400144840680A21DA
:10616000B0FBF1F201FB1200104949680A22B1FBB1
:10617000F2F140EA0110C0B28DF803000B4800684C
:106180000A21B0FBF1F201FB1200084909680A225A
:10619000B1FBF2F140EA0110C0B28DF802000F230A
:1061A0006A4600215120FCF772FF1FBDCC0A002077
:1061B000FEB504460D46002654B91D481DA31FA276
:1061C00040F27231009025A000F0A0FA00BFFEE777
:1061D00015B10620029001E00420029000200090FA
:1061E0000346012202A904F12000676AB847064667
:1061F00026B901A9204600F0DBFB0646AEB94DB139
:106200009DF8040000F0020020B921A000F0A2FADD
:106210000220FEBD4DB99DF8040000F0020020B13F
:1062200024A000F097FA0220F3E73046F1E70000DF
:106230006B830108666C6173680000002825732970
:106240002068617320617373657274206661696C84
:1062500065642061742025732E0000002E2E5C439F
:106260006F6D70656E74735C4D6F64756C65735C97
:10627000466C61736844422D312E312E325C736658
:1062800075645C7372635C736675642E63000000F2
:106290004572726F723A2043616E277420656E6199
:1062A000626C6520777269746520737461747573AC
:1062B0002E0000004572726F723A2043616E27749F
:1062C0002064697361626C652077726974652073FC
:1062D00074617475732E00002DE9FC41054600269B
:1062E00005F1200455B92F482FA331A240F2C11166
:1062F000009037A000F00AFA00BFFEE795F83400DE
:1063000050B928483FA32AA240F2C311009030A000
:1063100000F0FCF900BFFEE7A06810B12046A168BC
:10632000884701212846FFF743FF064606B12CE0C7
:10633000C7208DF80400287D00F0080090B194205B
:106340008DF8050080208DF806009A208DF8070052
:10635000002000900346042201A920466768B84740
:10636000064608E0002000900346012201A92046CD
:106370006768B84706461EB126A000F0EBF904E0B6
:10638000284601F0D9F8064600BF00212846FFF74D
:106390000FFFE06810B12046E16888473046BDE84D
:1063A000FC8100001A830108666C617368000000BC
:1063B00028257329206861732061737365727420C6
:1063C0006661696C65642061742025732E0000008D
:1063D0002E2E5C436F6D70656E74735C4D6F6475CB
:1063E0006C65735C466C61736844422D312E312EAE
:1063F000325C736675645C7372635C736675642E7D
:1064000063000000666C6173682D3E696E69745F9D
:106410006F6B00004572726F723A20466C61736850
:10642000206368697020657261736520535049204C
:10643000636F6D6D756E6963617465206572726FEF
:10644000722E000070B5044600252046FCF762FC61
:1064500005461DB9204600F049FC05463DB901201E
:1064600084F8340006A0216800F074F906E00020EA
:1064700084F834000CA0216800F06CF9284670BD47
:10648000257320666C617368206465766963652096
:10649000697320696E697469616C697A65207375C6
:1064A00063636573732E00004572726F723A202524
:1064B0007320666C61736820646576696365206922
:1064C0007320696E697469616C697A6520666169B7
:1064D0006C2E00002DE9FF5F04460E4617464FF074
:1064E000000904F1200854B9554856A357A240F2B8
:1064F000FD1100905DA000F009F900BFFEE794F8DF
:10650000340050B94E4866A350A240F2FF110090EB
:1065100056A000F0FBF800BFFEE7F11920698142A8
:1065200006D963A000F016F9052004B000F0EAB81F
:1065300036B92069B84203D12046FFF7CDFEF4E713
:10654000D8F8080018B14046D8F80810884766E027
:1065500094F8440070B13A463146204600F084FA7F
:10656000824604F1540101EBCA0090F804B051F8DE
:106570003A5002E094F81CB0A56901212046FFF7CB
:1065800017FE8146B9F1000F00D04BE08DF808B03E
:106590000DF1090231462046FDF7DAFE94F8350088
:1065A00008B1052000E0042001900020009003467F
:1065B000D8F804C002A94046019AE0478146B9F1E3
:1065C000000F03D044A000F0C5F82BE0204600F0F7
:1065D000B3FF8146B9F1000F00D023E0B6FBF5F020
:1065E00005FB1060A0B1B6FBF5F005FB1060281AA2
:1065F000B8420CD2B6FBF5F005FB1060281A3F1A22
:10660000B6FBF5F005FB1060281A064406E009E029
:10661000AF4202D97F1B2E4400E003E000BF002FF1
:1066200096D100BF00212046FFF7C2FDD8F80C002C
:1066300018B14046D8F80C108847484675E7000066
:106640002A830108666C617368000000282573299D
:106650002068617320617373657274206661696C70
:1066600065642061742025732E0000002E2E5C438B
:106670006F6D70656E74735C4D6F64756C65735C83
:10668000466C61736844422D312E312E325C736644
:1066900075645C7372635C736675642E63000000DE
:1066A000666C6173682D3E696E69745F6F6B000084
:1066B0004572726F723A20466C617368206164643F
:1066C00072657373206973206F7574206F66206222
:1066D0006F756E642E0000004572726F723A20462C
:1066E0006C61736820657261736520535049206343
:1066F0006F6D6D756E6963617465206572726F721E
:106700002E00000030BCBDE8C09F00000FB438B5BB
:1067100004460D4607A800904FF480710748009B7F
:10672000069AF5F701FF00200090044B2A46214607
:1067300003A0F2F7D7FD38BC5DF814FB79150020F3
:106740000D0A5B534655445D2825733A256C642930
:10675000202573000FB408B503A800904FF4807192
:106760000648009B029AF5F7DFFE002000900349DF
:1067700003A0F2F7B7FD01B05DF814FB7915002016
:106780000D0A5B534655445D202573002DE9FE4FED
:1067900004460F46164698464FF0000904F12005BE
:1067A00054B92E482EA330A24FF4C871009036A0E1
:1067B000FFF7ACFF00BFFEE7B8F1000F0AD1274892
:1067C0003EA329A240F2911100902FA0FFF79EFF57
:1067D00000BFFEE794F8340050B9204839A322A244
:1067E00040F29311009028A0FFF790FF00BFFEE752
:1067F000B9192069814205D936A0FFF7ABFF052002
:1068000000F07CB8A86810B12846A96888472046DF
:1068100000F092FE8146B9F1000F18D103208DF8E7
:1068200004000DF1050239462046FDF791FD94F86C
:10683000350008B1052000E004208246009643465A
:10684000524601A92846D5F804C0E0478146E868C9
:1068500010B12846E96888474846D1E71083010807
:10686000666C6173680000002825732920686173D5
:1068700020617373657274206661696C6564206160
:10688000742025732E0000002E2E5C436F6D706502
:106890006E74735C4D6F64756C65735C466C61738C
:1068A0006844422D312E312E325C736675645C7300
:1068B00072635C736675642E6300000064617461CA
:1068C00000000000666C6173682D3E696E69745F3C
:1068D0006F6B00004572726F723A20466C6173688C
:1068E0002061646472657373206973206F7574200E
:1068F0006F6620626F756E642E0000001EBCBDE8DE
:10690000E08F00003EB504464CB90F480FA311A21A
:106910005121009017A0FFF7F9FE00BFFEE72046C7
:10692000FEF7B0FE48B101A92046FEF719F820B1E4
:1069300001A92046FEF7D6F83EBD1C482168FFF7A6
:1069400009FF0020F8E70000D9830108666C617335
:106950006800000028257329206861732061737323
:10696000657274206661696C6564206174202573AA
:106970002E0000002E2E5C436F6D70656E74735C8C
:106980004D6F64756C65735C466C61736844422D31
:10699000312E312E325C736675645C7372635C7386
:1069A0006675645F736664702E630000648F01080F
:1069B0007CB504460D460520019054B9104811A33A
:1069C00012A24FF47071009018A0FFF79FFE00BF55
:1069D000FEE755B90A4822A30CA240F2C13100904B
:1069E00012A0FFF793FE00BFFEE7012000902B46A8
:1069F000024601A904F12000666AB0477CBD000090
:106A000095830108666C617368000000282573296E
:106A10002068617320617373657274206661696CAC
:106A200065642061742025732E0000002E2E5C43C7
:106A30006F6D70656E74735C4D6F64756C65735CBF
:106A4000466C61736844422D312E312E325C736680
:106A500075645C7372635C736675642E630000001A
:106A600073746174757300002DE9F84305460E4692
:106A700017464FF0000895F8440000280AD119483D
:106A800019A31FA24FF4B771009025A0FFF73EFE97
:106A900000BFFEE7686DB6FBF0F100FB116010B1BE
:106AA0000020BDE8F883032400BF05F1540050F82E
:106AB000340080B105F1540050F83400B8420AD8CF
:106AC00005F1540050F83400B6FBF0F100FB116002
:106AD00008B9A04603E004B901E0641EE5E700BF81
:106AE0004046DEE72B840108666C6173682D3E73B7
:106AF0006664702E617661696C61626C650000008D
:106B0000282573292068617320617373657274206E
:106B10006661696C65642061742025732E00000035
:106B20002E2E5C436F6D70656E74735C4D6F647573
:106B30006C65735C466C61736844422D312E312E56
:106B4000325C736675645C7372635C736675645FF4
:106B5000736664702E63000070B504460025084813
:106B600000F006F9074961620749A1620749E1623D
:106B7000034921630648A0630649E163284670BDC6
:106B8000D4010020956D01088D6D0108916D0108FB
:106B9000D5590108C02709002DE9F84304460E46DF
:106BA00017461D464FF00008207D00F0010048B157
:106BB0004FF480733A46314620460095FDF7DAFCE3
:106BC00080460CE0207D00F0040038B12B463A46A8
:106BD00031462046F6F7D0FC804600E000BF404634
:106BE000BDE8F8832DE9FC4104460F469046002598
:106BF00004F1200654B91B481BA31DA24FF47E715B
:106C0000009023A0FFF782FD00BFFEE76FB1502088
:106C10008DF80400002000900346012201A93046AF
:106C2000D6F804C0E047054604E001212046FFF7FE
:106C3000BFFA054675B901208DF804008DF805806E
:106C4000002000900346022201A93046D6F804C075
:106C5000E047054615B11BA0FFF77CFD2846BDE8BF
:106C6000FC810000C7830108666C61736800000046
:106C700028257329206861732061737365727420FD
:106C80006661696C65642061742025732E000000C4
:106C90002E2E5C436F6D70656E74735C4D6F647502
:106CA0006C65735C466C61736844422D312E312EE5
:106CB000325C736675645C7372635C736675642EB4
:106CC000630000004572726F723A205772697465F2
:106CD0005F7374617475732072656769737465722C
:106CE000206661696C65642E0000000038B50446BA
:106CF000002554B9064807A308A24FF4BE710090BE
:106D00000EA0FFF703FD00BFFEE7284638BD0000D8
:106D100002830108666C61736800000028257329EE
:106D20002068617320617373657274206661696C99
:106D300065642061742025732E0000002E2E5C43B4
:106D40006F6D70656E74735C4D6F64756C65735CAC
:106D5000466C61736844422D312E312E325C73666D
:106D600075645C7372635C736675642E6300000007
:106D70007047000010B50448FFF764FB08B9002015
:106D800010BD4FF0FF30FBE7E001002072B6704706
:106D900062B670472DE9F84F80460D4616461C46F0
:106DA0000A9F4FF00009D8F810A0002E0AD04DB964
:106DB000114812A314A2492100901BA0FFF7A6FCC2
:106DC00000BFFEE757B14CB90B4825A30EA24D21D9
:106DD000009015A0FFF79AFC00BFFEE7FF2239469E
:106DE0002046EDF7D9FABBB2B1B222462846F4F7F5
:106DF0003FFF484600F03AB87D8401087772697415
:106E0000655F62756600000028257329206861733C
:106E100020617373657274206661696C65642061BA
:106E2000742025732E0000002E2E5C436F6D70655C
:106E30006E74735C4D6F64756C65735C466C6173E6
:106E40006844422D312E312E325C736675645C705D
:106E50006F72745C736675645F706F72742E63001A
:106E6000726561645F6275660000000018BCBDE871
:106E7000E08F000070B54348F3F762F800F00F05AB
:106E80004048F3F75DF8C0F3031000EB800005EB1A
:106E90004000C0B23C4988613A48F3F756F800F028
:106EA0000F053848F3F751F8C0F3031000EB8000EA
:106EB00005EB4000C0B200F5FA6033494861314843
:106EC000F3F739F800F00F052E48F3F734F8C0F364
:106ED000031000EB800005EB4000C0B2401E2A49C1
:106EE00008612848F3F722F800F00F052548F3F76A
:106EF0001DF8C0F3031000EB800005EB4000C0B2AA
:106F00002149C86000BF00201E4909681F4A01EAE4
:106F10000200C0F30341020D41EA02110904C0F36B
:106F20000322C0F3023342EA031241EA0221C0F312
:106F30000213024663F31F1211430C46C4F30340CD
:106F4000210D01EB810100EB41000F498860C4F382
:106F50000320C4F30721090901EB810100EB410083
:106F6000C0B20949486004F00F00C4F3031101EBFB
:106F7000810100EB4100C0B203490860FBF768FEE5
:106F800070BD000000280040CC0A00207F7F3F0039
:106F900000B585B0D0488079C0F3C00008B105B015
:106FA00000BDCD480079C0F3801000287DD1CB48CA
:106FB000B0F804010028F9D1C748807B0028F5D13A
:106FC000C74800780028F1D1C64800780028EDD1E4
:106FD000C1484079C0F340100028E7D1BE4880790D
:106FE000C0F3C0000028E1D1BF48007800F00100E4
:106FF00038B1BE48007820B9B748807900F0010068
:1070000070B1B94890F84700022803D1B64890F80B
:10701000480028B1B0488079C0F380000028C5D16D
:10702000FBF710FE012802D10020FEF773FFFDF7E9
:1070300097FAA9488079C0F3800010B1FCF7F8FEF8
:1070400015E0ABA1ABA0F2F74DF9AC480068AB4935
:107050004968AA4A9268CDE900210290A748C3680E
:107060000069421CA5484169A5A0F2F73BF9B44864
:10707000F3F7AAF9EFF784FDF4F750FD0821B148C2
:10708000F2F715FC4FF48041AF48F2F710FC0221F3
:10709000AC48F2F70CFC0421AA48F2F708FC4FF4C4
:1070A0008051A948F2F703FC00E012E14FF40051CF
:1070B000A548F2F7FCFB4FF40041A348F2F7F7FBB9
:1070C0000121A148F2F7FDFB02219F48F2F7F9FBED
:1070D00002214FF09040F2F7EAFB10219A48F2F7B4
:1070E000E6FB7D48407920F00200801C7A49487117
:1070F0000846007920F0020008710846007920F067
:10710000010008710846007920F080000871F0F74E
:10711000C1FBEFF7C1FC10214FF47A70F5F704F9C9
:10712000F4F71EFD00BF4AF6AA208849086000BF98
:107130006948007900F0010068B16748007920F0E3
:107140000100654908716AA16AA0F2F7CBF880A036
:10715000F2F7C8F895E060480079C0F34000E8B164
:1071600063A164A0F2F7BEF87FA0F2F7BBF85A481B
:10717000007920F00200584908715B48007800F05F
:10718000010000287DD108468079C0F380000028E6
:1071900077D00120544981F8480072E04E480079C8
:1071A000C0F3800068B152A152A0F2F79BF874A01E
:1071B000F2F798F84848007920F004004649087131
:1071C0005FE045480079C0F3C00068B148A149A01C
:1071D000F2F788F871A0F2F785F83F48007920F0BF
:1071E00008003D4908714CE03B480079C0F30010AD
:1071F00068B13FA13FA0F2F775F86FA0F2F772F8FF
:107200003548007920F010003349087139E03248E0
:107210000079C0F3401068B135A136A0F2F762F8EA
:107220006CA0F2F75FF82C48007920F020002A4982
:10723000087126E028480079C0F3801038B12CA1ED
:107240002CA0F2F74FF86AA0F2F74CF819E02248A8
:10725000407900F0010068B11F48407920F001003A
:107260001D49487122A123A0F2F73CF866A0F2F76D
:1072700039F806E01EA11FA0F2F734F86AA0F2F771
:1072800031F815488079C0F3800020B94FF4FA70C6
:107290006C4908801DE0FDF7BDFF15A115A0F2F7B0
:1072A00021F8694803681548806914490968134A38
:1072B0005268CDE90303CDE90121104880680090B0
:1072C0000E48C3680069421C0C4841695F48F2F7E8
:1072D00009F800BF63E60000340A0020F80A002025
:1072E0001D0000201E0000201014002010000020AF
:1072F0004C4F47000A5B25735D000000CC0A00205C
:10730000456E7465722044656570536C65657020C8
:107310004D6F64652C2054696D65204E6F773A205F
:10732000253034642D253032642D253032643A25E1
:107330003032643A253032643A253032640000003D
:1073400000440140000800480004004800300040AC
:107350004465766963652057616B652055702046EA
:10736000726F6D20525443004465766963652057FF
:10737000616B652055702046726F6D205643530037
:107380004465766963652057616B652055702046BA
:10739000726F6D2050756C736531000044657669BD
:1073A00063652057616B652055702046726F6D20B4
:1073B00050756C73653200004465766963652057CB
:1073C000616B652055702046726F6D20496E736544
:1073D000727431004465766963652057616B65207E
:1073E00055702046726F6D20496E7365727432005D
:1073F0004465766963652057616B6520557020464A
:10740000726F6D20424C4500446576696365205774
:10741000616B652055702046726F6D204C6F526114
:10742000204D6F64650000004465766963652057F0
:10743000616B652055702046726F6D20556E6B6EC6
:107440006F776E0020000020440000207C88010837
:1074500010B513480068134988421DD22C211248E8
:10746000ECF7A1FF40F2E7700F4948610A2008617C
:107470001D20C8600B208860062048600B46DA6833
:107480001B69591C084B586900F0CEF80649886101
:10749000FBF7DEFBFEF7F6FDF4F744FA10BD000043
:1074A00044000020805CB063CC0A002010B592B08C
:1074B0000446002005901149CDE90001234602460B
:1074C00004A902902046FEF7A7FA002020670021B9
:1074D000E16221666166002304F128022046E16A28
:1074E000FDF70AFF06A0F1F7FDFE09A02168F1F7FC
:1074F000F9FE09A0F1F7F6FE12B010BD59F7000829
:107500005B466C61736844425D5B74736C5D000044
:107510005B25735D20000000416C6C207365637413
:107520006F7220666F726D61742066696E69736830
:1075300065642E0A000000002DE9FC410446002588
:10754000E76B54B9164817A318A240F2CB3100904C
:107550001EA0FFF7DBF800BFFEE713E001A92046FD
:10756000FFF726FA05462DB99DF8040000F001004A
:1075700000B908E0A66B0FB9042504E006B1B047D6
:107580007F1E00BFEAE700BF25B99DF8040000F0A8
:10759000010010B11AA0FFF7DDF82846BDE8FC8114
:1075A000A6830108666C61736800000028257329B2
:1075B0002068617320617373657274206661696C01
:1075C00065642061742025732E0000002E2E5C431C
:1075D0006F6D70656E74735C4D6F64756C65735C14
:1075E000466C61736844422D312E312E325C7366D5
:1075F00075645C7372635C736675642E630000006F
:107600004572726F723A20466C61736820776169C7
:107610007420627573792068617320616E206572D1
:10762000726F722E000000002DE9F04F03460C46E9
:1076300016462546B046022D01DC5B1E0C35642043
:1076400093FBF0F193FBF0FC00FB1C3205F1010908
:1076500009EB890A0AEBC9094FF0050A99FBFAF907
:107660004FEAE17A01EB9A7A4FEAAA0A4FF0020B4D
:107670000BFB11AA92444FEAE27B02EB9B7B0AEBE5
:10768000AB0AD144C144A9F10107072097FBF0FCE4
:1076900000FB1C7000F000B830BCBDE8C08F0000DB
:1076A00070B504460D4616461248006830B9124AB5
:1076B00012A115A0F1F716FE00BFFEE70D48006805
:1076C00090F8340030B90C4A17A10FA0F1F70AFE68
:1076D00000BFFEE71948806901192B46324605486C
:1076E0000068FFF759FA10B14FF0FF3070BD304617
:1076F000FCE70000880100203E7F01087366756486
:107700005F64657600000000282573292068617396
:1077100020617373657274206661696C65642061B1
:10772000742025732E0A0000736675645F646576A5
:107730002D3E696E69745F6F6B0000008C01002044
:10774000081C3044586C80000000000404043C3CD9
:107750000000080000000800080000080000000801
:10776000000000020406080A0C10140001020304C1
:107770000506080A686B7400081C3044586C8000C9
:107780000000000404043C3C000008000000080065
:107790000800000800000008000000020406080AB3
:1077A0000C101400010203040506080AFFFF000084
:1077B00003000000020000000000000000000000C4
:1077C00000000000081C3044586C800000000004D9
:1077D00004043C3C00000800000008000800000809
:1077E00000000008000000020406080A0C10140043
:1077F000010203040506080A1F0000001C00000027
:107800001F0000001E0000001F0000001E000000FE
:107810001F0000001F0000001E0000001F000000ED
:107820001E0000001F000000081C3044586C80003F
:107830000000000404043C3C0000080000000800B4
:107840000800000800000008000000020406080A02
:107850000C101400010203040506080A081C304439
:10786000586C80000000000404043C3C0000080048
:1078700000000800080000080000000800000002E6
:107880000406080A0C101400010203040506080A85
:10789000FFFF0000030000000200000000000000E5
:1078A00000000000000000005370693357726974D3
:1078B00065526561644E4279746500081C30445815
:1078C0006C80000000000404043C3C000008000040
:1078D0000008000800000800000008000000020482
:1078E00006080A0C101400010203040506080A66C3
:1078F0006C6173685F64625F696E697400000000A8
:10790000000000000000000001020304060708094F
:107910000000000001020304A0860100400D0300E6
:10792000801A060000350C0040420F0080841E00C3
:1079300000093D0000127A000024F40000366E01B8
:107940000048E801006CDC02081C3044586C8000E0
:107950000000000404043C3C000008000000080093
:107960000800000800000008000000020406080AE1
:107970000C101400010203040506080A5F66646225
:107980005F696E69745F6578005F6664625F6465F5
:10799000696E697400081C3044586C800000000057
:1079A0000404043C3C00000800000008000800003B
:1079B0000800000008000000020406080A0C101469
:1079C00000010203040506080A726561645F7365BD
:1079D00063746F725F696E666F00666F726D61745B
:1079E0005F736563746F720074736C5F6170706550
:1079F0006E64006664625F747364625F636F6E746A
:107A0000726F6C006664625F747364625F696E6952
:107A100074000000081C3044586C80000000000412
:107A200004043C3C000008000000080008000008B6
:107A300000000008000000020406080A0C101400F0
:107A4000010203040506080A0000000096300777CB
:107A50002C610EEEBA51099919C46D078FF46A7042
:107A600035A563E9A395649E3288DB0EA4B8DC7962
:107A70001EE9D5E088D9D2972B4CB609BD7CB17EE2
:107A8000072DB8E7911DBF906410B71DF220B06AB2
:107A90004871B9F3DE41BE847DD4DA1AEBE4DD6DC2
:107AA00051B5D4F4C785D38356986C13C0A86B64C2
:107AB0007AF962FDECC9658A4F5C0114D96C0663E2
:107AC000633D0FFAF50D088DC8206E3B5E10694CC2
:107AD000E44160D5727167A2D1E4033C47D4044B02
:107AE000FD850DD26BB50AA5FAA8B5356C98B242E2
:107AF000D6C9BBDB40F9BCACE36CD832755CDF4562
:107B0000CF0DD6DC593DD1ABAC30D9263A00DE5191
:107B10008051D7C81661D0BFB5F4B42123C4B35681
:107B20009995BACF0FA5BDB89EB802280888055F01
:107B3000B2D90CC624E90BB1877C6F2F114C685861
:107B4000AB1D61C13D2D66B69041DC760671DB014F
:107B5000BC20D2982A10D5EF8985B1711FB5B60621
:107B6000A5E4BF9F33D4B8E8A2C9077834F9000F61
:107B70008EA8099618980EE1BB0D6A7F2D3D6D0801
:107B8000976C6491015C63E6F4516B6B62616C1CF1
:107B9000D83065854E0062F2ED95066C7BA5011B21
:107BA000C1F4088257C40FF5C6D9B06550E9B712C1
:107BB000EAB8BE8B7C88B9FCDF1DDD62492DDA1581
:107BC000F37CD38C654CD4FB5861B24DCE51B53AA1
:107BD0007400BCA3E230BBD441A5DF4AD795D83DA1
:107BE0006DC4D1A4FBF4D6D36AE96943FCD96E34E1
:107BF000468867ADD0B860DA732D0444E51D0333C1
:107C00005F4C0AAAC97C0DDD3C710550AA410227D0
:107C100010100BBE86200CC925B56857B3856F20A0
:107C200009D466B99FE461CE0EF9DE5E98C9D92900
:107C30002298D0B0B4A8D7C7173DB359810DB42E40
:107C40003B5CBDB7AD6CBAC02083B8EDB6B3BF9A8C
:107C50000CE2B6039AD2B1743947D5EAAF77D29D18
:107C60001526DB048316DC73120B63E3843B6494F8
:107C70003E6A6D0DA85A6A7A0BCF0EE49DFF0993F8
:107C800027AE000AB19E077D44930FF0D2A3088768
:107C900068F2011EFEC206695D5762F7CB67658018
:107CA00071366C19E7066B6E761BD4FEE02BD38918
:107CB0005A7ADA10CC4ADD676FDFB9F9F9EFBE8E78
:107CC00043BEB717D58EB060E8A3D6D67E93D1A1B8
:107CD000C4C2D83852F2DF4FF167BBD16757BCA698
:107CE000DD06B53F4B36B248DA2B0DD84C1B0AAF38
:107CF000F64A0336607A0441C3EF60DF55DF67A8B8
:107D0000EF8E6E3179BE69468CB361CB1A8366BC47
:107D1000A0D26F2536E2685295770CCC03470BBB97
:107D2000B91602222F260555BE3BBAC5280BBDB297
:107D3000925AB42B046AB35CA7FFD7C231CFD0B537
:107D40008B9ED92C1DAEDE5BB0C2649B26F263EC29
:107D50009CA36A750A936D02A906099C3F360EEB37
:107D60008567077213570005824ABF95147AB8E2F7
:107D7000AE2BB17B381BB60C9B8ED2920DBED5E5D7
:107D8000B7EFDC7C21DFDB0BD4D2D38642E2D4F127
:107D9000F8B3DD686E83DA1FCD16BE815B26B9F6B7
:107DA000E177B06F7747B718E65A0888706A0FFF17
:107DB000CA3B06665C0B0111FF9E658F69AE62F8D7
:107DC000D3FF6B6145CF6C1678E20AA0EED20DD7D7
:107DD0005483044EC2B30339612667A7F71660D0F7
:107DE0004D476949DB776E3E4A6AD1AEDC5AD6D937
:107DF000660BDF40F03BD83753AEBCA9C59EBBDE57
:107E00007FCFB247E9FFB5301CF2BDBD8AC2BACA06
:107E10003093B353A6A3B4240536D0BA9306D7CD76
:107E20002957DE54BF67D9232E7A66B3B84A61C496
:107E3000021B685D942B6F2A37BE0BB4A18E0CC356
:107E40001BDF055A8DEF022D5F6664625F777269F2
:107E500074655F737461747573005F6664625F72EA
:107E60006561645F73746174757300081C304458F5
:107E70006C80000000000404043C3C00000800008A
:107E800000080008000008000000080000000204CC
:107E900006080A0C101400010203040506080A660D
:107EA000616C5F696E697400081C3044586C800016
:107EB0000000000404043C3C00000800000008002E
:107EC0000800000800000008000000020406080A7C
:107ED0000C101400010203040506080A8C0100209E
:107EE00066616C5F666C6173685F696E6974006679
:107EF000616C5F666C6173685F6465766963655F1A
:107F000066696E6400081C3044586C8000000000F4
:107F10000404043C3C0000080000000800080000C5
:107F20000800000008000000020406080A0C1014F3
:107F300000010203040506080A7265616400777295
:107F4000697465006572617365000000081C304447
:107F5000586C80000000000404043C3C0000080051
:107F600000000800080000080000000800000002EF
:107F70000406080A0C101400010203040506080A8E
:107F8000303150456664625F7473646200000000C3
:107F90000000000000000000000000006E6F72662C
:107FA0006C617368300000000000000000000000F9
:107FB00000000000000000000000080000000000B9
:107FC000636865636B5F616E645F7570646174653F
:107FD0005F706172745F63616368650066616C5FA6
:107FE000706172746974696F6E5F66696E64006651
:107FF0006C6173685F6465766963655F66696E640A
:108000005F62795F706172740066616C5F6765744E
:108010005F706172746974696F6E5F7461626C65C0
:108020000066616C5F7365745F7061727469746916
:108030006F6E5F7461626C655F74656D7000666120
:108040006C5F706172746974696F6E5F7265616490
:108050000066616C5F706172746974696F6E5F77DE
:10806000726974650066616C5F70617274697469CD
:108070006F6E5F657261736500000000FC8E010821
:1080800001000000048F010804000000488E010870
:108090001C000000D48E01081F000000EC8E0108B7
:1080A00020000000208E010837000000F48E010837
:1080B00062000000DC8E010889000000588E010873
:1080C0008C000000E48E0108A1000000CC8E0108A5
:1080D000AD000000608E0108BF000000C08E0108E6
:1080E000C8000000348E0108D5000000B88E0108D9
:1080F000EF0000000C8F0108C2000000288E01086C
:108100001F260000000020000A00000000020000FE
:1081100081000000648E0108EF4013000000080099
:108120000100000000100000200000007C8E01080B
:10813000EF401500000020000100000000100000CA
:1081400020000000708E0108EF4016000000400083
:10815000010000000010000020000000948E0108C3
:10816000EF40170000008000010000000010000038
:1081700020000000AC8E0108EF60170000008000B6
:10818000010000000010000020000000888E01089F
:10819000EF40180000000001010000000010000086
:1081A00020000000A08E0108EF401900000000022E
:1081B000010000000010000020000000D88D010820
:1081C000BF258E0000001000060000000010000017
:1081D00020000000088E0108BF254100000020009B
:1081E000060000000010000020000000C88D0108FB
:1081F00020201600000040000100000000000100E7
:10820000D8000000C08D01082020140000001000DC
:108210000100000000000100D8000000B08D01083E
:1082200020201300000008000100000000000100F1
:10823000D8000000E48D01081C301600000040004A
:10824000010000000010000020000000F08D010877
:10825000C84017000000800001000000001000006E
:1082600020000000148E0108C84015000000200006
:108270000100000000100000200000003C8E0108FA
:108280000140150000002000010000000010000067
:10829000200000004C8E0108010215000000400083
:1082A000010000000010000020000000B88D01084F
:1082B0003730140000001000010000000010000022
:1082C00020000000D08D01088C2013000000080061
:1082D000060000000010000020000000FC8D0108D6
:1082E000BF25410000002000060000000010000033
:1082F0002000000068617264776172655F696E6971
:108300007400736F6674776172655F696E6974007B
:10831000736675645F7265616400736675645F633C
:108320006869705F657261736500736675645F6527
:108330007261736500706167653235365F6F725FB9
:10834000315F627974655F77726974650061616934
:108350005F77726974650072657365740072656138
:10836000645F6A656465635F6964007365745F7701
:10837000726974655F656E61626C656400736574D3
:108380005F345F627974655F616464726573735FA3
:108390006D6F646500736675645F726561645F73B9
:1083A000746174757300776169745F6275737900C5
:1083B0006D616B655F6164726573735F627974652B
:1083C0005F617272617900736675645F7772697458
:1083D000655F73746174757300736675645F72654D
:1083E00061645F7366647000726561645F73666484
:1083F000705F68656164657200726561645F626187
:108400007369635F68656164657200726561645F6A
:1084100062617369635F7461626C65007265616457
:108420005F736664705F6461746100736675645F36
:10843000736664705F6765745F7375697461626C9D
:10844000655F65726173657200081C3044586C800A
:10845000000000000404043C3C0000080000000888
:1084600000080000080000000800000002040608E0
:108470000A0C101400010203040506080A7370694F
:108480005F77726974655F72656164001F1D1F1EEE
:108490001F1E1F1F1E1F1E1F1F1C1F1E1F1E1F1FF4
:1084A0001E1F1E1F00404040404040404040414190
:1084B00041414140404040404040404040404040B9
:1084C0004040404040050202020202020202020253
:1084D0000202020202202020202020202020200250
:1084E00002020202020290909090909010101010E0
:1084F000101010101010101010101010101010107C
:10850000020202020202888888888888080808080F
:1085100008080808080808080808080808080808DB
:108520000202020240000000A58401080D0A2A2A66
:108530002A2A2A2A2A2A2A2A2A2A2A2A2A2A2A2A9B
:108540002A2A2A2A205374617274205265616C2091
:108550005461736B202A2A2A2A2A2A2A2A2A2A2A9A
:108560002A2A2A2A2A2A2A2A2A2A2A0D0A00000026
:108570004150504B45593A20253032782025303231
:108580007820253032782025303278202530327816
:10859000202530327820253032782025303278205E
:1085A0002530327820253032782025303278202549
:1085B000303278202530327820253032782025302E
:1085C00032782025303278004E574B534B45593A7C
:1085D000202530327820253032782025303278201E
:1085E0002530327820253032782025303278202509
:1085F00030327820253032782025303278202530EE
:1086000032782025303278202530327820253032DB
:108610007820253032782025303278202530327885
:1086200000000000415050534B45593A202530324C
:108630007820253032782025303278202530327865
:1086400020253032782025303278202530327820AD
:108650002530327820253032782025303278202598
:10866000303278202530327820253032782025307D
:108670003278202530327820253032780000000012
:108680004150504B45593A202530327825303278C8
:1086900025303278253032782530327825303278DE
:1086A00025303278253032782530327825303278CE
:1086B00025303278253032782530327825303278BE
:1086C0002530327825303278000000002C4150509F
:1086D0004B45593A2530327825303278253032787A
:1086E000253032782530327825303278253032788E
:1086F000253032782530327825303278253032787E
:10870000253032782530327825303278253032786D
:1087100025303278000000002C4E574B534B455902
:108720003A2530327825303278253032782530328B
:10873000782530327825303278253032782530323D
:10874000782530327825303278253032782530322D
:10875000782530327825303278253032782530321D
:10876000780000002C415050534B45593A25303287
:1087700078253032782530327825303278253032FD
:1087800078253032782530327825303278253032ED
:1087900078253032782530327825303278253032DD
:1087A0007825303278253032782530327800000054
:1087B0000D0A2A2A2A2A2A2A2A2A2A2A2A2A2A2A56
:1087C0002A2A2A2A2A2A2A2A2043757272656E7456
:1087D000205461736B20496E666F202A2A2A2A2A48
:1087E0002A2A2A2A2A2A2A2A2A2A2A2A2A2A2A2AE9
:1087F0002A0D0A000D0A2A2A2A2A2A2A2A2A2A2A7D
:108800002A2A2A2A2A2A2A2A2A2A2A2A204E657825
:1088100074205461736B20496E666F202A2A2A2ABD
:108820002A2A2A2A2A2A2A2A2A2A2A2A2A2A2A2AA8
:108830002A2A0D0A000000000D0A2A2A2A2A2A2ABA
:108840002A2A2A2A2A2A2A2A2A2A2A2A2A2A2A2A88
:108850002A2A2A2A2A2A2A2A2A2A2A2A2A2A2A2A78
:108860002A2A2A2A2A2A2A2A2A2A2A2A2A2A2A2A68
:108870002A2A2A2A2A2A2A0D0A0000005274632072
:10888000546F2053797374696D65204E6F77203A69
:10889000253034642D253032642D253032643A255C
:1088A0003032643A253032643A253032642C2077F5
:1088B00065656B3A20253032642C2054696D6573F0
:1088C00074616D70203A256C64000000526561642B
:1088D00020466C6173682044657669636520506149
:1088E00072616D20566F6C20436F6E74726F6C20D6
:1088F00053573A2025642C20506F7274204D6F64BA
:10890000653A2025642C20537461626C652054699B
:108910006D653A2025732C20506F776572204D6F5E
:1089200064653A2025642C20506F776572204F4E85
:108930003A2025640000000054696D657A6F6E6509
:108940005B25645D20436F6E7665722054696D65AA
:108950007374616D7020546F2053797374696D6501
:10896000204E6F77203A253034642D253032642D27
:10897000253032643A253032643A253032643A2563
:108980003032642C207765656B3A20253032642CB8
:108990002054696D657374616D70203A256C6400B4
:1089A0004E6578742057616B652055702054696D51
:1089B000653A20253032643A253032643A25303227
:1089C000642C2054696D65204E6F773A2025303431
:1089D000642D253032642D253032643A25303264DE
:1089E0003A253032643A2530326400003132333473
:1089F0003536373800000000686B745F736D617244
:108A0000746861726400000070617373776F7264E0
:108A100000000000757365726E616D6500000000F6
:108A2000626F6F745F74696D65000000626F6F74D0
:108A30005F636F756E74000041542B4150504B457D
:108A4000593D2025303278202530327820253032AB
:108A50007820253032782025303278202530327841
:108A60002025303278202530327820253032782089
:108A70002530327820253032782025303278202574
:108A80003032782025303278202530327820253059
:108A900032782C30000000000D0A4170704B65796F
:108AA0003A25303278253032782530327825303208
:108AB00078253032782530327825303278253032BA
:108AC00078253032782530327825303278253032AA
:108AD000782530327825303278253032782530329A
:108AE000780D0A00545344422028257329206F6CC6
:108AF0006465737420736563746F72732069732087
:108B00003078253038582C2063757272656E742069
:108B10007573696E6720736563746F722069732063
:108B20003078253038582E0A000000005761726EE8
:108B3000696E673A20536563746F72207374617451
:108B400075732069732077726F6E672C2074686567
:108B5000726520617265206D756C7469706C65203A
:108B6000736563746F727320696E207573652E0A66
:108B7000000000004572726F723A207365742066BF
:108B8000696C65206D6F6465204661696C65642E53
:108B900020506C6561736520646566696E6564204C
:108BA000746865204644425F5553494E475F4649C5
:108BB0004C455F4D4F4445206D6163726F2E000040
:108BC000466C61736820646576696365207C202546
:108BD0002A2E2A73207C20616464723A2030782522
:108BE00030386C78207C206C656E3A2030782530E7
:108BF0003878207C20626C6B5F73697A653A20302C
:108C00007825303878207C696E697469616C697A7E
:108C100065642066696E6973682E0000496E697428
:108C200069616C697A65206661696C6564212050B0
:108C30006172746974696F6E28257329206F666686
:108C4000736574206164647265737328256C64298C
:108C5000206F7574206F6620666C61736820626F88
:108C6000756E64283C2564292E00000050617274E2
:108C70006974696F6E207772697465206572726FAE
:108C800072212020446F6E277420666F756E6420F9
:108C9000666C61736820646576696365282573294D
:108CA000206F662074686520706172746974696FE2
:108CB0006E282573292E0000506172746974696FE3
:108CC0006E2072656164206572726F722120446F3C
:108CD0006E277420666F756E6420666C6173682001
:108CE00064657669636528257329206F662074683A
:108CF0006520706172746974696F6E282573292EFE
:108D000000000000506172746974696F6E206572B2
:108D1000617365206572726F722120446F6E2774D3
:108D200020666F756E6420666C617368206465767A
:108D300069636528257329206F6620746865207033
:108D40006172746974696F6E282573292E000000A2
:108D500054686520666C6173682064657669636534
:108D6000206D616E75666163747572657220494429
:108D7000206973203078253032582C206D656D6F56
:108D800072792074797065204944206973203078A5
:108D9000253032582C2063617061636974792049F1
:108DA00044206973203078253032582E00000000AE
:108DB0004D323550343000004132354C30383000BF
:108DC0004D323550383000004D32355033320000CE
:108DD0004632354C303034005353543235564630D9
:108DE00038304200454E32355133324200000000E7
:108DF000474432355136344200000000504354326B
:108E0000355646303136420053535432355646308B
:108E100031364200474432355131364200000000BD
:108E2000414D49430000000041543435444231363D
:108E30003145000049535349000000005332354684
:108E40004C3231364B000000454F4E005332354610
:108E50004C3033325000000045534D5400000000A8
:108E600053535400573235513430425600000000FD
:108E700057323551333242560000000057323551D7
:108E800031364256000000005732355131323842F7
:108E9000560000005732355136344356000000006A
:108EA000573235513235364656000000573235516B
:108EB000363444570000000057696E626F6E6400DC
:108EC0004769676144657669636500004879756E36
:108ED0006461690041746D656C000000496E7465E1
:108EE0006C000000467564616E0000004D6963729D
:108EF0006F6E000053616E796F00000043797072ED
:108F00006573730046756A69747375004D696372A1
:108F10006F6E6978000000004572726F723A2043EC
:108F20006865636B2053464450207369676E6174B3
:108F3000757265206572726F722E204974277320D6
:108F40006D757374206265203530343434363533B2
:108F500068282753272027462720274427202750E3
:108F600027292E005761726E696E673A205265613B
:108F700064205346445020706172616D657465725F
:108F80002068656164657220696E666F726D6174D8
:108F9000696F6E206661696C65642E205468652077
:108FA0002573206973206E6F7420737570706F72F3
:108FB00074204A4544454320534644502E00000047
:108FC00034204B42204572617365206973207375AC
:108FD00070706F72746564207468726F7567686F03
:108FE000757420746865206465766963652E204316
:108FF0006F6D6D616E642069732030782530325852
:109000002E000000436865636B204A4544454320B9
:10901000626173696320666C61736820706172615C
:109020006D6574657220686561646572206973207E
:109030004F4B2E20546865207461626C6520696412
:109040002069732025642C20726576657273696FC0
:109050006E206973205625642E25642C206C656E65
:109060006774682069732025642C20706172616DBB
:1090700065746572207461626C6520706F696E74CE
:1090800065722069732030782530366C582E0000C8
:109090004572726F723A2054686520666C6173681D
:1090A00020636170616369747920697320677261FC
:1090B000746572207468616E2033322047622F20FD
:1090C0003420474221204E6F7420537570706F72A8
:1090D0007465642E000000004572726F723A20546D
:1090E00068697320726576657273696F6E2856259C
:1090F000642E256429204A454445432062617369F2
:109100006320666C61736820706172616D6574655F
:109110007220686561646572206973206E6F7420C7
:10912000737570706F727465642E0000426C6F63AB
:109130006B2050726F746563742062697473206968
:109140006E20646576696365277320737461747536
:10915000732072656769737465722061726520732C
:109160006F6C656C7920766F6C6174696C652E002C
:10917000466C617368206465766963652072657109
:10918000756972657320696E737472756374696F43
:109190006E203530682061732074686520777269AD
:1091A000746520656E61626C65207072696F7220F3
:1091B000746F20706572666F726D696E67206120D2
:1091C000766F6C6174696C65207772697465207460
:1091D0006F2074686520737461747573207265679D
:1091E00069737465722E0000466C61736820646553
:1091F0007669636520726571756972657320696E41
:10920000737472756374696F6E2030366820617391
:109210002074686520777269746520656E61626C80
:1092200065207072696F7220746F20706572666F4E
:10923000726D696E67206120766F6C6174696C6510
:1092400020777269746520746F2074686520737468
:10925000617475732072656769737465722E00009E
:109260004572726F723A20546865204A45444543FE
:1092700020626173696320666C617368207061723B
:10928000616D65746572207461626C65206C656ED9
:1092900067746820286E6F77206973202564292001
:1092A0006572726F722E00006E6F72666C61736809
:1092B000300000005350493200000000573235584A
:1092C0003430434C5353494700000000EC920108EE
:1092D000000000205C020000AE500008A4930108CA
:1092E0005C0200204C1C000018C70008C1024F643B
:1092F00032013202021B034009148A0108F8890175
:10930000081A080C5AEC0C1A2C0C22543320041A9C
:10931000200C1A5807021A28B57061726BB56D6F70
:1093200064658F74616D7065720F2D696D6573145E
:109330008153093D14083FBC1937E816012D35C784
:10934000963275D743B4E73BEA91681A3B416464AF
:109350007214E910011432100213010912144100B1
:109360000A156E6F72666C617368303A403A100F7E
:10937000AD300108C9480108A1760108B1E60A1319
:10938000084C3A3C2D1248228045A89201081ABC8C
:10939000082CEF4017E64980199D32205AB420016D
:0493A0005400000075
:040000050800418D21
:00000001FF
