:020000040800F2
:10000000781C0020D9000008396B00086D4B0008EF
:1000100000000000000000000000000000000000E0
:10002000000000000000000000000000E170000877
:1000300000000000000000008F6C0008E370000862
:10004000EB000008EB000008196F0008EB00000847
:10005000EB000008653B0008EB000008F53B0008DA
:1000600000000000EB000008EB000008EB000008B7
:10007000EB000008EB00000800000000EB000008A7
:1000800000000000B576000800000000000000003D
:100090008576000800000000EB000008EB00000877
:1000A000EB000008EB000008EB000008597700089F
:1000B000AD770008C16000080000000000000000EB
:1000C0000448854601F054F90048004785B8000807
:1000D000C046C046781C00200448804704480047BA
:1000E000FEE7FEE7FEE7FEE7FEE7FEE77D720008BB
:1000F000C100000830B50B46014600202022012433
:1001000009E00D46D5409D4205D31D469540491B4B
:100110002546954040191546521E002DF1DC30BD94
:1001200070B500242546002801DA01244042002948
:1001300001DA01254942FFF7DDFFAC4200D0404221
:10014000002C00D0494270BDF0B51FB40646002017
:1001500082B005464024019100901BE0019922469F
:100160000F46304600F0E6FB049A059B801A994141
:1001700010D310461946224600F0CCFB361A8F41A8
:100180000197224601200021009F00F0C3FB381890
:100190004D4100902046641E0028DFDC019B009842
:1001A0002946324607B0F0BD00487047B0D100087C
:1001B00010B50446FFF7F8FF0068005DC007C00FE8
:1001C00010BD000010B5024900F004F810BD000099
:1001D0004C15002070B50C4600683C21FFF78AFFE3
:1001E00021603C21FFF786FF61601821FFF782FF45
:1001F0000546A1600721001DFFF77CFFA1610F48A4
:10020000A90008180E49FFF775FF02464432880816
:100210006261E0613B2802D3910700D0401C0021BD
:10022000084B0A462161995C814203D8401A521C4E
:100230002261F8E7401CE060204670BD6C0B0000B6
:10024000B5050000B4D1000838B50446C0681821CF
:10025000401E4843A16840183C214843616840184B
:100260003C2148432168451860690C2148432169B5
:1002700040186921C900401A3021FFF751FF114A87
:1002800050434219084600921A2902DB0E495118C0
:1002900000910C21FFF744FF0C4A5043009A80184C
:1002A00000900B4806E0491E425C074B5A43009BF6
:1002B000D21800920029F6DC21466846FFF78AFF33
:1002C000009838BD801F8607805101008033E1010E
:1002D000C0D1000810B503461C460C43A40703D048
:1002E00009E010C9121F10C3042AFAD203E00C78E7
:1002F0001C70491C5B1C521EF9D210BDD2B201E029
:100300000270401C491EFBD270470022F6E710B570
:1003100013460A4604461946FFF7F0FF204610BD73
:1003200030B505462A460B4610781C78521C5B1CDB
:10033000002801D0A042F7D0002C03D0002802D022
:100340006D1CEFE7284630BD421C0178401C002997
:10035000FBD1801A704730B504460020034600E008
:100360005B1C934203D2E05CCD5C401BF8D030BDF7
:1003700003460A780270401C491C002AF9D118462D
:100380007047000070B5104D002800D12868002487
:1003900014E00A4602E09E4203D0521C1378002B60
:1003A000F9D1DAB2224307D0002B06D0002C04D0BA
:1003B00000210170401C04E00446401C0678002E19
:1003C000E7D12860204670BDD800002010B5034654
:1003D000002004E01C70401C491C521E5B1C012ABA
:1003E00002D90C78002CF5D1002A04D000221A7012
:1003F00001E0401C491C0A78002AFAD110BD10B552
:100400000346002002E0401C521E5B1C002A15D04F
:100410001C78002CF7D104E01C70401C491C521EB3
:100420005B1C012A03D90C78002CF5D101E0002ACD
:1004300004D000221A7001E0401C491C0A78002AEE
:10044000FAD110BD0FB400B58DB009900B9010A972
:1004500000200091C0430A9000200C9006480690AE
:10046000064807906A4609A80F9900F005FE0DB0EE
:1004700008BC04B01847000099100008B910000823
:1004800070B5064607F08EFB046805460A22002177
:10049000304600F075FE2C6070BD0000F0B50746D8
:1004A0000846584087B0C00F049048000E465900D7
:1004B00040084908BC1A884105D2384631461E46D4
:1004C00017460B4602465800400810434DD0300DE9
:1004D000039040055900400D490D0590401A0290C7
:1004E000402873DA18030121000B09050843019025
:1004F00004980092002806D01146019A4942002033
:10050000904100910190029840210A1A01990098A7
:1005100000F000FA05460C466B4607CB00F01BFACC
:10052000C0197141039A0E0D0023D71756401A4681
:100530007A40164344D0049A002A2DD0029A012A08
:10054000039A15DC1205C01A914101263605001CDC
:100550007141D20F059ED2070093019202962A465E
:10056000234600F093FE07B0F0BD38463146FAE767
:100570001605234A0F46B218C01AB74101210905D2
:10058000001C4F4100187F41114618187941E20FB5
:1005900010436D19644113E0E2076D0815436408C8
:1005A000C2071443039A01261205C01A9141360569
:1005B000001C7141CE07400830434908C018514122
:1005C0002A46234600F055FECDE7FFE704980122B6
:1005D0004000C117121A00238B4104983146C417FA
:1005E000381AA141EEE730B40124E407634030BC7F
:1005F00054E730B40124E407614030BC4EE700000A
:100600000000E0FFF0B51FB488B00B9909980024F2
:1006100048400999C00F490049080991C0070B9942
:100620000090490049080B9109990898A64608438B
:100630001CD00B990A98084318D00998012440004F
:10064000420D4800410D099824050003000B20438A
:1006500009900B980003000B20430B9050181C4985
:100660004018002201901446104605E00020014683
:100670000DB0F0BD032801DA034600E003239C46D9
:10068000C11A0AAE0AE05F0008ADED5B4F00F75BF0
:100690007D430027AA187C41491C5B1E6145F2DDA1
:1006A000410004AB5A522104120C0A43240C401C92
:1006B0000828DFDB019802900099704601910090B4
:1006C000059B049A0799069800F0E0FDD0E700002A
:1006D0000DFCFFFFF0B50C465C4085B0E40FE4076D
:1006E00003944C00002664085900944649080246C9
:1006F0000296224321D062460A431ED06200570D63
:100700004A000E032303550D012402462C492405FB
:10071000781B1B0B360B4018234326436146009081
:100720001C46501AB44103D30098401C009002E0CC
:10073000921800985B41002803DA0020014605B0BA
:10074000F0BD0020012109050746864611E06446F8
:100750001D46141BB54106D36546521BB341744672
:1007600007430C43A646CD07400849082843921882
:100770005B4105460D43EAD11046184313D060464D
:10078000194650407140084306D06046101AB341E4
:1007900006D20122002306E000220123DB0702E04B
:1007A0000122D2435310009874460105381C614160
:1007B000029C039D0019694100F05BFDBFE700004A
:1007C000FD0300000EB5C217C10F5040CA07401804
:1007D0000021054B0293019200910A460B4600F05E
:1007E00055FD03B000BD0000330400000EB50549FF
:1007F0000291002100910A460B46019100F046FD4E
:1008000003B000BD3304000070B5CD0F4A000903EA
:100810000123090B1B0519430B4BED070024520D57
:100820009A4201DA002070BD074B34339A4203DC50
:100830009A1A00F07FF802E00449511888402C43CE
:10084000F1D0404270BD0000FF030000CDFBFFFF70
:100850004A0009030123090B1B051943094B10B575
:10086000520D9A4201DA002010BD064B34339A42F1
:1008700003DC9A1A00F05EF810BD03495118884055
:1008800010BD0000FF030000CDFBFFFF10B50029E5
:1008900004DB0124E40740428C412146002B04DBA9
:1008A0001C460123DB075242A3418B4200D1824206
:1008B00010BD000010B5002904DB0124E40740420C
:1008C0008C412146002B04DB1C460123DB075242EE
:1008D000A341994200D1904210BD0000CB0FDB072D
:1008E000490010B5490802460A4307D00A0D0724FB
:1008F0000903E401090B121B002A01DC002010BDD2
:10090000C900440F0C43C100E018D205801800F064
:100910006FFC10BD10B5202A04DB0146203A91403F
:10092000002010BD914020239C1A0346E340194348
:10093000904010BD10B5202A04DB0846203AD04074
:10094000002110BD0B46D340D0402024A21A914074
:100950000843194610BD10B5202A06DBCB17084600
:10096000203A1041C1170B4306E00B461341D0401B
:100970002024A21A91400843194610BDFFB5002556
:10098000ED4385B00020009001909F685E681C4692
:10099000A1696D1C069888470290216A8847002843
:1009A000F6D10298401C0CD0032040028643002F51
:1009B00019DD700614D502982B2809D02D280FD1E7
:1009C00003E00020C04309B0F0BD012080020643CF
:1009D000A1696D1C069888477F1E0290002F02DDDA
:1009E0000298302803D00798002828D024E001205E
:1009F00040020643A1696D1C7F1E0698884702903D
:100A0000002F03DD782805D0582803D00798002848
:100A100010D011E00798002801D010280CD1012037
:100A200040028643A1696D1C7F1E0698884702908C
:100A3000102000E008200790C017039016E00A205D
:100A4000F9E70120400206437F1E039B079A0199A4
:100A5000009800F09FFC029AD31780185941019129
:100A60000090A1696D1C069888470290002F06DD52
:100A70000799029800F0CBFC02900028E1DAE169C6
:100A800006988847B00502D40120C0439BE7F007D1
:100A900010D1700610D5700505D50098019B002275
:100AA00041429A4101E0019A00992068031D2360A8
:100AB000006806C0284686E72068011D216000689E
:100AC000019A0099F5E7FFB50027FF4383B00020A6
:100AD0005C6801909E681D46A9697F1C0498884740
:100AE0000090296A88470028F6D10098401C0CD055
:100AF000032040028443002E19DD600614D50098BF
:100B00002B2809D02D280FD103E00020C04307B0C7
:100B1000F0BD012080020443A9697F1C0498884726
:100B2000761E0090002E02DD0098302803D0059834
:100B3000002825D035E0012040020443A969761E33
:100B40007F1C049888470090002E03DD782805D08C
:100B5000582803D00598002810D022E005980028D6
:100B600001D010281DD1012040028443A969761EBE
:100B70007F1C049888470090102002E0082000E0C5
:100B80000A2005900DE0012149020C43059A0199C4
:100B9000761E514308180190A9697F1C0498884764
:100BA0000090002E05DD0599009800F030FC00282B
:100BB000E9DAE96904988847A00502D40120C04316
:100BC000A5E7E00722D1600611D56005019800D5A0
:100BD000404229680A1D2A600968220501D508706B
:100BE00014E0220701D5088010E008600EE02868B4
:100BF000011D29600068210502D50199017005E0F9
:100C00002107019901D5018000E0016038467EE7A7
:100C1000FFB5002083B000905068019091691446A0
:100C2000002697680498884705460C99069808435B
:100C300005D009E0A169761C049888470546216A19
:100C4000284688470028F5D1681C03D00198C007C2
:100C500004D017E00020C04307B0F0BD2068011D9C
:100C60002160006800900DE00198C00704D1009851
:100C700005700098401C0090A169761C7F1E0498A6
:100C800088470546002F1CDD681C1AD006980028EE
:100C90000FD0E817C00E401941118A00069940098B
:100CA000511840012A1A0968012090400142DBD105
:100CB00007E00C980028D7D1216A284688470028E9
:100CC000D2D0E169049888470C98002807D1002EFB
:100CD00005DD0198C00702D1009800210170A068CD
:100CE000B84204DD0C98002804D0002F02D0012067
:100CF000C043B1E73046AFE7FFB5087889B0154685
:100D0000FF2805D0491C2D2804D00022002407E02C
:100D100000240BE00122F9E70A235C430419491C73
:100D20000878FF28F8D1002A00D0644200200490FF
:100D30002A7801462D2A01D02B2A0FD16D1C2D2A8D
:100D400002D00022049209E00122FBE700260A22D9
:100D500033466D1C00F01EFB381871412F78FF2FB1
:100D6000F4D10C9AA218069202460A4304D0FF233B
:100D7000069A9133DA4205DA002109980A4606C03C
:100D80000DB0F0BD0024B74AB54D2646079200F0DD
:100D90003FFD029006980391002801DA474200E0E7
:100DA000074639050020AF4A001C514101910090CF
:100DB00012E0F80707D022462B4630460799FFF786
:100DC00021FC0646079122462B4610461946FFF79E
:100DD00019FC04460D467F10002FEAD10698019BAE
:100DE0000028009A0399029806DAFFF773FC32464E
:100DF000079BFFF76FFC05E0FFF704FC3246079BFB
:100E0000FFF700FC049A002A02D00122D2075140C9
:100E1000099A03C2B4E7FFB591B0002009900025FC
:100E2000ED432E209E685C681F460190B9696D1CD9
:100E3000129888470090396A88470028F6D10098B0
:100E4000401C0AD00D20C0018443002E12DD009802
:100E50002B2809D02D280DD103E00020C04315B068
:100E6000F0BD012080020443B9696D1C12988847C7
:100E7000761E009003A9600501D52D2000E02B20EF
:100E80006A461073491C0CA80F9102900AE0B969D8
:100E90006D1C12988847009001204002044313986B
:100EA000761E0560002E02DD00983028EFD00199F3
:100EB0000098884246D18020044308E00998401EEB
:100EC00009900120400204431399681C0860B96925
:100ED0006D1C761E1298884700903028EED031E0C5
:100EE0000199884205D1200603D480200443761E50
:100EF0001EE0009806F08CFF002826D0012040025A
:100F0000044307A90F980331761E88420BD200983C
:100F10000F99303808700F98401C0F90200607D5A5
:100F20000998401E03E0200602D40998401C09904D
:100F3000A00502D51399681C0860B9696D1C129848
:100F400088470090002ECBDC59E0002E57DD00983A
:100F5000652801D0452852D1A00550D503200002B4
:100F60008443B9696D1C761E129888470090002E44
:100F70000CDD2B2804D02D2808D1FF20013004439C
:100F8000B9696D1C12988847761E0090E00501D55E
:100F90002D2100E02B21029801700298401C029044
:100FA000019025E00120400204430EA9029801317E
:100FB000761E88420ED20098029930380006000E44
:100FC000087003D10299019881420AD90298401C05
:100FD000029006E0E00501D5234801E022484042A6
:100FE0000990B9696D1C12988847009013980560A4
:100FF000002E04DD009806F00BFF0028D2D1F9691D
:10100000129888470F99FF200870029903AA087068
:1010100000200A900B900CA90AA8099BFFF76CFE10
:10102000A00502D40120C04319E72420044209D0BE
:10103000E00713D138680B9A0A99031D3B600068DA
:1010400006C00BE00B990A98FFF748FC0146E00741
:1010500004D13868021D3A60006801602846FEE647
:10106000000014400000F03FF1D8FFFF0268137841
:10107000511801601846704710B5D160044951619C
:101080000449116200211161114600F0CFF910BD31
:101090006D100008B10100084268002A08D00168FC
:1010A0000B78491C002B03D0521E06C0184670470F
:1010B0000121C160881E70474268002A0BD0C368B6
:1010C0000168002B07D183688B4204D0491E521C53
:1010D00006C0002070470020C04370470FB400B521
:1010E00089B00CA900910B990023CB60204B214AB9
:1010F00006930792042201921F4A02921F4A089205
:1011000002466B460020FFF786FE09B008BC04B01B
:10111000184770B586B006460020C04301900020F5
:1011200015460C460091029104903246694604A887
:10113000FFF7D4FF024604982118002D05D000289F
:1011400001D0084600E020462860049800280DD011
:10115000002A02DD0098884208D0081B0190009404
:1011600032466946029404A8FFF7B8FF06B070BD86
:1011700099100008B9100008FFFFFF7FB1010008B7
:10118000F7B5009C0F4600262578641C002D05D07D
:10119000FFF70AF80068405DC007F5D12B2D02D09B
:1011A0002D2D18D0641E39462046029A00F0DCFA34
:1011B000002F04D03968A14201D10099396071052E
:1011C000022400290BDA4042002803DD06F0EAFC85
:1011D0000460A007FEBD012080020643E3E700286B
:1011E000F8DA06F0DFFC04600048FEBDFFFFFF7F79
:1011F000002904DA401C490001D140084000704732
:1012000070B40024050C05D11024000402D100297B
:1012100021D01124050E01D100020834050F01D19F
:101220000001241D850F01D18000A41C002801DBD2
:101230004000641C002908D020252E1B0D46F540D7
:10124000A14000D001212943084301061B1B000ACD
:10125000DB1D02D5002070BC7047DB051818801814
:101260000029F8DA401C4900F5D170BC4008400064
:10127000704710B5002B08DA0024401C6141921819
:101280005B411A4301D14008400010BDF0B51FB4C6
:1012900082B005460C0003D0084606F023FB02E0AE
:1012A00006F020FB20300246009021462846FFF73A
:1012B00031FB049B059A04460F461843114308432B
:1012C00014D0184610431BD0009840210A1A184623
:1012D0000599FFF72FFB05460E46009A05990498DD
:1012E000FFF718FB084305D0012004E020463946EB
:1012F00007B0F0BD0020C11705430E432C43374310
:1013000000990E986305401A7905E40A00220C43FF
:10131000FD0A0A3002D500200146E9E7010510194F
:1013200069410C9C0D9D00196941FFF7A2FFDFE7A1
:101330004A0009030123090B1B0519430A4B10B589
:10134000520D9A4202DA0020014610BD064B34339A
:101350009A4203DC9A1AFFF7EDFA10BD034BD2183C
:10136000FFF7D8FA10BD0000FF030000CDFBFFFF20
:10137000064C0125064E05E0E36807CC2B430C3CE8
:1013800098471034B442F7D3FEF79EFE0CD70008FE
:101390002CD70008F0B51FB486B000200090019053
:1013A00002900698069980B204900798090C0204EE
:1013B0000014114307900027089D099806913E46A6
:1013C0003C4603900398A9B20204000C03900498D1
:1013D0002D0C1543484300212246FFF79BFAC719FD
:1013E000714110340E46402CECDB3846029AFFF770
:1013F00091FA009A019B801800905941029801913E
:10140000103002904028CCDB00980BB0F0BD3A2899
:1014100000D23038202302469A43412A01D3104695
:101420003738884201D30020C0437047F3B58DB0F0
:1014300000200A9001200B90002608460C300C4634
:1014400009906269012109989047051E2ED0252D2B
:101450002DD0216A8847002818D062690121099897
:101460009047216A88470028F7D1411E6269099890
:10147000904700E0761CA1690D988847216A88474B
:101480000028F7D1E1690D988847DAE7A1690D983E
:1014900088470746A84201D1761CD2E7E1690D983A
:1014A00088477F1C02D10A98002877D04AE100279C
:1014B00062693D463946099890472A280CD16269ED
:1014C000012109989047012506E00A214F433F1862
:1014D000303FEBD410200543626901210998904701
:1014E000014630390A2903D29C498F42DEDCECE701
:1014F000E90600D49A4F6C280AD04C2810D06828EE
:1015000024D06A282ED074280CD07A280AD00DE076
:1015100062690121099890476C2823D004211CE0BE
:10152000202005436269012109989047A760656002
:1015300065284FD026DC582839D01ADC452849D0F8
:1015400012DC252834D04128B0D143E06269012162
:1015500009989047682802D008210D43E6E701204A
:10156000C002DEE70220DCE7462833D047282CD132
:1015700030E05B2870D061282CD063286CD06428C0
:1015800023D161E06F284FD009DC662822D067287C
:1015900020D0692826D06E2817D12EE0CEE0702802
:1015A0004DD073286FD075284ED078280DD154E0D7
:1015B000A1690D9888470546252800D16CE7E169A7
:1015C0000D9888476D1C00D16DE7BBE00A224CE006
:1015D0000A2252E0012023466A46C0430D99FFF7D4
:1015E0001AFCA4E02846402108436060A80723466F
:1015F00001D5002239E000223FE0E80700D020E7D3
:101600002068011D21600068290501D5067018E7D2
:10161000290701D5068014E7A90703D5F11706604D
:1016200041600EE706600CE72846402108436060F1
:10163000A807234601D5082217E008221DE04949E2
:1016400028460840606016E0284640210843606054
:10165000A8072346BCD5B9E715E028464021084332
:101660006060A80707D5234610220120C0430D99CA
:10167000FFF784F95BE0234610220120C0430D9957
:10168000FFF721FA53E000210C910B4600916328EB
:1016900002D05B2808D044E02079C00601D40120A4
:1016A000A060012000903CE0626901210998904708
:1016B0005E2805D101200C90014662690998904787
:1016C0002169002906D10B4601AA8F00491CD3517C
:1016D0000829FADB002835D0216900290ED1C1176D
:1016E000C90E09184A11930001AA9A18490949011B
:1016F000411A012013688840034313606269012185
:10170000099890475D28E5D10C98002808D0002062
:1017100001AB81005A58401CD2435A500828F8DBCC
:1017200001AB01202246C0430D99FFF771FA002852
:101730000ADA401C06D10B98002803D00020C043D1
:101740000FB0F0BD0A98FBE7E90702D10A99491CDE
:101750000A91361800200B9073E60000CCCCCC0C1C
:10176000FFFFFF7FF1F7FFFFF7B582B0029C002774
:101770002078641C15460197302802D0002D15D022
:1017800015E020780127641C782804D0582802D05E
:10179000002D09D00BE0002D01D0102D07D100271E
:1017A00010252078641C02E0082500E00A250026A8
:1017B000009610E00099012769430818020C294699
:1017C00080B2714300908E183804864201D3012004
:1017D00001902078641C2946FFF719FE0028E9DAF9
:1017E0000398002805D0002F01D0641E00E0029C61
:1017F00004600198002806D006F0D4F902210160A7
:10180000C81E05B0F0BD009930040843F9E7000098
:101810000EB5054A02920022009213460192FFF78C
:1018200035FD03B000BD000033040000F0B585B005
:1018300020480068401C1F4908601F4988422DD875
:101840001C4909681C4A501AFEF7D0FF04460022C2
:101850001A4BFEF7D7FE06460022194BFEF73AFF59
:101860000022184B01910090FEF718FE03910290A0
:10187000FEF7EEFF1449087008460078134909780E
:10188000884215D010480078104908701048007937
:1018900002218843801C0E49087109E00C48007938
:1018A00002218843801C0A490871002006490870FB
:1018B00005B0F0BD20000020F049020000005940B2
:1018C000804F02410000E03F18000020240000206B
:1018D0006C0800203EB5044600250EA207CA6B46E0
:1018E00007C322460EA1684605F0D0FF0DE00FA207
:1018F0000F49684600F01EF8012800D13EBD681C63
:1019000085B27D20C00009F0B1FF032DEFDB002080
:10191000F4E7000041542B534C4545503D30000046
:1019200041542B534C4545503D2564004F4B00001E
:10193000DC050000FEB504460D461646002764206F
:101940000190FF212948FEF7E0FC00212748FA30EA
:10195000C180204601F0F2FE25A001F0EFFE2348F1
:10196000009032E023A10098FEF7DAFC002809D0AD
:1019700020A122A003F078FA214622A003F074FAF5
:101980000020FEBD25A10098FEF7CAFC002809D062
:1019900018A11AA003F068FA214623A003F064FA04
:1019A0000020EEE701987843A84209DD25A113A0A5
:1019B00003F05AFA214625A003F056FA0220E0E788
:1019C000019809F053FF781C87B231460098FEF762
:1019D000A7FC0028C6D024A108A003F045FA2146A0
:1019E00022A003F041FA0120CBE70000140D0020F3
:1019F0000D0A00004552524F520000000A5B257349
:101A00005D0000002225732220617420636D642034
:101A100065786563206572726F72000042414420F0
:101A20005041524D00000000222573222061742095
:101A3000636D642065786563206261642070617203
:101A40006D0000005741524E000000002225732215
:101A500020617420636D6420657865632074696D0E
:101A6000656F7574000000004C4F470022257322FB
:101A700020617420636D64206578656320737563ED
:101A80006365737300000000F7B582B00E4614461C
:101A900000276420019009F07DF9002809D13BA1BD
:101AA0003CA003F0E1F93DA003F0DEF9002005B011
:101AB000F0BD09F0A1F9002808D134A135A003F048
:101AC000D3F93BA003F0D0F90020F0E7FF213E4816
:101AD000FEF71BFC00213C48FA30C180029804F05C
:101AE000BBFF3AA004F0B8FF374D39A12046FEF7FE
:101AF00017FC002805D139A12046FEF711FC00286B
:101B000000D0ED1D32E021A12846FEF709FC002897
:101B100009D01EA11FA003F0A7F933A0029903F07A
:101B2000A3F90020C3E736A12846FEF7F9FB0028F9
:101B300009D016A117A003F097F934A0029903F079
:101B400093F90020B3E701987843B04209DD36A14C
:101B500010A003F089F936A0029903F085F902205C
:101B6000A5E7019804F072FF781C87B22146284649
:101B7000FEF7D6FB0028C6D034A106A003F074F906
:101B800033A0029903F070F9012090E74552524FBB
:101B9000520000000A5B25735D0000004C6F52612B
:101BA00057414E204D6F6465204552524F452100EC
:101BB0004C6F526157414E205374617475732045C8
:101BC00052524F45210000000A0B00200D0A000070
:101BD0002B4C494E4B20494E464F3A002B52544312
:101BE00020494E464F3A000022257322206174207E
:101BF000636D642065786563206572726F720000A2
:101C0000424144205041524D0000000022257322E1
:101C100020617420636D642065786563206261646F
:101C2000207061726D0000005741524E00000000AC
:101C30002225732220617420636D642065786563BA
:101C40002074696D656F7574000000004C4F47008B
:101C50002225732220617420636D6420657865639A
:101C6000207375636365737300000000F0B587B07F
:101C700000255FE031A2324932A0FFF705FF0128BD
:101C800052D133A133A003F0EFF834A13648FEF768
:101C900047FB0746394635A003F0E6F8782134487B
:101CA000FEF733FB2DA13048FEF73AFB0646002035
:101CB0000690002406AB2E4A2EA1304606F0E7FF20
:101CC0000AE0611C89002A4B5A582B490819022343
:101CD000012106F065FF641C0699481E0690002944
:101CE000EFD11BA11BA003F0BFF823480B38807C69
:101CF00021490B39497C204A0B3A127C1E4B0B3B85
:101D0000DB7B01930292039104901B480B38807B8C
:101D1000009019480B38437B027BC17A17A003F06F
:101D2000A3F8012007B0F0BD681C85B27D20C0007B
:101D300004F08CFE032D9DDB0020F3E74F4B0000E9
:101D4000DC05000041542B4150504555493F0000EF
:101D50004C4F47000A5B25735D0000002B4150503B
:101D60004555493A000000000A0B00202573000089
:101D70006414002020000000E7140020415050456A
:101D800055493A20253032782025303278202530C8
:101D900032782025303278202530327820253032B4
:101DA000782025303278202530327800F0B58FB099
:101DB000002578E03EA23F493FA0FFF765FE0128DD
:101DC0006BD140A140A003F04FF841A14348FEF77A
:101DD000A7FA0746394642A003F046F87821414861
:101DE000FEF793FA3AA13D48FEF79AFA064600201C
:101DF0000E9000240EAB3B4A3BA1304606F047FF55
:101E00000AE0611C8900374B5A58384908190223E7
:101E1000012106F0C5FE641C0E99481E0E90002993
:101E2000EFD128A128A003F01FF83048C07B2F492C
:101E3000897B2E4A527B2D4B133BDB7F09930A9201
:101E40000B910C9029481338807F284913394A7F19
:101E5000097F264B133BDB7E059307920691089082
:101E600022481338827E407E20491339097E1F4B59
:101E7000133BDB7D01930492029103901B481338BE
:101E8000807D009019481338437D027DC17C18483D
:101E900002F0EAFF01200FB0F0BD681C85B27D2082
:101EA000C00004F0D3FD032D84DB0020F3E7000025
:101EB0004F4B0000DC05000041542B4150504B4576
:101EC000593F00004C4F47000A5B25735D0000003E
:101ED0002B4150504B45593A000000000A0B00209E
:101EE000257300006414002020000000EF1400207F
:101EF000C4D20008F0B58FB0002571E03AA23B498A
:101F00003BA0FFF7C1FD012864D13CA13CA002F039
:101F1000ABFF3DA13F48FEF703FA074639463EA016
:101F200002F0A2FF78213D48FEF7EFF936A13948CB
:101F3000FEF7F6F9064600200E9000240EAB374A55
:101F400037A1304606F0A3FE0AE0611C8900334B3E
:101F50005A58344908190223012106F021FE641C55
:101F60000E99481E0E900029EFD124A124A002F062
:101F70007BFF2C48C07B2B49897B2A4A527B294B0B
:101F80001B7B09930A920B910C902648C07A254935
:101F9000897A244A527A234B1B7A05930692079139
:101FA00008902048C17980791E4A52791D4B1B79CF
:101FB00001930292049103901A48C0780090194846
:101FC00083784278C01FC179174802F04DFF012085
:101FD0000FB0F0BD681C85B27D20C00004F036FD56
:101FE000032D8BDB0020F3E74F4B0000DC050000E6
:101FF00041542B415050534B45593F004C4F4700E3
:102000000A5B25735D0000002B415050534B45592E
:102010003A0000000A0B0020257300006414002021
:10202000200000000315002078D3000870B50024BC
:102030001BE010A2104911A0FFF726FD01280ED1C8
:1020400011A112A002F010FF12A11448FEF768F9C6
:102050000546294612A002F007FF012070BD601C52
:1020600084B27D20C00004F0F1FC032CE1DB0020F1
:10207000F4E700004F4B0000DC05000041542B4208
:10208000414E443F000000004C4F47000A5B25735F
:102090005D0000002B42414E440000000A0B00206E
:1020A0002573000070B500241BE010A2104911A098
:1020B000FFF7EAFC01280ED111A112A002F0D4FE14
:1020C00012A11448FEF72CF90546294612A002F089
:1020D000CBFE012070BD601C84B27D20C00004F0E6
:1020E000B5FC032CE1DB0020F4E700004F4B0000BF
:1020F000DC05000041542B434C4153533F0000008A
:102100004C4F47000A5B25735D0000002B434C4198
:1021100053533A000A0B00202573000070B50024C9
:102120001BE010A2104911A0FFF7AEFC01280ED150
:1021300011A112A002F098FE12A11548FEF7F0F8C6
:102140000546294613A002F08FFE012070BD601CD9
:1021500084B27D20C00004F079FC032CE1DB002078
:10216000F4E700004F4B0000DC05000041542B4316
:102170004F4E4649524D3F004C4F47000A5B257376
:102180005D0000002B434F4E4649524D3A0000007F
:102190000A0B002025730000FEB500254DE029A2A2
:1021A00029492AA0FFF770FC012840D12AA12BA0C1
:1021B00002F05AFE2BA12E48FEF7B2F80746394628
:1021C0002CA002F051FE78212B48FEF79EF825A1A5
:1021D0002748FEF7A5F8064600200190002401AB31
:1021E000254A26A1304606F052FD0AE0611C89000E
:1021F000214B5A58224908190223012106F0D0FC2C
:10220000641C0199481E01900029EFD112A113A06E
:1022100002F02AFE1A48C078009019488378427864
:10222000C01EC17817A002F01FFE0120FEBD681C71
:1022300085B27D20C00004F009FC032DAFDB002037
:10224000F4E700004F4B0000DC05000041542B4434
:102250004556414444523F004C4F47000A5B2573AA
:102260005D0000002B444556414444523A000000B2
:102270000A0B0020257300006414002020000000D9
:10228000FF140020444556414444523A2025303240
:102290007820253032782025303278202530327869
:1022A00000000000F0B587B000255FE031A234499E
:1022B00034A0FFF7E9FB012852D135A135A002F087
:1022C000D3FD2CA13548FEF72BF80746394634A03C
:1022D00002F0CAFD78213348FEF717F825A12F48F0
:1022E000FEF71EF8064600200690002406AB2D4A95
:1022F0002DA1304606F0CBFC0AE0611C8900294B79
:102300005A582A4908190223012106F049FC641C85
:102310000699481E06900029EFD11DA11DA002F0CC
:10232000A3FD2248C01E807A2049C91E497A1F4A4F
:10233000D21E127A1D4BDB1EDB79019302920391B0
:1023400004901A48C01E807900901848C01E437936
:102350000279C17816A002F087FD012007B0F0BD18
:10236000681C85B27D20C00004F070FB032D9DDB4E
:102370000020F3E72B4445564555493A000000003C
:10238000DC05000041542B4445564555493F0000AB
:102390004C4F47000A5B25735D0000000A0B0020CC
:1023A000257300006414002020000000DF140020CA
:1023B0004465764555493A2025303278202530321B
:1023C0007820253032782025303278202530327838
:1023D00020253032782025303278202530327800A0
:1023E00070B500241BE010A2104911A0FFF74CFBB0
:1023F00001280ED112A113A002F036FD13A1164838
:10240000FDF78EFF0546294614A002F02DFD0120A0
:1024100070BD601C84B27D20C00004F017FB032C4B
:10242000E1DB0020F4E700004F4B0000DC0500007A
:1024300041542B44415441524154453F0000000057
:102440004C4F47000A5B25735D0000002B4441544C
:1024500041524154453A00000A0B00202573000008
:1024600070B500241BE010A2104911A0FFF70CFB6F
:1024700001280ED111A112A002F0F6FC12A11448FD
:10248000FDF74EFF0546294612A002F0EDFC0120A3
:1024900070BD601C84B27D20C00004F0D7FA032C0C
:1024A000E1DB0020F4E700004F4B0000DC050000FA
:1024B00041542B465245513F000000004C4F47000D
:1024C0000A5B25735D0000002B465245513A00001F
:1024D0000A0B002025730000F0B58FB0002571E0D5
:1024E0003AA23B493BA0FFF7CFFA012864D13CA1B7
:1024F0003CA002F0B9FC3DA13F48FDF711FF0746A3
:1025000039463EA002F0B0FC78213D48FDF7FDFEC3
:1025100036A13948FDF704FF064600200E9000243E
:102520000EAB374A37A1304606F0B1FB0AE0611C1A
:102530008900334B5A58344908190223012106F007
:102540002FFB641C0E99481E0E900029EFD124A188
:1025500024A002F089FC2C48C07B2B49897B2A4AA5
:10256000527B294B1B7B09930A920B910C902648B6
:10257000C07A2549897A244A527A234B1B7A0593DB
:102580000692079108902048C17980791E4A5279B5
:102590001D4B1B7901930292049103901A48C07855
:1025A00000901948837842781738C17D174802F0A7
:1025B0005BFC01200FB0F0BD681C85B27D20C0001F
:1025C00004F044FA032D8BDB0020F3E74F4B0000AF
:1025D000DC05000041542B4E574B534B45593F00EF
:1025E0004C4F47000A5B25735D0000002B4E574B94
:1025F000534B45593A0000000A0B00202573000098
:102600006414002020000000131500201CD30008D3
:1026100070B500241BE010A2104911A0FFF734FA96
:1026200001280ED111A112A002F01EFC12A1144823
:10263000FDF776FE0546294612A002F015FC0120A2
:1026400070BD601C84B27D20C00004F0FFF9032C33
:10265000E1DB0020F4E700004F4B0000DC05000048
:1026600041542B504F52543F000000004C4F470044
:102670000A5B25735D0000002B504F52543A000056
:102680000A0B00202573000070B500241BE010A287
:10269000104911A0FFF7F8F901280ED110A111A0DF
:1026A00002F0E2FB11A11348FDF73AFE0546294668
:1026B00011A002F0D9FB012070BD601C84B27D2006
:1026C000C00004F0C3F9032CE1DB0020F4E70000B4
:1026D0004F4B0000DC05000041542B5258323F00A4
:1026E0004C4F47000A5B25735D0000002B525832A7
:1026F0003A0000000A0B00202573000070B500248A
:102700001BE010A2114912A0FFF7BEF901280ED15B
:1027100011A112A002F0A8FB0AA11248FDF700FEC9
:102720000546294610A002F09FFB012070BD601CE9
:1027300084B27D20C00004F089F9032CE1DB002085
:10274000F4E700002B56455200000000DC050000B5
:1027500041542B5645523F004C4F47000A5B2573AE
:102760005D0000000A0B00202573000010B5002456
:1027700019E00FA20F4910A0FFF786F901280CD12C
:1027800010480078400840000E49087000BF08F06B
:10279000DFFA0028FBD0012010BD601C84B27D2030
:1027A000C00004F053F9032CE3DB0020F4E7000041
:1027B0004F4B0000DC05000041542B464143544F71
:1027C00052590000DC14002010B500240DE009A2CD
:1027D00009490AA0FFF758F9012800D110BD601C73
:1027E00084B27D20C00004F031F9032CEFDB00201F
:1027F000F4E700004F4B0000DC05000041542B5370
:102800004156450010B590B00024242218A107A815
:10281000FDF760FD1F48807C1E49497C1D4A127CE3
:102820001C4BDB7B02930392049105901948807B3B
:102830001849497B009101901648037BC27A16A182
:1028400007A805F023F80EE020A2214907A8FFF70A
:102850001BF9012801D110B010BD601C84B27D208D
:10286000C00004F0F3F8032CEEDB0020F3E70000D7
:1028700041542B4150504555493D2046462046463F
:10288000204645203030203030203030203030207D
:1028900030310000DC14002041542B41505045558C
:1028A000493D2025303278202530327820253032BD
:1028B0007820253032782025303278202530327843
:1028C0002025303278202530327800004F4B000030
:1028D000DC05000010B59EB00024402227A10EA800
:1028E000FDF7F8FC3548C07B3449897B334A527B7D
:1028F000324B133BDB7F0A930B920C910D902F48C8
:102900001338827F417F007F2C4B133BDB7E069385
:1029100007AB07C329481338807E28491339497EFD
:10292000264A133A127E254B133BDB7D029303921A
:102930000491059021481338807D20491339497D41
:10294000009101901D481338037DC27C1C490EA8DC
:1029500004F09CFF0EE01BA21B490EA8FFF794F8A1
:10296000012801D11EB010BD601C84B27D20C000C2
:1029700004F06CF8032CEEDB0020F3E741542B410C
:1029800050504B45593D20324220374520313520AB
:102990003136203238204145204432204136204112
:1029A0004220463720313520383820303920434600
:1029B0002034462033432C3000000000EF14002068
:1029C00060D600084F4B0000DC0500003EB5044611
:1029D00000250EA207CA6B4607C322460EA1684611
:1029E00004F054FF0DE00FA20F496846FFF74CF8C2
:1029F000012800D13EBD681C85B27D20C00004F0D6
:102A000025F8032DEFDB0020F4E7000041542B43B1
:102A10004C4153533D30000041542B434C415353E0
:102A20003D2564004F4B0000DC0500007FB50446E7
:102A30000D4600260FA30FCB03936B4607C32B460F
:102A4000224610A1684604F021FF0EE012A21349AD
:102A50006846FFF719F8012801D104B070BD701C59
:102A600086B27D20C00003F0F1FF032EEEDB0020D4
:102A7000F3E7000041542B434F4E4649524D3D3140
:102A80002C33000041542B434F4E4649524D3D25B7
:102A9000642C2564000000004F4B0000DC050000A2
:102AA000F0B587B004460D461646002718220FA140
:102AB00001A8FDF70FFC2B46224612A101A80096A3
:102AC00004F0E4FE0EE014A2144901A8FEF7DCFFB6
:102AD000012801D107B0F0BD781C87B27D20C0006D
:102AE00003F0B4FF032FEEDB0020F3E741542B4645
:102AF0005245513D312C32302C383638313030305F
:102B00003030000041542B465245513D25642C2560
:102B1000642C2564000000004F4B0000DC05000021
:102B200010B5002416E00DA20D490EA0FEF7ACFF73
:102B3000012809D1FF211048FDF7E7FB00210E48CD
:102B4000FA30C180012010BD601C84B27D20C0001D
:102B500003F07CFF032CE6DB0020F4E74F4B000082
:102B6000DC05000041542B4A4F494E3D312C312C9D
:102B700031322C31300000000A0B002010B5002447
:102B80000DE009A209490AA0FEF77EFF012800D145
:102B900010BD601C84B27D20C00003F057FF032CE1
:102BA000EFDB0020F4E700004F4B0000DC050000E5
:102BB00041542B4F5441413D312C30003EB5044629
:102BC00000250EA207CA6B4607C322460EA168461F
:102BD00004F05CFE0DE010A210496846FEF754FFB9
:102BE000012800D13EBD681C85B27D20C00003F0E5
:102BF0002DFF032DEFDB0020F4E7000041542B50A4
:102C00004F52543D3230000041542B504F52543DEE
:102C100025303278000000004F4B0000DC0500003A
:102C200070B586B004460D46002614220EA101A8F8
:102C3000FDF750FB2B46224610A101A804F026FE0A
:102C40000EE012A2124901A8FEF71EFF012801D1D1
:102C500006B070BD701C86B27D20C00003F0F6FE89
:102C6000032EEEDB0020F3E741542B5258323D3067
:102C70002C383639353235303030000041542B5243
:102C800058323D25642C2564000000004F4B0000A5
:102C9000DC0500001CB508F0FBF86C4909688842A7
:102CA00005D96B4840798007C00F002800D11CBDB2
:102CB0006848006808F0FDFA002800D1F7E708F03E
:102CC000E7F81430614908600846006862498842A4
:102CD00002D300205D49086069465E48006808F03C
:102CE00018FA002800D1E2E769460020085E5B4937
:102CF000884203DD012040026946088069460020C1
:102D0000085E56494942884203DA7F2040026946FC
:102D1000088069460220085E5049884203DD012090
:102D200040026946488069460220085E4B49494294
:102D3000884203DA7F2040026946488069460420C1
:102D4000085E4649884203DD0120400269468880CA
:102D500069460420085E41494942884203DA7F20DF
:102D60004002694688806C460022A25E002A01DB90
:102D7000134600E0534201246402A34217DA6B4673
:102D80000221595E002901DB0B4600E04B42012481
:102D90006402A3420BDA6B460420185E002801DBB4
:102DA000034600E0434201246402A34246DB684636
:102DB00001882B4800880C2250432A4A1152684649
:102DC0004188274800880C225043264A80184180B9
:102DD00068468188224800880C225043214A801886
:102DE00081801F480088401C80B21D49088005284A
:102DF00029DB002008801C49104606F090F91A498A
:102E00001A4809F01FFE1849194808F0ABFE194886
:102E10000088401C1749088008460088022812DBF9
:102E2000002008801149124805F0D6FF104808F02C
:102E3000F7FE18210D48FDF768FA04E00020084964
:102E400008800C49088000BF31E700001400002012
:102E50006C08002008000020005C260568160000B1
:102E600012000020180100205801002064010020F9
:102E7000E8000020100000200EB50021192008F005
:102E8000A8F9224908600846006800283DD020A122
:102E900020A001F0E9FF21A001F0E6FF0120009051
:102EA000019003460022114602901848006808F07D
:102EB000A0F81648006808F012F9012211461348DC
:102EC000006808F0E9F800211048006808F0F6FAF8
:102ED0000120009003460022042101900B48006865
:102EE00008F06EFA134808F09BFE134840798007FB
:102EF000C00F002809D1012000900346002211468E
:102F000001900248006808F05BFA0EBD080000203E
:102F10004C4F47000A5B25735D000000416363204E
:102F200053656E736F7220496E69742053756363C5
:102F300065737300E80000206C08002010B58CB0A9
:102F4000182106A8FDF7E1F918216846FDF7DDF91B
:102F50000120800402F000F8022002F081FA012032
:102F60008002009002200190032002900020039034
:102F70000490042005906946324802F01BF90120B4
:102F8000C0020090022001900320029000200390D4
:102F9000012004900420059069462A4802F00AF9AD
:102FA00001211D2004F0C2FD1D2004F0FFFC4B2078
:102FB000C001069000200790089009900C200A900C
:102FC00000200B9006A9204802F098FA1E4802F053
:102FD00083FA00BF00BF00BF04F01AFE04460120C0
:102FE00004F053FE18480068FF21013108431649D8
:102FF0000860204604F049FE00BF00BF00BF01206A
:103000001249086200BF104802F066FA00BF0E487D
:103010000068012108430C49086000BF00BF00BFE1
:103020000948C069012149050840400D0028F6D033
:1030300000BF0548C06949000840800D0028EED057
:103040000CB010BD000400500048004000380140A2
:1030500000B589B0002007900890182101A8FDF75D
:1030600054F9012002F0E0F9022002F0DDF9052018
:10307000000702F05DF8974802F05AF8964802F00F
:1030800057F8012002900020039004900590012041
:103090004003019001A98F4802F08CF80120000341
:1030A000019001A98B4802F085F801214903894864
:1030B00002F002F901210903864802F0FDF801201F
:1030C000C003019001A90520000702F073F8012157
:1030D000C9030520000702F0EFF8012189037D48AC
:1030E00002F0ECF8FF2101310520000702F0E6F8BC
:1030F000012109030520000702F0E0F80120800308
:10310000019001200290002003900490059001A9F5
:10311000704802F04FF8FF200130019001A905200E
:10312000000702F047F801200003019001A90520E3
:10313000000702F03FF80120C00301900020029038
:10314000059001A9634802F035F80120C002019002
:1031500001A90520000702F02DF8002002900120AF
:103160000590019001A90520000702F023F8022034
:1031700001900020059001A90520000702F01AF82F
:1031800008200190012002900020039004900590F7
:1031900001A9504802F00EF81020019001A94D48F5
:1031A00002F008F8012208214A4802F0A5F801229D
:1031B0001021484802F0A0F82020019001A94548BC
:1031C00001F0F8FF01222021424802F095F800208A
:1031D000029005908020019001A93E4801F0EAFF8D
:1031E0003E49012002F0CEFD00228021394802F044
:1031F00076F800228021374802F064F8802007909A
:10320000012108A80170002141700121817007A8E7
:1032100001F024FF0021084602F0B4FD012211460E
:103220000520000702F05BF80022012105200007BD
:1032300002F048F801200790012108A80170002140
:1032400041700221817007A801F008FF0121890463
:10325000002002F097FD002202210520000702F065
:103260003EF8002202210520000702F02BF8022080
:103270000790012108A8017000214170032181708D
:1032800007A801F0EBFE0121052004F09BFB0520BF
:1032900004F074FB0121072004F094FB072004F0E4
:1032A0006DFB00220E490F4805F011FB0E4A032169
:1032B0000C4805F0D9F90D4A04210A4805F0D4F963
:1032C0000B4A0521074805F0CFF9064805F026FB13
:1032D00009B000BD000400500008005001000C00BF
:1032E00011890008A4080020BD3600082136000816
:1032F0006936000800B58DB01C2106A8FDF705F859
:1033000018216846FDF701F80120800301F042FE14
:10331000012002F0A5F80120400200900220019057
:103320000320029000200390049004200590694639
:103330000520000701F03EFF0120800200900220DE
:1033400001900320029000200390012004900420AB
:10335000059069460520000701F02CFF01211B2084
:1033600004F0E4FB1B2004F021FB4B20C00106907D
:1033700000200790089009900C200A9000200B90E4
:103380000C9006A9094802F00BFE084802F0D3FD94
:10339000064802F0DAFD054802F0EFFD034802F0AE
:1033A000D9FD024802F0C4FD0DB000BD0038014057
:1033B00000B58DB01C2106A8FCF7A7FF18216846B0
:1033C000FCF7A3FF0120400401F0C6FD012002F03C
:1033D00047F8042000900220019003200290002072
:1033E000039004900420059069460520000701F031
:1033F000E1FE0820009002200190032002900020AE
:1034000003900120049004200590694605200007E0
:1034100001F0D0FE01211C2004F088FB1C2004F0E8
:10342000C5FA4B20400206900020079008900990B2
:103430000C200A9000200B900C9006A9124802F074
:10344000AFFD114802F077FD00BF0F4880680121F1
:10345000090308430C49886000BF00BF0846806824
:10346000491488430849886000BF084602F06DFD92
:10347000054802F082FD044802F06CFD024802F0AB
:1034800057FD0DB000BD000000440040F3B58FB003
:10349000044600200B900C900D900E900790089021
:1034A00009900A90182101A8FCF72FFF012001F0D4
:1034B00045FD1098401E6946888500200C90601ECE
:1034C0000D9000200E900BA90120800702F0C4FC93
:1034D00000BF01208007006880218843C90508607B
:1034E00000BF00208968334A11400143012292073E
:1034F000916000BF60200790012008900020099093
:103500000A9007AA0121880702F0DEFC0122920737
:103510000120002801D000250AE0102801D1022551
:1035200006E0FF250135A84201D1042500E006256B
:103530002B46214DEE5C1546183571190D681F4E4E
:10354000F75C0426BE4035430D6000BF002101201A
:10355000800702F0E7FC0120800702F06DFC0120EB
:103560001749C96A0143164AD1621146C96A014026
:10357000009100BF00BFC003019002200290002014
:103580000390049005900520069001A9000701F022
:1035900011FE01210F2004F08DFA0F2004F0FAF93A
:1035A00001208107096A01438207116200BF11B03F
:1035B000F0BD0000F8BFFFFFEFD00008F6D0000814
:1035C00000100240F8B505460E46C8242146714356
:1035D00008466421FCF78EFD074620460421FFF7CC
:1035E00055FF3846E106486300BF084602F029FC53
:1035F000E00602F02BFCA8B208F038F900BFE006A4
:10360000C068022188434907C86000BF084602F02D
:10361000DDFB0120C00305210907886200BFF8BD5A
:1036200000B50F488079C007C00F002807D10C48AB
:103630004079102188431030094948710FE0012278
:103640000821084801F058FE01221021054801F028
:1036500053FE03488079400840000149887100BD4D
:103660006C0800200004005000B512488079C007A3
:10367000C00F002807D10F4840792021884320300F
:103680000C49487115E00B48407904218843001D1E
:103690000849487108468079400840008871012235
:1036A0000821054801F028FE01221021024801F0FE
:1036B00023FE00BD6C080020000400501B48407928
:1036C0000821884308301949487119480178007861
:1036D000401C174A1070002904D1164800680A30AF
:1036E000154908601348006813490968884207D9DA
:1036F0000F480078002803D000200D49087013E01F
:103700000A4840798007C00F00280DD0084800788B
:10371000072809DB00200649087004488079400822
:103720004000401C01498871704700006C0800206F
:10373000380000205C0000203C00002070B50446EA
:103740002046FCF701FE85B22946204600F002F82B
:1037500070BD0000F8B504460D46002627460CE073
:103760003046721C96B2395C054802F0A7FC00BFD7
:10377000034802F095FC0028FAD0AE42F0DBF8BD19
:1037800000440040F8B505460E461746294608A0F5
:1037900001F06AFB002404E0315D0BA001F064FB42
:1037A000641CBC42F8DB0AA001F05EFBF8BD00001F
:1037B0000A205265637620556172742044617461F9
:1037C000205B25735D3A0000202530327800000030
:1037D0000A00000010B5544800798007C00F002887
:1037E00031D051480079022188434F490871DC21CA
:1037F0004E48FCF78AFD4D49032008F0D5FF4C499F
:1038000008704C4807F0C2FE044649480078401C46
:10381000844210DB01224649464807F0C7FF44486E
:1038200002784249434807F0C1FF43480078401CF2
:103830004149087006E041A142A001F015FB43A0F8
:1038400001F012FB00BF384800790007C00F0028C4
:1038500031D0354800790821884333490871DC218B
:103860003248FCF752FD3149842008F09DFF304971
:103870000870304807F08AFE04462D480078401C46
:10388000844210DB01222A492A4807F08FFF28488A
:1038900002782649274807F089FF27480078401C0E
:1038A0002549087006E025A126A001F0DDFA27A031
:1038B00001F0DAFA00BF1C480079C006C00F0028EA
:1038C00031D0194800791021884317490871DC214B
:1038D0001648FCF71AFD1549802008F065FF1449C9
:1038E0000870144807F052FE044611480078401C46
:1038F000844210DB01220E490E4807F057FF0C48A6
:1039000002780A490B4807F051FF0B480078401C29
:103910000949087006E009A10AA001F0A5FA0BA068
:1039200001F0A2FA00BF10BD6C0800209C05002029
:103930002600002070050020250000204552524F2F
:10394000520000000A5B25735D0000004C77726234
:1039500020416C72656164792046756C6C000000D2
:1039600010B52E480078C007C00F002850D02C4852
:10397000808800284CD12B480078002826D0FF21D1
:103980002948FCF7C2FCDC212848FCF7BEFC274C88
:1039900001222749274807F073FE2548027821466F
:1039A000244807F06DFE08F0CDFD1E480078401E4B
:1039B000C0B21C490870002807D17D21C9001E48EB
:1039C000FCF7A3FC1B4807F0BBFE21E01B48407935
:1039D0004006C00F00280BD018484079402188438A
:1039E0001649487100F02EF815490D4881800FE006
:1039F00012484079C00900280AD010484079802137
:103A000088430E49487100F091F80D4904488180BF
:103A100000F068FDFFF7DEFE10BD0000DC140020A2
:103A2000040B002025000020040A00209C05002033
:103A30002600002070050020880100206C0800206E
:103A40008813000070B5374D0024DC212846FCF7B0
:103A50005CFC0020344908702946012008F0A4FECF
:103A600004462D193048007800192F49087029465E
:103A7000032008F099FE04462D192B480078001900
:103A8000294908702946102008F08EFE04462D1999
:103A9000254800780019244908702946112008F0AB
:103AA00083FE04462D192048007800191E4908702D
:103AB0002946152008F078FE04462D191A4800788A
:103AC00000191949087029460B2008F06DFE0446BC
:103AD0002D191548007800191349087029460C2043
:103AE00008F062FE04462D190F48007800190E49AF
:103AF000087029460D2008F057FE04462D190A4883
:103B000000780019084908702946392008F04CFE51
:103B100004462D190448007800190349087008F07C
:103B200011FD70BD9C0500202600002070B50B4CD7
:103B30000025DC212046FCF7E8FB0020084908703E
:103B40002146322008F030FE05466419044800780A
:103B500040190349087008F0F5FC70BD9C05002071
:103B60002600002010B5012001F0D6FA00281CD054
:103B7000012001F02DFA1E484079C007C00F00282F
:103B80000CD01B484079400840001949487108464C
:103B90000079402188434030154908711448007A63
:103BA0000A2802DA0A2012490872022001F0B4FA47
:103BB00000281CD0022001F00BFA0D484079C00704
:103BC000C00F00280CD00A4840794008400008493E
:103BD0004871084600794021884340300449087103
:103BE0000348007A0A2802DA0A200149087210BD47
:103BF0006C08002010B5802001F08EFA002822D039
:103C0000802001F0E5F910484079C007C00F002876
:103C10000CD00D484079400840000B4948710846D7
:103C200000794021884340300749087106480079EF
:103C3000802188438030044908710846007A0A28A8
:103C400001DA0A20087210BD6C08002010B501F0DE
:103C5000A7FC01200649096881430143044A116019
:103C600000BF002001F0A6FC01F02CFC30BF10BD0D
:103C70000070004000BF0020C0430749C86000BF7B
:103C800000BF00BF0448C0684021084080090028E8
:103C9000F7D00020704700000028004000B500BFAA
:103CA0008020C0430249C86000BF03F0BBFD00BDD7
:103CB0000028004000210A4A51610A49496801224E
:103CC00052021143074A51601146496808221143C4
:103CD000044A51600021C209D201116070470000FE
:103CE000341500200020024010B58AB0454C042253
:103CF0004549204600F0EEF84348007800280AD1F4
:103D00004148C0892D214901884203DC3E48C089D1
:103D100001284FDA45E03C480078012840D13A4874
:103D200040882D214901884213DC3748408801280A
:103D30000FDB3548807918280BDA3348007A3C28A5
:103D400007DA3148807A182803DA2F48007B3C28AC
:103D500000DB26E02C4880882D214901884213DCB5
:103D60002948808801280FDB2748C07918280BDAFA
:103D70002548407A3C2807DA2348C07A182803DA15
:103D80002148407B3C2800DB0BE01F48C0892D21E7
:103D90004901884203DC1C48C08901280ADA00E096
:103DA00000BF10211848FCF7B0FA0020164908702F
:103DB0001E20C8811448C0891449C8811248C0898E
:103DC0001149497B104AD27A0F4B5B7A05930692D0
:103DD000079108900C48C0790B4989880A4A127BE0
:103DE000094B9B7A01930292039104900648007A52
:103DF00000900548837942880178054801F034F83D
:103E00000AB010BD00F800088C0500206C080020E6
:103E1000FCD400081CB5194C02226946204600F06B
:103E200059F81749009848700198887008464078FA
:103E3000FE2803DC08464078012802DA0A201049EF
:103E400048700F488078002806D00D4880780228F6
:103E500002D000200A4988700AA10CA001F004F8E1
:103E600007488078002801D00AA000E00BA0024695
:103E7000034841780BA000F0F7FF1CBD00EC0008E0
:103E8000DC140020464C4153480000000A5B2573B7
:103E90005D000000436C617373204300436C6173E9
:103EA000732041005265616420466C617368204450
:103EB0006576696365204C6F526157414E20506FA3
:103EC00072743A2025642C20436C6173733A202568
:103ED0007300000070B503461C46002004E025680E
:103EE00086008D51241D401C9042F8DB70BD0000FF
:103EF00010B510A000F0B8FF1EA000F0B5FF2DA077
:103F000000F0B2FF042211463AA000F0ADFFFFF727
:103F1000EBFEFFF77FFF6420464908700121464809
:103F2000017206F076FF002802D10120434908748F
:103F300010BD00000A2A2A2A2A2A2A2A2A2A2A2ADC
:103F40002A2A2A2A2A2A2A2A2A2A2A2A2A2A2A2AD1
:103F50002A2A2A2A2A2A2A2A2A2A2A2A2A2A2A2AC1
:103F60002A2A2A2A2A2A2A2A2A2A2A2A2A2A2A2AB1
:103F70002A0A00002A2A2A2A2A2A2A2A2A2A2A2A15
:103F80002A2A2A2A2A2A2A2A2A2A2A2A2A2A2A2A91
:103F90002A2A2A2A2A2A2A2A2A2A2A2A2A2A2A2A81
:103FA0002A2A2A2A2A2A2A2A2A2A2A2A2A2A2A2A71
:103FB0000A0000002A2A2A2A2A2A2A2A2A2A2A2AFF
:103FC0002A2A2A20484B54203A20436174746C6595
:103FD00020416E6420536865657020547261636B84
:103FE000202A2A2A2A2A2A2A2A2A2A2A2A2A2A2A3B
:103FF0000A0000002A2A2A2A2A2A2A2A204841526C
:1040000044574152455F5645523A20307825303268
:1040100078202C534F4654574152455F5645523AEB
:1040200020307825303278202A2A2A2A2A2A2A2A59
:104030000A000000180000201C1500206C08002059
:1040400010B510210848FCF760F9002006490870F7
:104050001E20C8810549C8810548006805490860D7
:1040600000F0B2F910BD00008C0500206C080020A3
:104070005C00002040000020002039498969FF22AF
:1040800001321140914208D1364949690222114357
:10409000344A5161FF2101310843314989690122C4
:1040A00052021140914208D12E494969012211431F
:1040B0002C4A516101214902084329498969012299
:1040C00092021140914208D12649496908221143C0
:1040D000244A516101218902084321498969012249
:1040E000D2021140914208D11E494969042211436C
:1040F0001C4A51610121C9020843194989690122F9
:1041000052031140914208D11649496910221143C6
:10411000144A516101214903084311498969012267
:1041200052041140914207D10E494969202211439E
:104130000C4A51612021084309498969012212046E
:104140001140914208D10749496940221143054A6B
:104150005161012109040843014988617047000049
:10416000002002403415002070B5044606F090FE91
:1041700005460BE0601C002808D0002C04D006F097
:1041800087FE401BA04201D9032070BD1F488069F3
:10419000C007C00F0028EDD11C48806902210840EB
:1041A000022801D11949886118488069FF2101312D
:1041B0000840884223D01548806949000840884259
:1041C0001DD01248806949000840884217D00F4826
:1041D000806949000840884211D00C4880698900F4
:1041E000084088420BD0094880690901084088428C
:1041F00005D00648806949100840884203D1FFF77E
:104200003BFF0120C1E70020BFE700000020024083
:10421000F0B58FB000200E9032480D900027242179
:1042200004A8FCF772F8304C002610E02078050650
:10423000607800044519A07800024519E078451916
:10424000241D38467F1C800004A90D50361D042E05
:10425000ECD3254C241D002610E02078050660785C
:1042600000044519A07800024519E0784519241D7D
:1042700038467F1C800004A90D50361D102EECD34B
:10428000194C1434002610E02078050660780004EC
:104290004519A07800024519E0784519241D3846D3
:1042A0007F1C800004A90D50361D102EECD300F0A9
:1042B00017FC002000900D9801900120029000BF93
:1042C00003A9684600F08EFB0028F9D1092204A951
:1042D0000D9800F0C1F80E9000F0CAFB0E980FB0D8
:1042E000F0BD000000E80008FF140020F0B58FB01A
:1042F00000200E9032480D900027202105A8FCF7E1
:1043000004F8304C002610E02078050660780004A0
:104310004519A07800024519E0784519241D384652
:104320007F1C800005A90D50361D082EECD3254CAE
:104330000834002610E0207805066078000445194E
:10434000A07800024519E0784519241D38467F1CE5
:10435000800005A90D50361D082EECD3194C1034E1
:10436000002610E020780506607800044519A07842
:1043700000024519E0784519241D38467F1C80004D
:1043800005A90D50361D102EECD300F0A9FB00201E
:1043900001900D9802900120039000BF04A901A88C
:1043A00000F020FB0028F9D1082205A90D9800F0A3
:1043B00053F80E9000F05CFB0E980FB0F0BD0000BB
:1043C00000E40008DF1400207FB500250C4C00F04D
:1043D00087FB0020009001940120029000BF03A9F8
:1043E000684600F0FFFA0028F9D10422054920466A
:1043F00000F032F8054600F03BFB284604B070BDE3
:1044000000F800088C05002030B587B00025104C5E
:104410001048407805900F488078069000F060FBC7
:104420000020019002940120039000BF04A901A87C
:1044300000F0D8FA0028F9D1022205A9204600F0A0
:104440000BF8054600F014FB284607B030BD00000D
:1044500000EC0008DC140020F7B582B007460D46DA
:10446000002001903E46002413E0A0002A58314667
:10447000022000F00DFB01900198002804D1306863
:10448000A1006958884202D0012005B0F0BD361D58
:10449000641C04988442E8DB0020F6E730B585B060
:1044A00000250E4C0E484089049000F019FB0020B6
:1044B000009001940120029000BF03A9684600F01B
:1044C00091FA0028F9D1012204A92046FFF7C4FF80
:1044D000054600F0CDFA284605B030BD00F40008CE
:1044E0006C0800201CB567488079C007C00F002801
:1044F00075D1644840790007C00F002817D0614883
:104500004079082188435F4948715FA000F0ACFC06
:104510005C4840798007C00F002804D07D20C0008F
:104520006149088003E07D20C0006049088055484B
:104530004079C006C00F002831D052484079102180
:104540008843504948715AA000F08EFC002208218F
:104550005F4800F0D1FEFF20F53007F087F9012217
:1045600008215B4800F0C8FE00221021584800F0E6
:10457000C3FEFF20F53007F079F9012210215448DD
:1045800000F0BAFE53480078C007C00F002806D0DC
:104590003C4840798021884380303A494871394805
:1045A00040798006C00F002849D036484079202144
:1045B00088433449487148A000F056FC314840799E
:1045C0008007C00F00280BD02E4840790221884375
:1045D0002C49487132214748FEF7F4FF14E02EE0E1
:1045E0002848407902218843801C2649487132219D
:1045F0007D20C000FEF7E6FF012136484030017201
:104600003D4800683D4908601E4840798007C00F5A
:1046100000280AD101200090034600221146019093
:104620003748006806F0CCFE09E001200090034600
:104630000022042101903248006806F0C1FE1148B2
:1046400040794007C00F00281BD00E484079042154
:1046500088430C4948712BA000F006FCFFF7F0FCE2
:10466000244811490880114908803221C820FEF7EA
:10467000A9FFFF20F53007F0F9F83221C820FEF736
:10468000A1FF1CBD6C0800200A427574746F6E2077
:1046900050726573732053686F72742048616E6442
:1046A0006C65720A000000002E0000202C00002023
:1046B0000A427574746F6E20507265737320446F74
:1046C00075626C652048616E646C65720A0000005A
:1046D00000040050DC1400200A427574746F6E20D0
:1046E0005072657373204C6F6E672048616E646C06
:1046F00065720A00B80B00005C000020400000203A
:10470000080000200A446576696365204465666197
:10471000756C740A00000000F8B506F0B9FB7B491F
:104720000968884205D37A4840798007C00F00287D
:1047300000D1F8BD06F0ACFBFF30F53073490860DE
:10474000084600687349884202D300206F49086018
:104750007148006871490968884227D86C48C08947
:104760003C2148436D49096840186B4908600121A4
:1047700049036B4800F0A4FD01210903684800F0DB
:104780009FFD0020674A9060D06000211161516157
:10479000B4206549087065A165A000F065FB5F481D
:1047A00002685D48016864A000F05EFB5E48007826
:1047B00000287DD05C480078401E5B4908705BA1F2
:1047C0005BA000F051FB584801786BA000F04CFB57
:1047D00055480078002811D05248002213468468BA
:1047E000C1682046FCF752F808D14E480022134613
:1047F0008468C1682046FCF749F8DAD000204A49AD
:104800000870012040034649886200BF47A148A0C4
:1048100000F02AFB414802683F4801685D4800F00B
:1048200023FB3B4840794021884340303849487158
:104830003C48002213468468C1682046FCF726F8ED
:104840005DD0384800221346046941692046FCF7D0
:104850001DF854D0334800221346046941692046AC
:10486000FCF728F80DD82F490E69496900224A4BF8
:104870003046FBF7C7FE0446FBF7EAFF244988628F
:1048800011E028490E694969490049080022424B54
:104890003046FBF7B7FE0446FBF7DAFF0121C907F4
:1048A00008431B4988621F4800221346846800E0C1
:1048B00029E0C1682046FBF7FDFF0DD8194800220A
:1048C000354B8468C1682046FBF79CFE0646FBF723
:1048D000BFFF0F49486216E012498C68C968490059
:1048E000490800222C4B2046FBF78CFE0646FBF7BE
:1048F000AFFF0121C90708430549486203E00021D1
:1049000003484162816200BF13E7000044000020B9
:104910006C080020005C2605400000205C000020A0
:104920000004005038090020480000204C4F470088
:104930000A5B25735D0000004F70656E2047707341
:10494000204D6F646520506F7765722C204E65781E
:104950007420526561642054696D657374616D7073
:104960003A2025642C204E6F772054696D6573744E
:10497000616D703A20256400576169742047707337
:10498000204D6F646520526573756C743A20256400
:10499000000000007CD5000880842E4170B5002303
:1049A0001A4604460FE01546561CB2B2635D0B4D25
:1049B000AB6200BF00BF00BF084BDB6940252B4046
:1049C0009B09002BF7D08A42EDDB054B1B7A0A2BA3
:1049D00002DA0A23024D2B7270BD0000004800402D
:1049E0006C080020F8B504460E460127002500BFDC
:1049F0001C48007C012801D10220F8BD0120194982
:104A0000087400BF1848FFF7AFFB0746002F22D1FC
:104A1000401E3060656817E02846FFF74BF91248E2
:104A2000FFF7A2FB074611484068082188430F4959
:104A3000486008464068491588430C494860002F83
:104A400001D0356006E08035A068C001616840187B
:104A5000A842E1D800BF00BF00200249087400BF8F
:104A60003846CAE73415002050C300000020024039
:104A700006484068022108430449486008464068E7
:104A8000012108430149486000207047002002408E
:104A9000F8B507460C461546012600BF0E48007CB7
:104AA000012801D10220F8BD01200B49087400BF84
:104AB0000A48FFF759FB0646002E06D10649486111
:104AC00025600648FFF750FB064600BF002002495C
:104AD000087400BF3046E6E73415002050C30000DC
:104AE0001D484068C007C00F002816D000BFEFF374
:104AF0001080014600BF72B61848174AD0601848A7
:104B0000D06000BF81F3108800BF10464068C00726
:104B1000C00F002801D0012070470F4840680222D2
:104B20001040022815D100BFEFF31080014672B685
:104B30000C48094A10610C481061084680F310883F
:104B400000BF1046406802221040022801D1012017
:104B5000E2E70020E0E7000000200240EFCDAB8953
:104B600005040302BFAE9D8C1615141309E0002244
:104B70001021044800F0C0FB00220821014800F089
:104B8000BBFBF4E70004005000B58FB01C2108A85F
:104B9000FBF7BBFB182102A8FBF7B7FB022000F0D4
:104BA00051FCFF200130029002200390032004906A
:104BB00001200590002006900420079002A93048AB
:104BC00000F0F8FA01204002029002200390032036
:104BD000049001200590002006900420079002A96F
:104BE000274800F0E7FA012040052649896B014378
:104BF000244A91631146896B0140019100BF00BFB7
:104C000000BF214840680121490608431E49486009
:104C100000BF00BF0846C068C91388431A49C8606E
:104C200000BF00BF084600680121C9048843164937
:104C3000086000BF00BF084600680121490488439E
:104C40001149086000BF00200890E120C0000990D1
:104C500000200A900B900C900D900E9008A90A4825
:104C600000F07CFB00210846074AD268074B1A4037
:104C70000B4603431A43044BDA6000BF0FB000BD7C
:104C800000040050001002400054004001F8FFFFF3
:104C9000FEB504460E4615461F4600BF214800F0EB
:104CA000A6FB0028FAD11F4800F0B4FB002802D16F
:104CB0001C4800F02CFB1C48002100910190610071
:104CC0002B460022174800F027FB00BF154800F0D4
:104CD0009BFB0028FAD02946304600F08FF800BF31
:104CE00000BF104880694021084080090028F7D0A3
:104CF0000E48C904009101906000411C002209483F
:104D0000089B00F009FB3846089900F05DF800BFE9
:104D1000044800F073FB0028FAD0024800F0F2FAD1
:104D2000FEBD0000005400400020008000240080F0
:104D3000FEB504460E4615461F4600BF204800F04B
:104D400056FB0028FAD11E4800F064FB002802D16F
:104D50001B4800F0DCFA1B48C10200910190610081
:104D60002B460022164800F0D7FA00BF144800F086
:104D70004BFB0028FAD02946304600F03FF800BF30
:104D800000BF0F48806980210840C0090028F7D083
:104D90000020890400910190610002460848089BA8
:104DA00000F0BAFA3846089900F048F800BF044805
:104DB00000F024FB0028FAD0014800F0A3FAFEBD61
:104DC000005400400020008010B5024600200FE093
:104DD00000BF00BF084B9B69042423409B08002BA5
:104DE000F7D000BF044B5B6ADBB21354431CD8B24C
:104DF0008842EDDB10BD000000540040F8B50446C9
:104E00000D46E6B2FF20000220400712012D04D11A
:104E10003146094800F006FB0DE03946064800F02F
:104E200001FB00BF044800F0EFFA0028FAD0314639
:104E3000014800F0F7FAF8BD0054004070B505468F
:104E40000E4600240BE000BF064800F0DDFA002803
:104E5000FAD0295D034800F0E5FA601CC4B2B44200
:104E6000F1DB70BD005400400FB438B50498002841
:104E700004D00498FBF768FA002803D138BC08BCBA
:104E800004B0184705A80090FF21F5310748009BA2
:104E9000049A02F00FFD054600200090034CA9B2D1
:104EA0002046FEF757FC00BFE8E700006E12002026
:104EB00010B51E480078002816D01C4800780A2833
:104EC00012DA1A480078401E194909780141CA07C8
:104ED000D20F01210903174800F00EFA1348007899
:104EE000401C1249087020E01048007800280BD1BF
:104EF0000022012109030F4800F0FEF90B48007859
:104F0000401C0A49087010E001221103094800F012
:104F1000F3F900200549087000BF0748C068400841
:104F200040000549C86000BF00BF10BD6D000020F3
:104F30006E000020000400500008014008B505493B
:104F4000896B0143034A91631146896B01400091CB
:104F500000BF08BD0010024008B50549896B014338
:104F6000034A91631146896B0140009100BF08BD5F
:104F7000001002400249896A0143014A9162704768
:104F8000001002400249896A8143014A91627047D8
:104F90000010024008B50549496B0143034A5163BB
:104FA0001146496B0140009100BF08BD001002404E
:104FB0000249496A0143014A5162704700100240A8
:104FC0000249496A8143014A516270470010024018
:104FD00001494861704700000004014002494968E6
:104FE0008143014A51607047000401400249096849
:104FF0008143014A11607047000401400249096879
:105000008143014A11607047000401400249496828
:105010000143014A51607047000401400249C968D8
:105020000143014AD1607047000401400249096808
:105030000143014A116070470004014002490968B8
:105040000143014A11607047000401400249896828
:105050000143014A916070470004014070B5044665
:105060000025207900284DD02068002850D0607994
:10507000002804D0012809D0022815D10DE02068AD
:10508000FFF7ACFF2068FFF7D9FF0FE02068FFF7BC
:10509000B5FF2068FFF7BAFF08E02068FFF7CEFFF2
:1050A0002068FFF7B3FF01E0012500BF00BFA07932
:1050B00000282DD0A079012804D002280DD0032883
:1050C0001DD115E020681349C9688143114AD16098
:1050D00000BF2068FFF7BAFF13E020680D49896818
:1050E00081430C4A916000BF2068FFF797FF08E0FA
:1050F0002068FFF7ABFF2068FFF790FF01E0012574
:1051000000BF05E02068FFF779FF2068FFF766FF22
:10511000284670BD0004014001460448406908402B
:10512000884201D1012070470020FCE700040140C3
:1051300070B50446002505200007844206D10120F1
:1051400000F09CF9012000F0A1F928E01548844204
:1051500006D1022000F092F9022000F097F91EE03B
:105160001148844206D1042000F088F9042000F0A0
:105170008DF914E00D48844206D1082000F07EF934
:10518000082000F083F90AE00948844206D1802013
:1051900000F074F9802000F079F900E0012528463C
:1051A00070BD00000004005000080050000C0050CA
:1051B000001C0050F0B502460B46002600216CE0B2
:1051C0000124B440186820400146002964D0586882
:1051D000012802D05868022816D1986894680D46B4
:1051E0004D436F00ED19AC430D464D4345432C43F1
:1051F000946000BFDC6818685568854307466743BC
:105200003D43556000BF00BF1869D4680D464D434B
:105210006F00ED19AC430D464D4345432C43D4601C
:1052200000BF5868022829D1FF2911D85869146A8B
:105230000D464D434D434D432F017D1BAC430D4661
:105240004D434D434D4345432C43146200BF15E08D
:105250005F69080A40430C0A60430C0A604304017A
:10526000241A506AA0430C0A64430D0A6C430D0AC9
:105270006C437C432043506200BF00BF58681468F1
:105280000D464D436F00ED19AC430D464D4345436C
:105290002C43146000BF00BF761C1868F040002843
:1052A0008ED1F0BD02461069084070470246506931
:1052B0000840704781627047816270478161704722
:1052C0008161704730B503680C464C436500641932
:1052D000A3430C464C4354432343036030BD30B5D5
:1052E000C3680C464C4365006419A3430C464C4309
:1052F00054432343C36030BD002A01D0816100E0E4
:1053000081627047C16920221143C1617047016801
:105310000122114301607047F0B5069C4668650D97
:105320000127BF023D400B4F3D4301277F03ED198D
:105330007F003D43BF02ED19074F3D43AE430D468D
:1053400015431F043D43059F3D4325432E434660BF
:10535000F0BD0000FF0B00000010FF0230B5024658
:1053600000BF106840084000106000BFCB6888682C
:1053700014681F252D02AC431D0205432C43146005
:1053800000BF4868106100BF00BF106801231843C8
:10539000106000BF00BF9068DB039843906000BFBF
:1053A0008B6908699468E40AE40205461D432C43AE
:1053B000946000BF0869002807D000BF90680123EF
:1053C000DB031843906000BF00BF08681368032424
:1053D0002405A3430343136000BF486953680124B5
:1053E000E403A3430343536000BF002030BD0146E4
:1053F00088690122D2031040C00B704701468869BA
:10540000202210404009704701468869022210405E
:105410004008704701460868C007C00F012250408D
:10542000504070478162704708B50549C96A014319
:10543000034AD1621146C96A0140009100BF08BD0C
:105440000010024008B50549C96A0143034AD16208
:105450001146C96A0140009100BF08BD001002401A
:1054600008B50549C96A0143034AD1621146C96AB0
:105470000140009100BF08BD001002400249C96907
:105480000143014AD1617047001002400249C969D5
:105490008143014AD16170470010024070B5044653
:1054A0007D25ED0029462046FAF724FE401E0449DA
:1054B0004861002088610520086100BF70BD0000C0
:1054C00000E000E003480069042108430149086145
:1054D0007047000000ED00E070B5044600BF02F028
:1054E00097FB0546012002F0D0FB206820210843ED
:1054F0002060284602F0C9FB00BF70BDF0B585B042
:1055000004460D460120039000BF2068C007C00F6D
:1055100001214840484000283AD1E96868680843BA
:105520002969084321681C4A114008432060A86883
:1055300061680322120391430143616000BF6869FF
:10554000A168121191430143A16000BF900000F0D7
:105550003BF80746002F1BD02868002818D00020F1
:10556000039002972E68002E10D0FF21013102987F
:1055700002F0CFF972080023801859413246019198
:105580000090FAF7E1FD05490840E06000BF00BF68
:10559000039805B0F0BD0000F3E9FFEFFFFF0F0037
:1055A0000348006801214902084301490860704727
:1055B0000070004003490968022291430143014AF7
:1055C0001160704700700040F8B50446002500BF28
:1055D0001948C0682040002820D001218902401AC3
:1055E00004D0401A06D0401A17D10FE001F086FB14
:1055F00005461DE000F09EF8002806D000F0A2F855
:10560000002801D00D4D00E00D4D11E000F0A2F892
:10561000002801D00125ED030AE000BF01F06EFB78
:10562000074601F035FB064601F044FB054600BF86
:1056300000BF2846F8BD00004010024000093D00B0
:105640000024F400F8B504460025032C2FD1204691
:1056500000F066F82104401A1ED0012804D0022868
:1056600006D0032817D10FE001F048FB05461DE0E6
:1056700000F060F8002806D000F064F8002801D09F
:10568000254D00E0254D11E000F064F8002801D020
:105690000125ED030AE000BF01F030FB074601F0F1
:1056A000F7FA064601F018FB054600BF00BF0C2CB8
:1056B0002FD1204600F034F82104401A1ED00428CF
:1056C00004D0082806D00C2817D10FE001F016FBF3
:1056D00005461DE000F02EF8002806D000F032F854
:1056E000002801D00C4D00E00C4D11E000F032F824
:1056F000002801D00125ED030AE000BF01F0FEFA09
:10570000074601F0C5FA064601F0D4FA054600BF87
:1057100000BF2846F8BD000000093D000024F40049
:1057200001460348C06808400A041043704700005F
:105730004010024002480068042108408008704779
:10574000001002400248006810210840000970471C
:105750000010024003480069012149020840400A44
:10576000704700004010024002484068072149038A
:1057700008407047001002400449C968020C914378
:1057800082B21143014AD1607047000040100240CC
:10579000F8B5069CF02515402D041607360B354349
:1057A0000D43F0261E4036021F073F0D3E43354392
:1057B000F026264027073F0F3E4335430095C56935
:1057C000024E3540009E3543C561F8BD808080FFA4
:1057D0008168FF220132914381607047F0B585B046
:1057E00005460E461446002E0DD1284600F0DCF981
:1057F000002800D002E00020206000BFE068002800
:1058000000D10EE00DE0284600F0CEF9002800D0CF
:1058100002E00020206000BFE068002800D100E026
:1058200000BF284600F08BF9E06800281ED100BFB9
:10583000E869012189078843E86100BF002E04D090
:10584000217C284600F06AF821E0207C0A21FAF742
:1058500051FC0701207C0A21FAF74CFC0F43F8B2F7
:1058600001460390284600F059F810E000BFE869AF
:10587000012189070843E86100BF207CE9690F2204
:105880001206914302061143E96100BF00BF002EDA
:1058900008D0A07900906379227928462168FFF723
:1058A00077FF2BE0A0790A21FAF724FC0701A07901
:1058B0000A21FAF71FFC0F43F8B2039060790A211E
:1058C000FAF718FC070160790A21FAF713FC0F4375
:1058D000F8B2029020790A21FAF70CFC070120792E
:1058E0000A21FAF707FC0F43F8B2019003980090E1
:1058F00021682846029B019AFFF74AFFA068E969E0
:10590000054A11400143E96100BF284600F01FF934
:10591000002005B0F0BD00007F7F7F7F10B5F02232
:105920000A4012060B071B091A43C3693F242406C9
:10593000A3431A43C26110BDC16880221140024ACC
:105940001143C160704700007FFEFFFFF8B5069C61
:10595000F02525402D042607360B35434E033543ED
:10596000F0261E4036021F073F0D3E433543F0260A
:10597000164017073F0F3E43354300954568034ED9
:105980003540009E35434560F8BD0000C00000FF73
:10599000014648688206920E30201040000900013E
:1059A00013071B0F18437047014648681F231B024B
:1059B00018400246012000031040000B00010F2395
:1059C0001B0213401B0A1843704701464868072210
:1059D00052031040400B704701464868FF231B04E8
:1059E000184002460F2000051040000D00010F2353
:1059F0001B0413401B0C18437047F7B584B00D46C9
:105A0000144601200390002D09D160781021084030
:105A1000102804D16078EF2108400A306070002D12
:105A200000D100E000BF049800F089F8049800F06D
:105A300091F8012843D0002D08D0E07800906378D9
:105A4000A27821780498FFF781FF29E0E0780A2105
:105A5000FAF750FB0701E0780A21FAF74BFB0F43F6
:105A6000FEB260780A21FAF745FB070160780A2147
:105A7000FAF740FB0F43F8B20290A0780A21FAF738
:105A800039FB0701A0780A21FAF734FB0F43F8B27B
:105A90000096019021780246029B0498FFF756FF7A
:105AA000049800F043F8049800F08FF8002804D11F
:105AB000049800F01FF9039001E00020039004987F
:105AC00000F045F8039807B0F0BD000070B504463B
:105AD0000125204600F033F8204600F03BF801286D
:105AE00019D0002020600E4860610E486060A068F8
:105AF0004007400FA0600C4820610020E061206258
:105B0000E062E0636064A064E0602064E0642046DA
:105B100000F0F0F80546204600F019F8284670BD60
:105B2000FFFF000001210000FF007F008021C9432A
:105B3000C1607047CA214162532141627047CA2146
:105B40004162532141627047FF2141627047FF214A
:105B500041627047F8B505467D20C00000900026E0
:105B6000284600F026F800281CD100BF401EE8603F
:105B700000BF284600F01DF804460EE000F016F9BC
:105B8000012802D10098401E0090284600F011F82C
:105B900004460098002800D101260098002801D072
:105BA000012CEBD13046F8BD0146886840221040F8
:105BB00070470146C868402210408009704701467E
:105BC000C86820221040400970470146886820229A
:105BD0001040400970470000F8B5069CF0251540BC
:105BE0002D041607360B35430D43F0261E403602B2
:105BF0001F073F0D3E433543F026264027073F0F42
:105C00003E43354300950568024E3540009E3543BE
:105C10000560F8BD808080FFF7B584B00D4614465E
:105C200001200390002D09D10498FFF7BDFF002843
:105C300000D002E00020206000BF09E00498FFF7D8
:105C4000B3FF002800D002E00020206000BF00BFAA
:105C50000498FFF774FF0498FFF77CFF012843D0F6
:105C6000002D08D0A07900906379227921680498EA
:105C7000FFF7B2FF29E0A0790A21FAF73BFA070102
:105C8000A0790A21FAF736FA0F43FEB260790A21A9
:105C9000FAF730FA070160790A21FAF72BFA0F4375
:105CA000F8B2029020790A21FAF724FA0701207944
:105CB0000A21FAF71FFA0F43F8B200960190216803
:105CC0000246029B0498FFF787FF0498FFF72EFF18
:105CD0000498FFF77AFF002804D1049800F00AF82E
:105CE000039001E0002003900498FFF730FF039831
:105CF00007B0F0BDF8B504467D20C0000090002537
:105D000000BFE06880210840A021C9430843E0604B
:105D100000BF2046FFF753FF06460EE000F046F8AE
:105D2000012802D10098401E00902046FFF747FF4F
:105D300006460098002800D101250098002801D0CF
:105D4000002EEBD1012D1BD07D20C00000902046FD
:105D5000FFF735FF06460EE000F028F8012802D1D3
:105D60000098401E00902046FFF729FF0646009845
:105D7000002800D101250098002801D0012EEBD188
:105D80002846F8BD10B5084A0B069B0DD2580C0CDE
:105D90000F23A3409A430C0C0346A3401A43024B23
:105DA0000C06A40D1A5110BD0800014003480069FB
:105DB000012109040840000C7047000000E000E0E9
:105DC00001490860704700007000002070B504466B
:105DD000002501208007844206D10120FFF7CAF880
:105DE0000120FFF7CFF81EE01048844206D11020B2
:105DF000FFF7C0F81020FFF7C5F814E00C48844204
:105E000006D10420FFF7D4F80420FFF7D9F80AE000
:105E10000848844206D12020FFF7CAF82020FFF767
:105E2000CFF800E00125284670BD000000100040BA
:105E30000008014000140140816880229143816084
:105E40007047016880221143016070470168012298
:105E5000114301607047000010B50246136801202D
:105E60008007824205D01648824202D015488242FD
:105E700005D118467024A0434C68204303460120F6
:105E80008007824205D00E48824202D00D488242ED
:105E900006D1184603242402A043CC6820430346BD
:105EA00013608868D06200BF0888906200BF00BF9E
:105EB000506901242043506100BF002010BD000044
:105EC0000008014000140140F8B506460C4615468E
:105ED0000127012C0AD0102C0ED0E01FF938002821
:105EE00010D00F210902401A18D111E0294630467E
:105EF00000F024FE074612E02946304600F042FE3C
:105F000007460CE02946304600F068FE074606E0EA
:105F10002946304600F08CFE074600E000BF00BF77
:105F20003846F8BD426870239A430A43426070477E
:105F300001210162704741680922D2029143416008
:105F400081682A22914381607047016801221143D0
:105F50000160704770B5044600BF01F059FE054668
:105F6000012001F092FE2068FF21013108432060EA
:105F7000284601F08AFE00BF70BD70B5044600BF20
:105F800001F046FE0546012001F07FFE2068202139
:105F900008432060284601F078FE00BF70BD000075
:105FA000F0B585B004460D46012004900020039012
:105FB000204600F07BF8002858D1E968686808435B
:105FC00029690843A969084321682A4A11400843FE
:105FD0002060A86861680322120391430143616055
:105FE00000BF6869A168121191430143A16000BF1D
:105FF0002148844204D10320FFF724FB039006E0EC
:106000001E48844203D10C20FFF71CFB0390039829
:1060100000282BD02868002828D000200490039F57
:10602000A86902902E680121C9030298884214D100
:106030007900720888183146FAF75CF880B201904E
:106040000F4901980840009001980007400F0099FF
:10605000084300900098E06006E07108C8193146D6
:10606000FAF748F880B2E06000BF00BF049805B0BE
:10607000F0BD0000F369FFEF00380140004400402C
:10608000F0FF00000146C869C007C00F0122504060
:10609000504070470146C8692022104040097047AF
:1060A0000146C869402210408009704701460868CF
:1060B000C007C00F012250405040704781627047B6
:1060C00010B500BF2148C0692021084040090028C0
:1060D00016D000BF1D49496AC9B208461C49498A01
:1060E0007D22D20091420ADA19494A8A498A491C1A
:1060F000174B59821749885432211A46918200BFA2
:1061000000BF1248C069C007C00F01214840484085
:10611000002805D000BF01200C49086200BF00BF65
:1061200000BF0A48C06908210840C008002805D0FF
:1061300000BF08200549086200BF00BF0648007A7A
:106140000A2802DA0A200449087210BD00480040FB
:1061500058120020820E00206C08002010B52F4835
:106160008079C007C00F002829D02D480088401C26
:106170002B49088008460088FF21F53188420AD162
:10618000012208212748FFF7B7F8002210212548EF
:10619000FFF7B2F841E0224800887D21C90088421B
:1061A0003BD100201E490880002208211D48FFF72E
:1061B000A3F8012210211B48FFF79EF82DE01A4892
:1061C0000088002812D018480088401E1649088010
:1061D000002208211348FFF78FF813480088002891
:1061E00004D1012208210F48FFF786F80F480088E4
:1061F000002812D00D480088401E0C49088000225B
:1062000010210848FFF778F808480088002804D1D2
:10621000012210210348FFF76FF810BD6C08002021
:1062200030000020000400502E0000202C00002030
:1062300030B593B0A5A207CA10AB07C3A6A103C986
:106240000F910E90012006F0D5FB012006F0C4FB53
:1062500006F05AF9142000F0F9FBFCF787FAFCF776
:1062600021F8FCF74BFA04229D4908461C30FAF746
:1062700031F810229B499A480C30FAF72BF8082283
:1062800099499748001DFAF725F804229749944840
:106290001C30FAF71FF81022954991482030FAF780
:1062A00019F8102293498E483030FAF713F8FCF7AA
:1062B00065FCFCF7A7FAFCF70DFB8F4A03210120D0
:1062C000FCF7EEFB8D490020FCF7AAFC0020FCF750
:1062D0007DFB0A20FCF772FC03210120FCF7A6FBE2
:1062E000FCF71EFCFCF770FA142000F0AFFBFBF784
:1062F0005DFDFBF7BBFCFBF74FFFFBF7FBFDFCF77E
:10630000EBF8FBF7CFFEFCF783F9FCF769F8FCF735
:10631000A7F8FCF7B9F9FBF701FFFBF787FE0020B0
:1063200006F068FB76A20A2110A801F093FA6AA28F
:1063300005210EA801F08EFA73A0FEF795FD00F07E
:10634000B5FB04467CA0807930380A2148437AA105
:10635000C97940180146303977A0C07830380A2210
:10636000504375A2127980180246303A72A0007824
:1063700030380A23584370A35B78C0180346303B7B
:1063800070A00079202801D1002002E06DA00079E2
:1063900030380A2568436BA56D79303D4019059367
:1063A00006920791049067A0C07930380A214843CB
:1063B00064A1097A401830380A21484361A1497A1A
:1063C000303940180A2148435EA1897A3039401893
:1063D0005FA10EAA10AB03940092019102900422D7
:1063E00011465CA0FEF740FD3D48C01F817A427A0D
:1063F000007A3B4BDB1FDB790193039204910290FF
:106400003748C01F807900903548C01F4379027912
:10641000C1785EA0FEF728FD31480C30C07B3049C2
:106420000C31897B2E4A0C32527B2D4BDB1FDB7FDC
:1064300009930A920B910C902948C01F817F407FDD
:10644000274AD21F127F264BDB1FDB7E0593069265
:10645000089107902248C01F807E2149C91F4A7EAB
:10646000097E1F4BDB1FDB7D019303920291049099
:106470001B48C01F807D00901948C01F437D027DCE
:10648000C17C4D48FEF7F0FC1548C01F807C1449C4
:10649000C91F497C124AD21F127C114BDB1FDB7BC8
:1064A00001930292039104900D48C01F807B0090DD
:1064B0000B48C01F437B027BC17A40A0FEF7D4FC8F
:1064C00011A0FEF7D1FC13B030BD000041533932AA
:1064D000335F4153320000004F544141000000003F
:1064E000E3140020940000208C000020A400002071
:1064F000A8000020B8000020A027BE3308E6D33350
:1065000045553836380000000D0A2A2A2A2A2A2A38
:106510002A2A2A2A2A2A2A2A2A2A2A2A2A2A2A2ADB
:106520002A2A2A2A2A2A2A2A2A2A2A2A2A2A2A2ACB
:106530002A2A0D0A0000000032323A35353A343149
:1065400000000000417072202038203230323600C6
:10655000410000000D0A536F66745665723A562565
:10656000642E25645F25735F25735F436C617373CD
:1065700025735F4C49525F25642E25642E25645F88
:1065800025643A25643A25640D0A00000D0A446525
:10659000764575693A2530327825303278253032A3
:1065A00078253032782530327825303278253032EF
:1065B00078253032780D0A00C0D600080D0A4170E7
:1065C000704575693A253032782530327825303279
:1065D00078253032782530327825303278253032BF
:1065E00078253032780D0A0010B504F051FCAC4922
:1065F0000968884200D210BD04F04AFCFF30F53033
:10660000A749086008460068A649884202D30020CE
:10661000A3490860A448007A030001F092F9050438
:10662000163394DAF600A1480068A1490968884247
:106630000AD89D48007A002806D19B48C0790228D4
:1066400002D101219848017226E19748403800782C
:1066500040084000944940390870012006F0CAF90A
:1066600005F052FF142000F0F1F9002006F0B4F913
:10667000642000F0EBF900208E49088002218A484E
:10668000017209E104F064FB00281AD004F0A7FBB2
:10669000002816D00321844801728748007800281A
:1066A00007D086A186A0FEF7DFFB87A0FEF7DCFB04
:1066B00048E094A182A0FEF7D7FB93A0FEF7D4FB9D
:1066C00040E07C480088401C7A4908808DA17CA06D
:1066D000FEF7CAFB7748018896A0FEF7C5FB754810
:1066E0000088F0282EDB002072490880724800786C
:1066F000002818D071A172A0FEF7B6FB95A0FEF796
:10670000B3FBFF20F53000F0A1F96CA16CA0FEF7FF
:10671000ABFB9EA0FEF7A8FB04216348017200209A
:10672000654908700EE0A4A165A0FEF79DFBA4A03A
:10673000FEF79AFB02215C48C171042101720A2014
:10674000A7490872A8E0584840380078400840003F
:10675000401C5549403908700020A249087055492D
:106760000880002150480172C1719D484079402144
:10677000884340309A4948714F480078002811D02A
:1067800000204D4908707D20C00000F05FF94BA14A
:106790004BA0FEF769FB94A0FEF766FBFF20F530E7
:1067A00000F054F91E21FF20F530FCF70BFFFF200D
:1067B000F53000F04BF91E21FF20F530FCF702FF09
:1067C000C82000F043F91E217D20C000FCF7FAFE2E
:1067D00062E00A20824908720021334801720221D6
:1067E000C171324800683249096888424FD87D48F3
:1067F0000078401C7B49087008460078052801DDB8
:10680000052008707748007800E044E0030001F0BC
:1068100098F8062B040C141C242B25480068E12151
:10682000C90040182149086025E021480068E1219D
:10683000090140181D4908601DE01D480068E1215C
:10684000490140181949086015E019480068E1211C
:10685000C9014018154908600DE0154800686D49E8
:1068600040181249086006E011480068694940185C
:106870000E49086000BF00BF22A111A0FEF7F4FA84
:106880000B4802680948016863A0FEF7EDFA002092
:1068900006F0B0F800E000BF00BF00BFABE60000AC
:1068A000D0000020005C26051C150020CC00002034
:1068B0005C000020D40000202700002041434B0052
:1068C0000A5B25735D000000666163746F72794D29
:1068D0006F646520436174746C65205368656570EE
:1068E00020547261636B20537465703A4C6F52612F
:1068F00020526567697374657220537563636573AD
:10690000730000004C4F4700436174746C65205362
:106910006865657020547261636B204C6F52612012
:106920005265676973746572205375636365737329
:10693000000000004C6F526157414E20576169744E
:1069400020456E74657220496E204E657420256462
:1069500000000000666163746F72794D6F6465209A
:10696000436174746C65205368656570205472616E
:10697000636B20537465703A4C6F526120526567A7
:106980006973746572204661696C000066616374A6
:106990006F72794D6F646520436174746C65205328
:1069A0006865657020547261636B20537465703A3A
:1069B00045786974000000005741524E0000000005
:1069C0004C6F526157414E20456E74657220496E7E
:1069D000204E65742054696D656F75742100000048
:1069E0006C080020C8000020666163746F72794DE6
:1069F0006F646520436174746C65205368656570CD
:106A000020547261636B20537465703A46696E69F5
:106A100073680000805101005570646174652052F4
:106A200065636F6E6E6563742054696D6573746120
:106A30006D703A20256C642C2054696D6573746107
:106A40006D70204E6F773A20256C640010B50446B7
:106A5000A0B204F00BFF10BD70B504462046F9F754
:106A600073FC85B22946204600F002F870BD000094
:106A7000F8B504460D46002627460CE03046721C49
:106A800096B2395C0748FFF719FB00BF0548FFF7CE
:106A900007FB0028FAD0AE42F0DB0A200249087258
:106AA000F8BD0000003801406C0800201FA1897863
:106AB00070292ED00CDC672929D004DC622918D07B
:106AC00063292ED12BE06C291FD06E2929D108E033
:106AD000722910D074291ED076291ED0792920D190
:106AE00011E012A14978612901D1012000E00620BE
:106AF00019E0022017E00DA14978612901D1032096
:106B000000E004200FE005200DE007200BE0082046
:106B100009E0092007E00A2005E00B2003E00C2033
:106B200001E0002000BF00BF7047000041707220EC
:106B3000203820323032360000BFFEE770B5024602
:106B4000106A400840001062146A556893699B08F7
:106B50009B0018467026B0430E683043034620461B
:106B60000226B043CE6830430446600840004E68B9
:106B700030430446556093618868506300BF1462D7
:106B8000002070BD70B50246106A1026B043106236
:106B9000146A55689369032636021846B0430346C3
:106BA000184607263603B0430E68360230430346C4
:106BB00020462026B043CE683601304304462046A6
:106BC0001026B0434E683601304304465560936149
:106BD0008868906300BF1462002070BD70B50246E3
:106BE000106AFF260136B0431062146A5568D369F3
:106BF0009B089B0018467026B0430E68304303463E
:106C0000204601267602B043CE6836023043044661
:106C10002046FF260136B0434E6836023043044614
:106C20005560D3618868D06300BF1462002070BDD6
:106C300070B50246106A01263603B0431062146A2A
:106C40005568D369032636021846B04303461846F2
:106C500007263603B0430E6836023043034620460B
:106C600001267603B043CE683603304304462046FF
:106C700001263603B0434E68360330430446556060
:106C8000D3618868106400BF1462002070BD704733
:106C9000014600BF0548C068F022104010400009BE
:106CA000034A125C0846D0407047000000100240C2
:106CB0000BD10008014600BF0548C0680722120238
:106CC0001040000A034A125C0846D040704700009A
:106CD000001002401BD10008014600BF0548C068F3
:106CE0000722D2021040C00A034A125C0846D04074
:106CF00070470000001002401BD1000810B500BF13
:106D00001648C0680C210840002806D004280CD082
:106D1000082812D00C2816D111E0FEF725FD400BF3
:106D2000401C01218140CC0315E0FEF70BFD00283B
:106D300001D00B4C00E00B4C0DE00B4C0BE000F0D5
:106D400015F8044607E0FEF70FFD400B401C01213B
:106D50008140CC0300BF00BF204610BD00100240A0
:106D600000093D000024F40000127A00F8B500BFCD
:106D70001448C0680121090408400546002D07D1C8
:106D8000FEF7E0FC002801D00F4C00E00F4C01E0C2
:106D90000F4C00BF00BF00BF0A48C068032189052F
:106DA0000840800D461C0748C0680F218904084030
:106DB000800C0849085C604307463146F9F79AF9A8
:106DC000F8BD00000010024000093D000024F4005E
:106DD00000127A0023D1000830B58BB00446474832
:106DE000FEF7A8FE4548FEF7F3FC00BF4348806865
:106DF0000121090388434149886000BF0846FEF726
:106E0000A3FE002006900A21A068F9F773F9050196
:106E10000A21A068F9F76EF90D43684605770A2143
:106E20006068F9F767F905010A216068F9F762F906
:106E30000D43684645770A212068F9F75BF905019B
:106E40000A212068F9F756F90D4368468577012035
:106E5000C007089006AA01212848FEF7BFFC274872
:106E6000FEF768FE00BF25488068FF210131084316
:106E70002249886000BF0846FEF75EFD00BF1F483C
:106E800080680121090308431C49886000BF012074
:106E900040041B4909680143194A116000BF00BF43
:106EA000114689680143916000BF0F21022000F064
:106EB00001FE022000F06EFD1048FEF745FE11A114
:106EC00011A0FDF7D1FF1248006811494968104A26
:106ED00092680F4BDB6802930392049105900C4873
:106EE0000069401C0A4949690091019009482368DA
:106EF0006268A168FDF7B8FF0BB030BD0028004004
:106F0000000401404C4F47000A5B25735D00000000
:106F1000D809002014D6000810B500BF15488068B5
:106F2000012109030840000B00281CD000BF1148B4
:106F3000C06809110840000A002814D00E480079E2
:106F40002021884320300C4908710A200872094822
:106F5000FEF7F2FC0748FEF7EDFD0648FEF738FCA9
:106F60000448FEF7F1FD012040040449486100BFD8
:106F700010BD0000002800406C0800200004014003
:106F80003EB55448FEF7A2FD0120000452490969AC
:106F900003221204914301434F4A116100BF00BF15
:106FA000104600690121890408431146086100BFA9
:106FB0004848FEF7BFFDFCF75DFE002045498968A3
:106FC000402291430143434A916000BF7F20114614
:106FD000096902049143020411433E4A116100BF52
:106FE000FF2011460969C90BC9030143116100BFA4
:106FF0003A48017E684601723849C8680A21F9F7A3
:1070000079F804013549C8680A21F9F773F80C4387
:107010006846847231490969481C0A21F9F76AF8FF
:1070200004012E490969481C0A21F9F763F80C4349
:1070300068464472294949697D221201881A0A2149
:10704000F9F758F80401254949697D221201881A87
:107050000A21F9F74FF80C436846C47202AA0121CD
:107060001C48FEF7CAFC002000901C4988680A21D1
:10707000F9F740F80401194988680A21F9F73AF844
:107080000C4368460471154948680A21F9F732F83B
:107090000401124948680A21F9F72CF80C436846A4
:1070A00044710E4908680A21F9F724F804010B49D4
:1070B00008680A21F9F71EF80C43684684716A468D
:1070C00001210448FEF7A8FDFCF7E8FD0148FEF7A2
:1070D0003BFD3EBD0028004040100240D809002082
:1070E0007047704710B50020604909684908490099
:1070F00001435E4A116000BF00BF00BF5B480068EB
:10710000C007C00F0028F8D10320C0025849096801
:10711000024691430143564A116000BF00BF5548E3
:107120000068911508435349086000BF00BF00BFC5
:1071300050480068012149020840400A0028F6D062
:1071400088014C4949680722520391430143494A47
:10715000516000BF0020114649680902090A020671
:107160001143444A516000BF00BF424840300069AB
:10717000911508433F494031086100BF01200004D8
:10718000096903221204914301433A4A40321161D2
:1071900000BF00BF00BF37484030006901214902ED
:1071A0000840400A0028F5D000203249C968F02282
:1071B000914301432F4AD16000BF00BF1146C96807
:1071C00007221202914301432A4AD16000BF00BF47
:1071D0001146C9680722D20291430143254AD16072
:1071E00000BF00BF1146C968890889000143D1600A
:1071F00000BF00BF00BF1F48C0680C210840002826
:10720000F8D11D48FEF74AF91B48FEF7D9FD0320C7
:107210000004FEF7B1FA03208004FEF7ADFA002067
:1072200014494031C9680322920291430143114A33
:107230004032D16000BF032000041146C968020932
:10724000FF231B031A40914302011A401143094ACC
:107250004032D16000BF00200649C9680122D20334
:1072600091430143034AD16000BF10BD002002409A
:107270000070004000100240C0FD0F007047000089
:10728000F0B587B08D480068401C8C4908608C4878
:107290000068401C8A4908608A480068002810D0AD
:1072A00088480068401E8749086008460068002832
:1072B00007D18548C0898549C881814800688449CB
:1072C00008607E4800683B287EDD00207B4908601E
:1072D00008464068401C486005F024FC7A48007865
:1072E000012847D1764800687A49884242D97348D4
:1072F00080687549897988423DD1704840687249F3
:10730000097A884237D1704840887049C8816C48F2
:1073100000686F4908606C48807A6B498979441A23
:107320006948007B6849097A471A002C02DA20462E
:10733000183004B23C216143C819F9F743FA0546F5
:107340000022654BF9F75EF9039102903C216143FD
:10735000C9193C2251430846F9F734FA01910090CB
:10736000039B029AF9F79AF805910490F9F770FADD
:107370005449086042E0514881685348C0798142CD
:107380003CD14E4841685048407A814236D14E48FF
:1073900080884E49C8814A4800684D4908604A487B
:1073A000C17AC0790C1A4848417B407A0F1A002CE8
:1073B00002DA2046183004B23C216143C819F9F7BB
:1073C00001FA0546002200E076E0434BF9F71AF98E
:1073D000039102903C216143C9193C225143084664
:1073E000F9F7F0F901910090039B029AF9F756F82A
:1073F00005910490F9F72CFA324908602F4840684B
:107400003B2859DD00202D49486008468068401C13
:1074100088600846806817284EDD0020886008468E
:10742000C068401CC86008468069401C88610846E6
:107430008069062801DD00208861204800698000FD
:107440002649085C264908701C484569E817800FE2
:10745000401980108000281A06D118494869642113
:10746000F8F75EFE002907D114494869FF219131E0
:10747000F8F756FE002908D110480069012804D108
:1074800017480078401C164908700C48C068144919
:107490000978884210DD01200849C8600846006963
:1074A000401C0861084600690B2805DD00200861C2
:1074B00008464069401C486107B0F0BDD80900206B
:1074C0005C000020640000208C0500206C08002077
:1074D0004000002080904E6400000440B8D00008B6
:1074E0006000002010B544480068401C4249086014
:1074F00042480088401C4149088041480068401CBF
:107500003F4908603F480068401C3E4908603E48CB
:107510000089002805D03C480089401E81B23A48C5
:1075200001813A480089002805D038480089401E6A
:1075300081B23648018136488088002805D0344819
:107540008088401E81B2324881803248808A00287B
:1075500004D03048808A401E2E4988822E48008DF3
:10756000002805D02C48008D401E81B22A48018594
:107570002A480088002804D028480088401E27494F
:107580000880204800687D21C900884207D3002078
:107590001C49086022480068401C214908602148B5
:1075A0000078401C1F49087008460078052803DD54
:1075B0000020087001F0C8F90F4800687D21C9005B
:1075C000884215D300200C490860FFF759FE104887
:1075D000808800280CD11448007A002808D013486D
:1075E0000078002804D11048007A401E0E49087225
:1075F000FEF7B4FD10BD0000680000205800002018
:107600004C000020540000200E0E0020040C00202E
:10761000040B002058120020580E00201A000020F1
:10762000500000206C0000206C0800202700002083
:1076300008B501201149496B0143104A51631146B5
:10764000496B0140009100BF00BF00071146896BE4
:10765000014391631146896B0140009100BF00BF57
:1076600000BF07480068911508430549086000BF3E
:107670000321081F00F0E2F908BD000000100240DD
:107680000070004010B500BF09480069C007C00F76
:10769000012148404840002808D0FDF709FC00BF00
:1076A0000120C0430249086100BF00BF10BD0000B7
:1076B0000008014010B500BF08480069C007C00FAE
:1076C000012148404840002806D000BFC81E034999
:1076D000086100BFFFF706FF10BD0000001000406A
:1076E0007FB504460D460020009001900290039063
:1076F0001020FDF723FC0121112000F0DBF91120FF
:1077000000F048F9681E6946088000200190601E5C
:1077100002901048FEF7A0FB0E48FEF792FB0021F6
:107720000C48FEF7FFFB0B48FEF786FB0948FEF707
:107730008DFB00BF074800680221884305490860A7
:1077400000BF00BF0846C068012108430149C86066
:1077500000BF7FBD0010004010B51248FEF79AFC34
:10776000002815D000BF0F49496AC9B208460E4922
:10777000C988FF290BDA0C49CA88C988491C8BB211
:107780000949CB80FA3988541422FA310A8100BFA2
:107790000448FEF777FC002802D00248FEF7C8FB39
:1077A00010BD000000380140040C002010B51A483C
:1077B000FEF770FC002815D000BF1749496AC9B20E
:1077C00008461649C988FF290BDA1449CA88C988AE
:1077D000491C8BB21149CB80FA3988541422FA31F2
:1077E0000A8100BF0C48FEF74DFC002802D00A4871
:1077F000FEF79EFB00BF0848C06908210840C0088A
:10780000002805D000BF08200349086200BF00BF60
:107810000A200349087210BD004400400E0E0020EB
:107820006C08002000BF0A48C06880210840A021E1
:10783000C94308430649C86000BF00BF00BF0448F1
:10784000C0682021084040090028F7D00020704778
:10785000002800400FB47CB50C0009AD01D0611EBA
:1078600000E0002101910090074B6A4629460898E4
:1078700000F0D6FA002C02D0009A002111707CBCD6
:1078800008BC04B0184700005D8500080FB410B5AF
:1078900004A9074B02AA039800F0C2FA044602A901
:1078A000002000F066FE204610BC08BC04B018475B
:1078B000738500087CB51D4616460C0001D0611E7C
:1078C00000E0002101910090054B6A4629463046B0
:1078D00000F0A6FA002C02D0009A002111707CBDA5
:1078E0005D8500082021020C01D010211046020AFB
:1078F00001D010460839020901D01046091F82083C
:1079000001D01046891E420801D0881E7047081A0F
:107910007047F8B582B28BB2040C0D0C1046584378
:10792000002126465E43370C3604801979411646FD
:107930006E43370C36048019794126466E43891907
:10794000F8BD30B47446641E2578641CAB4204D381
:10795000635D5B00E31830BC18471D46F8E7000084
:1079600013B501984000400D0349884201D0012021
:107970001CBD0020FCE70000FF070000002805DB1D
:10798000C206D20E01219140014A116070470000E9
:1079900000E100E0002805DBC206D20E0121914083
:1079A000014A11607047000000E100E0002805DB9B
:1079B000C206D20E01219140014A116070470000B9
:1079C00000E100E010B5002819DB1A4A03231B026E
:1079D000D21883089B00D2588307DC0EFF23A340F4
:1079E0009A438B071B0E8407E40EA3401A43114BE6
:1079F000032424021B198408A4001A5118E00E4A1B
:107A000003071B0F083B9B089B00D2588307DC0E23
:107A1000FF23A3409A438B071B0E8407E40EA34069
:107A20001A43054B0407240F083CA408A4001A516C
:107A300010BD000000E100E01CED00E010B50028E2
:107A400019DB1A4A03231B02D21883089B00D25861
:107A50008307DC0EFF23A3409A438B071B0E84078A
:107A6000E40EA3401A43114B032424021B1984087B
:107A7000A4001A5118E00E4A03071B0F083B9B088D
:107A80009B00D2588307DC0EFF23A3409A438B0749
:107A90001B0E8407E40EA3401A43054B0407240F72
:107AA000083CA408A4001A5110BD000000E100E049
:107AB0001CED00E010B5002819DB1A4A03231B0255
:107AC000D21883089B00D2588307DC0EFF23A34003
:107AD0009A438B071B0E8407E40EA3401A43114BF5
:107AE000032424021B198408A4001A5118E00E4A2A
:107AF00003071B0F083B9B089B00D2588307DC0E33
:107B0000FF23A3409A438B071B0E8407E40EA34078
:107B10001A43054B0407240F083CA408A4001A517B
:107B200010BD000000E100E01CED00E010B50028F1
:107B300019DB1A4A03231B02D21883089B00D25870
:107B40008307DC0EFF23A3409A438B071B0E840799
:107B5000E40EA3401A43114B032424021B1984088A
:107B6000A4001A5118E00E4A03071B0F083B9B089C
:107B70009B00D2588307DC0EFF23A3409A438B0758
:107B80001B0E8407E40EA3401A43054B0407240F81
:107B9000083CA408A4001A5110BD000000E100E058
:107BA0001CED00E000487047E400002030B50028DC
:107BB00005D0164C021F20680023014605E0084648
:107BC00030BD904203D8034640680028F9D1002B0D
:107BD00000D05968002B0AD01C68D51AA54204D1E0
:107BE0001268A4181A461C6002E05A6000E0226085
:107BF000002807D01468851AA54203D105686419C6
:107C0000146040685060184630BD0000DC00002061
:107C1000EFF3108070470000F1B50E4C0F480C4E8A
:107C2000001B0D4FC508ED0000221146009803F01F
:107C30005DF9002803D13068002801D00020F8BD8C
:107C40003C6000202560606001203060ECE70000AF
:107C5000E00000207C150020DC00002078160020C9
:107C60000148006870470000E400002002E008C8F6
:107C7000121F08C1002AFAD170477047002001E0A6
:107C800001C1121F002AFBD1704780F31088704792
:107C90000149086070470000E4000020F0B51FB4FF
:107CA00086B00998089A030D0021024314D0514868
:107CB000514A1818504305141198012810981AD0E9
:107CC000281A401C00264D4F4D4900960191049002
:107CD000002812DA444211E01198012449A3012836
:107CE00001D11098C1430698119A84600360C26064
:107CF00041600BB0F0BD4042E4E70446210500209E
:107D00003F4A001C51410391029012E0E00707D066
:107D100032463B4601990098F8F774FC01910090B7
:107D200032463B4610461946F8F76CFC06460F46AD
:107D30006410002CEAD10498039B0028029A099948
:107D4000089806DAF8F75EFC019B009AF8F75AFCEF
:107D500005E0F8F7BFFC019B009AF8F7BBFC04466E
:107D60000E460022284BF8F7A5FD03D80020C0439B
:107D7000014607E00022254B20463146F8F78EFBEE
:107D8000F9F7D6FA102409E0002C0ADB0A220023B6
:107D9000F8F7DAF9079B30321A55641E02460A4397
:107DA000F2D11122641C079B121B1C19119B012B81
:107DB00003D0012308430ED10AE0084304D0112068
:107DC00010900020119077E71098151A6D1E0BE0A7
:107DD0001098824202DD00236D1C03E0824201DA2A
:107DE00000236D1E002BEED0069811998260C160B1
:107DF00030C07EE701FCFFFF104D00000000144082
:107E00000000F03F300000000000F0430000E03FC1
:107E100030380A2801D20120704700207047000046
:107E2000FFB597B0064600251BE2252876D1002431
:107E30002746F749049400E00443761C3278012079
:107E4000203A90400842F7D130782A280ED00222FA
:107E5000307801463039092916D804990A23594344
:107E6000303940181443761C0490F1E7189802C882
:107E700004911890002904DA012040030443484289
:107E8000049002200443761C30782E2814D104205C
:107E900004437078761C2A2809D11898761C80C86B
:107EA000189009E00A214F43303FC719761C3078FB
:107EB000014630390929F5D930786C2810D006DC14
:107EC0004C281AD068280ED06A2817D104E07428EC
:107ED00013D07A2812D110E00120400504430CE0B1
:107EE0000121090501E0032109050C437178814254
:107EF00003D1012000052418761C761C30786628F2
:107F00000BD013DC58287DD009DC00287BD0452815
:107F1000F6D04628F4D047281AD1A9E118E0632802
:107F200035D0642870D0652812D1A1E170286CD0BA
:107F300008DC6728F1D069287DD06E280DD06F2825
:107F400006D1BCE073282ED0752873D0782859D07C
:107F50001A9A199990476D1C82E16002400F02281D
:107F600009D003280DD00428189801680DD00D60A1
:107F7000001D189074E11898EA1701680D604A60B6
:107F8000F6E7189801680D80F2E70D70F0E7189891
:107F90006A4601781172001D18900020507202A8E4
:107FA0000090012005E0189802C818900020009168
:107FB000C04361070ED5002101E00199491C0191E0
:107FC000B94213DA8142F8DB019A0099895C0029F1
:107FD000F3D10BE0002101E00199491C019181429C
:107FE000FADB019A0099895C0029F5D1019904987E
:107FF0001A9B471A21463846199A00F099FA4019F7
:10800000019903E051E030E115E050E0451807E048
:10801000009800990078491C00911A9A1999904784
:108020000198401E0190401CF2D1214638461A9B0F
:10803000199A12E137E00A200021009001916002B4
:10804000410F022907D0189A01CA1892C217944604
:10805000032908D00AE01898C01DC108C90005C945
:108060001891944607E000B2C2179446042902D141
:1080700040B2C1178C4600226146944506DA0A4692
:108080000021404291418C462D2102E0210504D57A
:108090002B216A461173012103E0E10701D0202161
:1080A000F7E7029156E00A200AE0102008E01020CD
:1080B00000900021042004430191082703E00820D8
:1080C0000021019100906002410F022907D0189A07
:1080D00001CA189200229446032908D008E0189893
:1080E000C01DC108C90005C91891944603E080B2BB
:1080F000042900D1C0B20021029121072AD531788C
:108100000D91702906D0009A1021019B4A401A4314
:1081100005D00EE040216A461173012108E0614656
:10812000014306D030216A4611730D995173022123
:108130000291009A0821019B4A401A430AD16146E4
:10814000014301D1610705D530216A461173012130
:108150007F1E02913178582904D02EA10E910DA9CD
:108160000D910DE030A1F9E76146019B009AF7F708
:10817000EBFF0E9B8C469B5C0D9A521E0D9213706A
:1081800061460143F0D10D9805A9081A20300190ED
:10819000600703D501200004844300E00127019813
:1081A000874201DD381A00E0002001990090411853
:1081B000029809180498401A0490E00306D4214656
:1081C0001A9B199A049800F0B3F94519002706E0A4
:1081D00003A81A9AC05D199990476D1C7F1C0298DC
:1081E0008742F5DBE0030CD521461A9B199A0498C7
:1081F00000F09EF9451904E01A9A30201999904729
:108200006D1C0099481E00900029F5DC1FE000005D
:10821000092801003031323334353637383961625C
:108220006364656600000000303132333435363720
:108230003839414243444546000000000D980D99ED
:108240000078491C0D911A9A199990476D1C019953
:10825000481E01900029F1DC4DE100F059F9451963
:10826000761C3078002800D0DFE528461BB0F0BD32
:10827000600700D406271898C01DC108C9004868C7
:108280000A680831C30FDB071891190001D09CA1BF
:1082900008E0210501D59BA104E0E10701D09AA1E6
:1082A00000E09AA14300109130785B0865280CD05B
:1082B00006DC452809D046281DD0472841D141E099
:1082C000662818D067283CD13CE00021112F01DB43
:1082D000112000E0781C0191009008A911A8FFF777
:1082E000DDFC139905910021119A15927F1C1298BB
:1082F0000197009150E00120C007039001200190F8
:1083000008A9009711A8FFF7C9FC139A14990592C0
:108310000022119B009212981593059A0192002950
:1083200001D0104602E0791C40180190381A01D59E
:10833000019804E04042401E0090781C0190C01B50
:10834000029043E0012F00DA01270021112F01DD07
:10835000112000E038460191009008A911A8FFF70C
:108360009DFC13990591119A002112981592009184
:10837000019721070CD40599B94201DB019900E06E
:108380000191012904DD159A491E515C302906D05E
:10839000B84201DA011D05DA0121029115E00199C7
:1083A000491EEDE7002805DC00994118009101996C
:1083B000091A03E0019A411C914200DD01910099E4
:1083C000401A401C02900120C0070390200706D4E9
:1083D00002990198814202DB0020C04302900020F4
:1083E0006946C87707AF012103980337C907884258
:1083F00024D0022011902B201290039800280CDA30
:10840000404203902D20129007E00A210398F7F7CD
:1084100071FE30317F1E039039701199481E119002
:108420000029F2DC03980028EFD1791E1298087019
:108430003078202108404530BF1E387006A8C01B88
:10844000C01D039010980078002800D001200199E9
:1084500041180298C0170918039809180498401A7F
:10846000401E0490E00306D421461A9B199A0498F2
:1084700000F05EF8451910980078002803D01A9A89
:10848000199990476D1CE00324D521461A9B199A2F
:10849000049800F04DF845191CE00098002807DB0F
:1084A00000990598884203DD1598405C199901E010
:1084B000199930201A9A904700986D1C401C009022
:1084C0000298401E0290002804D11A9A2E20199971
:1084D00090476D1C0199481E01900029DDDC05E0E4
:1084E00038781A9A7F1C199990476D1C0399481E79
:1084F00003900029F4DC21461A9B199A0498ACE6F3
:108500002D0000002B0000002000000000000000F3
:10851000F8B5044600251E461746880404D405E035
:1085200039462020B0476D1C641EF9D52846F8BD99
:10853000FFB50446002581B01E46C80301D530278B
:1085400000E02027880404D505E038460399B047A9
:108550006D1C641EF9D5284605B0F0BD4A68002A96
:1085600006D00A68531C0B6010704868401E4860B3
:1085700070470A68531C0B601070704770B5054651
:108580000C460026002C03D0002D01D0A54201D1BD
:10859000002070BDAE68002E04D1AC606460002085
:1085A000206008E07068002805D02146706804F05B
:1085B000B5FAA86844600120EBE7FEB505460E4613
:1085C00014461F46002001900090002D05D0002E7B
:1085D00003D0002C01D0A54201D10020FEBD089897
:1085E000002809D0304600F0C9FA01900121490263
:1085F000E068084300900DE03946304600F0A4FAE8
:1086000001900198002800D1E8E701214902E068C3
:108610008843009001214902E0680840002805D104
:10862000206A002802D0206A796888470198206271
:108630000098E06021462846FFF7A0FFCEE730B55E
:1086400083B00446FFF70CFB05460020009002466D
:10865000019021466846F8F75CFD2846FFF718FBB5
:108660000199009803B030BD10B58C000346083363
:108670001A5110BD70B50446606880470546E07821
:108680004007400F002802DD2088401C2080E07851
:10869000C009A8421CD0E07838218843E1788906D7
:1086A000490F491CC900382211400843E070800678
:1086B000400F032810DBE07880218843E901802205
:1086C00011400843E070E07838218843E07003E00F
:1086D000E07838218843E070E0784007400F0300DD
:1086E000FFF72FF906042858AEF3D0F3E078C0095D
:1086F000E1784906C90F884216D1A078F021884355
:10870000A070A068002802D02046A16888470020F9
:108710002080A07800090001401CA070E078C0080B
:10872000C000401CE07004E0A078F0218843803055
:10873000A070CAE0E078C009E1784906C90F884214
:1087400012D0A078F02188431030A070E068002893
:1087500002D02046E168884700202080E078C008E9
:10876000C000801CE07014E020884B21C9008842C2
:108770000FDDA078F02188435030A070E069002818
:1087800002D02046E1698847E078C008C000401D5B
:10879000E0709AE0E078C009E1784906C90F8842A4
:1087A00025D1A078F0218843A070A068002802D0CD
:1087B0002046A1688847A07800090001A178491CDB
:1087C0000907090F0843A070A078F02188432030E2
:1087D000A0702069002802D0204621698847002027
:1087E0002080E078C008C000C01CE07027E020882E
:1087F0003C2824DDA0780007000F01280BD1A078C9
:10880000F02188433030A0706069002813D02046E2
:10881000616988470FE0A0780007000F02280AD19D
:10882000A078F02188434030A070A069002802D0D1
:108830002046A1698847E078C008C000E07044E0A5
:10884000E078C009E1784906C90F884219D0A078BC
:10885000F02188431030A070E068002802D0204644
:10886000E168884720883C2807DA00202080E078EB
:10887000C008C000801CE07003E0E078C008C000C1
:10888000E07022E0E078C009E1784906C90F88422B
:108890000BD1A078F02188436030A070206A0028B6
:1088A00012D02046216A88470EE0A078F021884344
:1088B0001030A070E068002802D02046E1688847A8
:1088C000E078C008C000E07000BF00BF70BDF8B520
:1088D00004460D46164628212046F7F716FDA078D7
:1088E000F02188438030A070656060688047C001D7
:1088F000802108400746E07888433843E070E078FC
:1089000040218843B101402211400843E070F8BD86
:1089100000B502F011FAC0B200BD000001460948DE
:10892000026805E08A4202D10020C0437047526AC3
:10893000002AF7D10348006848620248016000201D
:10894000F4E700007400002010B50548046803E057
:108950002046FFF78FFE646A002CF9D110BD00009D
:1089600074000020FEB506460F4614461D462046FC
:10897000294600F031F801900020084B009039465C
:108980003046019AFFF719FE002801D00198FEBD7C
:10899000019800F07FF80020F9E700008000002037
:1089A000F8B505460E461446204600F057F807462F
:1089B0000020084B3A46314600902846FFF7FDFD5F
:1089C000002801D03846F8BD384600F063F8002092
:1089D000F9E700008000002070B505460E461348F8
:1089E00000F08EF80446002C1DD00820E060E661FF
:1089F000A5610F4A0F4B28463146F7F75BFF02D8B7
:108A00000D4860610FE000220C4B28463146F7F715
:108A10003DFF03D80120C007606104E028463146CD
:108A2000F7F7F2FE6061204670BD00008000002074
:108A30000000C0FFFFFFDF41FFFFFF7F0000E0C13C
:108A400010B5054800F05CF80446002C01D0402029
:108A5000E060204610BD00008000002070B5054693
:108A60000B4800F04DF80446002C0ED01020E060BA
:108A70000749284600F068F820612069002804D1E1
:108A8000204600F007F8002070BD2046FCE70000FB
:108A90008000002070B5044600252BE02568FF21EA
:108AA0000131E0680840002805D1A068002802D004
:108AB000A068FFF7EFFFFF210131E06808400028C0
:108AC00006D12069002803D00C4A206951688847E4
:108AD00001214902E0680840002806D1206A0028E8
:108AE00003D0064A206A51688847044841682046F6
:108AF00088472C46002CD1D170BD0000800000209A
:108B000070B504462820216888470546002D04D00A
:108B1000282200212846F7F7FAFB284670BD0000FE
:108B200010B50446024A0021204603F08DF810BD1E
:108B30008000002010B5044602484168204688475E
:108B400010BD000080000020F8B504460D46002648
:108B50000027002C00D1F8BD2046F7F7F5FB461C96
:108B60003046296888470746002F00D1F3E7324690
:108B700021463846F7F7AEFB3846ECE77047000071
:108B800070B504460025032204492046F7F7E3FBAD
:108B9000002800D00125284670BD00008FD00008B5
:108BA000FFB581B004461D46002C14D0002A12D017
:108BB000002D10D0029E002E0DD02846EE0F361844
:108BC00076107600AE1B06D1EE0F76197710009561
:108BD000029EB74202DD002005B0F0BD0021002357
:108BE00000BF50E0505C612808DB505C662805DC63
:108BF000505CC01F0007000EE05418E0505C412894
:108C000008DB505C462805DC505CC01F0007000EE6
:108C1000E0540CE0505C302807DB505C392804DC61
:108C2000505C0007000EE05401E00020D4E7481C2F
:108C300081B2505C612808DB505C662805DCE05C92
:108C4000565C80195738E05419E0505C412808DB25
:108C5000505C462805DCE05C565C80193738E054EF
:108C60000DE0505C302808DB505C392805DCE05C06
:108C7000565C80193038E05401E00020ACE7581C05
:108C800083B2481C81B2A942ACDB1846A4E7FFB509
:108C900081B007460D46164600200090002F04D0F4
:108CA0003846F7F751FB002801D105B0F0BD002D83
:108CB00004D02846F7F748FB002800D1F5E72946FD
:108CC0003846F7F75FFB044608E010C60098401CE2
:108CD000009029460020F7F755FB0446002CF4D1FC
:108CE00004990098086000BFDFE7FEB507460D460F
:108CF00000263C463846F7F727FBC0B2009025E037
:108D0000002001901EE02078302804DB20783928EC
:108D100001DC2078A8552078412804DB20785A28E7
:108D200001DC2078A8552078612804DB20787A2897
:108D300001DC2078A855641C701CC6B20198401C48
:108D4000C0B20190009901988842DCDB20780028AD
:108D5000D6D1FEBDF0B589B004460D4616461F4675
:108D60003046394649004908059104902046294675
:108D70004900490803910290059B049AF7F79AFD70
:108D800004D2204629464900490803E030463946C6
:108D9000490049080791069000220E4B0799069852
:108DA000F7F730FC32463B460591049020462946B1
:108DB000F7F719FC019100904900490803910290CE
:108DC000059B049AF7F762FD02D8012009B0F0BDB7
:108DD0000020FBE70000B03CF8B504460D462046F5
:108DE00002F0ACF80746002F06D0012F05D0022F65
:108DF00023D0032F61D140E060E01821615E24227E
:108E0000A25E8818C10F091849100EB20C20285E06
:108E1000B04211DD0020285EB0420DDA2848C06A59
:108E2000401C2749C86227A127A0FCF71DF8244849
:108E3000C16A27A0FCF718F840E01A22A25E262398
:108E4000E35ED018C10F091849100EB20E21695EF9
:108E5000B14211DD0220285EB0420DDA1848C06A26
:108E6000401C1749C86217A117A0FBF7FDFF144863
:108E7000C16A1FA0FBF7F8FF20E01C22A25E282396
:108E8000E35ED018C10F091849100EB21021695EB7
:108E9000B14211DD0420285EB0420DDA0848C06AF4
:108EA000401C0749C86207A107A0FBF7DDFF044883
:108EB000C16A17A0FBF7D8FF00E000BF00BFF8BDF4
:108EC0006C0800204C4F47000A5B25735D000000D2
:108ED000616374696F6E2078206178697320746FA4
:108EE00074616C20737465703A2025640000000082
:108EF000616374696F6E2079206178697320746F83
:108F000074616C20737465703A2025640000000061
:108F1000616374696F6E207A206178697320746F61
:108F200074616C20737465703A2025640000000041
:108F3000F0B58BB004460F462068007800280BD0AF
:108F400060680078002807D0A0680078002803D067
:108F5000E0680078002802D101200BB0F0BD206845
:108F6000FFF76DFB059104900022384B059904989A
:108F7000F7F7B0FB08AA0191009002F0F1FC002283
:108F8000324B03910290F7F73DFB079106900022C8
:108F90002F4B07990698F7F79DFB03910290099BC9
:108FA000089AF7F77BFA05910490606800785328D7
:108FB00006D10122D20705995140049805910490E9
:108FC000A068FFF73CFB05460E4600221F4B2846D3
:108FD0003146F7F77FFB08AA0191009002F0C0FC30
:108FE00000221A4B03910290F7F70CFB07910690B1
:108FF0000022174B07990698F7F76CFB0391029034
:10900000099B089AF7F74AFA05460E46E068007889
:10901000572804D130460121C90748400646059922
:109020000498FEF79DFC002805D028463146FEF73F
:1090300097FC002801D102208FE705990498F96078
:10904000B8607E613D61002087E700000000594064
:1090500000004E40F8B504460D4600260027002CBF
:1090600002D02068002801D10020F8BD60680028E7
:1090700005D06168A068884201D30020F5E7254843
:10908000854201D90020F0E7A068401C45196068BE
:10909000A84203D3A16820684018E6E720690028A9
:1090A00001D00020E1E71C48854206D919488542D5
:1090B00001D8074602E00020D7E76F00206A0028A9
:1090C0000DD03946226A206890470646002E1CD1F2
:1090D000E16920688847002060602060C5E7384665
:1090E000A16988470646002E06D1E16920688847B5
:1090F000002060602060B8E7A068421C304621680C
:10910000F7F7E8F8E1692068884767602660A0689B
:109110008019AAE7FFFFFF7FFFFFFF3F7047FEB503
:1091200005460E460027002001900090002415E01F
:109130000C206043285AC01907B20C206043401924
:1091400041880198081800B201900C206043401932
:1091500081880098081800B20090641C052CE7D3A1
:1091600005213846F6F7DCFF00B230800521019872
:10917000F6F7D6FF00B2708005210098F6F7D0FF11
:1091800000B2B080FEBD0000F3B5BFB0C8210DA88D
:10919000F7F7BBF85AA13F98F7F7C2F8002860D05C
:1091A0005B4880798007C00F002801D041B0F0BD36
:1091B0005748807902218843801C55498871554859
:1091C000807A5449497A534A127A524BDB79039395
:1091D0000492059106904F48817940794D4A127961
:1091E0000092029101904B48C3784BA2102109A82C
:1091F000FEF730FB0027FFF723FC074609AA4FA123
:109200003846FFF7CDFB4FA103C908910790042012
:1092100003464EA20721009007A8FEF71BFB07AAF2
:109220004DA13846FFF7BCFB4E480068F7F7DEFA61
:1092300005462A460B464CA13846FFF793FB3846B5
:10924000FFF76EFC04462046FAF778FA002C02D0AD
:109250002046FFF76FFC002F02D03846FFF71AFCBC
:109260004CE044A13F98F7F75BF8002810D028485D
:1092700080798007C00F002800D197E724488079C3
:1092800002218843224988710020F8F723FB35E04A
:109290003DA13F98F7F744F8002803D00020F8F7E5
:1092A00019FB2BE03AA13F98F7F73AF8002825D0B0
:1092B00078213948F7F729F835A13F98F7F730F8C2
:1092C000841D00200C900CAB334A34A12046FFF7DC
:1092D000DEFC0C98022810D12F490868F7F7D0F867
:1092E0000C902D494868F7F72FF885B22A482B468D
:1092F000C82142680DA8FFF753FC00BF00BF55E727
:109300002B424C455F434F4E4E454354454400006D
:109310006C080020DC1400202530327825303278AB
:109320002530327825303278253032782530327841
:1093300025303278253032780000000044657645CB
:10934000756900007630392E31310000762532649F
:109350002E2532640000000076657273696F6E43DB
:109360006F6465005C00002074696D657374616DE5
:10937000700000002B424C455F444953434F4E4E12
:1093800045435445440000002B57414B4555500080
:109390002B444154413D0000641400202C00000087
:1093A000F8B505460F460020009078211A48F6F7D8
:1093B000ACFF6B46184A19A12846FFF768FC002449
:1093C00024E0A100144A505815A1F6F7A9FF00287F
:1093D0001BD0A100104A5058F6F7B6FF0646A00071
:1093E0000D4A115832460F48F6F774FF78210A48A3
:1093F000F6F78BFF6B46084A0BA10A48FFF747FCBC
:109400000A49054802F09EFF03E0641C009884426C
:10941000D7DB00BFF8BD000064140020240000006A
:10942000524D4300D00800202C00000038090020D5
:1094300003B595B01E20FE490872FEA11598F6F7F7
:109440006FFF002834D01698182831D816981528A0
:109450002ED3FEA11598F6F763FF14901498401CC4
:10946000F7F70EF880B213902D2149011398884226
:1094700002DC13980A2802DA1398002810D1EC496C
:1094800013984881F2A1F3A0FBF7EEFCE84840896D
:1094900001461290F1A0FBF7E7FCFAF7FFFF03E0AB
:1094A000F6A1ECA0FBF7E0FCF6A0FBF7DDFCFDE38A
:1094B000FEA11598F6F734FF002834D01698162828
:1094C00031D8169813282ED3E0A11598F6F728FF67
:1094D00014901498401CF6F7D3FF80B213902D21FE
:1094E00049011398884202DC13980A2802DA13987B
:1094F000002810D1CE4913984881F1A1D5A0FBF7DF
:10950000B3FCCB48408901461290EEA0FBF7ACFCBF
:10951000FAF7C4FF03E0EAA1CEA0FBF7A5FCF1A097
:10952000FBF7A2FCC3E7F7A11598F6F7F9FE0028B0
:109530007BD0F7A11598F6F7F3FE0028F8D0F7A135
:109540001598F6F7EDFE0028F2D07821F648F6F7E8
:10955000DCFEF6A11598F6F7E3FE139000201290BA
:10956000119012ABF04AF5A11398FFF790FB1298F7
:1095700008287DD1D2A1B7A0FBF776FCF0A0FBF7BD
:1095800073FCE9480068B1A11090F6F7C9FE149089
:109590001498401CF6F7D8FE002817D01498401CE9
:1095A000F6F7D2FE032811D81498401CF6F768FF8E
:1095B000E8494870C2A1A7A0FBF756FCE5484078EF
:1095C00001461090E4A0FBF74FFC03E0BCA1A1A072
:1095D000FBF74AFCE7A0FBF747FCD34840689BA198
:1095E0001090F6F79DFE14901498401CF6F7ACFE10
:1095F00006281FD1E6A000681090149B5B1CE5A212
:10960000032110A8FEF726F910A8F6F739FF7D21EF
:10961000C9004843CF49C864A9A18EA0FBF724FC28
:10962000CC48C06C01460F9000E078E3DAA0FBF76D
:109630001BFC03E0A2A187A0FBF716FCCDA0FBF763
:1096400013FCB948806881A11090F6F769FE149068
:109650001498401CF6F778FE07281BD1D5A1149862
:10966000401CF6F75DFE002805D00020B94900E057
:109670004BE3887002E00220B649887090A175A083
:10968000FBF7F2FBB348807801461090CAA0FBF7C5
:10969000EBFB03E08AA16FA0FBF7E6FBCDA0FBF795
:1096A000E3FBA148C06869A11090F6F739FE401CA1
:1096B00014901498F6F748FE08283DD10020119028
:1096C0000DE0A4480B3011994018109014984018E0
:1096D0000F901099FFF709FB1198401C11901198F9
:1096E0000828EEDB5AA15BA0FBF7BEFB9948807C03
:1096F0009849497C974A127C964BDB7B01930292F6
:10970000039104909348807B00909248407B109096
:109710009048007B0F908F48C07C0E900146B4A00B
:10972000109B0F9AFBF7A0FB65A14AA0FBF79CFBDF
:10973000BBA0FBF799FB03E061A146A0FBF794FBFC
:10974000BDA0FBF791FB7848006940A11090F6F7A7
:10975000E7FD401C14901498F6F7F6FD102852D13E
:10976000002011900DE07B481330119940181090A3
:10977000149840180F901099FFF7B7FA1198401CF1
:10978000119011981028EEDB31A132A0FBF76CFB91
:1097900070481330C17B827B407B6E4BDB7F09932B
:1097A0000B920C910A906B48817F427F007F694B3E
:1097B000DB7E05930792089106906648807E654996
:1097C000497E644A127E634BDB7D019302920391D2
:1097D00004906048807D00905E48407D10905D4818
:1097E000007D0F905B48C07C0E9001469A48109B0C
:1097F0000F9AFBF739FB32A116A0FBF735FB97A0B8
:10980000FBF732FB03E02EA112A0FBF72DFB99A082
:10981000FBF72AFB444840690CA11090F6F780FD45
:10982000401C14901498F6F78FFD042832E10000D4
:109830006C080020536574205265706F7274204963
:109840006E74657276616C3A000000003A000000A8
:109850004C4F47000A5B25735D000000526563763C
:109860002055617274205265706F727420496E7455
:10987000657276616C3A2025646D00004552524F46
:109880005200000052656376205561727420526563
:10989000706F727420496E74657276616C205061CD
:1098A00072616D204552524F52000000736574443E
:1098B00061746153796E63506572696F643A000038
:1098C00041434B007365744461746153796E635016
:1098D0006572696F643A2025646D696E200D0A20F7
:1098E0004F4B00007365744461746153796E63502B
:1098F0006572696F6420506172616D204552524FEC
:10990000520000004C6F526157414E506F7274000C
:109910004C6F526157414E46726571004C6F5261F7
:1099200057414E4A6F696E00641400204C6F5261BB
:1099300057414E506F72743A000000002C00000036
:109940007365744C6F526157414E506172616D2066
:109950004F4B0000DC1400207365744C6F5261574C
:10996000414E506F72743A202564200D0A204F4BEF
:10997000000000007365744C6F526157414E506F88
:10998000727420506172616D204552524F52000036
:1099900038363800257300007365744C6F52615778
:1099A000414E467265713A202564200D0A204F4BC6
:1099B00000000000410000007365744C6F52615755
:1099C000414E4A6F696E3A202564200D0A204F4BA4
:1099D000000000007365744C6F526157414E4A6F2E
:1099E000696E20506172616D204552524F520000E5
:1099F0004170704555493A20253032782025303263
:109A00007820253032782025303278202530327881
:109A100020253032782025303278202530327800E9
:109A20007365744C6F526157414E415050455549D2
:109A3000200D0A204F4B00007365744C6F52615724
:109A4000414E41707045554920506172616D20450D
:109A500052524F5200000000C4D200087365744C8B
:109A60006F526157414E4150504B4559200D0A20CD
:109A70004F4B00007365744C6F526157414E41501B
:109A8000504B455920506172616D204552524F52E2
:109A90000000000033D1002011900CE0FE48119925
:109AA00040181090149840180F901099FFF71DF966
:109AB0001198401C119011980428EFDBF749081DFC
:109AC000FBF7D2F9F448C0780090F3488078109002
:109AD000F14840780F90F048C01EC0780E900146C3
:109AE000EFA0109B0F9AFBF7BFF9EC4970310846C5
:109AF0006C38FBF7B9F9F2A0FBF7B6F905E0E749D6
:109B0000703108466C38FBF7AFF9F3A0FBF7ACF9FE
:109B1000F9488069F9A11090F6F702FC401C1490F6
:109B20001498F6F711FC102861D1002011900DE077
:109B3000D948001D119940181090149840180F90A2
:109B40001099FFF7D2F81198401C11901198102825
:109B5000EEDBD249081DFBF787F9CF48001DC27B19
:109B6000807BCD49091D497BCB4B1B1D1B7B09937A
:109B70000C920A910B90C848001DC17A807AC64A9F
:109B8000121D527AC44B1B1D1B7A05930692089135
:109B90000790C148001DC1798079BF4A121D5279D2
:109BA000BD4B1B1D1B790193029204910390BA488F
:109BB000001DC0780090B848001D80781090B6480D
:109BC000001D40780F90B448C01EC0790E90014629
:109BD000CB48109B0F9AFBF747F9B0497031084604
:109BE0006C38FBF741F9C7A0FBF73EF905E0AB493C
:109BF000703108466C38FBF737F9C8A0FBF734F929
:109C0000BD48C069BDA11090F6F78AFB401C1490B6
:109C10001498F6F799FB102863D1002011900DE0FD
:109C20009D481430119940181090149840180F90C6
:109C30001099FFF75AF81198401C119011981028AC
:109C4000EEDB9649081DFBF70FF993481430C07BF3
:109C500091491431897B904A1432527B8E4B1433D4
:109C60001B7B09930A920B910C908B481430C17A9C
:109C7000807A894A1432527A874B14331B7A0593BF
:109C800006920891079084481430C179827940790E
:109C9000814B14331B7901930392049102907E4807
:109CA0001430C07800907C48143000E09FE3807846
:109CB00010907948143040780F907748C01EC07DCE
:109CC0000E9001469D48109B0F9AFBF7CDF8734903
:109CD000703108466C38FBF7C7F899A0FBF7C4F859
:109CE00005E06E49703108466C38FBF7BDF89AA064
:109CF000FBF7BAF8FAF7FAFAFAF78AFAFAF784FBF6
:109D0000012165481D30017205E064497031084643
:109D10006C38FBF7A9F898A0FBF7A6F867E39BA1BE
:109D20001598F6F7FDFA002812D09D480078002813
:109D3000F4D15A49703108466C38FBF795F899A070
:109D4000FBF792F8012096490870FFF7E7F9E5E77D
:109D50009CA11598F6F7E4FA00287DD0FF21F53193
:109D60009C48F6F7D2FA4C4823388078002874D102
:109D700099A19848FDF78AFD9648F6F7E5FA9549C6
:109D8000401813909748027897A11398FDF77EFD2D
:109D90009048F6F7D9FA8F494018002297A11390FE
:109DA000FDF774FD8B48F6F7CFFA8A4940181390F7
:109DB00096484089024696A112901398FDF766FDD9
:109DC0008448F6F7C1FA8349401896A297A11390E8
:109DD000FDF75CFD7F48F6F7B7FA7E49401813900F
:109DE0002D482338827A407A2B492339097A2A4B25
:109DF000233BDB7902930592039104902648233894
:109E000080792549233949790091019022482338E6
:109E10000079129020482338C0781190024687A11B
:109E2000129B1398FDF732FD6A48F6F78DFA6949DF
:109E30004018139018482338817C427C007C164BD4
:109E4000233BDB7B02930492059103901248233855
:109E5000807B1149233901E0CAE264E1497B00912A
:109E600001900D482338007B12900B482338C07AAC
:109E7000119002467CA1129B1398FDF707FD5548EF
:109E8000F6F762FA53494018139003481038C17B23
:109E9000827B407B004BFDE0FF14002050980008BF
:109EA000444556414444523A2025303278202530EA
:109EB00032782025303278202530327800000000BA
:109EC0007365744C6F526157414E4445564144444A
:109ED00052200D0A204F4B007365744C6F5261572E
:109EE000414E4445564144445220506172616D20B8
:109EF0004552524F52000000641400203A00000006
:109F000078D300087365744C6F526157414E4150CD
:109F100050534B4559200D0A204F4B007365744C2C
:109F20006F526157414E415050534B45592050613B
:109F300072616D204552524F520000001CD3000840
:109F40007365744C6F526157414E4E574B534B459E
:109F500059200D0A204F4B007365744C6F526157A6
:109F6000414E4E574B534B455920506172616D2005
:109F70004552524F520000004C6F526157414E20E3
:109F8000504152414D204552524F520073746172FC
:109F900074466163746F72795465737400000000D5
:109FA00027000020646F6F7253656E736F722073A9
:109FB00074617274466163746F727954657374204E
:109FC0004F4B00006765744465766963655374613F
:109FD000747565007806002064657669636553745E
:109FE00061746500180000202C62617474657279D8
:109FF0005374617475733A25640000002C706F7798
:10A0000065725374617475733A2564006C0800209E
:10A010002C6461746153796E63506572696F643A40
:10A0200025640000436C6173732041002C4C6F5217
:10A030006157414E4A6F696E3A2573002C4445566C
:10A040004555493A253032782530327825303278F6
:10A050002530327825303278253032782530327804
:10A0600025303278000000002C4150504555493AC7
:10A0700025303278253032782530327825303278E4
:10A0800025303278253032782530327825303278D4
:10A0900000000000233BDB7F0A930C920D910B9094
:10A0A000FE48807FFD49497FFC4A127FFB4BDB7EE7
:10A0B0000693079208910990F848827E417E007EBF
:10A0C000F64BDB7D029303AB07C3F448807DF34975
:10A0D000497D00910190F148007D1290EF48C07CCD
:10A0E00011900246EE49129B1398FDF7CFFBED4805
:10A0F000F6F72AF9EB494018EBA11390FDF7C6FBE0
:10A10000E848F6F721F9E7494018EAA11390FDF76E
:10A11000BDFBE448F6F718F9E2494018E8A11390AE
:10A12000FDF7B4FB5AE1E949DE48FDF7AFFBDD4836
:10A13000F6F70AF9DB4940181390E5480278E3493D
:10A1400010311398FDF7A2FBD648F6F7FDF8D54974
:10A1500040180022DD4924311390FDF797FBD148C8
:10A16000F6F7F2F8CF4940181390DA4840890246D2
:10A17000D649383112901398FDF788FBC948F6F795
:10A18000E3F8C8494018D4A2D04954311390FDF7E0
:10A190007DFBC448F6F7D8F8C24940181390BF4871
:10A1A000817A427A007ABD4BDB7902930492059161
:10A1B0000390BA488079B949497900910190B7482C
:10A1C00000791290B548C07811900246BF496431B9
:10A1D000129B1398FDF75AFBB248F6F7B5F8B14950
:10A1E00040181390AD48817C427C007CAB4BDB7BFC
:10A1F0000293049205910390A848807BA749497B6C
:10A2000000910190A548007B1290A448C07A11905B
:10A210000246AE499031129B1398FDF737FBA148D7
:10A22000F6F792F89F49401813909C481330C17B71
:10A23000807B9A4A1332527B984BDB7F0A930B92B6
:10A240000D910C909548827F407F9449097F934BF4
:10A25000DB7E06930992079108909048817E407EAC
:10A260008E4A127E8D4BDB7D029303920591049002
:10A270008A48807D8949497D009101908748007D09
:10A2800012908648C07C119002468549129B139813
:10A29000FDF7FCFA8348F6F757F882494018139007
:10A2A0007E482330C0787D49233189780091019020
:10A2B0007A4823304078129078482030C078119046
:10A2C000024687A1129B1398FDF7E0FA7548F6F74E
:10A2D0003BF874494018139070482730C07B6F4991
:10A2E00027318A7B497B6D4B27331B7B0A930C926A
:10A2F0000B910D9069482730C07A684927318A7AD6
:10A30000497A664B27331B7A069308920791099086
:10A3100062482730C17982794079604B27331B79B5
:10A3200002930492059103905C482730C0785B4902
:10A330002731897800910190584827304078129051
:10A3400056482030C079119002466C49129B1398F0
:10A35000FDF79CFA5348F5F7F7FF52494018139060
:10A360004E483730C17B807B4C4A3732527B4B4B57
:10A3700037331B7B0A930B920D910C904748373073
:10A38000C07A464937318A7A497A444B37331B7A47
:10A39000069308920791099040483730C179827935
:10A3A00040793E4B37331B79029304920591039019
:10A3B0003A483730C078394937318978009101906F
:10A3C000364837304078129034482030C07D1190A4
:10A3D00002464B49129B1398FDF758FA4949084623
:10A3E0006C38FAF741FD2F4947A0FAF73DFDE9E047
:10A3F00046A11598F5F794FF00284DD02CA115988B
:10A40000F5F78EFF401C13901398F6F739F8129069
:10A410001298002841D0E121C901129840181290E9
:10A4200012A8F5F7CFFE1190119840693C494018E9
:10A430003C4948611198006908611198C068C8607A
:10A440001198806888601198406848601198006889
:10A4500008600846C068109008460069401C0F90CC
:10A46000084640690E90109A0F9902F0C7FD2D49D9
:10A47000886100F0DBFC23497039081DFAF7F4FC11
:10A480002848006827494968264A92680092019145
:10A4900002902448C06847E056E054E0DC140020F5
:10A4A000D4D30008780600202C4445564144445239
:10A4B0003A0000002C415050534B45593A000000DF
:10A4C0002C4E574B534B45593A000000D89F00087B
:10A4D000180000206C080020436C61737320430057
:10A4E0002C444556414444523A2530327825303286
:10A4F0007825303278253032780000006CD400089E
:10A5000020D40008C09800082573000073796E639A
:10A5100044657669636554696D657374616D700037
:10A520006C070000D8090020109027480069401CE3
:10A530000F90254840690E90014624A0109B0F9A69
:10A54000FAF792FC00BF3DE02DA11598F5F7E8FE63
:10A5500000281CD02DA11598F5F7E2FE401C1390A1
:10A560001398F5F78DFFC0B21290129801280DDBF9
:10A57000129807280ADC2649081DFAF775FC25A061
:10A580001299FAF771FC129802F042FA1AE028A127
:10A590001598F5F7C5FE002803D00120274908705B
:10A5A00010E027A11598F5F7BBFE002803D0002086
:10A5B0002249087006E016991598FEF7E5FD0A2075
:10A5C0002349087217B000BDD80900205265637690
:10A5D00020556172742053796E632054696D652033
:10A5E000434D44204F4B2C253034642D25303264AC
:10A5F0002D253032642D25643A25643A2564000007
:10A600007365744770734D6F646500003A00000015
:10A610005098000852656376205561727420536526
:10A620007420477073204D6F64653A2025640000E4
:10A630006B6565704D61696E52756E002800002073
:10A640006C656176654D61696E52756E0000000043
:10A650006C080020F3B58FB006463046FEF790FA3E
:10A66000012811D1FC48C2880146FA39FBA0F9F74C
:10A6700089F8FCA1FCA0FAF7F7FBF749FA39FCA02E
:10A68000FAF7F2FB11B0F0BDF078C007C00F002858
:10A690007ED0FE4FDC213846F5F737FE3946FF20E5
:10A6A00002F082F8FA490870084600783F18FF2146
:10A6B000F848F5F72AFE0322F749F648F5F70AFEAF
:10A6C0000020F449C870F54800780871F348007814
:10A6D000401CF2490870EE480278EC49ED48401DF4
:10A6E000F5F7F8FDEA480078401DED490880F7F7D6
:10A6F0009DF800F04FFB012802D1002002F06CF918
:10A7000000F07AFB002802D1012002F073F900BFAB
:10A7100000F01EFB0028FBD0142001F0A7F8E04851
:10A720000188DC48FCF7A4F9DD480288D949DDA09E
:10A73000F9F728F8142001F099F800F017FB002829
:10A7400007D0DAA1C8A0FAF78FFBDAA0FAF78CFBE2
:10A7500004E000F02DFB002836D000BFD3A1C2A03A
:10A76000FAF782FBD9A0FAF77FFBCC480078401EAD
:10A77000CA490870DF48C079401CDE49C8710846E4
:10A78000C07905281FDB0020C871DB48007800E095
:10A790002FE040084000D84908700221D6484030D8
:10A7A000C17100210172D5480068E121C90040183B
:10A7B000D3490860ABA1ACA0FAF756FBD0480168BA
:10A7C000D0A0FAF751FB5DE70020CA49C871A5A1E6
:10A7D000A5A0FAF749FBD3A0FAF746FBD749B04842
:10A7E0008180C448007A0A2802DA0A20C149087226
:10A7F00000BF1098401FC5B29AA19BA0FAF734FB86
:10A800002946CFA0FAF730FB741D28E220780E907D
:10A8100094A195A0FAF728FBD3A00E99FAF724FB90
:10A820000E9839286CD080282CD085287ED1677866
:10A83000012F0BD10220B04948700021AE48817031
:10A84000012140300172F9F7DFFD0FE0022F0DD139
:10A850000221A94841700020A74988700121A6481B
:10A8600040300172F9F7D0FDF9F7EAFBA81EC5B236
:10A87000A41C8EA17CA0FAF7F7FA3946C1A0FAF71A
:10A88000F3FAE7E160787D2109014018C649486183
:10A89000A178C5480161E078C349C8602079886023
:10A8A00060794860A07908600B46DA681B69591C1A
:10A8B000BD4B586902F0A2FBBB49886100F0B6FAB3
:10A8C000FCF75EFBE81FC5B2E41D8C480168B74881
:10A8D000016064A164A0FAF7C7FAB3480068B249FE
:10A8E0004968B14A9268009201910290AE48C368EB
:10A8F0000069421CAC484169ADA0FAF7B5FAA9E17C
:10A900000127617808A80172A0780102E07801436C
:10A9100068464185217908A8817361790174A1791C
:10A920008174E1790175207A000200E08EE1617A9C
:10A9300008430AA98880A17A0AA8C171E17A417204
:10A94000217BC172617B4173A07B0102E07B0143EB
:10A950006846C18608A8007A00280AD16846C08ED9
:10A960002D214901884203DC6846C08E01284EDA59
:10A9700045E008A8007A012840D16846408D2D2185
:10A980004901884213DC6846408D01280FDB08A886
:10A99000807B18280BDA08A8007C3C2807DA08A876
:10A9A000807C182803DA08A8007D3C2800DB26E01C
:10A9B0000AA880882D214901884213DC0AA88088D2
:10A9C00001280FDB0AA8C07918280BDA0AA8407AF8
:10A9D0003C2807DA0AA8C07A182803DA0AA8407BBC
:10A9E0003C2800DB0BE06846C08E2D2149018842DF
:10A9F00003DC6846C08E012809DA00E000BF0027AA
:10AA000078A119A0FAF730FA78A0FAF72DFA68467B
:10AA1000C08E0AA9497B0AAAD27A0AAB5B7A05934F
:10AA20000692079108900AA8C179828808A8037D38
:10AA3000807C029303920491019008A8007C00900E
:10AA400008A8837B6846428D08A8017A6F48FAF708
:10AA50000BFA002FDCE00000040C00204C6F526168
:10AA600057414E004C4F47000A5B25735D000000C4
:10AA7000526563762055617274204C6F5261574164
:10AA80004E20446174613A20257300009C0500202B
:10AA900026000020040A00208FD000082900002092
:10AAA000040B002053656E64000000005741524EB5
:10AAB0000000000057616974204275737920494F86
:10AAC0002054696D656F7574000000004C6F526111
:10AAD0002053656E6444617461204661696C2C206A
:10AAE0005772697465204461746520546F20436116
:10AAF000636865006C080020DC1400205C00002006
:10AB0000CC000020557064617465205265636F6EDF
:10AB10006E6563742054696D657374616D703A205D
:10AB2000256C64004C6F52612053656E64446174FF
:10AB30006120537563636573730000008813000020
:10AB400052656376204C6F526157414E20434D440D
:10AB50002C20546F74616C2044617461204C656ECC
:10AB6000203A2025642C0000416E616C7973697372
:10AB700020446174612054797065203A2025303278
:10AB8000780000005265637620446576696365202D
:10AB90005265737420466163746F727920434D442B
:10ABA000203A202564000000D80900204000002041
:10ABB00052656376205365727665722053796E63B1
:10ABC0002054696D6520434D442C253034642D2577
:10ABD0003032642D253032642D25643A25643A25BF
:10ABE000640000004552524F52000000436F6E66F1
:10ABF0006967205363686564756C652046756E638C
:10AC000074696F6E204661696C00000044D20008D0
:10AC100017D010220AA91548F5F75CFBF9F7D4FB09
:10AC20001248C0891249C881124800681249086058
:10AC30001249081DFAF718F90D48C18910A0FAF752
:10AC400013F928461038C5B2103403E0A81EC5B267
:10AC5000A41C00BF00BFC82D00DD03E000BF002D15
:10AC600000D0D3E500BF00BF0CE500008C0500203C
:10AC70006C0800205C0000204000002064AA00084E
:10AC800043757272656E7420475053205265706F21
:10AC9000727420496E74657276616C2025646D69EA
:10ACA0006E00000010B520480089002810D11E4811
:10ACB000C08800280CD01C48C188FA38FFF7CAFCAD
:10ACC000FF211948FA38F5F720FB00211648C1800A
:10ACD0001648808A002810D11448408A00280CD0D9
:10ACE0001248418A1248FEF75BFB7D21C9001048DB
:10ACF000F5F70BFB00200D4948820E48008900281B
:10AD000010D10C48C08800280CD00A48C188FA38F5
:10AD1000FEF78EFBFF210748FA38F5F7F6FA002117
:10AD20000448C18010BD0000040C0020581200200F
:10AD3000820E00200E0E002000B501210520000724
:10AD4000FAF7B0FA002801D0012000BD0020FCE78E
:10AD500010B50121C9030448FAF7A4FA002801D06C
:10AD6000012010BD0020FCE70004005070B5002554
:10AD70000BE07D20C000FBF769FEFFF7E9FF04460A
:10AD8000002C01D0002070BD6D1C0F2DF1DB0120C7
:10AD9000F9E7000010B5012189030448FAF786FAA3
:10ADA000002801D0012010BD0020FCE70004005065
:10ADB00070B57D20C000FBF749FE00250BE000F0D8
:10ADC0000EF80446002C01D0002070BD7D20C0008C
:10ADD000FBF73CFE6D1C062DF1DB0120F5E710B5FD
:10ADE0000121C90205200007FAF75CFA002801D00A
:10ADF000012010BD0020FCE710B50121090305204A
:10AE00000007FAF753FA002801D0012010BD0020F6
:10AE1000FCE700B5022105200007FAF743FA0028F5
:10AE200001D0012000BD0020FCE7000000B58BB080
:10AE30002C216846F5F769FA114840691149401A12
:10AE400005900F48006904900D48C06803900C48B5
:10AE5000806802900A4840680190094800680090A4
:10AE60000748806906900020C04308906846F5F7BF
:10AE7000EBF9E121C901401A034908600BB000BD9C
:10AE8000D80900206C0700005C0000202E207047CD
:10AE9000054800680549884202D900200249086037
:10AEA00001480068704700004C000020005C260547
:10AEB000F8B506460F4614461D46E8B22346012261
:10AEC000394600903046F9F7E3FE0020F8BDF8B5AA
:10AED00006460F4614461D46E8B22346012239466F
:10AEE00000903046F9F724FF0020F8BDF8B50B308C
:10AEF000C608F600104D19E02068B04215D3B042E4
:10AF00000BD96368871B201D0093F5F7E3F9A0199F
:10AF1000009B07604360286004E060682860201D93
:10AF2000F5F7D8F9201D2660F8BD251D2C68002CEA
:10AF3000E2D10020F8BD0000DC000020F0B50146A1
:10AF400000200D5E0C268E5FAD1B6D42002D04DDD2
:10AF50000C254D5F0E5EAD1B04E000254D5F0C26F9
:10AF60008E5FAD1B2AB202268E5F0E27CF5FF51BC8
:10AF70006D42002D05DD0E268E5F02254D5F751B8F
:10AF800004E002268E5F0E27CF5FF51B2BB204264E
:10AF90008E5F1027CF5FF51B6D42002D05DD10265B
:10AFA0008E5F04254D5F751B04E004268E5F10271D
:10AFB000CF5FF51B2CB29A4207DDA24205DD0125C9
:10AFC0006D02AA4201DB012012E0934207DDA34299
:10AFD00005DD01256D02AB4201DB022008E0944251
:10AFE00006DD9C4204DD01256D02AC4200DB03203E
:10AFF000F0BDF8B504460D4616461F46002C00D19C
:10B00000F8BD0020206068460078C0218843A9016F
:10B01000C0221140014300916846007830218843E6
:10B020003101302211400143009168460078082127
:10B030008843F900082211400143009168460078D6
:10B04000042188430699890004221140014300919C
:10B0500068460078400840000799C907C90F0143B6
:10B06000009168460078022188430899490002222D
:10B0700011400843009001236A462121204600F038
:10B0800052F9002806D109210902206808432060EE
:10B090000020B5E70120B3E7F8B504460D46164693
:10B0A000002C00D1F8BD002020600090002D01D0C0
:10B0B000802000E000206946097808430090002EB7
:10B0C00001D0402000E00020694609780843009044
:10B0D00001236A461F21204600F025F9E2E738B532
:10B0E0000446002C00D138BD0020206001236A46B0
:10B0F0002621204600F005F9002806D10921090281
:10B100002068084320600020EDE7694600200856CB
:10B11000E9E770B504460D46002C01D0002D01D1A1
:10B12000002070BD00202060E079002804D00720B6
:10B13000400220600020F4E706232A46282120460A
:10B1400000F0DFF8002806D1032109022068084337
:10B1500020600020E5E70120E3E7FFB581B0044669
:10B160000E461746002C01D0002F02D1002005B05A
:10B17000F0BD0498012801DD8020064320793A467D
:10B180003146049BFFF794FE0546002D01D00020B8
:10B19000EDE70120EBE7FFB581B004460E46174608
:10B1A000002C01D0002F02D1002005B0F0BD049882
:10B1B000012801DD8020064320793A463146049B70
:10B1C000FFF785FE0546002D01D00020EDE70120A8
:10B1D000EBE7F8B505460E460C20FCF71DFD041EF6
:10B1E00000D1F8BD2571002020606071E071012060
:10B1F0002072204600F042F8002804D12046FCF7D7
:10B20000D5FC0020EDE7204600F09FF8002804D18F
:10B210002046FCF7CBFC0020E3E701236A4623210C
:10B22000204600F06EF8002800D1DAE76946087879
:10B2300030218843009001236A462321204600F0F4
:10B2400072F8002800D1CCE701236A46232120466A
:10B2500000F057F8002800D1C3E76946087880213C
:10B2600088438030009001236A462321204600F065
:10B270005AF8002800D1B4E72046B2E738B50446B2
:10B28000002C00D138BD0020206001236A460F2128
:10B29000204600F036F8002800D1F3E76846007831
:10B2A000332804D0FF20013020600020EAE701208D
:10B2B000E8E738B50446002C00D138BD00202060F6
:10B2C000E07900280DD101236A462721204600F0AD
:10B2D00018F8002800D1F0E7684600780007C00F92
:10B2E000EBE701236A462F21204600F00AF80028E8
:10B2F00000D1E2E7684600788006C00F012148408F
:10B30000DBE7F8B504460E4615461F46002C01D073
:10B31000002D01D10020F8BD3B462A46314620468B
:10B32000FFF71BFFF7E7F8B504460E4615461F4624
:10B33000002C01D0002D01D10020F8BD3B462A464B
:10B3400031462046FFF727FFF7E71CB50446002CDF
:10B3500000D11CBD002020600090019008236A46A7
:10B360001F212046FFF7DFFF01236A462E212046DA
:10B37000FFF7D9FF01236A4630212046FFF7D3FFAC
:10B3800002236A4632212046FFF7CDFF01236A4699
:10B3900034212046FFF7C7FF02236A4636212046A4
:10B3A000FFF7C1FF01236A4638212046FFF7BBFFA4
:10B3B00004236A463A212046FFF7B5FF0120C8E77B
:10B3C000FEB504460E4615461F46002C00D1FEBDB4
:10B3D00000202060A571012302AA20212046FFF74A
:10B3E00090FF002800D1F2E76846007A000901903A
:10B3F0006846007A41084900F807C00F01430291EE
:10B400006846007A022188430899490002221140C7
:10B41000014302916846007A042188430999890012
:10B4200004221140014302916846007AF0218843CA
:10B430003101F0221140014302916846007A08214F
:10B440008843002D01D1012100E00021C90008221C
:10B4500011400843029001236A4623212046FFF74A
:10B4600050FF002800D1B2E76846007808218843E1
:10B47000022D01D1012100E00021C9000822114064
:10B480000843009001236A4623212046FFF74BFF23
:10B49000002800D19BE7012302AA20212046FFF7C4
:10B4A00042FF002800D192E70198002804D1002E25
:10B4B00002D00F2000F0DAF9002088E738B5044602
:10B4C0000D46002C00D138BD00202060657101239D
:10B4D0006A4623212046FFF714FF002800D1F2E737
:10B4E00069460878302188432901302211400843F9
:10B4F000009001236A4623212046FFF714FF00280D
:10B5000000D1E0E70120DEE700B597B02C210CA8C0
:10B51000F4F7FBFE2C2101A8F4F7F7FE0E480068B3
:10B5200000900E480078C007C00F002803D10C48D7
:10B530000068009002E00B4800680090E121C9011A
:10B5400000984018009001A96846F4F743FE01A84E
:10B55000FBF742FC17B000BD5C000020DC140020AB
:10B56000CC0000204000002010B57D22D20004490C
:10B57000044800F06BF80449024800F003F910BDDC
:10B580008801002070050020F1B900081CB50146B3
:10B5900000290DD0144B0868984209D1DB43886913
:10B5A000984205D14868002802D08868002801D157
:10B5B00000201CBD08690190C8680090009B01989C
:10B5C000984201D18A680CE0019B0098984203D907
:10B5D000019B0098C21A04E08868009C019B1B1B19
:10B5E000C21A501EE5E70000EFBEADDE1CB50146F5
:10B5F00000290DD0144B0868984209D1DB438869B3
:10B60000984205D14868002802D08868002801D1F6
:10B6100000201CBD08690190C8680090009B01983B
:10B62000984201D100220CE0009B0198984203D976
:10B63000009B0198C21A04E08868019C009B1B1BB8
:10B64000C21A1046E5E70000EFBEADDE70B5044655
:10B650000D461646002C03D0002D01D0002E01D13E
:10B66000002070BD1C212046F4F74FFEA6606560E7
:10B6700002482060C043A0610120F2E7EFBEADDECA
:10B68000FEB504460F4615460097002C11D02B49F5
:10B69000206888420DD1C943A069884209D16068F9
:10B6A000002806D0A068002803D0002F01D0002D6C
:10B6B00001D10020FEBD2046FFF798FF02900298BE
:10B6C000A84201D2029800E028460546002D00D18C
:10B6D000F0E7E0680190A0680199401AA84203D2FF
:10B6E000A0680199401A00E0284606466068019A61
:10B6F000811832460098F4F7EDFD01988019019009
:10B70000AD1B002D06D06168009A90192A46F4F707
:10B71000E1FD0195A0680199884201D800200190BF
:10B720000198E06000BF6069002804D07219002110
:10B7300020466369984700BF7019BBE7EFBEADDED6
:10B7400010B50446002C1AD00D492068884216D145
:10B75000C943A069884212D1606800280FD0A06850
:10B7600000280CD000202061E06000BF6069002844
:10B7700004D00022022120466369984700BF10BD13
:10B78000EFBEADDE00280ED0074B02689A420AD108
:10B79000DB4382699A4206D14268002A03D082685C
:10B7A000002A00D041617047EFBEADDEFEB5044611
:10B7B0000F4615460097002C11D02B49206888426F
:10B7C0000DD1C943A069884209D16068002806D01C
:10B7D000A068002803D0002F01D0002D01D1002047
:10B7E000FEBD2046FFF7D2FE02900298A84201D289
:10B7F000029800E028460546002D00D1F0E72069B8
:10B800000190A0680199401AA84203D2A06801994A
:10B81000401A00E0284606466168019A88183246B8
:10B820000099F4F757FD019880190190AD1B002D88
:10B8300006D0009A91192A466068F4F74BFD0195ED
:10B84000A0680199884201D80020019001982061E8
:10B8500000BF6069002804D0721901212046636985
:10B86000984700BF7019BBE7EFBEADDE014600226E
:10B87000034B1A8000BF024A12888A42FBDB7047E2
:10B880005800002086B0FBF7D3FEFBF72BFC01210C
:10B890007D20C000FBF724FFF7F7DAFBF7F72AFD5E
:10B8A000F7F74CFBF7F784FDF9F76EF9F8F720FB93
:10B8B00001F074FBFFF758FEF7F7DEFAFAF7B8FC71
:10B8C0003221C820F7F77EFE36E01C4800681C498C
:10B8D0000968884224D81A4800680A301749086065
:10B8E00018A119A0F9F7C0FA1548036818480068AC
:10B8F00017494968164A9268059302920391049089
:10B900001348C06812490969491C00910190104808
:10B9100043691048C189104802681048F9F7A4FA31
:10B9200001F0AEF9FAF760FEF8F71AF8FFF7BAF986
:10B93000F8F7F2FEF7F7AEF9C7E7000000000020C5
:10B940005C0000204C4F47000A5B25735D0000003F
:10B95000D80900206C08002040000020CCD100084D
:10B96000F8B54B00002801D0012400E00024012597
:10B970001C436D05EC4202D951601060F8BD1A4CB1
:10B980005B0D1C19CB0F0027DB07142C16DA002CDB
:10B9900002DA17605360F8BD144D0646E5400C46C8
:10B9A0002C40044305D00B46AB43176053603A4626
:10B9B00017E01660516019463846F8BD332C05DC97
:10B9C0000025ED43143CE540284204D1516010604D
:10B9D00019463846F8BD0346AB43136051601A461A
:10B9E0000B46F4F700FEF8BD01FCFFFFFFFF0F0060
:10B9F00070B506460C461546002C0BD0012C12D013
:10BA0000022C19D10EA110A0F9F72EFA10A0F9F707
:10BA10002BFA12E00AA10CA0F9F726FA294613A086
:10BA2000F9F722FA09E006A107A0F9F71DFA29465D
:10BA300018A0F9F719FA00E000BF00BF70BD0000C0
:10BA40004C575242000000000A5B25735D00000065
:10BA50005B4556545D20427566666572207265735B
:10BA60006574206576656E74210000005B45565450
:10BA70005D20427566666572207265616420657638
:10BA8000656E743A202564206279746528732921D3
:10BA9000000000005B4556545D2042756666657285
:10BAA000207772697465206576656E743A20256426
:10BAB000206279746528732921000000F8B50546D5
:10BAC00000272C462078242802D02078212800D175
:10BAD000641C03E0384670400746641C26782A2E12
:10BAE00001D0002EF6D12A202070641C3B4603A210
:10BAF00005212046FBF7AEFEF8BD00002530325888
:10BB00000D0A000070B504460D4664222946204601
:10BB10003830F4F75BFC3820005D24280AD1642219
:10BB20000EA120463830F4F76AFC20463830FFF783
:10BB3000C5FF05E064220AA120463830F4F75FFC17
:10BB400020463830F4F700FC9C2108519C20005B13
:10BB500081B220463830F8F721FF70BD2A0000007E
:10BB60000D0A000010B52D4A1268521C2B4B1A60AA
:10BB700000221A6002461CCA0462C36182614469E1
:10BB80000369C268C462836242620022825E00234B
:10BB9000CB5E9A4202DD0022825E01E000228A5ED4
:10BBA00002800222825E0223CB5E9A4202DD0222E2
:10BBB000825E01E002228A5E42800422825E0423C9
:10BBC000CB5E9A4202DD0422825E01E004228A5E9C
:10BBD00082800C22825E0023CB5E9A4202DA0C2223
:10BBE000825E01E000228A5E82810E23C35E022211
:10BBF0008A5E934202DA0E22825E01E002228A5EAF
:10BC0000C2811023C35E04228A5E934202DA1022AC
:10BC1000825E01E004228A5E028210BD0C000020D8
:10BC20000021018041808180491E81810A46C281B4
:10BC3000028200210183002242838283491E818483
:10BC40000A46C28402857047F0B589B007460E46A1
:10BC500014460025242200216846F4F758FBFF20F3
:10BC60000130216888470090FF200130019005963F
:10BC7000204607C806AB07C30098002800D137E06C
:10BC80006946384600F0DCFA002800D130E068460A
:10BC900001F0A0F9A06800280BD0029B591C009865
:10BCA000A26890470546002D00D121E000200090B9
:10BCB0001BE0029A501C216888470546002D00D1E0
:10BCC00016E00298401C019B834201D2019801E0DA
:10BCD0000298401C024628460099F4F7FBFA00201F
:10BCE00002996854009861688847284609B0F0BDF9
:10BCF0000098002802D0009861688847002D02D083
:10BD00002846616888470020F0E7F3B581B00C460B
:10BD10000025002701988668002C01D10020FEBD77
:10BD200001212046FDF796F90546002D00D1F6E7E2
:10BD30005B202870A068401CA060E068401CE060A8
:10BD40002AE02146304600F07BFA002800D1E6E7E1
:10BD5000204601F03FF9306800281CD060690028B7
:10BD600001D0022000E001200746791C2046FDF7A3
:10BD700071F90546002D00D1D1E72C2028706D1CEB
:10BD80006069002802D0202028706D1C00202870D7
:10BD9000A068C019A0603668002ED2D102212046CA
:10BDA000FDF758F90546002D00D1B8E75D20287051
:10BDB0006D1C00202870E068401EE0600120AEE7A6
:10BDC000F3B58FB00F4600200D900F98C5698469B8
:10BDD00000200C9000261C2105A8F4F796FAFFF726
:10BDE00055F80490002002900390002F01D111B06B
:10BDF000F0BD01950094009A0199002A01D001221A
:10BE000000E0002208461043410049083C4A511A0C
:10BE1000C90F00290ED101950094019840005100EE
:10BE2000884204D10098002801D1012000E00020C0
:10BE3000002805D033A105A8FBF728FD0C902FE0C2
:10BE40000F994869F4F7BEFC22462B4601910090F9
:10BE5000F4F71CFD07D10F982CA1426905A8FBF748
:10BE600015FD0C901CE022462B4629A105A8FBF7E6
:10BE70000DFD0C9002AA28A105A8F4F7E3FA012809
:10BE800007D122462B4603990298FCF763FF00284E
:10BE900006D122462B4621A105A8FBF7F7FC0C9002
:10BEA0000C98002802DB0C98192801DD00209EE781
:10BEB0000C99491C3846FDF7CDF80D900D980028D7
:10BEC00000D194E700260EE005A8815D0498814228
:10BED00003D12E210D98815504E005A8815D0D98B0
:10BEE000815500BF761C0C988642EDD300210D9839
:10BEF0008155B9680C980818B860012077E70000F0
:10BF00000000F07F6E756C6C00000000256400007E
:10BF100025312E3135670000256C670025312E3123
:10BF200037670000F3B581B00C4600250026019864
:10BF30008768002C01D10020FEBD6069002801D077
:10BF4000022000E001200646711C2046FDF782F821
:10BF50000546002D00D1EFE77B2028706D1CE068BE
:10BF6000401CE0606069002802D00A2028706D1C27
:10BF7000A0688019A06072E06069002819D020468E
:10BF8000E168FDF767F80546002D00D1D4E70020F1
:10BF9000009005E0092028706D1C0098401C00905E
:10BFA000E16800988142F5D8E168A0684018A06077
:10BFB00000BF2146386A00F083F8002800D1BBE7B3
:10BFC000204601F007F86069002801D0022000E057
:10BFD0000120064631462046FDF73CF80546002D77
:10BFE00000D1A9E73A2028706D1C6069002802D0B2
:10BFF000092028706D1CA0688019A0602146384671
:10C0000000F01EF9002800D196E7204600F0E2FF7C
:10C010006069002801D0012000E000203968002973
:10C0200001D0012100E000214618711C2046FDF7D7
:10C0300011F80546002D00D17EE73868002802D0AF
:10C040002C2028706D1C6069002802D00A202870FE
:10C050006D1C00202870A0688019A0603F68002F28
:10C060008AD16069002802D0E068401C00E002200C
:10C0700001462046FCF7EEFF0546002D00D15BE7A8
:10C08000606900280AD0002003E0092129706D1C96
:10C09000401CE168491E8142F7D800BF7D2028700E
:10C0A0006D1C00202870E068401EE060012043E71E
:10C0B00070B504460D462946206900F001F870BDB0
:10C0C000F3B583B007460024002600250020029027
:10C0D00001900498002801D105B0F0BD002F0DD1CA
:10C0E00003210498FCF7B6FF0646002E00D1F3E7C3
:10C0F00050A13046F4F73CF90120EDE73C4624E03E
:10C1000020780C2811D006DC08280DD009280FD083
:10C110000A2811D10AE00D2809D0222802D05C2873
:10C120000AD100E000BF00BF00BF00BF00BF00BFDA
:10C130000198401C019006E02078202802DA01983E
:10C14000401D019000BF00BF641C20780028D7D19B
:10C15000E11B0198081802900299C91C0498FCF789
:10C1600079FF0646002E00D1B6E70198002810D1CD
:10C17000222030703946701C029AF4F7ABF8222165
:10C180000298401C315400210298801C3154012037
:10C19000A2E722203070751C3C463DE020781F2825
:10C1A00008DD2078222805D020785C2802D020786D
:10C1B00028702FE05C2028706D1C20780C2815D08A
:10C1C00006DC08280FD0092819D00A281AD110E057
:10C1D0000D2811D0222803D05C2813D1287018E034
:10C1E0002220287015E06220287012E06620287056
:10C1F0000FE06E2028700CE07220287009E0742097
:10C20000287006E022780CA12846FBF73FFB2D1D85
:10C2100000BF00BF641C6D1C20780028BED1222105
:10C220000298401C315400210298801C3154012096
:10C2300052E700002222000075253034780000000B
:10C24000F8B504460E460025002C01D0002E01D181
:10C250000020F8BD207B102857D008DC01281BD017
:10C26000022827D0042809D008285DD130E02028F2
:10C2700050D0402853D0802856D12EE0052130469A
:10C28000FCF7E8FE0546002D00D1E2E727A128468D
:10C29000F4F76EF80120DCE706213046FCF7DAFE01
:10C2A0000546002D00D1D4E722A12846F4F760F816
:10C2B0000120CEE705213046FCF7CCFE0546002DD7
:10C2C00000D1C6E71DA12846F4F752F80120C0E7C7
:10C2D00031462046FFF774FDBBE7002720690028A0
:10C2E00000D1B6E72069F4F72FF8471C39463046ED
:10C2F000FCF7B0FE0546002D00D1AAE73A462846D5
:10C300002169F3F7E7FF0120A3E731462046FFF755
:10C31000CFFE9EE731462046FFF7F7FC99E731460E
:10C320002046FFF7FFFD94E7002092E76E756C6CE6
:10C330000000000066616C73650000007472756532
:10C3400000000000F0B58FB005460C46A8680078E4
:10C350000E900E98412808D0442805D0562800D0C9
:10C3600000BF002060607FE000BF214628460C30FF
:10C37000FCF7DEFD002804D102202060012060606F
:10C3800001E001202060E8690078002809D0E86910
:10C39000FCF755F90646364A364BF4F733F9616235
:10C3A0002062286A0078002804D0286AFCF747F940
:10C3B000E161A061A86A0078002833D0E86A0078BB
:10C3C00000282FD0A86AFCF73AF961632063E86A75
:10C3D0000078452802D0572809D100E00CE001225E
:10C3E000D207616B5140206B6163206304E0002140
:10C3F00021482163606300BF00BF226B1046616B60
:10C40000FBF7AEFA002809D0616B490049081B4AC6
:10C410001B4B266B3046F4F739FA03D80020164937
:10C420006163206317A118A0F8F71EFD60680C90E7
:10C43000616B206B0B910A9020680890E169A069FC
:10C4400007910690616A206A0591049061692069EC
:10C4500003910290E168A068019100900C486A681D
:10C46000696AF8F701FD00BF00BF00200FB0F0BD02
:10C47000CF16AD2F5476E03F0000F87F0AD7A370A7
:10C480003D0AB73F4C4F47000A5B25735D00000033
:10C49000C0D50008F3B583B005001AD02868019014
:10C4A000284680380290C76F04983E1F864200D904
:10C4B00006462846FBF77AFB044600913246294699
:10C4C0000498FEF713FD0199002806D0016005B01D
:10C4D000F0BD0498FBF7A0FBF9E729600299002C56
:10C4E000CF670AD021686218291F8A4202D9291B06
:10C4F000091F216000996160E9E7024A0099116013
:10C50000E5E70000DC00002010B50022FF2101312A
:10C5100005200007F8F7F0FE0520FAF797FA012248
:10C52000110205200007F8F7E7FEC820FAF78EFA97
:10C5300003480078400840000149087010BD000021
:10C54000DC14002010B5FEF725FC012802D10020E4
:10C5500000F042FAFEF750FC002802D1012000F062
:10C5600049FA00BFFEF7F4FB0028FBD0F5F75EF9AF
:10C57000032254495448F3F7ADFE00205249C870D5
:10C5800052480078087151480078401C4F490870A3
:10C590004F4802784F494C48401DF3F79BFE4C48EA
:10C5A0000078401D4C4908801420FFF75FF94A4885
:10C5B00001884548FAF75CFA47480288424947A093
:10C5C000F7F7E0F81420FFF751F9FEF7CFFB00284A
:10C5D00007D044A145A0F8F747FC46A0F8F744FC73
:10C5E00004E0FEF7E5FB002855D000BF3DA13FA0C9
:10C5F000F8F73AFC45A0F8F737FC4E48FEF7C6FFBF
:10C60000044633480078401C844210DB0122304944
:10C610004848FFF7CBF82E4802782E494548FFF7E7
:10C62000C5F845480078401C4349087006E043A11E
:10C630002EA0F8F719FC43A0F8F716FC2348007861
:10C64000401E224908704448C079401C4249C871C4
:10C650000846C07905281DDB0020C8713F480078D6
:10C66000400840003D49087002213C484030C171FB
:10C67000002101723A480068E121C9004018394997
:10C68000086039A119A0F8F7EFFB3648016837A018
:10C69000F8F7EAFB10BD00202F49C87132A113A0A2
:10C6A000F8F7E2FB39A0F8F7DFFB3E490A48818042
:10C6B0002948007A0A2802DA0A202749087200BFAE
:10C6C000E8E700008FD00008040A002029000020BD
:10C6D000260000209C050020040B002053656E649A
:10C6E000000000005741524E000000000A5B257315
:10C6F0005D00000057616974204275737920494FCD
:10C700002054696D656F7574000000004C6F5261B4
:10C710002053656E6444617461204661696C2C200D
:10C720005772697465204461746520546F204361B9
:10C730006368650070050020250000204552524FB7
:10C74000520000004C77726220416C72656164791E
:10C750002046756C6C0000006C080020DC14002082
:10C760005C000020CC0000204C4F470055706461F5
:10C770007465205265636F6E6E6563742054696DD5
:10C78000657374616D703A20256C64004C6F526162
:10C790002053656E644461746120537563636573EF
:10C7A000730000008813000070B506460C46012592
:10C7B0002670102E7CD00BDC3300FBF7C2F810FF84
:10C7C0001E242CFFFFFFFFFF3242535E697778FF84
:10C7D000152E69D008DC112E67D0122E7DD0132EB5
:10C7E0007CD0142E7BD195E0322E79D0392E78D0A2
:10C7F000842E77D0FF2EF5D1DBE004206070A0708E
:10C80000A81CC5B2DBE006226E49601CF3F762FD8E
:10C81000A81DC5B2D3E06C4800786070681CC5B232
:10C82000CDE06A48C0690002000E60706748808BE6
:10C830000004000EA0706548007FE070E81CC5B2DF
:10C84000BDE06248006A0002000E60705F48008C24
:10C850000004000EA0705D481030007CE070E81C01
:10C86000C5B2ACE05A4800880004000E6070584819
:10C870000078A070A81CC5B2A1E05548408800040B
:10C88000000E607052488078A070A81CC5B296E077
:10C890004F4880880004000E60704D480079A070F9
:10C8A000A81CC5B28BE003E035E01CE087E086E021
:10C8B0004648406A000E60704448406A0002000E1C
:10C8C000A0704248808C0004000EE0703F48103099
:10C8D000007D2071281DC5B271E019E019E06DE0FE
:10C8E0002EE032E026E03948806A000E607037485A
:10C8F000806A0002000EA0703448008D0004000E13
:10C90000E07032481030007E2071281DC5B256E01C
:10C9100055E054E053E02D48808D0004000E607017
:10C920002A481030007FA070A81CC5B200212748FB
:10C93000C16244E02548007C6070681CC5B23EE0DE
:10C9400000206070681CC5B239E022480078607031
:10C95000204840880012A0701E488078E0701D4872
:10C96000807920711B48007A60711A48807AA07122
:10C970001848007BE0711748808800122072154823
:10C98000007960721348C079A0721248407AE07250
:10C990001048C07A20730F48407B60730D48C089EF
:10C9A0000012A0730B48807BE07328460F30C5B29D
:10C9B00005E0FF206070681CC5B200E000BF00BF4A
:10C9C000284670BDE1140020180000206C080020EB
:10C9D000580100208C05002010B504462246012194
:10C9E00089030348F8F788FC0520FAF72FF810BDF3
:10C9F0000004005010B50446224601210903052019
:10CA00000007F8F779FC0520FAF720F810BD0000C0
:10CA10001FB5044606A30FCB03936B4607C32046FE
:10CA20003030694608720648FFF76CF81FBD0000F9
:10CA3000245043415330342C332A31410D0A000035
:10CA40003809002010B5024600200B5E145E1B1B47
:10CA50005B42002B03DD135E0C5E1B1B0BE000230F
:10CA6000CB5E0024145F1B1B01246402A34201DD82
:10CA7000012300E00023002B05D0138893810B884D
:10CA80001380012001E0138893810223CB5E0224EE
:10CA9000145F1B1B5B42002B05DD0223D35E0224C7
:10CAA0000C5F1B1B0BE00223CB5E0224145F1B1BDD
:10CAB00001246402A34201DD012300E00023002BD6
:10CAC00005D05488D4814B885380012001E05488DC
:10CAD000D4810423CB5E0424145F1B1B5B42002B18
:10CAE00005DD0423D35E04240C5F1B1B0BE0042331
:10CAF000CB5E0424145F1B1B01246402A34201DDEE
:10CB0000012300E00023002B05D0948814828B8839
:10CB10009380012001E09488148210BD0160486078
:10CB20007047000070B55348F8F74FFFF0210840F8
:10CB300005110A2045434F48F8F747FF0007000F4B
:10CB40002818C0B2072801D100200EE04948F8F7A4
:10CB50003CFFF021084005110A2045434548F8F7FD
:10CB600034FF0007000F2818C0B2434988614148CC
:10CB7000F8F732FFF021084005110A2045433D48EF
:10CB8000F8F72AFF0007000F2818C0B27D2109011D
:10CB90004018394948613748F8F706FFF021084046
:10CBA00005110A2045433348F8F7FEFE0007000F41
:10CBB0002818C0B2401E304908612E48F8F7E8FE38
:10CBC000F021084005110A2045432A48F8F7E0FE05
:10CBD0000007000F2818C0B22749C86000BF2549C8
:10CBE0000968264A11400846032109050140090D3C
:10CBF00009010F2212040240120C114309040722FA
:10CC000012030240120B12010F231B0203401B0AE6
:10CC10001A43120211437022024012091201030743
:10CC20001B0F1A430C46144300BF200CF021084090
:10CC300000110A2148432103090F40180E4988605A
:10CC4000200AF021084000110A2148432105090F5C
:10CC50004018C0B208494860F020204000110A2165
:10CC600048432107090F4018C0B203490860FEF786
:10CC7000DDF870BD00280040D80900207F7F3F000C
:10CC80001FB5FEF705F9A1490968884200D21FBD0A
:10CC9000FEF7FEF8FF30F5309C4908600846006852
:10CCA0009B49884202D3002098490860FEF7A4F807
:10CCB000012816D197488088002812D1964800781C
:10CCC000C007C00F002809D193484030C07902281E
:10CCD00007D191484030007A002802D10020FFF7A8
:10CCE00089FE8E4840798007C00F002811D18C48FA
:10CCF000008800280DD18B480088002809D1FEF754
:10CD00001BF8002805D0854840798006C00F002810
:10CD10001ED0824800798006C00F00287DD17F4850
:10CD200000794006C00F0028F8D17A488088002892
:10CD3000F4D17A48007A0028F0D177480078C0070B
:10CD4000C00F0028EAD174484030007A0028E5D1AD
:10CD50000020F8F74BF901208004F8F747F97248F2
:10CD6000F8F744F96D4840798007C00F002802D0D9
:10CD7000FEF7CAFB10E00120009003460022114696
:10CD800001906A480068FEF71BFB69A169A0F8F7EB
:10CD90006BF86AA0F8F768F800215F48403001722C
:10CDA0000020FFF727FE5C480078400840005A4901
:10CDB0000870012149036748F8F77CFA012109034B
:10CDC0006448F8F777FA012210216248F8F794FADC
:10CDD000012208215F48F8F78FFA0020F8F726F9BA
:10CDE00001208004F8F722F94F48F8F71FF94B4863
:10CDF000407940084000401C48494871F6F726FF3A
:10CE000072B6FAF715FCFAF76DF901217D20C00022
:10CE1000FAF766FCF6F71CF900E075E0F6F76AFA37
:10CE2000F6F78CF8F6F7C4FA62B6F7F7ADFE3B48B2
:10CE300000798006C00F002805D1384800794006E7
:10CE4000C00F002835D0354800798006C00F002873
:10CE50000CD032480079202188433049087134A130
:10CE600034A0F8F701F83CA0F7F7FEFF2B48007953
:10CE70004006C00F00281CD02DA12EA0F7F7F4FF0C
:10CE80003BA0F7F7F1FF254800794021884323496B
:10CE9000087121480078C007C00F002809D1084652
:10CEA00040798007C00F002803D001211A48403084
:10CEB00001721A4840798007C00F002809D1334811
:10CEC0000068643032490860FF20F5301549088059
:10CED0001AE0FFF727FE16A116A0F7F7C5FF2B48AB
:10CEE00003682C4800682B4949682A4A92680393D2
:10CEF0000092019102902748C3680069421C2548AE
:10CF000041692548F7F7B0FF00BFC0E634000020B4
:10CF1000005C2605040B0020DC1400206C080020B7
:10CF20002E0000202C00002001000C000800002032
:10CF30004C4F47000A5B25735D000000446576692D
:10CF4000636520456E7465722053746F70204D6F59
:10CF500064650000000400504465766963652057ED
:10CF6000616B652055702046726F6D2052544300EE
:10CF70004465766963652057616B6520557020466E
:10CF8000726F6D2045585449000000005C0000207D
:10CF900040000020D8090020B8D4000810B50B4884
:10CFA0000B4948610120C8600B2088600B46DA6895
:10CFB0001B69591C064B586900F020F80449886128
:10CFC000FDF734FFF9F7DCFF10BD0000E6070000B5
:10CFD000D809002070B504460025002C02D0206836
:10CFE000002800D170BDA168206845182846F3F7D5
:10CFF000ABF9A1684018A06000BFF3E7F7B584B0B3
:10D000000E46374606980390022F03DC0498401E14
:10D0100004900C3764210498F3F782F804466421E5
:10D020000498F3F77DF80D46791C0D22514308460C
:10D030000521F3F775F80246E017810F08198010F3
:10D040006100401A4019E9178B0F591989104018CF
:10D0500011180195009403980818401E02900721AA
:10D060000298F3F75DF8084607B0F0BD081C30449D
:10D07000586C80000000000400040000080000005C
:10D0800008000008000000080000040008000C6808
:10D090006B740000081C3044586C800000000004D1
:10D0A000000400000800000008000008000000085C
:10D0B0000000040008000C001F0000001C0000001D
:10D0C0001F0000001E0000001F0000001E000000E6
:10D0D0001F0000001F0000001E0000001F000000D5
:10D0E0001E0000001F000000081C3044586C800027
:10D0F0000000000400040000080000000800000810
:10D10000000000080000040008000C0000000000FF
:10D1100000000001020304060708090000000001E6
:10D12000020304030406080C10182030004040409D
:10D1300040404040404041414141414040404040EA
:10D140004040404040404040404040404005020296
:10D150000202020202020202020202020220202055
:10D1600020202020202020020202020202029090B1
:10D1700090909090101010101010101010101010AF
:10D180001010101010101010020202020202888803
:10D19000888888880808080808080808080808080F
:10D1A00008080808080808080202020240000000F7
:10D1B0002DD100081F1D1F1E1F1E1F1F1E1F1E1FFB
:10D1C0001F1C1F1E1F1E1F1F1E1F1E1F4375727256
:10D1D000656E7420475053205265706F72742049F9
:10D1E0006E74657276616C2025646D696E2C2047C3
:10D1F00050532052656F70656E2054696D6573746D
:10D20000616D702025642C2053797374696D6520DD
:10D210004E6F77203A253034642D253032642D2529
:10D220003032643A253032643A253032643A25305F
:10D230003264202C2054696D657374616D70203ADE
:10D24000256C64000D0A4465766963652053796E28
:10D2500063205363686564756C65204D6F64655B1E
:10D2600025645D3A0A095363686564756C655B31D2
:10D270005D2025646D696E205B25643A25642D254B
:10D28000643A25645D0A095363686564756C655B7F
:10D29000325D2025646D696E205B25643A25642D1E
:10D2A00025643A25645D0A0949646C6520526570FD
:10D2B0006F727420496E74657276616C2025646D9E
:10D2C000696E00004150504B45593A202530327864
:10D2D00020253032782025303278202530327820D1
:10D2E00025303278202530327820253032782025BC
:10D2F00030327820253032782025303278202530A1
:10D30000327820253032782025303278202530328E
:10D310007820253032782025303278004E574B5314
:10D320004B45593A20253032782025303278202557
:10D330003032782025303278202530327820253060
:10D34000327820253032782025303278202530324E
:10D3500078202530327820253032782025303278F8
:10D360002025303278202530327820253032782040
:10D370002530327800000000415050534B45593A57
:10D380002025303278202530327820253032782020
:10D39000253032782025303278202530327820250B
:10D3A00030327820253032782025303278202530F0
:10D3B00032782025303278202530327820253032DE
:10D3C0007820253032782025303278202530327888
:10D3D000000000002C4150504B45593A253032781E
:10D3E0002530327825303278253032782530327841
:10D3F0002530327825303278253032782530327831
:10D400002530327825303278253032782530327820
:10D41000253032782530327825303278000000000F
:10D420002C4E574B534B45593A25303278253032E4
:10D4300078253032782530327825303278253032F0
:10D4400078253032782530327825303278253032E0
:10D4500078253032782530327825303278253032D0
:10D460007825303278253032780000002C41505039
:10D47000534B45593A2530327825303278253032B1
:10D4800078253032782530327825303278253032A0
:10D490007825303278253032782530327825303290
:10D4A0007825303278253032782530327825303280
:10D4B000782530327800000055706461746520531F
:10D4C000797374696D65204E6F77203A2530346426
:10D4D0002D253032642D253032643A253032643ABD
:10D4E000253032643A25303264202C2054696D6531
:10D4F0007374616D70203A256C6400000D0A5265EA
:10D50000616420466C617368205363686564756C60
:10D5100065204D6F64655B25645D3A0A0953636855
:10D520006564756C655B315D2025646D696E205B9B
:10D5300025643A25642D25643A25645D0A09536300
:10D54000686564756C655B325D2025646D696E206D
:10D550005B25643A25642D25643A25645D0A0949F2
:10D56000646C65205265706F727420496E746572C8
:10D5700076616C2025646D696E000000436C6F73EA
:10D580006520477073204D6F646520506F7765721A
:10D590002C204E65787420526561642054696D6555
:10D5A0007374616D703A2025642C204E6F7720547F
:10D5B000696D657374616D703A2025640000000028
:10D5C000524D433A2064646D6D79793D257320682E
:10D5D000686D6D73733D2573206C61743D25662005
:10D5E0006C6F6E3D25662073706565643D25662011
:10D5F000747261636B3D2566206D6F64653D2564C3
:10D60000207661723D252E316620737461747573C6
:10D610003D2564004E6578742057616B6520557018
:10D620002054696D653A20253032643A25303264E1
:10D630003A253032642C2054696D65204E6F773A5C
:10D6400020253034642D253032642D253032643A63
:10D65000253032643A253032643A25303264000095
:10D6600041542B4150504B45593D202530327820B4
:10D670002530327820253032782025303278202528
:10D68000303278202530327820253032782025300D
:10D6900032782025303278202530327820253032FB
:10D6A00078202530327820253032782025303278A5
:10D6B000202530327820253032782C3000000000D0
:10D6C0000D0A4170704B65793A2530327825303239
:10D6D000782530327825303278253032782530324E
:10D6E000782530327825303278253032782530323E
:10D6F000782530327825303278253032782530322E
:10D700007825303278253032780D0A002CD7000881
:10D7100000000020E80000006C7C000814D800081D
:10D72000E8000020901B00007C7C00080000000046
:10D7300000000000000000000000000000000000E9
:10D7400000000000000000000000000000000000D9
:10D750006400000000000000000000000000000065
:10D7600000000000000000000000000000000000B9
:10D7700000000000000000000000000000000000A9
:10D780000000000000000000000000000000000099
:10D790000000000000000000000000000000200069
:10D7A000000000000000000000000000197C0008DC
:10D7B000AD7B000895C40008083FBC00650000016F
:10D7C0002D35C7963275D743B4E73BEA91681A3BCB
:10D7D000416464722D35C7963275D743B4E73BEA8E
:10D7E00091681A3B2D35C7963275D743B4E73BEAAB
:10D7F00091681A3B000000000000000000000000DB
:10D800000000000000000000000000000000000018
:04D810000000000014
:04000005080000D916
:00000001FF
