:020000040000FA
:1040000030130120C1420000F9DC0000E340000051
:1040100000000000000000000000000000000000A0
:10402000000000000000000000000000E54000006B
:1040300000000000000000000D4100001F430000D0
:10404000EB400000EB400000DDF10000EB40000021
:10405000EB400000EB400000EB400000EB400000B4
:10406000EB400000CD090100790A0100B90A010006
:10407000590B0100C50B0100050C0100EB400000CD
:10408000EDD0000061CA000000000000EB4000001D
:1040900009CE0000EB400000EB400000EB400000C8
:1040A000EB400000EB400000EB400000296F0000F7
:1040B000EB400000EB400000A9C00000EB40000016
:1040C0000448854601F074FB0048004741A90100FF
:1040D000C046C046301301200448804704480047CA
:1040E000FEE7FEE7FEE7FEE7FEE7FEE75D0801000C
:1040F000C140000000202A4A106062B629482A49BF
:104100000860BFF34F8FBFF36F8FFEE72748284A41
:1041100000230168002915D00360EFF30983103BE9
:10412000F0C344464D4656465F46203BF0C3143B21
:1041300075461D608B601F4C2568002D02D08D6177
:104140000025256072B61168002914D0016062B69E
:104150004F68184C8D697F1C4F6025608B681D6807
:104160001B1DAE46F0CBBB46B246A946A046F0CBDF
:1041700083F30988704772B611680160002909D17C
:104180000FB41BF095FD0FBC0FB41BF09FFD0FBCCF
:1041900062B6F0E7084F044D2F6062B6D8E7000022
:1041A000BC0700200000001004ED00E0A007002084
:1041B000A4070020FC070020000000080269072374
:1041C0009A43443A0B4B1360002353609360D360CF
:1041D000136153619361D361136253629362D3623B
:1041E00013635363044B9363D163044B1364826082
:1041F00070470000FDFFFFFFFFFFFFFF0000000111
:1042000023490868401C0860224B1A68002A06D01F
:10421000521E1A60002A02D11F4B012018601F494C
:1042200008680268002A03D01D4B01221A6007E0CB
:10423000001D1C4B1A68904201D11B4B1868086086
:10424000154B1A68002A03D11549086800281BD0AD
:1042500001B513490868002801D010F001FA0E4B8F
:104260001A68002A0ED010F0CDF810480168002915
:1042700008D10F4801680F4A13680F480F4A994246
:1042800000D0026003BC8E46BFF34F8F7047000022
:10429000CC070020FC070020D0070020DC0700200E
:1042A000E0070020D8070020D4070020BC0700202A
:1042B000A0070020A407002004ED00E0000000108B
:1042C00072B61B48004772B61A481B49091D0160A7
:1042D0001A481B4901601B481B4A104418490160D9
:1042E0001A481749096801601648194941610721B0
:1042F000016118491348184A1044016017491148D0
:10430000174A1044016017490E48174A10440160CB
:104310007047FEE7FEE701B503BC8E46704701B566
:10432000FFF76EFF03BC8E467047FEE7FEE7000016
:10433000C1400000300700203013012008ED00E0EC
:104340000040000000E000E0080D00009C07002095
:104350007F3E000000000000180D0000000000FF7C
:104360001C0D00000000FF40200D0000F8B50646BF
:104370004878097800020843778945BAFE4CAF4275
:1043800001D3FE48F8BD3089A84215D9401B00F082
:104390008DFF0090E81B00F089FF0546707800F063
:1043A00090FFF74900F066FD294600F063FD009993
:1043B00000F09DFDA04201DD2046F8BDEF49884296
:1043C000FBDA0846F8BDF3B504462030417981B0E8
:1043D000002908D0002141710298A0620298E06291
:1043E000E8482064FEBDA56A0298294600F03AFD1F
:1043F000E54900F03FFD294600F0E3FCA062009093
:10440000E66A05463146029800F02CFDDF4900F0CF
:1044100031FD314600F0D5FC07460146E0622846F2
:1044200000F020FD0646DA4900F01CFD216B00F08B
:10443000C8FC0121C9052063884200DA0020D54D5F
:104440002063A84200DC0546D3493046256300F0CE
:10445000B8FC616B00F0B5FC0121C90560638842BE
:1044600000DB0020CD496063884202D800F09EFF47
:1044700001E0CB48CB4900F0C1FFC54960638E42E3
:1044800002DCC9498D4201DD00211FE0C74AC8494D
:10449000964204D2C74A904201D2304613E0C64841
:1044A0008742FADD3946009800F021FD7F21C905D9
:1044B00000F0D8FC0546B349206C00F0D3FC294637
:1044C00000F0D8FCBD4900F0D5FC0146206C00F09E
:1044D00078FC05462064BA49029800F0CBFCA94E4E
:1044E000314600F06EFCB749884200DD08460746B9
:1044F0003046854200DD28463946206400F0A4FF9E
:1045000000D3276C27643846FEBDF8B50224AE4EB2
:104510007F250746ED05A0003158384600F08AFF98
:104520001ED3A4003159384600F09CFCA6490C3932
:10453000095900F09FFC294600F043FC00F036FFCB
:1045400015F0F0FE00F05AFF9F491839095900F0A4
:1045500091FC9D490C31095900F033FC074603E0FA
:10456000641E64B2002CD6DA2846874200DD384645
:10457000F8BD10B500218162C1620163814A026405
:1045800001220346416320335A710A469400521CAB
:10459000D2B20151092AF9D33C221A718163C16355
:1045A0004164002010BDE4E7FFB501460446203118
:1045B000087995B01D4600280BD00122401E1192AB
:1045C00008718248A06382480E90E063FFF79DFF68
:1045D000CCE00020074611901698BE00805900F0EC
:1045E000E5FE15F09FFE00F009FF014630467F1CF6
:1045F0006E46FFB23150092FEED30198099004990D
:10460000089800F074FC7F21C905884202DD00F0A3
:10461000CDFE01E000206F4900F0F0FE1290012075
:1046200000271390BE0068468159A05900F002FF90
:1046300002D27F20C00500E067480F90A0590A9081
:10464000684680590A9900F00DFC0F9900F012FCA1
:104650000A9900F0B6FBA0516946895900F002FCA6
:10466000694688515D49884201D3002013907F1C20
:10467000FFB2092FD6D3139800284BD00DA9684656
:1046800000F083F9049800900BA9684600F0E9F95E
:1046900001200D99C005814200DA00210D910B998E
:1046A000814200DA00210B91129800F0DEF80B999C
:1046B00000F0E0FB01460B900D9800F082FBFF211B
:1046C000890500F0D7FB0021C94300F04EFC0646E7
:1046D000072717987F07802804D200F00DFE0246B6
:1046E0000B4609E000F0EDFD8721C90500F0BAFB9B
:1046F00000F05CFE0B4602463846394916F08AFB4C
:1047000000F07CFE314600F0B5FB304EB04202DDD9
:10471000064600E02D4E3349304600F0ABFB0E90CC
:10472000FFF7F3FE0F90A76B3046394600F09AFB77
:104730002D4900F09FFB394600F043FBA063E66B78
:104740000E98314600F08EFB274900F093FB31466E
:1047500000F037FBE063666C0F98314600F082FB97
:10476000214900F087FB314600F02BFB6064A06B11
:104770002864E06BE86339E0A5D468530000C842C0
:1047800000007A440000C843B6A0453CA14C343C2C
:10479000B9B7513CCDB1A93493F9283A070DFABC09
:1047A000678BCADBA0419FBFFF02D72C93F928BAC1
:1047B0002C923A42C4359DB86F12833A7FE57B3D17
:1047C000FF440E4700409C45B479030027A0093CF4
:1047D000395E813C0000F03F0EA21138CCBC8CAB9E
:1047E0007EAEF03FD7A3F03F9AE4C23D606CA86371
:1047F00020460E99FFF7E7FD686420696863119809
:1048000019B0F0BDFFB589B01D4616460F4600240D
:10481000600081193846891CFFF7A8FDA100641CBF
:10482000E4B26850062CF3D30624600081193846A0
:10483000891DFFF79BFDA100641CE4B268500D2C9C
:10484000F3D302206A4681006B5889188039401CD6
:10485000C0B28B670B28F6D338692B46827969463C
:104860000998FFF7A1FE0DB0F0BDF8B51B4900F0A7
:1048700001FB1B4900F0FAFA1A491B4A884229D267
:10488000904200DD104600F091FD11F0D7F800F0E5
:10489000B5FD7F2405460146E405204600F027FBD0
:1048A00007460146284600F08CFA06463946284657
:1048B00000F0D8FA314600F01AFB0C4900F0DAFAA1
:1048C0000B4900F0D3FA0B49A04205DD884200DD18
:1048D0000846F8BD0846D6E72046F8BDF99E0142D5
:1048E000718833420000A4C20000A4429F33E53F18
:1048F0004A0143400000A040F7B582B017460024AB
:104900001BE00298A600805900F066F8014600906E
:104910007F20C00500F0EBFA01460190009800F0FE
:1049200050FA05460199009800F09CFA294600F0DB
:10493000DEFA0399641C8851A4B2BC42E1D305B0ED
:10494000F0BDFFB581B00F4600260A9C19E0B0000B
:1049500021680090395000250DE00198A9004158C8
:10496000206800F087FA0099795800F02AFA009937
:104970006D1C7850ADB20398241D8542EDD3761C92
:10498000B6B204988642E2D3D9E710B50C4690B08F
:104990001B490A2300911A4601A9FFF7D2FF01A97A
:1049A0000A220846FFF7A8FF1648009005230A22AE
:1049B0000BA901A8FFF7C5FF0BA905220846FFF7C1
:1049C0009BFF10480123DC300090052221460BA8F4
:1049D000FFF7B7FF10B010BD0B4910B5884202DDDC
:1049E00000200A4907E00A49884202D90020094903
:1049F00001E000F0DBFC11F021F800F0FFFC10BD3D
:104A0000CC790300847B03000000A4420080544062
:104A10000000A4C2008054C0FFB581B00F4600263C
:104A20000A9C19E0B00021680090395000250DE083
:104A30000198A9004158206800F01CFA00997958A3
:104A400000F0BFF900996D1C7850ADB20398241D99
:104A50008542EDD3761CB6B204988642E2D305B007
:104A6000F0BDF3B58BB0244900910623012202A9C1
:104A7000FFF7D2FF02A8062602AF0024099009988A
:104A8000A500405900F023F8014600907F20C005A2
:104A900000F02DFA01460190009800F092F908907C
:104AA0000199009800F0DEF9089900F020FA641CE2
:104AB000A4B27851B442E2D30F48012330300090C1
:104AC000062202A80C99FFF7A7FF0DB0F0BD0B4915
:104AD00010B5884202DD0020094907E009498842F3
:104AE00002D90020084901E000F060FC10F0A6FFA8
:104AF00000F084FC10BD0000787C03000000A4429C
:104B0000008054400000A4C2008054C030B50B4661
:104B1000014600202022012409E00D46D5409D4297
:104B200005D31D469540491B25469540401915461D
:104B3000521E002DF1DC30BD70B500242546002842
:104B400001DA01244042002901DA01254942FFF738
:104B5000DDFFAC4200D04042002C00D0494270BD85
:104B600010B5024900F004F810BD00000403012054
:104B700070B50C4600683C21FFF7C8FF21603C215E
:104B8000FFF7C4FF61601821FFF7C0FF0546A16071
:104B90000721001DFFF7BAFFA1610F48A9000818FF
:104BA0000E49FFF7B3FF0246443288086261E061B4
:104BB0003B2802D3910700D0401C0021084B0A4635
:104BC0002161995C814203D8401A521C2261F8E7A6
:104BD000401CE060204670BD6C0B0000B505000075
:104BE000E07D030038B50446C0681821401E4843E4
:104BF000A16840183C214843616840183C21484363
:104C00002168451860690C214843216940186921D1
:104C1000C900401A3021FFF78FFF114A5043421953
:104C2000084600921A2902DB0E49511800910C2106
:104C3000FFF782FF0C4A5043009A801800900B48FF
:104C400006E0491E425C074B5A43009BD218009273
:104C50000029F6DC21466846FFF78AFF009838BD38
:104C6000801F8607805101008033E101EC7D030045
:104C700010B5441A0346944209D28318891803E0F8
:104C8000491E0C785B1E1C70521EF9D210BD0C46DA
:104C90000443A40703D009E010C9121F10C3042A5B
:104CA000FAD203E00C781C70491C5B1C521EF9D22E
:104CB00010BDD2B201E00270401C491EFBD2704709
:104CC0000022F6E710B513460A4604461946FFF7D8
:104CD000F0FF204610BD30B505462A460B46107839
:104CE0001C78521C5B1C002801D0A042F7D0002C7D
:104CF00003D0002802D06D1CEFE7284630BD421CCF
:104D00000178401C0029FBD1801A704710B50022A1
:104D100000E0521C835C8C5CA34201D1002BF8D1D3
:104D2000D8B2E1B2401A10BD30B5044600200346A7
:104D300000E05B1C934203D2E05CCD5C401BF8D0EA
:104D400030BD30B505460020034600E05B1C9342B1
:104D500005D2EC5CC85C201A01D1002CF6D130BD24
:104D600070B5104D002800D12868002414E00A46D0
:104D700002E09E4203D0521C1378002BF9D1DAB224
:104D8000224307D0002B06D0002C04D00021017054
:104D9000401C04E00446401C0678002EE7D1286041
:104DA000204670BD0408002070B506460CF0DEFEFB
:104DB000046805460A220021304600F0B3FB2C604F
:104DC00070BDF8B502464A40D40F42004B0052086D
:104DD0005B089A4202D20246084611464A0023D096
:104DE000C30D4A00DDB2120EAD1A202D35DA49028C
:104DF0000126490AF6058A19002C00D052422021CA
:104E00004F1B1146B9402A411018C20D9A4221D0B9
:104E1000002C17D0012D08DCDA05801AD20F80197A
:104E2000D207DBB200F0BEFBF8BDDA05801A012321
:104E300040001B06C01880185A428018CA0F104341
:104E4000490007E04908C2071143DA05801A8019B2
:104E50004008801800F09EFBF8BD61000122511A45
:104E6000001BF7E70122D2075140AAE70122D2072F
:104E70005040A6E7024670B54A40D30FDB0740001A
:104E80002DD04A002AD0010E140E00021202091978
:104E9000400A520A8418E50104465443000A120AE3
:104EA0002E045043A4194219200CC543AA18120C11
:104EB0000125AD03521C521912047F39240400D07D
:104EC000521C104301D44000491EC2B20C06C00956
:104ED0002018401C4008802A02D003E0002070BD4A
:104EE00040084000002900DA0020184370BD70B56A
:104EF00002464A40D50F40004A00ED0740085208DC
:104F0000002814D0002A12D0C40DD30D4102012074
:104F1000C0055202490A520AE41A091812187D34CF
:104F2000914201D3641C00E04900002C01DA00200A
:104F300070BD0023914201D3891A03434008490000
:104F40000028F7D100290AD0914202D10121C907D6
:104F500005E0914201D2012101E00121C943E005B0
:104F6000C018401900F016FB70BD420005D0420089
:104F7000120E52428A4201DB00207047C905081810
:104F800070470000F0B507460846584087B0C00F8C
:104F9000049048000E46590040084908BC1A884150
:104FA00005D2384631461E4617460B460246580083
:104FB000400810434DD0300D039040055900400D7E
:104FC000490D0590401A0290402873DA1803012118
:104FD000000B09050843019004980092002806D0B0
:104FE0001146019A49420020904100910190029897
:104FF00040210A1A0199009800F060FA05460C4613
:105000006B4607CB00F07BFAC0197141039A0E0D75
:105010000023D71756401A467A40164344D0049AC4
:10502000002A2DD0029A012A039A15DC1205C01A13
:10503000914101263605001C7141D20F059ED20711
:105040000093019202962A46234600F0F1FA07B037
:10505000F0BD38463146FAE71605234A0F46B21826
:10506000C01AB74101210905001C4F4100187F41BA
:10507000114618187941E20F10436D19644113E08D
:10508000E2076D0815436408C2071443039A01261A
:105090001205C01A91413605001C7141CE07400827
:1050A00030434908C01851412A46234600F0B3FA5C
:1050B000CDE7FFE7049801224000C117121A002330
:1050C0008B4104983146C417381AA141EEE730B439
:1050D0000124E407634030BC54E730B40124E40702
:1050E000614030BC4EE700000000E0FFF0B51FB4A7
:1050F00088B00B990998002448400999C00F4900CD
:1051000049080991C0070B990090490049080B9183
:1051100009990898A64608431CD00B990A98084399
:1051200018D0099801244000420D4800410D09980B
:1051300024050003000B204309900B980003000B8B
:1051400020430B9050181C4940180022019014462F
:10515000104605E0002001460DB0F0BD032801DA3D
:10516000034600E003239C46C11A0AAE0AE05F0032
:1051700008ADED5B4F00F75B7D430027AA187C412B
:10518000491C5B1E6145F2DD410004AB5A5221040B
:10519000120C0A43240C401C0828DFDB0198029003
:1051A0000099704601910090059B049A0799069812
:1051B00000F03EFAD0E700000DFCFFFFF0B50C4612
:1051C0005C4085B0E40FE40703944C0000266408BB
:1051D00059009446490802460296224321D062466D
:1051E0000A431ED06200570D4A000E032303550DDB
:1051F000012402462C492405781B1B0B360B401852
:1052000023432643614600901C46501AB44103D301
:105210000098401C009002E0921800985B41002822
:1052200003DA0020014605B0F0BD00200121090588
:105230000746864611E064461D46141BB54106D359
:105240006546521BB341744607430C43A646CD073F
:1052500040084908284392185B4105460D43EAD1AE
:105260001046184313D06046194650407140084319
:1052700006D06046101AB34106D20122002306E090
:1052800000220123DB0702E00122D24353100098E1
:1052900074460105381C6141029C039D0019694157
:1052A00000F0B9F9BFE70000FD030000C217C10F0D
:1052B000504010B54018CA079623002100F072F93B
:1052C00010BD10B500229623114600F06BF910BDF9
:1052D0000EB5C217C10F5040CA0740180021054B38
:1052E0000293019200910A460B4600F0A1F903B027
:1052F00000BD0000330400000EB5054902910021F5
:1053000000910A460B46019100F092F903B000BDEE
:1053100033040000C20F410040020123400ADB05B4
:10532000D207090EC0187F2901DA0020704796299C
:1053300003DC9623591AC84001E096398840002AB8
:10534000F4D040427047410040020122400AD20599
:10535000090E80187F2901DA00207047962903DCA6
:105360009622511AC840704796398840704700000D
:105370004A0009030123090B1B051943094B10B50A
:10538000520D9A4201DA002010BD064B34339A4286
:1053900003DC9A1A00F0A2F810BD034951188840A6
:1053A00010BD0000FF030000CDFBFFFFC20FD207BE
:1053B000400040080BD0C10D0723DB01C918400293
:1053C0000905400A1143C2084007114370470020F5
:1053D0000146704710B5002904DB0124E407404270
:1053E0008C412146002B04DB1C460123DB07524283
:1053F000A3418B4200D1824210BD0000CB0FDB07DE
:10540000490010B5490802460A4307D00A0D07248F
:105410000903E401090B121B002A01DC002010BD66
:10542000C900440F0C43C100E018D205801800F0F9
:10543000B1F810BD0122D207002800DB101A0029A4
:1054400000DB511A814270470122D207002800DB9D
:10545000101A002900DB511A88427047F0B51FB4BA
:105460000646002082B005464024019100901BE0D2
:10547000019922460F46304600F030F8049A059B09
:10548000801A994110D310461946224600F016F8AA
:10549000361A8F410197224601200021009F00F01B
:1054A0000DF838184D4100902046641E0028DFDCBE
:1054B000019B00982946324607B0F0BD10B5202A5E
:1054C00004DB0146203A9140002010BD914020238A
:1054D0009C1A0346E3401943904010BD10B5202AA2
:1054E00004DB0846203AD040002110BD0B46D340D3
:1054F000D0402024A21A91400843194610BD10B58F
:10550000202A06DBCB170846203A1041C1170B436F
:1055100006E00B461341D0402024A21A91400843D4
:10552000194610BDF7B5009C0F4600262578641C6F
:10553000002D05D000F04EF90068405DC007F5D1A0
:105540002B2D02D02D2D18D0641E39462046029AEC
:1055500000F044F9002F04D03968A14201D100992C
:1055600039607105022400290BDA4042002803DD6E
:105570000CF0FCFA0460A007FEBD01208002064387
:10558000E3E70028F8DA0CF0F1FA04600048FEBD09
:10559000FFFFFF7F002904DA401C490001D14008C9
:1055A0004000704770B40024050C05D1102400049D
:1055B00002D1002921D01124050E01D100020834A6
:1055C000050F01D10001241D850F01D18000A41C0D
:1055D000002801DB4000641C002908D020252E1B78
:1055E0000D46F540A14000D00121294308430106A2
:1055F0001B1B000ADB1D02D5002070BC7047DB05B9
:10560000181880180029F8DA401C4900F5D170BC40
:1056100040084000704710B5002B08DA0024401CF9
:10562000614192185B411A4301D14008400010BD0E
:10563000F0B51FB482B005460C0003D008460CF04C
:10564000FFF802E00CF0FCF8203002460090214602
:105650002846FFF733FF049B059A04460F4618437C
:105660001143084314D0184610431BD00098402122
:105670000A1A18460599FFF731FF05460E46009AAB
:1056800005990498FFF71AFF084305D0012004E0AC
:105690002046394607B0F0BD0020C11705430E4330
:1056A0002C43374300990E986305401A7905E40AA4
:1056B00000220C43FD0A0A3002D500200146E9E72A
:1056C0000105101969410C9C0D9D00196941FFF7F6
:1056D000A2FFDFE770B54B005B0803430BD04B0024
:1056E0005C0D002633466542B341D417AD1AA34181
:1056F00002DB0020014670BD12053018514170BD1B
:1057000070B5CD0F4A0009030123090B1B0519438E
:105710000B4BED070024520D9A4201DA002070BDB8
:10572000074B34339A4203DC9A1AFFF7D7FE02E0A4
:105730000449511888402C43F1D0404270BD00000C
:10574000FF030000CDFBFFFF4A0009030123090B03
:105750001B0519430A4B10B5520D9A4202DA00207C
:10576000014610BD064B34339A4203DC9A1AFFF708
:10577000B5FE10BD034BD218FFF7A0FE10BD000010
:10578000FF030000CDFBFFFF10B5002904DB01245F
:10579000E40740428C412146002B04DB1C460123D8
:1057A000DB075242A341994200D1904210BD000054
:1057B000064C0125064E05E0E36807CC2B430C3C64
:1057C00098471034B442F7D3FEF77EFC6C8B03008D
:1057D0008C8B030000487047847E0300F7B582B0CD
:1057E000029C00272078641C15460197302802D0BF
:1057F000002D15D015E020780127641C782804D0EE
:10580000582802D0002D09D00BE0002D01D0102D1A
:1058100007D1002710252078641C02E0082500E04D
:105820000A250026009610E0009901276943081810
:10583000020C294680B2714300908E1838048642CB
:1058400001D3012001902078641C294600F06AF8F9
:105850000028E9DA0398002805D0002F01D0641E43
:1058600000E0029C04600198002806D00CF07EF94C
:1058700002210160C81E05B0F0BD00993004084344
:10588000F9E7FEB500231A461B1A8A4103DB002004
:10589000014603B0F0BD4A000D0301212D0B09059F
:1058A000520D0D43D10702D100186D41521E511007
:1058B000FF31FF310131002704463E46384600974C
:1058C00001910246012100200905FFF707FEC319D7
:1058D0007141F818324684468E464A416146284650
:1058E000611A904104D36046241A954176461F46BA
:1058F000241900986D41401C00903428E1DDF9190D
:1059000030467041091BA84103D20022D2431346FE
:1059100001E00022134601980105381C7141FFF790
:105920007AFEB6E73A2800D23038202302469A435E
:10593000412A01D310463738884201D30020C043A2
:10594000704770B58C180578401C6B075B0F01D150
:105950000378401C2A1106D10278401C03E0067827
:105960000E70401C491C5B1EF9D12B0705D4002387
:10597000521E0DD40B70491CFAE70378401CCB1A59
:10598000921C03E01D780D70491C5B1C521EF9D55A
:10599000A142D8D3002070BDF7B582B00E461446A0
:1059A00000276420019007F017F913F05DFD00282F
:1059B00009D13BA13CA007F0CDF83DA007F0CAF803
:1059C000002005B0F0BD13F083FD002808D134A1FC
:1059D00035A007F0BFF83BA007F0BCF80020F0E7C7
:1059E0007D21C9003D48FFF76BF900203C49088341
:1059F000029808F007F93BA008F004F9374D3AA1E6
:105A00002046FFF768F9002805D13AA12046FFF7A4
:105A100062F9002800D0ED1D32E021A12846FFF7F1
:105A20005AF9002809D01EA11FA007F093F834A04E
:105A3000029907F08FF80020C3E737A12846FFF747
:105A40004AF9002809D016A117A007F083F835A05D
:105A5000029907F07FF80020B3E701987843B0423D
:105A600009DD37A110A007F075F837A0029907F0FB
:105A700071F80220A5E7019808F0BEF8781C87B2FB
:105A800021462846FFF727F90028C6D035A106A0F1
:105A900007F060F834A0029907F05CF8012090E765
:105AA0004552524F520000000A5B25735D00000012
:105AB0004C6F526157414E204D6F646520455252E4
:105AC0004F4521004C6F526157414E205374617411
:105AD0007573204552524F4521000000008C002074
:105AE000D08F00200D0A00002B4C494E4B20494E10
:105AF000464F3A002B52544320494E464F3A00003D
:105B00002225732220617420636D642065786563AB
:105B1000206572726F720000424144205041524D24
:105B2000000000002225732220617420636D642030
:105B30006578656320626164207061726D000000A9
:105B40005741524E0000000022257322206174202C
:105B5000636D6420657865632074696D656F757425
:105B6000000000004C4F4700222573222061742062
:105B7000636D642065786563207375636365737313
:105B800000000000F0B587B000255FE031A2324987
:105B900032A0FFF701FF012852D133A133A006F054
:105BA000D9FF34A13648FFF796F80746394635A0A5
:105BB00006F0D0FF78213448FFF782F82DA1304855
:105BC000FFF789F8064600200690002406AB2E4A0F
:105BD0002EA130460FF065FE0AE0611C89002A4BB9
:105BE0005A582B490819022301210FF0E3FD641CC8
:105BF0000699481E06900029EFD11BA11BA006F0B4
:105C0000A9FF23480B38807C21490B39497C204A65
:105C10000B3A127C1E4B0B3BDB7B019302920391F0
:105C200004901B480B38807B009019480B38437B4D
:105C3000027BC17A17A006F08DFF012007B0F0BDEE
:105C4000681C85B27D20C00007F0D6FF032D9DDBC8
:105C50000020F3E74F4B0000DC05000041542B41CE
:105C600050504555493F00004C4F47000A5B257393
:105C70005D0000002B4150504555493A000000009E
:105C8000008C0020257300005CB300202000000081
:105C9000DFB300204150504555493A202530327835
:105CA0002025303278202530327820253032782077
:105CB0002530327820253032782025303278202562
:105CC00030327800F0B58FB000257AE03FA240492D
:105CD00040A0FFF761FE01286DD141A141A006F06F
:105CE00039FF42A14448FEF7F6FF0746394643A074
:105CF00006F030FF78214248FEF7E2FF3BA13E4824
:105D0000FEF7E9FF064600200E9000240EAB3C4A49
:105D10003CA130460FF0C5FD0AE0611C8900384BFC
:105D20005A5839490819022301210FF043FD641C18
:105D30000E99481E0E900029EFD129A129A006F046
:105D400009FF3148C07B3049897B2F4A527B2E4B5B
:105D5000133BDB7F09930A920B910C902A4813386E
:105D6000807F29491339497F274A133A127F264BEE
:105D7000133BDB7E05930692079108902248133867
:105D8000817E407E204A133A127E1F4B133BDB7DFF
:105D900001930292049103901B481338807D009078
:105DA00019481338437D027DC17C184806F0D2FEA5
:105DB00001200FB0F0BD681C85B27D20C00007F047
:105DC0001BFF032D82DB0020F3E700004F4B000098
:105DD000DC05000041542B4150504B45593F000019
:105DE0004C4F47000A5B25735D0000002B4150506B
:105DF0004B45593A00000000008C0020257300003C
:105E00005CB3002020000000E7B30020887E030080
:105E1000F0B58FB0002570E03AA23B493BA0FFF7F8
:105E2000BBFD012863D13CA13CA006F093FE3DA13F
:105E30003F48FEF750FF074639463EA006F08AFE6F
:105E400078213D48FEF73CFF36A13948FEF743FF75
:105E5000064600200E9000240EAB374A37A130468C
:105E60000FF01FFD0AE0611C8900334B5A5834497A
:105E70000819022301210FF09DFC641C0E99481E95
:105E80000E900029EFD124A124A006F063FE2C4837
:105E9000C07B2B49897B2A4A527B294B1B7B099368
:105EA0000A920B910C902648C27A807A2449497A4A
:105EB000234B1B7A05930892069107902048C079DE
:105EC0001F498A7949791E4B1B79019303920291EC
:105ED00004901B48C0780090194883784278C01F0E
:105EE000C179184806F036FE01200FB0F0BD681CDD
:105EF00085B27D20C00007F07FFE032D8CDB0020E3
:105F0000F3E700004F4B0000DC05000041542B413B
:105F10005050534B45593F004C4F47000A5B257387
:105F20005D0000002B415050534B45593A00000092
:105F3000008C0020257300005CB3002020000000CE
:105F4000FBB300203C7F030070B500241BE010A2CF
:105F5000104911A0FFF720FD01280ED111A112A0B8
:105F600006F0F8FD12A11448FEF7B5FE05462946D5
:105F700012A006F0EFFD012070BD601C84B27D20F0
:105F8000C00007F039FE032CE1DB0020F4E700003D
:105F90004F4B0000DC05000041542B42414E443F72
:105FA000000000004C4F47000A5B25735D000000B5
:105FB0002B42414E44000000008C0020257300005D
:105FC00070B500241BE010A2104911A0FFF7E4FCFB
:105FD00001280ED111A112A006F0BCFD12A1144897
:105FE000FEF779FE0546294612A006F0B3FD012012
:105FF00070BD601C84B27D20C00007F0FDFD032C45
:10600000E1DB0020F4E700004F4B0000DC0500005E
:1060100041542B434C4153533F0000004C4F470029
:106020000A5B25735D0000002B434C4153533A003B
:10603000008C00202573000070B500241BE010A226
:10604000104911A0FFF7A8FC01280ED111A112A040
:1060500006F080FD12A11548FEF73DFE05462946D3
:1060600013A006F077FD012070BD601C84B27D2076
:10607000C00007F0C1FD032CE1DB0020F4E70000C5
:106080004F4B0000DC05000041542B434F4E464966
:10609000524D3F004C4F47000A5B25735D000000E6
:1060A0002B434F4E4649524D3A000000008C0020D1
:1060B00025730000FEB500254DE029A229492AA03C
:1060C000FFF76AFC012840D12AA12BA006F042FD6F
:1060D0002BA12E48FEF7FFFD074639462CA006F0FF
:1060E00039FD78212B48FEF7EBFD25A12748FEF767
:1060F000F2FD064600200190002401AB254A26A1AE
:1061000030460FF0CEFB0AE0611C8900214B5A5843
:1061100022490819022301210FF04CFB641C01994C
:10612000481E01900029EFD112A113A006F012FD24
:106130001A48C0780090194883784278C01EC17808
:1061400017A006F007FD0120FEBD681C85B27D206A
:10615000C00007F051FD032DAFDB0020F4E7000085
:106160004F4B0000DC05000041542B444556414490
:1061700044523F004C4F47000A5B25735D0000000E
:106180002B444556414444523A000000008C002004
:10619000257300005CB3002020000000F7B300204E
:1061A000444556414444523A202530327820253027
:1061B00032782025303278202530327800000000F7
:1061C000F0B587B000255FE031A2344934A0FFF775
:1061D000E3FB012852D135A135A006F0BBFC2CA170
:1061E0003548FEF778FD0746394634A006F0B2FC84
:1061F00078213348FEF764FD25A12F48FEF76BFD9B
:10620000064600200690002406AB2D4A2DA13046FC
:106210000FF047FB0AE0611C8900294B5A582A49B4
:106220000819022301210FF0C5FA641C0699481EC3
:1062300006900029EFD11DA11DA006F08BFC22487D
:10624000C01E807A2049C91E497A1F4AD21E127A7E
:106250001D4BDB1EDB7901930292039104901A48D7
:10626000C01E807900901848C01E43790279C17819
:1062700016A006F06FFC012007B0F0BD681C85B2C7
:106280007D20C00007F0B8FC032D9DDB0020F3E764
:106290002B4445564555493A00000000DC050000F6
:1062A00041542B4445564555493F00004C4F47004B
:1062B0000A5B25735D000000008C00202573000040
:1062C0005CB3002020000000D7B300204465764571
:1062D00055493A2025303278202530327820253033
:1062E000327820253032782025303278202530321F
:1062F00078202530327820253032780070B500249F
:106300001BE010A2104911A0FFF746FB01280ED197
:1063100012A113A006F01EFC13A11648FEF7DBFC29
:106320000546294614A006F015FC012070BD601C2E
:1063300084B27D20C00007F05FFC032CE1DB00206D
:10634000F4E700004F4B0000DC05000041542B44F3
:10635000415441524154453F000000004C4F47001A
:106360000A5B25735D0000002B44415441524154A7
:10637000453A0000008C002025730000F0B58FB076
:10638000002570E03AA23B493BA0FFF705FB01283E
:1063900063D13CA13CA006F0DDFB3DA13F48FEF7E8
:1063A0009AFC074639463EA006F0D4FB78213D48CA
:1063B000FEF786FC36A13948FEF78DFC0646002024
:1063C0000E9000240EAB374A37A130460FF069FA21
:1063D0000AE0611C8900334B5A58344908190223DA
:1063E00001210FF0E7F9641C0E99481E0E90002958
:1063F000EFD124A124A006F0ADFB2C48C07B2B4993
:10640000897B2A4A527B294B1B7B09930A920B9169
:106410000C902648C27A807A2449497A234B1B7A09
:1064200005930892069107902048C0791F498A7900
:1064300049791E4B1B7901930392029104901B48EA
:10644000C07800901948837842781738C17D184881
:1064500006F080FB01200FB0F0BD681C85B27D20E6
:10646000C00007F0C9FB032D8CDB0020F3E7000020
:106470004F4B0000DC05000041542B4E574B534B53
:1064800045593F004C4F47000A5B25735D000000F3
:106490002B4E574B534B45593A000000008C0020BF
:1064A000257300005CB30020200000000BB4002026
:1064B000E07E030070B500241BE010A2104911A07B
:1064C000FFF76AFA01280ED111A112A006F042FBD3
:1064D00012A11448FEF7FFFB0546294612A006F05C
:1064E00039FB012070BD601C84B27D20C00007F024
:1064F00083FB032CE1DB0020F4E700004F4B00009E
:10650000DC05000041542B504F52543F0000000066
:106510004C4F47000A5B25735D0000002B504F5223
:10652000543A0000008C00202573000070B5002450
:106530001BE010A2104911A0FFF72EFA01280ED17E
:1065400010A111A006F006FB11A11348FEF7C3FB32
:106550000546294611A006F0FDFA012070BD601C19
:1065600084B27D20C00007F047FB032CE1DB002054
:10657000F4E700004F4B0000DC05000041542B52B3
:1065800058323F004C4F47000A5B25735D00000006
:106590002B5258323A000000008C00202573000076
:1065A00070B500241BE010A2114912A0FFF7F4F906
:1065B00001280ED111A112A006F0CCFA0AA11248AE
:1065C000FEF789FB0546294610A006F0C3FA012014
:1065D00070BD601C84B27D20C00007F00DFB032C51
:1065E000E1DB0020F4E700002B56455200000000DC
:1065F000DC05000041542B5645523F004C4F4700EC
:106600000A5B25735D000000008C002025730000EC
:1066100010B5002419E00FA20F4910A0FFF7BCF934
:1066200001280CD110480078400840000E4908703D
:1066300000BF12F0F7FE0028FBD0012010BD601C47
:1066400084B27D20C00007F0D7FA032CE3DB0020E2
:10665000F4E700004F4B0000DC05000041542B46DE
:106660004143544F52590000D4B3002010B50024C8
:106670000DE009A209490AA0FFF78EF9012800D10F
:1066800010BD601C84B27D20C00007F0B5FA032C59
:10669000EFDB0020F4E700004F4B0000DC050000BA
:1066A00041542B534156450010B590B0002424228C
:1066B00018A107A8FEF7DCFA1F48807C1E49497C18
:1066C0001D4A127C1C4BDB7B0293039204910590C4
:1066D0001948807B1849497B009101901648037B3B
:1066E000C27A16A107A80BF06DF80EE020A221498E
:1066F00007A8FFF751F9012801D110B010BD601CA7
:1067000084B27D20C00007F077FA032CEEDB002076
:10671000F3E7000041542B4150504555493D204678
:10672000462046462046452030302030302030304C
:106730002030302030310000D4B3002041542B41B0
:1067400050504555493D202530327820253032784B
:1067500020253032782025303278202530327820BC
:1067600025303278202530327820253032780000EC
:106770004F4B0000DC05000010B59EB00024402205
:1067800027A10EA8FEF774FA3548C07B3449897BEF
:10679000334A527B324B133BDB7F0A930B920C91B3
:1067A0000D902F481338827F417F007F2C4B133B85
:1067B000DB7E069307AB07C329481338807E284940
:1067C0001339497E264A133A127E254B133BDB7D53
:1067D000029303920491059021481338807D20494B
:1067E0001339497D009101901D481338037DC27C07
:1067F0001C490EA80AF0E6FF0EE01BA21B490EA8DA
:10680000FFF7CAF8012801D11EB010BD601C84B288
:106810007D20C00007F0F0F9032CEEDB0020F3E749
:1068200041542B4150504B45593D20324220374571
:106830002031352031362032382041452044322065
:10684000413620414220463720313520383820302B
:10685000392043462034462033432C3000000000CA
:10686000E7B300204C8103004F4B0000DC05000023
:106870003EB5044600250EA207CA6B4607C3224652
:106880000EA168460AF09EFF0DE00FA20F49684670
:10689000FFF782F8012800D13EBD681C85B27D203B
:1068A000C00007F0A9F9032DEFDB0020F4E700009A
:1068B00041542B434C4153533D30000041542B4332
:1068C0004C4153533D2564004F4B0000DC05000054
:1068D0007FB504460D4600260FA30FCB03936B46EE
:1068E00007C32B46224610A168460AF06BFF0EE054
:1068F00012A213496846FFF74FF8012801D104B0EE
:1069000070BD701C86B27D20C00007F075F9032EA3
:10691000EEDB0020F3E7000041542B434F4E464985
:10692000524D3D312C33000041542B434F4E4649CC
:10693000524D3D25642C2564000000004F4B0000A3
:10694000DC05000010B58CB000242C220BA101A89E
:10695000FEF78EF90EE014A2144901A8FFF71CF807
:10696000012801D10CB010BD601C84B27D20C00094
:1069700007F042F9032CEEDB0020F3E741542B46ED
:106980005245513D322C332C383635303632353085
:10699000302C3836353430323530302C38363539C5
:1069A00038353030300000004F4B0000DC0500006F
:1069B00010B5002416E00DA20D490EA0FEF7ECFF65
:1069C000012809D17D21C9000F48FEF779F900207F
:1069D0000E490883012010BD601C84B27D20C000D8
:1069E00007F00AF9032CE6DB0020F4E74F4B000028
:1069F000DC05000041542B4A4F494E3D312C312CCF
:106A000031322C3130000000008C0020D08F00206B
:106A100010B500240DE009A209490AA0FEF7BCFF49
:106A2000012800D110BD601C84B27D20C00007F099
:106A3000E3F8032CEFDB0020F4E700004F4B0000ED
:106A4000DC05000041542B4F5441413D312C3000B6
:106A50003EB5044600250EA207CA6B4607C3224670
:106A60000EA168460AF0AEFE0DE010A2104968467D
:106A7000FEF792FF012800D13EBD681C85B27D2043
:106A8000C00007F0B9F8032DEFDB0020F4E70000A9
:106A900041542B504F52543D3230000041542B5042
:106AA0004F52543D25303278000000004F4B00001B
:106AB000DC05000070B586B004460D4600261422A1
:106AC0000EA101A8FEF7D4F82B46224610A101A87A
:106AD0000AF078FE0EE012A2124901A8FEF75CFF50
:106AE000012801D106B070BD701C86B27D20C000A7
:106AF00007F082F8032EEEDB0020F3E741542B521F
:106B000058323D302C38363935323530303000008F
:106B100041542B5258323D25642C2564000000005E
:106B20004F4B0000DC0500000146302905DB392908
:106B300003DC08463038C0B27047412905DB5A29CA
:106B400003DC08463738C0B2F6E7202901D12420FB
:106B5000F2E7242901D12520EEE7252901D12620BD
:106B6000EAE72A2901D12720E6E72B2901D12820AD
:106B7000E2E72D2901D12920DEE72E2901D12A20A3
:106B8000DAE72F2901D12B20D6E72C20D4E77FB5D7
:106B900006460D4614466A462946304605F03AFA3E
:106BA0000098A84227D16846C079002823D1E00781
:106BB000C00F002803D16846407900281BD1E007A8
:106BC000C00F002803D068464079012813D1022065
:106BD0002040002803D16846807900280BD102208C
:106BE0002040002803D068468079012803D16846F8
:106BF000007902281DD0029500206946C873E0077D
:106C0000C00F002801D1487302E001206946487393
:106C100002202040002802D16946887302E001204A
:106C20006946887302206946087302A9304605F058
:106C3000DFFA7FBD10B50120800700F0C1FB012005
:106C400000F0ACFB01216B4800F0B0FC0122802178
:106C5000694806F03EF801221146684806F039F806
:106C6000002280216548403007F0B8F80022FF215B
:106C700001316248403007F0B1F800220121490299
:106C80005E48403007F0AAF8002210215B484030EF
:106C900007F0A4F8002240215848403007F09EF841
:106CA000002204215548403007F098F800222021A6
:106CB0005248403006F00DF8002208214F4840307D
:106CC00006F007F8012211034C48403006F001F8A5
:106CD0000022012189024948403807F07FF800224C
:106CE000012189034548403007F078F8002204214B
:106CF0004248803007F072F804214048803005F0A7
:106D0000D7FA002240213D4807F068F840213B486F
:106D100005F0CCFA01230222D1023848403005F0B8
:106D20003BF81E20002815DBC206D20E012191403F
:106D3000334A116000BF00BF00BFBFF34F8F00BFD9
:106D400000BF00BF00BF00BF00BFBFF36F8F00BF19
:106D500000BF00BF00BF00211E200AF0FDFD1E2065
:106D6000002806DBC206D20E01219140244A803A57
:106D7000116000BF0121082005F074FA01210220F2
:106D800005F070FA1F480078002800D010BD0120DF
:106D90001C49087000221C491C480EF0B8FB002258
:106DA0001B491C480EF0B3FB1B4A032117480EF089
:106DB0007BFA1A4A042115480EF076FA184A052182
:106DC00012480EF071FA174A032112480EF06CFABD
:106DD000154A04210F480EF067FA144A05210D48A0
:106DE0000EF062FA09480EF0C3FB0A480EF0C0FB31
:106DF00000BFCBE707000001800D0040400C0040C1
:106E000080E100E0460000205155010094870020F9
:106E100061550100BC87002069B700007DB6000005
:106E2000EDB6000019F0000071EF00009DEF0000CA
:106E300010B500210E4800F0E8F800210C4800F0E1
:106E40002CF900210A4800F034F90021094800F02B
:106E5000ADFB0121084800F0A9FB002240210748B2
:106E600006F0BCFF4021054805F020FA10BD0000E7
:106E7000003001400100000407000001400C004008
:106E800010B50121014800F0C0F810BD00300140EC
:106E90000149C8627047000000600140012806D126
:106EA0000649096880221143044A116005E003493C
:106EB000096880229143014A1160704700600140D7
:106EC000012806D10649096801221143044A1160CC
:106ED00005E00349096849084900014A1160704703
:106EE000006001400146064A1068082302469A43A2
:106EF000104608220A401043014A10607047000003
:106F000000600140012806D10649C96801221143E9
:106F1000044AD16005E00349C96849084900014AAB
:106F2000D16070470060014010B500F023F80028E0
:106F300019D000F02BF80C480078401C0A49087062
:106F40000A480068401C0949086009480068401C5C
:106F50000749086004480078052804DD002002493C
:106F600008700EF01BFB10BD7800002054000020BC
:106F70004800002004480069C007C00F002801D065
:106F8000012070470020FCE700600140012001491A
:106F9000086170470060014070B504460D4601214C
:106FA000880600F003FB032000F0DEFA012000F069
:106FB000C9FA0120FFF772FF0020FFF793FF681E58
:106FC00000F014F8601EFFF763FF1B200AF074FC4A
:106FD00002211B200AF0FCFC1B200AF0A5FC01206A
:106FE000FFF790FF0120FFF76BFF70BD014988623A
:106FF00070470000006001400A46816889088900E6
:1070000093079B0F194381607047012904D10268DF
:1070100040231A43026003E0026840239A4302605F
:10702000704710B50A46016810240B46A343194661
:10703000102313401943016010BD10B50A460168C2
:1070400020240B46A3431946202313401943016013
:1070500010BD012904D1026801231A43026003E034
:107060000268520852000260704710B50A46416833
:1070700030240B46A3431946302313401943416083
:1070800010BD10B50A46416880240B46A34319463B
:10709000802313401943416010BD012904D1426887
:1070A00004231A43426003E0426804239A43426087
:1070B0007047012904D1426901231A43426103E068
:1070C00042695208520042617047CAB24262704738
:1070D00010B50A46816B20240B46A3431946202392
:1070E00013401943816310BD10B50A46816B10240B
:1070F0000B46A3431946102313401943816310BD67
:1071000010B50A46816B08240B46A3431946082391
:1071100013401943816310BD0A46816BC908C90039
:1071200053075B0F1943816370470A05120D4263D1
:107130007047CAB20261704770B504460D4601211E
:107140002A4800F033FA00224021294806F046FE82
:107150000121284800F02AFA002240212448FFF7A4
:1071600016FD01224021224805F0A4F80021224802
:10717000FFF763FF10212048FFF753FF00211E484F
:10718000FFF77FFF00211C48FFF736FF00211A4858
:10719000FFF7CFFF611E1848FFF797FF691E1648DB
:1071A000FFF7C3FF00211448FFF753FF20211248C7
:1071B000FFF75BFF01211048FFF76FFF20210E480A
:1071C000FFF786FF00210C48FFF78EFF00210A48D9
:1071D000FFF796FF00210848FFF79EFF01210648B0
:1071E000FFF767FFFFF74CFE70BD000007000001CE
:1071F000400C0040010000040030014000B5024690
:1072000000230020D060106110605060906000F09A
:1072100037FA012811D100F01BFA03461B0C0F2B83
:1072200002D14048D06008E0072B02D13E48D06030
:1072300003E0581C3D494843D06000F0EBF90128B9
:107240000ED100F0FBF903461B0C581C384948438B
:10725000106100F0EBF9082802D1106940001061BC
:1072600000F086FA034600BF002B06D0012B07D0A2
:10727000022B08D0032B0DD108E0D06810600CE081
:107280002A48106009E01069106006E00120C00380
:10729000106002E0D068106000BF00BF00F024FA68
:1072A00003461B0A042B06D0052B08D0062B0AD058
:1072B000072B10D10BE01068400850600EE01068FA
:1072C000800850600AE01068C008506006E010684E
:1072D0000009506002E01068506000BF00BF00F07D
:1072E0001BFA03461B0C042B06D0052B08D0062BDB
:1072F0000AD0072B10D10BE05068400890600EE0D8
:107300005068800890600AE05068C008906006E00D
:1073100050680009906002E05068906000BF00BFB4
:1073200000BD0000006CDC02005A620200127A000C
:1073300040420F0010B50446012C02D116480368E4
:107340001DE0022C03D114484038C36B17E0032C16
:1073500003D111484038836B11E0042C03D10E484F
:107360004038436B0BE0052C02D10B48836806E0E4
:10737000062C02D10848C36801E007480368180CCE
:10738000D94389B2884203D1D8B200F097F902E01C
:107390006B2000F093F910BD40FBFF1F012806D1C0
:1073A0000649096BC2071143044A116305E003490A
:1073B000096B49004908014A1163704700240040E5
:1073C0000146064A106B130502469A4310461A46B8
:1073D0000A401043014A1063704700000024004037
:1073E000012806D10749096B02051143054A1163BB
:1073F00006E00449096B012212059143014A116319
:1074000070470000002400400146064A106B032329
:107410001B0402469A4310461A460A401043014A8A
:107420001063704700240040012806D10749096B0A
:1074300042051143054A116306E00449096B012224
:1074400052059143014A1163704700000024004037
:107450000146064A106B03239B0402469A431046DA
:107460001A460A401043014A106370470024004046
:10747000012806D10749096B02071143054A116328
:1074800006E00449096B012212079143014A116386
:1074900070470000002400400146064A106B032399
:1074A0001B0602469A4310461A460A401043014AF8
:1074B0001063704700240040012806D10749096B7A
:1074C00002021143054A116306E00449096BFF22D9
:1074D00001329143014A11637047000000240040CB
:1074E0000146054A106B800880008A07920F1043FE
:1074F000014A10637047000000240040012806D1B3
:107500000749096B42021143054A116306E0044929
:10751000096B012252029143014A11637047000036
:10752000002400400146064A106B0C2302469A4391
:1075300010460C220A401043014A106370470000B5
:1075400000240040012806D10649496B102211434E
:10755000044A516305E00349496B10229143014AF3
:1075600051637047002400400146054A506B800873
:1075700080008A07920F1043014A50637047000051
:1075800000240040012806D10749496B82051143B8
:10759000054A516306E00449496B01229205914373
:1075A000014A5163704700000024004030B5024694
:1075B0000B4600200F2424061440FF252D066419D5
:1075C000002C09D06419002C08D06419002C08D0B4
:1075D0006419002C0BD107E00D4809E00C48001D90
:1075E00006E00B48083003E009480C3000E000BF1B
:1075F00000BF00280BD092B201219140002B03D094
:1076000004680C43046002E004688C43046030BDED
:107610002024004004480069C007C00F002801D0A2
:10762000012070470020FCE7002400400248006968
:10763000082108407047000000240040024800690B
:107640000249084070470000002400400000FF038A
:10765000024840680F210904084070470024004098
:107660000146064A50680F231B0402469A431046FF
:107670001A460A401043014A5060704700240040F7
:1076800004484068C007C00F002801D0012070479F
:107690000020FCE700240040012806D10649496883
:1076A00001221143044A516005E003494968490831
:1076B0004900014A51607047002400400146044AD5
:1076C0009068000A0002CAB21043014A90607047F5
:1076D0000024004010B504462068FFF7C1FF207960
:1076E000FFF7DAFF10BD0000024800680721090219
:1076F00008407047002400400146064A10680723EE
:107700001B0202469A4310461A460A401043014A99
:1077100010607047002400400248006807210904F7
:1077200008407047002400400146064A10680723BD
:107730001B0402469A4310461A460A401043014A67
:107740001060704700240040012806D107490968ED
:1077500042061143054A116006E004490968012206
:1077600052069143014A1160704700000024004016
:10777000024800684007400F7047000000240040A6
:107780000146054A1068C008C0004A07520F10435E
:10779000014A1060704700000024004010B5044604
:1077A0002068FFF7EDFF6068FFF7A6FFA068FFF70E
:1077B000BBFF207BFFF7C8FF10BD0000FEB5002710
:1077C00000200190002533E000242BE00120661CFE
:1077D0001DE069016918FE4A8918095D11221140EE
:1077E000002901D1012200E0002269016918F84B4B
:1077F000C918895D11231940002901D1012100E038
:1078000000218A4201D1401C00E004E0761CF149CD
:1078100009688E42DDDB00BF052801DB811ECF1920
:10782000741E641CEB480068001FA042CEDC6D1C77
:10783000E84800688542C7DB002533E000242BE0E0
:107840000120661C1DE061016118E14A8918495D4B
:1078500011221140002901D1012200E00022710112
:107860007118DB4BC918495D11231940002901D15A
:10787000012100E000218A4201D1401C00E004E027
:10788000761CD44909688E42DDDB00BF052801DB88
:10789000811ECF19741E641CCE480068001FA042D0
:1078A000CEDC6D1CCB4800688542C7DB00255BE061
:1078B000002453E068012818C5494018005D1121D3
:1078C0000840002801D1012100E00021681C42018C
:1078D0008018BF4A8018005D11221040002801D195
:1078E000012000E00020814237D168012818B84902
:1078F0004018005D11210840002801D1012100E05D
:10790000002168012818B24A8218601C105C1122FC
:107910001040002801D1012000E0002081421CD14C
:1079200068012818AA494018005D11210840002864
:1079300001D1012100E00021681C42018018A44A05
:107940008218601C105C11221040002801D1012017
:1079500000E00020814200D1FF1C641C9D480068AB
:10796000401EA042A6DC6D1C9A480068401EA8423A
:107970009EDC0025C0E00024B7E0002C09D068019F
:10798000281893494118601E085C112108400028FE
:107990007ED1680128188E494018005D11210840E9
:1079A000002875D06801281889494118601C085CB6
:1079B0001121084000286BD168012818844941181A
:1079C000A01C085C11210840002861D0680128181B
:1079D0007F494118E01C085C11210840002857D05D
:1079E000680128187A494118201D085C11210840B7
:1079F000002879D06801281875494118601D085C75
:107A00001121084000286FD16801281870494118D9
:107A1000A01D085C11210840002865D06D48006851
:107A2000C01FA04209D06801281869494118E01D0B
:107A3000085C11210840002856D1022C09DB68019E
:107A4000281863494118A01E085C1121084000282D
:107A500017D1032C09DB680128185D494118E01E85
:107A6000085C1121084000280BD1042C3BDB680185
:107A7000281857494118201F085C11210840002888
:107A800031D0544800680838A0420CDD680100E09D
:107A90002AE028184E49411820460830085C112178
:107AA0000840002820D14B4800680938A0420ADD70
:107AB000680128184649411820460930085C112100
:107AC0000840002810D1434800680A38A0420ADD67
:107AD000680128183E49411820460A30085C1121E7
:107AE0000840002800D12837641C3A480068801FED
:107AF000A04200DD41E76D1C36480068854200DA8F
:107B000039E70025C5E00024BCE0002C09D0601E48
:107B1000410140182E494018405D112108400028BD
:107B20007ED1600120182A494018405D112108408B
:107B3000002875D0601C4101401825494018405D5F
:107B40001121084000286BD1A01C41014018204998
:107B50004018405D11210840002861D0E01C41011F
:107B600040181B494018405D11210840002857D09B
:107B7000201D4101401816494018405D1121084060
:107B800000287ED0601D4101401811494018405D19
:107B900011210840002874D1A01D410140180C4952
:107BA0004018405D1121084000286AD0094800684B
:107BB000C01FA04209D0E01D4101401804494018EF
:107BC000405D1121084000285BD1022C0EDB03E050
:107BD00035F20020D4060020A01E4101401856496D
:107BE0004018405D11210840002817D1032C09DB03
:107BF000E01E4101401850494018405D11210840E5
:107C000000280BD1042C3BDB201F410140184A49BE
:107C10004018405D11210840002831D0474800E05D
:107C20002FE000680838A0420ADD204608304101F4
:107C3000401841494018405D11210840002820D1DA
:107C40003E4800680938A0420ADD2046093041015B
:107C5000401839494018405D11210840002810D1D2
:107C6000364800680A38A0420ADD20460A30410141
:107C7000401831494018405D11210840002800D1CA
:107C80002837641C2D480068801FA04200DD3CE7B7
:107C90006D1C2A480068854200DA34E7002513E0AD
:107CA00000240CE06801281823494018005D1121C8
:107CB0000840002802D10198401C0190641C1F4814
:107CC00000688442EEDB6D1C1C4800688542E7DBDF
:107CD0001A4A1268524311466423019A5A431046C5
:107CE000FCF72AFF3221081A00280DDD134A12681A
:107CF000524311466423019A5A431046FCF71CFF75
:107D00003221081A00900DE00C4A126852431146C5
:107D10006423019A5A431046FCF70EFF3221081AD9
:107D20004042009005210098FCF706FF0A214843D5
:107D3000C7193846FEBD000035F20020D4060020E9
:107D4000032001218907486070470000F8B5054607
:107D50000E461746294608A004F0FCFE002404E065
:107D6000315D0AA004F0F6FE641CBC42F8DB09A0F9
:107D700004F0F0FEF8BD00000A2055617274204442
:107D8000617461205B25735D3A000000202530326C
:107D9000780000000A00000010B530480079C006E5
:107DA000C00F002831D02D480079102188432B497D
:107DB0000871DC212A48FCF783FF2949802015F04F
:107DC000FFFE28490870284812F03EFC044625486A
:107DD0000078401C844210DB01222249224812F024
:107DE00043FD204802781E491F4812F03DFD1F4800
:107DF0000078401C1D49087006E01DA11EA004F07B
:107E0000A9FE1FA004F0A6FE00BF1448C069002808
:107E100004D1401E1149C86103F024FB0F48006AD9
:107E2000002804D1401E0D49086203F005FB1948E3
:107E300000681949096888420FD80848C08A3C215F
:107E400048431549096840181249086003484079B9
:107E500002218843801C0149487110BDE88600203A
:107E60001884002031000020FC8300203000002016
:107E70004552524F520000000A5B25735D0000001E
:107E80004C77726220416C72656164792046756C32
:107E90006C000000380000205800002010B5D448C5
:107EA000C08D00287ED1D3480078C007C00F0028BD
:107EB00078D0D1480078002823D0D04CCE48007824
:107EC000401ECD490870DC212046FCF7F9FE012256
:107ED000CB49CC4812F032FCC94802782146C94847
:107EE00012F02CFC15F0FAFBC3480078002807D1EB
:107EF00001210903C448FCF7E3FEC24812F07EFCEE
:107F000000BFC24840798007C00F00280AD0BF4890
:107F1000407902218843BD49487100F08BF9642102
:107F2000B348C185B94840794007C00F00280AD03E
:107F3000B648407904218843B449487100F026FAD4
:107F40006420AB49C885B14800798007C00F00287C
:107F500033D0AE48007902218843AC490871DC2156
:107F6000A648FCF7ADFEA549032015F029FEA4495B
:107F70000870A44812F068FB0446A1480078401C31
:107F8000844212DB01229E499E4812F06DFC9C48FF
:107F900002789A499B4812F067FC97480078401C89
:107FA000954900E020E1087006E099A19AA004F04C
:107FB000D1FD9BA004F0CEFD00BF9448407900079E
:107FC000C00F002831D091484079082188438F495B
:107FD0004871DC218948FCF773FE8849292015F097
:107FE000EFFD87490870874812F02EFB044684484D
:107FF0000078401C844210DB01228149814812F044
:1080000033FC7F4802787D497E4812F02DFC7A4887
:108010000078401C7849087006E07DA17EA004F03D
:1080200099FD7FA004F096FD00BF78484079C00616
:10803000C00F002831D0754840791021884373491A
:108040004871DC216D48FCF73BFE6C492A2015F095
:10805000B7FD6B4908706B4812F0F6FA04466848A1
:108060000078401C844210DB01226549654812F00B
:10807000FBFB634802786149624812F0F5FB5E48F9
:108080000078401C5C49087006E061A162A004F021
:1080900061FD63A004F05EFD00BF5C48407980068E
:1080A000C00F002831D059484079202188435749D2
:1080B0004871DC215148FCF703FE50492B2015F094
:1080C0007FFD4F4908704F4812F0BEFA04464C48F5
:1080D0000078401C844210DB01224949494812F0D3
:1080E000C3FB474802784549464812F0BDFB424869
:1080F0000078401C4049087006E045A146A004F005
:1081000029FD47A004F026FD00BF40484079400605
:10811000C00F002831D03D484079402188433B4979
:108120004871DC213548FCF7CBFD34492D2015F092
:1081300047FD33490870334812F086FA0446304848
:108140000078401C844210DB01222D492D4812F09A
:108150008BFB2B48027829492A4812F085FB2648D8
:108160000078401C2449087006E029A12AA004F0E8
:10817000F1FC2BA004F0EEFC00BF24484079C009BC
:10818000002831D021484079802188431F49487117
:10819000DC211A48FCF794FD18492C2015F010FD3D
:1081A00017490870174812F04FFA0446144800782F
:1081B000401C844210DB01221149124812F054FB8A
:1081C0000F4802780D490F4812F04EFB0A4800781C
:1081D000401C0949087006E00DA10FA004F0BAFC8C
:1081E0000FA004F0B7FC00BFFFF7D6FD10BD0000E4
:1081F000D08B0020D4B30020300000201884002051
:1082000031000020FC830020FC730020E886002061
:108210004552524F520000000A5B25735D0000007A
:108220004C77726220416C72656164792046756C8E
:108230006C00000070B5524D0024DC212846FCF78C
:108240003FFD00204F4908702946012015F0B8FC79
:1082500004462D194B48007800194A4908702946F0
:10826000812015F0ADFC04462D1946480078001910
:1082700044490870444880798007C00F00280AD01C
:108280002946032015F09CFC04462D193D48007832
:1082900000193C4908702946292015F091FC044634
:1082A0002D193848007800193649087029462A20C7
:1082B00015F086FC04462D19324800780019314922
:1082C000087029462B2015F07BFC04462D192D48FB
:1082D000007800192B49087029462C2015F070FCF5
:1082E00004462D19274800780019264908702946A8
:1082F0002D2015F065FC04462D1922480078001940
:10830000204908702946052015F05AFC04462D190D
:108310001C48007800191B4908702946862015F072
:108320004FFC04462D1917480078001915490870AC
:10833000154800790221884313490871084640799D
:108340000821884310494871084640791021884324
:108350000D49487108464079402188430A494871CF
:10836000084640798021884307494871084640798A
:10837000202188430449487115F0B0F970BD000010
:108380001884002031000020E886002070B53D4DA3
:108390000024DC212846FCF793FC00203A490870B1
:1083A0002946092015F00CFC04462D1936480078A2
:1083B00000193549087029460A2015F001FC0446C9
:1083C0002D193148007800192F49087029462020BE
:1083D00015F0F6FB04462D192B48007800192A49A0
:1083E000087029461A2015F0EBFB04462D19264883
:1083F00000780019244908702946212015F0E0FB77
:1084000004462D192048007800191F490870294694
:10841000192015F0D5FB04462D191B4800780019CA
:108420001949087029461B2015F0CAFB04462D196E
:108430001548007800191449087029461C2015F0C9
:10844000BFFB04462D191048007800190E4908702A
:1084500029461D2015F0B4FB04462D190A48007862
:1084600000190949087029461E2015F0A9FB044689
:108470002D190548007800190349087015F02EF9E8
:1084800070BD0000188400203100002010B50720C6
:1084900007F054FBA52007F095FB10BDF8B5FF26AB
:1084A0002D36322700200F490873132007F046FBB2
:1084B000002512E000240CE00A48C07A002803D00E
:1084C000FF2007F07FFB02E0002007F07BFB601C31
:1084D00084B2BC42F0DB681C85B2B542EADB00F036
:1084E0008DFBF8BDE8860020F7B586B007463D460F
:1084F000079805900A210898401DFCF71DFB642190
:108500000290FCF719FBC8B2049000240126002059
:1085100003903648C07A002802D0FF20039000263E
:10852000E00033494018807801960090E000401840
:108530004378E0004018406802902946059A05F00B
:10854000CDFFE0002A4940184078401985B2A81CA8
:1085500085B201200090E000401881780598081845
:10856000C01E80B20223029001462846039A06F0FC
:10857000D9F9A81C85B20A210498FCF7DDFAC4B227
:10858000E0001B494018807801960090E0004018F8
:108590004378E0004018406802902946059A05F0AB
:1085A0009DFFE000124940184078401985B20A2129
:1085B0000498FCF7C1FACCB2E0000D49401880786D
:1085C00001960090E00040184378E00040184068B1
:1085D00002902946059A05F081FFE0000449401801
:1085E0004078401985B209B0F0BD0000E88600204F
:1085F00068040020F7B58AB00646144637460B9843
:108600000990002008900025069007900120059011
:1086100004904E48C07A002801D000200490002C1D
:108620006CDD092C08DC0A212046FCF785FAC8B26B
:108630006946087601200590632C0FDC0A2120464C
:10864000FCF77AFAC1B2684601760A212046FCF7A7
:1086500073FA68464176022005904FE03C48844218
:1086600019DC64212046FCF767FAC1B2684601763E
:108670000A212046FCF760FA0A210390FCF75CFA15
:10868000684641760A212046FCF756FA684681760C
:108690000320059032E02F48844224DC7D21C9006C
:1086A0002046FCF749FAC1B26846017664212046AB
:1086B000FCF742FA0A210390FCF73EFA684641763D
:1086C0000A212046FCF738FA0A210390FCF734FA15
:1086D000684681760A212046FCF72EFA6846C17664
:1086E000042005900AE01B48844207DD0921684602
:1086F000017641768176C176042005901EE00898C7
:10870000411CC9B2089106A90D5CE900124A8918FA
:108710008978049800910190E80011464018437848
:10872000E8004018406803903946099A05F0D6FEE3
:10873000E800094940184078C01987B20598411EE1
:10874000C9B205910028DAD10DB0F0BDE88600204D
:10875000E70300000F27000068040020F7B588B089
:10876000074614463D4609980790002006900026CB
:1087700005900120049003903748C07A002801D06A
:1087800000200390002C3FDB092C0CDC0A21204642
:10879000FCF7D2F9C8B26946087501200490284652
:1087A000143085B230E0632C12DC0A212046FCF73D
:1087B000C3F9C1B2684601750A212046FCF7BCF92D
:1087C000684641750220049028460A3085B21BE0B5
:1087D0002248844218DC64212046FCF7ADF9C1B27E
:1087E000684601750A212046FCF7A6F90A21029085
:1087F000FCF7A2F9684641750A212046FCF79CF96E
:1088000068468175032004901EE00698411CC9B299
:10881000069105A90E5CF100114A89188978039820
:1088200000910190F000114640184378F000401884
:10883000406802902946079A05F050FEF00008496A
:1088400040184078401985B20498411EC9B204917D
:108850000028DAD10BB0F0BDE8860020E703000065
:1088600068040020FFB587B0109F079D0898069008
:1088700001200490002003904148C07A002803D0D2
:10888000FF200390002004900A990998FCF73EF914
:10889000C0B205900A210A98FCF74EF901460190F2
:1088A0000998FCF733F90A210290FCF72FF90E46DC
:1088B0000A210598FCF740F9C4B2E100314A891851
:1088C0008978049800910190E0001146401843789F
:1088D000E0004018406802902946069A05F0FEFD27
:1088E000E000284940184078401985B20A210598CF
:1088F000FCF722F9CCB2E100224A89188978049861
:1089000000910190E000114640184378E0004018C3
:10891000406802902946069A05F0E0FDE0001949FA
:1089200040184078401985B2002F27DDE81985B23C
:1089300001200090E0004018817806980818C01EB9
:1089400080B23B46029001462846039A05F0EAFFB2
:10895000E81985B23446E1000A4A891889780498F2
:1089600000910190E000114640184378E000401863
:10897000406802902946069A05F0B0FD0BB0F0BDA4
:10898000E886002068040020FEB50646FF202D3052
:1089900001903227002000901749087306F060FA12
:1089A00000281AD0132007F0C9F800240FE0002592
:1089B00009E020467843401900900099705C07F068
:1089C00001F9681C85B2BD42F3DB601C84B20198DA
:1089D0008442ECDB00F012F90DE007488079400892
:1089E0004000401C04498871002088730022202127
:1089F00002480CF07DF8FEBDE8860020D47300200C
:108A0000FEB50646FF202D30019032270020009051
:108A100006F026FA00281AD0132007F08FF8002459
:108A20000FE0002509E020467843401900900099A6
:108A3000705C07F0C7F8681C85B2BD42F3DB601CB0
:108A400084B201988442ECDB00F0D8F80DE00748CE
:108A5000807940084000401C0449887100208873D8
:108A60000022202102480CF043F8FEBDE8860020D9
:108A7000D4730020F8B500F079F800F0A7F80020D2
:108A800007F05CF8372007F09DF8012007F09AF80E
:108A9000012007F053F8032007F094F8102007F0A6
:108AA00091F83F2007F08EF83F2007F08BF8032065
:108AB00007F088F8062007F041F8E72007F082F871
:108AC000E72007F07FF83D2007F07CF8602007F0F2
:108AD00035F8222007F076F8822007F02FF80E20D4
:108AE00007F070F8302007F029F8092007F06AF83D
:108AF000502007F023F8172007F064F8E32007F070
:108B00001DF8882007F05EF8612007F017F80120B3
:108B100007F058F8902007F055F8012007F052F8B8
:108B20002C2007F04FF811F035FDFF262D363227A7
:108B3000102007F003F8002512E000240CE00A489A
:108B4000C07A002803D0002007F03CF802E0FF20A4
:108B500007F038F8601C84B2BC42F0DB681C85B2B8
:108B6000B542EADBF8BD0000E886002010B501211F
:108B70001448FEF71BFD00220421134805F02EF9CE
:108B80000022FF210131104805F028F900222021A0
:108B90000D4805F023F9002280210B4805F01EF94D
:108BA00000221021084805F019F900220821064882
:108BB00004F08FF8012189030348803803F076FB25
:108BC00010BD000007000001000D004010B510218D
:108BD000094803F06BFB0421074803F067FB0520FD
:108BE0000AF0D2FF0421044803F062FB0A200AF0D5
:108BF000CBFF06F0FDF810BD000D004010B51720AA
:108C000006F09CFFA52006F0DDFF06F0F1F810BD90
:108C100010B5FFF72FFF11F0BDFCFFF73FFCFFF78A
:108C200035FC00200149887310BD0000E886002053
:108C3000F0B59BB048481A904849FCF741F8282203
:108C400047A110A8FCF714F8FF2600200F904E480B
:108C5000C07A002802D00026FF200F9000204A4949
:108C60008873B423FF222D32FF21913100961A9888
:108C700005F060FF304605F0EFFB1A9805F092FF13
:108C8000182242A109A8FBF7F3FF4648807A45491C
:108C9000497A444A127A434BDB7903930492059153
:108CA00006904048817940793E4A127900920291BB
:108CB00001903C48C3783CA2182109A808F066FD41
:108CC00009AB43A2282110A808F060FD10A801F00C
:108CD00093FA32278A20089000242DE0002528E00E
:108CE000600120183F494018405D002810D0012045
:108CF0000090A0002018C01981B2A8002A18089876
:108D0000101880B2052307900F9A05F00BFE0FE0B4
:108D100001200090A0002018C01981B2A8002A18D4
:108D20000898101880B205233246079005F0FAFD26
:108D30006D1C212DD4DB641C212CCFDB0F982A4B1A
:108D400009AAC82101960090022005F08FFE024872
:108D5000FFF71AFE1BB0F0BD98B50020983A00004E
:108D6000484B54204149522053454E534F52200DF9
:108D70000A4465764555493A313233343536373809
:108D80003132333435373800E88600204465764583
:108D900055493A3132333435363738313233343558
:108DA00037383900D4B300204465764555493A2513
:108DB0003032582530325825303258253032582537
:108DC000303258253032582530325825303258004C
:108DD000484B54204149522053454E534F520D0A9F
:108DE0002573000035F20020E80400207CB5164D04
:108DF00016492846FBF764FFFF2400261448C07A72
:108E0000002801D00024FF2600201149887311F0AA
:108E1000C1FBB423FF222D32FF219131284600945B
:108E200005F088FE204605F017FB284605F0BAFE3F
:108E3000084B09A296211E200096019405F016FE0B
:108E40000148FFF7A1FD7CBD98B50020983A0000CD
:108E5000E8860020E80400204669726D776172653B
:108E6000205570646174696E672E2E2E000000001C
:108E70007CB5154D15492846FBF722FFFF24002637
:108E80001348C07A002801D00024FF260020104992
:108E90008873B423FF222D32FF219131284600949C
:108EA00005F048FE204605F0D7FA284605F07AFE80
:108EB000084B09A2962178200096019405F0D6FD72
:108EC0000148FFF761FD7CBD98B50020983A00008D
:108ED000E8860020E80400204C6F6164202E2E2ECE
:108EE0002E2E2E0000B59DB0FE481B90FF202D3089
:108EF00018903220179000201690FB48007B002825
:108F00003AD005F0ADFF002828D0102006F016FE5C
:108F1000002019901AE000201A900FE01799199874
:108F200048431A9940181690EE491698085C089024
:108F300006F048FE1A98401C80B21A9017991A98A9
:108F40008842EBDB1998401C80B219901899199847
:108F50008842E0DB0020E44908730DE0E2488079B4
:108F600040084000401CE0498871002088730022BE
:108F70002021DE480BF0BCFDDD49DA48FBF7A0FEFE
:108F8000FF2015900020149001201390D648C07A3D
:108F9000002805D000201590FF2014900020139089
:108FA0001598B423FF222D32FF21913100901B9898
:108FB00005F0C0FD159805F04FFA1B9805F0F2FD7D
:108FC0000021012214982423019202910090FF2293
:108FD00091321946002005F089FB002101221498E6
:108FE000FF232D33019202910090FF221B32242196
:108FF000104605F07BFBBC4880798007C00F002835
:109000004AD0BC4800780A280BDA0F21139818239D
:109010000A4600910190FF213B31B74805F05EFA06
:109020003AE0B44800781E280BDA0F211398182371
:109030000A4600910190FF213B31B04805F04EFAFD
:109040002AE0AC4800783C280BDA0F21139818234B
:109050000A4600910190FF213B31A94805F03EFAF4
:109060001AE0A44800785A280BDA0F211398182325
:109070000A4600910190FF213B31A24805F02EFAEB
:109080000AE00F21139818230A4600910190FF214E
:109090003B319D4805F022FA9C480078C007C00F7C
:1090A00000280BD01021139818230F220091019053
:1090B000FF216531964805F011FA0AE01021139856
:1090C00020230F2200910190FF216531914805F086
:1090D00005FA3C2012901298B9301190FF20093007
:1090E000109090200F901298401D0E901298401DE5
:1090F0000D9000200C900B907B48807A002804D0C3
:1091000001287DD002287CD1FEE31721139810237B
:10911000AD2200910190FF2125317F4805F0DEF955
:10912000172113981023F02200910190FF2125317F
:109130007A4805F0D3F96C48407B012821D16A4870
:10914000743040690190FCF7D7F8754A754B03916C
:109150000290FBF7CBFF0022734B05910490FBF7C5
:1091600011FF07910690FCF703F9089002207D2378
:10917000DB000090C321FF203C30089AFFF772FB10
:109180000DE0022000905848743040697D23DB00D8
:109190000246C3210890FF203C30FFF763FB02200A
:1091A00000905148743080697D23DB000246FF2126
:1091B00007310890FF203C30FFF754FB4A48407BC2
:1091C00001280BD1112113981023B4220091019092
:1091D000FF217831554805F081F90AE011211398F3
:1091E0001023B42200910190FF217831504805F0FE
:1091F00075F9112113981023FA220091019001E0D2
:109200007EE1F8E3FF2178314A4805F067F9002153
:1092100001221498A823019202910090FF2291321A
:109220001946FF201B3005F061FA00210122149835
:10923000EA23019202910090FF2291321946FF2009
:109240001B3005F053FA284894300078002804D0E9
:10925000012819D002282ED12EE025211398282389
:109260004C2200910190FF214331334805F036F93B
:109270001221139868237A2200910190FF2128314E
:109280002E4805F02BF966E02521139828234C225F
:1092900000910190FF214331294805F01FF9122167
:1092A000139860237A2200910190FF212D312548E7
:1092B00005F014F94FE000BF2521139828234C2214
:1092C00000910190FF2143311F4805F007F9122159
:1092D00013983C237A2200910190FF213A311B48D8
:1092E00036E0000098B50020E8860020D473002006
:1092F000983A000014000020E3F40200B6F40200E3
:1093000089F402005CF402002FF40200D4B30020C0
:109310006CF502009CF502003EF5020010F502001B
:10932000CDCCCCCCCCCCFC3F0040DF401CF30200C9
:10933000FAF202003EF30200DCF502009FFD02009B
:1093400095F6020089FE02004EF7020061FF02005E
:1093500005F0C4F800BF00BF1221139820233C225F
:10936000009101901421FA4805F0B8F8F9480089F5
:109370007D21C90088420FDBF6480089F649884202
:109380000ADA1721139818233722009101904621F9
:10939000F24805F0A3F80EE0EE480089EE49884255
:1093A00009DB1721139818233722009101904621D9
:1093B000EB4805F093F8E748008902465A210890E7
:1093C0007820FFF717F90C211398182364220091D5
:1093D0000190D221E34805F081F800210122149880
:1093E000019202910090129A10460F9B109905F07D
:1093F0007DF9002101221498019202910090119AA6
:1094000010460F9B109905F071F900210122149864
:10941000019202910090109B1946119A129805F042
:1094200065F915991498019100901298323880B21C
:10943000CD4B1922920108900F9905F0FDF915996D
:109440001498019100901098103880B208901298EA
:10945000273880B2C44BFF2291320790089905F05B
:10946000EBF900200B9047E00B984100B9485038C9
:10947000405AFF219131884202DA01200C9018E015
:109480000B984100B3485038405A1921890188424D
:109490000DDA0B984100AF485038405AFF389138E8
:1094A0000A210890FBF748FB80B20C9001E078207D
:1094B0000C900C991098401A80B20D900B984100B6
:1094C000A4485038405A00280FD000210222149896
:1094D0000192029100901098401E80B203460890BD
:1094E0000E9A10460D9905F001F90E98401D80B2B4
:1094F0000E900B98401C0B900B982428B4DBEBE2E9
:10950000172113981023AD2200910190FF212531DE
:10951000964804F0E3FF172113981023F0220091DE
:109520000190FF212531924804F0D8FF8948743812
:10953000407B012820D1874840690190FBF7DCFE81
:109540008C4A8D4B03910290FBF7D0FD00228B4B90
:1095500005910490FBF716FD07910690FBF708FFB5
:10956000089002207D23DB000090C321FF203C30C7
:10957000089AFFF777F90CE00220009075484069DF
:109580007D23DB000246C3210890FF203C30FFF71B
:1095900069F9022000906F4880697D23DB00024654
:1095A000FF2107310890FF203C30FFF75BF9694845
:1095B0007438407B01280BD1112113981023B42259
:1095C00000910190FF2178316D4804F087FF0AE097
:1095D000112113981023B42200910190FF217831BA
:1095E000684804F07BFF112113981023FA220091A0
:1095F0000190FF217831644804F070FF00210122BE
:109600001498A823019202910090FF2291321946EA
:10961000FF201B3005F06AF8002101221498EA238C
:10962000019202910090FF2291321946002005F02C
:109630005DF8002101221498FF232D33019202913D
:1096400000905E22EA21104605F050F80021012228
:109650001498FF232D33019202910090BC22EA213D
:10966000104605F043F83B4820300078002804D02D
:10967000012819D002282ED12EE025211398282365
:109680004C2200910190FF214331404804F026FF15
:109690001221139868237A2200910190FF2128312A
:1096A0003B4804F01BFF2EE02521139828234C2271
:1096B00000910190FF214331364804F00FFF122141
:1096C000139860237A2200910190FF212D313248B6
:1096D00004F004FF17E000BF2521139828234C2233
:1096E00000910190FF2143312C4804F0F7FE122134
:1096F00013983C237A2200910190FF213A312848A7
:1097000004F0ECFE00BF00BFCC2010907C200F9036
:109710001221139820233C220091019014210C481F
:1097200004F0DCFE0B4800897D21C900884239DB4A
:10973000084800890849884234DA17211398182309
:109740003722009101904621044804F0C7FE38E01A
:109750007BF902005C870020DC05000060F302005A
:10976000EAF302007BFD0200E00400203EF5020067
:1097700010F50200CDCCCCCCCCCCFC3F0040DF407F
:109780001CF30200FAF202003EF30200DCF50200D4
:109790009FFD020095F6020089FE02004EF70200CE
:1097A00061FF0200FE480089FE49884209DB17215B
:1097B000139818233722009101904621FA4804F0AB
:1097C0008DFEF74800890246502108907820FEF768
:1097D00011FF0C21139818235A2200910190D221D5
:1097E000F24804F07BFE00210122149801920291BC
:1097F0000090129A10460F9B109904F077FF0021F9
:1098000001221498019202910090119A10460F9B28
:10981000109904F06BFF002101221498019202912B
:109820000090109B1946119A129804F05FFF159949
:109830001498019100901298323880B2DC4B1922B2
:10984000920108900F9904F0F7FF1599149801916F
:1098500000901098103880B208901298273880B283
:10986000D34BFF2291320790089904F0E5FF0020C6
:109870000B9053E00B984100C9485038405AFF21E3
:109880009131884202DA01200C9022E00B984100CD
:10989000C3485038405A19218901884217DA0B9879
:1098A0004100BF485038405AFF38913840000321EA
:1098B0000790FBF741F90A210890FBF73DF980B2C8
:1098C0000C900C98012804DA01200C9001E0502043
:1098D0000C900C991098401A80B20D900B98410092
:1098E000AF485038405A002811D000210222149865
:1098F0000192029100901098401E80B20346089099
:109900000E9A10460D9900E0E7E004F0EFFE0E9885
:10991000401D80B20E900B98401C0B900B98242891
:10992000A8DB0A2113982823FA220091019019211B
:10993000A04804F0D3FD9A488079030007F097FF10
:109940000604101C2834404C0D2113982023FF22BC
:109950001432009101901D21974804F0BFFD3CE0B6
:109960000D2113982023FF221432009101901D2114
:10997000924804F0B3FD30E00D2113982023FF221C
:109980001432009101901D218D4804F0A7FD24E0C0
:109990000D2113982023FF221432009101901D21E4
:1099A000884804F09BFD18E00D2113982023FF2226
:1099B0001432009101901D21834804F08FFD0CE0CA
:1099C0000D2113982023FF221432009101901D21B4
:1099D0007E4804F083FD00E000BF00BF162113980D
:1099E0001823F522009101908221794804F076FD38
:1099F0006B48007C00E09EE3030007F038FF06049C
:109A0000101C2834404C0D2113982023FF221432BF
:109A1000009101907F21684804F060FD3CE00D2139
:109A200013982023FF221432009101907F21634874
:109A300004F054FD30E00D2113982023FF2214324E
:109A4000009101907F215E4804F048FD24E00D2143
:109A500013982023FF221432009101907F2159484E
:109A600004F03CFD18E00D2113982023FF2214324E
:109A7000009101907F21544804F030FD0CE00D214D
:109A800013982023FF221432009101907F214F4828
:109A900004F024FD00E000BF00BF1221139818233A
:109AA000F52200910190BE214A4804F017FD0A21D9
:109AB00013981823FF221F3200910190FC21464881
:109AC00004F00CFD36483438808E0246FF21073101
:109AD0000890D220FEF78EFD2EE317211398102355
:109AE000AD2200910190FF2125313C4804F0F6FCA5
:109AF000172113981023EF2200910190FF212531A7
:109B0000374804F0EBFC26487438407B012820D10C
:109B1000234840690190FBF7EFFB324A324B039137
:109B20000290FBF7E3FA0022304B05910490FBF71B
:109B300029FA07910690FBF71BFC089002207D2371
:109B4000DB000090C321FF203C30089AFEF78AFE1C
:109B50000CE002200090124840697D23DB000246A1
:109B6000C3210890FF203C30FEF77CFE02200090CD
:109B70000B4880697D23DB000246FF2107310890F6
:109B8000FF203C30FEF76EFE05487438407B01280C
:109B900034D1112113981023B4220091019027E0B1
:109BA0005C870020DC050000EAF302007BFD020078
:109BB000E004002049F90200C3F90200F7F90200AD
:109BC0002BFA02005FFA020093FA0200C7FA0200C1
:109BD00007F8020049F802007DFB02003EF5020092
:109BE00010F50200CDCCCCCCCCCCFC3F0040DF400B
:109BF000FF217831F94804F071FC0AE01121139833
:109C00001023B42200910190FF217831F44804F030
:109C100065FC112113981023FA2200910190FF2175
:109C20007831F04804F05AFC002101221498662390
:109C3000019202910090FF2291321946FF201B30C1
:109C400004F054FD002101221498A82301920291EE
:109C50000090FF2291321946FF201B3004F046FD90
:109C6000002101221498EA23019202910090FF2220
:109C700091321946002004F039FD00210122149888
:109C8000FF232D330192029100905E22EA211046BB
:109C900004F02CFD002101221498FF232D330192A2
:109CA00002910090BC22EA21104604F01FFD0A2117
:109CB00013982823292200910190FF212531CA48B9
:109CC00004F00CFC0A21139828232922009101900A
:109CD000FF216531C54804F001FCC548808C0A901D
:109CE000C348C08C0990C3490A98884201DD0846E0
:109CF0000A90C0490998884201DD084609903D2133
:109D0000FF201E300A9AFEF729FD3D21FF205A3020
:109D1000099AFEF723FD0A21139828235522009162
:109D20000190FF216631B44804F0D8FBB048808D23
:109D300080B202467F210890FF203C30FEF7D4FB22
:109D40000A21139830236B2200910190FF212531C5
:109D5000AA4804F0C3FB0A211398282396220091F5
:109D60000190FF216631A64804F0B8FBCC2010908A
:109D70007C200F901221139820233C220091019007
:109D80001421A04804F0AAFB994800897D21C9004C
:109D900088420FDB964800899B4988420ADA1721DE
:109DA000139818233722009101904621974804F018
:109DB00095FB0EE08E4800899349884209DB172104
:109DC000139818233722009101904621904804F0FF
:109DD00085FB874800890246502108907820FEF7CD
:109DE00009FC0C21139818235A2200910190D221CA
:109DF000884804F073FB002101221498019202911B
:109E00000090129A10460F9B109904F06FFC0021ED
:109E100001221498019202910090119A10460F9B12
:109E2000109904F063FC0021012214980192029120
:109E30000090109B1946119A129804F057FC15993E
:109E40001498019100901298323880B2724B192206
:109E5000920108900F9904F0EFFC15991498019164
:109E600000901098103880B208901298273880B26D
:109E7000694BFF2291320790089904F0DDFC002025
:109E80000B904CE00B98410059485038405AFF2144
:109E90009131884202DA01200C901DE00B984100BC
:109EA00053485038405A19218901884212DA0B98D8
:109EB00041004F485038405AFF3891384000032144
:109EC0000790FAF739FE0A210890FAF735FE80B2BA
:109ED0000C9001E050200C900C991098401A80B220
:109EE0000D900B98410042485038405A00280FD03E
:109EF0000021022214980192029100901098401EB5
:109F000080B2034608900E9A10460D9904F0EEFBBD
:109F10000E98401D80B20E900B98401C0B900B9831
:109F20002428AFDB0A2113982823FA2200910190FC
:109F300019213A4804F0D2FA2D488079030007F03D
:109F400096FC0604101C2834407B0D211398202316
:109F5000FF221432009101901D21314804F0BEFA15
:109F60006BE00D2113982023FF2214320091019001
:109F70001D212C4804F0B2FA5FE00D211398202334
:109F8000FF221432009101901D21274804F0A6FA07
:109F900053E00D2113982023FF22143200910190E9
:109FA0001D21224804F09AFA47E00D21139820233E
:109FB000FF221432009101901D211D4804F08EFAF9
:109FC0003BE00D2113982023FF22143200910190D1
:109FD0001D21184804F082FA2FE000001CF3020053
:109FE000FAF202003EF30200E5F8020017F902005F
:109FF0005C870020E7030000FBFA02007FF8020004
:10A000002DFB02007BF90200DC05000060F302007A
:10A01000EAF302007BFD0200E004002049F902009F
:10A02000C3F90200F7F902002BFA02005FFA0200FE
:10A0300093FA0200C7FA020000BF00BF162113986E
:10A040001823F522009101908221574804F046FA26
:10A050005648007C030007F00AFC0604101C283454
:10A06000404C0D2113982023FF22143200910190BF
:10A070007F214F4804F032FA3CE00D211398202351
:10A08000FF221432009101907F214A4804F026FA01
:10A0900030E00D2113982023FF221432009101900B
:10A0A0007F21454804F01AFA24E00D21139820235B
:10A0B000FF221432009101907F21404804F00EFAF3
:10A0C00018E00D2113982023FF22143200910190F3
:10A0D0007F213B4804F002FA0CE00D211398202365
:10A0E000FF221432009101907F21364804F0F6F9E6
:10A0F00000E000BF00BF122113981823F522009141
:10A100000190BE21304804F0E9F90A211398182380
:10A11000FF221F3200910190FC212C4804F0DEF94F
:10A1200022483438808E0246FF2107310890D22021
:10A13000FEF760FA00BF00BF00BF25A125A002F016
:10A1400009FD1A487438807B0146089023A002F06C
:10A1500001FD16487438808A052803DA0520134962
:10A160007439888211487438807B012808DB0F48D5
:10A170007438807B042803DC1E48FEF741FC0AE0AB
:10A1800000200A497439887310F004FA1948FEF760
:10A19000FBFB10F0B7F905487438807B401C03497D
:10A1A000743988731DB000BD07F802005C87002079
:10A1B000C3F90200F7F902002BFA02005FFA02006D
:10A1C00093FA0200C7FA020049F802007DFB020080
:10A1D0004C4F47000A5B25735D000000455044204A
:10A1E00057696C6C205570646174652E2E2E202585
:10A1F0006400000098B50020F1B590B001200F90E8
:10A200000E90EC2008900027002600200D90B44905
:10A210000860B44908600D98002801DD0D9802E03F
:10A220001098FAF76CFD0C900C98002801D111B031
:10A23000F0BD0C9A10990F9802F09CF80B900B98B7
:10A24000002800D1F3E70F98002803D1A6490B9806
:10A25000086010E00F990B98884203DCA2490F9820
:10A26000086008E00E98002803D09F490B9808600A
:10A2700001E00020DBE79C4800684A2148439B49F5
:10A280004018001D964909684900405A0A900A98EA
:10A29000C00097490968401A042801DD042004E041
:10A2A0000A98C00092490968401A09900998002844
:10A2B00007DD00218E48099A006805F0F9FD8C49F8
:10A2C00008608B490968C81DC117490F0918CC10CF
:10A2D0000AE08849089808550898EC2801D111200F
:10A2E00000E0EC200890641C0A988442F1DB7E4870
:10A2F00000684A2148437D49401840887E490860EB
:10A30000084601687D48FAF7DBFC774800684A2177
:10A310004843764940181A3071490968062251436A
:10A32000405A0790704800684A2148436F494018D6
:10A3300032306B4909685143415A06910699079892
:10A3400040180590684800684A214843674940180A
:10A350001A30634909685143401880880490624864
:10A3600000684A2148436149401832305C49096815
:10A370005143401880880390002410E0002509E034
:10A3800038467F1C5B49095C0598684380195B4A25
:10A3900011546D1C04988542F2DB761C641C0798EE
:10A3A0008442EBDB00241EE0002517E00498854280
:10A3B00009DA38467F1C4F49095C059868438019C3
:10A3C0004E4A115409E038467F1C4A490A5C0499F8
:10A3D00005984843001949490A546D1C0398854261
:10A3E000E4DB761C641C06988442DDDB3E48006892
:10A3F0004A2148433D4940181A3039490968062224
:10A400005143401841880498081A02903648006861
:10A410004A2148433549401832303149096851438F
:10A42000401841880398081A01900027002600244C
:10A4300021E099213248FAF743FC2E48C1193048EF
:10A44000049AFAF715FC2E48029A049902F008F8CB
:10A45000002509E02A48425D059868430A9940189A
:10A46000801926490A546D1C02988542F2DB049833
:10A470003F18761C641C07988442DADB002421E034
:10A4800099211F48FAF71CFC1A48C1191C48039A65
:10A49000FAF7EEFB1A48019A039901F0E1FF002553
:10A4A00009E01748425D059868430A9940188019E9
:10A4B00012490A546D1C01988542F2DB03983F183B
:10A4C000761C641C06988442DADB0748006880002A
:10A4D00011300C49086001F0CBF90120A7E600001B
:10A4E000E4060020F0060020E806002008670300CC
:10A4F000D806002076F60020E006002026FB00208B
:10A50000B6FC0020D4060020F7B588B00024002057
:10A510000590FF219131FE48FAF7D2FB0020054655
:10A52000FC49086045E00998401EA84209DD6F1CFF
:10A53000089AD15D505D02F029FC002801D0032368
:10A5400010E00899485D02F03AFC002801D0002391
:10A5500008E00899485D02F0F6FB002801D00123CD
:10A5600000E00223002D01D1EB480370EA48E949DD
:10A570000968405C984206D0E6480068401CE549FE
:10A580000860E5490B54E248E2490968405C401C18
:10A59000C1B2DF48DF4A12688154032B08D1DD497C
:10A5A0000968405C401CDA49DA4A126888546D1C1C
:10A5B0006D1C09988542B6DBD6480068401CD54919
:10A5C000086065E100200190D348005D002804D1B7
:10A5D000D149601C085C012808D0CF48005D0128E3
:10A5E0007ED1CD49601C085C0028F9D1C84A115DB4
:10A5F000C94A105D0A9A01F06BFE0746C44A601C06
:10A60000115CC54A135C18460A9A01F061FE3918BC
:10A610000791BF48025D0346601C185C11180120B9
:10A620000A9A01F055FE069007990698814257DD77
:10A63000012C28DB601EB849085C022823D1601E6B
:10A64000B34A105C125D811802200A9A01F040FEA4
:10A650000746AF4A601C115CAF4A135C18460A9A61
:10A6600001F036FE38180390601EA94A115C0220E2
:10A670000A9A01F02DFE069941180398814204DAE6
:10A680000020039001E000200390A2480068801E93
:10A69000A04229DDA049A01C085C022824D19C4AC4
:10A6A000115D9D4A105D0A9A01F012FE0746984A14
:10A6B000601C105CA31CD25C811802200A9A01F075
:10A6C00007FE38180290924AA01C115C02200A9AD8
:10A6D00001F0FEFD069941180298814206DA00E079
:10A6E000D4E00020029001E00020029003980028AE
:10A6F0000CD00298002809D002990398884202DA07
:10A700000020C04300E0012001900CE003980028E5
:10A7100002D00020C04305E00298002801D00120AB
:10A7200000E0002001900198002840D00198401CD2
:10A73000002819D1601E7649085C095D4018C1B235
:10A74000601E734A1154254608E07349681C085C72
:10A7500048556F49681C085C48556D1C6D48006879
:10A76000401EA842F1DC1CE002216B4A601C11541F
:10A770006749095C664AA01C105C0818C1B2601CDD
:10A780001154A51C08E06449681C085C48556049E0
:10A79000681C085C48556D1C5E480068401EA84255
:10A7A000F1DC5C480068401E5A4908606DE0594879
:10A7B0000068801EA04223DD5749A01C085C0128C8
:10A7C0001ED15349601C095C514AA01C105C08183A
:10A7D000C1B2601C1154A51C08E04F49681C085CFC
:10A7E00048554B49681C085C48556D1C4948006831
:10A7F000401EA842F1DC47480068401E45490860F9
:10A800000120454908554248015D0246601C105C24
:10A81000081811460855651C08E03F49681C085C8B
:10A8200048553B49681C085C48556D1C3948006810
:10A83000401EA842F1DC37480068401E35490860D8
:10A84000012C22DB601E3449085C01281DD1601EEA
:10A850002F49085C095D4018C1B2601E2C4A115492
:10A86000254608E02C49681C085C48552849681CA6
:10A87000085C48556D1C27480068401EA842F1DC62
:10A8800024480068401E2349086001E0641C00BFA2
:10A8900020480068401EA04200DD93E60024BFE08F
:10A8A0001B4A115D1C4A105D0A9A01F011FD074612
:10A8B000174A601C115C184A135C18460A9A01F08A
:10A8C00007FD381807901248025D0346601C185CAB
:10A8D000111802200A9A01F0FBFC0690012C0BDBF8
:10A8E000601E0D49085C022806D10C490A98085CD4
:10A8F000001D0699081A069006480068801EA042AE
:10A9000014DD0549A01C085C02280FD1034907E0AB
:10A9100096F90020DC06002006F800209479030058
:10A920000A98085C001D0699081A0690069907986F
:10A93000884273DD012C23DB601EEB49085C022892
:10A940001ED1601EE949085C095D4018C1B2601E55
:10A95000E64A1154254608E0E349681C085C48555E
:10A96000E249681C085C48556D1CE1480068401EBF
:10A97000A842F1DCDE480068401EDD490860641E24
:10A98000DB480068801EA04223DDD749A01C085C7C
:10A9900002281ED1D549601C095CD44AA01C105C59
:10A9A0000818C1B2601C1154A51C08E0CE49681CEF
:10A9B000085C4855CD49681C085C48556D1CCC485E
:10A9C0000068401EA842F1DCC9480068401EC84922
:10A9D00008600220C4490855C448015D0246601C55
:10A9E000105C081811460855651C08E0BE49681C33
:10A9F000085C4855BD49681C085C48556D1CBC483E
:10AA00000068401EA842F1DCB9480068401EB84901
:10AA10000860012C00DB641E02E0FFE7641C00BF3D
:10AA2000B3480068401EA04200DD39E70020B1496C
:10AA30000860FF219131B048FAF742F900253EE164
:10AA4000A948405D002879D104220121A948006865
:10AA500005F02EFAA7490860A84B0A981A5CA3488B
:10AA6000415DA448006805F023FAA2490860002669
:10AA700059E09E48405D801EB04221DD0598811955
:10AA80000898405C30386421414305988019401C87
:10AA9000089A105C30380A2250430A180598811928
:10AAA000891C0898405C3038101880B204900A2243
:10AAB00090480499006805F0FBF98E49086031E080
:10AAC0008A48405D801EB04218D1059881190898C7
:10AAD000405C30380A21484305998919491C089A75
:10AAE000515C3039401880B20490072281480499A3
:10AAF000006805F0DDF97F49086013E07B48405DA0
:10AB0000401EB0420ED1059881190898405C30383B
:10AB100080B20490042277480499006805F0C8F9CF
:10AB200074490860F61C7148405DB042A1DC6F4872
:10AB3000415D059808180590C0E0FFE76A48405D50
:10AB400001284ED1042202216A48006805F0B0F9BC
:10AB5000684908606A4B0A981A5C6448415D654818
:10AB6000006805F0A5F96349086000262FE05F48FA
:10AB7000405D401EB0421ADD05998A190899885C2B
:10AB8000FBF7D2FF2D2102464A4305998919491C3A
:10AB9000089B585CFBF7C8FF101804900B2255481F
:10ABA0000499006805F084F9524908600EE005999F
:10ABB0008A190899885CFBF7B7FF049006224D4874
:10ABC0000499006805F074F94A490860B61C4748C2
:10ABD000405DB042CBDC4548415D059808180590C2
:10ABE0006CE04148405D02282AD1042211464148C8
:10ABF000006805F05DF93F490860424B0A981A5C0D
:10AC00003A48415D3B48006805F052F9394908600F
:10AC100000260BE0059882190898815C08223548C7
:10AC2000006805F045F933490860761C2F48405DFF
:10AC3000B042EFDC2D48415D0598081805903DE0D5
:10AC4000042208212B48006805F032F929490860E0
:10AC50002648475DF80FC01941102B4B0A981A5C23
:10AC60002448006805F024F922490860002619E00C
:10AC70007200059952180899895C0B0272000599B7
:10AC80005118491C089A515C591888B202F0A0F872
:10AC900007460D2239461748006805F009F915499D
:10ACA0000860761C1149485DC10F09184910B1426E
:10ACB000DEDC0E48415D0598081805906D1C0C48B7
:10ACC0000068854205DA0B480068401C002800D067
:10ACD000B6E608480068401C002802D001200BB0EE
:10ACE000F0BD0020FBE7000006F8002096F90020E8
:10ACF000DC060020D806002076F600208E790300BE
:10AD0000917903009479030097790300F0B58BB033
:10AD1000242102A8F9F7D4FF712000030190092231
:10AD200002A9019800F00EFA02AE00273F4D002460
:10AD300017E0B8003058000E2855B800305800020F
:10AD4000010E601C2954B800305A0004010EA01CEA
:10AD5000295438467F1C8000315CE01C29542D1D8D
:10AD6000241D042CE5D3314D2D1D002417E0B8001F
:10AD70003058000E2855B80030580002010E601CF3
:10AD80002954B800305A0004010EA01C295438463A
:10AD90007F1C8000315CE01C29542D1D241D102CCB
:10ADA000E5D3224D1435002417E0B8003058000ECA
:10ADB0002855B80030580002010E601C2954B80014
:10ADC000305A0004010EA01C295438467F1C800014
:10ADD000315CE01C29542D1D241D102CE5D3134893
:10ADE000C01EC078002804D01048C01EC078FF28BC
:10ADF0001AD10E48C01EC079002804D00B48C01ECE
:10AE0000C079FF2810D1042209490848F9F730FF1A
:10AE1000102208490548001DF9F72AFF10220649AB
:10AE200002481430F9F724FF0BB0F0BDF7B300204F
:10AE3000A4000020A8000020B8000020F0B589B0D0
:10AE4000202101A8F9F73CFFE120C0020090082270
:10AE500001A9009800F076F901AE00273D4D0024CD
:10AE600017E0B8003058000E2855B80030580002DE
:10AE7000010E601C2954B800305A0004010EA01CB9
:10AE8000295438467F1C8000315CE01C29542D1D5C
:10AE9000241D082CE5D32F4D0835002417E0B800F9
:10AEA0003058000E2855B80030580002010E601CC2
:10AEB0002954B800305A0004010EA01C2954384609
:10AEC0007F1C8000315CE01C29542D1D241D082CA2
:10AED000E5D3204D1035002417E0B8003058000E9F
:10AEE0002855B80030580002010E601C2954B800E3
:10AEF000305A0004010EA01C295438467F1C8000E3
:10AF0000315CE01C29542D1D241D102CE5D3114863
:10AF1000C01EC07A002804D00E48C01EC07AFF2888
:10AF200015D10C48C01EC07C002804D00948C01EA2
:10AF3000C07CFF280BD11022074906481030F9F7D2
:10AF400097FE0822054903480830F9F791FE09B039
:10AF5000F0BD0000D7B30020940000208C0000203A
:10AF60001CB5E724E40202226946204600F0EAF814
:10AF7000144900980872084680790821884301998D
:10AF8000C9000822114008430E4988710098022820
:10AF900001D9002008720198012805D90948807953
:10AFA000082188430749887107A109A001F0D2FD53
:10AFB000044880790007C20F0248017A06A001F018
:10AFC000C9FD1CBDE8860020464C415348000000E6
:10AFD0000A5B25735D0000005265616420466C6168
:10AFE000736820446576696365204C656420536806
:10AFF0006F77204D6F64653A2025642C204265658B
:10B000007020456E61626C652053746174653A20EE
:10B01000256400003EB573242403032269462046BC
:10B0200000F090F81349009888720198C87202984D
:10B0300048730846807A022801DD002088720D4896
:10B04000C07A012802DD00200A49C8720948407B05
:10B05000012802DD00200749487307A108A001F07C
:10B0600079FD0448437BC27A817A074801F072FD7A
:10B070003EBD0000E8860020464C415348000000D9
:10B080000A5B25735D0000007C8003001CB5E3248F
:10B09000E40202226946204600F054F81449009860
:10B0A00048700198887008464078FE2803DC0846FE
:10B0B0004078012802DA0A200D4948700C4880784F
:10B0C000022802D002200A4988700AA10BA001F0D0
:10B0D00041FD07488078002801D00AA000E00BA0BD
:10B0E0000246034841780BA001F034FD1CBD00006E
:10B0F000D4B30020464C4153480000000A5B25733E
:10B100005D000000436C617373204300436C617306
:10B11000732041005265616420466C61736820446D
:10B120006576696365204C6F526157414E20506FC0
:10B1300072743A2025642C20436C6173733A202585
:10B140007300000070B503461C46002004E025682B
:10B1500086008D51241D401C9042F8DB70BD10B557
:10B1600000F00EF8FFF76AFEFFF7D0FDFFF78EFF45
:10B17000FFF750FFFFF7F4FE00F046F810BD0000A7
:10B180001CB5E524E402022269462046FFF7DAFFF7
:10B1900017490098C882019808830846C08A2D2163
:10B1A0004901884203DC1248C08A0A2807DA10489D
:10B1B000C08A002803D02D2040010D49C8820C48C8
:10B1C000008B2D214901884203DC0948008B0128AE
:10B1D00002DA3C200649088306A108A001F0BAFC67
:10B1E0000348028BC18A074801F0B4FC1CBD000073
:10B1F000E8860020464C4153480000000A5B257356
:10B200005D000000C08003007CB50020009001902C
:10B210001D25AD03022269462846FFF793FF0098DB
:10B2200044B26320C043844204DB642C02DC08493E
:10B230000C7402E000200649087406A107A001F082
:10B2400089FC0348017C07A001F084FC7CBD000060
:10B25000E8860020464C4153480000000A5B2573F5
:10B260005D0000005265616420466C617368204493
:10B2700065766963652054656D7065726174757279
:10B2800065204F66667365743A20256400000000EF
:10B2900010B52D2040010D49C8823C2008830020B4
:10B2A0008872C872487308720846807908218843FA
:10B2B000064988710020087400F0D4F800F0BCF84A
:10B2C00000F036F900F048F910BD0000E8860020D3
:10B2D000F0B58BB0712000030A900027242101A84B
:10B2E000F9F7EEFC264C002610E020780506607881
:10B2F00000044519A07800024519E0784519241D7D
:10B3000038467F1C800001A90D50361D042EECD359
:10B310001B4C241D002610E02078050660780004F0
:10B320004519A07800024519E0784519241D3846D2
:10B330007F1C800001A90D50361D102EECD3104C3F
:10B340001434002610E020780506607800044519C2
:10B35000A07800024519E0784519241D38467F1C65
:10B36000800001A90D50361D102EECD30A9800F074
:10B370003FFA092201A90A9800F0A0F80BB0F0BD2D
:10B38000F7B30020F0B589B0E120C0020890002793
:10B3900020216846F9F794FC264C002610E020781E
:10B3A0000506607800044519A07800024519E07888
:10B3B0004519241D38467F1C800069460D50361DF6
:10B3C000082EECD31B4C0834002610E0207805062C
:10B3D000607800044519A07800024519E078451905
:10B3E000241D38467F1C800069460D50361D082EEE
:10B3F000ECD3104C1034002610E02078050660785D
:10B4000000044519A07800024519E0784519241D6B
:10B4100038467F1C800069460D50361D102EECD337
:10B42000089800F0E5F908226946089800F046F807
:10B4300009B0F0BDD7B300201CB5E724E4020848EA
:10B44000007A0090064880790007C00F01902046DE
:10B4500000F0CEF902226946204600F02FF81CBD0C
:10B46000E88600203EB5732424030948807A0090C2
:10B470000748C07A01900648407B0290204600F0C1
:10B48000B7F903226946204600F018F83EBD0000D7
:10B49000E88600201CB5E324E402074840780090C9
:10B4A000054880780190204600F0A2F90222694602
:10B4B000204600F003F81CBDD4B3002070B504464C
:10B4C0000D46164601211748FCF770F80120FCF7DD
:10B4D00059F800F0A5F8022000F080F8124800F0BA
:10B4E000B9F8124800F0B6F80DE0022000F076F846
:10B4F000286820602D1D241D00BF00F099F8002849
:10B50000FBD000F0A1F83046761E0028EDD100F007
:10B51000A1F80020FCF736F800210248FCF746F8B5
:10B5200070BD000005000002A5A5A5A5F1F1F1F18F
:10B530001CB5E524E4020748C08A00900548008B4A
:10B540000190204600F054F9022269462046FFF798
:10B55000B5FF1CBDE88600201CB51D24A4030020F7
:10B56000009001900548007C0090204600F040F9D2
:10B57000022269462046FFF7A1FF1CBDE886002095
:10B5800038B57F24240305480090204600F030F9A8
:10B59000012269462046FFF791FF38BD78563412E4
:10B5A0000146054A506940084000CA07D20F1043BF
:10B5B000014A506170470000001000400146064AF1
:10B5C000506903231B0202469A4310461A460A405A
:10B5D0001043014A50617047001000400146064A7E
:10B5E0005069022302469A43104602220A40104341
:10B5F000014A506170470000001000400448006A92
:10B60000C007C00F002801D0012070470020FCE7D0
:10B6100000100040012001490862704700100040FE
:10B6200001204002014908627047000000100040FC
:10B630000448006A02210840002801D00120704718
:10B640000020FCE70010004002200149086270471A
:10B650000010004001498861704700000010004060
:10B660000146054A1068800880008A07920F10433F
:10B67000014A1060704700000010004010B512A091
:10B6800001F068FA1848007A002803D10120164911
:10B6900008720EE01448007A012803D102201249F2
:10B6A000087206E01048007A022802D100200E49F4
:10B6B00008720D4840790821884308300A494871CA
:10B6C0006420086210BD00000A7072657373206602
:10B6D000756E63206B657920646F75626C65206898
:10B6E000616E646C65720A00E886002010B514A0D3
:10B6F00001F030FA1A48807AFF2803D0FF20184959
:10B70000887213E01648C07A002803D0002014493C
:10B71000C87202E001201249C872114840794021E4
:10B72000884340300E4948716420C86100200C49AC
:10B730008873002220210B4809F0DAF910BD0000BF
:10B740000A70726573732066756E63206B6579206D
:10B750006C6F6E672068616E646C65720A00000031
:10B76000E8860020D473002010B517A001F0F2F98C
:10B770001D48807A002804D0012806D002280CD168
:10B7800007E00120184988720BE0022016498872F0
:10B7900007E000201449887203E0002012498872F3
:10B7A00000BF00BF104840798021884380300E4997
:10B7B00048716420C86100208873002220210B4852
:10B7C00009F096F910BD00000A7072657373206667
:10B7D000756E63206B65792073686F727420686181
:10B7E0006E646C65720A0000E8860020D473002045
:10B7F00070B5054601211A48FBF7D8FE0120FBF77A
:10B80000C1FE0020FFF7DAFE0120FFF7C9FE154850
:10B81000FFF720FF1448FFF71DFF1448286000E0E1
:10B8200000BFFFF7EBFE0128FAD1FFF7F3FE00207F
:10B83000FFF710FF0020FBF7A5FE00210848FBF7EB
:10B84000B5FE002408E0A0002858401C002801D0C4
:10B85000002070BD601C84B2802CF4DB0120F8E76E
:10B860000500000296969696EAEAEAEACDAB341213
:10B87000F8B52A492A48F9F723FA04F073FC04F0D2
:10B880004FFB28480068401C00281FD1254908604C
:10B890000846006804F042FD2248006804F0BAFB44
:10B8A000FBF78CFF074601240EE0204604F036FD2E
:10B8B000204604F0AFFBFBF781FF0646BE4202DAEA
:10B8C000374618480460641C072CEEDD15480068F4
:10B8D00004F024FD1348006804F09CFB002418E0E9
:10B8E000002511E0600120180D494018405D11212C
:10B8F0000840002801D0012000E00020610161180B
:10B90000074A891848556D1C074800688542E9DBDD
:10B91000641C054800688442E2DBF8BD4104000075
:10B9200035F20020F0060020D406002010B51EA03D
:10B9300001F010F92CA001F00DF93BA001F00AF97B
:10B940000B22032148A001F005F913F0F3FA10F0DF
:10B950005BF8FFF704FC7F2000030068524988422F
:10B9600003D17F200003FFF743FF012189024F48E5
:10B9700000F09EFC012189034C48803000F096FCC9
:10B9800040214A48403000F091FC0020C043484923
:10B99000C861086264204749087001214648017265
:10B9A00096204349888210BD0A2A2A2A2A2A2A2A4E
:10B9B0002A2A2A2A2A2A2A2A2A2A2A2A2A2A2A2AE7
:10B9C0002A2A2A2A2A2A2A2A2A2A2A2A2A2A2A2AD7
:10B9D0002A2A2A2A2A2A2A2A2A2A2A2A2A2A2A2AC7
:10B9E0002A2A2A2A2A0A00002A2A2A2A2A2A2A2A2B
:10B9F0002A2A2A2A2A2A2A2A2A2A2A2A2A2A2A2AA7
:10BA00002A2A2A2A2A2A2A2A2A2A2A2A2A2A2A2A96
:10BA10002A2A2A2A2A2A2A2A2A2A2A2A2A2A2A2A86
:10BA20002A2A2A2A0A0000002A2A2A2A2A2A2A2A14
:10BA30002A2A2A2A2A2A2A2A20484B54203A2041F4
:10BA40006972204D6F6E69746F72696E67205365FD
:10BA50006E736F72202A2A2A2A2A2A2A2A2A2A2A36
:10BA60002A2A2A2A0A0000002A2A2A2A2A2A2A2AD4
:10BA70002048415244574152455F5645523A203082
:10BA80007825303478202C534F4654574152455F27
:10BA90005645523A20307825303478202A2A2A2AEE
:10BAA0002A2A2A2A0A00000078563412000C004084
:10BAB000E88600201400002014B40020F7B50346E7
:10BAC0000D460021002207E0012696402E40002E60
:10BAD00001D0114602E0521C102AF5D300BF102AF3
:10BAE00000D1FEBD314FDE1BBB4211D008DC304E11
:10BAF0009E19002E09D0402E08D0802E51D106E08C
:10BB0000402E06D0802E4CD104E000BF00BF00BF05
:10BB100000BF00BF254E4036B34203D0234E8036CF
:10BB2000B34202D10B2903D93CE00F2900D939E0F7
:10BB3000032901D800200CE0042903D3072901D8E8
:10BB4000012006E0082903D30B2901D8022000E0D8
:10BB50000320164E803EB34200D1001D134E403EDE
:10BB6000B34200D10830114EB34200D10C300F4E19
:10BB70004036B34200D110300C4E8036B34200D173
:10BB800014300C4E3469029E012E02D1864034439B
:10BB900004E0012686402746B7433C46054E346103
:10BBA00000E000BF00BF00BF9BE70000C00C0040EA
:10BBB00000F4FFBFC00D0040F0B502460D46002363
:10BBC0000027002407E00120A0402840002801D0E1
:10BBD000234602E0641C102CF5D300BF102C01D1C9
:10BBE0003846F0BD2E4E901BB24211D008DC2D48D5
:10BBF0001018002809D0402808D080284CD106E031
:10BC0000402806D0802847D104E000BF00BF00BF15
:10BC100000BF00BF22484030824203D0204880301D
:10BC2000824202D10B2B03D937E00F2B00D934E02D
:10BC3000032B01D800210CE0042B03D3072B01D8E0
:10BC4000012106E0082B03D30B2B01D8022100E0D1
:10BC5000032113488038824200D1091D1048403822
:10BC6000824200D108310E48824200D10C310C488A
:10BC70004030824200D1103109488030824200D1E8
:10BC800014310948406901268E40304001268E401B
:10BC9000B04200D1012700E000BF00BF3846A0E756
:10BCA000C00C004000F4FFBFC00D0040F0B50246DC
:10BCB0000C460021002307E001269E402640002E6E
:10BCC00001D0194602E05B1C102BF5D300BF102BEE
:10BCD00000D1F0BD2D4FD61BBA4211D008DC2C4E3E
:10BCE0009619002E09D0402E08D0802E49D106E0AA
:10BCF000402E06D0802E44D104E000BF00BF00BF1C
:10BD000000BF00BF214E4036B24203D01F4E8036E6
:10BD1000B24202D10B2903D934E00F2900D931E016
:10BD2000032901D800200CE0042903D3072901D8F6
:10BD3000012006E0082903D30B2901D8022000E0E6
:10BD40000320124E803EB24200D1001D0F4E403EF5
:10BD5000B24200D108300D4EB24200D10C300B4E31
:10BD60004036B24200D11030084E8036B24200D187
:10BD70001430084E7569012686403543054E7561BD
:10BD800000E000BF00BF00BFA3E70000C00C004000
:10BD900000F4FFBFC00D0040F0B505460E46174643
:10BDA0001C4603223146284600F014F83146284646
:10BDB00000F096F83A463146284600F00BF8314636
:10BDC0002846FFF773FF224631462846FFF776FEE6
:10BDD000F0BD0000F7B5034615460021002408E039
:10BDE0000126A640019F3E40002E01D0214602E0E0
:10BDF000641C102CF4D300BF102C00D1FEBD354FB5
:10BE0000DE1BBB4211D008DC334E9E19002E09D038
:10BE1000402E08D0802E58D106E0402E34D0802EFF
:10BE200053D132E000BF00BF00BF0F2900D94DE061
:10BE3000032901D800200CE0042903D3072901D8E5
:10BE4000022006E0082903D30B2901D8042000E0D2
:10BE50000620204E803EB34200D108301D4E403EA9
:10BE6000B34200D110301B4EB34200D118301B4EEC
:10BE7000B268032686401746B7433A462E468640A8
:10BE80003243164EB26021E000BF0B2900D91DE0FD
:10BE9000032901D8002006E0042903D3072901D88B
:10BEA000022000E004200B4E8036B34200D108305F
:10BEB0000A4EF268032686401746B7433A462E4696
:10BEC00086403243054EF26000BF00BF00BF00BF96
:10BED00094E70000C00C004000F4FFBFC00D00401C
:10BEE000F0B502460D460020002407E00126A640DA
:10BEF0002E40002E01D0204602E0641C102CF5D309
:10BF000000BF102C00D1F0BD3F4FD61BBA4234D039
:10BF100008DC3E4E9619002E2CD0402E2BD0802EC1
:10BF20006ED129E0402E02D0802E69D100E000BF02
:10BF30000B2800D965E0032801D8002106E0042879
:10BF400003D3072801D8022100E004212E4E8036B9
:10BF5000B24200D108318007800F2D4E736803264E
:10BF60008E401F46B7433B4606468E403343284E1D
:10BF7000736046E000BF00BF00BF234EC03EB24228
:10BF800007D0214E803EB24203D01F4E403EB24207
:10BF900002D10F2800D934E01B4EB24202D10B2847
:10BFA00000D92EE0032801D800210CE0042803D397
:10BFB000072801D8022106E0082803D30B2801D85E
:10BFC000042100E00621104E803EB24200D108312B
:10BFD0000D4E403EB24200D110310B4EB24200D164
:10BFE00018318007800F0A4E336803268E401F46A3
:10BFF000B7433B4606468E403343054E336000E070
:10C0000000BF00BF00BF7EE7C00C004000F4FFBFD0
:10C01000C00D0040F0B504460025002307E00126CE
:10C020009E400E403546002D00D002E05B1C102BD8
:10C03000F5D300BF102B36D21D46116026680E4086
:10C040003046E840012802D10126D67101E00026E1
:10C05000D67166680E40EE403046012801D19671D7
:10C0600001E000269671A6680E40EE403046012899
:10C0700001D1567101E000265671E6686F00FE405E
:10C08000B007800F002802D1002616710BE00128AE
:10C0900002D10126167106E0022802D1022616718D
:10C0A00001E003261671F0BD10B580214D48FFF761
:10C0B00083FD012817D180214A48FFF7F7FD4A4840
:10C0C0004079C007C00F002806D04748007980217A
:10C0D00088438030444908714348808A052802DA41
:10C0E00005204149888201214048FFF765FD01286C
:10C0F00017D101213D48FFF7D9FD3B484079C007E2
:10C10000C00F002806D0384800798021884380304D
:10C11000354908713448808A052802DA05203249F9
:10C120008882FF2101313148FFF746FD012810D1F7
:10C1300001022E48FFF7BAFD2B48007940218843C1
:10C140004030294908710846808A032801DA032013
:10C1500088820121090325484030FFF72DFD012881
:10C1600018D1010321484030FFF7A0FD1E48407957
:10C17000C007C00F002806D01B48007980218843E3
:10C180008030194908711848808A052802DA05208C
:10C1900015498882012115488030FFF70DFD0128DF
:10C1A0000BD1012111488030FFF780FD0E48808AB5
:10C1B000052802DA05200C49888202210B488030CC
:10C1C000FFF7FAFC01280BD1022108488030FFF765
:10C1D0006DFD0548808A052802DA0520024988821B
:10C1E00010BD0000800D0040E8860020400C00409B
:10C1F000F0B502460B4600210024002500BF2DE0CB
:10C2000001268E4034461E6826403546A54224D17C
:10C2100010680646A6433046DE798E4030431060F3
:10C2200050680646A64330469E798E4030435060A3
:10C2300090680646A64330465E798E403043906053
:10C240004F000326BE403446D0680646A64330461B
:10C250001E794F00BE403043D060491C1029CFD317
:10C26000F0BD0000012905D1054A12680243044BC4
:10C270001A6004E0024A12688243014B1A60704758
:10C28000000F004002460020D3690B40002B01D074
:10C29000012000E0002070470246002013690B4097
:10C2A000002B01D0012000E0002070478161704721
:10C2B0004161704710B51346026A012B03D1144641
:10C2C0000C43224602E014468C432246026210BD13
:10C2D000F7B50C46164600250098002804D0012822
:10C2E0001CD0022833D12CE003212046F8F724FC8F
:10C2F0000A2148431B49895D091D45180321204631
:10C30000F8F71AFC012902D0022904D101E02D1D01
:10C3100002E0ED1D00E000BF00BF1FE0E20F1219B8
:10C3200052100B235A43104B9B5D1B1DD218204605
:10C33000E30F1B185B105B00E31A06277B43D5183D
:10C340000CE00A48805D001DE100451806E0084841
:10C35000805D001D0D216143451800BF00BF2846C8
:10C36000FEBD00008E7903009179030094790300EB
:10C3700097790300F7B582B006460F461B2E01DB06
:10C38000022004E00A2E01DB012000E000200190E1
:10C39000019D5BE02A4638460499FEF7B5F800286F
:10C3A00053D0002D1AD1012415E02A490968C81D6F
:10C3B0004A216143284A8918091D284A12685200F7
:10C3C000895AC217520F1218D210914202DB20462E
:10C3D00005B0F0BD641C092CE7DD36E0012D19D154
:10C3E0000A2414E01B490968C81D4A2161431A4AFE
:10C3F0008918091D194A12685200895AC217520F2A
:10C400001218D210914201DB2046E1E7641C1A2C7D
:10C41000E8DD1AE0022D18D11B2414E00D4909684B
:10C42000C81D4A2161430C4A8918091D0B4A12682C
:10C430005200895AC217520F1218D210914201DBD2
:10C440002046C5E7641C282CE8DD6D1C022DA1DD0B
:10C450000020BDE7D806002008670300E40600209E
:10C46000FEB505460F4616460020029035E02878B6
:10C47000002825D028781B49085C0190002412E090
:10C48000B100194A51580A5D01995018FF21F8F777
:10C4900053FBC8B20090601C285C144A0099515CA0
:10C4A00048402855641CB442EADB344603E0601C73
:10C4B000285C2855641CB819401EA042F7DC09E02E
:10C4C000002403E0601C285C2855641CB819401E39
:10C4D000A042F7DC0298401C02900298B842C6DBEA
:10C4E000FEBD0000E2730300C0050020E2720300FD
:10C4F00070B505460E460024002003E0295C0919AA
:10C500008CB2401C711E8142F8DCFF210131081BF6
:10C51000FF21F8F711FB8CB2E0B270BDF0B58BB023
:10C5200004460D4629462046FFF7E2FF07462078DD
:10C53000162844D160780D2841D1A07801283ED139
:10C54000681E205CB8423AD1E17809022279114391
:10C550000846F8F7B6FE0A900A98F8F727FF002277
:10C560001C4B05910490F8F729FE07910690F8F707
:10C5700045FF0646607B0990A07B08900A98F8F773
:10C58000E2FE1549C86215A115A000F0E3FA304695
:10C59000F8F70CFF079106900A98F8F707FF059146
:10C5A00004900899099803910290079906980191BF
:10C5B00000900DA0059B049A00F0CCFA07E018A1AA
:10C5C00007A000F0C7FA394617A000F0C3FA0BB075
:10C5D000F0BD000000408F405C8700204C4F4700BA
:10C5E0000A5B25735D0000004843484F2052656197
:10C5F0006420446174613A20252E32667070622C8A
:10C6000020252E326670706D2C20737461747573E2
:10C610003A2025642C207A65726F3A202564000048
:10C620004552524F520000004843484F20436D642A
:10C6300020436865636B20435243204552524F3A72
:10C64000203078253032780010B54B21C9010248DE
:10C6500004F080FD10BD000000780140F8B50446EC
:10C660000D46002627460CE03046721C96B2395C17
:10C67000054804F06BFD00BF034804F04BFD0028A3
:10C68000FAD0AE42F0DBF8BD007801400EB50020D4
:10C6900001900290022007F077FA0DF05DF9192061
:10C6A00007F072FA0021009168460DF0CFF9684654
:10C6B0000078402801D100200EBD0120FCE770B5B4
:10C6C00005460E4669003046F8F720FA0446002C6D
:10C6D00000D0641E204670BD70B50446204600F0B0
:10C6E0009DF93548844215D101213448FAF75EFF9F
:10C6F0000120FAF775FE0020FAF786FE03220121D9
:10C7000089032F48FAF743FA03220121C9032C4871
:10C71000FAF73DFA2B48844214D101212748401CE6
:10C72000FAF744FF0120FAF77FFE0020FAF790FEA7
:10C73000012220212448FAF72AFA01224021224826
:10C74000FAF725FA21492248FFF7B9FF05042946DF
:10C75000204600F0F9F81D491D48FFF7B0FF0546D7
:10C760002946204600F001F9204600F0F9F8450876
:10C770002946204600F0E0F90121204600F011F999
:10C780001120002815DBC206D20E01219140114A6A
:10C79000116000BF00BF00BFBFF34F8F00BF00BFDD
:10C7A00000BF00BF00BF00BFBFF36F8F00BF00BF5F
:10C7B00000BF00BF70BD000000240140180000034E
:10C7C000000C004000500140000D00400024F40027
:10C7D000A086010080E100E070B505460C46C82641
:10C7E0001148808A012802DA01200F49888201213C
:10C7F000284600F0EEF800BF284600F070F9002847
:10C8000000D007E0012004F0D3F83046711ECEB20C
:10C810000028F1D100BF284600F06BF9284600F04F
:10C82000ADF82070002070BDE886002070B5064687
:10C830000D46C8240121304600F0A7F8002D04D091
:10C84000012D1BD0022D4BD131E00121304600F0EB
:10C85000D8F800BF304600F04FF9012800D107E0BA
:10C86000012004F0A5F82046611ECCB20028F1D1C9
:10C8700000BF002C01D1012070BD32E00121304603
:10C8800000F0B3F800BF304600F036F9012800D1BF
:10C8900007E0012004F08CF82046611ECCB200288D
:10C8A000F1D100BF002C01D10120E5E719E0012101
:10C8B000304600F082F800BF304600F006F901284B
:10C8C00000D107E0012004F073F82046611ECCB2CD
:10C8D0000028F1D100BF002C01D10120CCE700E0FD
:10C8E00000BF00BF0020C7E770B504460D46C8264C
:10C8F0001448808A012802DA0120124988822946D8
:10C90000204600F03FF800BF204600F0FFF8002866
:10C9100000D007E0012004F04BF83046711ECEB283
:10C920000028F1D100BF204600F0FAF8204600F0C0
:10C93000BFF8002800D170BD204600F0C3F80120E8
:10C94000F9E70000E88600200A464169034B1940D8
:10C95000DB4313401943416170470000FFFF00FEB5
:10C9600001464869C005C00D70470A464169490A39
:10C970004902D305DB0D19434161704701468869BF
:10C98000C0B27047CAB282617047012904D10268FF
:10C9900001231A43026003E0026852085200026059
:10C9A0007047012904D1026802231A43026003E0A0
:10C9B000026802239A4302607047012904D1426849
:10C9C00004231A43426003E0426804239A4342600E
:10C9D0007047012904D1426808231A43426003E0EA
:10C9E000426808239A4342607047012904D1426893
:10C9F00002231A43426003E0426802239A434260E2
:10CA00007047012904D1426801231A43426003E0C0
:10CA100042685208520042607047000010B5044658
:10CA20000C4802F09FFA0C48844205D1012002F024
:10CA300063FA002002F060FA0848844205D1012020
:10CA400002F048FA002002F045FA002002F08AFACB
:10CA500010BD0000DF9B571300240140005001402F
:10CA600010B5124800F052F8012802D10F4800F02A
:10CA700057F80E4800F033F8012802D10B4800F0B7
:10CA800038F80A4800F02BF8012802D1074800F0D6
:10CA900030F8064800F054F8012806D10121034877
:10CAA00000F053F80148FFF717FE10BD00240140C5
:10CAB0000146C86804221040002801D001207047B8
:10CAC0000020FCE70421C16070470146C8680822C5
:10CAD0001040002801D0012070470020FCE70146EB
:10CAE000C868C007C00F002801D00120704700208F
:10CAF000FCE70121C16070470146C8681022104060
:10CB0000002801D0012070470020FCE70146C868DA
:10CB100002221040002801D0012070470020FCE7CD
:10CB20000221C16070470A46016949084900D307DC
:10CB3000DB0F194301617047CA05D20DC26170470E
:10CB40000146086A0005000D70470A05120D0262D1
:10CB5000704700000FB438B50498002804D004983A
:10CB6000F8F7CDF8002803D138BC08BC04B018474A
:10CB700005A800900A48009A049904F04FFE054663
:10CB800000200090064C411E064808F069F8A9B242
:10CB9000204600F009F8034808F0A6F800BFE3E7D4
:10CBA0005CAF00206C730020F8B504460D460026EB
:10CBB00027460CE03046721C96B2395C054804F0FA
:10CBC000C5FA00BF034804F0A5FA0028FAD0AE4227
:10CBD000F0DBF8BD002001400148024908607047C1
:10CBE0005A5A34120014014010B501210448FAF7D2
:10CBF000DDFC072003494860FFF7EEFF10BD000091
:10CC000005000001001401401CB501200004009043
:10CC10000120694608716846FAF75CFD0220FAF7C0
:10CC200089FB1CBD1FB500200090019002900120DF
:10CC3000694608736846FAF7B1FD1FBD10B50020BC
:10CC4000FEF70EFDFFF7E0FFFFF7ECFF10BD000061
:10CC500010B50F480068C02188430D4908600124C1
:10CC60002406601E0146884200D90CE0601E094976
:10CC700048610321081F04F023FF00200549886153
:10CC80000720086100BF05200249086110BD0000AF
:10CC90000024004000E000E010B572B6FFF79CFFF2
:10CCA000FFF7D6FF00210A2003F06EFEFFF7C6FF54
:10CCB000012002F045F9002002F030F9FBF740F8BE
:10CCC000C82003F075FE62B6FFF78EFFFFF784FF02
:10CCD00010BD7FB506460D4614466A4629463046C5
:10CCE000FFF798F90098A84217D16846C079012843
:10CCF00013D16846407901280FD1002C03D1684632
:10CD00008079002809D1012C03D168468079012857
:10CD100003D168460079002814D0029501216846A5
:10CD2000C1734173002C03D100206946887302E06F
:10CD300001206946887300206946087302A93046BD
:10CD4000FFF756FA7FBD0146302903DB392901DCA4
:10CD500001207047412903DB5A2901DC0120F8E753
:10CD600020290FD024290DD025290BD02A2909D01C
:10CD70002B2907D02D2905D02E2903D02F2901D00A
:10CD80003A2901D10120E4E70020E2E70246812AA6
:10CD900001DB9F2A03DDE02A0FDBEB2A0DDC4029B3
:10CDA0000BDB9F2A01D1FC2903DCEB2A03D1BF292D
:10CDB00001DD002070470120FCE70020FAE7014672
:10CDC000302903DB392901DC012070470020FCE712
:10CDD00001460A48814206DB0948814203DC0748D4
:10CDE000081A81B202E00748081A81B20812C0226C
:10CDF0005043CAB2801880B27047000040810000E2
:10CE0000FC9F000040C1000010B500F05DF9012852
:10CE10007BD100F065F9A5480088401CA349088033
:10CE2000084600880A2806DB00200880A048006821
:10CE3000401C9F4908609F480088401C9D4908800D
:10CE40009D48007A01280ED180219C48FFF730FAD6
:10CE5000FF2101319948FFF72BFA01214902974838
:10CE6000FFF726FA8FE09448007A022838D19248DA
:10CE700094300078002804D0012811D002281ED157
:10CE80001EE080218D48FFF711FAFF2101318B4808
:10CE9000FFF70EFA012149028848FFF709FA1EE060
:10CEA000FF2101318548FFF701FA80218348FFF710
:10CEB000FFF9012149028148FFF7FAF90FE000BFAD
:10CEC000012149027D48FFF7F1F9FF2101317B483B
:10CED000FFF7EEF980217948FFF7EAF900BF52E049
:10CEE00074480088642802DB002072490880714879
:10CEF0000088632839DB704894300078002805D01A
:10CF0000012812D002281FD11FE068E080216B4861
:10CF1000FFF7CCF9FF2101316848FFF7C9F901217A
:10CF200049026648FFF7C4F91EE0FF21013163485A
:10CF3000FFF7BCF980216148FFF7BAF901214902E6
:10CF40005E48FFF7B5F90FE000BF012149025B48D9
:10CF5000FFF7ACF9FF2101315848FFF7A9F980210B
:10CF60005648FFF7A5F900BF0DE080215348FFF7B1
:10CF70009FF9FF2101315148FFF79AF90121490238
:10CF80004E48FFF795F94C4880790007C00F0028FC
:10CF900025D0494894300078012833D1484800888A
:10CFA000401C4749088008460088FF212D318842EF
:10CFB00016D1002001F030FAFFF740FE4148016829
:10CFC0003B480068C01C814204D239480068C01C3C
:10CFD0003C49086032217D20000108F04FF964E0EF
:10CFE00037480088FF212E3188425ED10020344925
:10CFF00008800320FAF7C4FB012001F00DFAF9F7CD
:10D0000017FF52E02C4894300078022848DB2C4867
:10D010000088401C2A49088008460088FF212D31DD
:10D02000884216D1002001F0F7F9FFF707FE2548E6
:10D0300001681F480068C01C814204D21C48006877
:10D04000C01C2049086032217D20000108F016F93B
:10D050002BE01B480088FF212E31884202D1F9F7CE
:10D06000E7FE22E016480088FF212F31884205D1D3
:10D0700032217D20000108F001F916E010480088F7
:10D08000FF213031884210D100200D490880032053
:10D09000FAF776FB012001F0BFF9F9F7C9FE04E0C9
:10D0A000002007490880F9F7C3FE10BD7A00002070
:10D0B000580000207E000020E8860020800C004000
:10D0C0007C0000203C0000200448406940210840CA
:10D0D000002801D0012070470020FCE70034014007
:10D0E00040200149486170470034014010B526488E
:10D0F00000F005F901281DD1234800F022F901288C
:10D1000018D1214800F043F9C4B21F4800F024F9B7
:10D110001E48008B7D21C90088420ADA1B48018B1A
:10D12000008B401C194A108319484454642011464E
:10D13000488300BF144800F0FAF801281BD11248B8
:10D1400000F018F9012816D111483038418D008DB2
:10D1500081420DDA0F48104A1288815C0A4800F0BB
:10D160001BF90B483038408D401C0949303948853F
:10D17000054800F009F90948808A052802DA0520E7
:10D180000649888210BD000000400140D08F002079
:10D19000008C00201088002080000020E8860020FD
:10D1A00010B501212748FAF701FA01212648FAF7BC
:10D1B000FDF90120FAF75CF90020FAF76DF9022277
:10D1C00001212248F9F7E3FC002202211F48F9F768
:10D1D000DEFC012211461D48FFF76CF801220221F6
:10D1E0001A48FFF767F8102004F082FB0221102094
:10D1F00004F02AFC102004F0A3FB0021144800F0E6
:10D200002BF81449124800F031F80021104800F0C2
:10D210005DF840210E4800F041F800210C4800F074
:10D2200031F801210A4800F075F80121084800F0A2
:10D2300041F80121064800F056F80020C043044997
:10D24000886010BD070000010F000003800C004043
:10D2500000400140000052050A46C168C908C900E3
:10D2600053075B0F1943C160704700000A46C1684D
:10D27000034B1940DB4313401943C1607047000062
:10D28000FFFF00E010B50A46016830240B46A343B7
:10D290001946302313401943016010BD10B50A46EA
:10D2A0000168C0240B46A3431946C0231340194309
:10D2B000016010BD012904D1026802231A430260F3
:10D2C00003E0026802239A430260704710B50A46E1
:10D2D0000168FF2401340B46A3431946234613403B
:10D2E0001943016010BD012904D1026801231A43CA
:10D2F000026003E002685208520002607047014673
:10D300004868FF2201321040002801D001207047F8
:10D310000020FCE7012904D142680B021A43426055
:10D3200004E04268FF2301339A434260704701469C
:10D330004868C007C00F002801D0012070470020B6
:10D34000FCE701468868FF2201321040002801D026
:10D35000012070470020FCE7FF2101318160704708
:10D360000146886802221040002801D00120704741
:10D370000020FCE701468868C007C00F002801D0E4
:10D38000012070470020FCE70121816070470146C1
:10D390000869C005C00D7047CA05D20D42617047CB
:10D3A00038B5142006F0F0FB0020009068460DF020
:10D3B00077F80446002C01D0012038BD0020FCE79E
:10D3C00038B50020009068460DF06AF80546002D3B
:10D3D00009D011A112A0FFF7BDFB6846017812A089
:10D3E000FFF7B8FB08E019A10DA0FFF7B3FB6846F3
:10D3F000017817A0FFF7AEFB0DF06AF80446002C89
:10D4000007D005A106A0FFF7A5FB18A0FFF7A2FB18
:10D4100038BD00BFFCE700004552524F52000000EB
:10D420000A5B25735D0000004C5452335858204766
:10D4300065742053657269616C204E756D6265720A
:10D44000204552524F523A20256400004C4F47006D
:10D450004C54523358582053657269616C204E7594
:10D460006D6265723A202564000000006C747233AE
:10D4700078785F73746172745F706572696F6469E4
:10D48000635F6D6561737572656D656E742046616D
:10D49000696C000030B593B0A5A207CA10AB07C3F2
:10D4A000A6A103C90F910E90012010F0C3FC01202A
:10D4B00010F0ACFC0FF036FF142000F09DFBF9F7E4
:10D4C000A7F8F8F77DFEF9F76BF804229D490846A6
:10D4D0001C30F7F7CDFB10229B499A480C30F7F728
:10D4E000C7FB082299499748001DF7F7C1FB0422A2
:10D4F000974994481C30F7F7BBFB10229549914897
:10D500002030F7F7B5FB102293498E483030F7F7FB
:10D51000AFFBF9F77DFAF9F7C7F8F9F72DF9F9F745
:10D5200011FA8E490220F9F7C5FA0220F9F7A0F99D
:10D530000A20F9F78DFA03210120F9F7C9F9F9F763
:10D5400037FAF9F793F8142000F056FBF8F7BAFB16
:10D55000F8F718FBF8F7AEFDF8F75AFCF8F70EFFEE
:10D56000F8F72EFDF8F7A6FFF8F7C8FEF8F7DEFF8C
:10D57000F8F762FDF8F7E8FCF9F778F8142000F006
:10D580003BFB002010F056FC75A20A2110A804F005
:10D59000FDF86AA205210EA804F0F8F872A0FFF7C2
:10D5A000D9FA00F063FB04467BA0807930380A2169
:10D5B000484379A1C97940180146303976A0C0782E
:10D5C00030380A22504374A2127980180246303A49
:10D5D00071A0007830380A2358436FA35B78C018D5
:10D5E0000346303B6FA00079202801D1002002E0E3
:10D5F0006CA0007930380A2568436AA56D79303D02
:10D600004019059306920791049066A0C0793038BE
:10D610000A21484363A1097A401830380A21484357
:10D6200060A1497A303940180A2148435DA1897ABE
:10D63000303940185EA10EAA10AB039400920191FC
:10D6400002900B2203215BA0FFF784FA3D48C01F24
:10D65000817A427A007A3B4BDB1FDB79019303929C
:10D66000049102903748C01F807900903548C01F50
:10D6700043790279C1785DA0FFF76CFA31480C302C
:10D68000C07B30490C31897B2E4A0C32527B2D4BAA
:10D69000DB1FDB7F09930A920B910C902948C01F76
:10D6A000817F407F274AD21F127F264BDB1FDB7E04
:10D6B00005930692089107902248C01F807E214959
:10D6C000C91F4A7E097E1F4BDB1FDB7D019303923E
:10D6D000029104901B48C01F807D00901948C01F14
:10D6E000437D027DC17C4C48FFF734FA1548C01FCA
:10D6F000807C1449C91F497C124AD21F127C114BED
:10D70000DB1FDB7B01930292039104900D48C01F45
:10D71000807B00900B48C01F437B027BC17A3FA0F7
:10D72000FFF718FA10A0FFF715FA13B030BD00008C
:10D7300041533932335F4153320000004F5441416D
:10D7400000000000DBB30020940000208C000020CB
:10D75000A4000020A8000020B8000020F080A6331C
:10D76000494E3836350000000D0A2A2A2A2A2A2A6C
:10D770002A2A2A2A2A2A2A2A2A2A2A2A2A2A2A2A09
:10D780002A2A2A2A2A2A2A2A2A2A2A2A2A2A2A2AF9
:10D790002A2A0D0A0000000031383A32373A333471
:10D7A00000000000466562203236203230323500FB
:10D7B000430000000D0A536F66745665723A562591
:10D7C000642E25645F25735F25735F436C617373FB
:10D7D00025735F4C49525F25642E25642E25645FB6
:10D7E00025643A25643A25640D0A00000D0A446553
:10D7F000764575693A2530327825303278253032D1
:10D80000782530327825303278253032782530321C
:10D8100078253032780D0A00AC8103000D0A417082
:10D82000704575693A2530327825303278253032A6
:10D8300078253032782530327825303278253032EC
:10D8400078253032780D0A0010B50BF0CDFE9B49DB
:10D850000968884200D210BD0BF0C6FEFF30F530DB
:10D86000964908609648007A030004F000F8050421
:10D870001D3D81C0F50093480068934909688842BE
:10D8800011D88F48007A00280DD18D48C079022820
:10D8900009D101218A4801728C48808A962802DACF
:10D8A00096208A49888205E18548403800784008FA
:10D8B0004000834940390870012010F0BBFA012074
:10D8C00010F0A4FA0FF02EFD142000F095F90020BE
:10D8D00010F09CFA642000F08FF900207C49088049
:10D8E000022177480172E5E00BF09CFD00281AD078
:10D8F0000BF0E0FD002816D0032171480172754835
:10D900000078002807D074A174A0FFF723F975A050
:10D91000FFF720F92BE083A170A0FFF71BF982A08D
:10D92000FFF718F923E06A480088401C684908801E
:10D930007CA16AA0FFF70EF96548018885A0FFF772
:10D9400009F963480088F02811DB0020604908804D
:10D9500088A162A0FFF7FEF888A0FFF7FBF802217C
:10D960005748C17104210172052058498882A1E0FD
:10D9700058480078002811D00020564908707D20B2
:10D98000C00000F039F954A154A0FFF7E3F883A0D8
:10D99000FFF7E0F8FF20F53000F02EF94848403856
:10D9A000007840084000401C45494039087000207C
:10D9B0008649087046490880002141480172C171BA
:10D9C0004248407902218843801C404948710846FA
:10D9D000807AFF2807D0002220217D4807F088F8B0
:10D9E00064203A49C86105203849888262E00520F0
:10D9F000364988820021324801720221C1713148C2
:10DA000000683149096888424FD870480078401C46
:10DA10006E49087008460078052801DD0520087069
:10DA200001206A49087008460078030003F01FFFD0
:10DA3000062C040C151D252C23480068E121C90083
:10DA400040182049086026E01F480068E1210901CC
:10DA500040181C4908601EE02BE01B480068E121CB
:10DA6000490140181749086015E017480068E1218E
:10DA7000C9014018134908600DE013480068554972
:10DA800040181049086006E00F48006851494018E6
:10DA90000C49086000BF00BF22A110A0FFF75AF890
:10DAA000084801684CA0FFF755F8002010F0C2F9B3
:10DAB00000E000BF00BF00BFCDE60000D0000020A6
:10DAC00014B40020CC00002058000020E88600207C
:10DAD000D40000203200002041434B000A5B257334
:10DAE0005D000000666163746F72794D6F6465203C
:10DAF000416972204D6F6E69746F72696E67205351
:10DB0000656E736F7220537465703A4C6F5261206A
:10DB100052656769737465722053756363657373C7
:10DB2000000000004C4F4700416972204D6F6E6944
:10DB3000746F72696E672053656E736F72204C6FDD
:10DB4000526120526567697374657220537563630F
:10DB5000657373004C6F526157414E205761697471
:10DB600020456E74657220496E204E6574202564D0
:10DB7000000000005741524E000000004C6F5261FF
:10DB800057414E20456E74657220496E204E657473
:10DB90002054696D656F75742100000066616374BF
:10DBA0006F72794D6F646520416972204D6F6E69A7
:10DBB000746F72696E672053656E736F7220537451
:10DBC00065703A46696E697368000000C8000020FD
:10DBD000D473002080510100557064617465205237
:10DBE00065636F6E6E6563742054696D65737461EF
:10DBF0006D703A20256C640010B50446204605F08F
:10DC0000C3FF10BD70B504462046F7F778F885B21B
:10DC10002946204600F002F870BD0000F8B5044621
:10DC20000D46002627460CE03046721C96B2395C41
:10DC30000B48FFF7B1FB00BF0948FFF791FB002835
:10DC4000FAD0AE42F0DB0748808A052802DA0520C8
:10DC50000449888204480068401C03490860F8BDF4
:10DC600000400140E88600201C0000201FA18978A8
:10DC700070292ED00CDC672929D004DC622918D049
:10DC800063292ED12BE06C291FD06E2929D108E001
:10DC9000722910D074291ED076291ED0792920D15E
:10DCA00011E012A14978612901D1012000E006208C
:10DCB00019E0022017E00DA14978612901D1032064
:10DCC00000E004200FE005200DE007200BE0082015
:10DCD00009E0092007E00A2005E00B2003E00C2002
:10DCE00001E0002000BF00BF7047000046656220D1
:10DCF000323620323032350010B5802000F09AFBE9
:10DD0000012802D1802000F0A1FB402000F092FB0E
:10DD1000012802D1402000F099FB202000F08AFB6E
:10DD2000012802D1202000F091FB102000F082FB9E
:10DD3000012802D1102000F089FB082000F07AFBB6
:10DD4000012809D1082000F081FB134800798021C7
:10DD50008843803010490871042000F06BFB0128D3
:10DD600002D1042000F072FB022000F063FB0128C6
:10DD700009D1022000F06AFB07480079802188431E
:10DD8000803005490871012000F054FB012801D1C1
:10DD900000F05CFB10BD0000E886002010B50020FC
:10DDA0000B490870022005F0EFFE72B60020094909
:10DDB000086062B6642005F0E7FE72B605480068A8
:10DDC0000549086001200249087062B610BD0000D4
:10DDD00000000020040000200C0000207FB5064653
:10DDE0000D4614466A4629463046FEF713F9009858
:10DDF000A84217D16846C079002813D1002C03D15E
:10DE00006846407900280DD1012C03D1684640793D
:10DE1000012807D168468079002803D16846007937
:10DE2000012813D0029500206946C873002C01D147
:10DE3000487302E0012069464873002168468173F7
:10DE40000121017302A93046FEF7D2F97FBD00001F
:10DE50001FB501208007F9F7B3FA0120F9F79EFA00
:10DE600001218948F9F7A2FB002280218748FFF7AA
:10DE7000B5FF0022FF2101318448FFF7AFFF802169
:10DE80008248FEF713FAFF2101318048FEF70EFAAF
:10DE900030207F49087003204870012088700020DE
:10DEA000C87001200871002048718871C87108721B
:10DEB00048728872C872142005F066FE72B6744803
:10DEC000017808200FF05EFD714840780007010ED0
:10DED00004200FF057FD6E4880788007010E022065
:10DEE0000FF050FD6A48C0788007010E02200FF045
:10DEF00049FD67480079C007010E01200FF042FD7F
:10DF000063484079C007010E01200FF03BFD6048D7
:10DF100080798007010E02200FF034FD5C48C07943
:10DF2000C007010E01200FF02DFD5948007AC007EF
:10DF3000010E01200FF026FD5548407AC007010E62
:10DF400001200FF01FFD5248807AC007010E01200A
:10DF50000FF018FD4E48C07AC007010E01200FF0E7
:10DF600011FD80214948FEF7A1F962B60A2005F0AB
:10DF70000BFE0022FF2101314448FEF7AAFE0123D7
:10DF8000002219024148FDF707FF0DF0E3FE0446A9
:10DF9000E001010E68460170E003010F6846417020
:10DFA000E004810F684681706005810F6846C1708A
:10DFB000FF2001302040C1B2684601718020214617
:10DFC0000140684641716006810F684681711020EA
:10DFD000214601406846C17108202146014068463B
:10DFE0000172042021460140684641720220214608
:10DFF000014068468172E107C90FC17225A0FEF792
:10E00000A9FD2DA0FEF7A6FD6846017830A0FEF719
:10E01000A1FD6846417834A0FEF79CFD68468178F2
:10E0200036A0FEF797FD6846C17839A0FEF792FD4D
:10E03000684601793BA0FEF78DFD684641793EA018
:10E04000FEF788FD6846817940A0FEF783FD6846AB
:10E05000C17943A0FEF77EFD6846017A44A0FEF731
:10E0600079FD6846417A47A0FEF774FD6846817ADB
:10E0700049A0FEF76FFD6846C17A4CA0FEF76AFD25
:10E080004FA0FEF767FD1FBD07000001400C0040D8
:10E090002CB400200A2A2A2A2A2A2A2A2A2A2A2AA8
:10E0A0002A2A2A2A2A2A2A2A2A2A2A2A2A2A2A2AD0
:10E0B0002A2A2A2A2A0A00005049522052656164FD
:10E0C0002053657420506172616D200A00000000C9
:10E0D000092073656E73697469766974793A2030C2
:10E0E00078253032580A00000920626C696E645F3E
:10E0F00074696D653A2025640A0000000920707576
:10E100006C73655F636E743A2025640A000000003A
:10E11000092077696E646F775F74696D653A2025B1
:10E12000640A000009206D6F74696F6E5F656E3A56
:10E130002025640A000000000920696E745F736F77
:10E14000757263653A2025640A0000000920616445
:10E15000635F736F757263653A2025640A0000007F
:10E16000092065786C646F5F656E3A2025640A004B
:10E17000092073656C665F746573743A2025640AC0
:10E180000000000009206870665F6375745F667246
:10E19000713A2025640A00000920696E7075745F69
:10E1A000636C616D703A2025640A000009206D6F70
:10E1B00074696F6E5F6D6F64653A2025640A0000B4
:10E1C0002A2A2A2A2A2A2A2A2A2A2A2A2A2A2A2AAF
:10E1D0002A2A2A2A2A2A2A2A2A2A2A2A2A2A2A2A9F
:10E1E0000A00000010B572B6FF2101310948FEF7A0
:10E1F0005DF80022FF2101310648FFF7EFFD3220D4
:10E200000CF000FE0022FF2101310248FEF761FD03
:10E2100062B610BD400C004010B54B21C9010A4840
:10E2200002F098FF00F012F8642005F0ADFC012127
:10E23000E4200FF0CFFB642005F0A6FC0121E120D3
:10E240000FF0C8FB10BD0000006C014010B50120AC
:10E250008007F9F7B5F80120F9F7A0F801210B487C
:10E26000F9F7A4F9002210210948FFF7B7FD0022B1
:10E2700020210748FFF7B2FD10210548FEF718F8E6
:10E2800020210348FEF714F810BD0000070000012C
:10E29000400C004010B510210148FEF709F810BDF0
:10E2A000400C004010B502460023002003E0145C3F
:10E2B000E418A3B2401C8C1E8442F8DC184610BD42
:10E2C000F3B58DB00446022238492046F6F72CFDFE
:10E2D000002869D10E98202866D1A0780602E1783E
:10E2E0000E431C2E01D00FB0F0BD207900026179E1
:10E2F00008430C90A0790002E17908430B90207A42
:10E300000002617A08430A90A07A0702E17A0F437B
:10E31000207B0002617B08430990A07B0002E17B27
:10E3200008430890207C0002617C08430790A07C91
:10E330000002E17C08430690207D0002617D0843D5
:10E340000590A07D0002E17D08430490207E00023C
:10E35000617E08430390A07E0002E17E08430290A4
:10E36000207F0190607F009020460E99FFF79AFF72
:10E370000546A07F0102E07F0143A9420BD10C4872
:10E3800047840B49099888840898C8841021094853
:10E39000FDF78CFF07E008A109A0FEF7DBFB29468B
:10E3A00009A0FEF7D7FB00BF00BF9CE78B08020067
:10E3B0005C870020400C00404552524F5200000044
:10E3C0000A5B25735D000000504D534120436D648E
:10E3D00020436865636B20435243204572726F721D
:10E3E0003A20256400000000F8B504460D460026DA
:10E3F00027460CE03046721C96B2395C054802F0A4
:10E40000A5FE00BF034802F085FE0028FAD0AE4208
:10E41000F0DBF8BD006C01400146054A1068800839
:10E4200080008A07920F1043014A10607047000075
:10E43000002000400146044880680840002801D0C0
:10E44000012070470020FCE700200040014988605F
:10E45000704700000020004030B51F49C98A0229DA
:10E4600003D01D49C98A042917D1002110E00022D8
:10E4700008E0194C648A4C43A318174D2D68E854E2
:10E48000531C9AB2144B5B8A9342F2DC4A1C91B241
:10E49000114A928A8A42EADC1CE00F49C98A07299C
:10E4A00018D1002112E000220AE00B4C648A4C4390
:10E4B000A31804010443084D2D68EC54531C9AB270
:10E4C000054B5B8A9342F0DC4A1C91B2024A928A65
:10E4D0008A42E8DC30BD000044B30020FFB583B0C1
:10E4E0001D462A46EB175B0F9B18DB10DB00EB1A6F
:10E4F00005D12946CB175B0F5B18DB1005E02846DA
:10E50000EB175B0F1B18DB105B1C9BB20193002603
:10E5100038E0002432E02046E117490F0918CA10FC
:10E5200001997143521803998F5C0D9800280DD002
:10E530002046E117490F0918C910C900621A394667
:10E540009140CA090121914302910CE02046E11754
:10E55000490F0918C910C900621A39469140802232
:10E560001140C9090291059AB21891B2049AA218F1
:10E5700090B2029A00F01CFB601C84B2AC42CADB71
:10E58000701C86B20C988642C3DB07B0F0BD000059
:10E59000FFB583B007461D4645488088B84204DB76
:10E5A0004348C1880498814204DA42A0FEF7D2FAB7
:10E5B00007B0F0BDA9880091C9174A0F00995118FA
:10E5C000C910A888C217520F1218D210D200821A8E
:10E5D00001D0012200E000228A1805992039EB8839
:10E5E000594351430291286802994018019000262E
:10E5F00058E0002446E00D98FF2816D12046E11788
:10E60000490F0918C910C900621A80211141019AE5
:10E6100012781140002927D0049A921991B23A1920
:10E6200090B20C9A00F0C4FA1EE02046E117490FA0
:10E630000918C910C900621A80211141019A127883
:10E640001140002908D0049A921991B23A1990B257
:10E650000C9A00F0ADFA07E0049A921991B23A19B7
:10E6600090B20D9A00F0A4FA2046E117490F09185C
:10E67000C910C900611A072902D10198401C0190F4
:10E68000601C84B2A888A042B5DCA888C117490FD5
:10E690000918C910C900411A02D00198401C019004
:10E6A000701C86B2E888B042A3DC00BF80E700009F
:10E6B00044B300205061696E745F447261774368AF
:10E6C000617220496E707574206578636565647346
:10E6D00020746865206E6F726D616C206469737060
:10E6E0006C61792072616E67650D0A00F0B589B0C2
:10E6F00004460D4616461F4640488088A0420BDB64
:10E700003E48C088A84207DB3C488088B04203DB13
:10E710003A48C088B84204DA39A0FEF71BFA09B0BB
:10E72000F0BD08940795301B01D4301B00E0A01BFE
:10E730000690781B002801DC781B00E0E81B0590A0
:10E74000B44201DA012001E00020C0430490BD4240
:10E7500001DA012001E00020C043039005990698EA
:10E76000401802900020019000BF0198401CC0B2E8
:10E7700001901098012810D103210198F6F7DCF9D7
:10E7800000290AD101200090FF220F9B07990898C9
:10E7900000F0C8F80020019007E0012000900F9BD6
:10E7A0000E9A0799089800F0BDF802984100059864
:10E7B00081420CDB0898B04200D11BE00599029819
:10E7C0004018029004990898401880B20890029866
:10E7D000410006988142C8DC0798B84200D109E0A0
:10E7E000069902984018029003990798401880B241
:10E7F0000790BAE700BF00BF91E7000044B30020D4
:10E800005061696E745F447261774C696E6520492E
:10E810006E707574206578636565647320746865CF
:10E82000206E6F726D616C20646973706C61792009
:10E8300072616E67650D0A00FFB5FFB086B00646CF
:10E840000F461546002400208490FF21013144A882
:10E85000F6F736FAFF21013104A8F6F731FA44A899
:10E86000039021488088B04203DB1F48C088B8422B
:10E8700005DA1EA0FEF76EF97FB00AB0F0BD002DDC
:10E8800012DD0EE00A212846F6F756F93031C8B2FB
:10E8900004A90855601C04B20A212846F6F74CF971
:10E8A0000546002DEED104E0302004A90855601C77
:10E8B00004B20BE0601E04A9095C44AA84981154B8
:10E8C0008498401C00B28490601E04B2002CF1DCDD
:10E8D0008F998E980191009039463046889B039A13
:10E8E00000F0C4F800BFC7E744B300205061696E70
:10E8F000745F4469734E756D20496E707574206540
:10E9000078636565647320746865206E6F726D61ED
:10E910006C20646973706C61792072616E67650D3B
:10E920000A000000FFB581B007461C462C488088CD
:10E93000B84204DB2A48C1880298814210DA29A033
:10E94000FEF708F926488288394635A002F00EFF06
:10E950002348C2883BA0029902F008FF05B0F0BD31
:10E960000A98012823D100251CE0002613E078191D
:10E97000001B03D402988019001B00D50FE0029AF7
:10E980009219121B91B27A19121B90B2039A00F0DD
:10E990000FF9701C06B26000401EB042E7DC00BFF9
:10E9A000681C05B26000401EA842DEDC15E00025B0
:10E9B00011E000260BE0029A9219521E91B27A19C8
:10E9C000521E90B2039A00F0F3F8701C06B2A642F1
:10E9D000F1DB681C05B2A542EBDB00BFBEE700001F
:10E9E00044B300205061696E745F44726177506F68
:10E9F000696E7420496E707574206578636565640E
:10EA00007320746865206E6F726D616C2064697329
:10EA1000706C61792072616E67650D0A00000000FC
:10EA200058706F696E74203D202564202C20506141
:10EA3000696E742E5769647468203D202564202017
:10EA40000D0A200059706F696E74203D20256420E6
:10EA50002C205061696E742E486569676874203D8A
:10EA600020256420200D0A2000000000F0B585B0AC
:10EA700004460E4617461D46039402961C4880889D
:10EA8000A04203DB1A48C088B04204DA19A0FEF79E
:10EA900061F805B0F0BD25E0A9880398081814496D
:10EAA0008988884205DD0394E9880298081880B2B5
:10EAB0000290E988029808180D49C988884201DD4A
:10EAC000039402960B990A98019100903A782B468C
:10EAD00002990398FFF75CFD7F1CA988039808182A
:10EAE00080B2039038780028D6D100BFD1E700006B
:10EAF00044B300205061696E745F4472617753744F
:10EB000072696E675F454E20496E70757420657836
:10EB1000636565647320746865206E6F726D616CE7
:10EB200020646973706C61792072616E67650D0A8B
:10EB300000000000FFB50020194C20600098206004
:10EB40002046018142810998A0810220E0820C4682
:10EB5000CE17760F3619F610F6008E1B05D10D462E
:10EB6000EE17760F7619F61005E00846CE17760FE9
:10EB70003618F610761C0A4F7E8238468282C38190
:10EB800001203C462082002B01D0B42B03D1044845
:10EB90008180C28002E002488280C180FFBD000007
:10EBA00044B30020014908607047000044B30020CE
:10EBB000F7B582B00746164684488088B84204DB21
:10EBC0008248C1880398814204DA81A0FDF7C2FF20
:10EBD00005B0F0BD7D48C089002808D05A2809D06A
:10EBE000B4280FD0FF380F3800281ED116E03C465D
:10EBF000039D1BE0754801890398081A401E84B2E2
:10EC00003D4613E071480089C01B401E84B26F4826
:10EC100041890398081A401E85B207E0039C6B489F
:10EC20004089C01B401E85B200E0D1E700BF6748A5
:10EC3000008A002806D0012805D0022809D0032820
:10EC400018D10CE017E061480089001B401E84B217
:10EC500011E05E484089401B401E85B20BE05B48D6
:10EC60000089001B401E84B258484089401B401E4A
:10EC700085B200E0ACE700BF54480089A04203DB46
:10EC800052484089A84203DA51A0FDF763FF9FE78D
:10EC90004E48C08A022830D12046E117490F091892
:10ECA000CA104A49498A6943511801914748016885
:10ECB0000198085C0090002E0FD12046E117490F03
:10ECC0000918C910C900611A80220A4100999143AC
:10ECD0003E4A1368019A99540EE02046E117490F05
:10ECE0000918C910C900621A80211141009A0A430B
:10ECF00036490B6801995A5466E03448C08A0428A2
:10ED000034D12046E117890F09188A102F49498A02
:10ED10006943511801913046F117890F091889107C
:10ED20008900711A8EB2294801680198085C009028
:10ED30002046E117890F091889108900611A4900D6
:10ED4000C0220A41009991430091E117890F0918E7
:10ED500089108900611A4A00B1011141009A1143DA
:10ED6000CAB21A490B6801995A542DE01748C08A53
:10ED7000072829D12046E10F09184A101349498A6A
:10ED8000694351180191114801680198085C00908D
:10ED90002046E10F091849104900611A8900F02244
:10EDA0000A41009991430091E10F09184910490067
:10EDB000611A8A0031011141009A1143CAB2034914
:10EDC0000B6801995A5400BF00BF01E744B300200B
:10EDD000457863656564696E6720646973706C610A
:10EDE0007920626F756E6461726965730D0A000047
:10EDF00010B500241BE008210E48FDF743FA002857
:10EE000000D015E0601CC0B2044614280CDB0024BE
:10EE100000200949887309A10AA0FDF79BFE0B4950
:10EE20000BA0FDF797FE03E0642004F0ADFEE2E7DF
:10EE300000BF10BD000D0040E88600205741524E33
:10EE4000000000000A5B25735D000000F1FF020076
:10EE500025732054696D656F7574212121000000B0
:10EE600010B500241CE008210F48FDF70BFA00281C
:10EE700000D016E0601CC0B2044614280DDB00244C
:10EE800000200A4988730AA10BA0FDF763FE0C4914
:10EE90000CA0FDF75FFE002010BD642004F074FE9E
:10EEA000E1E700BF0120F7E7000D0040E886002001
:10EEB0005741524E000000000A5B25735D000000C0
:10EEC000FAFF020025732054696D656F7574212166
:10EED00021000000012806D10649C9690822114312
:10EEE000044AD16105E00349C96908229143014AF6
:10EEF000D161704700280040012806D10649096AFF
:10EF000010221143044A116205E00349096A1022E4
:10EF10009143014A1162704700280040012806D140
:10EF20000649496801221143044A516005E003493A
:10EF3000496849084900014A51607047002800406B
:10EF4000012806D10649096801221143044A1160CB
:10EF500005E00349096849084900014A1160704702
:10EF60000028004001494861704700000028004027
:10EF700010B502A0FDF7EEFD10BD00000A7072652D
:10EF8000737320727374206B657920646F75626C83
:10EF9000652068616E646C65720A000010B511A08E
:10EFA000FDF7D8FDFCF774F9164840790221884333
:10EFB000801C144948710846C08A3C2148431249C4
:10EFC00009684018114908600F4800681049086036
:10EFD00000200C498873002220210E4805F088FD8E
:10EFE00010BD00000A707265737320727374206B19
:10EFF0006579206C6F6E672068616E646C65720A5B
:10F0000000000000E88600205800002038000020A2
:10F0100034000020D473002010B511A0FDF79AFD34
:10F020001748407B002803D000201549487302E0B0
:10F030000120134948731248407920218843203029
:10F040000F4948716420C8610846807AFF2806D0BD
:10F0500000208873002220210A4805F049FD10BDD8
:10F060000A707265737320727374206B65792073F4
:10F07000686F72742068616E646C65720A000000CB
:10F08000E8860020D4730020024880698006800E44
:10F0900070470000001001408106890E014A91610D
:10F0A0007047000000100140024840698006800E51
:10F0B00070470000001001408106890E014A51612D
:10F0C0007047000000100140024800694006400EF1
:10F0D00070470000001001404106490E014A1161CD
:10F0E00070470000001001400248006AC006C00ED0
:10F0F0007047000000100140C106C90E014A1162AC
:10F1000070470000001001400248C0684006400EF1
:10F1100070470000001001404106490E014AD160CD
:10F1200070470000001001400248C0694007400FCE
:10F1300070470000001001404107490F014AD161AA
:10F1400070470000001001400148406AC0B270479B
:10F1500000100140C1B2014A5162704700100140E5
:10F16000012806D10649C96B01221143044AD16323
:10F1700005E00349C96B49084900014AD16370475A
:10F1800040100140F0B585B00646012700251EE07D
:10F1900002A800F005F9684600F002F9002408E032
:10F1A00002A8005D6946095D884200D003E0601C4A
:10F1B000C4B2072CF4DB00BF072C06D100270722BE
:10F1C00002A93046F5F754FD03E0681CC5B2032DD3
:10F1D000DEDB00BF384605B0F0BD000010B500F022
:10F1E00019F8012811D109480079202188432030DD
:10F1F000064908710846808A052801DA05208882B8
:10F200003C200349C88500F013F810BDE8860020B3
:10F21000D08B0020054880680121C90208400028E1
:10F2200001D0012070470020FCE7000000100140E1
:10F230000120C002014988607047000000100140B1
:10F240001CB501213C48F8F7B1F9002000F0D8F8CE
:10F25000002000900190394949697D221201881AE5
:10F260000A21F5F753FC0401344949697D22120152
:10F27000881A0A21F5F74AFC0C43684604702F49A6
:10F280000969481C0A21F5F741FC04012B49096969
:10F29000481C0A21F5F73AFC0C436846447027499C
:10F2A000C8680A21F5F732FC04012449C8680A211C
:10F2B000F5F72CFC0C4368468470204988680A21C5
:10F2C000F5F724FC04011D4988680A21F5F71EFCA6
:10F2D0000C436846C470194948680A21F5F716FCC2
:10F2E0000401164948680A21F5F710FC0C436846EA
:10F2F0000471124908680A21F5F708FC04010F4956
:10F3000008680A21F5F702FC0C43684644710B4873
:10F31000017E6846817100F013F80120FFF720FF9D
:10F32000022002F0C9FA0221084602F051FB022035
:10F3300002F0FAFA1CBD000002000001E487002080
:10F34000FEB50546002622E0134800F06BF828467B
:10F3500000F03EF8114800F065F86846FFF712FF2C
:10F360000746002F11D10127002407E06846005D01
:10F37000295D884200D003E0601CC4B2072CF5DB95
:10F3800000BF072C01D1002703E0701CC6B2032E7A
:10F39000DADB00BF3846FEBDACACACACAA55AA5512
:10F3A00000B50146FFF7B0FE4871FFF78DFE08710A
:10F3B000FFF77AFEC870FFF767FE8870FFF794FECC
:10F3C0004870FFF7C1FE0870FFF7AEFE887100BD00
:10F3D00000B503465879FFF79FFE1879FFF77CFECA
:10F3E000D878FFF769FE9878FFF756FE5878FFF750
:10F3F00083FE1878FFF7AEFE9879FFF79DFE00BDFB
:10F40000012806D10649896B01221143044A916300
:10F4100005E00349896B49084900014A9163704737
:10F4200000100140014908607047000000100140D1
:10F430003EB50024012189020B48FCF739FF142056
:10F4400004F0A2FB0EF0FCF80EF0DEF80EF0A6F8C9
:10F450006A4601A902A80DF0A9FF0446002C01D0BC
:10F4600001203EBD0020FCE7000C004038B50446FA
:10F4700000210091694620460DF0E2FF0AA10BA091
:10F48000FDF768FB684600880121C903421A21463E
:10F4900008A0FDF75FFB684600880F49884201D04D
:10F4A000012038BD0020FCE74C4F47000A5B257364
:10F4B0005D000000534344345820466F7263656416
:10F4C00050504D2057726974653A2025752C205292
:10F4D0006561643A20256400FFFF0000F0B58DB03F
:10F4E00000200C9000270B900A900121890272489D
:10F4F000FCF7DEFE142004F047FB0EF0A1F80EF03E
:10F5000083F80EF04BF806AA07A908A80DF04EFFE5
:10F510000446002C08D069A16AA0FDF71BFB214618
:10F520006AA0FDF717FB0AE071A166A0FDF712FBC8
:10F530006846038B828B018C6EA0FDF70BFB0027C6
:10F54000B4E07448808A142802DA14207149888251
:10F550000DF05AFF0446002C08D058A159A0FDF721
:10F56000F9FA21466CA0FDF7F5FA9EE00CA80DF023
:10F57000F3FE0446002C08D050A152A0FDF7EAFA91
:10F58000214670A0FDF7E6FA8FE008A8007C01286C
:10F5900053D075A14BA0FDF7DDFA08A8017C74A03B
:10F5A000FDF7D8FA7D20C00004F0EEFA0CA80DF0AB
:10F5B000D3FE6DA143A0FDF7CDFA08A8017C6CA095
:10F5C000FDF7C8FA08A8007C01286ED10AAA0BA989
:10F5D00009A80DF061FF0446002C08D037A139A01E
:10F5E000FDF7B8FA21466AA0FDF7B4FA5DE040A144
:10F5F00034A0FDF7AFFA0A98F5F758FE6F4902906C
:10F60000F5F775FC0390F5F7D1FE05460E460B980D
:10F61000F5F74CFE69490290F5F769FC0390F5F7A0
:10F62000C5FE02460B46019600950591049068467A
:10F63000818C63A0FDF78EFA37E00AAA0BA909A80E
:10F640000DF02AFF0446002C08D01CA11DA0FDF7D8
:10F6500081FA21464EA0FDF77DFA26E024A119A0EB
:10F66000FDF778FA0A98F5F721FE06465349F5F7B3
:10F670003EFC0546F5F79AFE059104900B98F5F7C8
:10F6800015FE06464D49F5F732FC0546F5F78EFEA8
:10F690000391029005990498019100906846818C2D
:10F6A00047A0039B029AFDF755FA7F1C012F00DA51
:10F6B00047E70DB0F0BD0000000C00404552524F2E
:10F6C000520000000A5B25735D0000005343443480
:10F6D00058204765742053657269616C204E756DC2
:10F6E000626572204552524F523A2025690000004F
:10F6F0004C4F470053434434582053657269616C42
:10F700003A203078253034782530347825303478F4
:10F7100000000000E886002053434434582053740E
:10F720006172742053696E676C65204D65617375F5
:10F7300072656D656E74204552524F523A202569AC
:10F74000000000005343443458204765742044614E
:10F75000746120526561647920466C61672045526E
:10F76000524F523A202569005741524E0000000086
:10F770005343443458204765742044617461204EDB
:10F780006F742052656164793A202564000000009E
:10F790004572726F7220657865637574696E672053
:10F7A00053434434582052656164204D656173753C
:10F7B00072656D656E743A202569000000007A4418
:10F7C0005343443458205265616420434F323A20F9
:10F7D00025752C2054656D70657261747572653A7B
:10F7E00020252E3266432C2048756D696469747932
:10F7F0003A20252E3266524800000000F0B58BB04A
:10F8000006460020099000240890079009A80DF0F2
:10F81000A3FD0546002D09D045A147A0FDF79AF9A3
:10F82000294647A0FDF796F90BB0F0BD07AA08A935
:10F8300006A80DF031FE0546002D08D03CA13EA0E3
:10F84000FDF788F9294647A0FDF784F908E050A1A3
:10F8500039A0FDF77FF96846018B4EA0FDF77AF9D4
:10F86000002E00D1E0E76846008B00280AD14E4800
:10F87000008906902EA130A0FDF76CF94BA0FDF792
:10F8800069F900E000BF6846018B47480181002408
:10F8900007E0610044485038405A002800D102E097
:10F8A000641C242CF5DB00BF242C06DA6846018B8F
:10F8B00062003D485038815210E0002407E0601C8F
:10F8C000410039485038415A62008152641C232C4F
:10F8D000F5DB6846018B34481038C1802CA116A096
:10F8E000FDF738F90798F5F7E1FC3A490190F5F78B
:10F8F000FEFA0746F5F75AFD059104900898F5F7CA
:10F90000D5FC34490190F5F7F2FA0746F5F74EFDBC
:10F910000391029005990498019100906846018B2B
:10F920002DA0039B029AFDF715F900BF7CE70000AC
:10F930004552524F520000000A5B25735D000000E3
:10F940005343443458204765742044617461205205
:10F950006561647920466C6167204552524F523A86
:10F96000202569004572726F722065786563757431
:10F97000696E672053434434582052656164204DBA
:10F980006561737572656D656E743A202569000056
:10F990004C4F470053434434582052656164204320
:10F9A0004F323A20257500005C870020434F3220FB
:10F9B000496E76616C69642073616D706C6520645A
:10F9C000657465637465642C20736B697070696E0F
:10F9D000672E000000007A44534344345820526597
:10F9E000616420434F323A2025752C2054656D7098
:10F9F000657261747572653A20252E3266432C203B
:10FA000048756D69646974793A20252E32665248CA
:10FA10000000000010B5012189020D48FCF748FCE8
:10FA20007D20C0000AF080FF0DF00AFE0DF0ECFD15
:10FA30000DF0B4FD0DF0CEFD0446002C07D005A15D
:10FA400006A0FDF787F8214606A0FDF783F810BD54
:10FA5000000C00404552524F520000000A5B2573D3
:10FA60005D00000053434434582053746172742085
:10FA7000506572696F646963204D65617375726565
:10FA80006D656E74204552524F523A202569000030
:10FA900038B500240FF0B6F868460FF08BF804462E
:10FAA000002C01D0012038BD0020FCE738B500242F
:10FAB0000FF0A8F868460FF07DF80446002C08D037
:10FAC00009A10BA0FDF746F821460BA0FDF742F86F
:10FAD00007E012A106A0FDF73DF811A00099FDF77F
:10FAE00039F80CF001FA38BD4552524F520000006F
:10FAF0000A5B25735D00000053485434305820479A
:10FB000065742053657269616C204E756D62657213
:10FB1000204552524F523A20256400004C4F470076
:10FB20005348543430582053657269616C204E75C7
:10FB30006D6265723A2025640000000070B50446CD
:10FB4000264680211E48FCF7B1FB10211C48FCF71B
:10FB5000ADFBFF2101311A48FCF7AAFBFF2101315F
:10FB60001748FCF7A3FB00BF00251AE080203040B7
:10FB7000002804D020211248FCF79AFB03E0202142
:10FB80000F48FCF793FB80210D48FCF791FB00BF69
:10FB900000BF80210A48FCF789FB7006060E681C2E
:10FBA000C5B2082DE2DB00BFFF2101310448FCF79C
:10FBB0007FFB20210248FCF779FB00BF70BD0000ED
:10FBC000000D004070B50446264680212048FCF711
:10FBD0006DFB10211E48FCF76BFBFF2101311C4817
:10FBE000FCF766FBFF2101311948FCF75FFB00BF02
:10FBF00000251AE080203040002804D0202114483D
:10FC0000FCF756FB03E020211148FCF74FFB802155
:10FC10000F48FCF74DFB00BF00BF80210C48FCF7EC
:10FC200045FB7006060E681CC5B2082DE2DB00BF5E
:10FC3000FF2101310648FCF73BFB20210448FCF77B
:10FC400035FB10210248FCF731FB00BF70BD0000FE
:10FC5000000D004010B50A46016838240B46A34346
:10FC60001946382313401943016010BD0A46016844
:10FC700049084900D307DB0F19430160704710B5ED
:10FC80000A46016802240B46A34319460223134087
:10FC90001943016010BD10B50A4601680124E40251
:10FCA0000B46A3431946234613401943016010BD78
:10FCB00010B50A46016804240B46A34319460423E1
:10FCC00013401943016010BD10B50A460168FF24B6
:10FCD00001340B46A34319462346134019430160E0
:10FCE00010BD10B50A460168C0240B46A34319464F
:10FCF000C02313401943016010BD10B50A46416886
:10FD0000032464020B46A3431946234613401943B8
:10FD1000416010BD10B50A464168FF2401340B460E
:10FD2000A3431946234613401943416010BD0129DE
:10FD300004D14268CB021A43426004E042680123C6
:10FD4000DB029A4342607047012904D142680123D3
:10FD50001A43426003E04268520852004260704712
:10FD600010B50A46416820240B46A34319462023B8
:10FD700013401943416010BD012904D14268022398
:10FD80001A43426003E0426802239A43426070478C
:10FD900010B50A46416804240B46A34319460423C0
:10FDA00013401943416010BD012904D1426810235A
:10FDB0001A43426003E0426810239A43426070474E
:10FDC000012904D1426808231A43426003E04268D3
:10FDD00008239A43426070470221816070470421E2
:10FDE0008160704701218160704708218160704700
:10FDF00001460869C007C00F002801D001207047E4
:10FE00000020FCE70146086902221040002801D0CA
:10FE1000012070470020FCE7014688697047416176
:10FE20007047000008B507480078002800D008BDDA
:10FE300005A00068009004216846FCF70FFC00BF95
:10FE4000F5E70000D6000020110101ED70B5024673
:10FE500054011419144D6419645C20252C40002CA5
:10FE600000D070BD921E891E002018E0002313E010
:10FE70000E4C245C0425EE1A0125B5402C40002CC4
:10FE800001D0302400E02024D5186E01AD19064EB3
:10FE9000AD190E18AC555B1C052BE9DB401C052881
:10FEA000E4DB00BFDDE7000035F20020FB060020A8
:10FEB000F7B50346581C002804D098181924E4010B
:10FEC000A04202DD0020C043FEBD002122E0541A02
:10FED000641E0120A040019C2040002819D0581821
:10FEE000C5176D0F2D18ED100C4E755D5C18E617DB
:10FEF000760F3619F610F600A61B0727BF1B012642
:10FF0000BE4035435818C617760F3618F610034F03
:10FF1000BD55491C9142DADB9818D5E776F60020EA
:10FF2000F8B5254D28682D68691E01220125009528
:10FF300000233BE0002436E000BF80185242002A34
:10FF400016DA009D4919002903DB1B4D2D68A942D3
:10FF50000ED1002901DA002502E0174D2D686D1E33
:10FF60002946009D6D420095801E062800D1401E46
:10FF700045014519114EAD196D5C20263540002D07
:10FF8000DBD10F4DED5C0726371B0126BE40354007
:10FF9000002D01D0022500E0002546018619074FFB
:10FFA000F6197554641C082CC6DB5B1C054D2D68C6
:10FFB000AB42BFDBF8BD0000D406002035F20020C4
:10FFC00026FB0020E006002070B502460B4600200C
:10FFD00018E0002113E00D4C245C06256E1A012563
:10FFE000B5402C40002C01D0302400E020245518CE
:10FFF0006E01AD19064EAD191E18AC55491C0729E6
:020000040001F9
:10000000E9DB401C0728E4DB70BD0000F40600209B
:1000100035F2002070B503464C4C2468002C06D005
:10002000012C02D0022C06D103E0002205E00822B8
:1000300003E0182201E0102200BF00BFD218910295
:1000400000200CE00E24251A0124AC400C40002CAA
:1000500004D00424251A3E4CAC406140401C0528C5
:10006000F0DB940261183B4C614000200AE001245F
:1000700084400C40002C01D0302500E02025364C77
:100080002554401C0528F2DD40240C40002C01D0F2
:10009000302500E02025304CE57180240C40002CF8
:1000A00001D0302500E020252B4C2572FF2401349F
:1000B0000C40002C01D0302500E02025264C213CAE
:1000C000257209200FE0012484400C40002C01D04F
:1000D000302400E020240E252D1A6E01AD191F4E8C
:1000E000AD192C72401C0E28EDDD002011E001241A
:1000F00084400C40002C01D0302500E02025184C15
:100100002468641E241A6601A419144EA4192572C9
:10011000401C0728EBDD3026114C2568083D0E4CAD
:10012000665508200EE0012484400C40002C01D0CC
:10013000302500E020250A4C24680F3C2618064C88
:10014000A555401C0E28EEDD70BD0000E406002021
:1001500037050000125400003DF3002035F2002066
:10016000D406002030B500210846FFF72DFF67496F
:100170000968C81F0021FFF727FF64480068C11FF6
:100180000020FFF721FF00242BE0202160480155CB
:10019000600120185E4AE73A8018C1715B48006828
:1001A0000838001942018018594AE73A8018C1718D
:1001B00056480068083842018018554AE73A8018C6
:1001C00001555248006808380219514881546001AD
:1001D00020184F4AE73A82184C48006808381154F2
:1001E000641C082CD1DB00240AE02021484821307F
:1001F000015560012018464AE73A80180172641CD4
:10020000092CF2DB002412E0202140480068083865
:1002100002193F48213081543C48006808380019D1
:10022000420180183A4AE73A80180172641C082C8F
:10023000EADB00F043F9002438E0364909684A2235
:100240005143354A89180E316200885A0621FFF75A
:10025000FDFD304800684A2250432F4A80180E3076
:100260006200815A0620FFF7F1FD002514E0294ABB
:1002700012684A235A43284BD2180E326B00D15AC7
:10028000244A12684A235A43234BD2180E32630081
:10029000D05AFFF7DBFD6D1C1E4800684A21484319
:1002A0001D4940188089A842E1DC641C1948006897
:1002B0004A214843184940188089A042BDDC0824DF
:1002C0001DE02046E10F091849104900611A01D1CB
:1002D000302100E020216201A2180D4BE73BD2182B
:1002E00091712046E10F091849104900611A01D1A6
:1002F000302200E02022064921390A55641C0348B7
:1003000000680938A042DCDA30BD0000D4060020C5
:100310001CF30020E806002008670300F1B582B056
:100320000024C1E00025B9E068012818614940189F
:10033000005D20210840002877D10298030001F0D9
:1003400096FA0705111D2833475D78006019C10F23
:10035000091849104900411A01D1012100E000218A
:1003600001917EE02046E10F091849104900611A09
:1003700001D1012100E00021019172E00321284612
:10038000F4F7DAFB002901D1012000E00020019000
:1003900067E060190321F4F7CFFB002901D10120A8
:1003A00000E0002001905CE003212846F4F7C4FB44
:1003B0002746E10FC91949104618F00F801940105F
:1003C0004000301A01D1012000E00020019048E0F7
:1003D0002146694308460321F4F7AEFB20466843F3
:1003E0000646C00F801940104000301A0818002837
:1003F00001D1012000E00020019032E02146694354
:1004000008460321F4F798FB204668430746C00FCF
:10041000C01940104000381A0E18F00F8019401013
:100420004000301A02D1012001E036E000200190A6
:1004300017E02146694308460321F4F77DFB67195D
:10044000F80FC01940104000381A0E18F00F80192C
:1004500040104000301A01D1012000E0002001903E
:1004600000BF00BF6801281812494018005DFE2136
:100470000840690169180F4A8918095D0222114074
:10048000012901DD012100E00021019A51400843CA
:1004900069016918074A891808556D1C06480068E3
:1004A000854200DA40E7641C03480068844200DAB1
:1004B00038E7FEBD35F20020D406002030B5234BCE
:1004C0001B68062B00DC30BD204B1B681A03002084
:1004D0000CE011231C1A0123A3401340002B04D06D
:1004E00005231C1A1A4BA3405A40401C0628F0DB77
:1004F000164B1B681B039A18002022E000211DE008
:100500004300C3185C180123A3401340002B01D003
:10051000302400E020244301C3180E4D5D190E4B1A
:100520001B680B3B5B18EC540B4B1B680B3B5B18BD
:100530005D015B19074D5B191C54491C0329DFDB66
:10054000401C0628DADB00BFBDE70000E8060020FB
:10055000251F000035F20020D4060020FFB581B031
:100560000F46C825C82600214848FFF711FC102176
:100570004748FBF79DFE002F3AD0002426E0019863
:10058000015D4248FFF74BFC00BF4048FFF73AFCD3
:10059000002800D006E0012000F00AFA28466D1E6F
:1005A0000028F2D100BF00BF3848FFF721FC002827
:1005B00000D006E0012000F0FBF93046761E00284E
:1005C000F2D100BF3148FFF727FC641CBC42D6DBE8
:1005D000002D05D12D4801692E4A2FA0FCF7BAFA4B
:1005E000002E05D1294801692A4A35A0FCF7B2FA44
:1005F000C825C826049800283DD0002428E0002102
:100600002248FFF70CFC00BF2048FFF7FBFB002847
:1006100000D006E0012000F0CBF928466D1E00282E
:10062000F2D100BF00BF1948FFF7E2FB002800D05D
:1006300006E0012000F0BCF93046761E0028F2D119
:1006400000BF1248FFF7E8FBC1B203980155641CD4
:1006500004988442D3DB002D05D10C4801690D4A72
:100660000DA0FCF777FA002E05D108480169094A68
:1006700013A0FCF76FFA10210548FBF717FE0421C1
:100680000248FFF785FB05B0F0BD000000480140BF
:10069000000C0040D10702000A20577269746520DF
:1006A00054782054696D656F757420535049322D0C
:1006B0003E49535220253034782025730A0000002B
:1006C0000A20577269746520526563762054696DFB
:1006D000656F757420535049322D3E495352202581
:1006E0003034782025730A001CB50EF0E7FA00209C
:1006F00080210D4B0DA2009101900FA1124806F030
:1007000085FB0446114A06210F4806F08FFA002C9B
:1007100009D007E07D20C00003F036FA0C490DA097
:10072000FCF718FAF6E71CBD099601006664625FE3
:1007300074736462000000006F66666C696E655FCA
:10074000646174610000000040B40020E4000020F7
:10075000900802000A2573204661696C0A000000B7
:1007600010B501213948F6F721FF00221021384841
:10077000FDF734FB10213648FBF798FD0121354881
:10078000F6F714FF00213448FFF785FAFF21013105
:100790003148FFF799FA00212F48FFF7A2FA00210C
:1007A0002D48FFF757FA00212B48FFF781FA002167
:1007B0002948FFF764FA00212748FFF757FA01217B
:1007C0002548FFF7D9FA00212348FFF7B0FA0021A6
:1007D0002148FFF792FA00211F48FFF79BFA0021FA
:1007E0001D48FFF7BDFA00211B48FFF7DDFA002185
:1007F0001948FFF7E5FA04211748FFF7C9FA164828
:10080000FFF7F0FA1448FFF7E7FA1348FFF7E7FAA3
:100810001148FFF7EAFA01210F48FFF795FA002285
:1008200001210B48F6F7B3F9002202210848F6F738
:10083000AEF9002204210648F6F7A9F900220821A2
:100840000348F6F7A4F900F055FD10BD07000001BC
:10085000000C00400200000300480140012080031A
:1008600002498860024803490860704700ED00E0D3
:1008700000127A008400002010B536480068401C41
:1008800034490860084600683B2862DD00200860A3
:1008900008464068401C4860084640683B2858DDD0
:1008A0000020486008468068401C886008468068D0
:1008B00017284EDD002088600846C068401CC860CC
:1008C00008468069401C886108468069062801DD69
:1008D000002088611F48006980001F49085C1F498B
:1008E00008701C484469E017800F001980108000D0
:1008F000201A06D1174948696421F4F71DF9002927
:1009000007D114494869FF219131F4F715F90029FD
:1009100008D110480069012804D110480078401C13
:100920000E4908700B48C0680C490978884210DDF0
:1009300001200849C86008460069401C0861084653
:1009400000690B2805DD0020086108464069401C4D
:10095000486110BDE4870020E40702005C0000202D
:10096000084A916940000F221205904200D91046B2
:1009700000BF044A92698A1A1202120A8242F8D30C
:100980007047000000E000E070B504460D467D268B
:10099000B60109E0002D03D0A847002800D070BDA3
:1009A0003046FFF7DDFF641E002CF3D100BFF6E7F1
:1009B00010B503460448834200D90346DC002046B4
:1009C000FFF7CEFF10BD0000A086010010B525483E
:1009D00000F041FB01281AD1224800F090FB0128C9
:1009E00015D1204800F0ADFBC4B21F48008B7D211B
:1009F000C90088420ADA1C48018B008B401C1A4A45
:100A000010831A48445402201146488300BF1548F9
:100A100000F05FFB01281CD1124800F085FB012883
:100A200017D112483038418D008D81420EDA0F48BF
:100A30003038408D0E4A115C0A4800F087FB0B48A5
:100A40003038408D401C094930394885054800F050
:100A500075FB0848808A052802DA05200549888246
:100A600010BD000000200140AC970020DC93002066
:100A7000EC8F0020E886002010B50E4800F0EBFA5D
:100A8000012809D10B4800F03AFB012804D109489C
:100A900000F057FBC4B200BF064800F01AFB012863
:100AA00007D1044800F040FB012802D1014800F0C2
:100AB00045FB10BD0068014010B5224800F0CBFA9C
:100AC00001281AD11F4800F01AFB012815D11D4832
:100AD00000F037FBC4B21C48008B7D21C90088425E
:100AE0000ADA1948018B008B401C174A10831748FB
:100AF000445402201146488300BF124800F0E9FA2E
:100B000001281ED10F4800F00FFB012819D10F4812
:100B10003038408D0D493039098D88420EDA0B4846
:100B20003038408D0A4A115C0A4800F00FFB074834
:100B30003038408D401C054930394885014800F067
:100B4000FDFA10BD006C0140889F0020B89B00207A
:100B5000C89700200020014010B5174800F07BFA2C
:100B600001281AD1144800F0CAFA012815D11248F8
:100B700000F0E7FAC4B21148008B7D21C900884219
:100B80000ADA0E48018B008B401C0C4A10830C487B
:100B9000445402201146488300BF074800F099FAE8
:100BA000012807D1044800F0BFFA012802D1024809
:100BB00000F0C4FA10BD00000070014040AF0020FA
:100BC00070AB002010B50E4800F045FA012809D19D
:100BD0000B4800F094FA012804D1094800F0B1FA5A
:100BE000C4B200BF064800F074FA012807D10448D7
:100BF00000F09AFA012802D1014800F09FFA10BDD6
:100C00000074014010B5224800F025FA01281AD1DD
:100C10001F4800F074FA012815D11D4800F091FA20
:100C2000C4B21C48008B7D21C90088420ADA1948E9
:100C3000018B008B401C174A108317484454022034
:100C40001146488300BF124800F043FA01281ED124
:100C50000F4800F069FA012819D10F483038408D4B
:100C60000D493039098D88420EDA0B483038408DF5
:100C70000A4A115C064800F069FA07483038408D8E
:100C8000401C054930394885014800F057FA10BD2D
:100C90000078014064A7002094A30020A49F0020B6
:100CA000F3B585B00F460598F4F70BFB05463846BB
:100CB000F4F707FB06462946F4F719F904907F215B
:100CC000C9050498F4F7C0FB13D20498F4F76EFB3F
:100CD00005460022094BF4F7FAF90022084B01916E
:100CE0000090F4F74FF903910290F4F741FB0446AA
:100CF00000E00024204607B0F0BD00000000F03FF7
:100D00000000E03F30B505460C462846616800F01B
:100D10003DF92846A16800F048F92846E16800F04E
:100D200038F92846616900F064F9617C284600F0D2
:100D3000AAF9217C284600F0B3F92178284600F072
:100D400095F96178284600F0B8F9A178284600F0B6
:100D5000CAF9A17E284600F040F9E17E284600F05D
:100D60006EF9A17C284600F02CF9217E284600F07F
:100D70004DF9617E284600F055F930BD70B588B058
:100D800006460C4615467A48864228D1A068F6F7F2
:100D9000A7FB0120F6F790FB01217648F6F706FC49
:100DA000A068002804D0012808D0022815D10EE040
:100DB000A9682068FFF774FF02900FE00120F6F7A2
:100DC0006BFCE9682068FFF76BFF029006E029687A
:100DD0002068FFF765FF029000E000BF63E066480F
:100DE000864229D1A068F6F79DFB0120F6F786FB25
:100DF00001216048401CF6F7D9FBA068002804D008
:100E0000042808D0082815D10EE0A9682068FFF74B
:100E100047FF02900FE00120F6F73EFCE9682068EA
:100E2000FFF73EFF029006E029682068FFF738FFD1
:100E3000029000E000BF36E0504886420AD101210E
:100E40004C48801CF6F7B2FBA9682068FFF728FF22
:100E5000029028E04A4886420AD101214548C01C38
:100E6000F6F7A4FBA9682068FFF71AFF02901AE0C2
:100E7000444886420AD101213E48001DF6F796FB00
:100E8000A9682068FFF70CFF02900CE03E488642FC
:100E900009D101213748401DF6F788FBA968206871
:100EA000FFF7FEFE02902079012810D14020039028
:100EB0006079012802D1102004903FE06079022877
:100EC00002D12020049039E00020049036E02079FF
:100ED000022810D1802003906079012802D11020CF
:100EE00004902BE06079022802D12020049025E0B4
:100EF0000020049022E0207900280FD1039060792F
:100F0000012802D11020049018E06079022802D153
:100F10002020049012E0002004900FE0C0200390F5
:100F20006079012802D11020049007E0607902283E
:100F300002D12020049001E000200490A079002834
:100F400001D1069002E0FF200130069000216846A2
:100F5000017141718171417501758177C177817529
:100F60000177417701A93046FFF7CCFE08B070BD8C
:100F7000002001400800000300680140006C0140AF
:100F80000070014000740140007801408AB2826123
:100F9000704710B50A46016830240B46A343194632
:100FA000302313401943016010BD10B50A46016893
:100FB000C0240B46A3431946C023134019430160C4
:100FC00010BD012904D1026802231A43026003E024
:100FD000026802239A4302607047012904D1026823
:100FE00008231A43026003E0026808239A43026060
:100FF000704710B50A460168FF2401340B46A3432D
:101000001946234613401943016010BD012904D13C
:10101000026801231A43026003E00268520852008A
:1010200002607047012904D102684B041A43026030
:1010300004E0026801235B049A43026070470129BF
:1010400004D1026804231A43026003E00268042307
:101050009A430260704701464868FF2201321040FF
:10106000002801D0012070470020FCE7012904D1AD
:1010700042680B021A43426004E04268FF230133D6
:101080009A4342607047012904D142688B021A4397
:10109000426004E0426801239B029A434260704729
:1010A000012904D14268CB021A43426004E042683D
:1010B0000123DB029A4342607047012904D1426850
:1010C00002231A43426003E0426802239A434260CB
:1010D000704701464868C007C00F002801D00120B2
:1010E00070470020FCE7012904D1426801231A431C
:1010F000426003E042685208520042607047014675
:101100008868FF2201321040002801D0012070477A
:101110000020FCE70146886802221040002801D028
:10112000012070470020FCE701468868C007C00F17
:10113000002801D0012070470020FCE701218160D8
:10114000704701460869C005C00D7047CA05D20D39
:101150004261704770B58AB004460E46012161486D
:10116000F6F724FA6048201A01D1002505E02D2069
:10117000C002201A800A401CC5B22B0000F077FB89
:1011800006041B3449607790002009900022082152
:101190005648F5F7FCFC002210215448F5F7F7FCFF
:1011A000092000F0A5FB0221092000F04DFC0920D8
:1011B00000F0C6FB75E000200990002208214B4892
:1011C0004038F5F7E4FC0022102148484038F5F794
:1011D000DEFC0A2000F08CFB02210A2000F034FC27
:1011E0000A2000F0ADFB5CE0002204214048F5F746
:1011F000CEFC002208213E48F5F7C9FC0B2000F088
:1012000077FB02210B2000F01FFC0B2000F098FB65
:1012100047E00022012189033548F5F7B8FC002298
:101220000121C9033248F5F7B2FC0C2000F060FB45
:1012300002210C2000F008FC0C2000F081FB30E0C3
:101240000022012129488038F5F7A1FC0022022163
:1012500026488038F5F79BFC0D2000F049FB022161
:101260000D2000F0F1FB0D2000F06AFB19E00022D8
:10127000FF2101311E484038F5F789FC0022012189
:1012800049021B484038F5F782FC0E2000F030FB85
:1012900002210E2000F0D8FB0E2000F051FB00E0F0
:1012A00000BF00BF0796012108A80170002141700E
:1012B00081706846F5F7A2FF6A4607A92046FFF746
:1012C0005DFD01212046FFF7D1FE01212046FFF7F9
:1012D00078FE01212046FFF799FE0020C043A06060
:1012E0000AB070BD0700000100200140400D004021
:1012F000400C00401CB5002000900190AB206946D6
:101300000870012301AA04216846FFF727F91CBDD4
:1013100010B505480FF0BCF90446002C01D001209F
:1013200010BD0020FCE70000C0B40020F0B587B07D
:101330000027784878494861784888617848C861CA
:1013400032200870774888817748086230304862D8
:101350007648086108460FF09BF90446002C09D036
:1013600073A175A0FBF7F6FB214675A0FBF7F2FB16
:1013700007B0F0BD68480FF05FF90446002C08D0B4
:101380006BA16DA0FBF7E6FB21467DA0FBF7E2FB1E
:10139000EEE78B48F3F707F90446002C08D064A168
:1013A00065A0FBF7D7FB214686A0FBF7D3FBDFE761
:1013B00059480FF0FCF90446002C08D05CA15EA04F
:1013C000FBF7C8FB21468FA0FBF7C4FBD0E7781CD6
:1013D000C7B200BF9B4950480FF0CFF90446002C1C
:1013E00008D053A154A0FBF7B5FB214696A0FBF70C
:1013F000B1FBBDE7A3480068401CA249086046480D
:10140000C169C82088478F4800788021084000289B
:1014100003D09C4800680A28DCD99A4800680A284A
:1014200017D33D480EF0CEFF0446002C08D040A153
:1014300041A0FBF78FFB214683A0FBF78BFB97E7CF
:101440003BA13DA0FBF786FB21468FA0FBF782FB6B
:101450008EE700208B49086092492F480FF003F96E
:101460000446002C08D032A133A0FBF773FB2146C1
:101470008DA0FBF76FFB7BE79B4B8A4A26495048C0
:10148000F3F7C0F90446002C0AD0012C08D028A19B
:1014900029A0FBF75FFB214694A0FBF75BFB67E706
:1014A000A2A125A0FBF756FB8F49886BF3F77EFFBF
:1014B00005460E468C49C86BF3F778FF05910490FA
:1014C0009B48807903970196009502900B469948B6
:1014D000049AFBF73FFB012C07D197A116A0FBF75D
:1014E00039FB97A0FBF736FB11E093A112A0FBF7A5
:1014F00031FB98A0FBF72EFB7B49C86B9A49F3F7A9
:10150000B9FC0546F3F71FFF81B28948818000BF0F
:101510002EE7000011040200C0B4002037040200CE
:10152000A3070200102300003001002095010020D5
:101530004552524F520000000A5B25735D000000C7
:101540004572726F7220256420647572696E67201F
:1015500072656164696E67207A6D6F64343431300E
:1015600020696E666F726D6174696F6E2C2065788C
:101570006974696E672070726F6772616D21000017
:101580004572726F7220256420647572696E6720DF
:101590007072657061726174696F6E206F6620741D
:1015A0006865207A6D6F64343431302C2065786939
:1015B00074696E672070726F6772616D2100000040
:1015C00008B500204572726F722025642077686527
:1015D0006E207A6D6F643434313020696E697469BD
:1015E000616C697A696E6720616C676F7269746893
:1015F0006D2C2065786974696E672070726F6772F0
:10160000616D21004572726F7220256420776865D4
:101610006E207A6D6F64343431302073746172746B
:10162000696E67206D6561737572656D656E742C8A
:101630002065786974696E672070726F6772616D7A
:1016400021000000940100204572726F7220256411
:1016500020647572696E672072656164206F662010
:101660007A6D6F6434343130207374617475732C07
:101670002065786974696E672070726F6772616D3A
:1016800021000000900100204572726F72202564D5
:101690002C2065786974696E672070726F6772615B
:1016A0006D210A00E8B400204572726F7220256433
:1016B00020647572696E672072656164207A6D6F4F
:1016C0006434343130206F662041444320726573A6
:1016D000756C74732C2065786974696E67207072FC
:1016E0006F6772616D21000050B500204572726F06
:1016F00072202564207768656E207A6D6F643434BB
:1017000031302063616C63756C6174696E67206150
:101710006C676F726974686D2C2065786974696E86
:10172000672070726F6772616D2100004C4F470037
:101730005C870020D08203005741524E0000000019
:101740005A4D4F4434345858205761726D75702E7D
:101750002E2E00005A4D4F44343458582056616C98
:1017600069642E2E2E00000000007A440FB410B5DC
:1017700003A9044B044A029800F014FE10BC08BCF4
:1017800004B01847FD7301000C0800200FB47CB5AD
:101790000C0009AD01D0611E00E000210191009014
:1017A000074B6A462946089800F0FCFD002C02D041
:1017B000009A002111707CBC08BC04B018470000DE
:1017C000E12A01000FB410B504A9074B02AA03983F
:1017D00000F0E8FD044602A9002001F08CF9204643
:1017E00010BC08BC04B01847F72A01007CB51D46A0
:1017F00016460C0001D0611E00E00021019100900E
:10180000054B6A462946304600F0CCFD002C02D03C
:10181000009A002111707CBDE12A010037B5144601
:101820000846064B6A46214600F0BCFD0446694660
:10183000002001F060F920463EBD0000F72A0100BB
:101840002021020C01D010211046020A01D01046BE
:101850000839020901D01046091F820801D010463C
:10186000891E420801D0881E7047081A704730B49C
:101870007446641E2578641CAB4204D3635D5B0030
:10188000E31830BC18471D46F8E700004900CA02BB
:101890000243100000D004204A0D01D00122104361
:1018A000044A490D914201D102210843012800D187
:1018B00005207047FF070000002815DBC206D20E86
:1018C00001219140094A116000BF00BF00BFBFF372
:1018D0004F8F00BF00BF00BF00BF00BF00BFBFF3FE
:1018E0006F8F00BF00BF00BF7047000080E100E0C5
:1018F000002815DBC206D20E01219140094A116071
:1019000000BF00BF00BFBFF34F8F00BF00BF00BFCD
:1019100000BF00BF00BFBFF36F8F00BF00BF00BF9D
:101920007047000080E100E0002805DBC206D20E0F
:1019300001219140014A11607047000000E100E080
:10194000002805DBC206D20E01219140014A116038
:101950007047000000E100E010B5002819DB1A4ACA
:1019600003231B02D21883089B00D2588307DC0E86
:10197000FF23A3409A438B071B0E8407E40EA3406A
:101980001A43114B032424021B198408A4001A5182
:1019900018E00E4A03071B0F083B9B089B00D25818
:1019A0008307DC0EFF23A3409A438B071B0E84079B
:1019B000E40EA3401A43054B0407240F083CA40877
:1019C000A4001A5110BD000000E100E01CED00E091
:1019D00010B5002819DB1A4A03231B02D21883080A
:1019E0009B00D2588307DC0EFF23A3409A438B074A
:1019F0001B0E8407E40EA3401A43114B0324240258
:101A00001B198408A4001A5118E00E4A03071B0F83
:101A1000083B9B089B00D2588307DC0EFF23A340A2
:101A20009A438B071B0E8407E40EA3401A43054B11
:101A30000407240F083CA408A4001A5110BD00009C
:101A400000E100E01CED00E010B5002819DB1A4AA7
:101A500003231B02D21883089B00D2588307DC0E95
:101A6000FF23A3409A438B071B0E8407E40EA34079
:101A70001A43114B032424021B198408A4001A5191
:101A800018E00E4A03071B0F083B9B089B00D25827
:101A90008307DC0EFF23A3409A438B071B0E8407AA
:101AA000E40EA3401A43054B0407240F083CA40886
:101AB000A4001A5110BD000000E100E01CED00E0A0
:101AC00010B5002819DB1A4A03231B02D218830819
:101AD0009B00D2588307DC0EFF23A3409A438B0759
:101AE0001B0E8407E40EA3401A43114B0324240267
:101AF0001B198408A4001A5118E00E4A03071B0F93
:101B0000083B9B089B00D2588307DC0EFF23A340B1
:101B10009A438B071B0E8407E40EA3401A43054B20
:101B20000407240F083CA408A4001A5110BD0000AB
:101B300000E100E01CED00E000BF00BF00BFBFF30C
:101B40004F8F00BF00BF00BF06480749C86000BFF5
:101B500000BF00BFBFF34F8F00BF00BF00BF00BF7B
:101B600000BFFDE70400FA0500ED00E00048704703
:101B700008080020F8B504464F1EC8000838211890
:101B800015461E46086849683A4606239A4310D00F
:101B90002A463346F3F7AAFA3A46D200083AA3187F
:101BA0001A687F1E5B68F3F7EDF906223B46934304
:101BB000EED1022F23D0042F11D0062F2FD12A4689
:101BC0003346F3F793FAE36AA26AF3F7DBF92A469E
:101BD0003346F3F78BFA636A226AF3F7D3F92A469E
:101BE0003346F3F783FAE369A269F3F7CBF92A46A0
:101BF0003346F3F77BFA63692269F3F7C3F92A46A0
:101C00003346F3F773FAE368A268F3F7BBF92A46A1
:101C10003346F3F76BFA63682268F3F7B3F9F8BD5C
:101C2000002210B5134610460149F3F7C7FA10BD5C
:101C30000000F03F10B50122F3F74CFD10BD10B5C8
:101C4000F3F7A0F910BD002210B513461046114657
:101C5000F3F7B4FA10BD000010B50721024A0020C6
:101C60000907F3F737FD10BD01030000034A10B563
:101C700000201107F3F72EFD10BD000001FDFFFF4E
:101C800002E008C8121F08C1002AFAD17047704745
:101C9000002001E001C1121F002AFBD170470000A3
:101CA000014908607047000008080020F8B50446A4
:101CB0000D4616460027607D002801D00120F8BDA2
:101CC00032462946A06804F0C7FB002800DA012745
:101CD0003846F4E7F8B504460D4616461F46002080
:101CE0000090607D002801D00220F8BD3B463246BE
:101CF0002946A06804F0D2FC002801DA02200090F6
:101D00000098F2E7F8B504460D4616461F46002037
:101D10000090607D002801D00220F8BD3B4632468D
:101D20002946A06804F07EFD002801DA0320009017
:101D30000098F2E770B502460023481E01460446AB
:101D40000AE0C808105C4E07760F80253541284010
:101D5000002800D104E05B1C0846491E0028F0D191
:101D600000BFE01A70BD0000FFB581B004460E460A
:101D70001546002C11D15AA0FAF7ECFE5BA0FAF739
:101D8000E9FE1B225AA165A0FAF7E4FE664A67A1A4
:101D900067A0FAF7DFFE00BFFEE7002E11D150A0CA
:101DA000FAF7D8FE51A0FAF7D5FE1C2250A15BA08D
:101DB000FAF7D0FE5C4A66A15DA0FAF7CBFE00BF41
:101DC000FEE7002D11D146A0FAF7C4FE47A0FAF7AE
:101DD000C1FE1D2246A151A0FAF7BCFE524A5EA1E7
:101DE00053A0FAF7B7FE00BFFEE7207D002802D01F
:101DF000002005B0F0BD2660049820710A9820628A
:101E0000607D00283AD104F09DFA284604F0DCFBFE
:101E1000A06000280BD132A0FAF79CFE33A0FAF79D
:101E200099FE29464EA0FAF795FE0420E1E7A16845
:101E300008461C3004F08EF9076AE068002801D1DA
:101E4000E76017E03946E068F2F760FE002911D03C
:101E500023A0FAF77FFE25A0FAF77CFE452224A1F5
:101E60002EA0FAF777FE304A46A131A0FAF772FEAB
:101E700000BFFEE7A068806B206100BFE1682069B9
:101E8000F2F744FE002911D015A0FAF763FE17A05F
:101E9000FAF760FE4D2216A120A0FAF75BFE224A57
:101EA00040A123A0FAF756FE00BFFEE7E1682069D3
:101EB000F2F72CFE022811D209A0FAF74BFE0BA074
:101EC000FAF748FE4F220AA114A0FAF743FE164A79
:101ED0003DA117A0FAF73EFE00BFFEE7002088E70D
:101EE0005B466C61736844425D00000020000000A6
:101EF0002E2E5C436F6D70656E74735C4D6F6475F0
:101F00006C65735C466C61736844422D312E312ED2
:101F1000325C7372635C6664622E63002825733AD8
:101F20002564292000000000645D03006462000055
:101F3000282573292068617320617373657274208A
:101F40006661696C65642061742025732E0A000047
:101F50006E616D6500000000706174680000000033
:101F60004572726F723A20506172746974696F6E53
:101F70002028257329206E6F7420666F756E642E7D
:101F80000A00000064622D3E7365635F73697A65C1
:101F9000202520626C6F636B5F73697A65203D3D1D
:101FA0002030000064622D3E6D61785F73697A6550
:101FB00020252064622D3E7365635F73697A652016
:101FC0003D3D20300000000064622D3E6D61785F71
:101FD00073697A65202F2064622D3E7365635F7399
:101FE000697A65203E3D20320000000070B504464D
:101FF0000D46002D13D101202075144800780028CB
:1020000022D113A0FAF7A6FD14A0FAF7A3FD14A19C
:1020100015A0FAF79FFD01200C49087014E0A07D7F
:10202000002811D10AA0FAF795FD0CA0FAF792FD4D
:1020300020792268002801D114A000E015A00146F3
:102040002B4616A0FAF786FD70BD0000F0040020B4
:102050005B466C61736844425D0000002000000034
:10206000312E312E32000000466C617368444220EC
:1020700056257320697320696E697469616C697A89
:102080006520737563636573732E0A004B56444273
:102090000000000054534442000000004572726F7B
:1020A000723A202573202825732920697320696ED0
:1020B000697469616C697A65206661696C2028259C
:1020C00064292E0A00000000F8B505460E461446A5
:1020D0000027FF43F01DC108FF222846F2F7E9FD63
:1020E000002C08D0601EC708E85D6207520FFF2170
:1020F00011410840E8553846F8BD0000FFB583B0EF
:102100000F4615461E46002002900C98B04211D38F
:102110001DA0FAF71FFD21A0FAF71CFD8D2220A1BA
:102120002CA0FAF717FD2E4A2EA135A0FAF712FDC2
:1021300000BFFEE7002D11D113A0FAF70BFD17A089
:10214000FAF708FD8E2216A122A0FAF703FD244A11
:1021500033A12BA0FAF7FEFC00BFFEE7314628466C
:102160000C9AFFF7B1FF0446601C002801D107B0AC
:10217000F0BD0D982A193919012300900398FFF733
:10218000C1FD02900298F2E75B466C6173684442BD
:102190005D5B7574696C735D0000000020000000D9
:1021A0002E2E5C436F6D70656E74735C4D6F64753D
:1021B0006C65735C466C61736844422D312E312E20
:1021C000325C7372635C6664625F7574696C732EF3
:1021D000630000002825733A2564292000000000D0
:1021E000C86103007374617475735F696E646578A8
:1021F000203C207374617475735F6E756D00000010
:1022000028257329206861732061737365727420B7
:102210006661696C65642061742025732E0A000074
:102220007374617475735F7461626C6500000000A3
:10223000F0B51FB486B00998089A030D0021024337
:1022400014D05148514A18185043051411980128C8
:1022500010981AD0281A401C00264D4F4D49009660
:1022600001910490002812DA444211E011980124EF
:1022700049A3012801D11098C1430698119A84609E
:102280000360C26041600BB0F0BD4042E4E7044629
:10229000210500203F4A001C51410391029012E0A9
:1022A000E00707D032463B4601990098F2F71EFF3F
:1022B0000191009032463B4610461946F2F716FF50
:1022C00006460F466410002CEAD10498039B0028B0
:1022D000029A0999089806DAF2F708FF019B009A1A
:1022E000F2F704FF05E0F2F769FF019B009AF2F7AD
:1022F00065FF04460E460022284BF3F745FA03D843
:102300000020C043014607E00022254B204631460D
:10231000F2F738FEF3F718FA102409E0002C0ADB74
:102320000A220023F3F79AF8079B30321A55641EED
:1023300002460A43F2D11122641C079B121B1C198E
:10234000119B012B03D0012308430ED10AE008435F
:1023500004D0112010900020119077E71098151AE2
:102360006D1E0BE01098824202DD00236D1C03E01D
:10237000824201DA00236D1E002BEED006981199DF
:102380008260C16030C07EE701FCFFFF104D00009D
:10239000000014400000F03F300000000000F04357
:1023A0000000E03FFFB597B0064600251BE2252858
:1023B00076D100242746F749049400E00443761CB4
:1023C00032780120203A90400842F7D130782A280C
:1023D0000ED00222307801463039092916D80499E6
:1023E0000A235943303940181443761C0490F1E70E
:1023F000189802C804911890002904DA01204003BB
:1024000004434842049002200443761C30782E286E
:1024100014D1042004437078761C2A2809D1189816
:10242000761C80C8189009E00A214F43303FC71935
:10243000761C3078014630390929F5D930786C2876
:1024400010D006DC4C281AD068280ED06A2817D184
:1024500004E0742813D07A2812D110E0012040053E
:1024600004430CE00121090501E0032109050C43A7
:102470007178814203D1012000052418761C761C56
:10248000307866280BD013DC58287DD009DC002872
:102490007BD04528F6D04628F4D047281AD1A9E1A8
:1024A00018E0632835D0642870D0652812D1A1E1E6
:1024B00070286CD008DC6728F1D069287DD06E28A0
:1024C0000DD06F2806D1BCE073282ED0752873D0AC
:1024D000782859D01A9A199990476D1C82E16002A8
:1024E000400F022809D003280DD00428189801684D
:1024F0000DD00D60001D189074E11898EA1701685E
:102500000D604A60F6E7189801680D80F2E70D70DB
:10251000F0E718986A4601781172001D18900020A3
:10252000507202A80090012005E0189802C8189087
:1025300000200091C04361070ED5002101E0019900
:10254000491C0191B94213DA8142F8DB019A0099E2
:10255000895C0029F3D10BE0002101E00199491CBD
:1025600001918142FADB019A0099895C0029F5D139
:10257000019904981A9B471A21463846199A00F087
:1025800099FA4019019903E051E030E115E050E07B
:10259000451807E0009800990078491C00911A9AA4
:1025A000199990470198401E0190401CF2D1214694
:1025B00038461A9B199A12E137E00A200021009050
:1025C00001916002410F022907D0189A01CA18929E
:1025D000C2179446032908D00AE01898C01DC10804
:1025E000C90005C91891944607E000B2C217944685
:1025F000042902D140B2C1178C460022614694459D
:1026000006DA0A460021404291418C462D2102E023
:10261000210504D52B216A461173012103E0E1074E
:1026200001D02021F7E7029156E00A200AE01020AD
:1026300008E01020009000210420044301910827A5
:1026400003E008200021019100906002410F02295F
:1026500007D0189A01CA189200229446032908D07C
:1026600008E01898C01DC108C90005C91891944612
:1026700003E080B2042900D1C0B2002102912107F9
:102680002AD531780D91702906D0009A1021019B2E
:102690004A401A4305D00EE040216A4611730121D9
:1026A00008E06146014306D030216A4611730D9956
:1026B000517302210291009A0821019B4A401A435A
:1026C0000AD16146014301D1610705D530216A462F
:1026D000117301217F1E02913178582904D02EA157
:1026E0000E910DA90D910DE030A1F9E76146019B16
:1026F000009AF2F7B3FE0E9B8C469B5C0D9A521E1D
:102700000D92137061460143F0D10D9805A9081A86
:1027100020300190600703D501200004844300E0CD
:1027200001270198874201DD381A00E00020019955
:1027300000904118029809180498401A0490E00388
:1027400006D421461A9B199A049800F0B3F945194A
:10275000002706E003A81A9AC05D199990476D1CDE
:102760007F1C02988742F5DBE0030CD521461A9BBB
:10277000199A049800F09EF9451904E01A9A30203D
:10278000199990476D1C0099481E00900029F5DCAE
:102790001FE000000928010030313233343536376C
:1027A000383961626364656600000000303132339D
:1027B000343536373839414243444546000000003D
:1027C0000D980D990078491C0D911A9A1999904706
:1027D0006D1C0199481E01900029F1DC4DE100F0CB
:1027E00059F94519761C3078002800D0DFE52846D5
:1027F0001BB0F0BD600700D406271898C01DC108A3
:10280000C90048680A680831C30FDB07189119002E
:1028100001D09CA108E0210501D59BA104E0E107BE
:1028200001D09AA100E09AA14300109130785B0892
:1028300065280CD006DC452809D046281DD047283D
:1028400041D141E0662818D067283CD13CE0002106
:10285000112F01DB112000E0781C0191009008A9E4
:1028600011A8FFF7E5FC139905910021119A159223
:102870007F1C12980197009150E00120C00703903F
:102880000120019008A9009711A8FFF7D1FC139A25
:10289000149905920022119B009212981593059AA3
:1028A0000192002901D0104602E0791C40180190E5
:1028B000381A01D5019804E04042401E0090781C6F
:1028C0000190C01B029043E0012F00DA0127002194
:1028D000112F01DD112000E038460191009008A978
:1028E00011A8FFF7A5FC13990591119A00211298E0
:1028F00015920091019721070CD40599B94201DB8B
:10290000019900E00191012904DD159A491E515CED
:10291000302906D0B84201DA011D05DA0121029101
:1029200015E00199491EEDE7002805DC00994118E2
:1029300000910199091A03E0019A411C914200DDBE
:1029400001910099401A401C02900120C007039099
:10295000200706D402990198814202DB0020C0437F
:10296000029000206946C87707AF0121039803371A
:10297000C907884224D0022011902B20129003987E
:1029800000280CDA404203902D20129007E00A2123
:102990000398F2F7BBF830317F1E0390397011991C
:1029A000481E11900029F2DC03980028EFD1791E0F
:1029B000129808703078202108404530BF1E3870CA
:1029C00006A8C01BC01D039010980078002800D0F6
:1029D0000120019941180298C01709180398091895
:1029E0000498401A401E0490E00306D421461A9B26
:1029F000199A049800F05EF845191098007800289C
:102A000003D01A9A199990476D1CE00324D52146EA
:102A10001A9B199A049800F04DF845191CE000988B
:102A2000002807DB00990598884203DD1598405C73
:102A3000199901E0199930201A9A904700986D1C55
:102A4000401C00900298401E0290002804D11A9A5F
:102A50002E20199990476D1C0199481E019000295C
:102A6000DDDC05E038781A9A7F1C199990476D1CB7
:102A70000399481E03900029F4DC21461A9B199AF9
:102A80000498ACE62D0000002B00000020000000A0
:102A900000000000F8B5044600251E4617468804CD
:102AA00004D405E039462020B0476D1C641EF9D5DA
:102AB0002846F8BDFFB50446002581B01E46C80370
:102AC00001D5302700E02027880404D505E03846EA
:102AD0000399B0476D1C641EF9D5284605B0F0BDBA
:102AE0004A68002A06D00A68531C0B6010704868B8
:102AF000401E486070470A68531C0B601070704796
:102B0000F3B583B00446EFF31080C007C00F72B670
:102B100002902749A06E884243D1B0200159049801
:102B200081423ED1E56E002D3BD022492868884283
:102B300037D16869002834D00020A0666E69286902
:102B400001900198002812D0761E6E61002E02D1ED
:102B5000002028610DE0276F606F00900098786773
:102B6000009807670198A04203D12F6101E001207E
:102B7000E860206B072814D10721842001510E48FA
:102B80000068401C0C4908600298002800D162B619
:102B9000204601F007F9EFF31080C007C00F72B6AE
:102BA00002900298002800D162B605B0F0BD000086
:102BB000012B01004E445644BC070020F8B50446E2
:102BC0000F4628212046F2F77BF86760EFF310806C
:102BD000C007C00F72B600900E4820600E48006813
:102BE000002804D10D480460A461E46106E00B48AC
:102BF0000568EE69EC61B461E661A56106480068AC
:102C0000401C054908600098002800D162B60020E9
:102C1000F8BD00004E445644140700201007002061
:102C2000FFB58BB005460E46EFF31080C007C00F0E
:102C300072B60A90A8680790296A079888430E9987
:102C4000086002210D9808400990286A05900598AF
:102C5000002803D00599079888430790099802280F
:102C600008D10798304006900698B04205D0002061
:102C7000069002E0079830400690069800281CD085
:102C80000D98C007C00F08900898002813D00020A6
:102C900001906869002804D02869002801D101202A
:102CA00001900198012803D1286A3043286202E08C
:102CB000A868B043A86000274FE0149800284BD0C4
:102CC00029480068002801D1002E01D1072744E0DF
:102CD000264804682648A066A66780210D980851FA
:102CE0000E98E067E566B0200059401CB0210851FD
:102CF000686904900498002803D12C6124676467F4
:102D00000CE028690390039820670398406F0290B5
:102D10000298606702980467039844676869401CDA
:102D20006861072020630120A0631498E0640E48C6
:102D30000068401C0C4908600A98002800D162B65F
:102D4000204601F0EBF9EFF31080C007C00F72B618
:102D50000A908420075900E007270A98002800D12C
:102D600062B638460FB0F0BDBC070020A0070020B7
:102D7000012B0100F7B590B00446EFF31080C007B7
:102D8000C00F72B60F9002211298084002281BD182
:102D9000002001906069002804D02069002801D13A
:102DA000012001900198012805D1206A1199C94399
:102DB0000843206203E0A06811990840A0600F98C2
:102DC000002800D162B62AE1606A0090A0681199DB
:102DD0000843A060206A002803D0216A119881432B
:102DE00021620020029060690890206900287DD04F
:102DF0000898012843D12569A768AE6F8020405903
:102E0000049002210498084005900598022808D1F2
:102E10003846304007900798B04205D00020079010
:102E200002E03846304007900798002826D0E86F27
:102E30000690069807600498C007C00F0390039897
:102E4000002802D0A068B043A0600020206160612B
:102E5000A86600218420415172480068401C7149D5
:102E600008600F98002800D162B6284600F09AFF4B
:102E7000EFF31080C007C00F72B60F90C0E0256955
:102E80000995099D002020610B900A90A76865486C
:102E90000068401C634908600120029000BF0F9841
:102EA000002800D162B6EFF31080C007C00F72B6E1
:102EB0000F90E068002806D00020E060099D60695E
:102EC0000890A0680743286F0E90AE6F802040598D
:102ED00004900221049808400590059802280AD120
:102EE0003846304007900798B04200E083E005D0B4
:102EF0000020079002E0384630400790286B0728F2
:102F000001D0012007900798002839D0286B0728A6
:102F100012D1E86F0690069807600498C007C00FAA
:102F200003900398002802D0A068B043A06000205E
:102F3000A866002184204151286FA84202D10020B8
:102F400009900EE0286F0D90686F0C900D990C9809
:102F500048670C990D9808670998A84201D1286F15
:102F600009906069401E60610B98002803D10B95A1
:102F70000A95286704E00A980567002028670A95E3
:102F80000E9D0898401E08900898002887D109983F
:102F90002061206A002805D0216AA0688843A060CB
:102FA000002020620F98002800D162B60B9D14E02B
:102FB000286F0E90EFF31080C007C00F72B60F900D
:102FC00018480068401C174908600F98002800D175
:102FD00062B6284600F0E6FE0E9D002DE8D1EFF324
:102FE0001080C007C00F72B60F900E480068401ED8
:102FF0000C49086004E06069002801D00120E0600D
:103000000F98002800D162B60098002802D0204610
:10301000009988470298012801D100F069FE00203C
:1030200013B0F0BDBC0700200246EFF31080C307C9
:10303000DB0F72B65162002B00D162B600207047E0
:1030400010B500F027FD01F021FB00200C490860BD
:103050000C4908600C4908600C4908600C4908607C
:103060000C4908600C4908600C4908600C4908606C
:103070000C4908600C4908600C49086010BD00004C
:103080000007002004070020080700200C0700208C
:10309000100700201407002020070020240700202C
:1030A000280700202C070020180700201C070020FC
:1030B00010B50F4800680F4988420BD0481E0C49D4
:1030C0000860F1F700F9FFF7BBFF0B480068401CF0
:1030D000094908600748401E05490860074800681C
:1030E0000CF050FD002002490860F1F703F810BD14
:1030F000B0070020F1F0F0F0BC07002030070020FE
:10310000F3B583B00446EFF31080C007C00F72B66A
:1031100002902249A06E88423AD1B0200159049809
:10312000814235D1E56E002D32D01D492868884294
:103130002ED1E86900282BD00020A066E869401E47
:10314000E861E86901900198002801D1A86107E0D1
:10315000266F676F77673E67A869A04200D1AE61AE
:10316000206B0D2814D11D21842001510D480068C9
:10317000401C0C4908600298002800D162B6204625
:1031800000F010FEEFF31080C007C00F72B602907F
:103190000298002800D162B605B0F0BD01310100EF
:1031A0004554554DBC070020F7B582B004460F4684
:1031B00034212046F1F784FD676004982061EFF325
:1031C0001080C007C00F72B60190104820601048F0
:1031D0001049086010480068002804D10F480460B6
:1031E0002462646206E00D4805686E6A6C623462AF
:1031F0006662256208480068401C0749086001981B
:10320000002800D162B6002005B0F0BD4554554DF0
:1032100029380100C00700201C07002018070020E3
:10322000F3B585B00546EFF31080C707FF0F72B600
:103230004F480468A86800282BD10120A860EC60E2
:10324000002C21D02869012803D1E06A6861202080
:10325000A862A42000590490049800280BD0049878
:10326000006B0390049805630398C5620398286374
:103270000498E86203E0A4200551ED622D63A020CC
:103280000059401CA0210851002F00D162B6002631
:103290006BE0E868A04207D1A868401CA860002F36
:1032A00000D162B6002660E00698002859D0314867
:1032B0000068002804D0002F00D162B61D2654E01B
:1032C000E86802902C48A066E566B0200059401CD2
:1032D000B0210851E869002803D1AC612467646714
:1032E0000CE0A8690190019820670198406F009058
:1032F000009860670098046701984467E869401C7B
:10330000E8610D2020630120A0630698E06419485D
:103310000068401C17490860002F00D162B6286978
:10332000012818D1A86AE16A884201D9E06AA86236
:10333000E16A02988030C069814203D2E16A029852
:103340008030C1610298C06AE16A884203D9E16AAB
:10335000029800F091F8204600F0E0FE8420065923
:1033600003E0002F00D162B61D26304607B0F0BD45
:10337000A0070020BC07002001310100F0B585B096
:103380000646EFF31080C007C00F72B60490F069D4
:1033900002900298022804D20498002867D162B6ED
:1033A00065E0029802280BD1B469276FF86AE16AD8
:1033B000884200D2B7610498002858D162B656E01E
:1033C000B4692546286F03902A480068401C2949A3
:1033D00008600020009000BF0398C06AE96A884234
:1033E00000D2039D0498002800D162B6EFF310804C
:1033F000C007C00F72B60490B069A04202D001208D
:10340000009005E0F1690298814201D0012000900E
:103410000098002803D10398006F039007E0B46977
:10342000F06902902546286F0390002000900398D1
:10343000A042D1D10F480068401E0E490860A54245
:103440000FD02F6F686F0190019878670198076718
:10345000606F01902C670198686701980567656740
:10346000B5610498002800D162B600F041FC00204C
:1034700005B0F0BDBC070020FEB504460D46EFF3D5
:103480001080C607F60F72B6206B00280DD0E562DB
:1034900098200059A84203D298200059E06300E028
:1034A000E563002E5DD162B65BE02E4800680190B6
:1034B000E06A00902C480068801C2B4908600E20B0
:1034C00020630120A0630020E064002E00D162B6DA
:1034D000204600F023FEEFF31080C607F60F72B609
:1034E000E56298200059A84203D298200059E06371
:1034F00000E0E563002E00D162B6204600F052FCE9
:10350000EFF31080C607F60F72B616480768BC4284
:1035100024D0206B002821D1E06AF96A88420CD8B7
:10352000019884421AD10F4804600098A84215D22D
:10353000E06A80000D490C5010E0E16AE06B8842BF
:103540000CD2E06BF96A884208D8064804600098FB
:10355000A84203D2E06A800004490C50002E00D13A
:1035600062B6FEBDA4070020BC07002050FD00206D
:10357000F0B58BB0044620200890EFF31080C70709
:10358000FF0F72B6A06800287ED0E568A4480068E6
:103590000490E1680498814208D0A248006800289D
:1035A00004D1002F00D162B61E2008900898202870
:1035B0000AD1A068401EA060A068002805D0002F96
:1035C00000D162B60020089026E1002D05D1002F21
:1035D00000D162B6002008901EE1A0204059401E94
:1035E000A0214851A0204059002803D10021A42047
:1035F00041510CE0E66A206B07900798306307980A
:10360000C662A4204059A04201D1A4204651A0691D
:10361000002808D12069002805D1E060002F00D1E2
:1036200062B60020089008982028CDD100200A908A
:103630009420405909902069012832D179480068C6
:10364000401C78490860002F00D162B6202000900D
:10365000A42046590EE03069012805D1B16A0098CE
:10366000814201D2B06A0090F66AA4204059B0426B
:1036700000D10026002EEED1EFF31080C707FF0F18
:1036800072B66848006800E0C1E0401E6549086005
:103690009C210098485109990098884201D20098CD
:1036A0000990E069012817D92069012814D15D48E3
:1036B0000068401C5B490860002F00D162B62046BC
:1036C000FFF75CFEEFF31080C707FF0F72B6554897
:1036D0000068401E53490860A069002826D151485F
:1036E0000068401C4F490860002F00D162B62020BE
:1036F000A062E068C16A0998814203D0E068099934
:10370000FFF7BAFEEFF31080C707FF0F72B6454808
:103710000068401E434908600020E060002F00D18F
:1037200062B600F0E5FA0020089075E0A56920690E
:10373000012805D1E0680A90E86A60612020A06253
:10374000A020405906900698002804D1A420445196
:10375000E462246309E0A4204659306B0790346387
:103760000798C46207982063E6620698401CA0216F
:1037700048510120A060E560E069401EE061E06919
:1037800005900598002801D1A0610BE0286F0390F7
:103790000398A061686F02900399029848670299A4
:1037A000039808670020A8660021842041511D4825
:1037B0000068401C1B490860002F00D162B62069D8
:1037C00001281ED1E069002812D02046FFF7D6FD5F
:1037D000EFF31080C707FF0F72B6A0690190019840
:1037E000002802D00198C06AA062002F00D162B602
:1037F0000A98C16A0998814203D009990A98FFF78B
:103800003BFE284600F0CEFA0020089004E0002F8E
:1038100000D162B61E20089008980BB0F0BD0000E1
:10382000A0070020BC07002070B50546EFF310800C
:10383000C607F60F72B612480068401C10490860AF
:1038400000BFA4204459002C0ED00120A060002EFF
:1038500000D162B62046FFF78BFEEFF31080C6075B
:10386000F60F72B6A4204459002CEAD1044800682F
:10387000401E03490860002E00D162B670BD0000F2
:10388000BC070020FFB587B00446119F109E0020A2
:103890000390EF2239463046F1F70BFAB808800062
:1038A000071F0196019EF01C800880000090019E79
:1038B0000098864200D03F1F009EB4212046F1F7B9
:1038C000FFF90898A062099860640A98A064E6600D
:1038D00067611298E0629421129808511498A061CF
:1038E0001498E06120219C2001510296781E029ECE
:1038F000801902900298206113991298884205D08D
:103900000020E06300219820015104E01298E06358
:103910009821129808510320206339496165A465F4
:1039200038492046F0F74AFCA820A1680151EFF37E
:103930001080C007C00F72B606903348206033482D
:103940000068002806D132480460882004518C2089
:10395000045112E02E480068059005988030C06838
:10396000049005988030C4600498803084608C2175
:103970000498085188210598085124480068401C83
:103980002249086023480068401C224908601598B5
:1039900001281DD1EFF305801F49096801431F4A23
:1039A000914208D31E480568002D05D0E86B0390AE
:1039B000E86AE86300E000250698002800D162B6B6
:1039C000204600F0EFF9002D17D00398E86314E0CB
:1039D0000698002800D162B6EFF31080C007C00F30
:1039E00072B606900B480068401E0A4908600698A7
:1039F000002800D162B600F07BF900200BB0F0BDCA
:103A000091450100093B010044524854AC07002095
:103A1000A8070020BC070020B0070020F0F0F0F05D
:103A2000A407002070B501460020EFF31085EC07D5
:103A3000E40F72B60D6B012D06D00D6B022D03D075
:103A4000002C00D162B6112000281DD100250D6088
:103A50000E4D2D686D1E0D4E356035462D68002DBE
:103A600002D10B4E35600CE088256A588C256B58C6
:103A7000AB508825EA50064D2D688D4201D1044D8A
:103A80002A60002C00D162B670BD0000AC07002097
:103A9000A807002010B500201049086010490860F0
:103AA00010480021016020200F49086080210F4844
:103AB000F1F706F900200E4908600E4908600E492A
:103AC00008600E4908600E4908600E48006823210E
:103AD000C90408430B49086010BD0000A00700207E
:103AE000A4070020B4070020B807002050FD0020E4
:103AF000A8070020AC070020BC070020C00700205A
:103B0000C8070020C407002070B51C480468EFF304
:103B10001080C607F60F72B6AC200559002E00D1F2
:103B200062B6002D02D000212046A847616CA06C2F
:103B3000884713480068002803D0204610490968C8
:103B40008847EFF31080C607F60F72B6AC20055910
:103B500001202063A0630020E0640A480068401C44
:103B600008490860002E00D162B6002D02D0012164
:103B70002046A847204600F0D1FA70BDA0070020DB
:103B8000C0070020BC070020F8B50746EFF31080FF
:103B9000C607F60F72B622480468002C04D1002E26
:103BA00000D162B6132538E0EFF305801D4909689E
:103BB0000143002904D0002E00D162B613252CE069
:103BC0001948844204D1002E00D162B6132524E0A6
:103BD000002F04D1002E00D162B600251DE013484D
:103BE0000068002804D0002E00D162B6132514E02E
:103BF000042020630120A063002184200151E76498
:103C00000A480068401C09490860002E00D162B6CD
:103C1000204600F083FA842005592846F8BD0000AC
:103C2000A0070020B007002050FE0020BC070020A5
:103C3000F0B50146EFF31086F507ED0F72B60029D7
:103C400038D01E4F0E68BE4234D1CA68002A31D027
:103C5000A8267358002B2DD0002D00D162B600BFCE
:103C60009E1AB6107408A600B018154F0668BE421A
:103C700001D0034600E00246012CF1D800E0001D0F
:103C80000F4F0668BE42FAD0EFF31086F507ED0F2E
:103C900072B60A4F0E68BE420CD1CE68864209D277
:103CA000A8267658864205D9054F0668BE4201D03F
:103CB000A8267050002D00D162B6F0BD4452485481
:103CC000EFEFEFEF70B50446EFF31080C507ED0F8F
:103CD00072B606480068002803D0204603490968E8
:103CE0008847002D00D162B670BD0000C8070020D3
:103CF000F8B527480768002F49D1264806682648A6
:103D00000468A64243D0EFF31080C507ED0F72B6EA
:103D1000002C37D021492068884233D1A82000598F
:103D2000A168814202D2A820A1680151E068006820
:103D30001B49884209D12069401C0068884204D18F
:103D4000A8200059E16888420AD2002D00D162B64D
:103D50002046FFF7B7FFEFF31080C507ED0F72B6EF
:103D6000A82000598038C06F0D4988420AD0002D24
:103D700000D162B62046FFF75BFFEFF31080C50766
:103D8000ED0F72B6002D00D162B600F085F9F8BDD6
:103D9000BC070020A0070020A4070020445248547C
:103DA000EFEFEFEFF0B587B00446EFF31080C007F8
:103DB000C00F72B60190002C3CD0AF4920688842F9
:103DC00038D1A8200059A168814202D2A820A16858
:103DD0000151E0680068A94988420AD12069401C65
:103DE0000168A648814204D1A8200059E1688842B0
:103DF0000CD20198002800D162B62046FFF762FF7E
:103E0000EFF31080C007C00F72B60190A8200059D0
:103E10008038C16F994881420CD00198002800D1A8
:103E200062B62046FFF704FFEFF31080C007C00F13
:103E300072B601900198002800D162B6EFF31080AD
:103E4000C007C00F72B60690606E002804D02046EE
:103E50004C3000F0C5FC01E00020E06488480068B8
:103E6000401E87490860A06B00287DD1206B002888
:103E700024D0606B002878D12063E56AA8008149CE
:103E80000E58002E7BD1A8000C50246264620120E1
:103E9000A84005907C480168059801437A48016074
:103EA0007A480068854209D27848056078480068F9
:103EB00003900398002802D1754804607DE00398C0
:103EC000C06BA84279D9724804600698002800D1D6
:103ED00062B66F480468EFF31080C007C00F72B677
:103EE0000190002C3BD064492068884237D1A8203B
:103EF0000059A168814202D2A820A1680151E0685E
:103F000000685E49884209D12069401C00688842E7
:103F100004D1A8200059E16888420CD201980028F9
:103F200000D162B62046FFF7CDFEEFF31080C00748
:103F3000C00F72B60190A82000598038C06F4F4959
:103F400088420CD00198002800D162B62046FFF7C5
:103F50006FFEEFF31080C007C00F72B6019001989A
:103F6000002800D162B602E017E011E007E0444803
:103F70000768002F01D100F0A5F807B0F0BD706A06
:103F8000049004980462746204986062266214E0EB
:103F900000206063032020630FE0206B01280CD019
:103FA000206B022809D0606B002802D1A063206337
:103FB00003E000206063032020633648006802901D
:103FC0000698002800D162B63149029809688842F3
:103FD0004FD02F480468EFF31080C007C00F72B6AF
:103FE0000190002C3BD024492068884237D1A8207A
:103FF0000059A168814202D2A820A1680151E0685D
:1040000000681E49884209D12069401C0068884226
:1040100004D1A8200059E16888420CD201980028F8
:1040200000D162B62046FFF74DFEEFF31080C007C7
:10403000C00F72B60190A82000598038C06F0F4998
:1040400088420CD00198002800D162B62046FFF7C4
:10405000EFFDEFF31080C007C00F72B6019001981A
:10406000002800D162B606480768002F01D100F091
:1040700029F800BF81E7000044524854EFEFEFEF0A
:10408000BC07002050FD0020B4070020B807002026
:10409000A4070020A00700200849094A5160EFF357
:1040A0000581002908D1EFF31081C807C00F72B64F
:1040B00062B6002800D072B6704700000000001001
:1040C00000ED00E00849094A5160EFF3058100293D
:1040D00008D1EFF31081C807C00F72B662B600288E
:1040E00000D072B6704700000000001000ED00E044
:1040F0000849094A5160EFF30581002908D1EFF31F
:104100001081C807C00F72B662B6002800D072B620
:10411000704700000000001000ED00E0F0B589B02D
:104120000446AF4800680390EFF31080C007C00F4B
:1041300072B60190002C3BD0AA492068884237D142
:10414000A8200059A168814202D2A820A16801518B
:10415000E0680068A449884209D12069401C0068D1
:10416000884204D1A8200059E16888420CD2019805
:10417000002800D162B62046FFF7A4FDEFF31080BF
:10418000C007C00F72B60190A82000598038C06FD8
:10419000954988420CD00198002800D162B620468B
:1041A000FFF746FDEFF31080C007C00F72B6019015
:1041B0000198002800D162B6EFF31080C007C00F4D
:1041C00072B60890039884420FD1E06C0290029876
:1041D000002807D00298401C002803D020464C300D
:1041E00000F0C8FA8149E069086081480068401E13
:1041F0007F490860A06B01287ED10020A063E06A9F
:104200000790206A05900598A04213D0606A049038
:1042100005990498486205990498016207988000FE
:1042200074490858A04269D107998900714A0598D4
:10423000505063E00021079880006E4A115001261B
:10424000079886406C480068B0436B4908600020BE
:10425000069008460568002D11D1202067490860A6
:104260000020674908600898002800D162B66048BD
:104270000768002F01D1FFF73BFF09B0F0BD002612
:10428000E843401C0540102D06D2042D01D3AD0893
:10429000B61C680886192BE0FF2D08D82D09361D9D
:1042A000042D01D3AD08B61C6808861920E0012052
:1042B000000485420CD22D0A0836102D01D32D0999
:1042C000361D042D01D3AD08B61C680886190FE011
:1042D0002D0C1036FF2D01D92D0A0836102D01D3D3
:1042E0002D09361D042D01D3AD08B61C68088619AA
:1042F00006988019414900E016E0086040480068CF
:10430000844211D13D48006880003A4908583C4930
:1043100008600898002800D162B635480768002F69
:1043200001D1FFF7E5FEA8E70898002800D162B6A2
:1043300033490398096888424FD031480468EFF345
:104340001080C007C00F72B60190002C3BD02549E9
:104350002068884237D1A8200059A168814202D242
:10436000A820A1680151E06800681F49884209D16E
:104370002069401C0068884204D1A8200059E168E7
:1043800088420CD20198002800D162B62046FFF77F
:1043900099FCEFF31080C007C00F72B60190A820FF
:1043A00000598038C06F104988420CD0019800280D
:1043B00000D162B62046FFF73BFCEFF31080C00748
:1043C000C00F72B601900198002800D162B608486B
:1043D0000768002F01D1FFF78BFE00BF4DE70000FB
:1043E000A007002044524854EFEFEFEFFC070020F5
:1043F000BC07002050FD0020B4070020B8070020B3
:10440000A4070020F8B55A480468EFF31080C607E7
:10441000F60F72B6002C37D056492068884233D147
:10442000A8200059A168814202D2A820A1680151A8
:10443000E06800685049884209D12069401C006842
:10444000884204D1A8200059E16888420AD2002E8F
:1044500000D162B62046FFF735FCEFF31080C607A7
:10446000F60F72B6A82000598038C06F42498842C2
:104470000AD0002E00D162B62046FFF7D9FBEFF339
:104480001080C607F60F72B6002E00D162B6002566
:10449000EFF31080C707FF0F72B60020374908609E
:1044A000002C1CD0206B002819D1E069A061344990
:1044B000A0690860206AA04211D0E16BE06A8842DE
:1044C0000DD1E16A89002F4A206A50502E480068B9
:1044D0008000114608582D49086008460568002FDD
:1044E00000D162B6002D42D0EFF31080C607F60F60
:1044F00072B6002D37D01F492868884233D1A820D2
:104500004059A968814202D2A820A9684151E868AF
:1045100000681949884209D12869401C006888420E
:1045200004D1A8204059E96888420AD2002E00D15F
:1045300062B62846FFF7C6FBEFF31080C607F60FFA
:1045400072B6A82040598038C06F0B4988420AD003
:10455000002E00D162B62846FFF76AFBEFF3108009
:10456000C607F60F72B6002E00D162B600BFF8BDC6
:10457000A007002044524854EFEFEFEFD00700208F
:10458000FC07002050FD0020B8070020A4070020F1
:10459000F8B505462C46EFF31080C707FF0F72B63B
:1045A000206B04280BD10C480068401C0A490860A5
:1045B000002F00D162B62046FFF7F4FB0BE0A66E99
:1045C000B02000590090002F00D162B6002E02D01A
:1045D00020460099B047F8BDBC070020FFB581B068
:1045E00004460F462C212046F0F76AFB67600A98C4
:1045F000A0600B98E0600398206104986061EFF37D
:104600001080C007C00F72B6009012482060124898
:104610000068002804D1114804606462A46206E0C6
:104620000E480568AE6AAC627462A66265620A48AA
:104630000068401C084908600C98012803D12046F6
:10464000083000F097F80098002800D162B60020EA
:1046500005B0F0BD4D495441E8070020E4070020B3
:1046600010B5EFF31080C407E40F72B60548006878
:10467000401C04490860002C00D162B60248FFF7D4
:1046800091FB10BDBC07002050FE002010B586B085
:10469000002021490860214908602149086021491A
:1046A00008602149086080212048F0F709FB1F4875
:1046B0001F4908601F4908607C301F490860084690
:1046C0000068001D08601D481D4908600120800227
:1046D0001C49086000201C49086000BF00201A4ADD
:1046E0001268194B1B6804900293039205901548B9
:1046F000006813490968154B154A0091019015A1EE
:104700001948FFF7BFF80446002CE7D117490860A5
:104710001749086006B010BDCC070020FC07002038
:10472000D0070020E0070020EC070020D0FD00208B
:10473000D4070020DC070020D807002004FF002059
:10474000F0070020F4070020F80700204D495441ED
:104750001148010053797374656D2054696D657259
:10476000205468726561640050FE0020E407002058
:10477000E8070020F8B50368002B2AD05E1C002E45
:1047800027D08669002E24D1202B01D91F2400E0D8
:104790005C1EA6000F4F3F68F1190F4E3668B142FC
:1047A00009D30D4E36688E1BB6100096009EB600DB
:1047B0000A4F3F68F1190E68002E03D10061406175
:1047C000086005E00A685569286150610261456129
:1047D0008161F8BDDC070020D8070020D407002045
:1047E00010B58169002912D00269904205D10C6888
:1047F00084420AD100240C6007E0436953611A61C6
:104800000C68844201D191610A600024846110BD6A
:10481000F1B586B0002001905249069888427CD1BB
:104820009CE0EFF31080C607F60F72B64E480068A2
:10483000006805900598002802D005A805998861B0
:10484000002049490968086047480068001D46493A
:1048500008600846006845490968884203D1444811
:10486000006841490860002042490860002E00D1DC
:1048700062B6EFF31080C607F60F72B653E0059CE0
:104880000598056900200490AC4201D1059008E02C
:1048900060690390039868610398056105A8A861A1
:1048A00005952068202809D920682038206000203C
:1048B000029004A8A061246104940FE0A068029013
:1048C000E0680190606820602068002804D004A897
:1048D000A0612461049401E00020A06126480460E6
:1048E000002E00D162B60298002802D002990198E9
:1048F0008847EFF31080C607F60F72B600201E49F6
:1049000008600498A04204D10020A0612046FFF76F
:1049100031FF002E00D162B600E020E0EFF31080FE
:10492000C607F60F72B605980028A8D1114800688E
:10493000002810D1114F032038630120B8631048BC
:104940000068401C0E490860002E00D162B638464F
:10495000FFF7E4FB02E0002E00D162B661E707B08A
:10496000F0BD00004D495441DC070020D80700206D
:10497000D4070020E0070020EC07002050FE0020B4
:10498000BC070020F7B582B0044600200190002C3F
:1049900002D1062001904EE00498282802D006207B
:1049A000019048E0EFF31080C607F60F72B6274873
:1049B0000068401C25490860002E00D162B62448DA
:1049C0000568002704E0AC4200D105E0AD697F1C1A
:1049D000204800688742F6D300BFEFF31080C60777
:1049E000F60F72B619480068401E18490860002E7C
:1049F00000D162B6FFF77CF9AC4202D106200190EB
:104A000019E015480068009014490098884201D1C7
:104A100013200190EFF30580114909680143002933
:104A200009D0EFF305800E49096801430D4A914210
:104A300001D2132001900198002804D12046039947
:104A4000FEF7BCF80190019805B0F0BDBC0700204E
:104A50001007002014070020A007002050FE0020AF
:104A6000B0070020F0F0F0F0FFB583B00446164622
:104A70001F460025002C01D106251DE0184920689D
:104A8000884201D0062517E0002F01D1032513E04D
:104A90000C98002810D0EFF30580124909680143F3
:104AA000002901D0042507E00F48006802900F4953
:104AB0000298884200D10425002D02D1032E00D98E
:104AC0000825002D08D10C983B4632460090204620
:104AD0000499FEF7A5F80546284607B0F0BD00008A
:104AE0004E445644B0070020A007002050FE00208E
:104AF000F8B504460F4615460026002C01D10626BF
:104B00000AE00A492068884201D0062604E0022D06
:104B100002D0002D00D00826002E05D12A463946A5
:104B20002046FEF727F906463046F8BD4E44564467
:104B300070B505460E46002D01D106240AE006494F
:104B40002868884201D0062404E031462846FEF752
:104B50006BFA0446204670BD4E445644FFB583B000
:104B60000446164600200290002C02D11C20029020
:104B70003EE00698342802D01C20029038E0EFF383
:104B80001080C707FF0F72B62E480068401C2D49E1
:104B90000860002F00D162B62B4805680020019004
:104BA00006E0AC4200D108E02D6A0198401C01905B
:104BB0002649019809688842F3D300BFEFF31080BB
:104BC000C707FF0F72B61F480068401E1D490860E6
:104BD000002F00D162B6FFF78BF8AC4202D11C2047
:104BE000029005E0012E03D0002E01D01F2002907C
:104BF0000298002819D116480068009015490098BD
:104C0000884201D113200290EFF305801249096810
:104C10000143002909D0EFF305800F4909680143DA
:104C20000E4A914201D2132002900298002805D129
:104C3000324620460499FEF7B7FA0290029807B070
:104C4000F0BD0000BC070020180700201C07002052
:104C5000A007002050FE0020B0070020F0F0F0F088
:104C6000F8B504460E460025002C01D11C2516E09F
:104C700018492068884201D01C2510E0002E0ED073
:104C8000EFF30580144909680143002901D0042588
:104C900005E0124807681248874200D10425002D1C
:104CA0000FD1EFF305800C4909680143002908D0B2
:104CB000EFF305800849096801430A4A914200D28E
:104CC0001325002D04D131462046FEF7A9FA0546EA
:104CD0002846F8BD4554554DB0070020A0070020D8
:104CE00050FE0020F0F0F0F070B504460025002CD6
:104CF00001D11C2515E00F492068884201D01C25F0
:104D00000FE0EFF305800C4909680143002908D042
:104D1000EFF30580084909680143084A914200D22F
:104D20001325002D03D12046FEF722FC0546284618
:104D300070BD00004554554DB0070020F0F0F0F074
:104D4000FFB58DB00646169D00200B90002E02D1B7
:104D50000E200B909BE01C98B42802D00E200B90E4
:104D600095E0EFF31080C007C00F72B60C90534867
:104D70000068401C514908600C98002800D162B6B8
:104D800000200A904E48046808951798401E089D18
:104D900047190897089F002009901EE0A64201D1FC
:104DA00001200A900A98012800D11BE0E068A8427F
:104DB00005D82069A84202D9002501200A90E068A0
:104DC000B84205D82069B84202D9002501200A90CE
:104DD000882004590998401C09903A4909980968A3
:104DE0008842DBD300BFEFF31080C007C00F72B65C
:104DF0000C9032480068401E304908600C9800282A
:104E000000D162B6FEF774FFA64202D10E200B90CD
:104E10003DE0002D02D103200B9038E00F980028D0
:104E200002D103200B9032E01798C82802D2052047
:104E30000B902CE01898202802D30F200B9026E02E
:104E400018991998884202D918200B901FE01B98D6
:104E5000012802D910200B9019E01B480068079028
:104E60001A490798884201D113200B90EFF305806F
:104E7000174909680143002909D0EFF30580144957
:104E800009680143134A914201D213200B900B98F9
:104E9000002810D1199B189A1A991B980393029213
:104EA0000491059017980095019030460EA90EC9FF
:104EB000FEF7E8FC0B900B9811B0F0BDBC0700208A
:104EC000A8070020AC070020A007002050FE00200B
:104ED000B0070020F0F0F0F070B50546EFF3058064
:104EE0000B4909680143002901D013240DE0002D6E
:104EF00001D10E2409E007492868884201D00E2418
:104F000003E02846FEF78EFD0446204670BD0000F3
:104F1000B007002044524854FFB587B00446129EA3
:104F200000200690002C02D11520069044E0139832
:104F30002C2802D0152006903EE0EFF31080C70722
:104F4000FF0F72B633480068401C32490860002FDA
:104F500000D162B6304805680020059006E0AC42FA
:104F600000D108E06D6A0598401C05902B49059812
:104F700009688842F3D300BFEFF31080C707FF0F23
:104F800072B624480068401E22490860002F00D1F4
:104F900062B6FEF7ADFEAC4202D1152006900BE0E2
:104FA0001098002802D11620069005E0012E03D0AB
:104FB000002E01D0172006900698002819D1184815
:104FC0000068049017490498884201D11320069084
:104FD000EFF30580144909680143002909D0EFF374
:104FE0000580114909680143104A914201D21320FA
:104FF00006900698002809D1119910986A4643C274
:10500000204608A90EC9FFF7E9FA069006980BB0EA
:10501000F0BD0000BC070020E4070020E8070020E6
:10502000A007002050FE0020B0070020F0F0F0F0B4
:10503000FFB587B006461C46002530462030069056
:1050400001200290002E09D15A485BA35CA264495A
:10505000009064A009F070FA00BFFEE73420805D84
:1050600000280AD153486CA355A25D49491C009001
:105070005CA009F061FA00BFFEE7099908984118A1
:105080003069814205D968A009F07CFA05200BB08F
:10509000F0BD06988068002802D00698816888478D
:1050A0000898C007C00F002812D02046641C00904A
:1050B0000898421C0146012308921A46304605F022
:1050C0006FFD0546002D00D065E00998401E09904F
:1050D0000121304608F06AFF0546002D00D05AE055
:1050E000AD206946087440E00298002818D004AA50
:1050F00001323046089905F047FC3520805D0028D4
:1051000001D0052000E004200390217804AA039830
:10511000115461780398401C11540020029006E05D
:1051200001200390217868464174617881740020E1
:105130000090069800234768039A921C04A9B84778
:105140000546002D03D042A009F01CFA23E03046AA
:105150000AF070FF0546002D00D01CE00998801E63
:1051600009900898801C0890A41C09980228BBD2BA
:105170000021304608F01AFF0546002D0AD1099893
:10518000012807D101231A4600943046089905F0FA
:1051900007FD054600BF002D03D00021304608F072
:1051A00005FF0698C068002802D00698C1688847A5
:1051B00028466CE7FD650300666C617368000000BB
:1051C00028257329206861732061737365727420C8
:1051D0006661696C65642061742025732E0000008F
:1051E000B90200002E2E5C436F6D70656E74735CA7
:1051F0004D6F64756C65735C466C61736844422DD9
:10520000312E312E325C736675645C7372635C732D
:105210006675642E63000000666C6173682D3E69DC
:105220006E69745F6F6B00004572726F723A204650
:105230006C617368206164647265737320697320A4
:105240006F7574206F6620626F756E642E000000AB
:105250004572726F723A20466C617368207772698A
:1052600074652053504920636F6D6D756E6963617D
:105270007465206572726F722E000000F8B50546E5
:105280000E4629460120C003EFF756FC84B22146A2
:10529000714308466421EFF74FFC201A87B2394664
:1052A0002046F1F749FFF8BD10B58C0003460833DE
:1052B0001A5110BD70B50446606880470546E07815
:1052C0004007400F002802DD2088401C2080E07845
:1052D000C009A8421CD0E07838218843E1788906CB
:1052E000490F491CC900382211400843E07080066C
:1052F000400F032810DBE07880218843E9018022F9
:1053000011400843E070E07838218843E07003E002
:10531000E07838218843E070E0784007400F0300D0
:10532000FCF7A5FA06042858AEF3D0F3E078C009DC
:10533000E1784906C90F884216D1A078F021884348
:10534000A070A068002802D02046A16888470020ED
:105350002080A07800090001401CA070E078C008FF
:10536000C000401CE07004E0A078F0218843803049
:10537000A070CAE0E078C009E1784906C90F884208
:1053800012D0A078F02188431030A070E068002887
:1053900002D02046E168884700202080E078C008DD
:1053A000C000801CE07014E020884B21C9008842B6
:1053B0000FDDA078F02188435030A070E06900280C
:1053C00002D02046E1698847E078C008C000401D4F
:1053D000E0709AE0E078C009E1784906C90F884298
:1053E00025D1A078F0218843A070A068002802D0C1
:1053F0002046A1688847A07800090001A178491CCF
:105400000907090F0843A070A078F02188432030D5
:10541000A0702069002802D020462169884700201A
:105420002080E078C008C000C01CE07027E0208821
:105430003C2824DDA0780007000F01280BD1A078BC
:10544000F02188433030A0706069002813D02046D6
:10545000616988470FE0A0780007000F02280AD191
:10546000A078F02188434030A070A069002802D0C5
:105470002046A1698847E078C008C000E07044E099
:10548000E078C009E1784906C90F884219D0A078B0
:10549000F02188431030A070E068002802D0204638
:1054A000E168884720883C2807DA00202080E078DF
:1054B000C008C000801CE07003E0E078C008C000B5
:1054C000E07022E0E078C009E1784906C90F88421F
:1054D0000BD1A078F02188436030A070206A0028AA
:1054E00012D02046216A88470EE0A078F021884338
:1054F0001030A070E068002802D02046E16888479C
:10550000E078C008C000E07000BF00BF70BDF8B513
:1055100004460D46164628212046EFF7D1FBA07819
:10552000F02188438030A070656060688047C001CA
:10553000802108400746E07888433843E070E078EF
:1055400040218843B101402211400843E070F8BD7A
:1055500010B580210148F6F795FE10BD800D004082
:1055600010B501210148F6F78DFE10BD400C00403A
:1055700001460948026805E08A4202D10020C04382
:105580007047526A002AF7D103480068486202480F
:1055900001600020F4E700008800002010B50548F5
:1055A000046803E02046FFF785FE646A002CF9D109
:1055B00010BD00008800002070B5044601250322BC
:1055C00004492046EFF7B0FB002800D0002528460C
:1055D00070BD0000CE070200F8B505460F46002654
:1055E00000243AE0A101491908461C3000F0B2FD40
:1055F0000646002E0FD18B221A491BA0F7F7AAFAF4
:10560000A001401901461C311CA0F7F7A3FA26A0FF
:10561000F7F7A0FA20E0A0014019406BF169884239
:1056200016DB91220F4921A0F7F794FAA001401947
:10563000F369426BA0014019011D2348F7F78AFA6C
:1056400022A0F7F787FA002022490860401EF8BD23
:10565000A00021490E5000BF641CBC42C2D30020F0
:10566000F5E70000706203005B442F46414C5D206B
:105670002825733A25642920000000005761726EC6
:10568000696E673A20446F204E4F5420666F756EE6
:10569000642074686520666C61736820646576694F
:1056A0006365282573292E000A0000001B5B333137
:1056B0003B32326D5B452F46414C5D202825733AC5
:1056C0002564292000000000BC8403001B5B306DB2
:1056D0000A0000003C05002034050020F8B504460F
:1056E0000F463D462E68207800280DD11FA0F7F701
:1056F00031FA22A03168F7F72DFA22A06168F7F796
:1057000029FA01202871F8BD6078022817D1F06AC3
:10571000401C002806D13822214630462830EFF7B9
:10572000A7FA21E011A0F7F715FA14A03168F7F7EE
:1057300011FA1F48F7F70EFA01202871E3E76078A5
:10574000012811D1A868401CA8606068E860A868BA
:10575000012809D1F06A401C002805D138222146D1
:1057600030462830EFF784FA0020CCE75B466C61C6
:10577000736844425D5B74736C5D00005B25735D10
:1057800020000000536563746F7220283078253044
:105790003858292068656164657220696E666F20DB
:1057A000697320696E636F72726563742E0A0000FC
:1057B000CC830300FFB581B004461D46002C14D0F5
:1057C000002A12D0002D10D0029E002E0DD02846A7
:1057D000EE0F361876107600AE1B06D1EE0F761956
:1057E00077100095029EB74202DD002005B0F0BDA3
:1057F0000021002300BF50E0505C612808DB505CB2
:10580000662805DC505CC01F0007000EE05418E05D
:10581000505C412808DB505C462805DC505CC01F0A
:105820000007000EE0540CE0505C302807DB505CB1
:10583000392804DC505C0007000EE05401E0002031
:10584000D4E7481C81B2505C612808DB505C6628B4
:1058500005DCE05C565C80195738E05419E0505C78
:10586000412808DB505C462805DCE05C565C80196A
:105870003738E0540DE0505C302808DB505C3928A4
:1058800005DCE05C565C80193038E05401E0002013
:10589000ACE7581C83B2481C81B2A942ACDB184665
:1058A000A4E7FFB581B007460D46164600200090DC
:1058B000002F04D03846EFF722FA002801D105B0B6
:1058C000F0BD002D04D02846EFF719FA002800D1CA
:1058D000F5E729463846EFF743FA044608E010C6D4
:1058E0000098401C009029460020EFF739FA044642
:1058F000002CF4D104990098086000BFDFE7FEB5E2
:1059000007460D4600263C463846EFF7F8F9C0B288
:10591000009025E0002001901EE02078302804DB74
:105920002078392801DC2078A8552078412804DB2C
:1059300020785A2801DC2078A8552078612804DBDB
:1059400020787A2801DC2078A855641C701CC6B227
:105950000198401CC0B20190009901988842DCDB9C
:1059600020780028D6D1FEBD0146034848434013A5
:10597000024A801A7047000073550000C8AF00004B
:105980000146034848434013024A801A704700000A
:10599000093D00007017000070B505460C4613481D
:1059A0000068002806D1124A12A115A0F7F7D2F814
:1059B00000BFFEE70D4800682030007D002806D1BA
:1059C0000B4A17A10EA0F7F7C5F800BFFEE719486C
:1059D0008069411922460548006808F085FC0028C6
:1059E00002D00020C04370BD2046FCE7F404002034
:1059F00028620300736675645F64657600000000CA
:105A0000282573292068617320617373657274207F
:105A10006661696C65642061742025732E0A00003C
:105A2000736675645F6465762D3E696E69745F6F39
:105A30006B000000F804002070470000F0B54E0035
:105A4000864BCF0F760887B005460C469E422ED374
:105A50008348864211D33003000B284304D02846E4
:105A6000FCF7E8F807B0F0BD002F03D00020014696
:105A700007B0F0BD284607B0F0BD7A4A2846EFF7D8
:105A800083FE06D20220FCF70BF9FCF7E5F807B01D
:105A9000F0BD754A754B28462146EFF79BFC06D2B0
:105AA0000220FCF7FDF8FCF7E1F807B0F0BD704804
:105AB00086424AD930466F49E20FD600884215D255
:105AC0006D48784480194368026828462146EFF7FC
:105AD000FEFA029069480391784481190868496880
:105AE00000900120C01B0191C61B25E0644A654B54
:105AF00028462146EFF7FAFA634A7A4493191A685E
:105B00005B68EFF73FFAEFF7FBFD0646EFF7E0FBC8
:105B100007465E4A5E4B0091EFF7E8FA2A462346B5
:105B2000EFF7DBFA039102905A4A5B4B3846009933
:105B3000EFF7DCFA019100900B46009A0399029866
:105B4000EFF7C5FA05460C4617E05448864213D2D3
:105B5000534A544B28462146EFF714FA524E00227E
:105B60003346EFF711FE07D200223346284621467E
:105B7000EFF708FA07B0F0BD00262A462346104684
:105B80001946EFF7B3FA0746024648480B46049118
:105B900005217844FBF7EEFF3A46049BEFF7A6FA9F
:105BA0002A462346EFF799FA06910121890707460D
:105BB000002E23D002460020069BEFF788FA0591BD
:105BC00004903A4628462146069BEFF78FFA059B3C
:105BD000049AEFF7F3FA019B009AEFF77EFA039B22
:105BE000029AEFF774FA00222F4BEFF776FA304A59
:105BF00096421EDB3205891807B0F0BD0B46002225
:105C00000699EFF764FA064600913A46284621467F
:105C1000069BEFF76BFA3246009BEFF7CFFA2A4666
:105C20002346EFF754FA00221F4BEFF756FA07B05E
:105C3000F0BD7D233205DB05D21889181D4AEFF728
:105C400049FD0D460446FBF721FE042801D1FCF76F
:105C50000DF82046294607B0F0BD0000422E8640D0
:105C60000000F07FEF39FAFE51302DD5104987C082
:105C7000422ED63FB2A2F03F122202000C220200B6
:105C8000FE822B654715F73FCA2102000000E0FEA7
:105C9000422EE63F763C7935EF39EA3D0000303E52
:105CA0009C7500883CE4377E0000F03F62210200D2
:105CB00003FCFFFF18FCFFFFF0B59FB005460C4644
:105CC000264621480088002802D120A0F6F742FF8E
:105CD00034220DA91AA800F093FF01460C90284623
:105CE00001F07AFA07463946304600F08CFF10A8DA
:105CF000837F408B189A199909930A920B91089007
:105D000010A8018BC08A149B139A059304920791E3
:105D1000069010A802796846808F109B1299019313
:105D2000029203910090104883796846028F818E19
:105D30000EA0F6F70FFF04480088401C02490880B7
:105D400000201FB0F0BD0000E00000200A65787060
:105D50006F72742073656E736F722064617461205A
:105D600073746172742C00005C87002025642C25FC
:105D7000642C25642C25642C25642C25642C256436
:105D80002C25642C25642C25642C25642C25642C5E
:105D900025642C25642C256C642C000010B54FA1C3
:105DA0004FA0F6F7D7FE50A0F6F7D4FE7D20C00036
:105DB00004F0BAFD49A14AA0F6F7CCFE55A0F6F7CB
:105DC000C9FE7D20C00004F0AFFDF9F731FB0028CB
:105DD00007D042A142A0F6F7BDFE59A0F6F7BAFEE1
:105DE00003E03EA13EA0F6F7B5FE60A0F6F7B2FED6
:105DF0007D20C00004F098FDF9F74AFE002807D086
:105E000036A137A0F6F7A6FE63A0F6F7A3FE03E0DF
:105E100032A133A0F6F79EFE6AA0F6F79BFE7D2026
:105E2000C00004F081FDFBF773FA002807D02BA116
:105E30002BA0F6F78FFE6EA0F6F78CFE03E027A1ED
:105E400027A0F6F787FE75A0F6F784FE7D20C00038
:105E500004F06AFDF6F71AFC002807D01FA120A065
:105E6000F6F778FE78A0F6F775FE03E01BA11CA0FC
:105E7000F6F770FE7FA0F6F76DFE7D20C00004F0FF
:105E800053FD16A116A0F6F765FE85A0F6F762FE93
:105E90007D20C00004F048FDF7F782FA002807D003
:105EA0000EA10FA0F6F756FE88A0F6F753FE03E00A
:105EB0000AA10BA0F6F74EFE8FA0F6F74BFE7D2051
:105EC000C00004F031FD05A105A0F6F743FE95A042
:105ED000F6F740FE01219E48017210BD41434B0080
:105EE0000A5B25735D000000666163746F72794D13
:105EF0006F646520416972204D6F6E69746F7269BD
:105F00006E672053656E736F7220537465703A31FB
:105F100000000000666163746F72794D6F646520E4
:105F2000416972204D6F6E69746F72696E6720539C
:105F3000656E736F7220537465703A320000000012
:105F4000666163746F72794D6F6465204169722078
:105F50004D6F6E69746F72696E672053656E736FF3
:105F60007220537465703A330000000066616374F8
:105F70006F72794D6F646520416972204D6F6E6953
:105F8000746F72696E672053656E736F72205374FD
:105F900065703A3400000000666163746F72794D79
:105FA0006F646520416972204D6F6E69746F72690C
:105FB0006E672053656E736F7220537465703A3547
:105FC00000000000666163746F72794D6F64652034
:105FD000416972204D6F6E69746F72696E672053EC
:105FE000656E736F7220537465703A36000000005E
:105FF000666163746F72794D6F64652041697220C8
:106000004D6F6E69746F72696E672053656E736F42
:106010007220537465703A37000000006661637443
:106020006F72794D6F646520416972204D6F6E69A2
:10603000746F72696E672053656E736F722053744C
:1060400065703A3800000000666163746F72794DC4
:106050006F646520416972204D6F6E69746F72695B
:106060006E672053656E736F7220537465703A3992
:1060700000000000666163746F72794D6F64652083
:10608000416972204D6F6E69746F72696E6720533B
:10609000656E736F7220537465703A313000000082
:1060A000666163746F72794D6F6465204169722017
:1060B0004D6F6E69746F72696E672053656E736F92
:1060C0007220537465703A31310000006661637468
:1060D0006F72794D6F646520416972204D6F6E69F2
:1060E000746F72696E672053656E736F722053749C
:1060F00065703A3132000000666163746F72794DE9
:106100006F646520416972204D6F6E69746F7269AA
:106110006E672053656E736F7220537465703A31E9
:1061200033000000666163746F72794D6F6465209F
:10613000416972204D6F6E69746F72696E6720538A
:10614000656E736F7220537465703A3134000000CD
:1061500014B4002070B5054613480078002806D115
:10616000124A13A114A0F6F7F5FC00BFFEE7002DBC
:1061700006D10E4A18A110A0F6F7ECFC00BFFEE70E
:1061800000240DE0A000164A115818222846EEF708
:10619000D8FD002803D1A0001149085870BD641C27
:1061A000002CEFD00020F9E7F20400200762030082
:1061B000696E69745F6F6B002825732920686173AD
:1061C00020617373657274206661696C6564206117
:1061D000742025732E0A00006E616D6500000000BA
:1061E000F46103003EB530480078002801D000205B
:1061F0003EBD002451E0A0002C490858806A0028C8
:1062000006D12B4A2BA132A0F6F7A4FC00BFFEE773
:10621000A00026490858C06A002806D1244A34A1A3
:106220002BA0F6F797FC00BFFEE7A0001F49085817
:10623000006B002806D11E4A34A125A0F6F78AFC7F
:1062400000BFFEE7A00019490858406A002804D0A2
:10625000A100164A5158486A80472F22144932A09B
:10626000F6F778FCA00011490858006AA1000F4A0F
:106270005158C969A2000D4B9A5892690092019138
:106280000290A00019460B58182211462B48F6F729
:1062900061FC2BA0F6F75EFC641C002CABD0012047
:1062A000014908700020A3E7F2040020F461030014
:1062B000F86103006465766963655F7461626C65AB
:1062C0005B695D2D3E6F70732E7265616400000026
:1062D00028257329206861732061737365727420A7
:1062E0006661696C65642061742025732E0A000064
:1062F0006465766963655F7461626C655B695D2D79
:106300003E6F70732E7772697465000064657669FC
:1063100063655F7461626C655B695D2D3E6F707370
:106320002E657261736500005B442F46414C5D2011
:106330002825733A256429200000000060840300AA
:106340000A00000010B5FFF74DFF0446002C00DAEC
:1063500003E000F07BF9044600BF002C11DD124879
:10636000007800280DD101200F4908700FA0F6F722
:10637000F1FB13A114A0F6F7EDFB20A0F6F7EAFB62
:1063800010E0002C0EDC00200749087030221D4967
:106390001DA0F6F7DFFB0AA122A0F6F7DBFB17A092
:1063A000F6F7D8FB204610BDF10400201B5B33320A
:1063B0003B32326D5B492F46414C5D2000000000AE
:1063C000302E352E39390000466C617368204162E9
:1063D000737472616374696F6E204C6179657220A9
:1063E000285625732920696E697469616C697A651C
:1063F00020737563636573732E0000001B5B306D43
:106400000A000000EB6103001B5B33313B32326D4D
:106410005B452F46414C5D202825733A2564292091
:1064200000000000466C6173682041627374726101
:106430006374696F6E204C617965722028562573EC
:106440002920696E697469616C697A652066616981
:106450006C65642E00000000F8B504460D46164633
:10646000002700200090002C06D1264A26A128A053
:10647000F6F770FB00BFFEE7A819A16B88420ED9A2
:10648000FF22F0321F492AA0F6F764FB2FA0F6F78F
:1064900061FB3CA0F6F75EFB0020C043F8BD204640
:1064A00000F0A4FE00900098002811D1FF22F732DE
:1064B00014491FA0F6F74EFB221D21461C3133481C
:1064C000F6F748FB2FA0F6F745FB0020C043E5E7B1
:1064D000616B481900990A6B314690470746002FB7
:1064E0000DDAFF22FE32074911A0F6F733FB2146F1
:1064F0001C3127A0F6F72EFB22A0F6F72BFB38461F
:10650000CCE70000156303007061727400000000A6
:106510002825732920686173206173736572742064
:106520006661696C65642061742025732E0A000021
:106530001B5B33313B32326D5B452F46414C5D2056
:106540002825733A256429200000000050617274E8
:106550006974696F6E206572617365206572726F10
:10656000722120506172746974696F6E2061646475
:1065700072657373206F7574206F6620626F756E1D
:10658000642E00001B5B306D0A000000A485030030
:10659000506172746974696F6E20657261736520F1
:1065A0006572726F722120466C6173682064657633
:1065B000696365282573292065726173652065729A
:1065C000726F72210000000070B505461148007816
:1065D000002806D1104A11A112A0F6F7BBFA00BF9D
:1065E000FEE700240FE0A001164A12688018011D82
:1065F0002846EEF78BFB002804D1A0011149096859
:10660000401870BD641C104800688442EBD3002021
:10661000F7E70000380500208C620300696E69749A
:106620005F6F6B0028257329206861732061737385
:10663000657274206661696C6564206174202573DD
:106640002E0A0000300500203C05002010B50F4840
:106650000078002802D00E48006810BD0D480E4991
:10666000086001200A490860084601680A48006875
:10667000FEF7B2FF002800D003E0012003490870B4
:1066800000BF00F095F902480068E6E738050020F1
:106690003C0500203062030030050020FEB50446B2
:1066A0000D4616461F46002001900090002C06D192
:1066B0002B4A2CA12DA0F6F74DFA00BFFEE7002EC5
:1066C00006D1274A31A129A0F6F744FA00BFFEE718
:1066D000E819A16B88420ED9FF22A03220492CA0D4
:1066E000F6F738FA31A0F6F735FA3EA0F6F732FAA7
:1066F0000020C043FEBD204600F078FD00900098C9
:10670000002811D1FF22A732154921A0F6F722FA5D
:10671000221D21461C313548F6F71CFA31A0F6F748
:1067200019FA0020C043E5E7616B481900993A4621
:106730008B6A314698470190019800280DDAFF22B4
:10674000AE32074912A0F6F705FA21461C3128A0FF
:10675000F6F700FA23A0F6F7FDF90198CAE7000062
:10676000EE62030070617274000000002825732936
:106770002068617320617373657274206661696C4F
:1067800065642061742025732E0A0000627566001E
:106790001B5B33313B32326D5B452F46414C5D20F4
:1067A0002825733A25642920000000005061727486
:1067B0006974696F6E2072656164206572726F72B0
:1067C0002120506172746974696F6E206164647213
:1067D000657373206F7574206F6620626F756E64C9
:1067E0002E0000001B5B306D0A000000588503007E
:1067F000506172746974696F6E207265616420659E
:1068000072726F722120466C6173682064657669CC
:106810006365282573292072656164206572726F33
:1068200072210000FEB504460D4616461F460020A4
:1068300001900090002C06D12B4A2CA12DA0F6F738
:1068400089F900BFFEE7002E06D1274A31A129A011
:10685000F6F780F900BFFEE7E819A16B88420ED970
:10686000FF22C93220492CA0F6F774F931A0F6F7BF
:1068700071F93EA0F6F76EF90020C043FEBD204638
:1068800000F0B4FC00900098002811D1FF22D03213
:10689000154921A0F6F75EF9221D21461C31354825
:1068A000F6F758F931A0F6F755F90020C043E5E7AF
:1068B000616B481900993A46CB6A31469847019076
:1068C000019800280DDAFF22D732074912A0F6F707
:1068D00041F921461C3128A0F6F73CF923A0F6F730
:1068E00039F90198CAE7000001630300706172740E
:1068F00000000000282573292068617320617373EC
:10690000657274206661696C65642061742025730A
:106910002E0A0000627566001B5B33313B32326D1C
:106920005B452F46414C5D202825733A256429207C
:1069300000000000506172746974696F6E20777294
:10694000697465206572726F72212050617274697A
:1069500074696F6E2061646472657373206F7574FF
:10696000206F6620626F756E642E00001B5B306DB9
:106970000A0000000C850300506172746974696F2D
:106980006E207772697465206572726F722120467D
:106990006C617368206465766963652825732920B6
:1069A0007772697465206572726F72210000000051
:1069B000F0B587B03EA006903FA70698EEF79FF986
:1069C00005903846EEF79BF906463E4800680028D9
:1069D0001FD0002519E0A8013B4909684418201D73
:1069E000EEF78DF90599884203D9201DEEF787F956
:1069F000059020461C30EEF782F9B04204D92046BB
:106A00001C30EEF77CF906466D1C2E480068854266
:106A1000E1D32EA0F6F79EF831A0F6F79BF840A040
:106A2000F6F798F829A0F6F795F81820029700963F
:106A3000019002463CA0069B0599F6F78BF838A01A
:106A4000F6F788F821A0F6F785F843A0F6F782F864
:106A500033A0F6F77FF800251AE0A8011A49096863
:106A600044181AA0F6F776F822461C321823616BF8
:106A7000A06B00960193029203910490231D1822AB
:106A800045A00599F6F766F825A0F6F763F86D1CA2
:106A90000C4800688542E0D30CA0F6F75BF848A0EC
:106AA000F6F758F81EA0F6F755F807B0F0BD00004D
:106AB0006E616D6500000000666C6173685F6465FF
:106AC000760000003C050020300500201B5B3332BF
:106AD0003B32326D5B492F46414C5D200000000087
:106AE0003D3D3D3D3D3D3D3D3D3D3D3D3D3D3D3DD6
:106AF0003D3D3D3D2046414C207061727469746992
:106B00006F6E207461626C65203D3D3D3D3D3D3DB5
:106B10003D3D3D3D3D3D3D3D3D3D3D3D3D0000005C
:106B20001B5B306D0A0000007C20252D2A2E2A7365
:106B3000207C20252D2A2E2A73207C2020206F6681
:106B4000667365742020207C202020206C656E6791
:106B5000746820207C0000002D2D2D2D2D2D2D2D35
:106B60002D2D2D2D2D2D2D2D2D2D2D2D2D2D2D2D55
:106B70002D2D2D2D2D2D2D2D2D2D2D2D2D2D2D2D45
:106B80002D2D2D2D2D2D2D2D2D2D2D2D2D2D2D2D35
:106B90002D2D2D2D2D0000007C20252D2A2E2A7331
:106BA000207C20252D2A2E2A73207C203078253029
:106BB000386C78207C20307825303878207C0000B4
:106BC0003D3D3D3D3D3D3D3D3D3D3D3D3D3D3D3DF5
:106BD0003D3D3D3D3D3D3D3D3D3D3D3D3D3D3D3DE5
:106BE0003D3D3D3D3D3D3D3D3D3D3D3D3D3D3D3DD5
:106BF0003D3D3D3D3D3D3D3D3D3D3D3D3D0000007C
:106C000001604260704770B506460C4665682069B1
:106C1000A84200D225692B4630462268E168FBF77E
:106C200059F8002800D00025284670BD70B50446EC
:106C30000E461546002C12D144A0F5F78BFF47A055
:106C40002168F5F787FF474A47A154A0F5F782FF6F
:106C5000554A56A156A0F5F77DFF00BFFEE7330069
:106C6000FAF705FE0C0721242628434772724C5779
:106C70005872207D002813D034A0F5F76BFF37A0A1
:106C80002168F5F767FF374A521D37A143A0F5F792
:106C900061FF454A4EA146A0F5F75CFF00BFFEE745
:106CA0002868E06050E0E06828604DE0A5614BE0B6
:106CB000E56149E0207D012813D024A0F5F74AFFC3
:106CC00026A02168F5F746FF264A133226A133A0F5
:106CD000F5F740FF344A45A135A0F5F73BFF00BF6B
:106CE000FEE72978742001552EE07420005D28709D
:106CF0002AE0616E206E6960286025E013A0F5F738
:106D000029FF16A02168F5F725FF3F48F5F722FF78
:106D10001AE019E0207D002813D00CA0F5F71AFF27
:106D20000EA02168F5F716FFB52292000EA11BA058
:106D3000F5F710FF1C4A26A11DA0F5F70BFF00BFB9
:106D4000FEE72878A07500BF00BF70BD5B466C6190
:106D5000736844425D5B74736C5D00005B25735D1A
:106D600020000000A60200002E2E5C436F6D7065AF
:106D70006E74735C4D6F64756C65735C466C6173A7
:106D80006844422D312E312E325C7372635C66642E
:106D9000625F747364622E63000000002825733AFA
:106DA0002564292000000000A75D03006462000044
:106DB00028257329206861732061737365727420BC
:106DC0006661696C65642061742025732E0A000079
:106DD00064622D3E706172656E742E696E69745FB7
:106DE0006F6B203D3D2066616C73650064622D3ED3
:106DF000706172656E742E696E69745F6F6B203D91
:106E00003D2074727565000014840300FFB5A1B0C5
:106E100004461D46002600200E900F901090119001
:106E20000E94002D13D15EA0F5F794FE60A02168AA
:106E3000F5F790FEBB2292005FA16CA0F5F78AFEE9
:106E40006D4A6EA170A0F5F785FE00BFFEE72B9896
:106E5000012300902046239A2299FAF785FF0646DF
:106E6000002E00D095E0A5662A98E06601217420E6
:106E70000155881E20670146E162E1682A98814237
:106E800012D847A0F5F766FE49A02168F5F762FE23
:106E9000654A49A155A0F5F75DFE574A63A15AA07E
:106EA000F5F758FE00BFFEE7002013900120664969
:106EB00000220EAB00920191029012A9204606F02A
:106EC000D5FB08A8007F002808D0A07D002801D0AD
:106ED00002265EE0204608F091FD1AE01099002994
:106EE00001D0119809E07421095D002901D0E06A00
:106EF00003E0E2682169881AE062E1680918226902
:106F0000914202D30021216702E0E168091821675C
:106F100000BF23A0F5F71EFE25A02168F5F71AFE95
:106F2000414A213224A131A0F5F714FE4748E36A13
:106F3000226F2168F5F70EFE0123224628322046F3
:106F4000E16A05F081FE2920005D022804D1616C10
:106F5000206C616620661BE02920005D012817D1A6
:106F6000216FE06A814213D0E76A002F03D1E16804
:106F70002069471A01E0E0683F1A00236A46394653
:106F8000204605F061FE079906986166206600BFFD
:106F900000BF31462046FBF729F8304625B0F0BD4A
:106FA0005B466C61736844425D5B74736C5D0000AA
:106FB0005B25735D200000002E2E5C436F6D7065B5
:106FC0006E74735C4D6F64756C65735C466C617355
:106FD0006844422D312E312E325C7372635C6664DC
:106FE000625F747364622E63000000002825733AA8
:106FF0002564292000000000B85D03006765745F08
:1070000074696D650000000028257329206861738C
:1070100020617373657274206661696C65642061B8
:10702000742025732E0A0000FA0200006D61785F5B
:107030006C656E203C2064625F7365635F73697A80
:107040006528646229000000DD5601001C830300EE
:1070500070B504460D460026207D00280CD112A0F4
:10706000F5F778FD14A02168F5F774FD14A02168E8
:10707000F5F770FD082070BD00BFA069002802D0A0
:107080002046A169884700BF2946204608F000FC39
:10709000064600BFE069002802D02046E169884723
:1070A00000BF3046E7E700005B466C61736844420E
:1070B0005D5B74736C5D00005B25735D20000000F8
:1070C0004572726F723A2054534C20282573292040
:1070D00069736E277420696E697469616C697A6579
:1070E000204F4B2E0A000000F7B596B004460D461F
:1070F0000027207D00280AD127A0F5F72BFD2AA024
:107100002168F5F727FD2AA02168F5F723FD002D5A
:1071100001D119B0F0BD266F00BFE068C719002388
:1071200008AA3146204605F08FFD002800D028E04F
:1071300008A84078022803D008A8407803281FD167
:1071400008A84078022805D138222146283108A80D
:10715000EDF78EFD09983830059000BF694620464E
:1071600006F014F868461899A847002800D0D0E720
:10717000694608A802F020FA0590401C0028EDD1CD
:1071800000BF3A4608A9204602F000FA0646401C15
:107190000028C2D100BFBCE75B466C617368444203
:1071A0005D5B74736C5D00005B25735D2000000007
:1071B0004572726F723A2054534C2028257329204F
:1071C00069736E277420696E697469616C697A6588
:1071D000204F4B2E0A00000002469369CB60506995
:1071E000886013690B6108467047000010B50446BB
:1071F00011480068844206D2104A11A116A0F5F782
:10720000A9FC00BFFEE71C480068401E80010A4937
:1072100009684018A04206D2084A18A10EA0F5F746
:1072200099FC00BFFEE704480068201A8011800026
:107230001F49085810BD0000300500209F62030060
:1072400070617274203E3D20706172746974696F60
:107250006E5F7461626C6500282573292068617314
:1072600020617373657274206661696C6564206166
:10727000742025732E0A00003C0500207061727492
:10728000203C3D2026706172746974696F6E5F7472
:1072900061626C655B706172746974696F6E5F7452
:1072A00061626C655F6C656E202D20315D000000B1
:1072B00034050020F8B504460D4617462E463046E4
:1072C000616800F003F80020F8BD000070B590B0D0
:1072D00004460E4600253046E168EDF717FC00290C
:1072E00012D01FA0F5F736FC21A02168F5F732FC7B
:1072F000E72221A12DA0F5F72DFC2F4A2FA136A0C2
:10730000F5F728FC00BFFEE731462046E268FAF7B1
:10731000CDFC0546002D21D100BF012000900423A3
:1073200002AA314601902046FAF7E8FE0546002DF4
:1073300002D0284610B070BD00BF2F48039000BF98
:107340000120042303AA311D00902046FAF7DAFC3D
:107350000546002D01D02846ECE700BF2846E9E7A6
:107360005B466C61736844425D5B74736C5D0000E6
:107370005B25735D200000002E2E5C436F6D7065F1
:107380006E74735C4D6F64756C65735C466C617391
:107390006844422D312E312E325C7372635C666418
:1073A000625F747364622E63000000002825733AE4
:1073B00025642920000000008E5D03006164647272
:1073C00020252064625F7365635F73697A65286452
:1073D0006229203D3D2030002825732920686173F3
:1073E00020617373657274206661696C65642061E5
:1073F000742025732E0A000054534C3038B50446CF
:107400006846047069460320ABBE204638BD0000C4
:1074100003B595B0FBA11598EDF75DFC002831D0C0
:10742000169818282ED8169816282BD3FBA1159835
:10743000EDF751FC14901498401CEDF7B5FC80B2A8
:1074400013902D2149011398884213DC13980A28C0
:1074500010DBF3491398C882F2A1F3A0F5F77AFB89
:10746000EF48C08A01461290F1A0F5F773FBF4F7DC
:107470005FF803E0F6A1ECA0F5F76CFBF6A0F5F7DA
:1074800069FBFCE3FEA11598EDF725FC002831D03F
:10749000169818282ED8169815282BD3DFA11598E2
:1074A000EDF719FC14901498401CEDF77DFC80B2A8
:1074B00013902D2149011398884213DC1398012859
:1074C00010DBD74913980883D6A1D7A0F5F742FB64
:1074D000D348008B01461290EFA0F5F73BFBF4F781
:1074E00027F803E0DAA1D0A0F5F734FBF2A0F5F716
:1074F00031FBC6E7FAA11598EDF7EDFB002831D076
:10750000169816282ED8169813282BD3C3A1159891
:10751000EDF7E1FB14901498401CEDF745FC80B2A8
:1075200013902D2149011398884213DC13980A28DF
:1075300010DBBB491398C882EEA1BBA0F5F70AFB8C
:10754000B748C08A01461290EBA0F5F703FBF3F7AA
:10755000EFFF03E0E7A1B4A0F5F7FCFAEEA0F5F722
:10756000F9FA8EE7F4A11598EDF7B5FB00287BD06A
:10757000F4A11598EDF7AFFB0028F8D0F4A1159809
:10758000EDF7A9FB0028F2D07821F448EDF798FB3D
:10759000F3A11598EDF79FFB139000201290119026
:1075A00012ABEE4AF2A11398FEF77BF91298082865
:1075B0007ED1D0A19CA0F5F7CDFAEEA0F5F7CAFADE
:1075C000E648006895A11090EDF785FB149014989B
:1075D000401CEDF794FB002817D01498401CEDF7E1
:1075E0008EFB032811D81498401CEDF7DDFBE6490B
:1075F0004870C0A18CA0F5F7ADFAE3484078014689
:107600001090E2A0F5F7A6FA03E0BAA186A0F5F77C
:10761000A1FAE5A0F5F79EFAD04840687FA1109046
:10762000EDF759FB14901498401CEDF768FB062801
:107630001FD1E4A000681090149B5B1CE2A2032100
:1076400010A8FAF7A3F810A8EDF7AEFB7D21C9004A
:107650004843CD49C864A7A173A0F5F77BFACA488F
:10766000C06C01460F9000E08EE3D8A0F5F772FAE7
:1076700003E0A0A16CA0F5F76DFACBA0F5F76AFACC
:10768000B648806865A11090EDF725FB149014981A
:10769000401CEDF734FB07281AD1D3A11498401CE5
:1076A000EDF719FB002804D00020B749887003E0EB
:1076B00061E30220B44988708EA15BA0F5F74AFA15
:1076C000B148807801461090C8A0F5F743FA03E06E
:1076D00088A155A0F5F73EFACBA0F5F73BFA9F48F5
:1076E000C0684EA11090EDF7F6FA401C1490149863
:1076F000EDF705FB08283DD1002011900DE0A248D0
:107700000B30119940181090149840180F90109950
:10771000FEF7F5F81198401C119011980828EEDB3F
:1077200040A141A0F5F716FA9748807C9649497C1C
:10773000954A127C944BDB7B019302920391049057
:107740009148807B00909048407B10908E48007B51
:107750000F908D48C07C0E900146B2A0109B0F9AEE
:10776000F5F7F8F963A130A0F5F7F4F9B9A0F5F74A
:10777000F1F903E05FA12CA0F5F7ECF9BBA0F5F758
:10778000E9F97648006925A11090EDF7A4FA401CAC
:1077900014901498EDF7B3FA102831D1002011900D
:1077A0000DE0794813301199401810901498401842
:1077B0000F901099FEF7A3F81198401C11901198A2
:1077C0001028EEDB17A118A0F5F7C4F96E481330A6
:1077D000C17B827B407B6C4BDB7F09930B920C91CE
:1077E0000A906948807F68494A7F097F664BDB7E43
:1077F00005930792069108906348827E417E45E199
:1078000065E10000536574205265706F7274204901
:107810006E74657276616C3A000000003A000000F8
:10782000E88600204C4F47000A5B25735D0000008E
:10783000526563762055617274205265706F727460
:1078400020496E74657276616C203A2025646D0063
:107850004552524F520000005265637620556172C6
:1078600074205265706F727420496E74657276610F
:107870006C20506172616D204552524F52000000E1
:107880005365742053656E736F7220496E74657210
:1078900076616C3A00000000526563762055617293
:1078A000742053656E736F7220496E7465727661D1
:1078B0006C203A2025646D00526563762055617214
:1078C000742053656E736F7220496E7465727661B1
:1078D0006C20506172616D204552524F5200000081
:1078E0007365744461746153796E63506572696F36
:1078F000643A000041434B00736574446174615302
:10790000796E63506572696F643A2025646D200D4D
:107910000A204F4B0000000073657444617461538A
:10792000796E63506572696F6420506172616D2079
:107930004552524F520000004C6F526157414E5019
:107940006F7274004C6F526157414E467265710000
:107950004C6F526157414E4A6F696E005CB3002014
:107960004C6F526157414E506F72743A00000000E4
:107970002C0000007365744C6F526157414E50618A
:1079800072616D204F4B0000D4B300207365744CBE
:107990006F526157414E506F72743A202564200D2A
:1079A0000A204F4B000000007365744C6F52615702
:1079B000414E506F727420506172616D2045525279
:1079C0004F52000038363800257300007365744C40
:1079D0006F526157414E467265713A202564200D01
:1079E0000A204F4B00000000410000007365744CFA
:1079F0006F526157414E4A6F696E3A202564200DDF
:107A00000A204F4B000000007365744C6F526157A1
:107A1000414E4A6F696E20506172616D204552522D
:107A20004F5200004170704555493A202530327858
:107A300020253032782025303278202530327820C9
:107A400025303278202530327820253032782025B4
:107A5000303278007365744C6F526157414E41501B
:107A600050455549200D0A204F4B00007365744C5A
:107A70006F526157414E41707045554920506172B7
:107A8000616D204552524F5200000000007EFE4BB7
:107A9000DB7D019302AB07C3FB48807D0090FA4871
:107AA000407D1090F848007D0F90F748C07C0E9004
:107AB0000146F648109B0F9AF5F74CF8F449084632
:107AC000CC38F5F747F8F3A0F5F744F804E0F049AF
:107AD0000846CC38F5F73EF8F4A0F5F73BF8FB483C
:107AE0004069FBA11090EDF7F6F8401C1490149833
:107AF000EDF705F9042837D1002011900DE0E24898
:107B00002330119940181090149840180F90109934
:107B1000FDF7F5FE1198401C119011980428EEDB3A
:107B2000DB49D039081DF5F715F8D7482330C07860
:107B30000090D548233080781090D3482330407887
:107B40000F90D1482030C0780E900146E1A0109BE4
:107B50000F9AF4F7FFFFCE490846CC38F4F7FAFF46
:107B6000E4A0F4F7F7FF04E0C9490846CC38F4F77D
:107B7000F1FFE6A0F4F7EEFFD4488069D4A110909D
:107B8000EDF7A9F8401C14901498EDF7B8F81028F8
:107B900063D1002011900DE0BB48273011994018A7
:107BA0001090149840180F901099FDF7A8FE1198A6
:107BB000401C119011981028EEDBB549D039081DF2
:107BC000F4F7C8FFB0482730C17B827B407BAE4BC7
:107BD00027331B7B09930B920C910A90AA482730FC
:107BE000C07AA9492731897AA74A2732527AA64B07
:107BF00027331B7A0593069207910890A2482730F5
:107C0000C079A149273189799F4A273252799E4B01
:107C100027331B7901930292039104909A482730ED
:107C2000C078009098482730807810909648273088
:107C300040780F9094482030C0790E900146BB48A0
:107C4000109B0F9AF4F786FF91490846CC38F4F759
:107C500081FFB7A0F4F77EFF04E08D490846CC38D9
:107C6000F4F778FFB8A0F4F775FF9848C06998A1B9
:107C70001090EDF730F8401C1490149800E0DCE30D
:107C8000EDF73DF8102863D1002011900DE07E48FB
:107C90003730119940181090149840180F9010998F
:107CA000FDF72DFE1198401C119011981028EEDB65
:107CB0007749D039081DF4F74DFF73483730C27B40
:107CC000807B71493731497B6F4B37331B7B09937D
:107CD0000C920A910B906C483730C07A6A49373160
:107CE000897A694A3732527A674B37331B7A059360
:107CF00006920791089064483730C079624937315D
:107D00008A794979604B37331B7901930392029149
:107D100004905D483730C07800905B4837308078F9
:107D200010905948373040780F9057482030C07D28
:107D30000E9001468C48109B0F9AF4F70BFF5449A4
:107D40000846CC38F4F706FF88A0F4F703FF04E0F8
:107D50004F490846CC38F4F7FDFE8AA0F4F7FAFE46
:107D6000F3F710FBF3F7B4FAF3F794FB012146485D
:107D70004030017204E046490846CC38F4F7EAFE88
:107D800088A0F4F7E7FE58E38BA11598ECF7A3FF62
:107D9000002811D08D4800780028F4D13C490846CD
:107DA000CC38F4F7D7FE8AA0F4F7D4FE0120874937
:107DB0000870FDF7F3FFE6E78DA11598ECF78BFF50
:107DC00000285ED0FF21F5318D48ECF779FF2E4871
:107DD0008078002856D18BA18948F9F7F3FC8848B0
:107DE000ECF78DFF8649401813908948027889A1E5
:107DF0001398F9F7E7FC8248ECF781FF80494018B7
:107E00001390894880798007C00F024687A112909D
:107E10001398F9F7D7FC7A48ECF771FF78494018C6
:107E200013908148C08A024684A112901398F9F7F2
:107E3000C9FC7348ECF763FF7149401884A286A11E
:107E40001390F9F7BFFC6E48ECF759FF6C494018E6
:107E500013900D48817A427A007A0B4BDB790293BA
:107E60000492059103900848807907494979009167
:107E700001900548007912900348C078119002469D
:107E8000F2E042E36FE10000D4B30020887E0300FB
:107E9000F47801007365744C6F526157414E415044
:107EA000504B4559200D0A204F4B00007365744C10
:107EB0006F526157414E4150504B455920506172AD
:107EC000616D204552524F52000000005CB300200B
:107ED0003A000000444556414444523A202530328D
:107EE00078202530327820253032782025303278BD
:107EF000000000007365744C6F526157414E444559
:107F00005641444452200D0A204F4B007365744C77
:107F10006F526157414E444556414444522050618E
:107F200072616D204552524F520000003C7F0300A9
:107F30007365744C6F526157414E415050534B45DD
:107F400059200D0A204F4B007365744C6F526157D6
:107F5000414E415050534B455920506172616D2044
:107F60004552524F52000000E07E03007365744C8E
:107F70006F526157414E4E574B534B4559200D0A96
:107F8000204F4B007365744C6F526157414E4E57F2
:107F90004B534B455920506172616D204552524FF1
:107FA000520000004C6F526157414E2050415241E7
:107FB0004D204552524F5200737461727446616392
:107FC000746F7279546573740000000032000020F1
:107FD0004169722053656E736F722073746172749D
:107FE000466163746F727954657374204F4B00005F
:107FF000676574446576696365537461747565007B
:10800000F484002064657669636553746174650067
:10801000140000202C626174746572795374617469
:1080200075733A2564000000E88600202C706F7795
:1080300065725374617475733A2564002C646174BD
:108040006153796E63506572696F643A256400000C
:10805000436C6173732041002C4C6F526157414E49
:108060004A6F696E3A257300F4A1129B1398F9F7D1
:10807000A9FBFD48ECF743FEFB4940181390FB4871
:10808000807CFA494A7C097CF84BDB7B02930492A2
:1080900003910590F548807BF449497B009101905C
:1080A000F248007B1290F148C07A11900246F0A18C
:1080B000129B1398F9F786FBEB48ECF720FEEA4990
:1080C00040181390E9481330C07BE8491331897B8D
:1080D000E64A1332527BE54BDB7F0A930B920C91FD
:1080E0000D90E248827F407FE049097FDF4BDB7ED5
:1080F0000693099207910890DC48827E417E007EBB
:10810000DA4BDB7D029303AB07C3D848807DD749A8
:10811000497D00910190D548007D1290D348C07CE4
:1081200011900246DD49129B1398F9F74BFBCE489C
:10813000ECF7E5FDCC494018D9A11390F9F742FBC3
:10814000C948ECF7DCFDC8494018D8A11390F9F7ED
:1081500039FBC548ECF7D3FDC3494018D6A11390AD
:10816000F9F730FB61E1D749BF48F9F72BFBBE486F
:10817000ECF7C5FDBC4940181390D3480278D149AB
:1081800010311398F9F71EFBB748ECF7B8FDB64964
:1081900040181390CD4880798007C00F0246C94926
:1081A000283112901398F9F70DFBAF48ECF7A7FDB3
:1081B000AD4940181390C548C08A0246C1493831BC
:1081C00012901398F9F7FEFAA748ECF798FDA64924
:1081D0004018BFA2BB4954311390F9F7F3FAA248F3
:1081E000ECF78DFDA04940181390A048817A427A9F
:1081F000007A9E4BDB7902930492059103909B4891
:1082000080799A49497900910190984800791290B3
:108210009648C0781190024688A1129B1398F9F7EE
:10822000D1FA9148ECF76BFD8F49401813908F48B5
:10823000807C8E494A7C097C8C4BDB7B02930492C8
:10824000039105908948807B8849497B0091019082
:108250008648007B12908548C07A1190024684A11E
:10826000129B1398F9F7AEFA7F48ECF748FD7E4968
:10827000401813907D481330C07B7C4913318A7BB2
:10828000497B7A4BDB7F0A930C920B910D907748D8
:10829000817F427F007F754BDB7E069308920991B8
:1082A00007907248807E7149497E704A127E6F4BFA
:1082B000DB7D02930392049105906C48807D6B49AD
:1082C000497D009101906948007D12906748C07C0B
:1082D000119002467149129B1398F9F773FA62489C
:1082E000ECF70DFD60494018139060482330C078CA
:1082F0005E4923318978009101905C4823304078B1
:1083000012905A482030C0781190024672A1129BF8
:108310001398F9F757FA5448ECF7F1FC5249401812
:10832000139052482730C27B807B50492731497BCC
:108330004E4B27331B7B0A930D920B910C904B48AD
:108340002730C27A807A49492731497A474B273307
:108350001B7A069309920791089044482730C17907
:108360008079424A27325279404B27331B79029356
:108370000392059104903D482730C0783B4927314E
:108380008978009101903948273040781290374819
:108390002030C079119002465649129B1398F9F784
:1083A00011FA3148ECF7ABFC2F49401813902F48D5
:1083B0003730C17B827B407B2C4B37331B7B0A934E
:1083C0000C920D910B9029483730C17A827A407A0D
:1083D000264B37331B7A069308920991079023485E
:1083E0003730C079214937318979204A373252797B
:1083F0001E4B37331B7902930392049105901B485F
:108400003730C07819493731897800910190174881
:1084100037304078129015482030C07D11900246C8
:108420003549129B1398F9F7CDF934490846CC38F1
:10843000F4F790FB0C4932A064E0DAE12C44455695
:108440004555493A25303278253032782530327812
:108450002530327825303278253032782530327820
:108460002530327800000000F4840020D4B30020CE
:108470002C4150504555493A2530327825303278D4
:1084800025303278253032782530327825303278F0
:10849000253032782530327800000000987F0300C4
:1084A0002C444556414444523A0000002C4150505F
:1084B000534B45593A0000002C4E574B534B4559EE
:1084C0003A0000000480010014000020E88600202B
:1084D000436C6173732043002C444556414444521D
:1084E0003A253032782530327825303278253032CE
:1084F0007800000030800300E47F0300F47801007E
:1085000025730000F4F726FB73E1BBA11598ECF787
:10851000E2FB00282FD0BBA11598ECF7DCFB1490F0
:108520001498401CECF740FC80B21390139802287A
:1085300018DCB54913988872B4490846CC38F4F76A
:1085400009FBB3A01399F4F705FBAF48807AFF2825
:108550000DD000222021B748FCF7CAFA6420AA49AE
:10856000C86104E0A9490846CC38F4F7F3FAB2A090
:10857000F4F7F0FA3DE1B8A11598ECF7ACFB002850
:108580002FD0A0A11598ECF7A6FB14901498401CCE
:10859000ECF70AFC80B213901398012818DC9A4972
:1085A0001398487399490846CC38F4F7D3FAAEA02B
:1085B0001399F4F7CFFA9448807AFF280DD000225F
:1085C00020219C48FCF794FA64208F49C86104E09C
:1085D0008E490846CC38F4F7BDFAACA0F4F7BAFAE5
:1085E00007E1B2A11598ECF776FB002803D0B44858
:1085F00002F09AFAFDE0B3A11598ECF76CFB0028A5
:108600006BD080A11598ECF766FB401C1390139873
:10861000ECF7CAFB1290129800285DD0E121C90145
:1086200012984018129012A8ECF79AFA119011982B
:108630004069A9494018A949486111980069086131
:108640001198C068C86011988168A4488160119829
:108650004068A24948601198006808600846C068F0
:10866000109008460069401C0F90084640690E9023
:10867000109A0F9907F05CFD9849886100F036FF69
:10868000F6F7DEFD6149D039081DF4F763FA934827
:1086900001684068914A92680092029101908F4867
:1086A000C06810908D480069401C0F908B4840694D
:1086B0000E9001468AA0109B0F9AF4F74BFA52488D
:1086C000807AFF2807D0002220215A48FCF710FAB0
:1086D00064204D49C86100BF8BE08FA11598ECF76D
:1086E000FAFA00280CD015984079012808D1F2F741
:1086F00047FFF0F77BFB642002F016F9F9F71CFA4C
:1087000086A11598ECF7E7FA002801D0F9F714FADA
:1087100084A11598ECF7DFFA00282DD039A115981F
:10872000ECF7D9FA14901498401CECF73DFB80B29A
:108730001390FF2191311398884213DB7D210901A9
:10874000139888420EDC01202F49C8731398488281
:108750002E49D039081DF4F7FDF976A01399F4F7E6
:10876000F9F904E07A492948CC38F4F7F3F971A013
:108770001399F4F7EFF93CE076A11598ECF7ABFA12
:1087800000282ED01FA11598ECF7A5FA1490149884
:10879000401CECF709FB40B213906321C9431398C6
:1087A000884211DB139864280EDC1749139808746B
:1087B000F2F7D2FE1549D039081DF4F7CBF969A0BC
:1087C0001399F4F7C7F90BE0FE207049487060492F
:1087D0000E48CC38F4F7BEF96DA01399F4F7BAF946
:1087E00007E078A10948CC38F4F7B4F977A0F4F79A
:1087F000B1F917B000BD000073657453686F774D11
:108800006F6465003A000000E8860020F4780100FB
:108810005365742044657669636520455044205350
:10882000686F77204D6F64653A202564200D0A201B
:108830004F4B0000D4730020536574204465766963
:108840006365204550442053686F77204D6F646501
:10885000204552524F52000073657454656D705339
:10886000686F774D6F646500536574204465766961
:1088700063652054656D702053686F772057617968
:108880003A202564200D0A204F4B000053657420C8
:108890004465766963652054656D702053686F7711
:1088A00020576179204552524F5200006765744449
:1088B00065766963654E6F72466C6173680000008F
:1088C00040B4002073796E634465766963655469CA
:1088D0006D657374616D70006C070000E4870020A3
:1088E0005265637620556172742053796E6320540B
:1088F000696D6520434D442C20253034642D25308E
:1089000032642D253032642D25643A25643A25647D
:108910000D0A204F4B000000686B74007265626F97
:108920006F740000736574434F32466F7263656401
:108930003A00000052656376205561727420434FFF
:108940003220466F726365643A202564000000009F
:10895000247F010073657454656D704F666673659E
:108960007400000055706461746520446576696325
:10897000652054656D7065726174757265204F660F
:10898000667365743A202564000000001884002096
:108990004465766963652053796E632054656D7014
:1089A00065726174757265204F6666736574204FD9
:1089B000766572205468726573686F6C643A20251E
:1089C000640000005741524E00000000556172746F
:1089D000204661696C656420546F20506172736534
:1089E0002044617461210000F3B585B0064630462D
:1089F000FCF7E2FD002808D1F6A1F8A0F4F7AAF8E8
:108A0000F8A0F4F7A7F807B0F0BDF078C007C00FE2
:108A100000287DD0F9480490DC21ECF751F9FF20C3
:108A2000049905F0CDF8F6490870097804984018C3
:108A300004907D21C900F348ECF742F90322F24982
:108A4000F048ECF715F90020EE49C870EF480078BF
:108A50000871EE480078401CEC490870E84802783C
:108A6000E649E848401DECF703F9E5480078401D69
:108A7000E749088500F0F8FC012802D1002005F044
:108A8000C5F900F025FD002802D1012005F0D2F93A
:108A900000BF00F0C7FC0028FBD01420FBF774F8DF
:108AA000DB48018DD748F5F7B9F8D948028DD5498B
:108AB000D8A0EFF74BF91420FBF766F800F0C0FCE4
:108AC000002807D0D5A1C5A0F4F744F8D5A0F4F745
:108AD00041F804E000F0D6FC002857D000BFCFA139
:108AE000BEA0F4F737F8D5A0F4F734F8DD4801F06C
:108AF000ABFD0746C2480078401C874212DB0122CA
:108B0000BF49D84801F0B0FEBD480278BB4900E03B
:108B100051E0D44801F0A8FED3480078401CD24967
:108B2000087006E0ABA1ADA0F4F714F8CFA0F4F7FD
:108B300011F8B6480078401EB4490870D048C07992
:108B4000401CCF49C8710846C07905281DDB0020AC
:108B5000C871CC48007840084000CA49087002211A
:108B6000C8484030C17100210172C7480068E12146
:108B7000C9004018C5490860C5A198A0F3F7EAFFED
:108B8000C2480168C3A0F3F7E5FF3CE70020BC49F9
:108B9000C871BFA191A0F3F7DDFFC6A0F3F7DAFF1C
:108BA00064209B49C885B648808A052802DA0520DA
:108BB000B349888200BF0698401FC5B2B4A187A000
:108BC000F3F7C8FF2946C1A0F3F7C4FF741DF2E212
:108BD00020780490AEA181A0F3F7BCFFC5A0049952
:108BE000F3F7B8FF04982D2872D00CDC2A2870D037
:108BF00004DC052871D029286DD143E22B286BD0E5
:108C00002C28F9D19AE280281BD004DC58287DD08A
:108C10005B28F1D1ADE0852802D08628ECD107E2AF
:108C20006778012F01D1F2F733FBA81EC5B2A41C4F
:108C30007AA16AA0F3F78EFF3946B5A0F3F78AFF51
:108C4000B4E260787D2109014018BA494861A078F2
:108C50000861E078C8602079886060794860A07910
:108C600008600B46DA681B69591CB24B586907F05B
:108C70005FFAB049886100F039FCF6F7E1FAE81FC5
:108C8000C5B2E41D80480068AB49086080A153A0CC
:108C9000F3F760FFA74801684068A64A926800920F
:108CA00002910190A348C3680069421CA148416930
:108CB000A2A0F3F74FFF7248807AFF2807D0002068
:108CC0006F49887300222021A948FBF711FF6DE24C
:108CD0004FE2F7E101E067E211E260780002A1787B
:108CE00008430746E81EC5B2E41C012F13DB2D2004
:108CF000400187420FDC62480783F2F719FC64A148
:108D000036A0F3F727FF5E48018B00E00CE099A046
:108D1000F3F720FF07E02FA130A0F3F71BFF394640
:108D20009FA0F3F717FF41E260780002A1780843A3
:108D30000746FF209130874209DB7D2000018742F2
:108D400005DC4F48478201204D49C8730DE0DC2106
:108D50002A48EBF7B5FF582028490870FE204870D4
:108D600002202749087004F0B9FCE81EC5B2E41CD3
:108D70001CE2607847B2DC212048EBF7A1FF5B20C2
:108D80001E4908704F7002201D4908706320C043BF
:108D900087420EDB642F0CDC39490F74F2F7DCFBE1
:108DA0003BA10EA0F3F7D6FE39468AA0F3F7D2FE18
:108DB0000AE0FE201149487006A108A0F3F7CAFE98
:108DC00039468EA0F3F7C6FE04F088FCA81EC5B293
:108DD000A41CEBE14552524F520000000A5B257380
:108DE0005D000000446174612053796E6320486522
:108DF0006164204552524F52210000001884002027
:108E00003100002010880020CE070200330000202F
:108E1000D08B002053656E64000000005741524E15
:108E20000000000057616974204275737920494F32
:108E30002054696D656F7574000000004C6F5261BD
:108E40002053656E6444617461204661696C2C2016
:108E50005772697465204461746520546F204361C2
:108E600063686500FC830020300000204C7772624C
:108E700020416C72656164792046756C6C0000005D
:108E8000E8860020D4B3002058000020CC00002049
:108E90004C4F4700557064617465205265636F6E76
:108EA0006E6563742054696D657374616D703A20EA
:108EB000256C64004C6F52612053656E644461748C
:108EC00061205375636365737300000052656376B8
:108ED000204C6F526157414E20434D442C20546F1B
:108EE00074616C2044617461204C656E203A2025C9
:108EF000642C0000416E616C797369732044617465
:108F0000612054797065203A2025303278000000C5
:108F10005265637620446576696365205265737493
:108F200020466163746F727920434D44203A2025B6
:108F300064000000E487002034000020526563765E
:108F4000205365727665722053796E632054696D83
:108F50006520434D442C253034642D253032642D5A
:108F6000253032642D25643A25643A2564000000DA
:108F7000D47300205570646174652044657669631C
:108F8000652053656E736F72205265706F72742026
:108F9000496E74657276616C3A2025646D696E0065
:108FA0004465766963652053656E736F7220526500
:108FB000706F727420496E74657276616C204F76A2
:108FC0006572205468726573686F6C643A2025641A
:108FD0000000000055706461746520446576696323
:108FE000652054656D7065726174757265204F6699
:108FF000667365743A202564000000004465766954
:1090000063652053796E632054656D706572617479
:10901000757265204F6666736574204F76657220A1
:109020005468726573686F6C643A202564000000B0
:1090300060780002A17808430746E81EC5B2E41C28
:109040000A2F03DB2D204001874201DD002F0ED1C6
:109050005C48C782F2F76CFA5B490846B438F3F70C
:1090600079FD5848C18A59A0F3F774FD09E05649C3
:10907000BC3908460830F3F76DFD39465CA0F3F7BC
:1090800069FD93E0607802280FDC60784D49087232
:10909000642008624C490846B438F3F75BFD494840
:1090A000017A5DA0F3F756FD08E047490846B43859
:1090B000F3F750FD617860A0F3F74CFDA81EC5B230
:1090C000A41C73E03F488079082188436178C90077
:1090D0000822114008433B498871A81EC5B2A41C50
:1090E0006420086238490846B438F3F733FD354840
:1090F00080790007C10F5AA0F3F72CFD56E0607885
:1091000030494873A81EC5B2A41C6420C8612E490A
:109110000846B438F3F71EFD2A48417B58A0F3F700
:1091200019FD2848807AFF2807D000202549887338
:10913000002220215B48FBF7DBFC37E06078214907
:109140008872A81EC5B2A41C6420C8611E490846C6
:10915000B438F3F7FFFC1B48817A53A0F3F7FAFC0D
:10916000002018498873002220214E48FBF7C0FCDC
:109170001CE060781349C872A81EC5B2A41C642004
:10918000C86111490846B438F3F7E4FC0D48C17AC8
:109190004DA0F3F7DFFC00200A498873002220214C
:1091A0004048FBF7A5FC01E0002500BF00BFC82D2B
:1091B00000DD03E000BF002D00D009E500BF00BFC7
:1091C00021E40000E8860020908E01005570646163
:1091D0007465204465766963652053796E63204920
:1091E0006E74657276616C3A2025646D696E00005C
:1091F0004465766963652053796E6320496E7465B2
:109200007276616C204F766572205468726573685F
:109210006F6C643A20256400557064617465204465
:109220006576696365204C65642053686F77204DCF
:109230006F64653A2025640055706461746520444C
:109240006576696365204C65642053686F77204DAF
:109250006F6465204661696C3A2025640000000057
:109260005570646174652044657669636520426564
:10927000657020456E61626C653A202564000000CF
:109280005570646174652044657669636520457036
:10929000642053686F772054656D70205761793A68
:1092A00020256400D47300205570646174652044E7
:1092B0006576696365204570642053686F77204D3B
:1092C0006F64653A202564005570646174652044BC
:1092D000657669636520457064204F7665727475A4
:1092E000726E204D6F64653A2025640010B53448D5
:1092F000408B00281ED13248008B00281AD03048FD
:10930000018B3048FFF770FB2D48028B2D492EA0B2
:10931000EEF71CFD30A131A0F3F71CFC294931A068
:10932000F3F718FC7D21C9002648EBF7C9FC0020A3
:10933000234908833248408B002810D13048008BE5
:1093400000280CD02E48018B2E48F4F7B9FF7D2160
:10935000C9002C48EBF7B4FC0021294801832A48B6
:10936000408B002816D12848008B002812D02648B0
:10937000018B2648F3F7D2F82348028B234924A017
:10938000EEF7E4FC7D21C9002048EBF799FC0021B1
:109390001D4801832148408B002810D11F48008BB5
:1093A00000280CD01D48018B1D48FEF731F87D21A7
:1093B000C9001B48EBF784FC00201849088310BD46
:1093C000D08F0020008C002052656376204C6F52B5
:1093D0006157414E000000004C4F47000A5B257367
:1093E0005D000000526563762055617274204C6FF9
:1093F000526157414E20446174613A202573000048
:10940000889F0020B89B002064A7002094A3002020
:1094100052656376204843484F000000AC97002017
:10942000DC93002010B520210448F2F72BFF002820
:1094300001D0012010BD0020FCE70000800C00409E
:1094400070B500250BE07D20C000F4F7D5FBFFF7D9
:10945000E9FF0446002C01D0002070BD6D1C0F2DCB
:10946000F1DB0120F9E7000010B510210448F2F704
:1094700013FF002801D0012010BD0020FCE70000F0
:10948000800C004070B57D20C000F4F7B5FB0025CE
:109490000BE000F00FF80446002C01D0002070BD56
:1094A0007D20C000F4F7A8FB6D1C062DF1DB012028
:1094B000F5E7000010B508210448F2F7E3FE0028A4
:1094C00001D0012010BD0020FCE70000800C00400E
:1094D00010B504210448F2F7DFFE002801D0012076
:1094E00010BD0020FCE70000800C004000B58FB0EC
:1094F0002C2104A8EBF7E4FB1D4840691D49401AE4
:1095000009901B48006908901948C06807901848DE
:1095100080680690164840680590154800680490D9
:10952000134880690A900020C0430C9004A8EBF710
:1095300059FBE121C901401A0F4908600FA110A091
:10954000F3F708FB0C480368094801684268806823
:1095500003930192029100900548C3680069421C80
:10956000034841690848F3F7F5FA0FB000BD000061
:10957000E48700206C070000580000204C4F470093
:109580000A5B25735D0000000881030010B50346E7
:10959000D86880181C69A0420BD84868DC6800199C
:1095A0001C69A04203D24868DC68001910BD002085
:1095B000FCE70020C043F9E710B502460023DB4377
:1095C0005078012801D1801E10BD48691830146AF6
:1095D000A04203D848690346183302E00020C04384
:1095E000F2E71846F0E700000548006805498842A0
:1095F00002D9002002490860014800687047000055
:1096000048000020005C26050148006800217047E2
:1096100058000020F8B504460026002C09D18248E5
:1096200082A384A2FC2100908AA004F085FF00BFE1
:10963000FEE7204605F0AEF90646002E01D0304682
:10964000F8BD606A00280AD177488FA379A2FF216C
:109650000A3100907FA004F06FFF00BFFEE7206991
:10966000002808D0A08A002805D0A069002802D0D0
:10967000207F002875D1204603F064FA0646002EAC
:1096800001D03046DCE7204605F056F800282DD002
:109690000020A060216D21614820005B012802D1DB
:1096A0000221A18201E00121A182616DA161582006
:1096B000015D2177012516E0E9002046543040582D
:1096C00000280FD0EA00204654308058A16981421A
:1096D00008D9E900204654304158A161E900081832
:1096E000017921776D1C042DE6D33AE0002535E0A1
:1096F00018206843684940180179207B81422CD1A9
:1097000018206843644940184179607B814224D124
:1097100018206843604940188179A07B81421CD1A0
:10972000182068435C490858A06018206843401816
:109730008168216118206843574940188189A182B6
:1097400018206843544940180169A16118206843F2
:1097500051494018017D217702E06D1C152DC7D3BA
:1097600000BF2069002808D0A08A002805D0A06981
:10977000002802D0207F002804D148A004F002FF76
:1097800001205DE7002700250BE0E8005149401863
:109790000179207B814203D1E8004E490F5802E055
:1097A0006D1C102DF1D300BF002F09D0A068002838
:1097B00006D0394648A02369A26804F0E3FE0BE016
:1097C000002F05D039464FA0226904F0DBFE03E0EC
:1097D00057A0216904F0D6FE00BF204603F000FD2B
:1097E0000646002E01D030462AE7A08A0421084010
:1097F000002809D000220121204605F011F9064673
:10980000002E01D030461BE701210906206988425D
:1098100005D90121204604F021FB064602E0002183
:109820003520015530460BE7A4650300666C617373
:109830006800000028257329206861732061737314
:10984000657274206661696C65642061742025739B
:109850002E0000002E2E5C436F6D70656E74735C7D
:109860004D6F64756C65735C466C61736844422D22
:10987000312E312E325C736675645C7372635C7377
:109880006675642E63000000666C6173682D3E731C
:1098900070692E7772000000AC6303005761726E2E
:1098A000696E673A205468697320666C617368203A
:1098B000646576696365206973206E6F7420666FD6
:1098C000756E64206F72206E6F7420737570706F88
:1098D00072742E002C63030046696E64206120259B
:1098E0007320257320666C61736820636869702E2D
:1098F0002053697A6520697320256C64206279742D
:1099000065732E0046696E64206120257320666CA5
:1099100061736820636869702E2053697A652069D5
:109920007320256C642062797465732E000000003A
:1099300046696E64206120666C61736820636869A3
:10994000702E2053697A6520697320256C6420622B
:10995000797465732E00000038B50620009001254B
:109960002A466946762004F020F9C4B2002C01D0C2
:10997000204638BD7D20C00004F0BAF80020F8E78A
:109980007CB506460025312229466D1C68464254A6
:109990002A466946762000F0BFF80446002C01D024
:1099A00020467CBD094804F0A3F8032269467620CE
:1099B00000F072F80446002C01D02046F1E70322A3
:1099C00069463046EBF754F90020EAE7102700001B
:1099D0007CB506460025482229466D1C684642543F
:1099E0002A466946762000F097F80446002C01D0FC
:1099F00020467CBD144804F07BF81920FAF7C4F81F
:109A00000025302229466D1C684642542A46694684
:109A1000762000F081F80446002C01D02046E8E7CB
:109A2000094804F065F803226946762000F034F80E
:109A30000446002C01D02046DBE70322694630466D
:109A4000EBF716F90020D4E7102700007CB5054697
:109A500000268D223146761C6846425432466946BD
:109A6000762000F059F80446002C01D020467CBD39
:109A7000084804F03DF801226946762000F00CF811
:109A80000446002C01D02046F1E768460078287093
:109A90000020ECE710270000F7B506460F4600212E
:109AA0001C48F2F7C3FE0546002D01D00120FEBD83
:109AB00000211848F2F78DFF7000401CC1B2154814
:109AC000F2F712FF0546002D05D002211148F2F7EA
:109AD000ADFE0220EBE7002409E000210D48F3F77A
:109AE00022F839190B48F2F777FE601CC4B20298CD
:109AF0008442F2DB01210748F3F715F802210548FB
:109B0000F2F794FE0546002D01D00520CFE7002096
:109B1000CDE7000000240140F7B506460F460021BE
:109B20001C48F2F783FE0446002C01D00120FEBD44
:109B300000211848F2F74DFF7006010E1548F2F7A4
:109B4000D3FE0446002C05D002211248F2F76EFE27
:109B50000220ECE700250EE0795D0E48F2F7C4FE26
:109B60000446002C05D002210A48F2F75FFE0320CC
:109B7000DDE7681CC5B202988542EDDB022105488D
:109B8000F2F754FE0446002C01D00420CFE7002059
:109B9000CDE7000000240140FFB581B007461E4616
:109BA00000213448F2F742FE0446002C02D0012086
:109BB00005B0F0BD00212F48F2F70BFF7806010E2B
:109BC0002C48F2F791FE0446002C05D002212948CA
:109BD000F2F72CFE0220EBE726480299F2F784FE0A
:109BE0000446002C05D002212248F2F71FFE022075
:109BF000DEE7002E33DD01211E48F2F717FE044692
:109C0000002C01D00320D3E77800401CC1B21948D2
:109C1000F2F76AFE0446002C01D00420C8E70025B4
:109C20001BE0701EA84204DD00211248F2F77BFF02
:109C300003E001210F48F2F776FF039841190D4820
:109C4000F2F7CAFD0446002C05D002210948F2F7BC
:109C5000EDFD0520ACE7681CC5B2B542E1DB022191
:109C60000448F2F7E3FD0446002C01D006209FE7EC
:109C700000209DE700240140FFB581B006460A9F01
:109C800000213848F2F7D2FD0546002D02D0012010
:109C900005B0F0BD00213348F2F79BFE7006010EBF
:109CA0003048F2F721FE0546002D05D002212D484F
:109CB000F2F7BCFD0220EBE700240FE00298015D03
:109CC0002848F2F711FE0546002D05D0022125484F
:109CD000F2F7ACFD0320DBE7601CC4B203988442BA
:109CE000ECDB002F33DD01211E48F2F79FFD054616
:109CF000002D01D00120CBE77000401CC1B21948F3
:109D0000F2F7F2FD0546002D01D00420C0E7002443
:109D10001BE0781EA04204DD00211248F2F703FF89
:109D200003E001210F48F2F7FEFE049801190D48E7
:109D3000F2F752FD0546002D05D002210948F2F741
:109D400075FD0520A4E7601CC4B2BC42E1DB022122
:109D50000448F2F76BFD0546002D01D0062097E779
:109D6000002095E700240140FFB581B006460A9F18
:109D700000213A48F2F75AFD0546002D02D0012095
:109D800005B0F0BD00213548F2F723FE7006010E44
:109D90003248F2F7A9FD0546002D05D002212F48D3
:109DA000F2F744FD0220EBE700240FE00298015D8A
:109DB0002A48F2F799FD0546002D05D002212748D3
:109DC000F2F734FD0320DBE7601CC4B20398844241
:109DD000ECDB002F36DD0B9800F0A6FD01211F48BB
:109DE000F2F724FD0546002D01D00120C8E77000E0
:109DF000401CC1B21948F2F777FD0546002D01D08D
:109E00000420BDE700241BE0781EA04204DD0021F1
:109E10001248F2F788FE03E001211048F2F783FEB2
:109E2000049801190D48F2F7D7FC0546002D05D01E
:109E300002210A48F2F7FAFC0520A1E7601CC4B22F
:109E4000BC42E1DB02210548F2F7F0FC0546002D9B
:109E500001D0062094E7002092E700000024014092
:109E600009480A49086008460068002801D1401ED8
:109E70007047064800688069054908620348006821
:109E80000069C8610020F3E740050020F4040020C9
:109E9000F8040020F0B585B005460E463F4800881E
:109EA0003F49884203D03F480088884204D10020BF
:109EB0003D49086005B0F0BD3C48875DA8003C49BD
:109EC00008580490354A1288364B1B88D118354AF9
:109ED000128864235A431046EAF72EFE04462D2CBE
:109EE0001CD22E490988334A51432E4A1288324BDC
:109EF0005A4388183946EAF71FFE0090EBF7D6F967
:109F000001900499EAF7F3FF2C490290EAF7EFFF7A
:109F10000390EBF718FA244908603CE0402C1CD26F
:109F20001E490988264A51431E4A1288254B5A4326
:109F3000881A3946EAF700FE0090EBF7B7F901906E
:109F40000499EAF7D4FF1D490290EAF7D0FF039085
:109F5000EBF7F9F9144908601DE0552C1BD20F49A5
:109F60000988194A51430F4A1288184B5A438818D6
:109F70003946EAF7E1FD0090EBF798F90190049972
:109F8000EAF7B5FF0D490290EAF7B1FF0390EBF74E
:109F9000DAF90549086000BF8CE70000DE00002008
:109FA000FFFF0000DC000020D80000205008020065
:109FB000580802004F450000332B000000401C46AB
:109FC00021A700005C4C000026170000A10400003F
:109FD000F0B5C54A00248FB091420ADA4B005B0805
:109FE000934206D801254A006D05EA4205D10028B2
:109FF00003D0F7F71FFE0FB0F0BD01252D05A942D4
:10A0000019DA034308D0002910DA0120F7F748FED7
:10A01000F7F719FE0FB0F0BD0220F7F741FEF7F792
:10A02000FFFD0122D20751400FB0F0BD3524E443BB
:10A030003622EBF74FFB0A15AC4B1219D4180A0362
:10A04000120BAB49AB4B56182E40314659401143C9
:10A050000192321512190B920022EBF738F8019A8F
:10A060000446921C1003A44E000B0D467E440328A8
:10A0700060D2204673683268EBF7ACF91CD10B98BC
:10A08000002815D0EBF724F904460E469B4A9C4B5A
:10A09000EBF72CF80D4607469A4A9B4B2046314673
:10A0A000EBF724F83A462B46EAF76CFF0FB0F0BD09
:10A0B000716830680FB0F0BD944A954B2046294630
:10A0C000EBF714F80022934BEBF707F806460F4620
:10A0D00022462B4610461946EBF708F832463B4617
:10A0E000EBF704F806460B980F4600281DD0EBF757
:10A0F000EFF8824A824B05910490EAF7F7FF324667
:10A100003B46EAF7EAFF22462B46EAF7E0FF044621
:10A110000D467C4A7C4B05990498EAF7E7FF2246F6
:10A120002B46EAF7D4FF0FB0F0BD0B46324620466F
:10A130002946C4E0012300229B072046EAF722FFBC
:10A1400002460B4620462946EBF738F806460F46EE
:10A150000B98EBF7BDF832463B460591049010464C
:10A160001946EAF7C3FF09910C906B490198099BC6
:10A17000421800920C9A19461046EAF7B7FF0246B9
:10A1800007910A90654901980B1A654801930321CC
:10A190007844079BF7F7EEFC079B0A9AEAF7A6FFBD
:10A1A0000E905F480D9104217844079B0A9AF7F7B7
:10A1B000E1FC099B0C9AEAF799FF019B009A1A436C
:10A1C00000920D9B0E9AEAF7DDFE009A01910C9029
:10A1D000002A4DDD0022D24320462946EBF77AFAC9
:10A1E00022462B46EAF782FF00910A900B9800283E
:10A1F0002BD0424A424B05990498EAF777FF079122
:10A200000E90019B0C9A00990A98EAF7BBFE324621
:10A210003B46EAF76BFF079B0E9AEAF7B3FE009BFB
:10A220000A9AEAF75AFF22462B46EAF750FF0446FD
:10A230000D46344A344B05990498EAF757FF2246F5
:10A240002B46EAF744FF0FB0F0BD019B0C9A0A9829
:10A25000EAF798FE32463B46EAF748FF009B0A9A27
:10A26000EAF73BFF22462B46EAF737FF0FB0F0BD77
:10A270000B98002827D0214A214B05990498EAF72A
:10A2800035FF0791009020462946019B0C9AEAF77A
:10A290001EFF32463B46EAF729FF079B009AEAF782
:10A2A00016FF22462B46EAF712FF04460D46154AD2
:10A2B000154B05990498EAF719FF22462B46EAF751
:10A2C00006FF0FB0F0BD0B46204629460C9AEAF770
:10A2D000FEFE32463B46EAF709FF22462B46EAF7E6
:10A2E000FCFE0FB0F0BD00000000F07F01FCFFFF9E
:10A2F000645F09000000F03F88DD0100763C79359D
:10A30000EF39EA3D0000E0FE422EE63F5555555537
:10A310005555D53F0000E03F86EBF9FF51B80600E8
:10A320008CDB0100F8B504463048002581420ADA8A
:10A330004A005208824206D8012348005B05D842F1
:10A3400005D1002C03D02046F7F774FCF8BD01239B
:10A350001B05994219DA224307D000290EDA0120A1
:10A36000F7F79EFCF7F76FFCF8BD0220F7F798FCB3
:10A37000F7F756FC0122D2075140F8BD3525ED43D1
:10A3800036222046EBF7A6F9044608154019184A6C
:10A390000D038018C20F17492D0B891A09050D43AB
:10A3A0008018EAF795FF06460F4620462946FFF734
:10A3B0000FFE114A114BEAF799FE04460D46104A6A
:10A3C000104B30463946EAF791FE22462B46EAF713
:10A3D000D9FD0D4604460C4A0C4B30463946EAF787
:10A3E00085FE22462B46EAF7CDFDF8BD0000F07F42
:10A3F00001FCFFFFFF0300000EE526157BCBDB3FD2
:10A40000362BF111F3FE593D00609F501344D33FAA
:10A41000FEB504460D46002739467F1C6846455464
:10A4200001236A4629462920FFF7B6FB0646002E7F
:10A4300001D03046FEBD6846007820700020F9E764
:10A440007CB5044600268C223146761C6846425470
:10A4500001236A468C212920FFF79EFB0546002D2B
:10A4600001D028467CBD6846007820700020F9E7BE
:10A470007CB50446002685223146761C6846425447
:10A4800001236A4685212920FFF786FB0546002D1A
:10A4900001D028467CBD6846007820700020F9E78E
:10A4A0007CB50446002686223146761C6846425416
:10A4B00001236A4686212920FFF76EFB0546002D01
:10A4C00001D028467CBD6846007820700020F9E75E
:10A4D00038B500250A4A2946684603F0B3FA05460E
:10A4E0002A4669462920FFF717FB0446002C01D0B5
:10A4F000204638BD7D20C00003F0FAFA0020F8E7BE
:10A500000180000010B52020F5F718FB002404E0BE
:10A510001B49085DF5F756FB641C382CF8D3212045
:10A52000F5F70CFB002404E01649085DF5F74AFB3B
:10A53000641C2A2CF8D32220F5F700FB002404E049
:10A540001149085DF5F73EFB641C382CF8D3232035
:10A55000F5F7F4FA002404E00C49085DF5F732FB46
:10A56000641C2A2CF8D32420F5F7E8FA002404E030
:10A570000749085DF5F726FB641C2A2CF8D310BDAB
:10A5800078030020B0030020DA030020120400202A
:10A590003C04002010B52020F5F7D0FA002404E098
:10A5A0001B49085DF5F70EFB641C382CF8D32120FD
:10A5B000F5F7C4FA002404E01649085DF5F702FB3C
:10A5C000641C2A2CF8D32220F5F7B8FA002404E002
:10A5D0001149085DF5F7F6FA641C382CF8D32320EE
:10A5E000F5F7ACFA002404E00C49085DF5F7EAFA47
:10A5F000641C2A2CF8D32420F5F7A0FA002404E0E8
:10A600000749085DF5F7DEFA641C2A2CF8D310BD63
:10A610008A020020C2020020EC0200202403002055
:10A620004E03002010B5012212030449044800F033
:10A630006BF80449024800F003F910BDFC730020D8
:10A64000FC8300205DAA01001CB5014600290DD045
:10A65000144B0868984209D1DB438869984205D1B8
:10A660004868002802D08868002801D100201CBD5D
:10A6700008690190C8680090009B0198984201D138
:10A680008A680CE0019B0098984203D9019B0098CE
:10A69000C21A04E08868009C019B1B1BC21A501E52
:10A6A000E5E70000EFBEADDE1CB5014600290DD088
:10A6B000144B0868984209D1DB438869984205D158
:10A6C0004868002802D08868002801D100201CBDFD
:10A6D00008690190C8680090009B0198984201D1D8
:10A6E00000220CE0009B0198984203D9009B01983E
:10A6F000C21A04E08868019C009B1B1BC21A10460A
:10A70000E5E70000EFBEADDE70B504460D46164627
:10A71000002C03D0002D01D0002E01D1002070BDEF
:10A720001C212046EAF7CCFAA6606560024820604A
:10A73000C043A0610120F2E7EFBEADDEFEB50446E6
:10A740000F4615460097002C11D02B4920688842EF
:10A750000DD1C943A069884209D16068002806D09C
:10A76000A068002803D0002F01D0002D01D10020C7
:10A77000FEBD2046FFF798FF02900298A84201D242
:10A78000029800E028460546002D00D1F0E7E06879
:10A790000190A0680199401AA84203D2A0680199CB
:10A7A000401A00E0284606466068019A8118324641
:10A7B0000098EAF75DFA019880190190AD1B002D11
:10A7C00006D06168009A90192A46EAF751FA019575
:10A7D000A0680199884201D8002001900198E060AA
:10A7E00000BF6069002804D0721900212046636907
:10A7F000984700BF7019BBE7EFBEADDE10B5044649
:10A80000002C1AD00D492068884216D1C943A0698E
:10A81000884212D1606800280FD0A06800280CD0B0
:10A8200000202061E06000BF6069002804D00022A1
:10A83000022120466369984700BF10BDEFBEADDE20
:10A8400000280ED0074B02689A420AD1DB43826986
:10A850009A4206D14268002A03D08268002A00D0BA
:10A8600041617047EFBEADDEFEB504460F461546AA
:10A870000097002C11D02B49206888420DD1C94384
:10A88000A069884209D16068002806D0A068002825
:10A8900003D0002F01D0002D01D10020FEBD2046A5
:10A8A000FFF7D2FE02900298A84201D2029800E07F
:10A8B00028460546002D00D1F0E720690190A068E8
:10A8C0000199401AA84203D2A0680199401A00E0F9
:10A8D000284606466168019A881832460099EAF7C8
:10A8E000C7F9019880190190AD1B002D06D0009A80
:10A8F00091192A466068EAF7BBF90195A0680199A9
:10A90000884201D8002001900198206100BF606951
:10A91000002804D07219012120466369984700BFBE
:10A920007019BBE7EFBEADDE01460022034B1A6093
:10A9300000BF024A12688A42FBD3704754000020CD
:10A9400010B5012080030D498860F2F7A5F9E121D7
:10A9500049020B48F6F7FEFB10217D20C000ECF702
:10A960001BFBF2F71DFCECF765F90648F1F7B4FEA6
:10A97000F5F7F6FEF8F79CFB002010BD00ED00E0B7
:10A980000020014000240140F7B582B0054616467C
:10A99000002D0AD1164817A318A21F2149010090C3
:10A9A0001EA003F0C9FD00BFFEE7002E09D110482C
:10A9B00027A312A22849009018A003F0BDFD00BFF4
:10A9C000FEE73520405D002801D0042000E0032090
:10A9D0000746002407E0601C381AC1000398C840ED
:10A9E0003055601CC4B2BC42F5DB05B0F0BD0000C0
:10A9F00060660300666C6173680000002825732997
:10AA00002068617320617373657274206661696C7C
:10AA100065642061742025732E0000002E2E5C4397
:10AA20006F6D70656E74735C4D6F64756C65735C8F
:10AA3000466C61736844422D312E312E325C736650
:10AA400075645C7372635C736675642E63000000EA
:10AA50006172726179000000E103000070B5064682
:10AA60000C461546002C0BD0012C12D0022C19D10B
:10AA70000EA110A0F2F76EF810A0F2F76BF812E03A
:10AA80000AA10CA0F2F766F8294613A0F2F762F8C3
:10AA900009E006A107A0F2F75DF8294618A0F2F731
:10AAA00059F800E000BF00BF70BD00004C57524293
:10AAB000000000000A5B25735D0000005B455654F2
:10AAC0005D204275666665722072657365742065E7
:10AAD00076656E74210000005B4556545D2042751A
:10AAE000666665722072656164206576656E743A8B
:10AAF00020256420627974652873292100000000F4
:10AB00005B4556545D2042756666657220777269B2
:10AB10007465206576656E743A20256420627974C8
:10AB2000652873292100000010B50446002007495C
:10AB30000880224606492046FCF7D6FA0020034941
:10AB4000088004A0F2F706F810BD0000E000002025
:10AB5000B95C01006578706F72742073656E736FF5
:10AB600072206461746120656E640A0030B593B030
:10AB70000446342101A8EAF7A3F83422074901A8C2
:10AB8000EAF776F8342201A90EA8FCF739F8054651
:10AB900029462046FCF75CFA13B030BD5C870020E4
:10ABA000FFB585B0064614461D4600200490304689
:10ABB00020300390002E09D1554856A357A25F4973
:10ABC00000905FA003F0B8FC00BFFEE7012D0ED09F
:10ABD000FF20013085420AD04D4866A34FA299213B
:10ABE0008900009056A003F0A7FC00BFFEE73420C8
:10ABF000805D00280AD1464868A348A24F49091D34
:10AC000000904FA003F098FC00BFFEE706980119E2
:10AC10003069814205D965A003F0B4FC052009B074
:10AC2000F0BD03988068002802D0039881688847A7
:10AC30005EE00121304603F0B9F904900498002841
:10AC400000D058E00220634908704A1C304606993B
:10AC5000FFF79AFE3520805D002801D0052000E036
:10AC60000420029029460698E9F750FF00290FD0EA
:10AC700029460698E9F74AFF681AA04206D22946F3
:10AC80000698E9F743FF681A019006E0019404E092
:10AC9000AC4201D9019500E001940198241A019970
:10ACA0000698401806904B4A02995018019A0E993E
:10ACB000E9F7DEFF002000900199029842180398FE
:10ACC000002344494768B84704900498002803D0FB
:10ACD00041A003F057FC0EE0304605F0ABF90490BC
:10ACE0000498002800D006E001990E9840180E90B4
:10ACF000002C9ED100BF0021304603F057F9039885
:10AD0000C068002802D00398C1688847049886E785
:10AD1000E5650300666C61736800000028257329EF
:10AD20002068617320617373657274206661696C59
:10AD300065642061742025732E000000620200000B
:10AD40002E2E5C436F6D70656E74735C4D6F647511
:10AD50006C65735C466C61736844422D312E312EF4
:10AD6000325C736675645C7372635C736675642EC3
:10AD70006300000077726974655F6772616E203DE1
:10AD80003D2031207C7C2077726974655F67726139
:10AD90006E203D3D2032353600000000666C617348
:10ADA000682D3E696E69745F6F6B00004572726F4B
:10ADB000723A20466C6173682061646472657373D3
:10ADC000206973206F7574206F6620626F756E64E2
:10ADD0002E00000030F000204572726F723A20465B
:10ADE0006C617368207772697465205350492063E1
:10ADF0006F6D6D756E6963617465206572726F72D7
:10AE00002E000000002102E000BF4A1CD1B28142A6
:10AE1000FADB7047F0B51FB496B084460C46024684
:10AE2000199D18980390490068006300490840087C
:10AE30000193002A01D0012600E000269E19FE4B56
:10AE4000F6185B109E422BD36E00039F0296002FD4
:10AE500000D00127F719F84EF84BBE199E421FD3B8
:10AE6000039E0346F64F334309D03B469C4201D133
:10AE7000002A04D0019B002A05D0012604E000200E
:10AE800039461BB0F0BD00269E19EE4B9E4207D8F6
:10AE9000039F029E002F00D00127F6199E4207D97A
:10AEA0002B4660462146189AF6F7C9FE1BB0F0BD46
:10AEB0000023002C29DAE44EB04226DAE34EB042F9
:10AEC00001DB022321E0DE4EB0421EDBE04E070D27
:10AED000BE19142E09DD3427BF1B039EFE400196C8
:10AEE000BE40039FBE420BD00FE0039F002F0CD14A
:10AEF0001427BF1B0646FE400196BE40864204D181
:10AF0000019BDE07F60F02239B1B0E46164318D14A
:10AF1000002D16DA002C03D0022B01D0012B06D015
:10AF20000220F6F7BDFEF6F77BFE1BB0F0BD022057
:10AF3000F6F7B6FEF6F774FE0122D20751401BB0B9
:10AF4000F0BD039E002E61D1BF4EB04220D1C1485A
:10AF5000844201D1002A08D0B948814209DB002D82
:10AF600010DB189829461BB0F0BD0020B4491BB077
:10AF7000F0BD002D06DA01222946D207189851406B
:10AF80001BB0F0BDB4497944086849681BB0F0BDF6
:10AF9000AB4FB84225D1002D1FDA002904D0B142B1
:10AFA00012D1002A09D018E0002A72D1A649E20F76
:10AFB0000020D20711431BB0F0BD0020E20F014674
:10AFC000D20711431BB0F0BDB14206DA2346002080
:10AFD0003946EAF7F3F81BB0F0BD104621461BB026
:10AFE000F0BDB14212DA0126B607B54203D12346BD
:10AFF00010461946FEE3994EB54207D1261E05DBE1
:10B000001046314603F0DAFE1BB0F0BD67007F0842
:10B010001646002A40D100290AD08B4A914229D1F4
:10B02000002C0EDD002D1CDB002011461BB0F0BDF6
:10B03000022B16D0002C14D0012B12D1002C14DBC3
:10B040000FE0002C28DA002D09DB012B03D00020B3
:10B050007D491BB0F0BD002081491BB0F0BD012B24
:10B0600003D0002001461BB0F0BD00200121C9071C
:10B070001BB0F0BD724A91420ED1002C01DA002BB8
:10B0800017D0022B06D00020C043EAF721F91BB0ED
:10B09000F0BD90E20120F8E7E217521C94461A43F3
:10B0A00007D000220892664C62465B1E1A4307D006
:10B0B00009E00120F6F7F4FDF6F7C5FD1BB0F0BD81
:10B0C0000022644C0892674A90427DDD664B674AD5
:10B0D00098421FDD914202DC002D05DB4DE058480F
:10B0E000814217DB002D48DD0220F6F7D9FDF6F787
:10B0F000B3FD05460E460022534B21460898E9F75A
:10B10000F5FF084671004908C00FC00701432846F3
:10B110001BB0F0BD914215DA002D2EDA0220F6F7B1
:10B12000BFFDF6F799FD05460E460022464B214627
:10B130000898E9F7DBFF72005208C80FC007024306
:10B14000114617E03E4B994223DD002D15DD02200C
:10B15000F6F7A6FDF6F780FD05460E4600223A4BAF
:10B1600021460898E9F7C2FF084671004908C00F58
:10B17000C007014328461BB0F0BD0220F6F790FD42
:10B18000F6F774FD49004908E20FD20711431BB0DE
:10B19000F0BD002230463946E9F799FF0122054605
:10B1A0000E46D243EAF796FA314A324BE9F795FF59
:10B1B0002A463346E9F79AFF0022284BE9F78DFF2C
:10B1C00007462A46334600E064E0039110461946DC
:10B1D000E9F78CFF3A46039BE9F788FF074603220D
:10B1E00009915207244B28463146E9F77FFF079122
:10B1F0000C90224A204B38460999E9F777FF074619
:10B2000001911F4A1F4B28463146E9F76FFF3A4626
:10B21000019BE9F75CFF07460B4602460991079937
:10B220000C98E9F7AFFE00250E462846079B0C9ABE
:10B23000E9F74DFF3A4627E0FFFF1F00FFFF0F0031
:10B240000000F03F0000E0FF0000F07F00004043FE
:10B2500001FCFFFF0000F0BF6ECE01000000E03FE8
:10B260000000F0FF0000E0410000F043FFFFEF3F6F
:10B27000555555555555D53F4715F73FFE822B651A
:10B2800044DF5DF80BAE543E099BE9F726FF02460A
:10B290000B4652E1012500202D05A94207DA35228F
:10B2A00030463946EAF716FA06463420C0430A15F6
:10B2B0001218FE48101803900803FD49000B0143C3
:10B2C0000F46FC49884201DC002003E0FA4988422D
:10B2D00002DA0120119005E0002011900398401C33
:10B2E0007F1B039011980597C200F4480F92784491
:10B2F000801843680268394630460D930292E9F798
:10B30000E6FE07910C9030460D9B029A0599E9F7ED
:10B3100039FE02460B460020E549E9F74FFF099147
:10B320000490079B0C9AE9F7E1FE12900020109020
:10B33000E3480D46784400680E90012178104907D3
:10B34000084311990D9B890440180121C90447182D
:10B350003946029A0E98E9F7BAFE3246059BE9F79C
:10B36000BCFE02460B4629461098E9F7BFFE06468A
:10B3700002913B4629460E9A1098E9F7B7FE079BC3
:10B380000C9AE9F7AAFE3246029BE9F7A0FE099B58
:10B39000049AE9F7ABFE0591129A0A902B461046E3
:10B3A0001946E9F7A3FE06460246C6480F460B4675
:10B3B00006217844F6F7DEFB32463B4600910490C6
:10B3C00010461946E9F792FE009B049AE9F78EFEB3
:10B3D00006460F462B461946129A1098E9F7D2FDF9
:10B3E000059B0A9AE9F782FE32463B46E9F7CAFD19
:10B3F000109A079104902B4610461946E9F776FEFD
:10B40000B14E0022334609910290E9F7BBFD079B3C
:10B41000049AE9F7B7FD002007460246334600913B
:10B42000E9F755FE099B029AE9F751FE079B049A3A
:10B43000E9F753FE06460D913A462946009B1098BF
:10B44000E9F754FE07910C902B463046129A0D995D
:10B45000E9F74CFE05460E463A46009B05990A98C8
:10B46000E9F744FE33462A46E9F78CFD02460B46CF
:10B470000746099107990C98E9F784FD00250E46C7
:10B480002846079B0C9AE9F722FE3A46099BE9F702
:10B4900024FE07460722099152078C4B3146284665
:10B4A000E9F724FE07910090894A884B38460999AC
:10B4B000E9F71CFE07460191864A874B314628462C
:10B4C000E9F714FE3A46019BE9F75CFD834B7B44A8
:10B4D0000F9A9B181A685B68E9F754FD029009916E
:10B4E0000398E9F7F5FE05910490099B029A0799E4
:10B4F0000098E9F747FD7A4B7B440F9A9B181A682E
:10B500005B6817460393E9F73DFD059B049AE9F74D
:10B5100039FD0E462846059B049AE9F7D8FD3A46C0
:10B52000039BE9F7D4FD079B009AE9F7D0FD099B3F
:10B53000029AE9F7D2FD02460B46199900200C90B9
:10B540000F461898E9F7D2FD029104903B460C9AF9
:10B5500019991898E9F7BBFD2A463346E9F7C6FD65
:10B56000029B049AE9F70EFD09910E902A46334694
:10B5700039460C98E9F7BAFD06460F46099B0E9A24
:10B58000E9F700FD574A0D46914220DB5242AA18C6
:10B59000024310D132463B46E9F799FD04900391EE
:10B5A000514A524B09990E98E9F7ECFC039B049A17
:10B5B000EAF7EAF81ED20220F6F772FBF6F74CFB28
:10B5C00049004908E20FD20711431BB0F0BD6A00E1
:10B5D000474B52089A420DD3464AAA18024300D05C
:10B5E000CBE532463B46E9F772FD099B0E9AEAF736
:10B5F000CBF8F5D96800002340082C490393020DCD
:10B600003D4B5218984223DD01200005521CD040CA
:10B6100042195000400D40183849794409681346D2
:10B620008C463749C1408B4312030121120B090597
:10B6300051181422101AC1400391002D01DA48421A
:10B640000390624630463946E9F741FD06460F460B
:10B6500032463B4609990E98E9F794FC00252A46A4
:10B66000284B28460591E9F741FD07910C90264AA1
:10B67000264B28460599E9F739FD0091029032469C
:10B680003B4628460599E9F722FD099B0E9AE9F702
:10B6900024FD1F4A1F4BE9F729FD009B029AE9F799
:10B6A00071FC07460B460246099135E001FCFFFF9D
:10B6B0000000F03F8E9803007AB60B0066CA0100C6
:10B6C000C0CA0100D2C901000000084009C7EE3F0E
:10B6D000FD033ADCF5015B14E02F3EBEA6C8010075
:10B6E0006CC8010000009040FE822B654715973C16
:10B6F00000CC904000346F3F0000E03FDAC701000B
:10B70000FFFF0F00432EE63F396CA80C615C20BEA2
:10B71000EF39FAFE422EE63F07990C98E9F732FC22
:10B7200005460E46079B0C9AE9F7D1FC3A46099B61
:10B73000E9F7D3FC09912A4633460E901046194684
:10B74000E9F7D4FC074602462F480B460591052130
:10B750007844F6F70FFA3A46059BE9F7C7FC2A4604
:10B760003346E9F7BAFC0746019128463146099B62
:10B770000E9AE9F7BBFC099B0E9AE9F703FC01233B
:10B7800004910C9000229B0738460199E9F79FFC31
:10B7900005910E903A4628463146019BE9F7A6FCF2
:10B7A000059B0E9AE9F70AFD049B0C9AE9F78FFCBA
:10B7B0002A463346E9F78BFC0022144BE9F78DFC4F
:10B7C000064603980D46000541190915002912DCAB
:10B7D00030462946039AE9F77DFFF6F757F8042823
:10B7E00001D1F6F743FA30462946039AE9F772FF8A
:10B7F000064601E004E029180B4632462146089827
:10B80000E9F774FC1BB0F0BD64C601000000F03F16
:10B8100070B504460D46164611480068002806D14A
:10B82000104A11A113A0F1F795F900BFFEE70C48EB
:10B8300000682030007D002806D10A4A15A10DA01D
:10B84000F1F788F900BFFEE71748806901192B4618
:10B8500032460348006802F0B3FE304670BD000077
:10B86000F40400201D620300736675645F646576EE
:10B87000000000002825732920686173206173731C
:10B88000657274206661696C65642061742025733B
:10B890002E0A0000736675645F6465762D3E696EDE
:10B8A00069745F6F6B000000F8040020F0B587B08A
:10B8B000002005900690FEF74FF81920F8F764F97C
:10B8C0000021049104A8FEF7C1F86846007C4021DD
:10B8D0000840002864D0F1F77FF905A8FEF778F852
:10B8E000F1F77AF905A80330FEF74AF8F1F774F991
:10B8F0006946087D0004497D090208436946897D3F
:10B9000004460C436946C87D0004097E09020843C9
:10B910006946497E084307460120C00520400028AB
:10B9200002D0FF20000604430120C0053840002853
:10B9300002D0FF200006074364212046E9F7E6F81D
:10B940000190E9F7D9FC054600221A4BE9F71AFBEA
:10B9500003910290E9F70CFD81B2174881866421BA
:10B960003846E9F7E9F80190E9F7B2FC054600220C
:10B97000104BE9F707FB03910290E9F7F9FC81B25C
:10B980000D48343041800DA10DA0F1F7E3F80A48CD
:10B99000838E343042880C490CA0F1F7DBF807E0C5
:10B9A00015A107A0F1F7D6F8074915A0F1F7D2F8CD
:10B9B00007B0F0BD0000E03F288700204C4F470053
:10B9C0000A5B25735D0000001408020025732053F4
:10B9D0007563636573732C20416C74697475646559
:10B9E0003A2025646D2C2050726573737572653A28
:10B9F0002025646D626172004552524F5200000072
:10BA00002573204661696C0010B5012109031A48AD
:10BA1000F0F738FC002816D11420F8F7B5F801210A
:10BA200009031548F0F72EFC002824D1134880792B
:10BA3000022188431149887108468079042188438E
:10BA40000E49887117E01420F8F79EF801210903C8
:10BA50000948F0F717FC00280DD00848807902212A
:10BA60008843801C054988710846807904218843F1
:10BA7000001D0249887110BD800C0040E88600203E
:10BA80007FB503A8FEF7DCFC0446002C07D055A1C7
:10BA900056A0F1F75FF857A0F1F75CF87FBD02A858
:10BAA000FEF7E6FC0446002C07D04EA14FA0F1F7AC
:10BAB00051F858A0F1F74EF8F0E76846007B702186
:10BAC000084005116846007A38210840C6106846CB
:10BAD000007B80210840002879D1882101A8FEF749
:10BAE00097FC892101A80130FEF792FC8A2101A868
:10BAF0000230FEF78DFC8B2101A80330FEF788FC95
:10BB00006846007901026846407901434A4801804D
:10BB10006846807900026946C97908434749088028
:10BB200029463046FEF7B6F945A130A0F1F712F8E4
:10BB3000444800680090414803883F4802884249D1
:10BB40004248F1F707F864213E480068E8F7DEFF55
:10BB50003F49C8600846C068322803D200213C48EB
:10BB6000017428E03A48C068642803D201213848AB
:10BB7000017420E03648C068FF21F531884203D2C5
:10BB800002213348017416E03148C0687D21C900A4
:10BB9000884203D203212E4801740CE02C48C0686F
:10BBA0007D210901884203D204212948017402E061
:10BBB00005212748017422A10CA0F0F7CBFF2448EF
:10BBC000C268017C23A0F0F7C5FF08E0FFE705A1EC
:10BBD00006A0F0F7BFFF1C4928A0F0F7BBFF00BF8D
:10BBE0005CE700004552524F520000000A5B25738B
:10BBF0005D0000006C74723378785F6765745F6411
:10BC00006174615F72656164795F666C616720462B
:10BC100061696C006C74723378785F6765745F6D0E
:10BC20006561737572656D656E745F7261746520B0
:10BC30004661696C00000000DC000020DE0000208E
:10BC40004C4F4700D800002078080200F88103001C
:10BC50005C8700204C69676874204C6576656C3A97
:10BC60002025642C204C696768742056616C7565CA
:10BC70003A202564206C757800000000257320466A
:10BC800061696C0010B500F065F804461A48006858
:10BC90001A49096888422ED81948007B002803D128
:10BCA0001748C089C82826DD164800681349096866
:10BCB000884220D901211448C16110480068114907
:10BCC00008600E480068B4300B4908600E487438AC
:10BCD000808A052803DA05200B49743988820BA174
:10BCE0000BA0F0F737FF0548036803480A490268CC
:10BCF0000AA0F0F72FFF10BD3C00002058000020E4
:10BD00002CB40020340000205C8700204C4F4700FA
:10BD10000A5B25735D000000400802002573205374
:10BD20007563636573732C204E657874205265616A
:10BD3000642054696D657374616D703A2025642CBC
:10BD4000204E6F772054696D657374616D703A2071
:10BD5000256400007CB500240025002672B6002270
:10BD6000FF2101314A48F2F739F8FF2101314848F3
:10BD7000F0F79CFA0520F4F71BFEFF21013144483F
:10BD8000F0F796FA7320F4F713FE00262BE0FF215C
:10BD900001313F48F0F78AFA0022FF2101313C4887
:10BDA000F2F71CF80120FFF72DF8FF210131384888
:10BDB000F0F77EFA0120FFF725F80022FF2101317C
:10BDC0003348F0F786FF0120FFF71CF86004040CED
:10BDD000FF2101312E48F0F755FA002801D0601CF0
:10BDE00084B2701CC6B20F2ED1DB002629E0FF21E1
:10BDF00001312748F0F75AFA0022FF210131244887
:10BE0000F1F7ECFF0120FEF7FDFFFF210131204893
:10BE1000F0F74EFA0120FEF7F5FF0022FF21013175
:10BE20001B48F0F756FF0120FEF7ECFF6D00FF21E5
:10BE300001311748F0F726FA002800D06D1C701C5D
:10BE4000C6B2192ED3DBF2F7CDF9012080032040D2
:10BE5000002805D001200F490873A404A40C02E0B7
:10BE600000200C4908730B48C4810BA10BA0F0F70C
:10BE700071FE0848C0890749097B2B46224600917C
:10BE80000190084908A0F0F765FE28467CBD000037
:10BE9000400C00402CB400204C4F47000A5B257337
:10BEA0005D0000002C080200257320537563636554
:10BEB00073732C203078253034582C20307825307E
:10BEC00038582C204F75742052616E67653A2025D2
:10BED000642C205369676E616C20566F6C746167C7
:10BEE000653A202564755600F0B58BB008A909A8FD
:10BEF00002F01AFE0446002C08D029A12AA0F0F76F
:10BF000029FE21462AA0F0F725FE45E008980028E2
:10BF100002D00898801C08903348007C6421484374
:10BF200009994118304874304161089981612FA105
:10BF30001DA0F0F70FFE0898E9F7B8F92C49039017
:10BF4000E8F7D5FF0746E9F731FA05460E462649D8
:10BF500074314869E9F7B5F925490390E8F7C7FF57
:10BF60000746E9F723FA079106900998E9F79EF941
:10BF70001F490390E8F7BBFF0746E9F717FA039656
:10BF8000029505910490079906980191009019A0D7
:10BF9000059B049AF0F7DEFD02F034FE0BB0F0BD15
:10BFA0004552524F520000000A5B25735D000000AD
:10BFB0004572726F7220657865637574696E67206B
:10BFC000534854343058204D6561737572656D6502
:10BFD0006E74204869676820507265636973696F81
:10BFE0006E3A2025640A0000E88600204C4F470086
:10BFF00000007A445348543430582052656164201C
:10C0000054656D70657261747572653A2025302EC5
:10C010003266432025302E3266432C2048756D69E8
:10C02000646974793A2025302E32662552480A0018
:10C0300070B586B0764804F0BAFB0446002C09D0EF
:10C0400074A176A0F0F786FD214676A0F0F782FD78
:10C0500006B070BD00BF83496D4804F08EFB0446F6
:10C06000002C08D06BA16DA0F0F774FD21467E482E
:10C07000F0F770FDECE77D480068401C7B490860E4
:10C080006348C169C8208847764800788021084005
:10C09000002803D0754800680A28DCD97348006876
:10C0A0000A2817D35A4804F08DF90446002C08D00A
:10C0B00058A15AA0F0F74EFD21466B48F0F74AFD13
:10C0C000C6E754A155A0F0F745FD214668A0F0F75A
:10C0D00041FDBDE70020654908606E494C4804F009
:10C0E000C2FA0446002C08D04AA14CA0F0F732FD59
:10C0F000214669A0F0F72EFDAAE7774B654A44492F
:10C100007648E8F77FFB0446002C0AD0012C08D0C3
:10C1100040A142A0F0F71EFD214671A0F0F71AFDE4
:10C1200096E7012C07D17EA13CA0F0F713FD7EA07D
:10C13000F0F710FD06E081A138A0F0F70BFD80A01C
:10C14000F0F708FD6449C86B8249E8F793FE05469D
:10C15000E9F7F9F881B2804881805F49886BE9F797
:10C1600025F9054600227D4BE9F734F903D2002179
:10C17000794881712FE05849886B7949E9F75AF974
:10C1800003D201217448817125E05349886BE9F796
:10C190000DF905460022734BE9F71CF903D2022181
:10C1A0006D48817117E04C49886B8121C905E9F719
:10C1B00041F903D20321684881710CE04649886B3C
:10C1C0006949E9F737F903D204216348817102E034
:10C1D00005216148817159A110A0F0F7BBFC3E49CF
:10C1E000886BE9F7E3F805460E463B49C86BE9F76B
:10C1F000DDF80591049058488079019600950290E9
:10C200000B465A48049AF0F7A5FC00BF20E700004F
:10C21000C0B400204552524F520000000A5B257303
:10C220005D0000004572726F72202564207768659A
:10C230006E207A6D6F64343431302073746172749F
:10C24000696E67206D6561737572656D656E742CBE
:10C250002065786974696E672070726F6772616DAE
:10C2600021000000940100208C8203009001002036
:10C270004572726F722025642C207A6D6F6434349D
:10C2800031302065786974696E672070726F6772EB
:10C29000616D2100E8B400204572726F7220256440
:10C2A000207A6D6F643434313020647572696E6742
:10C2B0002072656164206F6620414443207265737B
:10C2C000756C74732C2065786974696E6720707260
:10C2D0006F6772616D21000050B5002008B5002025
:10C2E0004572726F72202564207768656E207A6DC2
:10C2F0006F64343431302063616C63756C617469D0
:10C300006E6720616C676F726974686D2C20657848
:10C310006974696E672070726F6772616D210000C9
:10C320005741524E000000005A4D4F443434585883
:10C33000205761726D75702E2E2E00004C4F4700F5
:10C340005A4D4F44343458582056616C69642E2E2F
:10C350002E00000000007A445C87002000000440AA
:10C360000000404000000C400000A0404882030054
:10C3700070B586B005460C4608260020049005904E
:10C38000002D09D12E482FA330A29621009037A06E
:10C3900002F0D2F800BFFEE7002C09D1284841A3E3
:10C3A0002AA29721009031A002F0C6F800BFFEE754
:10C3B000082304AA3146284600F070FD002805D065
:10C3C0003CA002F0DFF8002006B070BD6846007C9B
:10C3D00020706846407C60706846807CA07068462B
:10C3E000C07CE0706846017D407D000208436946DC
:10C3F000897D090408436060A078012806DD627821
:10C40000A1783A4802F0BEF80020DDE7E07809287C
:10C4100005DAE178364802F0B5F80020D4E7E17893
:10C420006278A37860680093019202910390237868
:10C43000304AAD210DA002F07FF80120C4E70000D2
:10C44000A9660300666C61736800000028257329E3
:10C450002068617320617373657274206661696C12
:10C4600065642061742025732E0000002E2E5C432D
:10C470006F6D70656E74735C4D6F64756C65735C25
:10C48000466C61736844422D312E312E325C7366E6
:10C4900075645C7372635C736675645F7366647005
:10C4A0002E63000062617369635F68656164657231
:10C4B000000000004572726F723A2043616E27746B
:10C4C0002072656164204A45444543206261736976
:10C4D0006320666C61736820706172616D6574655C
:10C4E00072206865616465722E0000009C890300FB
:10C4F000248B0300C8880300F3B58FB00F9804465F
:10C500004434109840680E90242105A8E8F7D8FB21
:10C510000F98002809D1CF48CFA3D1A2C221009003
:10C52000D7A002F009F800BFFEE71098002809D153
:10C53000C848E1A3CAA2C3210090D1A001F0FCFF2A
:10C5400000BFFEE7242305AA0E990F9800F0A6FC71
:10C55000002805D0DCA002F015F8002011B0F0BDD5
:10C56000E7A2CB21C6A001F0E7FFEFA2CC21C4A037
:10C5700001F0E2FF00251AE0A80005A9085CA90067
:10C58000491C05AA525CA900891C05AB595CAB008B
:10C59000DB1C05AFFB5C00930292019103906B1CC6
:10C5A000E8A2CE21B6A001F0C7FF681CC5B2092DD4
:10C5B000E2DB6846407DE0716846007D8007800FC1
:10C5C000012802D0032811D108E00120A071E379ED
:10C5D000E54AD721AAA001F0AFFF0CE00020A0712E
:10C5E000E2A2DB21A6A001F0A7FF04E0ECA001F08D
:10C5F000C9FF0020B2E700BF6846007D0421084063
:10C600008010002802D0012811D107E00120A0806D
:10C61000F1A2E6219AA001F08FFF08E0FF2001308F
:10C62000A080F5A2EA2196A001F086FF00BF00BF1E
:10C630006846007D08210840C010002802D001286B
:10C640002CD107E001202072F6A2F5218CA001F088
:10C6500073FF23E000202072FE4AFA2188A001F037
:10C660006BFF6846007D102108400011002802D0B1
:10C67000012811D107E050206072F74AFF2180A005
:10C6800001F05AFF08E006206072F44AFF210531EC
:10C690007BA001F051FF00BF00BF00BF00BF684694
:10C6A000807D062108404010002804D001280DD0CC
:10C6B000022820D114E00120A0720020E072E8A23C
:10C6C000FF2110316EA001F037FF1CE00120A072A5
:10C6D000E072E9A2FF21153169A001F02DFF12E0FF
:10C6E0000020A0720120E072EAA2FF211A3164A0AA
:10C6F00001F022FF07E00020A072E072EBA001F041
:10C7000041FF00202AE700BF6946C87E0006897EF7
:10C71000090408436946497E090208436946097EBF
:10C72000084304906946C87E80210840C011002853
:10C7300002D0012819D104E00498C008401CE06030
:10C7400013E004984000400804900498232806D978
:10C750000020E060DE4801F015FF0020FEE60498AE
:10C76000C01E01218140E16000BF00BFD9A2FF21AE
:10C77000323143A0E36801F0DFFE002500262CE003
:10C7800068001C3005A9085C002824D068001C3013
:10C79000095C01208840F200214610318850680071
:10C7A0001D3005A9095CF2002046103010180171F7
:10C7B000F1002046103008180079F1000090204662
:10C7C00010304058830AC9A2FF2138312CA001F053
:10C7D000B3FE701CC6B2681CC5B2042DD0DB0025A8
:10C7E0000026A7E1E90020461030405800282FD04D
:10C7F000681CC6B299E1F10020461030405800286C
:10C8000024D0E900204610304158F200805881427F
:10C810001CD9EB0022461032D058EB009A1811793F
:10C82000F30022461032D258EB0027461037FA5058
:10C83000F3003A469A181279EB00DB191A71F200EC
:10C840003B469850F200D218117100BF701C6BE18A
:10C850006EE10000BB660300666C61736800000057
:10C8600028257329206861732061737365727420B1
:10C870006661696C65642061742025732E00000078
:10C880002E2E5C436F6D70656E74735C4D6F6475B6
:10C890006C65735C466C61736844422D312E312E99
:10C8A000325C736675645C7372635C736675645F37
:10C8B000736664702E63000062617369635F68650C
:10C8C00061646572000000005761726E696E673ABC
:10C8D0002043616E27742072656164204A45444597
:10C8E0004320626173696320666C617368207061C4
:10C8F00072616D65746572207461626C652E0000F2
:10C900004A4544454320626173696320666C6173E4
:10C910006820706172616D65746572207461626C0B
:10C920006520696E666F3A004D53422D4C5342208C
:10C9300020332020202032202020203120202020C1
:10C94000300000005B253034645D203078253032C3
:10C950005820307825303258203078253032582011
:10C96000307825303258000084880300556E69669F
:10C970006F726D2034204B422065726173652069AF
:10C980007320756E617661696C61626C6520666F9B
:10C99000722074686973206465766963652E00008F
:10C9A0004572726F723A20556E69666F726D2034EF
:10C9B000204B4220657261736520737570706F72D1
:10C9C00074656420696E666F726D6174696F6E2044
:10C9D0006572726F722E00005772697465206772FB
:10C9E000616E756C6172697479206973203120629F
:10C9F0007974652E000000005772697465206772B3
:10CA0000616E756C617269747920697320363420A7
:10CA10006279746573206F72206C61726765722E23
:10CA20000000000054617267657420666C61736871
:10CA300020737461747573207265676973746572AD
:10CA4000206973206E6F6E2D766F6C6174696C65F2
:10CA50002E000000F0890300348A0300AC8A030032
:10CA6000332D42797465206F6E6C79206164647235
:10CA7000657373696E672E00332D206F7220342D1D
:10CA8000427974652061646472657373696E672EA0
:10CA900000000000342D42797465206F6E6C79209F
:10CAA00061646472657373696E672E004572726F9C
:10CAB000723A205265616420616464726573732008
:10CAC0006279746573206572726F722100000000D4
:10CAD000548903004361706163697479206973202C
:10CAE000256C642042797465732E0000466C617376
:10CAF000682064657669636520737570706F727401
:10CB00007320256C644B4220626C6F636B206572EE
:10CB10006173652E20436F6D6D616E6420697320B3
:10CB20003078253032582E00C6B2042E00DA62E684
:10CB3000681CC5B2042D00DA54E60120207000BF45
:10CB40000CE50000F0B585B00446002526462036E9
:10CB5000002C09D1174818A319A22149009021A03F
:10CB600001F0EAFC00BFFEE79F2003900320009045
:10CB700002AB012203A930467768B8470546002D6D
:10CB800012D16846017A2173417A6173817AA17367
:10CB9000A07B617B00910190237B1F4A10490831E3
:10CBA00010A001F0C9FC02E01CA001F0EBFC28463B
:10CBB00005B0F0BD0D660300666C6173680000008F
:10CBC000282573292068617320617373657274204E
:10CBD0006661696C65642061742025732E00000015
:10CBE000550300002E2E5C436F6D70656E74735C90
:10CBF0004D6F64756C65735C466C61736844422D5F
:10CC0000312E312E325C736675645C7372635C73B3
:10CC10006675642E63000000148603004572726F0F
:10CC2000723A205265616420666C617368206465A5
:10CC300076696365204A454445432049442065722E
:10CC4000726F722E00000000F0B597B005460E46D8
:10CC500014461F4600201690002C12D15EA0EFF75C
:10CC600079FF61A02968EFF775FFA62260A16DA08A
:10CC7000EFF770FF6E4A6FA170A0EFF76BFF00BF78
:10CC8000FEE7382308AA31462846F5F723F8666000
:10CC90000998A0607149A068884204D000202070E3
:10CCA000082017B0F0BD01202070042108A8F5F776
:10CCB00041F860700B990A986161206106210FA804
:10CCC000F5F738F8C1B224200155062113A8F5F76D
:10CCD00031F8C1B2252001552420005D022806D17B
:10CCE0000D990C98E161A0610E98206225E0252045
:10CCF000005D022806D111991098E161A061129897
:10CD000020621AE02420005D012816D12520005D54
:10CD1000012812D130A0EFF71DFF33A02968EFF7EB
:10CD200019FFC02232A13FA0EFF714FF404A4CA1E7
:10CD300042A0EFF70FFF00BFFEE760683830E06207
:10CD40006068E96840182063E16A206B401AA062BD
:10CD5000607802283DD1002F3BD0E06A059030E09A
:10CD600068460078002800D131E003990298E1611B
:10CD7000A06105982062E06A1830E062216B049897
:10CD8000081A2063059818300590A16A0498183095
:10CD9000814205D9A16A04981830081AA06210E0EF
:10CDA0000DA0EFF7D7FE10A02968EFF7D3FE2DA056
:10CDB000049A0599EFF7CEFE0020A062022016909B
:10CDC00005E06946284600F0E1F90028C8D000BF18
:10CDD00000BF169865E700005B466C6173684442CB
:10CDE0005D5B74736C5D00005B25735D200000006B
:10CDF0002E2E5C436F6D70656E74735C4D6F647541
:10CE00006C65735C466C61736844422D312E312E23
:10CE1000325C7372635C6664625F747364622E6317
:10CE2000000000002825733A256429200000000036
:10CE30007D5D0300736563746F720000282573299C
:10CE40002068617320617373657274206661696C18
:10CE500065642061742025732E0A000054534C3001
:10CE6000300000004572726F723A20746869732056
:10CE700054534C2028307825303858292073697A4B
:10CE8000652028257529206973206F7574206F66C9
:10CE900020626F756E642E0A00000000FFB583B03B
:10CEA00004460D46164627A103C9029101902802A7
:10CEB000010E684641712804010E68468171C571F2
:10CEC000002C0AD1214822A323A2FF215B3100902C
:10CED00029A001F031FB00BFFEE7012000068542DA
:10CEE0000AD31A4832A31CA2FF215C31009022A071
:10CEF00001F022FB00BFFEE7002E0AD1134830A349
:10CF000015A2FF215D3100901BA001F015FB00BFB1
:10CF1000FEE7606A00280AD10C482CA30EA2FF216C
:10CF20005E31009014A001F007FB00BFFEE70698F9
:10CF300000903346052201A920462030676AB84791
:10CF400007B0F0BD5A000000FF000000CC660300EF
:10CF5000666C61736800000028257329206861737E
:10CF600020617373657274206661696C6564206109
:10CF7000742025732E0000002E2E5C436F6D7065AB
:10CF80006E74735C4D6F64756C65735C466C617335
:10CF90006844422D312E312E325C736675645C73A9
:10CFA00072635C736675645F736664702E63000001
:10CFB00061646472203C20314C203C3C20323400BF
:10CFC000726561645F62756600000000666C617383
:10CFD000682D3E7370692E77720000007FB505469C
:10CFE0002C4644340026002002900390002D09D1E5
:10CFF000264827A328A26D2100902FA001F09CFABB
:10D0000000BFFEE700202070082302AA3146284610
:10D01000FFF744FF002805D035A001F0B3FA002047
:10D0200004B070BD6846007A53280BD16846407A38
:10D03000462807D16846807A442803D16846C07ADA
:10D04000502806D0324A7A211BA001F075FA002040
:10D05000E6E76846007BA0706846407B60706078B9
:10D06000012806DDA27861782AA001F08BFA002061
:10D07000D6E76846807BA17800910190637833A25F
:10D0800083210DA001F058FA0120C9E7986603003A
:10D09000666C61736800000028257329206861733D
:10D0A00020617373657274206661696C65642061C8
:10D0B000742025732E0000002E2E5C436F6D70656A
:10D0C0006E74735C4D6F64756C65735C466C6173F4
:10D0D0006844422D312E312E325C736675645C7368
:10D0E00072635C736675645F736664702E630000C0
:10D0F0004572726F723A2043616E277420726561C7
:10D10000642053464450206865616465722E0000B7
:10D11000DC8703004572726F723A2054686973208D
:10D12000726576657273696F6E285625642E256464
:10D13000292053464450206973206E6F7420737504
:10D1400070706F727465642E000000004368656340
:10D150006B20534644502068656164657220697392
:10D16000204F4B2E20546865207265766572736976
:10D170006F6E206973205625642E25642C204E5036
:10D180004E2069732025642E0000000030B587B062
:10D1900005460C4618236A4628466169F4F79AFD4D
:10D1A00006216846F4F7C6FD20702078012802D0D9
:10D1B0002078002808D1E86E20610021C943A161D0
:10D1C0000021A160E16007E0049820610599A16158
:10D1D00003990298E160A060002007B030BD000014
:10D1E000FEB5054600242E462036002D09D12148E3
:10D1F00021A323A22A4900902AA001F09DF900BF93
:10D20000FEE766206946087100200090034601226F
:10D2100001A930467768B8470446002C04D1284657
:10D2200002F008FF044604E02BA001F0ABF9204611
:10D23000FEBD9920694648710020009003460122F6
:10D24000491D30467768B8470446002C03D128466C
:10D2500002F0F0FE0446002C06D128A26921C90084
:10D2600010A001F069F902E01BA001F08BF9204643
:10D27000DEE7000007660300666C6173680000006B
:10D280002825732920686173206173736572742087
:10D290006661696C65642061742025732E0000004E
:10D2A000350300002E2E5C436F6D70656E74735CE9
:10D2B0004D6F64756C65735C466C61736844422D98
:10D2C000312E312E325C736675645C7372635C73ED
:10D2D0006675642E630000004572726F723A2046D4
:10D2E0006C61736820646576696365207265736537
:10D2F00074206661696C65642E000000466C617381
:10D30000682064657669636520726573657420734F
:10D310007563636573732E0010B56420F3F748FBE3
:10D3200010BD000010B540210948EEF7BFFF0520F1
:10D33000F0F762FC40210648EEF7BAFFC820F0F78C
:10D340005BFC04480078400840000249087010BDAA
:10D35000800C0040D4B30020F0B587B0044600260E
:10D360000027114A314604A800F06CFB0646022053
:10D37000F2B201AB04A900906220FCF77DFC0546E7
:10D38000002D02D0284607B0F0BD01A800F048FBF0
:10D3900007467805400D002801D0012000E000205C
:10D3A00020700020EFE70000B8E40000F0B589B07D
:10D3B00004460D46164600200290124A06A802991D
:10D3C00000F040FB0290062000900298C2B203AB2E
:10D3D00006A96220FCF750FC0746002F02D0384611
:10D3E00009B0F0BD03A800F01BFB208003A80230A9
:10D3F00000F016FB288004A800F012FB308000200B
:10D40000EEE700008236000038B500250A4A2946BA
:10D41000684600F017FB05462A466946622000F080
:10D42000C4FB0446002C01D0204638BD034800F060
:10D430005FFB0020F9E700009D210000404B4C00FD
:10D44000F0B589B004460D460027124A394606A8B1
:10D4500000F0F8FA07462246394606A800F002FB1B
:10D460000746FF2091300221FAB203AB00910190F0
:10D4700006A96220FCF778FC0646EFF7ADFB002E0C
:10D4800002D0304609B0F0BD03A800F0C9FA2880E8
:10D490000020F7E72F360000F7B586B00C4615469A
:10D4A00004AA05A9069800F03FF80646002E02D00F
:10D4B000304609B0F0BD6846808AE7F702FF16499A
:10D4C0000090E7F7D7FC07468F21C905E7F70FFD66
:10D4D00012490190E7F7C6FC11490290E7F7CAFC30
:10D4E0000390E7F717FF20606846008AE7F7E9FE38
:10D4F0000C490190E7F7BEFC8F21C9050290E7F7C0
:10D50000F6FC07490390E7F7B5FC0746E7F702FF8B
:10D5100028600020CDE7000000002F4300003442C7
:10D5200000007A440000C842F0B589B004460D46B8
:10D53000164600200290184A06A8029900F082FAC6
:10D54000029003A800F06CFA208003A8023000F0DB
:10D5500067FA288004A800F063FA30800620009063
:10D560000298C2B203AB06A96220FCF785FB07460E
:10D57000002F02D0384609B0F0BD03A800F050FAE1
:10D58000208003A8023000F04BFA288004A800F0A5
:10D5900047FA30800020EEE705EC000038B50025A2
:10D5A0000A4A2946684600F04DFA05462A46694669
:10D5B000622000F0FAFA0446002C01D0204638BD63
:10D5C000034800F095FA0020F9E700004636000015
:10D5D000204E000038B500250A4A2946684600F06A
:10D5E00031FA05462A466946622000F0DEFA044612
:10D5F000002C01D0204638BD7D20C00000F078FA14
:10D600000020F8E7B121000038B500250A4A294674
:10D61000684600F017FA05462A466946622000F07F
:10D62000C4FA0446002C01D0204638BD034800F05F
:10D630005FFA0020F9E70000863F000020A1070004
:10D6400038B50024074A2146684600F0FBF9044635
:10D6500022466946622000F0A8FA034800F048FA22
:10D66000002038BDF6360000204E0000FFB583B024
:10D6700006460C4615460D9F6068029000200190FA
:10D6800000BF0023224630460299FFF7DDFA002D45
:10D6900002D06078A84212D10E98002805D001234C
:10D6A000224630460299FFF7CFFA002F07D02046D6
:10D6B0000C9A0699B847002801D007B0F0BDF16870
:10D6C00001980818019021463046019AFBF75EFF49
:10D6D0000290401C0028D4D100BFEEE710B570487E
:10D6E00080791021884310306D498871FBF7BCFEAA
:10D6F000012802D1002000F089FBFBF7E9FE002899
:10D7000002D1012000F096FB00BFFBF78BFE002842
:10D71000FBD07D21C9006348E7F7D2FA03226249B2
:10D720006048E7F7A5FA00205E49C8705F480078B6
:10D7300008715E480078401C5C4908705C480078BD
:10D740005C4908850846028D5B495648401DE7F74D
:10D750008FFA5848008D401D564908851420F6F769
:10D7600013FA5448018D4F48F0F758FA5148028D8A
:10D770004C4952A0EAF7EAFA1420F6F705FAFBF74B
:10D780005FFE002807D04FA150A0EFF7E3F951A0AA
:10D79000EFF7E0F904E0FBF775FE002864D000BF66
:10D7A00048A14AA0EFF7D6F950A0EFF7D3F95948AE
:10D7B000FCF74AFF04463E480078401C844210DBD8
:10D7C00001223B495348FDF74FF8394802783A495E
:10D7D0005048FDF749F850480078401C4E49087001
:10D7E00006E04EA139A0EFF7B5F94EA0EFF7B2F978
:10D7F0002E480078401E2D4908702948C079401CE9
:10D800002749C8710846C07905281DDB0020C8716A
:10D8100049480078400840004749087002214648BE
:10D820004030C1710021017244480068E121C90003
:10D8300040184349086043A124A0EFF78BF9404802
:10D84000016841A0EFF786F97D21C9001948303001
:10D85000E7F736FA002044490883114880791021FF
:10D8600088430F49887110BD00200D49C87135A14A
:10D8700016A0EFF76FF93DA0EFF76CF964200D49A2
:10D88000C8850748808A052802DA0520044988826D
:10D8900003488079102188430149887100BFE2E77D
:10D8A000E886002010880020CE0702003300002008
:10D8B00031000020D08B00201884002053656E6456
:10D8C000000000005741524E000000000A5B257323
:10D8D0005D00000057616974204275737920494FDB
:10D8E0002054696D656F7574000000004C6F5261C3
:10D8F0002053656E6444617461204661696C2C201C
:10D900005772697465204461746520546F204361C7
:10D9100063686500FC830020300000204552524FB0
:10D92000520000004C77726220416C72656164792C
:10D930002046756C6C000000D4B300205800002015
:10D94000CC0000204C4F4700557064617465205234
:10D9500065636F6E6E6563742054696D6573746181
:10D960006D703A20256C6400D08F00204C6F52619E
:10D970002053656E644461746120537563636573FD
:10D980007300000070B505460C4600261CE080219F
:10D990000F48EEF78BFC0120F3F70AF880210C48C2
:10D9A000EEF786FC0120F3F703F8802020400028E2
:10D9B00003D180210648EEF779FC4620F2F7F8FF04
:10D9C0006006040E701CC6B2AE42E0DB70BD000003
:10D9D000400C0040FEB504460D460020009001902A
:10D9E00008270E490A78684602704978417020027B
:10D9F000C1B268468170C4702802C1B26846017124
:10DA000045713946F0F74EFC06463002C1B2684611
:10DA10008171C6713946F0F7E7FCFEBD8B08020044
:10DA20000146087800024A7810437047014608789A
:10DA300000064A78120410438A7812021043CA780A
:10DA40001043704730B50346FF2000021040051216
:10DA500008464C1CA1B21D5408464C1CA1B21A54D5
:10DA6000084630BD70B505460C461646FF2000023C
:10DA7000304002122046611C8CB22A542046611CA0
:10DA80008CB22E54A11E4819022100F013F828551B
:10DA9000601C84B2204670BD70B505460E46144623
:10DAA0003146284600F006F8A04201D0012070BDA2
:10DAB0000020FCE770B502460B46FF20002114E071
:10DAC000555C684008240CE080250540002D04D0FA
:10DAD000450031267540E8B201E04506280E651E76
:10DAE000ECB2002CF0DC4D1CA9B29942E8DB70BD11
:10DAF00070B50446EFF770F87D20C000844207D966
:10DB000001462046E7F702F80546F6F73DF809E03A
:10DB10007D21C9002046E6F7F9FF401C85B2284662
:10DB2000FCF702FF70BDF7B582B00D461446E10F59
:10DB3000091949104A00891889B200912046E10F5D
:10DB4000091849104900611A02D0042005B0F0BD3F
:10DB50002946009A0298FBF79FFF0746002F01D045
:10DB60003846F3E700260020019019E0B11C6A5CFA
:10DB7000A8190221FFF790FF0746002F01D0384671
:10DB8000E4E7AA5D0198411C89B201912A54701CF6
:10DB90002A5C0198411C89B201912A54F01C86B27A
:10DBA00000988642E2DB0020D0E770B504460D46BF
:10DBB0001646324629462046FBF7AEFF70BD0000F0
:10DBC00070B506460C46012526701E2E77D014DC53
:10DBD0000A2E61D008DC3300F3F749FE0A8C2C339F
:10DBE0003B8C418C8C8C4B8C304619380300F3F7FE
:10DBF0003EFE056773858C9981002B2E77D00CDC57
:10DC0000212E75D004DC1F2E73D0202E72D1A9E0F6
:10DC1000292E70D02A2EF9D1D5E0812E6CD004DCCB
:10DC20002C2E6AD02D2EF1D1DBE0862E79D0FF2E5E
:10DC3000ECD1DCE0032060700B20A070A81CC5B202
:10DC4000DBE006226E49601CE7F712F8A81DC5B29A
:10DC5000D3E06C4800786070681CC5B2CDE06A48BB
:10DC6000008B001260706848007EA070A81CC5B2CE
:10DC7000C3E06548743040690002000E607062487D
:10DC80007430808A0004000EA0705F487430007DFC
:10DC9000E070E81CC5B2B0E05B48743080690002F7
:10DCA000000E607058487430008B0004000EA070A5
:10DCB00055487430007EE070E81CC5B29DE03DE040
:10DCC00051484030808E001260704F484030808E46
:10DCD000A070A81CC5B290E04B487430007F607003
:10DCE000681CC5B2002148487430C16185E072E00B
:10DCF00044E030E080E060E047E058E042487430C3
:10DD0000007C6070681CC5B277E03F487430808C3E
:10DD1000001260703C487430808CA070A81CC5B2A2
:10DD20006BE03AE038487430C08C001260703648BE
:10DD30007430C08CA070A81CC5B25EE0324874304C
:10DD4000808D0004000E60702F487430808DA070AC
:10DD5000A81CC5B251E02C489430807A6070681CD1
:10DD6000C5B24AE028487430008900126070264825
:10DD70007430007AA070A81CC5B23EE0224874300E
:10DD800080796070681CC5B237E01F4880798007D1
:10DD9000C00F6070681CC5B22FE01B48C08A00121B
:10DDA00060701948807DA070A81CC5B225E0164897
:10DDB000807A6070681CC5B21FE01348007A6070FA
:10DDC000681CC5B219E0104880790007C00F607068
:10DDD000681CC5B211E00C48407B6070681CC5B27D
:10DDE0000BE00948C07A6070681CC5B205E0FF20EE
:10DDF0006070681CC5B200E000BF00BF284670BD5F
:10DE0000D9B3002014000020E886002010B5044695
:10DE1000002C04D110210648EEF748FA03E0102147
:10DE20000348EEF745FA0520EFF7E6FE10BD0000C7
:10DE3000800C004010B50446002C04D10421064893
:10DE4000EEF734FA03E004210348EEF731FA052037
:10DE5000EFF7D2FE10BD0000800C0040FEB5044676
:10DE60000D460026002C09D11F4820A321A22949D4
:10DE7000009029A000F060FB00BFFEE701212046D2
:10DE800000F094F80646002E01D03046FEBD002D6D
:10DE900002D0B720019001E0E9200190002000901D
:10DEA0000346012201A920462030676AB84706468A
:10DEB000002E0ED135200555002D01D023A000E005
:10DEC00024A0034625A21349123113A000F034FB0D
:10DED00008E0002D01D01DA000E01EA0014628A0F2
:10DEE00000F050FB3046D1E72D660300666C61738D
:10DEF000680000002825732920686173206173730E
:10DF0000657274206661696C656420617420257394
:10DF10002E0000009B0300002E2E5C436F6D706589
:10DF20006E74735C4D6F64756C65735C466C617385
:10DF30006844422D312E312E325C736675645C73F9
:10DF400072635C736675642E63000000456E7465D1
:10DF500072000000457869740000000025732034C9
:10DF60002D427974652061646472657373696E67AC
:10DF7000206D6F646520737563636573732E000095
:10DF80004572726F723A20257320342D4279746580
:10DF90002061646472657373696E67206D6F646578
:10DFA000206661696C65642E00000000FEB50446C1
:10DFB0000D460026002C09D11F4820A321A2294983
:10DFC000009029A000F0B8FA00BFFEE7002D02D0B3
:10DFD0000620029001E004200290002000900346F9
:10DFE000012202A920462030676AB8470646002E63
:10DFF00004D101A9204600F0F7FB0646002E19D1F6
:10E00000002D0AD06846007902210840002804D17A
:10E0100022A000F0B7FA0220FEBD002D0AD168460A
:10E02000007902210840002804D025A000F0AAFAB7
:10E030000220F1E73046EFE71B660300666C617370
:10E0400068000000282573292068617320617373BC
:10E05000657274206661696C656420617420257343
:10E060002E000000720300002E2E5C436F6D706561
:10E070006E74735C4D6F64756C65735C466C617334
:10E080006844422D312E312E325C736675645C73A8
:10E0900072635C736675642E630000004572726F74
:10E0A000723A2043616E277420656E61626C652050
:10E0B0007772697465207374617475732E00000043
:10E0C0004572726F723A2043616E277420646973DF
:10E0D00061626C6520777269746520737461747510
:10E0E000732E0000FEB5054600262C462034002D78
:10E0F0000AD1304830A332A2FF21C231009038A0AB
:10E1000000F01AFA00BFFEE73420405D00280AD173
:10E11000284840A32AA2FF21C431009030A000F07B
:10E120000BFA00BFFEE7A068002802D02046A168D5
:10E13000884701212846FFF739FF0646002E00D008
:10E140002CE0C72069460871A88A082108400028E9
:10E1500010D0942168464171802181719A21C1714A
:10E16000002000900346042201A920466768B847B2
:10E17000064608E0002000900346012201A920463F
:10E180006768B8470646002E03D026A000F0FAF9CB
:10E1900004E0284601F04EFF064600BF0021284655
:10E1A000FFF704FFE068002802D02046E1688847B6
:10E1B0003046FEBDCA650300666C617368000000EE
:10E1C0002825732920686173206173736572742038
:10E1D0006661696C65642061742025732E000000FF
:10E1E0002E2E5C436F6D70656E74735C4D6F64753D
:10E1F0006C65735C466C61736844422D312E312E20
:10E20000325C736675645C7372635C736675642EEE
:10E2100063000000666C6173682D3E696E69745F0F
:10E220006F6B00004572726F723A20466C617368C2
:10E2300020636869702065726173652053504920BE
:10E24000636F6D6D756E6963617465206572726F61
:10E25000722E000070B5044600252046FBF7DAF95F
:10E260000546002D03D1204600F0E4FC0546002DB4
:10E2700007D101213420015506A0216800F082F960
:10E2800006E00021342001550CA0216800F07AF945
:10E29000284670BD257320666C61736820646576BE
:10E2A00069636520697320696E697469616C697A54
:10E2B0006520737563636573732E00004572726F1A
:10E2C000723A20257320666C6173682064657669F4
:10E2D000636520697320696E697469616C697A6528
:10E2E000206661696C2E0000F7B588B004461546BB
:10E2F00000200790204620300690002C0AD15C4870
:10E300005CA35EA2FF21FE31009064A000F014F92E
:10E3100000BFFEE73420005D002809D154486CA3FB
:10E3200056A26F4900905DA000F006F900BFFEE71D
:10E33000099841192069814205D96AA000F022F9A3
:10E3400005200BB0F0BD0998002806D12069A8422D
:10E3500003D12046FFF7C6FEF3E706988068002841
:10E3600002D006988168884771E04420005D00284B
:10E3700012D02A462046099900F094FA019001989B
:10E38000C100204654300818007902900198C1005D
:10E3900020465430465802E0207F0290A6690121B1
:10E3A0002046FFF703FE07900798002800D051E0B1
:10E3B00069460298087404AA013220460999FCF7BC
:10E3C000E3FA3520005D002801D0052000E004209C
:10E3D00003900020009006980023476804A9039A40
:10E3E000B84707900798002803D048A000F0CAF863
:10E3F00030E0204601F01EFE07900798002800D06C
:10E4000028E031460998E6F781FB002916D031460D
:10E410000998E6F77BFB701AA8420ED2314609989C
:10E42000E6F774FB701A2D1A31460998E6F76EFB71
:10E43000711A09980818099008E00BE0B54204D950
:10E44000AD1B09988019099000E003E000BF002D82
:10E450008BD100BF00212046FFF7A8FD0698C068B9
:10E46000002802D00698C1688847079869E700002D
:10E47000DA650300666C6173680000002825732963
:10E480002068617320617373657274206661696CC2
:10E4900065642061742025732E0000002E2E5C43DD
:10E4A0006F6D70656E74735C4D6F64756C65735CD5
:10E4B000466C61736844422D312E312E325C736696
:10E4C00075645C7372635C736675642E6300000030
:10E4D000666C6173682D3E696E69745F6F6B0000D6
:10E4E000FF0100004572726F723A20466C617368DA
:10E4F0002061646472657373206973206F75742082
:10E500006F6620626F756E642E0000004572726F38
:10E51000723A20466C61736820657261736520539E
:10E52000504920636F6D6D756E6963617465206518
:10E5300072726F722E0000000FB438B504460D469B
:10E5400007A80090FF2101310848009B069AF3F7C5
:10E550004DF900200090054B2A46214604A0EEF715
:10E56000F9FA38BC08BC04B01847000035F10020A7
:10E570000D0A5B534655445D2825733A256C642982
:10E58000202573000FB408B503A80090FF210131C6
:10E590000748009B029AF3F729F9002000900449EC
:10E5A00004A0EEF7D7FA01B008BC04B01847000089
:10E5B00035F100200D0A5B534655445D202573005C
:10E5C000FFB585B004461646002004902546203548
:10E5D000002C0AD1304831A332A2FF2191310090A2
:10E5E00038A0FFF7A9FF00BFFEE7089800280AD16E
:10E5F000294841A32BA2FF219231009031A0FFF7BF
:10E600009BFF00BFFEE73420005D00280AD12248AE
:10E610003BA324A2FF21943100902AA0FFF78CFF96
:10E6200000BFFEE7069881192069814205D938A00C
:10E63000FFF7A8FF052009B0F0BDA868002802D0A8
:10E640002846A9688847204601F0F4FC0490049805
:10E65000002818D103206946087202AA0132204618
:10E660000699FCF791F93520005D002801D00520BE
:10E6700000E00420019000966F6802A92846089BDC
:10E68000019AB8470490E868002802D02846E96853
:10E6900088470498CFE70000C0650300666C61738B
:10E6A0006800000028257329206861732061737356
:10E6B000657274206661696C6564206174202573DD
:10E6C0002E0000002E2E5C436F6D70656E74735CBF
:10E6D0004D6F64756C65735C466C61736844422D64
:10E6E000312E312E325C736675645C7372635C73B9
:10E6F0006675642E630000006461746100000000B0
:10E70000666C6173682D3E696E69745F6F6B0000A3
:10E710004572726F723A20466C617368206164645E
:10E7200072657373206973206F7574206F66206241
:10E730006F756E642E0000003EB50446002C09D1B2
:10E740000F4810A311A25121009018A0FFF7F4FE6A
:10E7500000BFFEE72046FEF741FC00280AD001A9D1
:10E760002046FDF705FE002804D001A92046FDF74C
:10E77000C3FE3EBD1B482168FFF704FF0020F8E7F9
:10E7800089660300666C61736800000028257329A0
:10E790002068617320617373657274206661696CAF
:10E7A00065642061742025732E0000002E2E5C43CA
:10E7B0006F6D70656E74735C4D6F64756C65735CC2
:10E7C000466C61736844422D312E312E325C736683
:10E7D00075645C7372635C736675645F73666470A2
:10E7E0002E630000288803007CB504460D460520F2
:10E7F0000190002C0AD1104810A312A20F21890108
:10E80000009018A0FFF798FE00BFFEE7002D09D189
:10E81000094821A30BA22249009012A0FFF78CFE09
:10E8200000BFFEE7012000902B46024601A92046CA
:10E830002030666AB0477CBD45660300666C617334
:10E8400068000000282573292068617320617373B4
:10E85000657274206661696C65642061742025733B
:10E860002E0000002E2E5C436F6D70656E74735C1D
:10E870004D6F64756C65735C466C61736844422DC2
:10E88000312E312E325C736675645C7372635C7317
:10E890006675642E63000000737461747573000004
:10E8A000C1030000FEB505460E4617460020019044
:10E8B0004420405D00280AD119481AA31FA2FF2155
:10E8C0006F31009025A0FFF737FE00BFFEE730460E
:10E8D000696DE6F71BF9002901D00020FEBD032475
:10E8E00000BFE100284654304058002810D0E10015
:10E8F000284654304058B8420AD8E20028465430DE
:10E9000081583046E6F702F9002901D1019404E06C
:10E91000002C00D101E0641EE3E700BF0198DDE7B1
:10E92000DB660300666C6173682D3E736664702E4F
:10E93000617661696C61626C65000000282573294D
:10E940002068617320617373657274206661696CFD
:10E9500065642061742025732E0000002E2E5C4318
:10E960006F6D70656E74735C4D6F64756C65735C10
:10E97000466C61736844422D312E312E325C7366D1
:10E9800075645C7372635C736675645F73666470F0
:10E990002E63000070B504460025084800F08CF98D
:10E9A000074961620749A1620749E162034921639E
:10E9B0000648A0630649E163284670BDB4050020FF
:10E9C000DDEC0100D5EC0100D9EC010019D3010008
:10E9D000C0270900FEB504460E4617461D46002016
:10E9E0000190207DC007C00F002809D0FF2301330C
:10E9F0003A46314620460095FCF7D2F801900DE0EA
:10EA0000A08A04210840002807D02B463A46314608
:10EA10002046F6F70DFB019000E000BF0198FEBD17
:10EA2000F7B582B00446002526462036002C0AD1D0
:10EA30001B481CA31DA27F21C900009023A0FFF743
:10EA40007BFD00BFFEE7039800280CD050206946EC
:10EA50000871002000900346012201A93046776822
:10EA6000B847054604E001212046FFF79FFA054616
:10EA7000002D0DD1012069460871049848710020CD
:10EA800000900346022201A930467768B847054640
:10EA9000002D02D01AA0FFF775FD284605B0F0BD85
:10EAA00077660300666C617368000000282573298F
:10EAB0002068617320617373657274206661696C8C
:10EAC00065642061742025732E0000002E2E5C43A7
:10EAD0006F6D70656E74735C4D6F64756C65735C9F
:10EAE000466C61736844422D312E312E325C736660
:10EAF00075645C7372635C736675642E63000000FA
:10EB00004572726F723A2057726974655F737461EF
:10EB100074757320726567697374657220666169C4
:10EB20006C65642E000000007CB504460D46694605
:10EB300001A800F011F80646002E01D030467CBD39
:10EB400068468088F6F710FF206068460088F6F770
:10EB500017FF28600020F2E7FEB505460E460027A5
:10EB6000FD2239467F1C684642543A466946442095
:10EB7000FFF71BF80446002C01D02046FEBD0C48D0
:10EB8000FEF7B6FF042269464420FEF7CCFF044698
:10EB9000002C01D02046F1E76846FEF741FF2880AF
:10EBA00000A80230FEF73CFF30800020E6E70000BE
:10EBB000102700007CB50546002689223146761CC8
:10EBC00068464254324669464420FEF7EEFF04464A
:10EBD000002C01D020467CBD0948FEF789FF0422A5
:10EBE00069464420FEF79FFF0446002C01D02046D2
:10EBF000F1E76846FEF71AFF28600020EBE7000007
:10EC00001027000038B50025942229466D1C68465F
:10EC100042542A4669464420FEF7C7FF0446002CAA
:10EC200001D0204638BD0248FEF762FF0020F9E718
:10EC30001027000038B504460025002C0AD10648EC
:10EC400006A308A2FF217D3100900EA0FFF774FCFF
:10EC500000BFFEE7284638BDB2650300666C6173ED
:10EC60006800000028257329206861732061737390
:10EC7000657274206661696C656420617420257317
:10EC80002E0000002E2E5C436F6D70656E74735CF9
:10EC90004D6F64756C65735C466C61736844422D9E
:10ECA000312E312E325C736675645C7372635C73F3
:10ECB0006675642E630000007047000010B50448BC
:10ECC000FFF7C8FA002800D110BD0020C043FBE7C1
:10ECD0004005002072B6704762B67047FFB583B03A
:10ECE0000D4616461C460C9F0020029003980069B2
:10ECF0000190002E0BD0002D09D1134813A316A2AA
:10ED00004B2100901CA0FFF717FC00BFFEE7002F6F
:10ED10000BD0002C09D10C4825A30FA24F21009045
:10ED200015A0FFF709FC00BFFEE7FF223946204689
:10ED3000E5F7BFFFBBB2B1B222462846F1F70EFCA1
:10ED4000029807B0F0BD0000F9660300777269749D
:10ED5000655F62756600000028257329206861736D
:10ED600020617373657274206661696C65642061EB
:10ED7000742025732E0000002E2E5C436F6D70658D
:10ED80006E74735C4D6F64756C65735C466C617317
:10ED90006844422D312E312E325C736675645C708E
:10EDA0006F72745C736675645F706F72742E63004B
:10EDB000726561645F62756600000000F8B5064622
:10EDC0000C46E6F75EFD051E0F4600D0012001430C
:10EDD00049000B484908411AC90F0DD0002E01D037
:10EDE000012100E000210C4361004908401AC00FD6
:10EDF00002D10120F2F754FF28463946F8BD000041
:10EE00000000F07F1CB50020009001906846F0F7EC
:10EE1000B9F9002870D168460078F0210840011146
:10EE20000A204143684600780007000F0818C0B266
:10EE30007D21090140183449486168464078F02135
:10EE4000084001110A204143684640780007000F3E
:10EE50000818C0B2401E2C49086168468078F0212D
:10EE6000084001110A204143684680780007000FDE
:10EE70000818C0B22449C8606846C078F02108402C
:10EE800001110A2041436846C0780007000F0818A6
:10EE9000C0B21D49886068460079F0210840011120
:10EEA0000A204143684600790007000F0818C0B2E5
:10EEB0001549486068464079F021084001110A2050
:10EEC0004143684640790007000F0818C0B20E4958
:10EED000086068468079F021084000110A21484303
:10EEE000694689790907090F4018C0B20649886147
:10EEF000FAF7FCFA07E0FFE704A106A0EDF72AFE07
:10EF000006A0EDF727FE1CBDE48700204552524FB6
:10EF1000520000000A5B25735D000000525443203C
:10EF2000476574205254432054696D652045525200
:10EF30004F52000010B5FFF765FF114800681149F6
:10EF4000884204D3104840691049884215DB2C21BF
:10EF50000D48E5F7B5FE0D481C380B494861012006
:10EF6000C8600B46DA681B69591C074B586901F0E9
:10EF7000DFF805498861FAF7B9FAF0F761F910BDD1
:10EF800058000020805CB063E48700200208000085
:10EF90001FB52C2001213222009200230192029100
:10EFA0000390034A03A10648F5F7B6FF1FBD000012
:10EFB00089FA01004170702054696D65720000008B
:10EFC00040730020EEF766FAEDF706FE08E0EEF774
:10EFD0003BFCFAF78BF9E8F761FF6420F4F7D4FD06
:10EFE000F5E700001CB50124E9F744FDFBF7D2FA70
:10EFF000E9F73EFFA01E01AB01222021009031481D
:10F00000F5F732FD5CE0304840693049884203D270
:10F010002D48406900280ED1002C0CD00024E9F7BF
:10F02000F7FD012189032A48EDF742F9002026491E
:10F030007439887312E0002C03D1E9F71BFDFBF74C
:10F04000A9FA012420487438807AFF2804D1FBF7FC
:10F05000A1FAE9F7EDFD01E0E9F744FF1D48F4F7F7
:10F0600093FD0020C04301AB0122202100901548F0
:10F07000F5F7FAFC144874388079C007C00F0028EF
:10F080001ED0114874388079400840000E49743908
:10F09000887100208873E9F7EDFC0B487438807B99
:10F0A00001280BDB08487438807B042806DCFBF75A
:10F0B00029FA012004497439087301E0FBF76AFA60
:10F0C000A1E70000D47300205C87002050C300003B
:10F0D000800C0040DC05000004E003480068401C90
:10F0E00001490860F9E70000040000200025002421
:10F0F000E3E0EDF771FD681C85B27048007A0128E5
:10F100000ED180216E48EDF7D3F8FF2101316C4814
:10F11000EDF7CEF8012149026948EDF7C9F888E01A
:10F120006648007A022838D1644894300078002874
:10F1300004D0012811D002281ED11EE08021604891
:10F14000EDF7B4F8FF2101315D48EDF7B1F8012189
:10F1500049025B48EDF7ACF81EE0FF210131584849
:10F16000EDF7A4F880215648EDF7A2F801214902F5
:10F170005348EDF79DF80FE000BF012149025048C8
:10F18000EDF794F8FF2101314D48EDF791F880211A
:10F190004B48EDF78DF800BF4BE0642D00DB0025F8
:10F1A000632D38DB454894300078002804D00128CE
:10F1B00011D002281ED11EE080214148EDF776F8DB
:10F1C000FF2101313E48EDF773F8012149023C4827
:10F1D000EDF76EF81EE0FF2101313948EDF766F8D2
:10F1E00080213748EDF764F8012149023448EDF7F2
:10F1F0005FF80FE000BF012149023148EDF756F8F2
:10F20000FF2101312E48EDF753F880212C48EDF70E
:10F210004FF800BF0DE080212948EDF749F8FF21A4
:10F2200001312748EDF744F8012149022448EDF760
:10F230003FF8224880790007C00F00283AD0601CB0
:10F2400084B21E4894300078012811D1FF202D305F
:10F25000844205D132217D200001F6F70FF829E024
:10F26000FF202E30844225D10024E7F7E1FD21E084
:10F2700012489430007802281BDBFF202D30844296
:10F2800002D0801C844205D132217D200001F5F797
:10F29000F5FF08E0FF202E30844202D0801C84421B
:10F2A00001D1E7F7C5FDFF203030844202D10024B0
:10F2B00000E000246420F4F767FC1AE7E8860020E9
:10F2C000800C0040EEF7C4FD10E0094800794006CC
:10F2D000C00F002807D00648007940218843044920
:10F2E0000871FCF7CFFCC820F4F74EFCEDE70000F6
:10F2F000E886002000240025F0F7D8FBF0F7EEF8B0
:10F30000EEF75EF8FCF7D2FAF2F710F8EEF784FFAA
:10F31000EDF79AF9F0F77EFBEDF75EFC6DE1EDF7A6
:10F320005BFCB648F4F730FCB548C07B00285BD0E6
:10F330002046641C642853DBFEF766F9FF20F53095
:10F34000F4F722FCDC21AF48E5F7BAFC5820AD49C0
:10F350000870FE2048700220AB490870A849488A0E
:10F36000F0F784F8002802D0FF20A6494870A7488B
:10F370000078C007C00F002802D0FEF7AFF928E0E0
:10F38000A3A1A5A0EDF7E6FBA5A0EDF7E3FBAE4832
:10F39000FBF75AF906469C480078401C864210DB71
:10F3A00001229949A848FBF75FFA974802789549E6
:10F3B000A548FBF759FAA5480078401CA3490870F6
:10F3C00006E0A3A194A0EDF7C5FBA3A0EDF7C2FB57
:10F3D00000BF00208A49C8730024F0F71BFB0CE132
:10F3E0000020F0F70BFA08E1A0480068A04909687E
:10F3F000884203D928466D1C14287ADB0025EEF7D5
:10F4000049FFF0F70FFDFCF76FFD0120F0F7F6F96B
:10F41000FCF736FBFCF74AFAFCF70AFE7848743032
:10F4200000897D21C900884215DA754874308079D9
:10F43000032810DA7248743040698E4988420AD233
:10F440006F48743080698C49884204D200216C482E
:10F450009430017036E06A487430008987498842E8
:10F4600015DA674874308079042810DA64487430FB
:10F470004069834988420AD2614874308069814971
:10F48000884204D201215E48943001701AE05C4841
:10F49000743000897949884210DA5948743080798B
:10F4A00004280BDA5648743040697549884205D201
:10F4B0005348743080697349884203D3022150480D
:10F4C00094300170FF202D30F4F75EFB4C4874300F
:10F4D000808C73280EDA4A487430808C4B2809DB04
:10F4E0004748943001780120014345489430017029
:10F4F0000DE06DE042487430808C732807DB404893
:10F5000094300178022001433D48943001703C481A
:10F510007430C08C96280DDA39487430C08C642859
:10F5200008DB374894300178012001433448943097
:10F5300001700CE032487430C08C962807DB3048EC
:10F5400094300178022001432D48943001702C48FA
:10F550007430C06AC8280DD229487430C06A502857
:10F5600008D327489430017801200143244894307F
:10F5700001700CE022487430C06AC82807D32048C4
:10F5800094300178022001431D489430017000221C
:10F5900020213D48F5F7ACFA344800683449096841
:10F5A00088422AD8F1F7A6FE3848FBF7DFFA14485C
:10F5B000407904218843001D114948710846008B99
:10F5C0003C2148432A49096840182849086014E04A
:10F5D000EEF760FEF0F726FCEEF75CFEF0F722FC9B
:10F5E000FCF782FC0020F0F709F9FCF749FAFCF778
:10F5F0005DF9FCF71DFDFCF707FA90E6B80B00007B
:10F60000E88600201884002031000020D4B30020B8
:10F610005741524E000000000A5B25735D00000058
:10F620004C6F52612053656E644461746120466181
:10F63000696C2C205772697465204461746520548C
:10F640006F20436163686500FC8300203000002068
:10F650004552524F520000004C77726220416C724A
:10F66000656164792046756C6C00000034000020F0
:10F6700058000020B888000060EA0000DC050000A7
:10F68000409C000070110100D473002040B40020A1
:10F6900010B588B00446EEF781FBECF747F9F1F7B7
:10F6A00023F8FAF7BFFFEDF797FAFFF771FCB420E4
:10F6B0000121002207230393049205910690090378
:10F6C0002D4A02930092019100232C4A2CA131482B
:10F6D000F5F736FBB42001210022052303930492A1
:10F6E0000591069009032C4A029300920191002390
:10F6F0002A4A2BA12E48F5F723FBB4200121002232
:10F70000092303930492059106908902294A0293E2
:10F71000009201910023284A28A12B48F5F710FBFD
:10F72000B42001210022082303930492059106903E
:10F730008902264A0293009201910023244A25A1BE
:10F740002748F5F7FDFAB420012100220423039392
:10F750000492059106900903224A029300920191B6
:10F760000023214A21A12548F5F7EAFA2448F5F7B4
:10F77000B3FB08B010BD0000F0220020C5EF01006F
:10F7800074687265616420636F6D6D756E69636125
:10F790007465000038220020A8330020F5F2010033
:10F7A0007468726561642073656E736F7200000027
:10F7B000F032002018490020EDF0010074687265F5
:10F7C0006164206C6564000060480020D04D00201A
:10F7D000C5F201007468726561642070697200008E
:10F7E000184D002088520020E5EF01007468726512
:10F7F000616420646973706C61790000D0510020ED
:10F800001008002002E0C820F4F7BEF91A4800787A
:10F810000028F8D0642119480068E5F777F91749FE
:10F82000086008460068002801D11549086013489F
:10F830000068642148431349086000BF114800680C
:10F840001149086000200F4908600C480068E5F77E
:10F8500038FD05460C480068E5F733FD06462946A5
:10F86000E5F745FB04460949E5F700FB0449086054
:10F870006420F4F789F9E1E7000000200C00002083
:10F880000800002004000020100000200000C842F2
:10F89000FEB504460F4600200290A06E8047054644
:10F8A0000E467868E16E884213D92DA0EDF752F923
:10F8B0002FA02168EDF74EF9FF2261322EA13BA067
:10F8C000EDF748F93C4A3DA143A0EDF743F900BFED
:10F8D000FEE73246616E206E281A8A4111DA20A0B6
:10F8E000EDF738F922A02168EDF734F9616E206E4A
:10F8F0002A463346019100903F48EDF72BF903204B
:10F90000FEBD3A462146283120460196009500F07A
:10F9100071FA02900298002801D00298F0E72A4676
:10F9200033463946204600F08DFC029002980028AC
:10F9300001D00298E4E7616DA16466642564606D9E
:10F9400018306065A16D7868091AA165216D786825
:10F950001830091A2165666625660298D0E700000E
:10F960005B466C61736844425D5B74736C5D000060
:10F970005B25735D200000002E2E5C436F6D70656B
:10F980006E74735C4D6F64756C65735C466C61730B
:10F990006844422D312E312E325C7372635C666492
:10F9A000625F747364622E63000000002825733A5E
:10F9B00025642920000000009C5D0300626C6F62DA
:10F9C0002D3E73697A65203C3D2064622D3E6D6159
:10F9D000785F6C656E0000002825732920686173CC
:10F9E00020617373657274206661696C656420615F
:10F9F000742025732E0A00006483030010B592B0B2
:10FA000004460020059011490090234602460191CA
:10FA1000029004A92046FDF729FE0020206700215E
:10FA2000E162216661660023224628322046E16AAF
:10FA3000FDF70AF906A0EDF78DF809A02168EDF7AA
:10FA400089F809A0EDF786F812B010BDB572010073
:10FA50005B466C61736844425D5B74736C5D00006F
:10FA60005B25735D20000000416C6C20736563743E
:10FA70006F7220666F726D61742066696E6973685B
:10FA800065642E0A0000000010B535480088401C4F
:10FA9000334908803348408B002804D03148408BDC
:10FAA000401E304948833048408B002804D02E48FF
:10FAB000408B401E2C4948832C48408B002804D0A2
:10FAC0002A48408B401E294948832948408B0028FA
:10FAD00004D02748408B401E254948832548C08DC7
:10FAE000002805D02348C08D401E81B22148C18521
:10FAF0002148C069002804DD1F48C069401E1E4916
:10FB0000C8611D48006A002804DD1B48006A401EC9
:10FB1000194908621248008814281FDB0020104988
:10FB20000880F0F7A9FE15480068401C13490860DA
:10FB30001048C08D002808D10F48808A002804D0C2
:10FB40000D48808A401E0C4988820D4800780028A4
:10FB500004D00B480078401E0949087010BD000011
:10FB60005E000020AC970020D08F0020889F0020EE
:10FB700064A70020D08B0020E886002058000020D9
:10FB8000D600002010B588B004463423002227A1F7
:10FB90002948F4F7E3FF3423002228A12A48F4F788
:10FBA000DDFF282229A12C48F4F7ECFE2B492A4836
:10FBB000F4F7BEFFB4200121002202230393049234
:10FBC000059106900903264A0293009201910023B1
:10FBD000244A25A12848F5F7B3F8B42001210022D2
:10FBE0001E2303930492059106908902234A0293EF
:10FBF000009201910023224A22A12648F5F7A0F89D
:10FC0000B420012100221F23039304920591069042
:10FC10008902214A02930092019100231F4A20A1E8
:10FC20002248F5F78DF808B010BD00006D757465B9
:10FC3000785F696E666F00006C7300206D75746587
:10FC4000785F696963000000A07300206576656EC7
:10FC5000745F67726F757000D4730020395A0100A9
:10FC6000C808002091F60100746872656164207311
:10FC700074617274000000001008002080190020D8
:10FC800005F80100746872656164207374617475AD
:10FC900073000000C8180020381E0020D9F00100B1
:10FCA0007468726561642069646C6500801D002061
:10FCB000EFF31081C807C00F72B60121024A11602C
:10FCC000002800D162B670470008002010B5074830
:10FCD0000068002808D00020044908600024002C97
:10FCE00002D0204600F004F810BD000000080020FB
:10FCF000FEB50646002E00D1FEBDEFF31080C00712
:10FD0000C00F72B601903648006880193449086007
:10FD10003448006800280CD032480068B04205D949
:10FD200030480068801B2F49086002E001202D49FF
:10FD300008602D48056800270020009030E0286802
:10FD4000002823D02C6800BF2068202807D921680C
:10FD500020220098101A081A401C206002E0009827
:10FD6000401C206024692868A042EDD10020296849
:10FD700049690861002F01D12F6805E02868796979
:10FD80000861286840697861002028602D1D1748A7
:10FD90000068854201D3164805680098401C009011
:10FDA00000982028CBD3124800680F4908600FE064
:10FDB0003C4627692068B04203D92068801B206038
:10FDC00001E0012020600020A0612046F4F7D2FC71
:10FDD000002FEDD10198002800D162B600BF8BE75B
:10FDE000CC070020FC070020DC070020D8070020FB
:10FDF000D4070020FFB587B005460C460026607882
:10FE0000022877D1A16A099840681830814271D2DE
:10FE1000E06A1838049067682420005D002844D107
:10FE200000BF0121062305AA0091019039461C312B
:10FE30002846F2F763F90646002E02D030460BB092
:10FE4000F0BD00BF00BF002008232A4660323946BB
:10FE5000103100902846F1F755FF0646002E01D0DC
:10FE60003046ECE700BF00BF0020042304AA394657
:10FE7000183100902846F1F745FF0646002E01D0C4
:10FE80003046DCE700BF00BF01200221062305AA9F
:10FE90000091019039461C312846F2F72FF90646A9
:10FEA000002E01D03046CAE748E02520005D00283A
:10FEB00044D100BF0121062305AA009101903946D3
:10FEC0002C312846F2F71AF90646002E01D03046AA
:10FED000B5E700BF00BF002008232A46603239463C
:10FEE000203100902846F1F70DFF0646002E02D083
:10FEF0003046A4E76CE000BF00BF0020042304AA42
:10FF00003946283100902846F1F7FCFE0646002EBF
:10FF100001D0304693E700BF00BF01200221062335
:10FF200005AA0091019039462C312846F2F7E6F8EF
:10FF30000646002E01D0304681E700BF00BF0120F9
:10FF40000321042306AA0091019039462846F2F7BE
:10FF5000D5F80646002E01D0304670E700BF0320DA
:10FF600060706068E96840182969884204D2606856
:10FF7000E9684018039008E07420405D002802D032
:10FF80000020039001E0072059E700232A46283289
:10FF900028460399FCF758FE6078012817D0E968D5
:10FFA000039808182969884204D2E9680398081858
:10FFB000286701E00020286728460399F7F786F9AB
:10FFC00000232A46283228460399FCF73DFE04E028
:10FFD0006078032801D1072031E76078012827D114
:10FFE00002206070119910986161206100BF0120AA
:10FFF000022100910190042306AA28466168F2F7C5
:020000040002F8
:100000007DF80646002E01D0304618E700BF00BF3D
:1000100001200090606801460831082310AA284694
:10002000F1F770FE0646002E01D0304607E700BF0C
:10003000304604E7FEB504460025E76B002C09D1E5
:10004000184819A31AA22249009022A0FEF774FAB8
:1000500000BFFEE717E001A92046FEF7C5FB0546F5
:10006000002D06D168460079C007C00F002800D1D6
:100070000AE0A66B002F01D1042505E0002E00D078
:10008000B0477F1E00BFE6E700BF002D05D16846E0
:100090000079C007C00F002802D01BA0FEF772FA3B
:1000A0002846FEBD56660300666C6173680000005A
:1000B0002825732920686173206173736572742029
:1000C0006661696C65642061742025732E000000F0
:1000D000CB0300002E2E5C436F6D70656E74735CF5
:1000E0004D6F64756C65735C466C61736844422D3A
:1000F000312E312E325C736675645C7372635C738F
:100100006675642E630000004572726F723A204675
:100110006C617368207761697420627573792068F7
:10012000617320616E206572726F722E0000000094
:10013000F7B584B00E46374606980390022F03DCCD
:100140000498401E04900C3764210498E4F7F4FCF2
:10015000044664210498E4F7EFFC0D46791C0D2257
:10016000514308460521E4F7E7FC0246E017810FFA
:10017000081980106100401A4019E9178B0F5919AE
:100180008910401811180195009403980818401E12
:10019000029007210298E4F7CFFC084607B0F0BDB3
:1001A00070B504460D46164613480068002806D16F
:1001B000124A13A115A0ECF7CDFC00BFFEE70E48D4
:1001C00000682030007D002806D10C4A17A10FA03E
:1001D000ECF7C0FC00BFFEE71948806901192B4607
:1001E000324605480068FEF7F5FB002802D00020E3
:1001F000C04370BD3046FCE7F404002022620300D7
:10020000736675645F6465760000000028257329B5
:100210002068617320617373657274206661696C14
:1002200065642061742025732E0A0000736675646E
:100230005F6465762D3E696E69745F6F6B000000C8
:10024000F8040020F0B51FB48AB00F4615461E46CC
:1002500000240A98406D03907868089007960695E8
:100260000A98816D0898081A099000BF00200121A2
:10027000062304AA0091019003990A98F1F73EFF22
:100280000446002C02D020460FB0F0BD00BF00BFD6
:100290000020102306AA0090039908310A98F1F76C
:1002A00031FD0446002C01D02046EDE700BF00BF21
:1002B000002000907B683A6809990A98F1F722FDBE
:1002C0000446002C01D02046DEE700BF00BF01201D
:1002D0000221062304AA0091019003990A98F1F7DC
:1002E0000DFF0446002C01D02046CDE700BF20467C
:1002F000CAE70000F0B58DB006460F46154600244B
:1003000054E0B168095D0902631CB268D25C8918C7
:1003100009B22046E20F12185210520009AB99524E
:10032000E10F09194910490009AA0794515E6A7939
:100330008818E4F7BBFF02902879E4F7C2FF1E4952
:100340000090E4F73EFD01900299E4F793FD1B490C
:100350000390E4F787FD0590E878E4F7B2FF039097
:10036000A878E4F7AEFF8721C9050190E4F782FD84
:1003700002900399E4F725FD0121C9074840049044
:100380000599E4F777FD0E490690E4F7B0FD089073
:100390000898E4F7D8FF0004000E38550898E4F7F1
:1003A000D2FFC1B2601C3954A01CC4B27079A04203
:1003B000A7DC00200DB0F0BD000020440000FA488A
:1003C00000803B4BF8B50446207801236A46B721EC
:1003D0006669B0470546002D02D00220C043F8BD33
:1003E00068460078002811D068460078402108400F
:1003F000002802D00520C043F1E76846007880213C
:100400000840002802D00620C043E8E70020E6E7C5
:10041000FFB581B005460E4617463A463146284696
:10042000049BF9F7B9FB44B2002C02D0204605B07A
:10043000F0BD0020FBE7F0B585B007460D46164637
:100440001C4614216846E4F73BFC684605702246CA
:100450003146401CE4F70CFC621C69463846F9F74B
:100460005BFB40B205B0F0BDF0B585B00446621C40
:1004700001A9606AFFF73EFF0646002E02D0304613
:1004800005B0F0BD626A53791179207801AAA76995
:10049000B8470546002D02D00220C043F0E7676A46
:1004A0007B7B397B20783A69A7690097B847054676
:1004B000002D02D00220C043E2E7636A5B7D009317
:1004C000636A197D20789A69A769009BB847054639
:1004D000002D02D00220C043D2E7676A7B7F397FBC
:1004E00020783A6AA7690097B8470546002D02D0E0
:1004F0000220C043C4E70020C2E7F0B58FB0044635
:100500002078012303AAB7216769B8470546002D63
:1005100003D00220C0430FB0F0BD621C0BA9206ABB
:10052000FFF7E8FE0646002E01D03046F3E7226AC8
:100530005379117920780BAAA769B8470546002D91
:1005400002D00220C043E6E7206A437B017B0269B8
:1005500020780190A769B8470546002D02D00220F7
:10056000C043D8E7206A437D017D826920780190ED
:10057000A769B8470546002D02D00220C043CAE74C
:10058000276A7B7F397F20783A6AA7690197B84745
:100590000546002D02D00220C043BCE7207801238D
:1005A0009321A769226AB8470546002D02D0022090
:1005B000C043B0E700BF02A9204600F0DEF80646BF
:1005C000002E01D03046A6E73220E1698847684610
:1005D000007A802108400028EDD1226A2432537825
:1005E000226A20321179207803AA6769B847054644
:1005F000002D02D00220C0438DE76846007B010237
:100600006846407B014361816846807B0002694601
:10061000C97B0843208100207DE701464A69002A02
:1006200005D08A69002A02D0CA69002A02D10820AE
:10063000C04300E00020704770B505462846FFF72C
:100640005CFF0446002C01D0204670BD3220E969D1
:1006500088472846FFF708FF0446002C01D02046B3
:10066000F3E70020F1E7F8B504460D46626A24324C
:100670005378626A2032117920782A466669B04739
:100680000746002F02D00220C043F8BD0020FCE73F
:10069000F0B587B004460021069103910020029036
:1006A0002046FFF7BAFF0646002E02D0304607B0BC
:1006B000F0BD00BF2078012303AA9321A769B847A2
:1006C0000546002D02D00220C043F0E706A92046CF
:1006D00000F053F80646002E01D03046E7E70298B6
:1006E000401C80B20290C820E16988476846007EBD
:1006F00080210840002802D002980F28DADB0298F7
:100700000F2802DB0120C043D1E72078022305AA8D
:1007100000216769B8470546002D02D00220C0437A
:10072000C5E76846007D01026846407D081880B232
:100730000490A1890498814202D00320C043B6E707
:1007400020780623621C20216769B8470546002DE2
:1007500002D00220C043AAE7606A2030037B2078E1
:100760002269019026216769B8470546002D02D00D
:100770000220C0439BE7002099E7F8B504460D46E8
:10078000207801236A4694216669B0470746002F06
:1007900002D00220C043F8BD6846007828700020CF
:1007A000F9E710B504462046F3F7EEF910BD70B531
:1007B0000446207801239321A569626AA84706466A
:1007C000002E02D00220C04370BD0020FCE7686B01
:1007D00074537069325772697465526561644E4230
:1007E000797465001F0000001C0000001F0000005D
:1007F0001E0000001F0000001E0000001F0000007F
:100800001F0000001E0000001F0000001E0000006E
:100810001F00000072656164416C746974756465E1
:10082000416E6450726573737572650072656164C0
:10083000504952446174615F416C6C426974730049
:1008400072656164504952416C6C4461746100008E
:1008500001020408000030600000803F0000003FFB
:1008600000000040000080400000C03F0000204029
:100870000000404000006040726561644C69676838
:1008800074496E74656E7369747900424D0000009E
:10089000537069466C6173685F496E69740000004B
:1008A0000000000000000000000000000100000047
:1008B00000000000460000000000000000000000F2
:1008C0000000000000000000000000000000000028
:1008D0000000000000000000000000000000000018
:1008E0000000000000000000000000000000000008
:1008F00000000000000000000000000C00000000EC
:1009000000000000000000000000000000000000E7
:1009100000000000000000000000000000000000D7
:100920000000000000000007FFFC0000000C0000B9
:10093000000030E071C0071C70E038E03860000053
:1009400000000000000000000000000000000000A7
:1009500000000000000000000007FFFC000000ECA9
:100960000000000031F0F9E0079E79F079F078603E
:100970000000000000000000000000000000000077
:10098000000000000000000000000006000F8000D2
:1009900000EC000000007136DB200CB2C9304DB015
:1009A0004CE000000000000000000000000000001B
:1009B0000000000000000000000000000006000F22
:1009C000800000EC0000000031F63B2000B208304F
:1009D0004DE04C600000000000000000000000003E
:1009E0000000000000000000000000000000000601
:1009F000FFEF800006EC0000000031F03B2001B268
:100A000018604DB04C6000000000000000000000C5
:100A100000000000000000000000000000000000D6
:100A20000006FFEF800006EC0000000031300B20D4
:100A3000033230CF4D3F4C6000000000000000004A
:100A400000000000000000000000000000000000A6
:100A500000000006FFEF800006EC0000000031B04F
:100A6000DB60063661806DB06C6000000000000045
:100A70000000000000000000000000000000000076
:100A8000000000000006FFEF800066EC00000000A0
:100A900031E679E00F9EF9F079E07860000000001F
:100AA0000000000000000000000000000000000046
:100AB0000000000000000006000C000066EC0000D2
:100AC0000000000000000000000000000000000026
:100AD0000000000000000000000000000000000016
:100AE00000000000000000000007FFFC000066ECB2
:100AF00000000000000000000000000000000000F6
:100B000000000000000000000000000000000000E5
:100B1000000000000000000000000007FFFC0000D3
:100B200066EC000000000000000000000000000073
:100B300000000000000000000000000000000000B5
:100B400000000000000000000000000000000000A5
:100B50000000000000000000000000000000000095
:100B60000000000000000000000000000000000085
:100B70000000000000000000000000000000000075
:100B80000000000000000000000000000000000065
:100B90000000000000000000000000000000000055
:100BA0000000000000000000000000000000000045
:100BB0000000000000000000000000000000000035
:100BC0000000000000000000000000000000000025
:100BD0000000000000000000000000000000000015
:100BE0000000000000000000000000000000000005
:100BF00000000000000000000000000000000000F5
:100C000000000000000000000000000000000000E4
:100C100000000000000000000000000000007FFF56
:100C2000FFFFFFFFFFFFFFFFFFFFFFFFFFFFFFFFD4
:100C3000FFFFFFFFFFFFFFFFFFFFFFFFFFFFFFFFC4
:100C4000FFFFFFFFFFFFFFFFFFFFFFFFFFFFFFFFB4
:100C50000000000000000000000000000000000094
:100C60000000000000000000000000000000000084
:100C70000000001000000000000000000000000064
:100C80000000000000000000000000000000000064
:100C90000000000000000000000000000000000054
:100CA0000000000000100000000000000000000034
:100CB0000000000000000000000000000000000034
:100CC0000000000000000000000000000000000024
:100CD0000000000000000010000000000000000004
:100CE0000000000000000000000000000000000004
:100CF00000000000000000000000000000000000F4
:100D000000000000000000000010000000000000D3
:100D100000000000000000000000000000000000D3
:100D200000000000000000000000000000000000C3
:100D300000000000000000000000001000000000A3
:100D400000000000000000000000000000000000A3
:100D50000000000000000000000000000000000093
:100D60000000000000000000000000000010000073
:100D70000000000000000000000000000000000073
:100D80000000000000000000000000000000000063
:100D90000000000000000000000000000000001043
:100DA0000000000000000000000000000000000043
:100DB0000000000000000000000000000000000033
:100DC0000000000000000000000000000000000023
:100DD0000010000000000000000000000000000003
:100DE0000000000000000000000000000000000003
:100DF00000000000000000000000000000000000F3
:100E000000000010000000000000000000000000D2
:100E100000000000000000000000000000000000D2
:100E200000000000000000000000000000000000C2
:100E300000000000001000000000000000000000A2
:100E400000000000000000000000000000000000A2
:100E50000000000000000000000000000000000092
:100E60000000000000000010000000000000000072
:100E70000000000000000000000000000000000072
:100E80000000000000000000000000000000000062
:100E90000000000000000000001000000000000042
:100EA0000000000000000000000000000000000042
:100EB0000000000000000000000000000000000032
:100EC0000000000000000000000000100000000012
:100ED0000000000000000000000000000000000012
:100EE0000000000000000000000000000000000002
:100EF00000000000000000000000000000100000E2
:100F000000000000000000000000000000000000E1
:100F100000000000000000000000000000000000D1
:100F200000000000000000000000000000000010B1
:100F300000000000000000000000000000000000B1
:100F400000000000000000000000000000000000A1
:100F50000000000000000000000000000000000091
:100F60000010000000000000000000000000000071
:100F70000000000000000000000000000000000071
:100F80000000000000000000000000000000000061
:100F90000000001000000000000000000000000041
:100FA0000000000000000000000000000000000041
:100FB0000000000000000000000000000000000031
:100FC0000000000000100000000000000000000011
:100FD0000000000000000000000000000000000011
:100FE0000000000000000000000000000000000001
:100FF000000000000000001000000000FFFFFFFFE5
:10100000FFF80000000000000000000000000000E9
:1010100000000000000000000000000000000000D0
:101020000000000000000000001000000000FFFFB2
:10103000FFFFFFF8000000000000000000000000BB
:10104000008000040000000000000000000000001C
:101050000000000000000000000000100000000080
:10106000FFFFFFFFFFF8000000000000000000008D
:10107000000001C0000E00000000000000000000A1
:101080000000000000000000000000000010000050
:101090000000FFFFFFFFFFF800000000000000005D
:1010A0000000000003E0001F00000000000000003E
:1010B0000000000000000000000000000000001020
:1010C00000000000F00000000078000000000000B8
:1010D0000000000000000770003F800000000000DA
:1010E0000000000000000000000000000000000000
:1010F000001000000000F000000000780000000078
:101100000000001E00F000000FF8007BC00000008F
:1011100000000000000000000000000000000000CF
:101120000000001000000000F00000000078000047
:1011300000000000007F03FC00001DDC00FBE0005D
:10114000000000000000000000000000000000009F
:1011500000000000001000000000F0000000007817
:1011600000000000000000E3879E000039CE01FB74
:10117000F00000000000000000000000000000007F
:10118000000000000000001000000000F00000005F
:10119000007800000000000001C1CE07000071C708
:1011A00003FBF80000000000000000000000000049
:1011B0000000000000000000001000000000F0002F
:1011C000000000780000000000000180CC03000057
:1011D000E1C387FBFC0000000000000000000000ED
:1011E00000000000000000000000001000000000EF
:1011F000F0000000007800000000000001800C03F7
:101200000001C1C1CFFBFE00000000000000000093
:1012100000000000000000000000000000100000BE
:101220000000F00F800F80780000000000000180B7
:101230000C030000E1C38FFBFC0000000000000075
:10124000000000000000000000000000000000108E
:1012500000000000F00F800F807800000000000008
:1012600001800C037C0071C707FBF8000000000040
:10127000000000000000000000000000000000006E
:10128000001000000000F00F800F807800000000C8
:10129000000001800C036E0039CE03FFF000000057
:1012A000000000000000000000000000000000003E
:1012B0000000001000000000700F800F8078000018
:1012C000000000000180CC030E001DDC01FBE000EB
:1012D000000000000000000000000000000000000E
:1012E00000000000001000000000700F800F8078E8
:1012F00000000000000001C1CE071C000FF800FB39
:10130000C00000000000000000000000000000001D
:10131000000000000000001000000000700F800FAF
:10132000807800000000000000E3879E380007700E
:10133000007F8000000000000000000000000000AE
:101340000000000000000000001000000000F00F8E
:10135000800F8078000000000000007F83FC7E008A
:1013600003E0003F0000000000000000000000005B
:10137000000000000000000000000010000000005D
:10138000F00F800F8078000000000000001E00F0C9
:101390007E0001C0001E00000000000000000000F0
:1013A000000000000000000000000000001000002D
:1013B0000000F00F800F80780000000000000000A7
:1013C000000000000080000C000000000000000091
:1013D00000000000000000000000000000000010FD
:1013E00000000000F0000000007800000000000095
:1013F00000000000000000000000000000000000ED
:1014000000000000000000000000000000000000DC
:10141000001000000000F000000000780000000054
:1014200000000000000000000000000000000000BC
:1014300000000000000000000000000000000000AC
:101440000000001000000000F00000000078000024
:10145000000000000000000000000000000000008C
:10146000000000000000000000000000000000007C
:1014700000000000001000000000F00000000078F4
:10148000000000000000000000000000000000005C
:10149000000000000000000000000000000000004C
:1014A000000000000000001000000000F00000003C
:1014B00000780000000000000000000000000000B4
:1014C000000000000000000000000000000000001C
:1014D0000000000000000000001000000000F0000C
:1014E0000000007800000000000000000000000084
:1014F00000000000000000000000000000000000EC
:1015000000000000000000000000001000000000CB
:10151000F000000000780000000000000000000063
:1015200000000000000000000000000000000000BB
:10153000000000000000000000000000001000009B
:101540000000F00000000078000000000000000033
:10155000000000000000000000000000000000008B
:10156000000000000000000000000000000000106B
:1015700000000000F003000E0078000000000000F2
:10158000000000000000000000000000000000005B
:10159000000000000000000000000000000000004B
:1015A000001000000000F007801E0078000000001E
:1015B000000000000000000000000000000000002B
:1015C000000000000000000000000000000000001B
:1015D0000000001000000000F00FE07F0078000025
:1015E00000000000000000000000000000000000FB
:1015F00000000000000000000000000000000000EB
:1016000000000000001000000000F00FF8FF00785C
:1016100000000000000000000000000000000000CA
:1016200000000000000000000000000000000000BA
:10163000000000000000001000000000F007FFFEA6
:101640000078000000000000000000000000000022
:10165000000000000000000000000000000000008A
:101660000000000000000000001000000000F00179
:10167000FFF80078000000000000000000000000FB
:10168000000000000000000000000000000000005A
:10169000000000000000000000000010000000003A
:1016A000F0007FF000780000000000000000000063
:1016B000000000000000000000000000000000002A
:1016C000000000000000000000000000001000000A
:1016D0000000F0003FC000780000000000000000A3
:1016E00000000000000000000000000000000000FA
:1016F00000000000000000000000000000000010DA
:1017000000000000F0000F800078000000000000E2
:1017100000000000000000000000000000000000C9
:1017200000000000000000000000000000000000B9
:10173000001000000000F00006000078000000002B
:101740000000000000000000000000000000000099
:101750000000000000000000000000000000000089
:101760000000001000000000F00000000078000001
:101770000000000000000000000000000000000069
:101780000000000000000000000000000000000059
:1017900000000000001000000000F00000000078D1
:1017A0000000000000000000000000000000000039
:1017B0000000000000000000000000000000000029
:1017C000000000000000001000000000F000000019
:1017D0000078000000000000000000000000000091
:1017E00000000000000000000000000000000000F9
:1017F0000000000000000000001000000000FFFFDB
:10180000FFFFFFF8000000000000000000000000E3
:1018100000000000000000000000000000000000C8
:1018200000000000000000000000001000000000A8
:10183000FFFFFFFFFFF800000000000000000000B5
:101840000000000000000000000000000000000098
:101850000000000000000000000000000010000078
:101860000000FFFFFFFFFFF8000000000000000085
:101870000000000000000000000000000000000068
:101880000000000000000000000000000000001048
:1018900000000000FFFFFFFFFFF800000000000055
:1018A0000000000000000000000000000000000038
:1018B0000000000000000000000000000000000028
:1018C0000010000000000000000000000000000008
:1018D0000000000000000000000000000000000008
:1018E00000000000000000000000000000000000F8
:1018F00000000010000000000000000000000000D8
:1019000000000000000000000000000000000000D7
:1019100000000000000000000000000000000000C7
:1019200000000000001000000000000000000000A7
:1019300000000000000000000000000000000000A7
:101940000000000000000000000000000000000097
:101950000000000000000010000000000000000077
:101960000000000000000000000000000000000077
:101970000000000000000000000000000000000067
:101980000000000000000000001000000000000047
:101990000000000000000000000000000000000047
:1019A0000000000000000000000000000000000037
:1019B0000000000000000000000000100000000017
:1019C0000000000000000000000000000000000017
:1019D0000000000000000000000000000000000007
:1019E00000000000000000000000000000100000E7
:1019F00000000000000000000000000000000000E7
:101A000000000000000000000000000000000000D6
:101A100000000000000000000000000000000010B6
:101A200000000000000000000000000000000000B6
:101A300000000000000000000000000000000000A6
:101A40000000000000000000000000000000000096
:101A50000010000001FBB1E3E6187EC4FC000000AA
:101A600000000000000000000000000000038000F3
:101A700038000FF8000FF000000000000000000028
:101A80000000001000000181E332061860E430001D
:101A9000000000000000000000000000000000073F
:101AA000800078003FFC003FFC00000000000000C8
:101AB00000000000001000000180E312061860E43E
:101AC00030000000000000000000000000000000E6
:101AD000000F8000F8007FFF007FFE000000000084
:101AE0000000000000000010000001F0C203E61832
:101AF0007CF4300000000000000000000000000046
:101B00000000001F8001F800FFFF007FFF000000C1
:101B10000000000000000000001000000180E20250
:101B2000061860DC3000000000000000000000002B
:101B300000000000003F8003F801F81F80FC1F0038
:101B40000000000000000000000000100000018103
:101B5000F332061860DC30000000000000000000D6
:101B6000000000000000007F8007F801F00F80F007
:101B70000F800000000000000000000000100000C6
:101B800001FB33F3E7DF7ECC3000000000000000F3
:101B9000000000000000000001FF801FF801E007C6
:101BA000C1F00780000000000000000000000010ED
:101BB000000001FB18C3E7DF7EC430000000000016
:101BC0000000000000000000000003FF803FF80359
:101BD000C003C1E00780000000000000000000001A
:101BE00000100000000000000000000000000000E5
:101BF00000000000000000000000000003F7803F2C
:101C00007803C003C1E003C0000000000000000032
:101C100000000010000000000000000000000000B4
:101C2000000000000000000000000000000003C7EA
:101C3000803C78000003C1E003C000000000000009
:101C40000000000000100000000000000000000084
:101C50000000000000000000000000000000000084
:101C60000307803078000007C3E003C000000000D5
:101C70000000000000000010000000000000000054
:101C80000000000000000000000000000000000054
:101C90000000000780007800000783C003C0000038
:101CA0000000000000000000001000000000000024
:101CB0000000000000000000000000000000000024
:101CC00000000000000780007800000F83C003C000
:101CD00000000000000000000000001000000000F4
:101CE00000000000000000000000000000000000F4
:101CF000000000000000000780007800001F03C003
:101D000003C0000000000000000000000010000000
:101D100000000000000000000000000000000000C3
:101D20000000000000000000000780007800001F95
:101D300003C003C00000000000000000000000100D
:101D40000000000000000000000000000000000093
:101D50000000000000000000000000078000780084
:101D6000003E03C003C000000000000000000000AF
:101D70000010000000000000000000000000000053
:101D800000000000000000000000000000078000CC
:101D90007800007C03C003C00000000000000000C9
:101DA0000000001000000000000000000000000023
:101DB000000000000000000000000000000000071C
:101DC0008000780001F803C003C00000000000009C
:101DD00000000000001000000000000000000000F3
:101DE00000000000000000000000000000000000F3
:101DF00000078000780003F003C003C0000000006B
:101E000000000000000000100000000000000000C2
:101E100000000000000000000000000000000000C2
:101E2000000000078000780007E003C003C0000046
:101E30000000000000000000001000000000000092
:101E40000000000000000000000000000000000092
:101E5000000000000007800078000FC001E003C010
:101E60000000000000000000000000100000000062
:101E70000000000000000000000000000000000062
:101E80000000000000000007800078001F8001E0D3
:101E900003C000000000000000000000001000006F
:101EA0000000000000000000000000000000000032
:101EB00000000000000000000007800078003F00E4
:101EC00001E007C00000000000000000000000105A
:101ED0000000000000000000000000000000000002
:101EE00000000000000000000000000780007800F3
:101EF0007C0001E0078000000000000000000000FE
:101F000000100000000000000000000000000000C1
:101F1000000000000000000000000000000780003A
:101F20007800F80001F00F800000000000000000C1
:101F30000000001000000000000000000000000091
:101F4000000000000000000000000000000000078A
:101F500080007801F00000F81F8000000000000001
:101F600000000000001FFFFFFFFFFFFFFFFFFFFF5C
:101F7000FFFFFFFF00000000000000000000000065
:101F8000000780007801FFFFC0FE3F000000000056
:101F90000000000000000010000000000000000031
:101FA0000000000000000000000000000000000031
:101FB0000000000780007803FFFFC07FFF000000E3
:101FC0000000000000000000001000000000000001
:101FD0000000000000000000000000000000000001
:101FE00000000000000780007803FFFFC03FFE00F4
:101FF00000000000000000000000001000000000D1
:1020000000000000000000000000000000000000D0
:10201000000000000000000780007803FFFFC01FE1
:10202000F8000000000000000000000000100000A8
:1020300000000000000000000000000000000000A0
:102040000000000000000000000000000000000090
:102050000003E0000000000000000000000000108D
:102060000000000000000000000000000000000070
:102070000000000000000000000000000000000060
:102080000000000000000000000000000000000050
:102090000010000000000000000000000000000030
:1020A0000000000000000000000000000000000030
:1020B0000000000000000000739F8000000000008E
:1020C0000000001000000000000000000000000000
:1020D0000000000000000000000000000000000000
:1020E000000000000000000000007BDFC0000000D6
:1020F00000000000001000000000000000000000D0
:1021000000000000000000000000000000000000CF
:102110000000000000000000000000004A5AC0005B
:10212000000000000000001000000000000000009F
:10213000000000000000000000000000000000009F
:1021400000000000000000000000000000004A5AEB
:10215000C0000000000000000010000000000000AF
:10216000000000000000000000000000000000006F
:10217000000000000000000000000000000000005F
:102180007BDAC000000000000000001000380000F2
:10219000000000000000000000000000000000003F
:1021A000000000000000000000000000000000002F
:1021B0000000739AC0000000000000000010007EC4
:1021C000000000000000000000000000000000000F
:1021D00000000000000000000000000000000000FF
:1021E000000000004200000000000000000000109D
:1021F00000EE0000000000000000000000000000F1
:1022000000000000000000000000000000000000CE
:10221000000000000000420000000000000000007C
:10222000001000C6000000000000000000000000D8
:10223000000000000000000000000000000000009E
:10224000000000000000000000000000000000008E
:102250000000001000DE0000000000000000000090
:10226000000000000000000000000000000000006E
:10227000000000000000000000000000000000005E
:1022800000000000001000DE000000000000000060
:10229000000000000000000000000000000000003E
:1022A000000000000000000000000000000000002E
:1022B000000000000000001000DE00000000000030
:1022C000000000000000000000000000000000000E
:1022D00000000000000000000000000000000000FE
:1022E0000000000000000000001000DE0000000000
:1022F00000000000000000000000000000000000DE
:1023000000000000000000000000000000000000CD
:1023100000000000000000000000001000DE0000CF
:1023200000000000000000000000000000000000AD
:10233000000000000000000000000000000000009D
:10234000000000000000000000000000001001DF9D
:10235000000000000000000000000000000000007D
:10236000000000000000000000000000000000006D
:10237000000000000000000000000000000000104D
:1023800001DB8000000000000000000000000000F1
:10239000000000000000000000000000000000003D
:1023A000000000000000000000000000000000002D
:1023B0000010039B800000000000000000000000EF
:1023C000000000000000000000000000000000000D
:1023D00000000000000000000000000000000000FD
:1023E0000000001003398000000000000000000021
:1023F00000000000000000000000000000000000DD
:1024000000000000000000000000000000000000CC
:10241000000000000010033D8000000000000000EC
:1024200000000000000000000000000000000000AC
:10243000000000000000000000000000000000009C
:102440000000000000000010033D800000000000BC
:10245000000000000000000000000000000000007C
:10246000000000000000000000000000000000006C
:102470000000000000000000001003BB800000000E
:10248000000000000000000000000000000000004C
:10249000000000000000000000000000000000003C
:1024A00000000000000000000000001001C78000D4
:1024B000000000000000000000000000000000001C
:1024C000000000000000000000000000000000000C
:1024D000000000000000000000000000001001FFEC
:1024E00000000000000000000000000000000000EC
:1024F00000000000000000000000000000000000DC
:1025000000000000000000000000000000000010BB
:10251000007C00000000000000000000000000003F
:1025200000000000000000000000000000000000AB
:10253000000000000000000000000000000000009B
:10254000001000000000000000000000000000007B
:10255000000000000000000000000000000000007B
:10256000000000000000000000000000000000006B
:10257000000000100000000000000000000000004B
:10258000000000000000000000000000000000004B
:10259000000000000000000000000000000000003B
:1025A000000000000010000000000000000000001B
:1025B000000000000000000000000000000000001B
:1025C000000000000000000000000000000000000B
:1025D00000000000000000100000000000000000EB
:1025E00000000000000000000000000000000000EB
:1025F00000000000000000000000000000000000DB
:1026000000000000000000000010000000000000BA
:1026100000000000000000000000000000000000BA
:1026200000000000000000000000000000000000AA
:10263000000000000000000000000010000000008A
:10264000000000000000000000000000000000008A
:10265000000000000000000000000000000000007A
:10266000000000000000000000000000001000005A
:10267000000000000000000000000000000000005A
:10268000000000000000000000000000000000004A
:10269000000000000000000000000000000000102A
:1026A000000000000000000000000000000000002A
:1026B000000000000000000000000000000000001A
:1026C000000000000000000000000000000000000A
:1026D00000100000000000000000000000000000EA
:1026E00000000000000000000000000000000000EA
:1026F00000000000000000000000000000000000DA
:1027000000000010000000000000000000000000B9
:1027100000000000000000000000000000000000B9
:1027200000000000000000000000000000000000A9
:102730000000000000100000000000000000000089
:102740000000000000000000000000000000000089
:102750000000000000000000000000000000000079
:102760000000000000000010000000000000000059
:102770000000000000000000000000000000000059
:102780000000000000000000000000000000000049
:102790000000000000000000001000000000000029
:1027A0000000000000000000000000000000000029
:1027B0000000000000000000000000000000000019
:1027C00000000000000000000000001000000000F9
:1027D00000000000000000000000000000000000F9
:1027E00000000000000000000000000000000000E9
:1027F00000000000000000000000000000100000C9
:1028000000000000000000000000000000000000C8
:1028100000000000000000000000000000000000B8
:102820000000000000000000000000000000001098
:102830000000000000000000000000E000000000B8
:102840000000000020000000000000000000000068
:102850000000000000000000000000000000040074
:1028600000100000000000000000000000A00000B8
:102870000000000000002000000000000000000038
:102880000000000000000000000000000000000048
:10289000040000100000000000000000000000E044
:1028A0000000000000000000200000000000000008
:1028B0000000000000000000000000000000000018
:1028C00000000400001000000000000000000000F4
:1028D0000007E000000000000000200000000000F1
:1028E00000000000000000000000000000000000E8
:1028F00000000000040000100000000000000000C4
:102900000000000400000000000CE7382000000078
:1029100000000000000000000000000000000000B7
:102920000000000000000400001000000000000093
:1029300000000000000400000000001DBDEC2000AD
:102940000000000000000000000000000000000087
:102950000000000000000000040000100000000063
:102960007C0007C000000007C0000000001DEDEC67
:102970002000000000000000000000000000000037
:102980000000000000000000000004000010000033
:102990000001FF801FF00000000400000000000D97
:1029A000FDEC20000000000000000000000000001E
:1029B0000000000000000000000000000400001003
:1029C00000000003FFC07FF80000000400000000CA
:1029D000000DBDEC20000000000000000000000021
:1029E00000000000000000000000000000000400E3
:1029F000001000000007FFE07FFC00000004000062
:102A00000000000CFFFC200000000000000000009F
:102A100000000000000000000000000000000000B6
:102A2000040000100000000F83E0F83E00000004E6
:102A300000000000000CE73820000000000000004B
:102A40000000000000000000000000000000000086
:102A50000000040000100000000F01F0F01E000054
:102A60000004000000000000000020000000000042
:102A70000000000000000000000000000000000056
:102A800000000000040000100000001E00F0E00E36
:102A90000000000000000000000000002000000016
:102AA0000000000000000000000000000000000026
:102AB000000000000000040000100000001E00C024
:102AC000E00E0000000000000000000000002000F8
:102AD00000000000000000000000000000000000F6
:102AE0000000000000000000040000100000001CB6
:102AF0000000F01E0003C000000000000000000005
:102B000020000000000000000000000000000000A5
:102B100000000000000000000000040000100000A1
:102B2000001C3C00F01E0007E00000000000000058
:102B30000000200000000000000000000000000075
:102B40000000000000000000000000000400001071
:102B50000000003DFF807C7C000FF00000000000C2
:102B60000000000020000000000000000000000045
:102B70000000000000000000000000000000040051
:102B800000100000003FFFC07FFC001C7000000030
:102B90000000000000002000000000000000000015
:102BA0000000000000000000000000000000000025
:102BB000040000100000003FFFE03FF8001C300060
:102BC00000000000000000002000000000000000E5
:102BD00000000000000000000000000000000000F5
:102BE0000000040000100000003F83E07FFC0000B4
:102BF0007000000000000000000020000000000045
:102C000000000000000000000000000000000000C4
:102C100000000000040000100000003E01F0FC7EF7
:102C20000001F00000000000000000002000000093
:102C30000000000000000000000000000000000094
:102C4000000000000000040000100000003C00F143
:102C5000F01F0001E0000000000000000000200064
:102C60000000000000000000000000000000000064
:102C70000000000000000000040000100000003C04
:102C80000071E00F0001F8000000000000000000EB
:102C90002000000000000000000000000000000014
:102CA0000000000000000000000004000010000010
:102CB000003C0071E00F0000380000000000000040
:102CC00000002000000000000000000000000000E4
:102CD00000000000000000000000000004000010E0
:102CE0000000001C0071C007000018000000000078
:102CF00000000000200000000000000000000000B4
:102D000000000000000000000000000000000400BF
:102D100000100000001C0071C007001C180000001B
:102D20000000000000002000000000000000000083
:102D30000000000000000000000000000000000093
:102D4000040000100000001C00F1E00F001C38001F
:102D50000000000000000000200000000000000053
:102D60000000000000000000000000000000000063
:102D70000000040000100000001E00F1E00F038FAF
:102D8000F80000000000000000002000000000002B
:102D90000000000000000000000000000000000033
:102DA00000000000040000100000000F01E1F01F0F
:102DB0000387F00000000000000000002000000079
:102DC000000000000000000038E0000000000000EB
:102DD000000000000000040000100000000FC7E029
:102DE000FC7E0383C0000000000000000000200003
:102DF0000000000000000000000038E000000000BB
:102E000000000000000000000400001000000007A7
:102E1000FFC07FFC00000000000000000000000078
:102E200020000000000000000000000038E000006A
:102E3000000000000000000000000400001000007E
:102E40000003FF803FF800000000000000000000C9
:102E5000000020000000000000000000000038E03A
:102E6000000000000000000000000000040000104E
:102E700000000000FE001FF0000000000000000045
:102E80000000000020000000000000000000000022
:102E900038E0000000000000000000000000040016
:102EA0000010000000000000000000000000000012
:102EB00000000000000020000000000000000000F2
:102EC000000038E0000000000000000000000000EA
:102ED00004000010000000000000000000000000DE
:102EE00000000000000000002000000000000000C2
:102EF0000000000038E000000000000000000000BA
:102F000000000400001000000000000000000000AD
:102F10000000000000000000000020000000000091
:102F200000000000000038E0000000000000000089
:102F3000000000000400001000000000000000007D
:102F40000000000000000000000000002000000061
:102F5000000000000000000038E000000000000059
:102F6000000000000000040000100000000000004D
:102F70000000000000000000000000000000200031
:102F80000000000000000000000038E00000000029
:102F9000000000000000000004000010000000001D
:102FA0000000000000000000000000000000000021
:102FB00020000000000000000000000038E00000D9
:102FC00000000000000000000000040000100000ED
:102FD00000000000000000000000000000000000F1
:102FE000000020000000000000000000000038E0A9
:102FF00000000000000000000000000004000010BD
:1030000000000000000000000000000000000000C0
:103010000000000020000000000000000000000090
:1030200038E0000000000000000000000000040084
:103030000010000000000000000000000000000080
:103040000000000000002000000000000000000060
:10305000000038E0007180000000000000000C70EB
:10306000040000100000000000000000000000004C
:103070000000000000000000200000000000000030
:103080000000000038E00071800000000000000037
:103090000C700400001000000000000000000000A0
:1030A0000000000000000000000020000000000000
:1030B00000000000000038E0007180000000000007
:1030C00000000C7004000010000000000000000070
:1030D00000000000000000000000000020000000D0
:1030E000000000000000000038E0007180000000D7
:1030F000000000000C700400001000000000000040
:10310000000000000000000000000000000020009F
:103110000000000000000000000038E000718000A6
:103120000000000000000C7004000010000000000F
:10313000000000000000000000000000000000008F
:1031400020000000000000000000000038E00071D6
:1031500080000000000000000C700400001000005F
:10316000000000000000000000000000000000005F
:10317000000020000000000000000000000038E017
:10318000007180000000000000000C7004000010BE
:10319000000000000000000000000000000000002F
:1031A00000000000200000000000000000000000FF
:1031B00038E0007180000000000000000C70040086
:1031C00000100000000000000000000000000000EF
:1031D00000000000000020000000000000000000CF
:1031E000000038E0007180000000000000000C705A
:1031F00004000010000000000000000000000000BB
:10320000000000000000000020000000000000009E
:103210000000000038E000718000000000000000A5
:103220000C7004000010000000000000000000000E
:10323000000000000000000000002000000000006E
:1032400000000000000038E0007180000000000075
:1032500000000C70040000100000000000000000DE
:10326000000000000000000000000000200000003E
:10327000000006380000000038E000718000E30024
:10328000000000000C7004000010000000000000AE
:10329000000000000000000000000000000020000E
:1032A0000000000006380000000038E000718000D7
:1032B000E300000000000C700400001FFFFFFFFF90
:1032C000FFFFFFFFFFFFFFFFFFFF00000000000008
:1032D00020000000000006380000000038E00C71FB
:1032E0008000E300000000030C70040000100000E8
:1032F00000000000000000000000000000000000CE
:10330000000020000000000006380000000038E047
:103310000C718000E300000000030C70040000103A
:10332000000000000000000000000000000000009D
:10333000000000002000000000000638000000002F
:1033400038E00C718000E300000000030C70040002
:10335000001000000000000000000000000000005D
:1033600000000000000020000000000006380000FF
:10337000000038E00C718000E300000000030C70D6
:103380000400001000000000000000000000000029
:1033900000000000000000002000000000000638CF
:1033A0000000000038E00C718000E3000000000322
:1033B0000C7004000010000000000000000000007D
:1033C00000000000000000000000200000000000DD
:1033D00006380000000038E00C718000E3000000B7
:1033E00000030C700400001000000000000000004A
:1033F00000000000000000000000000020000000AD
:10340000007006380000018038E00C718600E3008F
:10341000000038030C71C400001000000000000020
:10342000000000000000000000000000000020007C
:103430000000007006380000018038E00C71860042
:10344000E300000038030C71C4000010000000000D
:10345000000000000000000000000000000000006C
:1034600020000000007006380000018038E00C7178
:103470008600E300000038030C71C4000010001047
:10348000000000000000000000000000000000003C
:10349000000020000000007006380000018038E0C5
:1034A0000C718600E300000038030C71C4000010AA
:1034B00000380000000000000000000000000000D4
:1034C00000000000200000000070063800000180AD
:1034D00038E00C718600E300000038030C71C40072
:1034E0000010007C00000000000000000000000050
:1034F00000000000000020000000007006380000FE
:10350000018038E00C718600E300000038030C7184
:10351000C4000010007C000000000000000000005B
:1035200000000000000000002000000000700638CD
:103530000000018038E00C718600E30000003803D1
:103540000C71C400001000EE00000000000000003C
:1035500000000000000000000000200000000070DB
:1035600006380000018038E00C718600E30000009E
:1035700038030C71C400001000C6000000000000F9
:1035800000000000000000000000000020003800E3
:1035900000700638E000018038E30C718600E30C0F
:1035A000000038030C71C400001001C700000000C7
:1035B00000000000000000000000000000002000EB
:1035C00038031C718638E01C718638E30C7186382C
:1035D000E30C01C638E30C71C40000100183000045
:1035E00000000000000000000000000000000000DB
:1035F000200038031C718638E01C718638E30C719A
:103600008638E30C01C638E30C71C4000010038354
:10361000800000000000000000000000000000002A
:103620000000200038031C718638E01C718638E3E6
:103630000C718638E30C01C638E30C71C40000102D
:1036400003018000000000000000000000000000F6
:1036500000000000200038031C718638E01C7186D1
:1036600038E30C718638E30C01C638E30C71C400F2
:1036700000100301C0000000000000000000000076
:10368000000000000000200038031C718638E01C98
:10369000718638E30C718638E30C01C638E30C718F
:1036A000C40000100303C000000000000000000080
:1036B0000000000000000000218638C31C7186381D
:1036C000E31C718638E30C718638E30C71C638E36D
:1036D0000C71C4000010030FC000000000000000C7
:1036E00000000000000000000000218638C31C71AB
:1036F0008638E31C718638E30C718638E30C71C69A
:1037000038E30C71C4000010038F8000000000003B
:10371000000000000000000000000000218638C307
:103720001C718638E31C718638E30C718638E30C13
:1037300071C638E30C71C400001003FF8000000064
:1037400000000000000000000000000000002186D2
:1037500038C31C718638E31C718638E30C718638D7
:10376000E30C71C638E30C71C400001000FE0000C9
:103770000000000000000000000000000000000049
:10378000218638C31C718638E31C718638E30C71BE
:103790008638E30C71C638E30C71C40000100000D9
:1037A0000000000000000000000000000000000019
:1037B0000000218638C31C718638E31C718638E30B
:1037C0000C718638E30C71C638E30C71C40000102C
:1037D00000000000000000000000000000000000E9
:1037E00000000000218638C31C718638E31C7186F6
:1037F00038E30C718638E30C71C638E30C71C400F1
:1038000000100000000000000000000000000000A8
:10381000000000000000218638C31C718638E31CBC
:10382000718638E30C718638E30C71C638E30C718D
:10383000C4000010000000000000000000000000B4
:103840000000000000000000218638C31C7186388B
:10385000E31C718638E30C718638E30C71C638E3DB
:103860000C71C40000100000000000000000000007
:1038700000000000000000000000218638C31C7119
:103880008638E31C718638E30C718638E30C71C608
:1038900038E30C71C40000100000000000000000BC
:1038A000000000000000000000000000218638C376
:1038B0001C718638E31C718638E30C718638E30C82
:1038C00071C638E30C71C400001000000000000055
:1038D0000000000000708000000000000000218651
:1038E00038C31C718638E31C718638E30C71863846
:1038F000E30C71C638E30C71C40000100000000036
:103900000000000000000051000000000000339C97
:10391000218638C31C718638E31C718638E30C712C
:103920008638E30C71C638E30C71C4000010000047
:103930000001FE003FFE00000072000000000000D9
:1039400037FE218638C31C718638E31C718638E344
:103950000C718638E30C71C638E30C71C40000109A
:1039600000000003FF803FFE000000040000000094
:10397000000076F6218638C31C718638E31C7186F8
:1039800038E30C718638E30C71C638E30C71C4005F
:10399000001000000007FFC07FFE0000000B800049
:1039A00000000000F6F6218638C31C718638E31C3F
:1039B000718638E30C718638E30C71C638E30C71FC
:1039C000C40000100000000FC7C07FFE00000012FE
:1039D000800000000000FEF6218638C31C71863886
:1039E000E31C718638E30C718638E30C71C638E34A
:1039F0000C71C40000100000000F01E0780000000E
:103A00000023800000000000FEF6218638C31C71F0
:103A10008638E31C718638E30C718638E30C71C676
:103A200038E30C71C40000100000001E00E07000BC
:103A300000000040000000000000339C2000000057
:103A40000000000000000000000000000000000076
:103A5000000000000000040000100000001E00F044
:103A600070000000000000000000000000002000C6
:103A70000000000000000000000000000000000046
:103A80000000000000000000040000100000001C06
:103A90000070F000000000000000000000000000C6
:103AA00020000000000000000000000000000000F6
:103AB00000000000000000000000040000100000F2
:103AC000001C0070F0000000C000000000000000BA
:103AD00000003FFFFFFFFFFFFFFFFFFFFFFFFFFFB4
:103AE000FFFFFFFFFFFFFFFFFFFFFFFFFC000010D6
:103AF0000000001C0070F7F00001C0000000000092
:103B000000000000000000000000000000000000B5
:103B100000000000000000000000000000000000A5
:103B200000100000001C0070FFF80003C00000003F
:103B30000000000000000000000000000000000085
:103B40000000000000000000000000000000000075
:103B5000000000100000001E00F0FFFC000FC0007D
:103B60000000000000000000000000000000000055
:103B70000000000000000000000000000000000045
:103B80000000000000100000001F01F1FC7E000E8C
:103B9000C000000000000000000000000000000065
:103BA0000000000000000000000000000000000015
:103BB00000000000000000100000000F83F1F01F63
:103BC0000008C0000000000000000000000000002D
:103BD00000000000000000000000000000000000E5
:103BE000000000000000000000100000000FFFF0C7
:103BF000600F0000C0000000000000000000000096
:103C000000000000000000000000000000000000B4
:103C1000000000000000000000000010000000078D
:103C2000FF70000F0000C000000000000000000056
:103C30000000000000000000000000000000000084
:103C40000000000000000000000000000010000064
:103C50000003FE7000070000C0000000000000002C
:103C60000000000000000000000000000000000054
:103C70000000000000000000000000000000001034
:103C800000000000F8F000070000C0000000000085
:103C90000000000000000000000000000000000024
:103CA0000000000000000000000000000000000014
:103CB00000100000000000F000070000C00000003D
:103CC00000000000000000000000000000000000F4
:103CD00000000000000000000000000000000000E4
:103CE000000000100000000600F1C00F0000C0003E
:103CF00000000000000000000000000000000000C4
:103D000000000000000000000000000000000000B3
:103D10000000000000100000001E01E1E00F0000A4
:103D2000C0000000000000000000000000000000D3
:103D30000000000000000000000000000000000083
:103D400000000000000000100000001F01E1E01E64
:103D50000380C00000000000000000000000000020
:103D60000000000000000000000000000000000053
:103D7000000000000000000000100000000F83C1E0
:103D8000F03E0380C00000000000000000000000C2
:103D90000000000000000000000000000000000023
:103DA0000000000000000000000000100000000FF4
:103DB000FFC0FFFC00000000000000000000000049
:103DC00000000000000000000000000000000000F3
:103DD00000000000000000000000000000100000D3
:103DE0000007FF807FF800000000000000000000D6
:103DF00000000000000000000000000000000000C3
:103E000000000000000000000000000000000010A2
:103E100000000003FF003FF0000000000000000071
:103E20000000000000000000000000000000000092
:103E30000000000000000000000000000000000082
:103E4000001000000000F80007C0000000000000A3
:103E50000000000000000000000000000000000062
:103E60000000000000000000000000000000000052
:103E70000000001000000000000000000000000032
:103E80000000000000000000000000000000000032
:103E90000000000000000000000000000000000022
:103EA0000000000000100000000000000000000002
:103EB0000000000000000000000000000000000002
:103EC00000000000000000000000000000000000F2
:103ED00000000000000000100000000000000000D2
:103EE00000000000000000000000000000000000D2
:103EF00000000000000000000000000000000000C2
:103F000000000000000000000010000000000000A1
:103F100000000000000000000000000000000000A1
:103F20000000000000000000000000000000000091
:103F30000000000000000000000000100000000071
:103F40000000000000000000000000000000000071
:103F50000000000000000000000000000000000061
:103F60000000000000000000000000000010000041
:103F70000000000000000000000000000000000041
:103F80000000000000000000000000000000000031
:103F90000000000000000000000000000000001011
:103FA0000000000000000000000000000000000011
:103FB0000000000000000000000000000000000001
:103FC00000000000000000000000000000000000F1
:103FD00000100000000000000000000000000000D1
:103FE00000000000000000000000000000000000D1
:103FF00000000000000000000000000000000000C1
:1040000000000010000000000000000000000000A0
:1040100000000000000000000000000000000000A0
:104020000000000000000000000000000000000090
:104030000000000000100000000000000000000070
:104040000000000000000000000000000000000070
:104050000000000000000000000000000000000060
:104060000000000000000010000000000000000040
:104070000000000000000000000000000000000040
:104080000000000000000000000000000000000030
:104090000000000000000000001000000000000010
:1040A0000000000000000000000000000000000010
:1040B0000000000000000000000000000000000000
:1040C00000000000000000000000001000000000E0
:1040D00000000000000000000000000000000000E0
:1040E00000000000000000000000000000000000D0
:1040F00000000000000000000000000000100000B0
:1041000000000000000000000000000000000000AF
:10411000000000000000000000000000000000009F
:10412000000000000000000000000000000000107F
:10413000000000000000000000000000000000007F
:10414000000000000000000000000000000000006F
:10415000000000000000000000000000000000005F
:10416000001000000000000000000000000000003F
:10417000000000000000000000000000000000003F
:10418000000000000000000000000000000000002F
:10419000000000100000000000000000000000000F
:1041A000000000000000000000000000000000000F
:1041B00000000000000000000000000000000000FF
:1041C00000000000001000000000000000000000DF
:1041D00000000000000000000000000000000000DF
:1041E00000000000000000000000000000000000CF
:1041F00000000000000000000000000000000000BF
:1042000000000000000000000000000000000000AE
:10421000000000000000000000000000000000009E
:10422000000000000000000000000000000000008E
:10423000000000000000000000000000000000007E
:10424000000000000000000000000000000000006E
:10425000000000000000000000000000000000005E
:10426000000000000000000000000000000000004E
:10427000000000000000000000000000000000003E
:10428000000000000000000000000000000000002E
:10429000000000000000000000000000000000001E
:1042A000000000000000000000000000000000000E
:1042B00000000000000000000000000000000000FE
:1042C00000000000000000000000000000000000EE
:1042D00000000000000000000000000000000000DE
:1042E00000000000000000000000000000000000CE
:1042F00000000000000000000000000000000000BE
:1043000000000000000000000000000000000000AD
:10431000000000000000000000000000000000009D
:10432000000000000000000000000000000000008D
:10433000000000000000000000000000000000007D
:10434000000000000000000000000000000000006D
:10435000000000000000000000000000000000005D
:10436000000000000000000000000000000000004D
:10437000000000000000000000000000000000003D
:104380000000000000000000000000000007FFFC2B
:104390000000000400000000000000000000000019
:1043A000000000000000000000000000000000000D
:1043B00000000000000000000000000000000007F6
:1043C000FFFC0000000400000000000000000000EE
:1043D00000000000000000000000000000000000DD
:1043E00000000000000000000000000000000000CD
:1043F0000004000C000000040000000039E0FBE0B5
:104400000FBE79E07DF07C6000000000000000003D
:10441000000000000000000000000000000000009C
:10442000000000045A4E00000044000000007B30F1
:10443000DB600DB6FFF06DB06DE000000000000025
:10444000000000000000000000000000000000006C
:104450000000000000045A4E00000044000000006C
:104460007B361B3001B30C30CFF06DE00000000054
:10447000000000000000000000000000000000003C
:1044800000000000000000045A4E0000004400003C
:10449000000019E03B3003B31860CFB06C6000003F
:1044A000000000000000000000000000000000000C
:1044B000000000000000000000045A4E0000044408
:1044C000000000001B301F30073330CFCF3F6C603F
:1044D00000000000000000000000000000000000DC
:1044E0000000000000000000000000045A4E000020
:1044F0000444000000001B30DF600E36E3806DB026
:104500006C600000000000000000000000000000DF
:104510000000000000000000000000000004000C8B
:10452000000004440000000019E6FBE01FBEFFF09D
:104530007DF07C6000000000000000000000000032
:104540000000000000000000000000000000000467
:10455000000C0000444400000000000000000000C7
:10456000000000000000000000000000000000004B
:10457000000000000000000000000000000000003B
:104580000007FFFC000044440000000000000000A1
:10459000000000000000000000000000000000001B
:1045A000000000000000000000000000000000000B
:1045B0000000000000000000444400000000000073
:1045C00000000000000000000000000000000000EB
:1045D00000000000000000000000000000000000DB
:1045E00000000000000000000000000000000000CB
:1045F00000000000000000000000000000000000BB
:1046000000000000000000000000000000000000AA
:10461000000000000000000000000000000000009A
:10462000000000000000000000000000000000008A
:10463000000000000000000000000000000000007A
:10464000000000000000000000000000000000006A
:10465000000000000000000000000000000000005A
:10466000000000000000000000000000000000004A
:10467000000000000000000000000000000000003A
:10468000000000000000000000000000000000002A
:10469000000000000000000000000000000000001A
:1046A000000000000000000000000000000000000A
:1046B000000000000000FFFFFFFFFFFFFFFFFFFF04
:1046C000FFFFFFFFFFFFFFFFFFFFFFFFFFFFFFFFFA
:1046D000FFFFFFFFFFFFFFFFFFFFFFFFFFFFFFFFEA
:1046E000FFFFFFFFFFFFFFFF0000000000000000D2
:1046F00000000000000000000000000000000000BA
:104700000000000000000000000000100000000099
:104710000000000000000000000000000000000099
:104720000000000000000000000000000000000089
:104730000000000000000000000000000010000069
:104740000000000000000000000000000000000069
:104750000000000000000000000000000000000059
:104760000000000000000000000000000000001039
:104770000000000000000000000000000000000039
:104780000000000000000000000000000000000029
:104790000000000000000000000000000000000019
:1047A00000100000000000000000000000000000F9
:1047B00000000000000000000000000000000000F9
:1047C00000000000000000000000000000000000E9
:1047D00000000010000000000000000000000000C9
:1047E00000000000000000000000000000000000C9
:1047F00000000000000000000000000000000000B9
:104800000000000000100000000000000000000098
:104810000000000000000000000000000000000098
:104820000000000000000000000000000000000088
:104830000000000000000010000000000000000068
:104840000000000000000000000000000000000068
:104850000000000000000000000000000000000058
:104860000000000000000000001000000000000038
:104870000000000000000000000000000000000038
:104880000000000000000000000000000000000028
:104890000000000000000000000000100000000008
:1048A0000000000000000000000000000000000008
:1048B00000000000000000000000000000000000F8
:1048C00000000000000000000000000000100000D8
:1048D00000000000000000000000000000000000D8
:1048E00000000000000000000000000000000000C8
:1048F00000000000000000000000000000000010A8
:1049000000000000000000000000000000000000A7
:104910000000000000000000000000000000000097
:104920000000000000000000000000000000000087
:104930000010000000000000000000000000000067
:104940000000000000000000000000000000000067
:104950000000000000000000000000000000000057
:104960000000001000000000000000000000000037
:104970000000000000000000000000000000000037
:104980000000000000000000000000000000000027
:104990000000000000100000000000000000000007
:1049A0000000000000000000000000000000000007
:1049B00000000000000000000000000000000000F7
:1049C00000000000000000100000000000000000D7
:1049D00000000000000000000000000000000000D7
:1049E00000000000000000000000000000000000C7
:1049F00000000000000000000010000000000000A7
:104A000000000000000000000000000000000000A6
:104A10000000000000000000000000000000000096
:104A20000000000000000000000000100000000076
:104A30000000000000000000000000000000000076
:104A40000000000000000000000000000000000066
:104A50000000000000000000000000000010000046
:104A60000000000000000000000000000000000046
:104A70000000000000000000000000000000000036
:104A80000000000000000000000000000000001016
:104A90000000000000000000000000000000000016
:104AA0000000000000000000000000000000000006
:104AB00000000000000000000000000000000000F6
:104AC00000100000000000000000000000000000D6
:104AD000000000000000000000C000010000000015
:104AE00000000000000000000000000000000000C6
:104AF00000000010000000000000000000000000A6
:104B00000000000000000000000001E00003800041
:104B10000000000000000000000000000000000095
:104B20000000000000100000000000000000000075
:104B300000000000000000000000000003700007FB
:104B4000C0000000000000000000000000000000A5
:104B50000000000000000010000000000000000045
:104B60000000000000000000000000000000063807
:104B7000000FE00000000000000000000000000046
:104B80000000000000000000001000000000000015
:104B90000000000000000000000000000000000015
:104BA0000C9C001FF000000000000000000000004E
:104BB00000000000000000000000001000000000E5
:104BC000000000000000000000000000003F01FCA9
:104BD0000000188E003FF8000000000000000000F8
:104BE00000000000000000000000000000100000B5
:104BF000000000000000000000000000000000FFB6
:104C0000C7FE00003087007FFC00000000000000AD
:104C10000000000000000000000000000000001084
:104C20000000000000000000000000000000000084
:104C300000F3C79F0000608380FFFE0000000000BB
:104C40000000000000000000000000000000000064
:104C50000010000000000000000000000000000044
:104C6000000001C0EE070000C081C1FFFF0000008E
:104C70000000000000000000000000000000000034
:104C8000000000100000000007FFFFFFFF00000011
:104C90000000000001C08E0380018080E3FFFF80E0
:104CA0000000000000000000000000000000000004
:104CB00000000000001000000000040000000100DF
:104CC00000000000000001800C038001808067FF6D
:104CD000FF80000000000000000000000000000055
:104CE00000000000000000100000000004000000B0
:104CF000010000000000000001800C03BE00C08025
:104D0000C3FFFF00000000000000000000000000E2
:104D1000000000000000000000100000000004007F
:104D20000000010000000000000001800C03F600FC
:104D3000608181FFFE000000000000000000000014
:104D40000000000000000000000000100000000053
:104D500004000000010000000000000001C02E035C
:104D60008600300300FFFC0000000000000000008F
:104D70000000000000000000000000000010000023
:104D8000000004000000010000000000000001C05D
:104D9000EE070E001886007FF800000000000000FB
:104DA00000000000000000000000000000000010F3
:104DB00000000000040000000100000000000000EE
:104DC00000F3C79F1C000C8C003FF00000000000A7
:104DD00000000000000000000000000000000000D3
:104DE00000100000000004000000010000000000AE
:104DF000000000FFC7FE38000618001FE00000009A
:104E000000000000000000000000000000000000A2
:104E1000000000100000000004000000010000007D
:104E200000000000003F81FC7F000330000FC00045
:104E30000000000000000000000000000000000072
:104E4000000000000010000000000400000001004D
:104E500000000000000000000000000001E000076A
:104E600080000000000000000000000000000000C2
:104E70000000000000000010000000000401800C91
:104E8000010000000000000000000000000000C061
:104E9000000300000000000000000000000000000F
:104EA00000000000000000000010000000000401ED
:104EB000800C010000000000000000000000000065
:104EC00000000000000000000000000000000000E2
:104ED00000000000000000000000001000000000C2
:104EE0000401800C01000000000000000000000030
:104EF00000000000000000000000000000000000B2
:104F00000000000000000000000000000010000091
:104F100000000401800C01000000000000000000FF
:104F20000000000000000000000000000000000081
:104F30000000000000000000000000000000001061
:104F4000000000000401800C0100000000000000CF
:104F50000000000000000000000000000000000051
:104F60000000000000000000000000000000000041
:104F7000001000000000040000000100000000001C
:104F80000000000000000000000000000000000021
:104F90000000000000000000000000000000000011
:104FA00000000010000000000400000001000000EC
:104FB00000000000000000000000000000000000F1
:104FC00000000000000000000000000000000000E1
:104FD00000000000001000000000040000000100BC
:104FE00000000000000000000000000000000000C1
:104FF00000000000000000000000000000000000B1
:10500000000000000000001000000000040000008C
:10501000010000000000000000000000000000008F
:105020000000000000000000000000000000000080
:10503000000000000000000000100000000004005C
:10504000000001000000000000000000000000005F
:105050000000000000000000000000000000000050
:105060000000000000000000000000100000000030
:10507000040000000100000000000000000000002B
:105080000000000000000000000000000000000020
:105090000000000000000000000000000010000000
:1050A00000000400000001000000000000000000FB
:1050B00000000000000000000000000000000000F0
:1050C00000000000000000000000000000000010D0
:1050D00000000000040000000100000000000000CB
:1050E00000000000000000000000000000000000C0
:1050F00000000000000000000000000000000000B0
:105100000010000000000400C010010000000000BA
:10511000000000000000000000000000000000008F
:10512000000000000000000000000000000000007F
:1051300000000010000000000400E070010000000A
:10514000000000000000000000000000000000005F
:10515000000000000000000000000000000000004F
:1051600000000000001000000000040038E0010012
:10517000000000000000000000000000000000002F
:10518000000000000000000000000000000000001F
:1051900000000000000000100000000004001F805C
:1051A00001000000000000000000000000000000FE
:1051B00000000000000000000000000000000000EF
:1051C00000000000000000000010000000000400CB
:1051D00007000100000000000000000000000000C7
:1051E00000000000000000000000000000000000BF
:1051F000000000000000000000000010000000009F
:105200000400000001000000000000000000000099
:10521000000000000000000000000000000000008E
:10522000000000000000000000000000001000006E
:105230000000040000000100000000000000000069
:10524000000000000000000000000000000000005E
:10525000000000000000000000000000000000103E
:105260000000000004000000010000000000000039
:10527000000000000000000000000000000000002E
:10528000000000000000000000000000000000001E
:1052900000100000000004000000010000000000F9
:1052A00000000000000000000000000000000000FE
:1052B00000000000000000000000000000000000EE
:1052C00000000010000000000400000001000000C9
:1052D00000000000000000000000000000000000CE
:1052E00000000000000000000000000000000000BE
:1052F0000000000000100000000004000000010099
:10530000000000000000000000000000000000009D
:10531000000000000000000000000000000000008D
:1053200000000000000000100000000007FFFFFF69
:10533000FF0000000000000000000000000000006E
:10534000000000000000000000000000000000005D
:10535000000000000000000000100000000000003D
:10536000000000000000000000000000000000003D
:10537000000000000000000000000000000000002D
:10538000000000000000000000000010000000000D
:10539000000000000000000000000000000000000D
:1053A00000000000000000000000000000000000FD
:1053B00000000000000000000000000000100000DD
:1053C00000000000000000000000000000000000DD
:1053D00000000000000000000000000000000000CD
:1053E00000000000000000000000000000000010AD
:1053F00000000000000000000000000000000000AD
:10540000000000000000000000000000000000009C
:10541000000000000000000000000000000000008C
:10542000001000000000000000000000000000006C
:10543000000000000000000000000000000000006C
:10544000000000000000000000000000000000005C
:10545000000000100000000000000000000000003C
:10546000000000000000000000000000000000003C
:10547000000000000000000000000000000000002C
:10548000000000000010000000000000000000000C
:10549000000000000000000000000000000000000C
:1054A00000000000000000000000000000000000FC
:1054B00000000000000000100000000000000000DC
:1054C00000000000000000000000000000000000DC
:1054D00000000000000000000000000000000000CC
:1054E00000000000000000000010000000000000AC
:1054F00000000000000000000000000000000000AC
:1055000000000000000780003C000FF8001FF000C2
:10551000000000000000000000000010000000007B
:10552000000000000000000000000000000000007B
:10553000000000000000000780003C003FFE007FEC
:10554000FC0000000000000000000000001000004F
:105550000007DBFDF631F6FF000000000000000050
:105560000000000000000000000F80007C007FFFB2
:1055700000FFFE000000000000000000000000101E
:10558000000000060F6F863187CC0000000000008D
:1055900000000000000000000000001F8000FC0070
:1055A000FFFF80FFFE000000000000000000000080
:1055B000001000000007CE61F631F7CC00000000BB
:1055C000000000000000000000000000003F80011B
:1055D000FC01FE3FC1FC7F00000000000000000055
:1055E00000000010000000060E61863187CC00002C
:1055F000000000000000000000000000000000FFAC
:105600008007FC01F80FC1F01F000000000000003F
:10561000000000000010000000061F6F863185CCDE
:10562000000000000000000000000000000000007A
:1056300001FF800FFC01F007C3E00F8000000000B5
:10564000000000000000001000000007DBFDF7BDB7
:10565000F4CC00000000000000000000000000008A
:10566000000007FF803FFC03E003C3E00F80000061
:10567000000000000000000000100000000000001A
:10568000000000000000000000000000000000001A
:105690000000000007EF803F7C01E003E3E00F80A3
:1056A00000000000000000000000001000000000EA
:1056B00000000000000000000000000000000000EA
:1056C00000000000000007CF803E7C000003C3C044
:1056D0000780000000000000000000000010000033
:1056E00000000000000000000000000000000000BA
:1056F0000000000000000000070F80387C0000035D
:10570000C3C007C00000000000000000000000103F
:105710000000000000000000000000000000000089
:1057200000000000000000000000000F80007C006E
:105730000007C7C007C00000000000000000000014
:105740000010000000000000000000000000000049
:10575000000000000000000000000000000F8000BA
:105760007C00000FC7C007C0000000000000000060
:105770000000001000000000000000000000000019
:105780000000000000000000000000000000000F0A
:1057900080007C00000F87C007C0000000000000F0
:1057A00000000000001000000000000000000000E9
:1057B00000000000000000000000000000000000E9
:1057C000000F80007C00001F07C007C00000000021
:1057D00000000000000000100000000000000000B9
:1057E00000000000000000000000000000000000B9
:1057F0000000000F80007C00003F07C007C00000D1
:105800000000000000000000001000000000000088
:105810000000000000000000000000000000000088
:1058200000000000000F80007C0000FE07C007C0E1
:105830000000000000000000000000100000000058
:105840000000000000000000000000000000000058
:10585000000000000000000F80007C0001FC07C079
:1058600007C0000000000000000000000010000061
:105870000000000000000000000000000000000028
:105880000000000000000000000F80007C0003F812
:1058900007C007C00000000000000000000000106A
:1058A00000000000000000000000000000000000F8
:1058B00000000000000000000000000F80007C00DD
:1058C00007F003C007C00000000000000000000057
:1058D00000100000000000000000000000000000B8
:1058E000000000000000000000000000000F800029
:1058F0007C000FC003C00780000000000000000013
:105900000000001000000000000000000000000087
:105910000000000000000000000000000000000F78
:1059200080007C003F8003E00F800000000000004A
:105930000000000000100000000000000000000057
:105940000000000000000000000000000000000057
:10595000000F80007C007F0003E00F80000000004B
:105960000000000000000010000000000000000027
:105970000000000000000000000000000000000027
:105980000000000F80007C00FE0003E00F8000009C
:1059900000000000000000000010000000000000F7
:1059A00000000000000000000000000000000000F7
:1059B00000000000000F80007C00F80001F01F00D4
:1059C00000000000000000000000001000000000C7
:1059D00000000000000000000000000000000000C7
:1059E000000000000000000F80007C01F80001FCB6
:1059F0007F0000000000000000000000001FFFFF0B
:105A0000FFFFFFFFFFFFFFFFFFFFFFFF00000000A2
:105A10000000000000000000000F80007C01FFFF7C
:105A2000E0FFFE0000000000000000000000001F7A
:105A3000FFFFFFFFFFFFFFFFFFFFFFFFFFFF000074
:105A400000000000000000000000000F80007C0348
:105A5000FFFFE0FFFE00000000000000000000006B
:105A60000010000000000000000000000000000026
:105A7000000000000000000000000000000F800097
:105A80007C03FFFFE07FFC0000000000000000003E
:105A900000000010000000000000000000000000F6
:105AA0000000000000000000000000000000000FE7
:105AB00080007C03FFFFE01FF000000000000000FA
:105AC00000000000001000000000000000000000C6
:105AD00000000000000000000000000000000000C6
:105AE00000000000000000000000000000000000B6
:105AF0000000000000000010000000000000000096
:105B00000000000000000000000000000000000095
:105B10000000000000000000000000000000000085
:105B20000000000000000000001000000000000065
:105B30000000000000000000000000000000000065
:105B40000000000000000000000000000000000055
:105B5000FFDFC00000000000000000100000000097
:105B60000000000000000000000000000000000035
:105B70000000000000000000000000000000000025
:105B80000000FFFFC0000000000000000010000047
:105B90000000000000000000000000000000000005
:105BA00000000000000000000000000000000000F5
:105BB00000000000CE7AC0000000000000000010CD
:105BC00000000000000000000000000000000000D5
:105BD00000000000000000000000000000000000C5
:105BE000000000000000FFFAC000000000000000FC
:105BF0000010000000000000000000000000000095
:105C00000000000000000000000000000000000094
:105C10000000000000000000FFDAC00000000000EB
:105C200000000010003C0000000000000000000028
:105C30000000000000000000000000000000000064
:105C400000000000000000000000C600000000008E
:105C5000000000000010006E0000000000000000C6
:105C60000000000000000000000000000000000034
:105C7000000000000000000000000000C60000005E
:105C8000000000000000001000C60000000000003E
:105C90000000000000000000000000000000000004
:105CA00000000000000000000000000000000000F4
:105CB0000000000000000000001000C20000000012
:105CC00000000000000000000000000000000000D4
:105CD00000000000000000000000000000000000C4
:105CE00000000000000000000000001000DA0000CA
:105CF00000000000000000000000000000000000A4
:105D00000000000000000000000000000000000093
:105D1000000000000000000000000000001000DA99
:105D20000000000000000000000000000000000073
:105D30000000000000000000000000000000000063
:105D40000000000000000000000000000000001043
:105D500000DA000000000000000000000000000069
:105D60000000000000000000000000000000000033
:105D70000000000000000000000000000000000023
:105D8000001000DA00000000000000000000000029
:105D90000000000000000000000000000000000003
:105DA00000000000000000000000000000000000F3
:105DB0000000001000DA00000000000000000000F9
:105DC00000000000000000000000000000000000D3
:105DD00000000000000000000000000000000000C3
:105DE00000000000001000DA0000000000000000C9
:105DF00000000000000000000000000000000000A3
:105E00000000000000000000000000000000000092
:105E1000000000000000001000DA00000000000098
:105E20000000000000000000000000000000000072
:105E30000000000000000000000000000000000062
:105E400000000000000000000010019B00000000A6
:105E50000000000000000000000000000000000042
:105E60000000000000000000000000000000000032
:105E700000000000000000000000001001998000F8
:105E80000000000000000000000000000000000012
:105E90000000000000000000000000000000000002
:105EA00000000000000000000000000000100318C7
:105EB0008000000000000000000000000000000062
:105EC00000000000000000000000000000000000D2
:105ED00000000000000000000000000000000010B2
:105EE0000218C000000000000000000000000000D8
:105EF00000000000000000000000000000000000A2
:105F00000000000000000000000000000000000091
:105F100000100238C0000000000000000000000077
:105F20000000000000000000000000000000000071
:105F30000000000000000000000000000000000061
:105F400000000010023CC000000000000000000043
:105F50000000000000000000000000000000000041
:105F60000000000000000000000000000000000031
:105F70000000000000100318C00000000000000036
:105F80000000000000000000000000000000000011
:105F90000000000000000000000000000000000001
:105FA000000000000000001003018000000000005D
:105FB00000000000000000000000000000000000E1
:105FC00000000000000000000000000000000000D1
:105FD0000000000000000000001001C3800000006D
:105FE00000000000000000000000000000000000B1
:105FF00000000000000000000000000000000000A1
:1060000000000000000000000000001000FE000082
:106010000000000000000000000000000000000080
:106020000000000000000000000000000000000070
:106030000000000000000000000000000010000050
:106040000000000000000000000000000000000050
:106050000000000000000000000000000000000040
:106060000000000000000000000000000000001020
:106070000000000000000000000000000000000020
:106080000000000000000000000000000000000010
:106090000000000000000000000000000000000000
:1060A00000100000000000000000000000000000E0
:1060B00000000000000000000000000000000000E0
:1060C00000000000000000000000000000000000D0
:1060D00000000010000000000000000000000000B0
:1060E00000000000000000000000000000000000B0
:1060F00000000000000000000000000000000000A0
:10610000000000000010000000000000000000007F
:10611000000000000000000000000000000000007F
:10612000000000000000000000000000000000006F
:10613000000000000000001000000000000000004F
:10614000000000000000000000000000000000004F
:10615000000000000000000000000000000000003F
:10616000000000000000000000100000000000001F
:10617000000000000000000000000000000000001F
:10618000000000000000000000000000000000000F
:1061900000000000000000000000001000000000EF
:1061A00000000000000000000000000000000000EF
:1061B00000000000000000000000000000000000DF
:1061C00000000000000000000000000000100000BF
:1061D000000000000000000003E0000000000000DC
:1061E00000000000000000000000000000000000AF
:1061F000000000000000000000000000000000108F
:106200000000000000000000000007600000000027
:10621000000000000000000000000000000000007E
:10622000000000000000000000000000000000006E
:106230000010000000000000000000000630000018
:10624000000000000000000000000000000000004E
:10625000000000000000000000000000000000003E
:1062600000000010000000000000000000000630E8
:10627000000000000000000000000000000000001E
:10628000000000000000000000000000000000000E
:1062900000000000001000000000000000000000EE
:1062A0000760000000000000000000000000000087
:1062B00000000000000000000000000000000000DE
:1062C00000000000000000100000000000000000BE
:1062D000000003E0000000000000000002000000D9
:1062E00000000000000000000000000000000000AE
:1062F000000000000000004000100000000000004E
:1063000000000000000FF00000000000000002008C
:10631000000000000000000000000000000000007D
:10632000000000000000000000400010000000001D
:10633000000000000000000E000000000063EF9F5E
:10634000020000000000000000000000000000004B
:1063500000000000000000000000004000100000ED
:106360000000000000000000000E0000000000E738
:106370006DDB820000000000000000000000000053
:1063800000000000000000000000000000400010BD
:1063900000000000000000000000000E00000000EF
:1063A00001E60CFB8200000000000000000000007D
:1063B000000000000000000000000000000000409D
:1063C000001000000000000000000000000FE000CE
:1063D00000000167FCF182000000000000000000E6
:1063E00000000000000000000000000000000000AD
:1063F0000040001000000000000000000000000E3F
:106400000000000000677CF1820000000000000036
:10641000000000000000000000000000000000007C
:1064200000000040001000000001FE001FE000001E
:10643000000E0000000000667CF1820000000000F9
:10644000000000000000000000000000000000004C
:10645000000000000040001000000003FF807FF8F3
:106460000000000E0000000000667CF982000000C1
:10647000000000000000000000000000000000001C
:106480000000000000000040001000000007FFC0F6
:10649000FFFC0000000E0000000000676DDB8200C2
:1064A00000000000000000000000000000000000EC
:1064B0000000000000000000004000100000000F7D
:1064C000CFC0F8FC0000000E000000000063EF9F4A
:1064D00002000000000000000000000000000000BA
:1064E000000000000000000000000040001000005C
:1064F000000F03E1F03E000000000000000000007B
:106500000000020000000000000000000000000089
:10651000000000000000000000000000004000102B
:106520000000001F01E1E01E00000000000000006C
:106530000000000002000000000000000000000059
:10654000000000000000000000000000000000400B
:1065500000100000001E01E1E01E0000000000002D
:106560000000000000000200000000000000000029
:10657000000000000000000000000000000000001B
:10658000004000100000001E0001E01E000000009E
:1065900000000000000000000200000000000000F9
:1065A00000000000000000000000000000000000EB
:1065B0000000004000100000003C0001F03E000719
:1065C000E0000000000000000000020000000000E9
:1065D00000000000000000000000000000000000BB
:1065E00000000000004000100000003CFE00F87CAD
:1065F000000FF0000000000000000000020000009A
:10660000000000000000000000000000000000008A
:10661000000000000000004000100000003DFF806E
:106620007FF8001E70000000000000000000020063
:10663000000000000000000000000000000000005A
:106640000000000000000000004000100000003FBB
:10665000FFC03FF0001C38000000000000000000F8
:106660000200000000000000000000000000000028
:1066700000000000000000000000004000100000CA
:10668000003FC7E0FFF800003800000000000000F5
:1066900000000200000000000000000000000000F8
:1066A000000000000000000000000000004000109A
:1066B0000000003F03E1F8FC0000F00000000000D3
:1066C00000000000020000000000000000000000C8
:1066D000000000000000000000000000000000407A
:1066E00000100000003E01E1F03E0003E000000069
:1066F0000000000000000200000000000000000098
:106700000000000000000000000000000000000089
:10671000004000100000003E01F3E01E0003F00006
:106720000000000000000000020000000000000067
:106730000000000000000000000000000000000059
:106740000000004000100000003C00F3C01F0000EB
:1067500078000000000000000000020000000000BF
:106760000000000000000000000000000000000029
:1067700000000000004000100000003C00F3C00FCB
:1067800000003800000000000000000002000000CF
:1067900000000000000000000000000000000000F9
:1067A000000000000000004000100000003E00F368
:1067B000C00F00001C0000000000000000000200EC
:1067C00000000000000000000000000000000000C9
:1067D0000000000000000000004000100000001E4B
:1067E00001F3C01F001C3800000000000000000082
:1067F0000200000000000000000000000000000097
:106800000000000000000000000000400010000038
:10681000001E01E3E01E001E7800000000000000E2
:106820000000020000000000000000000000000066
:106830000000000000000000000000000040001008
:106840000000001F03E1E03E038FF00000000000A5
:106850000000000002000000000000000000000036
:1068600001040000000000000000000000000040E3
:1068700000100000000FC7C1FC7E0387E00000008D
:106880000000000000000200000000000000000006
:1068900000000104000000000000000000000000F3
:1068A0000040001000000007FFC0FFFC00000000D7
:1068B00000000000000000000200000000000000D6
:1068C00000000000010400000000000000000000C3
:1068D00000000040001000000003FF807FF800006F
:1068E00000000000000000000000020000000000A6
:1068F0000000000000000104000000000000000093
:10690000000000000040001000000001FE001FE039
:106910000000000000000000000000000200000075
:106920000000000000000000010400000000000062
:106930000000000000000040001000000000000007
:106940000000000000000000000000000000020045
:106950000000000000000000000001040000000032
:1069600000000000000000000040001000000000D7
:106970000000000000000000000000000000000017
:106980000200000000000000000000000104000000
:1069900000000000000000000000004000100000A7
:1069A00000000000000000000000000000000000E7
:1069B00000000200000000000000000000000104D0
:1069C0000000000000000000000000000040001077
:1069D00000000000000000000000000000000000B7
:1069E00000000000020000000000000000000000A5
:1069F0000104000000000000000000000000004052
:106A00000010000000000000000000000000000076
:106A10000000000000000200000000000000000074
:106A20000000010400000000000000000000000061
:106A30000040001000000000000000000000000006
:106A40000000000000000000020000000000000044
:106A50000000000001040000000000000000000031
:106A600000000040001000000000000000000000D6
:106A70000000000000000000000002000000000014
:106A80000000000000000104000000000000000001
:106A900000000000004000100000000000000000A6
:106AA00000000000000000000000000002000000E4
:106AB00000000000000000000104000000000000D1
:106AC0000000000000000040001000000000000076
:106AD00000000000000000000000000000000200B4
:106AE00000000000000000000000010400000000A1
:106AF0000000000000000000004000100000000046
:106B00000000000000000000000000000000000085
:106B1000020000000000000000000000010400026C
:106B2000080000000000000000C20040001000004B
:106B30000000000000000000000000000000000055
:106B4000000002000000000000000000000001043E
:106B50000002080000000000000000C20040001019
:106B60000000000000000000000000000000000025
:106B70000000000002000000000000000000000013
:106B800001040002080000000000000000C20040F4
:106B900000100000000000000000000000000000E5
:106BA00000000000000002000000000000000000E3
:106BB000000001040002080000000000000000C204
:106BC0000040001000000000000000000000000075
:106BD00000000000000000000200000000000000B3
:106BE0000000000001040002080000000000000096
:106BF00000C2004000100000000000000000000083
:106C00000000000000000000000002000000000082
:106C10000000000000000104000208000000000065
:106C2000000000C200400010000000000000000052
:106C30000000000000000000000000000200000052
:106C40000000000000000000010400020800000035
:106C50000000000000C20040001000000000000022
:106C60000000000000000000000000000000020022
:106C70000000000000000000000001040002080005
:106C800000000000000000C20040001000000000F2
:106C900000000000000000000000000000000000F4
:106CA00002000000000000000000000001040002DB
:106CB000080000000000000000C2004000100000BA
:106CC00000000000000000000000000000000000C4
:106CD00000000200000000000000000000000104AD
:106CE0000002080000000000000000C20040001088
:106CF0000000000000000000000000000000000094
:106D00000000000002000000000000000000000081
:106D100001040002080000000000000000C2004062
:106D20000010000000000000000000000000000053
:106D30000000000000000200000000000041000010
:106D4000000001040002080004300000000000C23E
:106D50000040001FFFFFFFFFFFFFFFFFFFFFFFFFE0
:106D6000FFFF0000000000000200000000000041E2
:106D700000000000010400020800043000000000D0
:106D800000C20040001000000000000000000000F1
:106D900000000000000000000000020000000000F1
:106DA00000410000000001040082080004300000DF
:106DB000000010C2004000100000000000000000B1
:106DC00000000000000000000000000002000000C1
:106DD00000000041000000000104008208000430AF
:106DE0000000000010C20040001000000000000081
:106DF0000000000000000000000000000000020091
:106E000000000000004100000000010400820800B2
:106E100004300000000010C200400010000000001C
:106E20000000000000000000000000000000000062
:106E30000200000000000041000000000104008288
:106E4000080004300000000010C2004000100000E4
:106E50000000000000000000000000000000000032
:106E600000000200000000000041000000000104DA
:106E70000082080004300000000010C20040001032
:106E80000000000000000000000000000000000002
:106E900000000000020000000002004100000008A5
:106EA00001040082086004300000010010C20840A4
:106EB00000100018000000000000000000000000AA
:106EC000000000000000020000000002004100007D
:106ED000000801040082086004300000010010C2B4
:106EE0000840001000180000000000000000000032
:106EF000000000000000000002000000000200414D
:106F00000000000801040082086004300000010055
:106F100010C208400010003C00000000000000000B
:106F2000000000000000000000000200000000025D
:106F300000410000000801040082086004300000E5
:106F4000010010C2084000100036000000000000E0
:106F5000000000000000000000000000020000002F
:106F600000020041000000080104008208600430B3
:106F70000000010010C20840001000660000000080
:106F800000000000000000000000000000000200FF
:106F900000000002004100000008010400820860B7
:106FA00004300000010010C20840001000C30000BF
:106FB00000000000000000000000000000000000D1
:106FC00002000000000200410000000801040082ED
:106FD000086004300000010010C20840001000C327
:106FE00000000000000000000000000000000000A1
:106FF000000002000000000200410000000801043F
:107000000082086004300000010010C20840001037
:10701000018180000000000000000000000000006E
:10702000000000000200010000020041040000080E
:1070300001043082086004308000010010C2084062
:10704000001001808000000000000000000000002F
:10705000000000000000020001003082084104002E
:10706000820861043082086104308008610410C223
:10707000084000100300C0000000000000000000F5
:107080000000000000000000020001003082084102
:1070900004008208610430820861043080086104C1
:1070A00010C2084000100300400000000000000073
:1070B000000000000000000000000200010030821B
:1070C00008410400820861043082086104308008AD
:1070D000610410C2084000100200600000000000BF
:1070E000000000000000000000000000020001009D
:1070F0003082084104008208610430820861043053
:107100008008610410C20840001002006000000006
:10711000000000000000000000000000000002006D
:107120000100308208410400820861043082086155
:1071300004308008610410C208400010020360009F
:10714000000000000000000000000000000000003F
:10715000020001003082084104008208610430828C
:10716000086104308008610410C208400010020762
:1071700060000000000000000000000000000000AF
:107180000000021841043082084104308208610482
:107190003082086104308208610410C20840001087
:1071A0000304400000000000000000000000000098
:1071B00000000000021841043082084104308208B7
:1071C00061043082086104308208610410C2084002
:1071D00000100381C000000000000000000000005B
:1071E0000000000000000218410430820841043011
:1071F000820861043082086104308208610410C290
:107200000840001000FF0000000000000000000027
:107210000000000000000000021841043082084114
:1072200004308208610430820861043082086104FD
:1072300010C2084000100000000000000000000024
:10724000000000000000000000000218410430822D
:1072500008410430820861043082086104308208E9
:10726000610410C20840001000000000000000008F
:1072700000000000000000000000000002184104AF
:107280003082084104308208610430820861043091
:107290008208610410C208400010000000000000D5
:1072A00000000000000000000000000000000218C4
:1072B0004104308208410430820861043082086150
:1072C00004308208610410C2084000100000000071
:1072D000000000000000007CE00000000000000052
:1072E000021841043082084104308208610430826F
:1072F000086104308208610410C2084000100000D8
:107300000000000000000000007CC0000000000041
:1073100000000218410430820841043082086104F0
:107320003082086104308208610410C208400010F5
:1073300000000000000000000000006FC00000001E
:1073400000019F3E02184104308208410430820847
:1073500061043082086104308208610410C2084070
:10736000001000000000000000000000007D800010
:10737000000000039BF602184104308208410430EB
:10738000820861043082086104308208610410C2FE
:107390000840001000000000000000000000007F16
:1073A00000000000000799E60218410430820841FD
:1073B000043082086104308208610430820861046C
:1073C00010C20840001000000001FE007FFE000017
:1073D0000007F00000000007B9E7021841043082FE
:1073E0000841043082086104308208610430820858
:1073F000610410C20840001000000007FF007FFE7B
:1074000000000007F8000000000FB9E7021841046F
:1074100030820841043082086104308208610430FF
:107420008208610410C2084000100000000FFF80B5
:107430007FFE0000000FD8000000001DB9E7021811
:1074400041043082084104308208610430820861BE
:1074500004308208610410C2084000100000001FC0
:10746000CFC0F8000000000DF8000000001FD9E6B2
:1074700002184104308208410430820861043082DD
:10748000086104308208610410C208400010000046
:10749000001F03E0F0000000001CF00000000001ED
:1074A0009BF6020000000000000000000000000049
:1074B000000000000000000000000000004000107C
:1074C0000000003E01E0F0000000000000000000AD
:1074D00000019F3E020000000000000000000000CC
:1074E000000000000000000000000000000000405C
:1074F00000100000003E01E0F0000000000000006D
:107500000000000000000200000000000000000079
:10751000000000000000000000000000000000006B
:10752000004000100000003C01F0F00000000000EE
:107530000000000000000000020000000000000049
:10754000000000000000000000000000000000003B
:107550000000004000100000003C01F1EFE00000DE
:10756000E000000000000000000003FFFFFFFFFF3D
:10757000FFFFFFFFFFFFFFFFFFFFFFFFFFFFFFFF1B
:10758000FFFFFFFFFFC000100000003C01F1FFF80B
:107590000001E0000000000000000000000000000A
:1075A00000000000000000000000000000000000DB
:1075B000000000000000000000100000003C01F18D
:1075C000FFFC0003E00000000000000000000000DD
:1075D00000000000000000000000000000000000AB
:1075E0000000000000000000000000100000003E4D
:1075F00001F1F87E000FE000000000000000000034
:10760000000000000000000000000000000000007A
:10761000000000000000000000000000001000005A
:10762000001F03F1E03E000EE0000000000000003B
:10763000000000000000000000000000000000004A
:10764000000000000000000000000000000000102A
:107650000000001F8FF0001F000CE0000000000081
:10766000000000000000000000000000000000001A
:10767000000000000000000000000000000000000A
:1076800000100000000FFFF0000F0000E0000000FD
:1076900000000000000000000000000000000000EA
:1076A00000000000000000000000000000000000DA
:1076B0000000001000000007FEF0000F0000E000D6
:1076C00000000000000000000000000000000000BA
:1076D00000000000000000000000000000000000AA
:1076E00000000000001000000003FCF0000F00008C
:1076F000E0000000000000000000000000000000AA
:107700000000000000000000000000000000000079
:1077100000000000000000100000000001F0000F59
:107720000000E00000000000000000000000000079
:107730000000000000000000000000000000000049
:10774000000000000000000000100000000001E048
:10775000000F0000E000000000000000000000003A
:107760000000000000000000000000000000000019
:107770000000000000000000000000100000001EDB
:1077800001E3C01F0000E000000000000000000056
:1077900000000000000000000000000000000000E9
:1077A00000000000000000000000000000100000C9
:1077B000001E03E3E01E0000E000000000000000E7
:1077C00000000000000000000000000000000000B9
:1077D0000000000000000000000000000000001099
:1077E0000000001F03C1E03E0380E0000000000035
:1077F0000000000000000000000000000000000089
:107800000000000000000000000000000000000078
:1078100000100000001F8FC1F8FC0380E000000092
:107820000000000000000000000000000000000058
:107830000000000000000000000000000000000048
:10784000000000100000000FFF80FFFC000000009F
:107850000000000000000000000000000000000028
:107860000000000000000000000000000000000018
:1078700000000000001000000007FF007FF800007B
:1078800000000000000000000000000000000000F8
:1078900000000000000000000000000000000000E8
:1078A000000000000000001000000003FC003FE0AA
:1078B00000000000000000000000000000000000C8
:1078C00000000000000000000000000000000000B8
:1078D0000000000000000000001000000000000098
:1078E0000000000000000000000000000000000098
:1078F0000000000000000000000000000000000088
:107900000000000000000000000000100000000067
:107910000000000000000000000000000000000067
:107920000000000000000000000000000000000057
:107930000000000000000000000000000010000037
:107940000000000000000000000000000000000037
:107950000000000000000000000000000000000027
:107960000000000000000000000000000000001007
:107970000000000000000000000000000000000007
:1079800000000000000000000000000000000000F7
:1079900000000000000000000000000000000000E7
:1079A00000100000000000000000000000000000C7
:1079B00000000000000000000000000000000000C7
:1079C00000000000000000000000000000000000B7
:1079D0000000001000000000000000000000000097
:1079E0000000000000000000000000000000000097
:1079F0000000000000000000000000000000000087
:107A00000000000000100000000000000000000066
:107A10000000000000000000000000000000000066
:107A20000000000000000000000000000000000056
:107A30000000000000000010000000000000000036
:107A40000000000000000000000000000000000036
:107A50000000000000000000000000000000000026
:107A60000000000000000000001000000000000006
:107A70000000000000000000000000000000000006
:107A800000000000000000000000000000000000F6
:107A900000000000000000000000001000000000D6
:107AA00000000000000000000000000000000000D6
:107AB00000000000000000000000000000000000C6
:107AC00000000000000000000000000000100000A6
:107AD00000000000000000000000000000000000A6
:107AE0000000000000000000000000000000000096
:107AF0000000000000000000000000000000001076
:107B00000000000000000000000000000000000075
:107B10000000000000000000000000000000000065
:107B20000000000000000000000000000000000055
:107B30000010000000000000000000000000000035
:107B40000000000000000000000000000000000035
:107B50000000000000000000000000000000000025
:107B60000000001000000000000000000000000005
:107B70000000000000000000000000000000000005
:107B800000000000000000000000000000000000F5
:107B900000000000001000000000000000000000D5
:107BA00000000000000000000000000000000000D5
:107BB00000000000000000000000000000000000C5
:107BC00000000000000000100000000000000000A5
:107BD00000000000000000000000000000000000A5
:107BE0000000000000000000000000000000000095
:107BF0000000000000000000001000000000000075
:107C00000000000000000000000000000000000074
:107C10000000000000000000000000000000000064
:107C20000000000000000000000000100000000044
:107C30000000000000000000000000000000000044
:107C40000000000000000000000000000000000034
:107C50000000000000000000000000000010000014
:107C60000000000000000000000000000000000014
:107C70000000000000000000000000000000000004
:107C800000000000000000000000000000000000F4
:107C900000000000000000000000000000000000E4
:107CA00000000000000000000000000000000000D4
:107CB00000000000000000000000000000000000C4
:107CC00000000000000000000000000000000000B4
:107CD00000000000000000000000000000000000A4
:107CE0000000000000000000000000000000000094
:107CF0000000000000000000000000000000000084
:107D00000000000000000000000000000000000073
:107D10000000000000000000000000000000000063
:107D20000000000000000000000000000000000053
:107D30000000000000000000000000000000000043
:107D40000000000000000000000000000000000033
:107D50000000000000000000000000000000000023
:107D60000000000000000000000000000000000013
:107D70000000000000000000000000000000000003
:107D800000000000000000000000000000000000F3
:107D900000000000000000000000000000000000E3
:107DA00000000000000000000000000000000000D3
:107DB00000000000000000000000000000000000C3
:107DC00000000000000000000000000000000000B3
:107DD00000000000000000000000000000000000A3
:107DE0000000000000000000000000000000000093
:107DF0000000000000000000000000000000000083
:107E00000000000000000000000000000000000072
:107E10000000000000000000000000000000000062
:107E20000000000000000000000000000000000052
:107E30000000000000000000000000000000000042
:107E40000000000000000000000000000000000032
:107E50000000000000000000000000000000000022
:107E60000000000000000000000000000000000012
:107E70000000000000000000000000000000000002
:107E800000000000000000000000000000000000F2
:107E900000000000000000000000000000000000E2
:107EA00000000000000000000000000000000000D2
:107EB00000000000000000000000000000000000C2
:107EC00000000000000000000000000000000000B2
:107ED00000000000000000000000000000000000A2
:107EE0000000000000000000000000000000000092
:107EF0000000000000000000000000000000000082
:107F00000000000000000000000000000000000071
:107F10000000000000000000000000000000000061
:107F20000000000000000000000000000000000051
:107F30000000000000000000000000000000000041
:107F40000000000000000000000000000000000031
:107F50000000000000000000000000000000000021
:107F60000000000000000000000000000000000011
:107F70000000000000000000000000000000000001
:107F800000000000000000000000000000000000F1
:107F900000000000000000000000000000000000E1
:107FA00000000000000000000000000000000000D1
:107FB00000000000000000000000000000000000C1
:107FC00000000000000000000000000000000000B1
:107FD00000000000000000000000000000000000A1
:107FE0000000000000000000000000000010000081
:107FF0000000000000000000000000000000000081
:108000000000000000000000000000000000000070
:108010000000000000000000000FFFF8000000104A
:108020000000000000000000000000000000000050
:108030000000000000000000000000000000000040
:1080400000000000000000000000000C000800001C
:1080500000100000000021C0E3800E38F3C071C0A2
:108060007040000000000000000000000000000060
:10807000000000000000000000000000000DB6CA73
:1080800000000190000000006240924011249240E4
:10809000922089C0000000000000000000000000E5
:1080A0000000000000000000000000000000000DC3
:1080B000B6CA0000019000000000214832400104CF
:1080C0001040828088400000000000000000000096
:1080D00000000000000000000000000000000000A0
:1080E000000DB6CA000001900000000021C06040F1
:1080F000020410408340884000000000000000009F
:10810000000000000000000000000000000000006F
:108110000000000DB6CA00000990000000002220F7
:1081200012400404208E822E8840000000000000CF
:10813000000000000000000000000000000000003F
:1081400000000000000DB6CA000009900000000009
:10815000222112400824C300922088400000000021
:10816000000000000000000000000000000000000F
:10817000000000000000000DB6CA0000C990000019
:10818000000021C8E3C01F38F3C071C07040000078
:1081900000000000000000000000000000000000DF
:1081A0000000000000000000000C00080000C99062
:1081B00000000000000000000000000000000000BF
:1081C00000000000000000000000000000000000AF
:1081D00000000000000000000000000FFFF8000099
:1081E000C990000000000000000000000000000036
:1081F000000000000000000000000000000000007F
:10820000000000000000000000000000000000006E
:10821000000000000000000000000000000000005E
:10822000000000000000000000000000000000004E
:10823000000000000000000000000000000000003E
:10824000000000000000000000000000000000002E
:10825000000000000000000000000000000000001E
:10826000000000000000000000000000000000000E
:1082700000000000000000000000000000000000FE
:1082800000000000000000000000000000000000EE
:1082900000000000000000000000000000000000DE
:1082A00000000000000000000000000000000000CE
:1082B00000000000000000000000000000000000BE
:1082C00000000000000000000000000000000000AE
:1082D000000000000000000000000000000000009E
:1082E000000000000000000000000000000000008E
:1082F000000000000000000000000000000000007E
:10830000000000000000000000000000000000006D
:10831000FFFFFFFFFFFFFFFFFFFFFFFFFFFFFFFF6D
:10832000FFFFFFFFFFFFFFFFFFFFFFFFFFFFFFFF5D
:10833000FFFFFFFFFFFFFFFFFFFFFFFFFFFFFFFF4D
:10834000FFFF00000000000000000000000000002F
:10835000000000000000000000000000000000001D
:1083600000000000002000000000000000000000ED
:1083700000000000000000000000000000000000FD
:1083800000000000000000000000000000000000ED
:1083900000000000000000200000000000000000BD
:1083A00000000000000000000000000000000000CD
:1083B00000000000000000000000000000000000BD
:1083C000000000000000000000200000000000008D
:1083D000000000000000000000000000000000009D
:1083E000000000000000000000000000000000008D
:1083F000000000000000000000000020000000005D
:10840000000000000000000000000000000000006C
:10841000000000000000000000000000000000005C
:10842000000000000000000000000000002000002C
:10843000000000000000000000000000000000003C
:10844000000000000000000000000000000000002C
:1084500000000000000000000000000000000020FC
:10846000000000000000000000000000000000000C
:1084700000000000000000000000000000000000FC
:1084800000000000000000000000000000000000EC
:1084900000200000000000000000000000000000BC
:1084A00000000000000000000000000000000000CC
:1084B00000000000000000000000000000000000BC
:1084C000000000200000000000000000000000008C
:1084D000000000000000000000000000000000009C
:1084E000000000000000000000000000000000008C
:1084F000000000000020000000000000000000005C
:10850000000000000000000000000000000000006B
:10851000000000000000000000000000000000005B
:10852000000000000000002000000000000000002B
:10853000000000000000000000000000000000003B
:10854000000000000000000000000000000000002B
:1085500000000000000000000020000000000000FB
:10856000000000000000000000000000000000000B
:1085700000000000000000000000000000000000FB
:1085800000000000000000000000002000000000CB
:1085900000000000000000000000000000000000DB
:1085A00000000000000000000000000000000000CB
:1085B000000000000000000000000000002000009B
:1085C00000000000000000000000000000000000AB
:1085D000000000000000000000000000000000009B
:1085E000000000000000000000000000000000206B
:1085F000000000000000000000000000000000007B
:10860000000000000000000000000000000000006A
:10861000000000000000000000000000000000005A
:10862000002000000000000000000000000000002A
:10863000000000000000000000000000000000003A
:10864000000000000000000000000000000000002A
:1086500000000020000000000000000000000000FA
:10866000000000000000000000000000000000000A
:1086700000000000000000000000000000000000FA
:1086800000000000002000000000000000000000CA
:1086900000000000000000000000000000000000DA
:1086A00000000000000000000000000000000000CA
:1086B000000000000000002000000000000000009A
:1086C00000000000000000000000000000000000AA
:1086D000000000000000000000000000000000009A
:1086E0000000000000000000002000000000FFFF6C
:1086F000FFFFFFE00000000000000000000000009D
:108700000000000000000000000000000000000069
:108710000000000000000000000000200000000039
:10872000FFFFFFFFFFE0000000000000000000006E
:108730000000000000000000000000000000000039
:108740000000000000000000000000000020000009
:108750000000FFFFFFFFFFE000000000000000003E
:108760000000000001800018000000000000000070
:1087700000000000000000000000000000000020D9
:1087800000000000C000000000E000000000000049
:1087900000000000000002C0003C000000000000DB
:1087A00000000000000000000000000000000000C9
:1087B000002000000000C000000000E000000000F9
:1087C00000000000000000000460007E00000000C7
:1087D0000000000000000000000000000000000099
:1087E0000000002000000000C000000000E00000C9
:1087F00000000000003C01E00000093000F700002C
:108800000000000000000000000000000000000068
:1088100000000000002000000000C000000000E098
:1088200000000000000000FF07F80000111801F729
:1088300080000000000000000000000000000000B8
:10884000000000000000002000000000C000000048
:1088500000E000000000000001C18E0C0000210CAF
:1088600003F7C0000000000000000000000000004E
:108870000000000000000000002000000000C00018
:10888000000000E000000000000001818C060000F4
:10889000410607F7E00000000000000000000000B3
:1088A00000000000000000000000002000000000A8
:1088B000C000000000E000000000000001001806F9
:1088C000000081030FF7F00000000000000000002E
:1088D0000000000000000000000000000020000078
:1088E0000000C000000000E00000000000000300E5
:1088F0001802000101010FF7F8000000000000005D
:108900000000000000000000000000000000002047
:1089100000000000C01E000F00E00000000000008A
:10892000030018020000810207F7F00000000000B9
:108930000000000000000000000000000000000037
:10894000002000000000C01E000F00E0000000003A
:108950000000030018027C00410403F7E00000005F
:108960000000000000000000000000000000000007
:108970000000002000000000C01E000F00E000000A
:1089800000000000030018020400200801FFC000DE
:1089900000000000000000000000000000000000D7
:1089A00000000000002000000000C01E000F00E0DA
:1089B0000000000000000100C8060C00111000F7C4
:1089C0008000000000000000000000000000000027
:1089D000000000000000002000000000C01E000F8A
:1089E00000E000000000000001818C061800092052
:1089F0000077000000000000000000000000000000
:108A00000000000000000000002000000000C01E68
:108A1000000F00E000000000000000C3860C3000E2
:108A20000440003E000000000000000000000000C4
:108A30000000000000000000000000200000000016
:108A4000C01E000F00E0000000000000007F03F8DF
:108A50007C000280001C00000000000000000000FC
:108A600000000000000000000000000000200000E6
:108A70000000C01E000F00E0000000000000001811
:108A800000C000000100000800000000000000001D
:108A900000000000000000000000000000000020B6
:108AA00000000000C01E000F00E0000000000000F9
:108AB00000000000000000000000000000000000B6
:108AC00000000000000000000000000000000000A6
:108AD000002000000000C000000000E000000000D6
:108AE0000000000000000000000000000000000086
:108AF0000000000000000000000000000000000076
:108B00000000002000000000C000000000E00000A5
:108B10000000000000000000000000000000000055
:108B20000000000000000000000000000000000045
:108B300000000000002000000000C000000000E075
:108B40000000000000000000000000000000000025
:108B50000000000000000000000000000000000015
:108B6000000000000000002000000000C000000025
:108B700000E0000000000000000000000000000015
:108B800000000000000000000000000000000000E5
:108B90000000000000000000002000000000C000F5
:108BA000000000E0000000000000000000000000E5
:108BB00000000000000000000000000000000000B5
:108BC0000000000000000000000000200000000085
:108BD000C000000000E000000000000000000000F5
:108BE0000000000000000000000000000000000085
:108BF0000000000000000000000000000020000055
:108C00000000C000000000E00000000000000000C4
:108C10000000000000000000000000000000000054
:108C20000000000000000000000000000000002024
:108C300000000000C000000000E000000000000094
:108C40000000000000000000000000000000000024
:108C50000000000000000000000000000000000014
:108C6000002000000000C004000800E00000000038
:108C700000000000000000000000000000000000F4
:108C800000000000000000000000000000000000E4
:108C90000000002000000000C007001800E00000F5
:108CA00000000000000000000000000000000000C4
:108CB00000000000000000000000000000000000B4
:108CC00000000000002000000000C00F807C00E0D9
:108CD0000000000000000000000000000000000094
:108CE0000000000000000000000000000000000084
:108CF000000000000000002000000000C00FE0FCA9
:108D000000E0000000000000000000000000000083
:108D10000000000000000000000000000000000053
:108D20000000000000000000002000000000C00360
:108D3000F3F000E000000000000000000000000070
:108D40000000000000000000000000000000000023
:108D500000000000000000000000002000000000F3
:108D6000C001FFE000E00000000000000000000083
:108D700000000000000000000000000000000000F3
:108D800000000000000000000000000000200000C3
:108D90000000C0007F8000E0000000000000000034
:108DA00000000000000000000000000000000000C3
:108DB0000000000000000000000000000000002093
:108DC00000000000C0003F0000E0000000000000C4
:108DD0000000000000000000000000000000000093
:108DE0000000000000000000000000000000000083
:108DF000002000000000C0000C0000E000000000A7
:108E00000000000000000000000000000000000062
:108E10000000000000000000000000000000000052
:108E20000000002000000000C000000000E0000082
:108E30000000000000000000000000000000000032
:108E40000000000000000000000000000000000022
:108E500000000000002000000000C000000000E052
:108E60000000000000000000000000000000000002
:108E700000000000000000000000000000000000F2
:108E8000000000000000002000000000C000000002
:108E900000E00000000000000000000000000000F2
:108EA00000000000000000000000000000000000C2
:108EB0000000000000000000002000000000C000D2
:108EC000000000E0000000000000000000000000C2
:108ED0000000000000000000000000000000000092
:108EE0000000000000000000000000200000000062
:108EF000FFFFFFFFFFE00000000000000000000097
:108F00000000000000000000000000000000000061
:108F10000000000000000000000000000020000031
:108F20000000FFFFFFFFFFE0000000000000000066
:108F30000000000000000000000000000000000031
:108F40000000000000000000000000000000002001
:108F500000000000FFFFFFFFFFE000000000000036
:108F60000000000000000000000000000000000001
:108F700000000000000000000000000000000000F1
:108F800000200000000000000000000000000000C1
:108F900000000000000000000000000000000000D1
:108FA00000000000000000000000000000000000C1
:108FB0000000002000000000000000000000000091
:108FC00000000000000000000000000000000000A1
:108FD0000000000000000000000000000000000091
:108FE0000000000000200000000000000000000061
:108FF0000000000000000000000000000000000071
:109000000000000000000000000000000000000060
:109010000000000000000020000000000000000030
:109020000000000000000000000000000000000040
:109030000000000000000000000000000000000030
:109040000000000000000000002000000000000000
:109050000000000000000000000000000000000010
:109060000000000000000000000000000000000000
:1090700000000000000000000000002000000000D0
:1090800000000000000000000000000000000000E0
:1090900000000000000000000000000000000000D0
:1090A00000000000000000000000000000200000A0
:1090B00000000000000000000000000000000000B0
:1090C00000000000000000000000000000000000A0
:1090D0000000000000000000000000000000002070
:1090E0000000000000000000000000000000000080
:1090F0000000000000000000000000000000000070
:10910000000000000000000000000000000000005F
:10911000002000000000000000000000000000002F
:10912000000000000000000000000000000300003C
:10913000300007C0000780000000000000000000B1
:1091400000000020000003F623C7C820FC89F800B7
:109150000000000000000000000000000000000708
:10916000000070003FF8003FF00000000000000029
:1091700000000000002000000202466408208088F1
:10918000400000000000000000000000000000009F
:10919000000F000070007FFC007FF800000000005E
:1091A00000000000000000200000020184040820EC
:1091B00080484000000000000000000000000000A7
:1091C0000000001F0000F000FE7E00FCFC0000001C
:1091D00000000000000000000020000003E0840701
:1091E000C820F82840000000000000000000000037
:1091F00000000000003F0001F001F01F01F03C0002
:10920000000000000000000000000020000002013B
:1092100084040820802840000000000000000000B6
:10922000000000000000007F0007F001E00F81E077
:109230001E000000000000000000000000200000F0
:1092400002024424082080184000000000000000B2
:10925000000000000000000001FF000FF003C00745
:1092600083C01E000000000000000000000000207D
:10927000000003F623C7CFBEFC084000000000003A
:109280000000000000000000000003FF003F70032A
:10929000C00783C00F0000000000000000000000B5
:1092A000002000000000000000000000000000009E
:1092B00000000000000000000000000007CF007E5A
:1092C0007003C00783C00F00000000000000000012
:1092D000000000200000000000000000000000006E
:1092E0000000000000000000000000000000078FE8
:1092F00000787000000787800F0000000000000069
:10930000000000000020000000000000000000003D
:10931000000000000000000000000000000000004D
:10932000060F007070000007878007000000000033
:10933000000000000000002000000000000000000D
:10934000000000000000000000000000000000001D
:109350000000000F00007000000787800700000079
:1093600000000000000000000020000000000000DD
:1093700000000000000000000000000000000000ED
:1093800000000000000F00007000000F0780078041
:1093900000000000000000000000002000000000AD
:1093A00000000000000000000000000000000000BD
:1093B000000000000000000F00007000001F078088
:1093C00007800000000000000000000000200000F6
:1093D000000000000000000000000000000000008D
:1093E0000000000000000000000F00007000003EC0
:1093F000078007800000000000000000000000203F
:10940000000000000000000000000000000000005C
:1094100000000000000000000000000F00007000CD
:10942000007C0780078000000000000000000000B2
:10943000002000000000000000000000000000000C
:10944000000000000000000000000000000F00000D
:10945000700000F807800780000000000000000096
:1094600000000020000000000000000000000000DC
:109470000000000000000000000000000000000FDD
:109480000000700001F0078007800000000000006D
:1094900000000000002000000000000000000000AC
:1094A00000000000000000000000000000000000BC
:1094B000000F0000700003E007800780000000003C
:1094C000000000000000002000000000000000007C
:1094D000000000000000000000000000000000008C
:1094E0000000000F0000700007C0078007000000A8
:1094F000000000000000000000200000000000004C
:10950000000000000000000000000000000000005B
:1095100000000000000F000070000F8007800700AF
:10952000000000000000000000000020000000001B
:10953000000000000000000000000000000000002B
:10954000000000000000000F000070001F000780F6
:109550000F000000000000000000000000200000DC
:1095600000000000000000000000000000000000FB
:109570000000000000000000000F000070007E00EE
:1095800003800F0000000000000000000000002029
:1095900000000000000000000000000000000000CB
:1095A00000000000000000000000000F000070003C
:1095B000FC0003C00F0000000000000000000000DD
:1095C000002000000000000000000000000000007B
:1095D000000000000000000000000000000F00007C
:1095E0007000F00003C00E0000000000000000004A
:1095F000000000200000000000000000000000004B
:109600000000000000000000000000000000000F4B
:1096100000007001F00001E01E00000000000000EA
:10962000000000000020000000000000000000001A
:10963000000000000000000000000000000000002A
:10964000000F00007003E00001F03E000000000089
:10965000000000000000003FFFFFFFFFFFFFFFFFD3
:10966000FFFFFFFFFFFF0000000000000000000000
:109670000000000F00007003FFFF80F87C00000076
:1096800000000000000000000020000000000000BA
:1096900000000000000000000000000000000000CA
:1096A00000000000000F00007007FFFF80FFF800BF
:1096B000000000000000000000000020000000008A
:1096C000000000000000000000000000000000009A
:1096D000000000000000000F00007007FFFF803F47
:1096E000F00000000000000000000000002000006A
:1096F000000000000000000000000000000000006A
:109700000000000000000000000000000000000059
:10971000000FC0000000000000000000000000205A
:109720000000000000000000000000000000000039
:109730000000000000000000000000000000000029
:109740000000000000000000000000000000000019
:1097500000200000000000000000000000000000E9
:1097600000000000000000000000000000000000F9
:1097700000000000000000000000000000000000E9
:1097800000000020000000000000000000000000B9
:1097900000000000000000000000000000000000C9
:1097A00000000000000000000000E7BF0000000013
:1097B0000000000000200000000000000000000089
:1097C0000000000000000000000000000000000099
:1097D00000000000000000000000000094A48000D1
:1097E0000000000000000020000000000000000059
:1097F0000000000000000000000000000000000069
:1098000000000000000000000000000000009424A0
:1098100080000000000000000020000000000000A8
:109820000000000000000000000000000000000038
:109830000000000000000000000000000000000028
:1098400094A4800000000000000000200000000040
:109850000000000000000000000000000000000008
:1098600000000000000000000000000000000000F8
:109870000000E724800000000000000000200070CD
:1098800000000000000000000000000000000000D8
:1098900000000000000000000000000000000000C8
:1098A0000000000084000000000000000000002014
:1098B00000D80000000000000000000000000000D0
:1098C0000000000000000000000000000000000098
:1098D0000000000000008400000000000000000004
:1098E0000020018C000000000000000000000000CB
:1098F0000000000000000000000000000000000068
:109900000000000000000000000000000000000057
:109910000000002001040000000000000000000022
:109920000000000000000000000000000000000037
:109930000000000000000000000000000000000027
:1099400000000000002001240000000000000000D2
:109950000000000000000000000000000000000007
:1099600000000000000000000000000000000000F7
:1099700000000000000000200124000000000000A2
:1099800000000000000000000000000000000000D7
:1099900000000000000000000000000000000000C7
:1099A0000000000000000000002001240000000072
:1099B00000000000000000000000000000000000A7
:1099C0000000000000000000000000000000000097
:1099D0000000000000000000000000200124000042
:1099E0000000000000000000000000000000000077
:1099F0000000000000000000000000000000000067
:109A00000000000000000000000000000020012411
:109A10000000000000000000000000000000000046
:109A20000000000000000000000000000000000036
:109A30000000000000000000000000000000002006
:109A400001240000000000000000000000000000F1
:109A50000000000000000000000000000000000006
:109A600000000000000000000000000000000000F6
:109A700000200222000000000000000000000000A2
:109A800000000000000000000000000000000000D6
:109A900000000000000000000000000000000000C6
:109AA0000000002002230000000000000000000071
:109AB00000000000000000000000000000000000A6
:109AC0000000000000000000000000000000000096
:109AD00000000000002004710000000000000000F1
:109AE0000000000000000000000000000000000076
:109AF0000000000000000000000000000000000066
:109B000000000000000000200471000000000000C0
:109B10000000000000000000000000000000000045
:109B20000000000000000000000000000000000035
:109B300000000000000000000020022200000000E1
:109B40000000000000000000000000000000000015
:109B50000000000000000000000000000000000005
:109B600000000000000000000000002002020000D1
:109B700000000000000000000000000000000000E5
:109B800000000000000000000000000000000000D5
:109B90000000000000000000000000000020018C18
:109BA00000000000000000000000000000000000B5
:109BB00000000000000000000000000000000000A5
:109BC0000000000000000000000000000000002075
:109BD00000F800000000000000000000000000008D
:109BE0000000000000000000000000000000000075
:109BF0000000000000000000000000000000000065
:109C00000020000000000000000000000000000034
:109C10000000000000000000000000000000000044
:109C20000000000000000000000000000000000034
:109C30000000002000000000000000000000000004
:109C40000000000000000000000000000000000014
:109C50000000000000000000000000000000000004
:109C600000000000002000000000000000000000D4
:109C700000000000000000000000000000000000E4
:109C800000000000000000000000000000000000D4
:109C900000000000000000200000000000000000A4
:109CA00000000000000000000000000000000000B4
:109CB00000000000000000000000000000000000A4
:109CC0000000000000000000002000000000000074
:109CD0000000000000000000000000000000000084
:109CE0000000000000000000000000000000000074
:109CF0000000000000000000000000200000000044
:109D00000000000000000000000000000000000053
:109D10000000000000000000000000000000000043
:109D20000000000000000000000000000020000013
:109D30000000000000000000000000000000000023
:109D40000000000000000000000000000000000013
:109D500000000000000000000000000000000020E3
:109D600000000000000000000000000000000000F3
:109D700000000000000000000000000000000000E3
:109D800000000000000000000000000000000000D3
:109D900000200000000000000000000000000000A3
:109DA00000000000000000000000000000000000B3
:109DB00000000000000000000000000000000000A3
:109DC0000000002000000000000000000000000073
:109DD0000000000000000000000000000000000083
:109DE0000000000000000000000000000000000073
:109DF0000000000000200000000000000000000043
:109E00000000000000000000000000000000000052
:109E10000000000000000000000000000000000042
:109E20000000000000000020000000000000000012
:109E30000000000000000000000000000000000022
:109E40000000000000000000000000000000000012
:109E500000000000000000000020000000000000E2
:109E600000000000000000000000000000000000F2
:109E700000000000000000000000000000000000E2
:109E800000000000000000000000002000000000B2
:109E900000000000000000000000000000000000C2
:109EA00000000000000000000000000000000000B2
:109EB0000000000000000000000000000020000082
:109EC0000000000000000000000000000000000092
:109ED0000000000000000000000000000000000082
:109EE0000000000000000000000000000000002052
:109EF0000000000000000000000000400000000022
:109F00000000000000000000000000000000000051
:109F10000000000000000000000000000000000041
:109F20000020000000000000000000000100000010
:109F30000000000000000000000000000000000021
:109F40000000000000000000000000000000000011
:109F50000800002000000000000000000000004099
:109F600000000000000000000000000000000000F1
:109F700000000000000000000000000000000000E1
:109F800000000800002000000000000000000000A9
:109F9000001F800000000000000000000000000022
:109FA00000000000000000000000000000000000B1
:109FB0000000000008000020000000000000000079
:109FC00000000018000000000008C420000000008D
:109FD0000000000000000000000000000000000081
:109FE0000000000000000800002000000000000049
:109FF00000000000001800000000001929480000BF
:10A000000000000000000000000000000000000050
:10A010000000000000000000080000200000000018
:10A02000000000000000001800000000002809489F
:10A030000000000000000000000000000000000020
:10A0400000000000000000000000080000200000E8
:10A050000001FC001FC00000001F8000000000097C
:10A0600021080000000000000000000000000000C7
:10A0700000000000000000000000000008000020B8
:10A0800000000003FF007FE0000000180000000057
:10A09000000821480000000000000000000000004F
:10A0A00000000000000000000000000000000800A8
:10A0B000002000000007FF80FFF0000000180000F3
:10A0C0000000000929480000000000000000000016
:10A0D0000000000000000000000000000000000080
:10A0E000080000200000000F0781F0780000001831
:10A0F000000000000008CE3000000000000000005A
:10A10000000000000000000000000000000000004F
:10A110000000080000200000001E03C1E03800001D
:10A120000018000000000000000000000000000017
:10A13000000000000000000000000000000000001F
:10A1400000000000080000200000001C01C1C03C0D
:10A1500000000000000000000000000000000000FF
:10A1600000000000000000000000000000000000EF
:10A17000000000000000080000200000003C01C1B9
:10A18000C03C0000000000000000000000000000D3
:10A1900000000000000000000000000000000000BF
:10A1A000000000000000000008000020000000384F
:10A1B0000001C03C000000000000000000000000A2
:10A1C000000000000000000000000000000000008F
:10A1D0000000000000000000000008000020000057
:10A1E00000380001E038000F80000000000000008F
:10A1F000000000000000000000000000000000005F
:10A200000000000000000000000000000800002026
:10A21000000000387800F078001CC000000000004A
:10A22000000000000000000000000000000000002E
:10A230000000000000000000000000000000080016
:10A24000002000000039FE007FF0001860000000D0
:10A2500000000000000000000000000000000000FE
:10A2600000000000000000000000000000000000EE
:10A27000080000200000003BFF003FC000306000ED
:10A2800000000000000000000000000000000000CE
:10A2900000000000000000000000000000000000BE
:10A2A0000000080000200000003F8F807FF00000C9
:10A2B000600000000000000000000000000000003E
:10A2C000000000000000000000000000000000008E
:10A2D00000000000080000200000003E03C1F8F864
:10A2E0000000E0000000000000000000000000008E
:10A2F000000000000000000000000000000000005E
:10A30000000000000000080000200000003C01C127
:10A31000E03C00038000000000000000000000009E
:10A32000000000000000000000000000000000002D
:10A330000000000000000000080000200000003CB9
:10A3400001C3C01C0000E00000000000000000008D
:10A3500000000000000000000000000000000000FD
:10A3600000000000000000000000080000200000C5
:10A37000003801E3801E00007000000000000000B3
:10A3800000000000000000000000000000000000CD
:10A390000000000000000000000000000800002095
:10A3A0000000003801E3801E0000300000000000C3
:10A3B000000000000000000000000000000000009D
:10A3C0000000000000000000000000000000080085
:10A3D00000200000003801E3800E00003000000083
:10A3E000000000000000000000000000000000006D
:10A3F000000000000000000000000000000000005D
:10A40000080000200000003C01C3801E0030300026
:10A41000000000000000000000000000000000003C
:10A42000000000000000000000000000000000002C
:10A430000000080000200000003C01C3C01E0018FE
:10A4400060000000000000000000000000000000AC
:10A4500000000000000000000000000000000000FC
:10A4600000000000080000200000001E03C3C03CE4
:10A47000061FE000000000000000000000000000D7
:10A48000000000000000000031800000000000001B
:10A49000000000000000080000200000001F0781ED
:10A4A000E07C060F800000000000000000000000BB
:10A4B00000000000000000000000318000000000EB
:10A4C0000000000000000000080000200000000F55
:10A4D000FF80FFF800000000000000000000000006
:10A4E00000000000000000000000000031800000BB
:10A4F0000000000000000000000008000020000034
:10A500000007FF007FF000000000000000000000D6
:10A51000000000000000000000000000000031808A
:10A520000000000000000000000000000800002003
:10A5300000000001FC003FE00000000000000000FF
:10A54000000000000000000000000000000000000B
:10A550003180000000000000000000000000080042
:10A5600000200000000000000000000000000000CB
:10A5700000000000000000000000000000000000DB
:10A58000000031800000000000000000000000001A
:10A590000800002000000000000000000000000093
:10A5A00000000000000000000000000000000000AB
:10A5B00000000000318000000000000000000000EA
:10A5C0000000080000200000000000000000000063
:10A5D000000000000000000000000000000000007B
:10A5E00000000000000031800000000000000000BA
:10A5F0000000000008000020000000000000000033
:10A60000000000000000000000000000000000004A
:10A610000000000000000000318000000000000089
:10A620000000000000000800002000000000000002
:10A63000000000000000000000000000000000001A
:10A640000000000000000000000031800000000059
:10A6500000000000000000000800002000000000D2
:10A6600000000000000000000000000000000000EA
:10A670000000000000000000000000003180000029
:10A6800000000000000000000000080000200000A2
:10A6900000000000000000000000000000000000BA
:10A6A00000000000000000000000000000003180F9
:10A6B0000000000000000000000000000800002072
:10A6C000000000000000000000000000000000008A
:10A6D000000000000000000000000000000000007A
:10A6E00031800000000000000000000000000800B1
:10A6F000002000000000000000000000000000003A
:10A700000000000000000000000000000000000049
:10A710000000318000000000000000000000000088
:10A720000800002000000000000000000000000001
:10A730000000000000000000000000000000000019
:10A7400000000000318000630000000000000000F5
:10A750001860080000200000000000000000000059
:10A7600000000000000000000000000000000000E9
:10A7700000000000000031800063000000000000C5
:10A780000000186008000020000000000000000029
:10A7900000000000000000000000000000000000B9
:10A7A0000000000000000000318000630000000095
:10A7B00000000000186008000020000000000000F9
:10A7C0000000000000000000000000000000000089
:10A7D0000000000000000000000031800063000065
:10A7E00000000000000018600800002000000000C9
:10A7F0000000000000000000000000000000000059
:10A800000000000000000000000000003180006334
:10A810000000000000000000186008000020000098
:10A820000000000000000000000000000000000028
:10A830000000000000000000000000000000318067
:10A840000063000000000000000018600800002005
:10A8500000000000000000000000000000000000F8
:10A8600000000000000000000000000000000000E8
:10A870003180006300000000000000001860080044
:10A8800000200000000000000000000000000000A8
:10A8900000000000000000000000000000000000B8
:10A8A000000031800063000000000000000018601C
:10A8B0000800002000000000000000000000000070
:10A8C0000000000000000000000000000000000088
:10A8D0000000000031800063000000000000000064
:10A8E00018600800002000000000000000000000C8
:10A8F0000000000000000000000000000000000058
:10A900000000000000003180006300000000000033
:10A910000000186008000020000000000000000097
:10A920000000000000000000000000000000000027
:10A930000000000000000000318000630000000003
:10A940000000000018600800002000000000000067
:10A9500000000000000000000000000000000000F7
:10A96000000000000C300000000031800063000196
:10A9700086000000000018600800003FFFFFFFFF96
:10A98000FFFFFFFFFFFFFFFFFFFF000000000000D1
:10A990000000000000000C3000000000318018634F
:10A9A000000186000000000618600800002000007A
:10A9B0000000000000000000000000000000000097
:10A9C00000000000000000000C300000000031809A
:10A9D00018630001860000000006186008000020CF
:10A9E0000000000000000000000000000000000067
:10A9F000000000000000000000000C30000000001B
:10AA0000318018630001860000000006186008000D
:10AA10000020000000000000000000000000000016
:10AA20000000000000000000000000000C300000EA
:10AA300000003180186300018600000000061860E5
:10AA400008000020000000000000000000000000DE
:10AA500000000000000000000000000000000C30BA
:10AA6000000000003180186300018600000000062D
:10AA70001860080000200000000000000000000036
:10AA800000000000000000000000000000000000C6
:10AA90000C300000000031801863000186000000C7
:10AAA0000006186008000020000000000000000000
:10AAB0000000000000000000000000000000000096
:10AAC00000C00C3000000300318018630C018600C8
:10AAD000000030061863080000200000000000009D
:10AAE0000000000000000000000000000000000066
:10AAF000000000C00C3000000300318018630C011E
:10AB000086000000300618630800002000000000E6
:10AB10000000000000000000000000000000000035
:10AB20000000000000C00C300000030031801863FA
:10AB30000C018600000030061863080000200000A9
:10AB40000000000000000000000000000000000005
:10AB500000000000000000C00C3000000300318045
:10AB600018630C01860000003006186308000020FE
:10AB700000200000000000000000000000000000B5
:10AB8000000000000000000000C00C3000000300C6
:10AB9000318018630C01860000003006186308003D
:10ABA0000020007000000000000000000000000015
:10ABB0000000000000000000000000C00C30000099
:10ABC0000300318018630C01860000003006186312
:10ABD00008000020005000000000000000000000FD
:10ABE00000000000000000000000000000C00C3069
:10ABF00000000300318018630C018600000030065D
:10AC00001863080000200088000000000000000019
:10AC1000000000000000000000000000000000C074
:10AC20000C3000000300318018630C018600000026
:10AC300030061863080000200188000000000000B2
:10AC400000000000000000000000000000003000D4
:10AC500000C00C3180000300318618630C01861897
:10AC60000000300618630800002001040000000006
:10AC700000000000000000000000000000000000D4
:10AC8000300618C30C318018430C318618630C3120
:10AC90008618030C318618630800002002060000A5
:10ACA00000000000000000000000000000000000A4
:10ACB0000000300618C30C318018430C318618632D
:10ACC0000C318618030C318618630800002002023C
:10ACD0000000000000000000000000000000000074
:10ACE00000000000300618C30C318018430C318678
:10ACF00018630C318618030C318618630800002095
:10AD0000020200000000000000000000000000003F
:10AD1000000000000000300618C30C318018430CFE
:10AD2000318618630C318618030C318618630800CD
:10AD300000200401000000000000000000000000EE
:10AD40000000000000000000300618C30C3180181D
:10AD5000430C318618630C318618030C3186186356
:10AD600008000020040500000000000000000000B2
:10AD700000000000000000000000300618C30C3185
:10AD80008018430C318618630C318618030C318609
:10AD9000186308000020040D0000000000000000FF
:10ADA00000000000000000000000030C318618C302
:10ADB0000C318618430C318618630C318618630CED
:10ADC000318618630800002004190000000000000C
:10ADD000000000000000000000000000030C3186AD
:10ADE00018C30C318618430C318618630C31861851
:10ADF000630C318618630800002003060000000081
:10AE00000000000000000000000000000000030C33
:10AE1000318618C30C318618430C318618630C3107
:10AE20008618630C318618630800002000F80000C3
:10AE30000000000000000000000000000000000012
:10AE4000030C318618C30C318618430C3186186305
:10AE50000C318618630C318618630800002000004E
:10AE600000000000000000000000000000000000E2
:10AE70000000030C318618C30C318618430C318650
:10AE800018630C318618630C3186186308000020A3
:10AE900000000000000000000000000000000000B2
:10AEA00000000000030C318618C30C318618430CD7
:10AEB000318618630C318618630C318618630800DC
:10AEC0000020000000000000000000000000000062
:10AED000000000000000030C318618C30C318618F6
:10AEE000430C318618630C318618630C3186186365
:10AEF000080000200000000000000000000000002A
:10AF00000000000000000000030C318618C30C3163
:10AF10008618430C318618630C318618630C318611
:10AF2000186308000020000000000000000000007E
:10AF300000000000000000000000030C318618C370
:10AF40000C318618430C318618630C318618630C5B
:10AF50003186186308000020000000000000000097
:10AF6000000000000000000000000000030C31861B
:10AF700018C30C318618430C318618630C318618BF
:10AF8000630C3186186308000020000000000000F8
:10AF90000000000000E40000000000000000030CBE
:10AFA000318618C30C318618430C318618630C3176
:10AFB0008618630C3186186308000020000000002A
:10AFC00000000000000000A00000000000000000E1
:10AFD000030C318618C30C318618430C3186186374
:10AFE0000C318618630C31861863080000200000BD
:10AFF0000001F8007FFC000000A800000000000035
:10B000002738030C318618C30C318618430C31865F
:10B0100018630C318618630C318618630800002011
:10B0200000000007FE007FFC00000046000000005A
:10B0300000006048030C318618C30C318618430C9D
:10B04000318618630C318618630C3186186308004A
:10B0500000200000000FFF00FFFC000000150000B2
:10B0600000000000A8C0030C318618C30C318618FC
:10B07000430C318618630C318618630C31861863D3
:10B08000080000200000001F0F80FFFC00000025CA
:10B0900000000000000128C0030C318618C30C31E9
:10B0A0008618430C318618630C318618630C318680
:10B0B0001863080000200000001E0380E00000006C
:10B0C0000026000000000001F848030C318618C378
:10B0D0000C318618430C318618630C318618630CCA
:10B0E00031861863080000200000003C03C0E00027
:10B0F0000000000000000000000025280000000003
:10B10000000000000000000000000000000000003F
:10B11000000000000000080000200000003801C00E
:10B12000E00000000000000000000000000000003F
:10B13000000000000000000000000000000000000F
:10B14000000000000000000008000020000000389F
:10B1500001C0E0000000000000000000000000004E
:10B1600000000000000000000000000000000000DF
:10B1700000000000000000000000080000200000A7
:10B18000003801C1E0000001800000000000000064
:10B1900000003FFFFFFFFFFFFFFFFFFFFFFFFFFF7D
:10B1A000FFFFFFFFFFFFFFFFFFFFFFFFF800002093
:10B1B0000000003801E1CFC0000180000000000065
:10B1C000000000000000000000000000000000007F
:10B1D000000000000000000000000000000000006F
:10B1E00000200000003801E1FFF0000780000000AF
:10B1F000000000000000000000000000000000004F
:10B20000000000000000000000000000000000003E
:10B21000000000200000003C01E1FFF8000F80006A
:10B22000000000000000000000000000000000001E
:10B23000000000000000000000000000000000000E
:10B240000000000000200000003C03E1F07C001939
:10B25000800000000000000000000000000000006E
:10B2600000000000000000000000000000000000DE
:10B2700000000000000000200000001F07E3C03CA9
:10B28000000180000000000000000000000000003D
:10B2900000000000000000000000000000000000AE
:10B2A000000000000000000000200000000FFFE090
:10B2B000001E0001800000000000000000000000EF
:10B2C000000000000000000000000000000000007E
:10B2D0000000000000000000000000200000000747
:10B2E000FDE0001E000180000000000000000000E2
:10B2F000000000000000000000000000000000004E
:10B30000000000000000000000000000002000001D
:10B310000003F9C0001E00018000000000000000D2
:10B32000000000000000000000000000000000001D
:10B3300000000000000000000000000000000020ED
:10B340000000000001C0000E0001800000000000AD
:10B3500000000000000000000000000000000000ED
:10B3600000000000000000000000000000000000DD
:10B3700000200000000001C0001E0001800000004D
:10B3800000000000000000000000000000000000BD
:10B3900000000000000000000000000000000000AD
:10B3A000000000200000000001C3801E000180009A
:10B3B000000000000000000000000000000000008D
:10B3C000000000000000000000000000000000007D
:10B3D0000000000000200000003C03C3C01C00016E
:10B3E00080000000000000000000000000000000DD
:10B3F000000000000000000000000000000000004D
:10B4000000000000000000200000003C0383C03C5E
:10B4100006018000000000000000000000000000A5
:10B42000000000000000000000000000000000001C
:10B43000000000000000000000200000001E0F813E
:10B44000E07C060180000000000000000000000019
:10B4500000000000000000000000000000000000EC
:10B460000000000000000000000000200000001F9D
:10B47000FF01FFF8000000000000000000000000D5
:10B4800000000000000000000000000000000000BC
:10B49000000000000000000000000000002000008C
:10B4A000000FFE00FFF000000000000000000000A0
:10B4B000000000000000000000000000000000008C
:10B4C000000000000000000000000000000000205C
:10B4D00000000007FC003FE000000000000000004A
:10B4E000000000000000000000000000000000005C
:10B4F000000000000000000000000000000000004C
:10B50000002000000000E000070000000000000034
:10B51000000000000000000000000000000000002B
:10B52000000000000000000000000000000000001B
:10B5300000000020000000000000000000000000EB
:10B5400000000000000000000000000000000000FB
:10B5500000000000000000000000000000000000EB
:10B5600000000000002000000000000000000000BB
:10B5700000000000000000000000000000000000CB
:10B5800000000000000000000000000000000000BB
:10B59000000000000000002000000000000000008B
:10B5A000000000000000000000000000000000009B
:10B5B000000000000000000000000000000000008B
:10B5C000000000000000000000200000000000005B
:10B5D000000000000000000000000000000000006B
:10B5E000000000000000000000000000000000005B
:10B5F000000000000000000000000020000000002B
:10B60000000000000000000000000000000000003A
:10B61000000000000000000000000000000000002A
:10B6200000000000000000000000000000200000FA
:10B63000000000000000000000000000000000000A
:10B6400000000000000000000000000000000000FA
:10B6500000000000000000000000000000000020CA
:10B6600000000000000000000000000000000000DA
:10B6700000000000000000000000000000000000CA
:10B6800000000000000000000000000000000000BA
:10B69000002000000000000000000000000000008A
:10B6A000000000000000000000000000000000009A
:10B6B000000000000000000000000000000000008A
:10B6C000000000200000000000000000000000005A
:10B6D000000000000000000000000000000000006A
:10B6E000000000000000000000000000000000005A
:10B6F000000000000020000000000000000000002A
:10B700000000000000000000000000000000000039
:10B710000000000000000000000000000000000029
:10B7200000000000000000200000000000000000F9
:10B730000000000000000000000000000000000009
:10B7400000000000000000000000000000000000F9
:10B7500000000000000000000020000000000000C9
:10B7600000000000000000000000000000000000D9
:10B7700000000000000000000000000000000000C9
:10B780000000000000000000000000200000000099
:10B7900000000000000000000000000000000000A9
:10B7A0000000000000000000000000000000000099
:10B7B0000000000000000000000000000020000069
:10B7C0000000000000000000000000000000000079
:10B7D0000000000000000000000000000000000069
:10B7E0000000000000000000000000000000002039
:10B7F0000000000000000000000000000000000049
:10B800000000000000000000000000000000000038
:10B810000000000000000000000000000000000028
:10B8200000200000000000000000000000000000F8
:10B830000000000000000000000000000000000008
:10B8400000000000000000000000000000000000F8
:10B8500000000020000000000000000000000000C8
:10B8600000000000000000000000000000000000D8
:10B8700000000000000000000000000000000000C8
:10B8800000000000000000000000000000000000B8
:10B89000000C00000000000000000000000000009C
:10B8A0000000000000000000000000000000000098
:10B8B0000000000000000000000000000000000088
:10B8C0000000000C0000000000000000000000006C
:10B8D0000000000000000000000000000000000068
:10B8E0000000000000000000000000000000000058
:10B8F00000000000000C000000000000000000003C
:10B900000000000000000000000000000000000037
:10B910000000000000000000000000000000000027
:10B92000000000000000000C00000000000000000B
:10B930000000000000000000000000000000000007
:10B9400000000000000000000000000000000000F7
:10B95000001FFFFFE0000000000C000000000000DE
:10B9600000000000000000000000000000000000D7
:10B9700000000000000000000000000000000000C7
:10B980000000001FFFFFE0000000030C00000000AB
:10B9900038F81F1F0003E7EFCF80F8F80F8700008B
:10B9A0000000000000000000000000000000000097
:10B9B0000000000000180000E0000000030C000080
:10B9C000000079D81BBB000777EEDDC0DDD81D8FE6
:10B9D0000000000000000000000000000000000067
:10B9E00000000000000000180000E0000000030C50
:10B9F00000000000F99983B300003660E0C0CD80FC
:10BA0000199F00000000000000000000000000007E
:10BA100000000000000000000018CDDCFC00000069
:10BA2000030C00000000D9D803B380007660C0C1C9
:10BA3000CDF819DF00000000000000000000000049
:10BA4000000000000000000000000018CDDCFC0039
:10BA50000000030C0000000018F807338000666146
:10BA6000C1C1CDD819C700000000000000000000CF
:10BA70000000000000000000000000000018CDDC05
:10BA8000FC000000C30C0000000019D803B38000C4
:10BA9000C663839FCD9FF9C700000000000000002F
:10BAA000000000000000000000000000000000187E
:10BAB000CDDCFC000000C30C00000000199C01B3A9
:10BAC0000003C6670700CD9C198700000000000036
:10BAD0000000000000000000000000000000000066
:10BAE0000018CDDCFC000000C30C0000000019DCD5
:10BAF00039BB000707EE0E00DDD81D8700000000EF
:10BB00000000000000000000000000000000000035
:10BB100000000018CDDCFC000000C30C0000000099
:10BB200018F99F1F0007F7EFFFC0F8F80F87000014
:10BB30000000000000000000000000000000000005
:10BB4000000000000018CDDCFC000030C30C000039
:10BB500000000000000000000000000000000000E5
:10BB600000000000000000000000000000000000D5
:10BB700000000000000000180000E0000030C30CCE
:10BB800000000000000000000000000000000000B5
:10BB900000000000000000000000000000000000A5
:10BBA000000000000000000000180000E00000306D
:10BBB000C30C0000000000000000000000000000B6
:10BBC0000000000000000000000000000000000075
:10BBD00000000000000000000000001FFFFFE00068
:10BBE0000030C30C00000000000000000000000056
:10BBF0000000000000000000000000000000000045
:10BC0000000000000000000000000000001FFFFF17
:10BC1000E0000030C30C0000000000000000000045
:10BC20000000000000000000000000000000000014
:10BC30000000000000000000000000000000000004
:10BC400000000000000000000000000000000000F4
:10BC500000000000000000000000000000000000E4
:10BC600000000000000000000000000000000000D4
:10BC700000000000000000000000000000000000C4
:10BC800000000000000000000000000000000000B4
:10BC900000000000000000000000000000000000A4
:10BCA0000000000000000000000000000000000094
:10BCB0000000000000000000000000000000000084
:10BCC0000000000000000000000000000000000074
:10BCD0000000000000000000000000000000000064
:10BCE0000000000000000000000000000000000054
:10BCF0000000000000000000000000000000000044
:10BD00000000000000000000000000000000000033
:10BD10000000000000000000000000000000000023
:10BD20000000000000000000000000000000000013
:10BD30000000000000000000000000000000000003
:10BD400000000000000000000000000000000000F3
:10BD500000000000000000000000000000000000E3
:10BD600000000000000000000000000000000000D3
:10BD700000000000000000000000000000000000C3
:10BD800000000000000000000000000000000000B3
:10BD900000000000000000000000000000000000A3
:10BDA0000000000000000000000000000000000093
:10BDB0000000000000000000000000000000000083
:10BDC0000000000000000000000000000000000073
:10BDD00000000000000000000000FFFFFFFFFFFF69
:10BDE000FFFFFFFFFFFFFFFFFFFFFFFFFFFFFFFF63
:10BDF000FFFFFFFFFFFFFFFFFFFFFFFFFFFFFFFF53
:10BE0000FFFFFFFFFFFFFFFFFFFFFFFF000000003E
:10BE10000000000000000000000000000000000022
:10BE200000000000000000000000000000000030E2
:10BE30000000000000000000000000000000000002
:10BE400000000000000000000000000000000000F2
:10BE500000000000000000000000000000000000E2
:10BE600000300000000000000000000000000000A2
:10BE700000000000000000000000000000000000C2
:10BE800000000000000000000000000000000000B2
:10BE90000000003000000000000000000000000072
:10BEA0000000000000000000000000000000000092
:10BEB0000000000000000000000000000000000082
:10BEC0000000000000300000000000000000000042
:10BED0000000000000000000000000000000000062
:10BEE0000000000000000000000000000000000052
:10BEF0000000000000000030000000000000000012
:10BF00000000000000000000000000000000000031
:10BF10000000000000000000000000000000000021
:10BF200000000000000000000030000000000000E1
:10BF30000000000000000000000000000000000001
:10BF400000000000000000000000000000000000F1
:10BF500000000000000000000000003000000000B1
:10BF600000000000000000000000000000000000D1
:10BF700000000000000000000000000000000000C1
:10BF80000000000000000000000000000030000081
:10BF900000000000000000000000000000000000A1
:10BFA0000000000000000000000000000000000091
:10BFB0000000000000000000000000000000003051
:10BFC0000000000000000000000000000000000071
:10BFD0000000000000000000000000000000000061
:10BFE0000000000000000000000000000000000051
:10BFF0000030000000000000000000000000000011
:10C00000000000000000000001C00002000000006D
:10C010000000000000000000000000000000000020
:10C0200000000030000000000000000000000000E0
:10C030000000000000000000000003E00007000016
:10C0400000000000000000000000000000000000F0
:10C0500000000000003000000000000000000000B0
:10C0600000000000000000000000000007F0000FCA
:10C070008000000000000000000000000000000040
:10C080000000000000000030000000000000000080
:10C0900000000000000000000000000000000F7819
:10C0A000001FC000000000000000000000000000B1
:10C0B0000000000000000000003000000000000050
:10C0C0000000000000000000000000000000000070
:10C0D0001E3C003FE00000000000000000000000E7
:10C0E0000000000000000000000000300000000020
:10C0F000000000000000000000000000007F03F8C6
:10C1000000003D9E007FF0000000000000000000E5
:10C1100000000000000000000000000000300000EF
:10C12000000000000000000000000000000000FF10
:10C1300087FE0000798F00FFF8000000000000007B
:10C1400000000000000000000000000000000030BF
:10C1500000000000000000000000000000000000DF
:10C1600001E3CF9E0000F18781FFFC00000000008A
:10C1700000000000000000000000000000000000BF
:10C180000030000000000FFFFFFFFF000000000074
:10C19000000001C1CE070001E183C3FFFE000000E3
:10C1A000000000000000000000000000000000008F
:10C1B00000000030000000000FFFFFFFFF00000044
:10C1C0000000000003809C070003C181E7FFFF001F
:10C1D000000000000000000000000000000000005F
:10C1E000000000000030000000000FFFFFFFFF0014
:10C1F00000000000000003801C0300038181E7FFB2
:10C20000FF800000000000000000000000000000AF
:10C210000000000000000030000000000C000000E2
:10C22000030000000000000003801C037C01C183A8
:10C23000C3FFFF000000000000000000000000003D
:10C2400000000000000000000030000000000C00B2
:10C250000000030000000000000003801C037E00BB
:10C26000E18781FFFE0000000000000000000000E8
:10C27000000000000000000000000030000000008E
:10C280000C000000030000000000000003805C07B9
:10C290000E00718F00FFFC00000000000000000095
:10C2A000000000000000000000000000003000005E
:10C2B00000000C000000030000000000000001C1AD
:10C2C000CE071E00399E007FF8000000000000002D
:10C2D000000000000000000000000000000000302E
:10C2E000000000000C00000003000000000000003F
:10C2F00001E3CF9E3C001C3C003FF000000000002A
:10C30000000000000000000000000000000000002D
:10C310000030000000000C000000030000000000DE
:10C32000000000FF87FE70000E78001FE000000094
:10C3300000000000000000000000000000000000FD
:10C3400000000030000000000C00000003000000AE
:10C3500000000000007F03F87E0007F0000FC0001F
:10C3600000000000000000000000000000000000CD
:10C37000000000000030000000000C03801C0300DF
:10C3800000000000000000000000000003E00007C3
:10C39000800000000000000000000000000000001D
:10C3A0000000000000000030000000000C03801CB2
:10C3B000030000000000000000000000000001C0B9
:10C3C000000300000000000000000000000000006A
:10C3D00000000000000000000030000000000C031E
:10C3E000801C0300000000000000000000000000AE
:10C3F00000800000000000000000000000000000BD
:10C4000000000000000000000000003000000000FC
:10C410000C03801C0300000000000000000000006E
:10C42000000000000000000000000000000000000C
:10C4300000000000000000000000000000300000CC
:10C4400000000C03801C030000000000000000003E
:10C4500000000000000000000000000000000000DC
:10C46000000000000000000000000000000000309C
:10C47000000000000C03801C03000000000000000E
:10C4800000000000000000000000000000000000AC
:10C49000000000000000000000000000000000009C
:10C4A0000030000000000C0000000300000000004D
:10C4B000000000000000000000000000000000007C
:10C4C000000000000000000000000000000000006C
:10C4D00000000030000000000C000000030000001D
:10C4E000000000000000000000000000000000004C
:10C4F000000000000000000000000000000000003C
:10C50000000000000030000000000C0000000300EC
:10C51000000000000000000000000000000000001B
:10C52000000000000000000000000000000000000B
:10C530000000000000000030000000000C000000BF
:10C5400003000000000000000000000000000000E8
:10C5500000000000000000000000000000000000DB
:10C5600000000000000000000030000000000C008F
:10C5700000000300000000000000000000000000B8
:10C5800000000000000000000000000000000000AB
:10C59000000000000000000000000030000000006B
:10C5A0000C0000000300000000000000000000007C
:10C5B000000000000000000000000000000000007B
:10C5C000000000000000000000000000003000003B
:10C5D00000000C000000030000000000000000004C
:10C5E000000000000000000000000000000000004B
:10C5F000000000000000000000000000000000300B
:10C60000000000000C01801003000000000000008A
:10C61000000000000000000000000000000000001A
:10C62000000000000000000000000000000000000A
:10C630000030000000000C01E07803000000000062
:10C6400000000000000000000000000000000000EA
:10C6500000000000000000000000000000000000DA
:10C6600000000030000000000C01F1F803000000A1
:10C6700000000000000000000000000000000000BA
:10C6800000000000000000000000000000000000AA
:10C69000000000000030000000000C00FFF003006C
:10C6A000000000000000000000000000000000008A
:10C6B000000000000000000000000000000000007A
:10C6C0000000000000000030000000000C007FC0EF
:10C6D0000300000000000000000000000000000057
:10C6E000000000000000000000000000000000004A
:10C6F00000000000000000000030000000000C00FE
:10C700001F80030000000000000000000000000087
:10C710000000000000000000000000000000000019
:10C7200000000000000000000000003000000000D9
:10C730000C000E00030000000000000000000000DC
:10C7400000000000000000000000000000000000E9
:10C7500000000000000000000000000000300000A9
:10C7600000000C00000003000000000000000000BA
:10C7700000000000000000000000000000000000B9
:10C780000000000000000000000000000000003079
:10C79000000000000C00000003000000000000008A
:10C7A0000000000000000000000000000000000089
:10C7B0000000000000000000000000000000000079
:10C7C0000030000000000C0000000300000000002A
:10C7D0000000000000000000000000000000000059
:10C7E0000000000000000000000000000000000049
:10C7F00000000030000000000C00000003000000FA
:10C800000000000000000000000000000000000028
:10C810000000000000000000000000000000000018
:10C82000000000000030000000000FFFFFFFFF00CD
:10C8300000000000000000000000000000000000F8
:10C8400000000000000000000000000000000000E8
:10C850000000000000000030000000000FFFFFFF9C
:10C86000FF000000000000000000000000000000C9
:10C8700000000000000000000000000000000000B8
:10C8800000000000000000000030000000000FFF6A
:10C89000FFFFFF000000000000000000000000009B
:10C8A0000000000000000000000000000000000088
:10C8B0000000000000000000000000300000000048
:10C8C0000000000000000000000000000000000068
:10C8D0000000000000000000000000000000000058
:10C8E0000000000000000000000000000030000018
:10C8F0000000000000000000000000000000000038
:10C900000000000000000000000000000000000027
:10C9100000000000000000000000000000000030E7
:10C920000000000000000000000000000000000007
:10C9300000000000000000000000000000000000F7
:10C9400000000000000000000000000000000000E7
:10C9500000300000000000000000000000000000A7
:10C9600000000000000000000000000000000000C7
:10C9700000000000000000000000000000000000B7
:10C980000000003000000000000000000000000077
:10C990000000000000000000000000000000000097
:10C9A0000000000000000000000000000000000087
:10C9B0000000000000300000000000000000000047
:10C9C0000000000000000000000000000000000067
:10C9D0000000000000000000000000000000000057
:10C9E0000000000000000030000000000000000017
:10C9F0000000000000000000000000000000000037
:10CA00000000000000000000000000000000000026
:10CA100000000000000000000030000000000000E6
:10CA20000000000000000000000000000000000006
:10CA3000000000000007800078000FF8001FF000E1
:10CA400000000000000000000000003000000000B6
:10CA500000000000000000000000000000000000D6
:10CA60000000000000000007800078003FFE007F0B
:10CA7000FC0000000000000000000000003000008A
:10CA800000000000000000000000000000000000A6
:10CA90000000000000000000000F8000F8007FFF91
:10CAA00000FFFE0000000000000000000000003059
:10CAB0000000000000000000000000000000000076
:10CAC00000000000000000000000001F8001F800CE
:10CAD000FFFF80FFFE0000000000000000000000DB
:10CAE000003000001FDCCFCFEC183F31FF8000008A
:10CAF000000000000000000000000000003F800374
:10CB0000F801FE3FC1FC7F000000000000000000B3
:10CB1000000000300000180D8EEC0C1830398C002D
:10CB2000000000000000000000000000000000FF06
:10CB3000800FF801F80FC1F01F0000000000000096
:10CB400000000000003000001807986C0C18303905
:10CB50008C00000000000000000000000000000049
:10CB600001FF801FF801F007C3E00F800000000004
:10CB7000000000000000003000001FC7180FEC1874
:10CB80003F3D8C000000000000000000000000009D
:10CB9000000007FF807FF803E003C3E00F80000080
:10CBA0000000000000000000003000001807180C12
:10CBB0000C18303F8C000000000000000000000056
:10CBC0000000000007EF807EF801E003E3E00F8043
:10CBD0000000000000000000000000300000180FFE
:10CBE0009C6C0C1830378C00000000000000000026
:10CBF00000000000000007CF807CF8000003C3C0E5
:10CC0000078000000000000000000000003000006D
:10CC1000181DCEEC0C1830338C0000000000000012
:10CC20000000000000000000070F8070F800000303
:10CC3000C3C007C00000000000000000000000307A
:10CC400000001FD8EFCFEFDFBFB38C000000000063
:10CC500000000000000000000000000F8000F8004D
:10CC60000007C7C007C0000000000000000000006F
:10CC70000030000000000000000000000000000084
:10CC8000000000000000000000000000000F800015
:10CC9000F800000FC7C007C000000000000000003F
:10CCA0000000003000000000000000000000000054
:10CCB0000000000000000000000000000000000F65
:10CCC0008000F800000F87C007C0000000000000CF
:10CCD0000000000000300000000000000000000024
:10CCE0000000000000000000000000000000000044
:10CCF000000F8000F800001F07C007C00000000000
:10CD000000000000000000300000000000000000F3
:10CD10000000000000000000000000000000000013
:10CD20000000000F8000F800003F07C007C00000AF
:10CD300000000000000000000030000000000000C3
:10CD400000000000000000000000000000000000E3
:10CD500000000000000F8000F80000FE07C007C0C0
:10CD60000000000000000000000000300000000093
:10CD700000000000000000000000000000000000B3
:10CD8000000000000000000F8000F80001FC07C058
:10CD900007C000000000000000000000003000009C
:10CDA0000000000000000000000000000000000083
:10CDB0000000000000000000000F8000F80003F8F1
:10CDC00007C007C0000000000000000000000030A5
:10CDD0000000000000000000000000000000000053
:10CDE00000000000000000000000000F8000F800BC
:10CDF00007F003C007C000000000000000000000B2
:10CE000000300000000000000000000000000000F2
:10CE1000000000000000000000000000000F800083
:10CE2000F8000FC003C007800000000000000000F1
:10CE300000000030000000000000000000000000C2
:10CE40000000000000000000000000000000000FD3
:10CE50008000F8003F8003E00F8000000000000029
:10CE60000000000000300000000000000000000092
:10CE700000000000000000000000000000000000B2
:10CE8000000F8000F8007F0003E00F80000000002A
:10CE90000000000000000030000000000000000062
:10CEA0000000000000000000000000000000000082
:10CEB0000000000F8000F800FE0003E00F8000007B
:10CEC0000000000000000000003000000000000032
:10CED0000000000000000000000000000000000052
:10CEE00000000000000F8000F800F80001F01F00B3
:10CEF0000000000000000000000000300000000002
:10CF00000000000000000000000000000000000021
:10CF1000000000000000000F8000F801F80001FC94
:10CF20007F0000000000000000000000003FFFFF45
:10CF3000FFFFFFFFFFFFFFFFFFFFFFFF00000000FD
:10CF40000000000000000000000F8000F801FFFF5B
:10CF5000E0FFFE0000000000000000000000003FB5
:10CF6000FFFFFFFFFFFFFFFFFFFFFFFFFFFF0000CF
:10CF700000000000000000000000000F8000F80327
:10CF8000FFFFE0FFFE0000000000000000000000C6
:10CF90000030000000000000000000000000000061
:10CFA000000000000000000000000000000F8000F2
:10CFB000F803FFFFE07FFC0000000000000000001D
:10CFC0000000003000000000000000000000000031
:10CFD0000000000000000000000000000000000F42
:10CFE0008000F803FFFFE01FF000000000000000D9
:10CFF0000000000000300000000000000000000001
:10D000000000000000000000000000000000000020
:10D010000000000000000000000000000000000010
:10D0200000000000000000300000000000000000D0
:10D0300000000000000000000000000000000000F0
:10D0400000000000000000000000000000000000E0
:10D0500000000000000000000030000000000000A0
:10D0600000000000000000000000000000000000C0
:10D0700000000000000000000000000000000000B0
:10D08000FFFFC000000000000000003000000000B2
:10D090000000000000000000000000000000000090
:10D0A0000000000000000000000000000000000080
:10D0B0000000DEFEC00000000000000000300000A4
:10D0C0000000000000000000000000000000000060
:10D0D0000000000000000000000000000000000050
:10D0E00000000000DEF6C00000000000000000307C
:10D0F0000000000000000000000000000000000030
:10D10000000000000000000000000000000000001F
:10D11000000000000000DEF6C0000000000000007B
:10D1200000300000000000000000000000000000CF
:10D1300000000000000000000000000000000000EF
:10D140000000000000000000FFF6C000000000002A
:10D150000000003000FC00000000000000000000A3
:10D1600000000000000000000000000000000000BF
:10D1700000000000000000000000C60000000000E9
:10D1800000000000003000FE000000000000000071
:10D19000000000000000000000000000000000008F
:10D1A000000000000000000000000000C6000000B9
:10D1B000000000000000003001CE00000000000070
:10D1C000000000000000000000000000000000005F
:10D1D000000000000000000000000000000000004F
:10D1E0000000000000000000003001C60000000048
:10D1F000000000000000000000000000000000002F
:10D20000000000000000000000000000000000001E
:10D2100000000000000000000000003001C6000017
:10D2200000000000000000000000000000000000FE
:10D2300000000000000000000000000000000000EE
:10D24000000000000000000000000000003001C6E7
:10D2500000000000000000000000000000000000CE
:10D2600000000000000000000000000000000000BE
:10D27000000000000000000000000000000000307E
:10D2800001F60000000000000000000000000000A7
:10D29000000000000000000000000000000000008E
:10D2A000000000000000000000000000000000007E
:10D2B000003001F600000000000000000000000047
:10D2C000000000000000000000000000000000005E
:10D2D000000000000000000000000000000000004E
:10D2E0000000003001F60000000000000000000017
:10D2F000000000000000000000000000000000002E
:10D30000000000000000000000000000000000001D
:10D3100000000000003001F60000000000000000E6
:10D3200000000000000000000000000000000000FD
:10D3300000000000000000000000000000000000ED
:10D34000000000000000003001F6000000000000B6
:10D3500000000000000000000000000000000000CD
:10D3600000000000000000000000000000000000BD
:10D370000000000000000000003003B700000000C3
:10D38000000000000000000000000000000000009D
:10D39000000000000000000000000000000000008D
:10D3A00000000000000000000000003007B3800013
:10D3B000000000000000000000000000000000006D
:10D3C000000000000000000000000000000000005D
:10D3D00000000000000000000000000000300731E5
:10D3E00080000000000000000000000000000000BD
:10D3F000000000000000000000000000000000002D
:10D4000000000000000000000000000000000030EC
:10D410000631C00000000000000000000000000015
:10D4200000000000000000000000000000000000FC
:10D4300000000000000000000000000000000000EC
:10D4400000300639C00000000000000000000000AD
:10D4500000000000000000000000000000000000CC
:10D4600000000000000000000000000000000000BC
:10D47000000000300639C00000000000000000007D
:10D48000000000000000000000000000000000009C
:10D49000000000000000000000000000000000008C
:10D4A0000000000000300739C0000000000000004C
:10D4B000000000000000000000000000000000006C
:10D4C000000000000000000000000000000000005C
:10D4D0000000000000000030078380000000000012
:10D4E000000000000000000000000000000000003C
:10D4F000000000000000000000000000000000002C
:10D500000000000000000000003003CF8000000099
:10D51000000000000000000000000000000000000B
:10D5200000000000000000000000000000000000FB
:10D5300000000000000000000000003001FF0000BB
:10D5400000000000000000000000000000000000DB
:10D5500000000000000000000000000000000000CB
:10D56000000000000000000000000000003000FC8F
:10D5700000000000000000000000000000000000AB
:10D58000000000000000000000000000000000009B
:10D59000000000000000000000000000000000305B
:10D5A000000000000000000000000000000000007B
:10D5B000000000000000000000000000000000006B
:10D5C000000000000000000000000000000000005B
:10D5D000003000000000000000000000000000001B
:10D5E000000000000000000000000000000000003B
:10D5F000000000000000000000000000000000002B
:10D6000000000030000000000000000000000000EA
:10D61000000000000000000000000000000000000A
:10D6200000000000000000000000000000000000FA
:10D6300000000000003000000000000000000000BA
:10D6400000000000000000000000000000000000DA
:10D6500000000000000000000000000000000000CA
:10D66000000000000000003000000000000000008A
:10D6700000000000000000000000000000000000AA
:10D68000000000000000000000000000000000009A
:10D69000000000000000000000300000000000005A
:10D6A000000000000000000000000000000000007A
:10D6B000000000000000000000000000000000006A
:10D6C000000000000000000000000030000000002A
:10D6D000000000000000000000000000000000004A
:10D6E000000000000000000000000000000000003A
:10D6F00000000000000000000000000000300000FA
:10D70000000000000000000007C000000000000052
:10D710000000000000000000000000000000000009
:10D7200000000000000000000000000000000030C9
:10D730000000000000000000000006E00000000003
:10D7400000000000000000000000000000000000D9
:10D7500000000000000000000000000000000000C9
:10D760000030000000000000000000000660000023
:10D7700000000000000000000000000000000000A9
:10D780000000000000000000000000000000000099
:10D7900000000030000000000000000000000660F3
:10D7A0000000000000000000000000000000000079
:10D7B0000000000000000000000000000000000069
:10D7C0000000000000300000000000000000000029
:10D7D00006E0000000000000000000000000000063
:10D7E0000000000000000000000000000000000039
:10D7F00000000000000000300000000000000000F9
:10D80000000007C00000000000000000060000004B
:10D810000000000000000000000000000000000008
:10D8200000000000000000C0003000000000000008
:10D8300000000000000FF0000000000000000600E3
:10D8400000000000000000000000000000000000D8
:10D85000000000000000000000C0003000000000D8
:10D86000000000000000000C0000000000E3CFBF3B
:10D8700006000000000000000000000000000000A2
:10D880000000000000000000000000C000300000A8
:10D890000000000000000000000C0000000001E695
:10D8A000FDBF0600000000000000000000000000B6
:10D8B00000000000000000000000000000C0003078
:10D8C00000000000000000000000000C000000004C
:10D8D00003E619B30600000000000000000000008D
:10D8E000000000000000000000000000000000C078
:10D8F000003000000000000000000000000FE00009
:10D9000000000367D9F306000000000000000000DB
:10D910000000000000000000000000000000000007
:10D9200000C0003000000000000000000000000CFB
:10D9300000000000006EF9F3060000000000000087
:10D9400000000000000000000000000000000000D7
:10D95000000000C0003000000001FE001FE00000D9
:10D96000000C00000000006E79F3060000000000CB
:10D9700000000000000000000000000000000000A7
:10D980000000000000C0003000000003FF807FF8AE
:10D990000000000C00000000006679B306000000E3
:10D9A0000000000000000000000000000000000077
:10D9B00000000000000000C0003000000007FFC0B1
:10D9C000FFFC0000000C000000000066FDBF060028
:10D9D0000000000000000000000000000000000047
:10D9E000000000000000000000C000300000000F38
:10D9F000CFC0F8FC0000000C000000000063CFBFA7
:10DA00000600000000000000000000000000000010
:10DA10000000000000000000000000C00030000016
:10DA2000000F03E1F03E00000000000000000000D5
:10DA300000000600000000000000000000000000E0
:10DA400000000000000000000000000000C00030E6
:10DA50000000001F01E1E01E0000000000000000C7
:10DA600000000000060000000000000000000000B0
:10DA7000000000000000000000000000000000C0E6
:10DA800000300000001E01E1E01E00000000000068
:10DA90000000000000000600000000000000000080
:10DAA0000000000000000000000000000000000076
:10DAB00000C000300000001E0001E01E0000000059
:10DAC0000000000000000000060000000000000050
:10DAD0000000000000000000000000000000000046
:10DAE000000000C000300000003C0001F03E000FCC
:10DAF000C000000000000000000006000000000060
:10DB00000000000000000000000000000000000015
:10DB10000000000000C000300000003CFE00F87C67
:10DB2000001FE000000000000000000006000000F0
:10DB300000000000000000000000000000000000E5
:10DB400000000000000000C000300000003DFF8029
:10DB50007FF8001CF000000000000000000006003C
:10DB600000000000000000000000000000000000B5
:10DB7000000000000000000000C000300000003F76
:10DB8000FFC03FF0003870000000000000000000FF
:10DB9000060000000000000000000000000000007F
:10DBA0000000000000000000000000C00030000085
:10DBB000003FC7E0FFF80000700000000000000018
:10DBC000000006000000000000000000000000004F
:10DBD00000000000000000000000000000C0003055
:10DBE0000000003F03E1F8FC0000F000000000002E
:10DBF000000000000600000000000000000000001F
:10DC0000000000000000000000000000000000C054
:10DC100000300000003E01E1F03E0003E0000000A3
:10DC200000000000000006000000000000000000EE
:10DC300000000000000000000000000000000000E4
:10DC400000C000300000003E01F3E01E0003F000C1
:10DC500000000000000000000600000000000000BE
:10DC600000000000000000000000000000000000B4
:10DC7000000000C000300000003C00F3C01F0000A6
:10DC80007800000000000000000006000000000016
:10DC90000000000000000000000000000000000084
:10DCA0000000000000C000300000003C00F3C00F86
:10DCB0000000380000000000000000000600000026
:10DCC0000000000000000000000000000000000054
:10DCD00000000000000000C000300000003E00F323
:10DCE000C00F000038000000000000000000060027
:10DCF0000000000000000000000000000000000024
:10DD0000000000000000000000C000300000001E05
:10DD100001F3C01F003838000000000000000000C0
:10DD200006000000000000000000000000000000ED
:10DD30000000000000000000000000C000300000F3
:10DD4000001E01E3E01E003C78000000000000001F
:10DD500000000600000000000000000000000000BD
:10DD600000000000000000000000000000C00030C3
:10DD70000000001F03E1E03E079FF00000000000EC
:10DD8000000000000600000000000000000000008D
:10DD9000030C00000000000000000000000000C0B4
:10DDA00000300000000FC7C1FC7E078FE0000000BC
:10DDB000000000000000060000000000000000005D
:10DDC0000000030C00000000000000000000000044
:10DDD00000C0003000000007FFC0FFFC0000000092
:10DDE000000000000000000006000000000000002D
:10DDF00000000000030C0000000000000000000014
:10DE0000000000C0003000000003FF807FF8000029
:10DE100000000000000000000000060000000000FC
:10DE2000000000000000030C0000000000000000E3
:10DE30000000000000C0003000000001FE001FE0F4
:10DE400000000000000000000000000006000000CC
:10DE50000000000000000000030C000000000000B3
:10DE600000000000000000C00030000000000000C2
:10DE7000000000000000000000000000000006009C
:10DE800000000000000000000000030C0000000083
:10DE9000000000000000000000C000300000000092
:10DEA0000000000000000000000000000000000072
:10DEB000060000000000000000000000030C00004D
:10DEC0000000000000000000000000C00030000062
:10DED0000000000000000000000000000000000042
:10DEE0000000060000000000000000000000030C1D
:10DEF00000000000000000000000000000C0003032
:10DF00000000000000000000000000000000000011
:10DF100000000000060000000000000000000000FB
:10DF2000030C00000000000000000000000000C022
:10DF300000300000000000000000000000000000B1
:10DF400000000000000006000000000000000000CB
:10DF50000000030C000000000000000000000000B2
:10DF600000C00030000000000000000000000000C1
:10DF7000000000000000000006000000000000009B
:10DF800000000000030C0000000000000000000082
:10DF9000000000C000300000000000000000000091
:10DFA000000000000000000000000600000000006B
:10DFB000000000000000030C000000000000000052
:10DFC0000000000000C00030000000000000000061
:10DFD000000000000000000000000000060000003B
:10DFE0000000000000000000030C00000000000022
:10DFF00000000000000000C0003000000000000031
:10E00000000000000000000000000000000006000A
:10E0100000000000000000000000030C00000000F1
:10E02000000000000000000000C000300000000000
:10E0300000000000000000000000000000000000E0
:10E04000060000000000000000000000030C0006B5
:10E05000180000000000000001C600C000300000F1
:10E0600000000000000000000000000000000000B0
:10E070000000060000000000000000000000030C8B
:10E080000006180000000000000001C600C00030BB
:10E090000000000000000000000000000000000080
:10E0A000000000000600000000000000000000006A
:10E0B000030C0006180000000000000001C600C0AC
:10E0C0000030000000000000000000000000000020
:10E0D000000000000000060000000000000000003A
:10E0E0000000030C0006180000000000000001C63C
:10E0F00000C0003000000000000000000000000030
:10E100000000000000000000060000000000000009
:10E1100000000000030C00061800000000000000D2
:10E1200001C600C000300000000000000000000038
:10E1300000000000000000000000060000000000D9
:10E14000000000000000030C0006180000000000A2
:10E15000000001C600C00030000000000000000008
:10E1600000000000000000000000000006000000A9
:10E170000000000000000000030C00061800000072
:10E180000000000001C600C00030000000000000D8
:10E190000000000000000000000000000000060079
:10E1A00000000000000000000000030C0006180042
:10E1B00000000000000001C600C0003000000000A8
:10E1C000000000000000000000000000000000004F
:10E1D000060000000000000000000000030C000624
:10E1E000180000000000000001C600C00030000060
:10E1F000000000000000000000000000000000001F
:10E200000000060000000000000000000000030CF9
:10E210000006180000000000000001C600C0003029
:10E2200000000000000000000000000000000000EE
:10E230000000000006000000000000C30000000015
:10E24000030C000618000C700000000001C600C09E
:10E25000003FFFFFFFFFFFFFFFFFFFFFFFFFFFFF8D
:10E2600000000000000006000000000000C30000E5
:10E270000000030C000618000C700000000001C62E
:10E2800000C0003FFFFFFFFFFFFFFFFFFFFFFFFF9B
:10E29000FFFF00000000000006000000000000C3B7
:10E2A00000000000030C018618000C700000000044
:10E2B00031C600C000300000000000000000000077
:10E2C0000000000000000000000006000000000048
:10E2D00000C300000000030C018618000C70000051
:10E2E000000031C600C00030000000000000000047
:10E2F0000000000000000000000000000600000018
:10E30000000000C300000000030C018618000C7020
:10E310000000000031C600C0003000000000000016
:10E3200000000000000000000000000000000600E7
:10E330000000000000C300000000030C018618006C
:10E340000C700000000031C600C00030000000006A
:10E3500000000000000000000000000000000000BD
:10E3600006000000000000C300000000030C01864E
:10E3700018000C700000000031C600C00030000022
:10E38000000000000000000000000000000000008D
:10E39000000006000000000000C300000000030CA5
:10E3A000018618000C700000000031C600C000306B
:10E3B000001000000000000000000000000000004D
:10E3C0000000000006000000000600C30000001866
:10E3D000030C018618E00C700000030031C618C061
:10E3E00000300038000000000000000000000000C5
:10E3F00000000000000006000000000600C300004E
:10E400000018030C018618E00C700000030031C6F0
:10E4100018C00030003800000000000000000000BC
:10E42000000000000000000006000000000600C31D
:10E4300000000018030C018618E00C7000000300B7
:10E4400031C618C00030007C000000000000000051
:10E4500000000000000000000000060000000006B0
:10E4600000C300000018030C018618E00C700000C7
:10E47000030031C618C00030007E0000000000001C
:10E480000000000000000000000000000600000086
:10E49000000600C300000018030C018618E00C7091
:10E4A0000000030031C618C0003000EE000000007C
:10E4B0000000000000000000000000000000060056
:10E4C0000000000600C300000018030C018618E0DD
:10E4D0000C700000030031C618C0003001C70000F6
:10E4E000000000000000000000000000000000002C
:10E4F00006000000000600C300000018030C01869F
:10E5000018E00C700000030031C618C0003001C7CD
:10E5100000000000000000000000000000000000FB
:10E52000000006000000000600C300000018030CF5
:10E53000018618E00C700000030031C618C00030DE
:10E5400003838000000000000000000000000000C5
:10E550000000000006000300000600C30C000018C5
:10E56000030C718618E00C718000030031C618C0DE
:10E570000030038180000000000000000000000067
:10E5800000000000000006000300718618C30C01A3
:10E590008618E30C718618E30C718018E30C31C601
:10E5A00018C000300701C00000000000000000009B
:10E5B000000000000000000006000300718618C380
:10E5C0000C018618E30C718618E30C718018E30CBB
:10E5D00031C618C000300700C00000000000000075
:10E5E000000000000000000000000600030071862B
:10E5F00018C30C018618E30C718618E30C7180189F
:10E60000E30C31C618C000300600E0000000000036
:10E6100000000000000000000000000006000300F1
:10E62000718618C30C018618E30C718618E30C710F
:10E630008018E30C31C618C000300603E00000006B
:10E6400000000000000000000000000000000600C4
:10E650000300718618C30C018618E30C718618E359
:10E660000C718018E30C31C618C000300607E000BA
:10E67000000000000000000000000000000000009A
:10E680000638C30C718618C30C718618E30C7186AA
:10E6900018E30C718618E30C31C618C00030060F61
:10E6A000E00000000000000000000000000000008A
:10E6B00000000638C30C718618C30C718618E30C71
:10E6C000718618E30C718618E30C31C618C000304F
:10E6D000070FE00000000000000000000000000044
:10E6E000000000000638C30C718618C30C71861830
:10E6F000E30C718618E30C718618E30C31C618C060
:10E70000003007FFC0000000000000000000000013
:10E710000000000000000638C30C718618C30C719D
:10E720008618E30C718618E30C718618E30C31C669
:10E7300018C0003003FF800000000000000000004F
:10E7400000000000000000000638C30C718618C3EA
:10E750000C718618E30C718618E30C718618E30CB3
:10E7600031C618C00030007C00000000000000002E
:10E77000000000000000000000000638C30C718695
:10E7800018C30C718618E30C718618E30C71861897
:10E79000E30C31C618C0003000000000000000008B
:10E7A0000000000000000000000000000638C30C5C
:10E7B000718618C30C718618E30C718618E30C710E
:10E7C0008618E30C31C618C00030000000000000BD
:10E7D00000000000000000000000000000000638FB
:10E7E000C30C718618C30C718618E30C718618E38C
:10E7F0000C718618E30C31C618C000300000000010
:10E800000000000000000078C000000000000000D0
:10E810000638C30C718618C30C718618E30C718618
:10E8200018E30C718618E30C31C618C000300000E4
:10E83000000000000000000000FDC000000000001B
:10E8400000000638C30C718618C30C718618E30CDF
:10E85000718618E30C718618E30C31C618C00030BD
:10E860000000000000000000000000ED800000003B
:10E8700000039F7C0638C30C718618C30C71861880
:10E88000E30C718618E30C718618E30C31C618C0CE
:10E8900000300000000000000000000000FF000049
:10E8A00000000003BB6E0638C30C718618C30C71E0
:10E8B0008618E30C718618E30C718618E30C31C6D8
:10E8C00018C0003000000000000000000000007BC5
:10E8D000000000000007B3660638C30C718618C339
:10E8E0000C718618E30C718618E30C718618E30C22
:10E8F00031C618C0003000000001FE007FFE00009D
:10E900000007F0000000000FB3E60638C30C718664
:10E9100018C30C718618E30C718618E30C71861805
:10E92000E30C31C618C0003000000007FF007FFE76
:10E930000000000FF0000000000DB3E60638C30C25
:10E94000718618C30C718618E30C718618E30C717C
:10E950008618E30C31C618C000300000000FFF809D
:10E960007FFE0000000DB00000000019B3E606387D
:10E97000C30C718618C30C718618E30C718618E3FA
:10E980000C718618E30C31C618C000300000001F5F
:10E99000CFC0F8000000001DF0000000001FF3666B
:10E9A0000638C30C718618C30C718618E30C718687
:10E9B00018E30C718618E30C31C618C00030000053
:10E9C000001F03E0F00000000019F000000000014B
:10E9D000BB6E0638C30C718618C30C718618E30C25
:10E9E000718618E30C718618E30C31C618C000302C
:10E9F0000000003E01E0F000000000000000000008
:10EA000000019F7C060000000000000000000000E4
:10EA1000000000000000000000000000000000C036
:10EA200000300000003E01E0F000000000000000A7
:10EA300000000000000006000000000000000000D0
:10EA400000000000000000000000000000000000C6
:10EA500000C000300000003C01F0F00000000000A9
:10EA600000000000000000000600000000000000A0
:10EA70000000000000000000000000000000000096
:10EA8000000000C000300000003C01F1EFE0000198
:10EA9000C000000000000000000007FFFFFFFFFFB4
:10EAA000FFFFFFFFFFFFFFFFFFFFFFFFFFFFFFFF76
:10EAB000FFFFFFFFFFC000300000003C01F1FFF846
:10EAC0000001C00000000000000000000000000085
:10EAD0000000000000000000000000000000000036
:10EAE000000000000000000000300000003C01F1C8
:10EAF000FFFC0007C0000000000000000000000054
:10EB00000000000000000000000000000000000005
:10EB10000000000000000000000000300000003E87
:10EB200001F1F87E000FC0000000000000000000AE
:10EB300000000000000000000000000000000000D5
:10EB40000000000000000000000000000030000095
:10EB5000001F03F1E03E001FC000000000000000A5
:10EB600000000000000000000000000000000000A5
:10EB70000000000000000000000000000000003065
:10EB80000000001F8FF0001F0009C00000000000FF
:10EB90000000000000000000000000000000000075
:10EBA0000000000000000000000000000000000065
:10EBB00000300000000FFFF0000F0001C000000057
:10EBC0000000000000000000000000000000000045
:10EBD0000000000000000000000000000000000035
:10EBE0000000003000000007FEF0000F0001C00030
:10EBF0000000000000000000000000000000000015
:10EC00000000000000000000000000000000000004
:10EC100000000000003000000003FCF0000F0001C5
:10EC2000C000000000000000000000000000000024
:10EC300000000000000000000000000000000000D4
:10EC400000000000000000300000000001F0000F94
:10EC50000001C000000000000000000000000000F3
:10EC600000000000000000000000000000000000A4
:10EC7000000000000000000000300000000001E083
:10EC8000000F0001C00000000000000000000000B4
:10EC90000000000000000000000000000000000074
:10ECA0000000000000000000000000300000001E16
:10ECB00001E3C01F0001C0000000000000000000D0
:10ECC0000000000000000000000000000000000044
:10ECD0000000000000000000000000000030000004
:10ECE000001E03E3E01E0001C00000000000000061
:10ECF0000000000000000000000000000000000014
:10ED000000000000000000000000000000000030D3
:10ED10000000001F03C1E03E0781C00000000000AA
:10ED200000000000000000000000000000000000E3
:10ED300000000000000000000000000000000000D3
:10ED400000300000001F8FC1F8FC0781C0000000E8
:10ED500000000000000000000000000000000000B3
:10ED600000000000000000000000000000000000A3
:10ED7000000000300000000FFF80FFFC00000000DA
:10ED80000000000000000000000000000000000083
:10ED90000000000000000000000000000000000073
:10EDA00000000000003000000007FF007FF80000B6
:10EDB0000000000000000000000000000000000053
:10EDC0000000000000000000000000000000000043
:10EDD000000000000000003000000003FC003FE0E5
:10EDE0000000000000000000000000000000000023
:10EDF0000000000000000000000000000000000013
:10EE000000000000000000000030000000000000D2
:10EE100000000000000000000000000000000000F2
:10EE200000000000000000000000000000000000E2
:10EE300000000000000000000000003000000000A2
:10EE400000000000000000000000000000000000C2
:10EE500000000000000000000000000000000000B2
:10EE60000000000000000000000000000030000072
:10EE70000000000000000000000000000000000092
:10EE80000000000000000000000000000000000082
:10EE90000000000000000000000000000000003042
:10EEA0000000000000000000000000000000000062
:10EEB0000000000000000000000000000000000052
:10EEC0000000000000000000000000000000000042
:10EED0000030000000000000000000000000000002
:10EEE0000000000000000000000000000000000022
:10EEF0000000000000000000000000000000000012
:10EF000000000030000000000000000000000000D1
:10EF100000000000000000000000000000000000F1
:10EF200000000000000000000000000000000000E1
:10EF300000000000003000000000000000000000A1
:10EF400000000000000000000000000000000000C1
:10EF500000000000000000000000000000000000B1
:10EF60000000000000000030000000000000000071
:10EF70000000000000000000000000000000000091
:10EF80000000000000000000000000000000000081
:10EF90000000000000000000003000000000000041
:10EFA0000000000000000000000000000000000061
:10EFB0000000000000000000000000000000000051
:10EFC0000000000000000000000000300000000011
:10EFD0000000000000000000000000000000000031
:10EFE0000000000000000000000000000000000021
:10EFF00000000000000000000000000000300000E1
:10F000000000000000000000000000000000000000
:10F0100000000000000000000000000000000000F0
:10F0200000000000000000000000000000000030B0
:10F0300000000000000000000000000000000000D0
:10F0400000000000000000000000000000000000C0
:10F0500000000000000000000000000000000000B0
:10F060000030000000000000000000000000000070
:10F070000000000000000000000000000000000090
:10F080000000000000000000000000000000000080
:10F090000000003000000000000000000000000040
:10F0A0000000000000000000000000000000000060
:10F0B0000000000000000000000000000000000050
:10F0C0000000000000300000000000000000000010
:10F0D0000000000000000000000000000000000030
:10F0E0000000000000000000000000000000000020
:10F0F00000000000000000300000000000000000E0
:10F1000000000000000000000000000000000000FF
:10F1100000000000000000000000000000000000EF
:10F1200000000000000000000030000000000000AF
:10F1300000000000000000000000000000000000CF
:10F1400000000000000000000000000000000000BF
:10F15000000000000000000000000030000000007F
:10F16000000000000000000000000000000000009F
:10F17000000000000000000000000000000000008F
:10F18000000000000000000000000000003000004F
:10F19000000000000000000000000000000000006F
:10F1A000000000000000000000000000000000005F
:10F1B000000000000000000000000000000000004F
:10F1C000000000000000000000000000000000003F
:10F1D000000000000000000000000000000000002F
:10F1E000000000000000000000000000000000001F
:10F1F000000000000000000000000000000000000F
:10F2000000000000000000000000000000000000FE
:10F2100000000000000000000000000000000000EE
:10F2200000000000000000000000000000000000DE
:10F2300000000000000000000000000000000000CE
:10F2400000000000000000000000000000000000BE
:10F2500000000000000000000000000000000000AE
:10F26000000000000000000000000000000000009E
:10F27000000000000000000000000000000000008E
:10F28000000000000000000000000000000000007E
:10F29000000000000000000000000000000000006E
:10F2A000000000000000000000000000000000005E
:10F2B000000000000000000000000000000000004E
:10F2C000000000000000000000000000000000003E
:10F2D000000000000000000000000000000000002E
:10F2E000000000000000000000000000000000001E
:10F2F0000000000000000000000000007800FC009A
:10F30000CC00CC00FC00787C00FE01C701830180AA
:10F3100001800180018301C700FE007C00007800AD
:10F32000FC00CC00CC00FC0079FE01FE01800180D5
:10F3300001FC01FC018001800180018001807800D6
:10F34000FC00CC06CC0CCC18FC30786000C00180EE
:10F350000300061E0C3F183330336033003F001E9D
:10F3600000000000000000FC0001FE000387000711
:10F3700003800E31C01C30E038307070303870308F
:10F38000387030387030383830701C00E00E31C0C2
:10F3900007038003870001FE0000FC00000000005E
:10F3A000000000000000000000FC00017A000201E3
:10F3B0000004788008FC4011CE2023CF1047CF886E
:10F3C0008FCFC48FCFC48FCFC48FCFC447CF8823F4
:10F3D000FF1011CE2008FC40047880020100017A61
:10F3E0000000FC0000000000000000000000FC0025
:10F3F00001FE0003FF0007FF800FFFC01FCFE03FAB
:10F40000CFF07FCFF8FFCFFCFFCFFCFFCFFCFFCFCB
:10F41000FC7FCFF83FFFF01FCFE00FFFC007FF805A
:10F4200003FF0001FE0000FC00000000000000FFE0
:10F43000FFFCFFFFFCC0000CC0000CCCCCCFCCCC40
:10F44000CFCCCCCFCCCCCFCCCCCFCCCCCFCCCCCFEA
:10F45000C0000CC0000CFFFFFCFFFFFCFFFFFCFF27
:10F46000FFFCC0000CC0000CCCCC0FCCCC0FCCCC23
:10F470000FCCCC0FCCCC0FCCCC0FCCCC0FC0000C15
:10F48000C0000CFFFFFCFFFFFCFFFFFCFFFFFCC008
:10F49000000CC0000CCCC00FCCC00FCCC00FCCC037
:10F4A0000FCCC00FCCC00FCCC00FC0000CC0000CE4
:10F4B000FFFFFCFFFFFCFFFFFCFFFFFCC0000CC0D8
:10F4C000000CCC000FCC000FCC000FCC000FCC00F8
:10F4D0000FCC000FCC000FC0000CC0000CFFFFFCD5
:10F4E000FFFFFCFFFFFCFFFFFCC0000CC0000CC0D6
:10F4F000000FC0000FC0000FC0000FC0000FC00001
:10F500000FC0000FC0000CC0000CFFFFFCFFFFFC91
:10F5100000000300038007C00CC00C601C601C309E
:10F5200038383018701C600CE00CE0EEC3F6E3EEE7
:10F53000E00E7E7C3FF80FE00000000000000F00AE
:10F540001F803FC039DE30C030DC36C036DC36C00C
:10F5500036C036C076E07670E630C630CF38CF3869
:10F56000CF38E070F0F07FE03FC0000000003000D6
:10F570000030000030000030000030000C30000C83
:10F5800030000C30000C30030C30030C30030C3016
:10F59000C30C30C30C30C30C30C30C30000030C07F
:10F5A000000030C0000030C0000030C0000030C09B
:10F5B000000C30C0000C30C0000C30C0000C30C05B
:10F5C000030C30C0030C30C0030C3000C30C30C03F
:10F5D000C30C30C0C30C3000C30C3000FFFFFFFF72
:10F5E000F8FFFFFFFFF8FFFFFFFFF8E00000003823
:10F5F000E000000038E000000038E000000038E0E3
:10F6000000000038E000000038E000000038E0189A
:10F6100000C038E01800C038E01800C038E018001A
:10F62000C038E01800C038E01800C038E01800C04A
:10F6300038E000000038E000000038E0000000384A
:10F64000E000000038E000000038E000000038E092
:10F650000C018038E01E03C038E01F07C038E00FFF
:10F66000DF8038E003FE0038E001FC0038E0007085
:10F670000038E000000038E000000038E000000042
:10F6800038E000000038FFFFFFFFF8FFFFFFFFF842
:10F69000FFFFFFFFF8FFFFFFFFF8FFFFFFFFF8FF8F
:10F6A000FFFFFFF8E000000038E000000038E00055
:10F6B000000038E000000038E000000038E0000002
:10F6C0000038E000000038E03801C038E03801C000
:10F6D00038E03801C038E03801C038E03801C038BF
:10F6E000E03801C038E000000038E000000038E0F9
:10F6F00000000038E000000038E000000038E000C2
:10F70000000038E000000038E000000038E00000B1
:10F710000038E01FFF8038E01FFF8038E01FFF80C7
:10F7200038E000000038E000000038E00000003859
:10F73000E000000038E000000038E000000038FF82
:10F74000FFFFFFF8FFFFFFFFF8FFFFFFFFF8FFFFDE
:10F75000FFFFF8FFFFFFFFF8FFFFFFFFF8E00000EB
:10F760000038E000000038E000000038E000000051
:10F7700038E000000038E000000038E00000003809
:10F78000E03800E038E03800E038E03800E038E009
:10F790003800E038E03800E038E03800E038E000D9
:10F7A000000038E000000038E000000038E0000011
:10F7B0000038E000000038E000000038E000700091
:10F7C00038E000F80038E003FE0038E007FF0038BA
:10F7D000E01F8FC038E01E07C038E00C018038E021
:10F7E00000000038E000000038E000000038E000D1
:10F7F000000038E000000038FFFFFFFFF8FFFFFFC8
:10F80000FFF8FFFFFFFFF80030000030001030204D
:10F810003830701C00E00EFDC005FE800387000735
:10F820000380060180F601BCF601BC0601800703D7
:10F830008003870005FE800EFDC01C00E03830709C
:10F840001030200030000030000C03000C63000C6E
:10F8500063000C63000C63000C63000C63000C631A
:10F86000000C63003C63C07DFBE03DFBC01DFB80E2
:10F870000CF3000060007FFFE07FFFE07FFFE0C04F
:10F88000DFFB037FE0C0DFFB037FE0C0D803036042
:10F8900060C0D803036060FFD803FF6060FFD80337
:10F8A000FF6060C0D803036060C0D803036060C01D
:10F8B000DFFB037FE0C0DFFB037FE0FFC000FFC092
:10F8C00000C0C000C0C000C0C000C0C000C0C000B8
:10F8D000C0C000FFCF80FFC080000F80000080000C
:10F8E0000F80000000FFBFF7F8FFFFBFF7F8FFC170
:10F8F000B33018C0C1B33018C0C1B337F8FFFFB37D
:10F9000037F8FFFFB3360003C033360003C0333788
:10F91000FAFFC03337FAFFFF7FF99FE0FF7FF99FBF
:10F92000E0C363199860C363199860C36319986052
:10F93000FF63199860FF63199860C063199860C0ED
:10F9400063199FE0C063199FE0FF6037FDFFFF6010
:10F95000360D801860360D801830660D8018104600
:10F960000D801818C60D801808860D80180D860D9C
:10F97000801807060D80180207FDFF000000000038
:10F98000000000FFBFFBFEFFBFFBFEC0301806C03B
:10F99000301806C0301806C0301806C0301BFEC034
:10F9A000301BFEC0301B00C0301B00C0301B00C02D
:10F9B000301B00FFBFFBFEFFBFFBFE00000000008E
:10F9C000000000000000F80000008800003E8800F1
:10F9D000002288000FA2880008A28803E8A28802FB
:10F9E00028A288FA28A2888A28A2888A28A2888A37
:10F9F00028A288FBEFBEF8000000F8000000880095
:10FA0000003E8800002288000FA2880008A2880318
:10FA1000E8A2880228A288FA28A288FA28A288FAEE
:10FA200028A288FA28A288FBEFBEF8000000F800A0
:10FA300000008800003E8800002288000FA2880095
:10FA400008A28803E8A28803E8A288FBE8A288FB52
:10FA5000E8A288FBE8A288FBE8A288FBEFBEF800DA
:10FA60000000F80000008800003E880000228800A6
:10FA70000FA288000FA28803EFA28803EFA288FBE1
:10FA8000EFA288FBEFA288FBEFA288FBEFA288FB26
:10FA9000EFBEF8000000F80000008800003E88007B
:10FAA000003E88000FBE88000FBE8803EFBE8803AB
:10FAB000EFBE88FBEFBE88FBEFBE88FBEFBE88FB86
:10FAC000EFBE88FBEFBEF8000000F8000000F80071
:10FAD000003EF800003EF8000FBEF8000FBEF8032D
:10FAE000EFBEF803EFBEF8FBEFBEF8FBEFBEF8FB8E
:10FAF000EFBEF8FBEFBEF8FBEFBEF8000000000021
:10FB000000000000000000000000000000000000F5
:10FB1000004000008BE09F27C08A21155040FBE287
:10FB20001507C088241500400BE81507C000000029
:10FB300000000000000000000000000000000000C5
:10FB4000000000400000FBE09F27C0AA21155040A4
:10FB5000ABE21507C0A824150040ABE81507C000AC
:10FB600000007EFD004285004285004285F8428506
:10FB7000087EFD084081084081F800000000000078
:10FB8000000000000000000000000000FA0716AAB4
:10FB90000898ABEF90AA2890ABE890000000003FD7
:10FBA000FC3FFC300C300C300C300C300C300C3086
:10FBB0000C300C300C300C300C300C300C300C3065
:10FBC0000C300C3FFC3FFC00000000000000000F68
:10FBD000000F000300030003000300030003000301
:10FBE00000030003000300030003000300030003FD
:10FBF0000003000300030000000000000000003FBD
:10FC0000FC3FFC000C000C000C000C000C000C0075
:10FC10000C3FFC3FFC300030003000300030003042
:10FC20000030003FFC3FFC00000000000000003FEF
:10FC3000FC3FFC000C000C000C000C000C000C0045
:10FC40000C3FFC3FFC000C000C000C000C000C00F6
:10FC50000C000C3FFC3FFC000000000000000030E6
:10FC60000C300C300C300C300C300C300C300C30B4
:10FC70000C3FFC3FFC000C000C000C000C000C00C6
:10FC80000C000C000C000C00000000000000003F05
:10FC9000FC3FFC30003000300030003000300030DD
:10FCA000003FFC3FFC000C000C000C000C000C00A2
:10FCB0000C000C3FFC3FFC00000000000000003F77
:10FCC000FC3FFC30003000300030003000300030AD
:10FCD000003FFC3FFC300C300C300C300C300C3052
:10FCE0000C300C3FFC3FFC00000000000000003F17
:10FCF000FC3FFC000C000C000C000C000C000C0085
:10FD00000C000C000C000C000C000C000C000C0093
:10FD10000C000C000C000C00000000000000003F74
:10FD2000FC3FFC300C300C300C300C300C300C3004
:10FD30000C3FFC3FFC300C300C300C300C300C30E5
:10FD40000C300C3FFC3FFC00000000000000003FB6
:10FD5000FC3FFC300C300C300C300C300C300C30D4
:10FD60000C3FFC3FFC000C000C000C000C000C00D5
:10FD70000C000C3FFC3FFC000000000000000000F5
:10FD8000007F7F7F414149414149414149414149CA
:10FD90007F7F4940404940400000000000000000D3
:10FDA0000000000000000000000000000000000053
:10FDB0000000000000000000007FCC19FF3FE600BB
:10FDC000C01FF3067F807FCE39FF3FE600C01FF3E0
:10FDD000867F8060073180300600C01803C60C00A3
:10FDE00060077180300600C01803E60C006003E174
:10FDF00080300600C01803760C007FC1C1803FE64A
:10FE000000C01FF33E0C007FC1C1803FE600C01F51
:10FE1000F31E0C006003E180300600C018030E0CD6
:10FE20000060077180300600C01803060C006007F0
:10FE30007180300600C01803060C007FCE39FF3FEA
:10FE4000E7FCFF9FF3060C007FCC19FF3FE7FCFFA8
:10FE50009FF3060C000000000000000000000000FE
:10FE60000000000000000000000000000000000092
:10FE70000000000000000000000000000000000082
:10FE80000000000000000000000000000000000072
:10FE90000000000000000000000000000000000062
:10FEA000007FCFF9FE0FC60C3E1FF180607FCFF9B7
:10FEB000FE0FC70C3E1FF1806060CC198183078C58
:10FEC000C19831C0E060CC19818307CCC19830E182
:10FED000C060CC19818306ECC19830738060CFF983
:10FEE0008183067CFF9FF03F0060CFF98183063C51
:10FEF000FF9FF01E0060CC318183061CC198600C0E
:10FF00000060CC318183060CC198600C0060CC1974
:10FF10008183060CC198300C007FCC19FE0FC60CF3
:10FF2000C198300C007FCC19FE0FC60CC198300C64
:10FF300000000000000000000000000000000000C1
:10FF400000000000000000000000000000000000B1
:10FF500000000000000000000000000000000000A1
:10FF60000000000000000000000000000000000091
:10FF700000600FFCC0CFFB00C0600FFCC0CFFB00D7
:10FF8000C0600C0CC0CC0381C0600C0CC0CC01C3A1
:10FF900080600C0CC0CC00E700600C0CC0CFF87E79
:10FFA00000600C0CC0CFF83C00600C0CC0C01818EE
:10FFB00000600C0CC0C0181800600C0CC0C01818F1
:10FFC000007FCFFCFFCFF818007FCFFCFFCFF818E1
:10FFD0000000000000000000000000000000000021
:10FFE0000000000000000000000000000000000011
:10FFF00000524541444255535900524541444255EF
:020000040003F7
:1000000053595F43414C4C4241434B0000000000B8
:1000100000000000000000000000000000000018C8
:1000200018181818181818001800000000000018F8
:10003000181800000000000000000000000000246C
:10004000247E2424247E2424000000000018183C70
:10005000666030180C06663C18180000000070D866
:10006000DB760C18306EDB1B0E0000000000003841
:100070006C6C38606F66663B000000000000001882
:100080001818000000000000000000000000000C34
:100090001818303030303018180C000000000030D4
:1000A00018180C0C0C0C0C18183000000000000084
:1000B00000361C7F1C36000000000000000000001D
:1000C0000018187E18180000000000000000000052
:1000D0000000000000001C1C0C18000000000000C4
:1000E0000000007E00000000000000000000000092
:1000F0000000000000001C1C0000000000000000C8
:100100000102040810204080000000000000007E72
:1001100042424242424242427E0000000000000C45
:100120000404040404040404040000000000007E2D
:100130000202027E404040407E0000000000007E3F
:100140000202027E020202027E0000000000002283
:10015000222222223E020202020000000000007E53
:100160004040407E020202027E0000000000007E4D
:100170004040407E424242427E0000000000003E7D
:100180000202020202020202020000000000007EDF
:100190004242427E424242427E0000000000007E17
:1001A0004242427E02020202020000000000000001
:1001B00000181800000018180000000000000000DF
:1001C00000181800000018180818000000000006A9
:1001D0000C18306030180C06000000000000000011
:1001E00000003C003C000000000000000000006037
:1001F00030180C060C183060000000000000003CB5
:1002000066660C1818001818000000000000007E38
:10021000C3C3CFDBDBCFC07F000000000000007E47
:100220004242427E42424242420000000000007CC4
:100230004444447E424242427E0000000000007E70
:1002400040404040404040407E00000000000078B8
:1002500044424242424242427E0000000000007E90
:100260004040407E404040407E0000000000007E54
:100270004040407C40404040400000000000007E84
:10028000424240404E4242427E0000000000004296
:100290004242427E42424242420000000000007E52
:1002A00018181818181818187E000000000000020E
:1002B00002020202020202027E000000000000426E
:1002C000424448704844424242000000000000405E
:1002D00040404040404040407E000000000000425E
:1002E000665A42424242424242000000000000423E
:1002F00062524A4642424242420000000000007EF2
:1003000042424242424242427E0000000000007EE1
:100310004242427E40404040400000000000007EDB
:10032000424242424242427E080000000000007EFB
:100330004242427E44424242420000000000007EAF
:100340004040407E020202027E0000000000003EAB
:100350000808080808080808080000000000004213
:1003600042424242424242427E00000000000042BD
:100370004242424242424224180000000000004132
:1003800041414149492A2A223E00000000000081E3
:10039000814224181824428381000000000000815B
:1003A000818181817E18181818000000000000FF6C
:1003B0000102040810204080FF0000000000003C03
:1003C000303030303030303030303C0000000060B1
:1003D00060303018180C0C06060000000000003CCD
:1003E0000C0C0C0C0C0C0C0C0C0C3C0000183C669F
:1003F00000000000000000000000000000000000FD
:1004000000000000000000000000FF000038180C91
:1004100000000000000000000000000000000000DC
:10042000003C06063E66663E0000000000000060DC
:10043000607C66666666667C000000000000000066
:10044000003C66606060663C000000000000000642
:10045000063E66666666663E00000000000000001C
:10046000003C66667E60603C000000000000001EEC
:100470003030307E303030300000000000000000AE
:10048000003E66666666663E06067C00000000600A
:10049000607C6666666666660000000000001818EC
:1004A000007818181818187E0000000000000C0CC6
:1004B000003C0C0C0C0C0C0C0C0C780000000060C8
:1004C0006066666C786C666600000000000000786C
:1004D000181818181818187E0000000000000000F6
:1004E000007E6B6B6B6B6B63000000000000000014
:1004F000007C66666666666600000000000000001C
:10050000003C66666666663C000000000000000075
:10051000007C66666666667C6060600000000000C5
:10052000003E66666666663E06060600000000003F
:1005300000666E70606060600000000000000000F7
:10054000003E60603C06067C0000000000000030B9
:10055000307E30303030301E0000000000000000DF
:10056000006666666666663E0000000000000000E9
:100570000066666666663C18000000000000000029
:1005800000636B6B6B6B36360000000000000000F0
:100590000066663C183C6666000000000000000033
:1005A000006666666666663C0C18F0000000000097
:1005B000007E060C1830607E000000000000000C79
:1005C0001818183060301818180C000000000018B7
:1005D00018181818181818181818180000000030E3
:1005E0001818180C060C18181830000000000071BC
:1005F000DB8E000000000000000000000000000092
:1006000000000000000000000000000000000018D2
:100610001818181818181800180000000000001802
:100620001818000000000000000000000000002476
:10063000247E2424247E2424000000000018183C7A
:10064000666030180C06663C18180000000070D870
:10065000DB760C18306EDB1B0E000000000000384B
:100660006C6C38606F66663B00000000000000188C
:100670001818000000000000000000000000000C3E
:100680001818303030303018180C000000000030DE
:1006900018180C0C0C0C0C1818300000000000008E
:1006A00000361C7F1C360000000000000000000027
:1006B0000018187E1818000000000000000000005C
:1006C0000000000000001C1C0C18000000000000CE
:1006D0000000007E0000000000000000000000009C
:1006E0000000000000001C1C0000000000000000D2
:1006F0000102040810204080000000000000007E7D
:1007000042424242424242427E0000000000000C4F
:100710000404040404040404040000000000007E37
:100720000202027E404040407E0000000000007E49
:100730000202027E020202027E000000000000228D
:10074000222222223E020202020000000000007E5D
:100750004040407E020202027E0000000000007E57
:100760004040407E424242427E0000000000003E87
:100770000202020202020202020000000000007EE9
:100780004242427E424242427E0000000000007E21
:100790004242427E0202020202000000000000000B
:1007A00000181800000018180000000000000000E9
:1007B00000181800000018180818000000000006B3
:1007C0000C18306030180C0600000000000000001B
:1007D00000003C003C000000000000000000006041
:1007E00030180C060C183060000000000000003CBF
:1007F00066660C1818001818000000000000007E43
:10080000C3C3CFDBDBCFC07F000000000000007E51
:100810004242427E42424242420000000000007CCE
:100820004444447E424242427E0000000000007E7A
:100830007E6060606060607E7E0000000000007886
:1008400044424242424242427E0000000000007E9A
:100850007E60607E7E60607E7E0000000000007E24
:100860004040407C40404040400000000000007E8E
:10087000424240404E4242427E00000000000042A0
:100880004242427E42424242420000000000007E5C
:1008900018181818181818187E0000000000000218
:1008A00002020202020202027E0000000000004278
:1008B0004244487048444242420000000000006048
:1008C000606060606060607E7E000000000000424A
:1008D000665A424242424242420000000000006327
:1008E00063737B6F67636363630000000000007ED7
:1008F00042424242424242427E0000000000007EEC
:100900004242427E40404040400000000000007EE5
:10091000424242424242427E080000000000007E05
:100920004242427E44424242420000000000007EB9
:100930004040407E020202027E0000000000007E75
:100940007E18181818181818180000000000004227
:1009500042424242424242427E00000000000042C7
:10096000424242424242422418000000000000413C
:1009700041414149492A2A223E0000000000006608
:10098000663C18183C666666660000000000008140
:10099000818181817E18181818000000000000FF76
:1009A0000102040810204080FF0000000000003C0D
:1009B000303030303030303030303C0000000060BB
:1009C00060303018180C0C06060000000000003CD7
:1009D0000C0C0C0C0C0C0C0C0C0C3C0000183C66A9
:1009E0000000000000000000000000000000000007
:1009F00000000000000000000000FF000038180C9C
:100A000000000000000000000000000000000000E6
:100A1000003C06063E66663E0000000000000060E6
:100A2000607C66666666667C000000000000000070
:100A3000003C66606060663C00000000000000064C
:100A4000063E66666666663E000000000000000026
:100A5000003C66667E60603C000000000000001EF6
:100A60003030307E303030300000000000000000B8
:100A7000003E66666666663E06067C000000006014
:100A8000607C6666666666660000000000001818F6
:100A9000007818181818187E0000000000000C0CD0
:100AA000003C0C0C0C0C0C0C0C0C780000000060D2
:100AB0006066666C786C6666000000000000007876
:100AC000181818181818187E000000000000000000
:100AD000007E6B6B6B6B6B6300000000000000001E
:100AE000007C666666666666000000000000000026
:100AF000003C66666666663C000000000000000080
:100B0000007C66666666667C6060600000000000CF
:100B1000003E66666666663E060606000000000049
:100B200000666E7060606060000000000000000001
:100B3000003E60603C06067C0000000000000030C3
:100B4000307E30303030301E0000000000000000E9
:100B5000006666666666663E0000000000000000F3
:100B60000066666666663C18000000000000000033
:100B700000636B6B6B6B36360000000000000000FA
:100B80000066663C183C666600000000000000003D
:100B9000006666666666663C0C18F00000000000A1
:100BA000007E060C1830607E000000000000000C83
:100BB0001818183060301818180C000000000018C1
:100BC00018181818181818181818180000000030ED
:100BD0001818180C060C18181830000000000071C6
:100BE000DB8E00000000000000000000000000009C
:100BF00000000000000000000000000000000000F5
:100C000000000000000000000000000000000000E4
:100C100000002000200020002000200020002000F4
:100C20002000000000002000000000000000000084
:100C300000000000700050001000000000000000E4
:100C400000000000000000000000000000000000A4
:100C5000000000000000084008407FE01080108085
:100C60001080108031807FE0210021000000000012
:100C700000000000000004007FC044004400440065
:100C800044007FC004400440044004407FC004008E
:100C9000000000000000000000207840484048802C
:100CA000490079007AF0049004900890109010F0B8
:100CB0000000000000000000000000003F802080D5
:100CC000208031801E000E00336040C040E0409024
:100CD0007F00000000000000000000000000600035
:100CE00040000000000000000000000000000000C4
:100CF00000000000000000000000000008001800D4
:100D000010003000200020002000200020002000E3
:100D1000200020001000100008000000000040002B
:100D20002000200010001000100010001000100023
:100D300010001000100030002000400000000000F3
:100D4000000000000000080008006E0018003E00CF
:100D50000A00080000000000000000000000000081
:100D60000000000000000000040004000400040073
:100D70007FC0040004000400040000000000000024
:100D80000000000000000000000000000000000063
:100D900000000000000000000000300010002000F3
:100DA0000000000000000000000000000000000043
:100DB000000000007FC000000000000000000000F4
:100DC0000000000000000000000000000000000023
:100DD00000000000000000000000000000002000F3
:100DE00020000000000000000000000001000200E0
:100DF0000200040004000800080010001000200099
:100E00002000400040000000000000000000000042
:100E10007FC0604060406040604060406040604033
:100E2000604060407FC00000000000000000000043
:100E300000007000100010001000100010001000E2
:100E40001000100010001000000000000000000062
:100E5000000000003FC000400040004000407FC054
:100E600060006000600060007FC0000000000000C3
:100E70000000000000007FC0004000400040004033
:100E80001FC000400040004000407FC00000000044
:100E900000000000000000006040604060406040D2
:100EA0006040604060407FC0004000400040000063
:100EB000000000000000000000007FC06000600033
:100EC000600060007FC000400040004000407FC0E4
:100ED0000000000000000000000000007FC0600073
:100EE0006000600060007FC0604060406040604023
:100EF0007FC00000000000000000000000007FC074
:100F000000800080010001000200020004000400D3
:100F10000C000800000000000000000000000000BD
:100F20007FC060406040604060407FC06040604083
:100F3000604060407FC00000000000000000000032
:100F400000007FC060406040604060407FC0004063
:100F50000040004000407FC0000000000000000092
:100F60000000000000000000000018001800000051
:100F70000000000000001800180000000000000041
:100F80000000000000000000000000001800180031
:100F90000000000000000000180018000800100009
:100FA00000000000000000000080038006000C002C
:100FB0003000600030000C000600030000800000DC
:100FC0000000000000000000000000000000000021
:100FD00000007FC0000000007FC000000000000093
:100FE00000000000000000000000000000003000D1
:100FF00018000600030001800300060018003000FE
:1010000020000000000000000000000000007F80C1
:1010100040804080008003000C00080008000800A9
:1010200000000C00000000000000000000000000B4
:101030007FF8400840484FC84848484849C84F488A
:10104000403840007FC000000000000000000000A9
:1010500000001F00110011801080208020803F8040
:1010600020C0204060404040000000000000000020
:10107000000000007F8061806180618061807FC0AE
:1010800060406040604060407FC0000000000000A1
:101090000000000000007FC0600060006000600091
:1010A000600060006000600060007FC00000000021
:1010B00000000000000000007F8060C060406040D1
:1010C0006040604060406040604060407FC0000021
:1010D000000000000000000000007F806000600051
:1010E000600060007F8060006000600060007F80C2
:1010F0000000000000000000000000007F80600091
:101100006000600060007F006000600060006000C0
:1011100060000000000000000000000000007FC030
:10112000600060006000600067C060406040604038
:1011300060407FC0000000000000000000000000D0
:1011400060C060C060C060C060C07FC060C060C080
:1011500060C060C060C0000000000000000000002F
:10116000000010001000100010001000100010000F
:10117000100010001000100000000000000000002F
:10118000000000000600060006000600060006003B
:1011900006000600060006007E00000000000000B9
:1011A00000000000000060806100630062006400D5
:1011B0007C006600620061006180608000000000C9
:1011C000000000000000000060006000600060009F
:1011D0006000600060006000600060007FC0000090
:1011E00000000000000000000000000000000000FF
:1011F0007F807F806D806D806D806D806D806D8063
:101200006D800000000000000000000060406040B1
:10121000704068406C4064406240614061C060C0A2
:1012200060400000000000000000000000007FC0DF
:1012300060406040604060406040604060406040AE
:1012400060407FC0000000000000000000000000BF
:101250000000000000007F807F80618061806180ED
:10126000618061807F807F806000600000000000FE
:1012700000007FC06040604060406040604060406F
:101280006040604060407FC002000000000000003D
:10129000000000007FC060406040604060407FC050
:1012A000620061006180608060400000000000001A
:1012B0000000000000007FC060006000600060006F
:1012C0007FC000400040004000407FC000000000A0
:1012D00000000000000000007FC0040004000400C3
:1012E00004000400040004000400040004000000E2
:1012F000000000000000000000006040604060400E
:1013000060406040604060406040604060407FC03E
:10131000000000000000000000000000404060C02D
:10132000208020803180110011000B000A000A008B
:101330000400000000000000000000000000622027
:10134000622062206220622062206220622062208D
:1013500062207FE0000000000000000000000000AC
:101360006080218031001A000E0004000E001A0077
:1013700011002180408000000000000000000000FB
:10138000000040C02080318011001A000E000400CF
:10139000040004000400040000000000000000003D
:1013A000000000007F80010003000200060004002E
:1013B00008001800100020007FC00000000000009E
:1013C00000003800300030003000300030003000C5
:1013D0003000300030003000300030003000380085
:1013E000000000000000400040002000200010002D
:1013F00010000800080004000400020002000100C0
:10140000000000000000700010001000100010002C
:10141000100010001000100010001000100010004C
:101420001000700000000000000000001C003600EA
:1014300000000000000000000000000000000000AC
:10144000000000000000000000000000000000009C
:10145000000000000000000000000000000000008C
:10146000000000000000FF0000000000000000007D
:10147000200010000000000000000000000000003C
:10148000000000000000000000000000000000005C
:1014900000000000000000003F000100010001000A
:1014A0007F00410041007F000000000000000000BC
:1014B000000000000000000060007F00610061008B
:1014C00061006100610061007F0000000000000019
:1014D0000000000000000000000000007F0040004D
:1014E000400040004000400040007F00000000003D
:1014F00000000000000000000000000001007F006C
:101500006100610061006100610061007F00000016
:1015100000000000000000000000000000000000CB
:101520007F80618061807F804000400040007F803C
:1015300000000000000000000000000000000000AB
:101540003C00300030007C003000300030003000C3
:10155000300000000000000000000000000000005B
:10156000000000007F8061806180618061807F80F9
:10157000018001807F80000000000000000000006A
:101580000000000040007F00410041004100410098
:101590004100410041000000000000000000000088
:1015A000000000002000000060002000200020005B
:1015B00020002000200020000000000000000000AB
:1015C000000000000000300000003000300030005B
:1015D00030003000300030003000200040000000BB
:1015E00000000000000000000000600061006200D8
:1015F000640078006C00640062006100000000007C
:10160000000000000000000000002000200020007A
:1016100020002000200020002000200020000000EA
:1016200000000000000000000000000000000000BA
:101630007F0049004900490049004900490049002C
:101640004900000000000000000000000000000051
:1016500000007F00610061006100610061006100C5
:101660006100000000000000000000000000000019
:10167000000000007F006100610061006100610006
:1016800061007F000000000000000000000000007A
:101690000000000000007F8040804080408040804B
:1016A000408040807F8040004000400000000000FB
:1016B00000000000000000007F8061806180618088
:1016C0006180618061807F80018001800000000076
:1016D000000000000000000000007C0060006000CE
:1016E000600060006000600060000000000000001A
:1016F0000000000000000000000000007F8060008B
:10170000600060007F80018001807F800000000019
:101710000000000000000000000000002000FC00AD
:101720002000200020002000200020003C000000BD
:1017300000000000000000000000000000000000A9
:1017400061006100610061006100610061007F0073
:101750000000000000000000000000000000000089
:1017600000004100430062002200240014001C001D
:101770001800000000000000000000000000000051
:1017800000000000666066606660666066606660B5
:1017900066607FE000000000000000000000000024
:1017A0000000000000004100220036001C0008007C
:1017B0001400220063000000000000000000000090
:1017C0000000000000000000608060806080608099
:1017D00060807F80008000807F800000000000002B
:1017E000000000000000000000007F000200060072
:1017F0000C000800100020007F80000000000000A6
:101800000000180010002000200020002000200010
:1018100040002000200020002000200030001800A0
:101820000000000000002000200020002000200018
:1018300020002000200020002000200020002000A8
:1018400000000000000040002000300010001000E8
:101850001000100018001000100010001000100000
:101860002000400000000000000000000000000018
:101870000000000020007D000700000000000000C4
:101880000000000000000000000000000000000058
:10189000E000A000A000A000A000A000A000A00008
:1018A000A000E000000000000000000000000000B8
:1018B0000000000000000000000000000000000028
:1018C0000000000000000000000000000000000018
:1018D00000000000300030003000300030003000E8
:1018E0003000300030003000000000003000000008
:1018F00000000000000000003C003C003C003C00F8
:1019000000000000000000000000000000000000D7
:101910000000000000000000000000000E300C304D
:101920000C307FFC0C701C601C60186018607FF825
:101930007FF838C030C00000000000000000000048
:1019400003007FF073007300730073007FF00330B7
:1019500003300330033003307FF003000000000049
:101960000000000000187E386630666066E066C0E1
:101970007F8003FE036606660E660C66187E3800DE
:1019800000000000000000003FE030603060306088
:1019900038E00F8007001DD870F86038607C60E682
:1019A0007FC0000000000000000000003000300098
:1019B00030003000000000000000000000000000C7
:1019C00000000000000000000000000000000C000B
:1019D0001C00180018001800180018001800180043
:1019E000180018001800180018000C000E00000065
:1019F0000000300038001800180018001800180007
:101A000018001800180018001800180018003800F6
:101A10007000000000000000000000000C000D80BD
:101A20007F801E003F003D800C000E000000000083
:101A300000000000000000000000000000000000A6
:101A400003000300030003007FF07FF003000300A6
:101A50000300030000000000000000000000000080
:101A60000000000000000000000000000000000076
:101A700000000000000038001800180000000000FE
:101A80000000000000000000000000000000000056
:101A90007FF07FF000000000000000000000000068
:101AA0000000000000000000000000000000000036
:101AB00000000000000000000000000000003800EE
:101AC00038000000000000000000000001C001809C
:101AD00003800300070006000E000C001C00180025
:101AE00038003000700060000000000000000000BE
:101AF00000003FF030303030303030303030303077
:101B000030303030303030303FF000000000000026
:101B10000000000000007C001C001C001C001C00D9
:101B20001C001C001C001C001C001C001C000000F1
:101B3000000000000000000000003FF00030003016
:101B4000003000303FF03000300030003000300016
:101B50003FF00000000000000000000000003FF027
:101B600000300030003000301FF000300030003016
:101B7000003000303FF000000000000000000000D6
:101B800000003030303030303030303030303030B5
:101B90003FF0003000300030003000000000000056
:101BA0000000000000003FF0300030003000300046
:101BB0003FF0003000300030003000303FF00000D7
:101BC000000000000000000000003FF03000300086
:101BD000300030003FF03030303030303030303096
:101BE0003FF00000000000000000000000003FF097
:101BF0000060006000E000C001C0018003800300BD
:101C0000070006000E0000000000000000000000B9
:101C100000003FF030303030303030303FF0303086
:101C200030303030303030303FF000000000000005
:101C30000000000000003FF03030303030303030F5
:101C400030303FF000300030003000303FF0000016
:101C50000000000000000000000000000000000084
:101C60001C001C00000000000000000000001C0020
:101C70001C00000000000000000000000000000048
:101C8000000000001C001C0000000000000000001C
:101C900000001C001C000C000C00000000000000F4
:101CA000000000E001C003800E001C003800380076
:101CB0000E000700038000E000600000000000004C
:101CC00000000000000000000000000000007FF0A5
:101CD000000000007FF00000000000000000000095
:101CE0000000000000000000000070003C000E003A
:101CF000070001C000E001C0038007001C0038009D
:101D00003000000000000000000000007FE07FE0E5
:101D100060606060006001C0078006000600060089
:101D200000000000060000000000000000000000AD
:101D30007FFF60036003603B67F36633663366339F
:101D40006FF36FFB600F60007FF000000000000089
:101D50000000000000001FC018E018E018601860C4
:101D600038603FF030703030303030307038000044
:101D7000000000000000000000003FE030E030E024
:101D800030E030E03FF830383038303830383038F4
:101D90003FF80000000000000000000000003FF0DD
:101DA00030003000300030003000300030003000B3
:101DB000300030003FF00000000000000000000094
:101DC00000003FE03070303830383038303830384C
:101DD00030383038303830383FF80000000000002C
:101DE0000000000000003FF0300030003000300004
:101DF0003FE0300030003000300030003FF00000A5
:101E0000000000000000000000003FF03000300043
:101E1000300030003FC03000300030003000300073
:101E200030000000000000000000000000003FF053
:101E3000300030003000300033F03030303030309F
:101E4000303030303FF000000000000000000000A3
:101E50000000307030703070307030703FF0307093
:101E60003070307030703070307000000000000052
:101E700000000000000018001800180018001800EA
:101E800018001800180018001800180018000000AA
:101E90000000000000000000000003000300030039
:101EA000030003000300030003000300030003001A
:101EB0007F0000000000000000000000000030E093
:101EC00030C031C0338033003F003300338031C035
:101ED00030C030E030700000000000000000000062
:101EE00000003000300030003000300030003000A2
:101EF00030003000300030003FF0000000000000F3
:101F0000000000000000300E380E3C1E3C1E3E3625
:101F10003676336633E631C6318630063006000049
:101F200000000000000000000000303838383C3865
:101F30003E383638333833B831F830F830783078C6
:101F400030380000000000000000000000003FF8F2
:101F50003038303830383038303830383038303841
:101F6000303830383FF8000000000000000000006A
:101F700000003FF0303030303030303030303FF023
:101F80003000300030003000300000000000000061
:101F90000000000000003FF830383038303830386A
:101FA0003038303830383038303830383FF8018009
:101FB00001C000000000000000003FF03030303071
:101FC000303030303FF0338031C030C030E03070DE
:101FD00030300000000000000000000000003FF072
:101FE00030003000300030003FF000300030003072
:101FF000003000303FF00000000000000000000052
:1020000000007FF00600060006000600060006003D
:1020100006000600060006000600000000000000A2
:1020200000000000000030383038303830383038A8
:102030003038303830383038303830383FF80000F9
:1020400000000000000000000000703030703870A8
:10205000386018E01CC01CC00DC00F800F800780C6
:102060000700000000000000000000000000319C9C
:10207000319C319C319C319C319C319C319C319CF8
:10208000319C319C3FFC000000000000000000007B
:102090000000306038E019C00D800F800700070095
:1020A0000F801DC018C030E07070000000000000FC
:1020B0000000000000007070386018E01CC00D8047
:1020C0000F80070007000700070007000700000057
:1020D000000000000000000000007FE000C001C020
:1020E00001800300070006000E001C0018003800E5
:1020F0007FF000000000000000001E001800180023
:10210000180018001800180018001800180018000F
:1021100018001800180018001E0000000000000041
:10212000600070003000380018001C000C000E0029
:102130000600070003000380018001C000000000CA
:1021400000003C000C000C000C000C000C000C000B
:102150000C000C000C000C000C000C000C000C001F
:102160003C000000000000000E001F003B8000004B
:10217000000000000000000000000000000000005F
:10218000000000000000000000000000000000004F
:10219000000000000000000000000000000000003F
:1021A0000000000000000000FFC000000000000070
:1021B000700038001800000000000000000000005F
:1021C000000000000000000000000000000000000F
:1021D0000000000000000000000000003FC03FC001
:1021E00000C000C07FC070C070C070C07FC0000061
:1021F000000000000000000000000000300030007F
:102200003FC03FC030C030C030C030C030C030C030
:102210003FC00000000000000000000000000000BF
:10222000000000003FC03FC03000300030003000F0
:10223000300030003FC0000000000000000000003F
:102240000000000000C000C03FC03FC030C030C030
:1022500030C030C030C030C03FC0000000000000BF
:102260000000000000000000000000003FE03FE030
:1022700030E030E03FE03000300030003FE0000070
:102280000000000000000000000000001F00180017
:10229000180018007F001800180018001800180017
:1022A0001800000000000000000000000000000016
:1022B000000000003FE03FE030E030E030E03FE091
:1022C0003FE000E000E03FE03FE0000000000000F1
:1022D00000000000300030003FC03FC030C030C0C0
:1022E00030C030C030C030C030C00000000000003E
:1022F00000000000000018001800000078007800BE
:102300001800180018001800180018001800000025
:10231000000000000000000000001800180000008D
:1023200018001800180018001800180018001800ED
:10233000180038007000600000000000000000007D
:102340003000300031C03180330036003E003700AD
:102350003380318031C00000000000000000000028
:10236000000000003000300030003000300030004D
:10237000300030003000300030000000000000006D
:102380000000000000000000000000003FFC3FFCD7
:10239000339C339C339C339C339C339C339C000094
:1023A000000000000000000000000000000000002D
:1023B0003FC03FC030C030C030C030C030C030C07F
:1023C00030C000000000000000000000000000001D
:1023D000000000003FC03FC030C030C030C030C03F
:1023E00030C030C03FC0000000000000000000000E
:1023F00000000000000000003FE03FE030E030E07F
:1024000030E030E030E030E03FE03000300000000D
:102410000000000000000000000000003FE03FE07E
:1024200030E030E030E030E030E030E03FE000E04D
:1024300000E00000000000000000000000000000BC
:102440003F003F00300030003000300030003000EE
:10245000300000000000000000000000000000004C
:10246000000000003FE03FE0300030003FE000E0CF
:1024700000E000E03FE0000000000000000000007D
:1024800000000000300030007F007F00300030008E
:1024900030003000300030003F000000000000003D
:1024A00000000000000000000000000030E030E00C
:1024B00030E030E030E030E030E030E03FE000009D
:1024C000000000000000000000000000000000000C
:1024D00060C071C0318031803B001B001F000E00C6
:1024E0000E000000000000000000000000000000DE
:1024F000000000003318331833183318331833181A
:10250000331833183FF800000000000000000000FE
:10251000000000000000000070C031801B801F0020
:102520000E000F001B00398071C000000000000089
:10253000000000000000000000000000306030607B
:1025400030603060306030603FE0006000603FE04D
:10255000000000000000000000000000000000007B
:102560003FC03F800380070006000C001C003800BD
:102570007FE000000000000000001C001800380090
:10258000380038003800380070003000380038005B
:1025900038003800380018000C000000000030003F
:1025A00030003000300030003000300030003000AB
:1025B00030003000300030003000300000000000FB
:1025C000000030003800180018001800180018002B
:1025D0001C00180018001800180018001800380017
:1025E000700000000000000000000000000000007B
:1025F000000038007E006FC0018000000000000075
:1026000000000000000000000000000000000000CA
:10261000F800D800D800D800D800D800D800D800DA
:10262000D800D800F8000000000000000000000002
:10263000000000000000000000000000000000009A
:10264000000000000000000000000000000000008A
:1026500000000000000000003000300030003000BA
:10266000300030003000300030003000200000002A
:10267000000030000000000000000000000000002A
:102680002C002800280028000000000000000000A6
:10269000000000000000000000000000000000003A
:1026A0000000000000000000041804100C107FFC63
:1026B0000C30083008200820182018207FFC1060FB
:1026C0001040304000000000000000000000030047
:1026D0003FF0230023002300230023003FF03FF0BE
:1026E000031003100310031003103FF00300000059
:1026F00000000000000000047E08621862106220E2
:10270000626062407E8001BC01200220062004201D
:102710000820183C1000000000000000000000002D
:102720003FF030303030303018600DC007000D8C75
:1027300038E86038601C603460607FC000000000D2
:102740000000000000000000200020002000200009
:102750000000000000000000000000000000000079
:1027600000000000000000000000000004000C0059
:1027700008001800100010001000100010001000D9
:102780001000100010001000100018000C000400D1
:102790000000000020003000100018001800180091
:1027A0001800180018001800180018001800180069
:1027B0001800180030002000000000000000000099
:1027C000000000000400248035800E001E003580CB
:1027D0002480040000000000000000000000000051
:1027E00000000000000000000000000003000300E3
:1027F0000300030003007FF803000300030003004D
:1028000003000000000000000000000000000000C5
:1028100000000000000000000000000000000000B8
:102820000000000000001800180008001000000060
:102830000000000000000000000000000000000098
:102840000000000000007FF8000000000000000011
:102850000000000000000000000000000000000078
:102860000000000000000000000000000000000068
:1028700000000000000000003000300000000000F8
:1028800000000000000000C0008001800100030083
:102890000200060004000C000800180010003000C0
:1028A0002000600040000000000000000000000068
:1028B00000003FF820182018201820182018201891
:1028C000201820182018201820183FF800000000B9
:1028D0000000000000000000000078000800080070
:1028E00008000800080008000800080008000800A8
:1028F00008000800000000000000000000000000C8
:1029000000003FF8001800180018001800183FF8E1
:10291000200020002000200020003FF800000000E0
:10292000000000000000000000003FF80018001840
:102930000018001800181FF80018001800180018D8
:1029400000183FF800000000000000000000000038
:102950000000201020102010201020102010201027
:102960003FF03FF0001000100010001000000000C9
:10297000000000000000000000003FF020002000E8
:102980002000200020003FF0001000100010001078
:1029900000103FF0000000000000000000000000F8
:1029A00000003FF020002000200020003FF03FF01A
:1029B000201020102010201020103FF000000000F8
:1029C000000000000000000000003FF00030002088
:1029D0000060004000C00080018001000300020090
:1029E00006000400000000000000000000000000DD
:1029F00000003FF8201820182018201820183FF851
:102A0000201820182018201820183FF80000000077
:102A1000000000000000000000003FF8201820180F
:102A20002018201820183FF8001800180018001867
:102A300000183FF800000000000000000000000047
:102A400000000000000000000C000C00000000006E
:102A500000000000000000000C000C00000000005E
:102A60000000000000000000000000000000000066
:102A70000C000C000000000000000000000000003E
:102A80000C000C0004000800000000000000000022
:102A90000020006000C0038006001C0030003000F1
:102AA0001C000600038001C0006000200000000040
:102AB0000000000000000000000000000000000016
:102AC00000007FF80000000000007FF80000000018
:102AD00000000000000000000000000000000000F6
:102AE000200030001C000E00030001C000600060E8
:102AF00001C0030006001C003000200000000000A0
:102B000000000000000000007FF0603060306030A6
:102B1000003000E00380060006000600060000000A
:102B200000000600000000000000000000007FFC24
:102B30007FFC6000600063F863F86618661066103A
:102B4000645067D8670C600060007FF07FF0000081
:102B500000000000000000000FC00860086018605E
:102B60001820102010301FF03FF0301030102018C7
:102B700020186018000000000000000000000000A5
:102B80003FE0206020602060206020603FF8200847
:102B9000200820082008200820083FF80000000036
:102BA00000000000000000003FF020002000200096
:102BB0002000200020002000200020002000200015
:102BC00020003FF0000000000000000000000000B6
:102BD0003FE0203020182018200820082008200876
:102BE000200820082008200820083FF800000000E6
:102BF00000000000000000003FF020002000200046
:102C0000200020003FE03FE02000200020002000C6
:102C100020003FF000000000000000000000000065
:102C20003FF0200020002000200020003FE03FE097
:102C300020002000200020002000200000000000D4
:102C400000000000000000003FF0200020002000F5
:102C50002000200023F823F820182018201820181E
:102C600020183FF8000000000000000000000000F5
:102C70002010201020102010201020103FF02010D5
:102C80002010201020102010201020100000000024
:102C900000000000000000001800180018001800D4
:102CA0001800180018001800180018001800180064
:102CB00018001800000000000000000000000000E4
:102CC00001000100010001000100010001000100FC
:102CD000010001000100010001007F000000000070
:102CE000000000000000000020302060204020C0D4
:102CF000218023003F0023002180218020C020600C
:102D000020602030000000000000000000000000F3
:102D100020002000200020002000200020002000B3
:102D2000200020002000200020003FF000000000D4
:102D30000000000000000000200030003804280CD3
:102D40002C08241826102330216021C020C02080A8
:102D50002000200000000000000000000000000033
:102D60002018301838182C182418261823182198E1
:102D7000209820D820782038203820180000000023
:102D800000000000000000003FF820182018201864
:102D90002018201820182018201820182018201873
:102DA00020183FF8000000000000000000000000B4
:102DB0003FF82018201820182018201820183FF855
:102DC0002000200020002000200020000000000043
:102DD00000000000000000003FF820182018201814
:102DE0002018201820182018201820182018201823
:102DF00020183FF800800080000000000000000064
:102E00003FF82018201820182018201820183FF804
:102E1000208020C0206020202030201800000000EA
:102E200000000000000000003FF82000200020000B
:102E3000200020003FF83FF8001800180018001884
:102E400000183FF800000000000000000000000033
:102E50007FF00200020002000200020002000200F5
:102E60000200020002000200020002000000000056
:102E700000000000000000002008200820082008B2
:102E80002008200820082008200820082008200802
:102E900020083FF8000000000000000000000000D3
:102EA0006018201030303030102018601860084052
:102EB0000CC00CC0048007800780030000000000E5
:102EC000000000000000000021842184218421846E
:102ED00021842184218421842184218421842184CA
:102EE00021843FFC00000000000000000000000002
:102EF00060303060106018C00D80050007000700CA
:102F000005000D8018C010403060603000000000E7
:102F10000000000000000000601030303020186019
:102F200008C00C80058007000300030003000300B5
:102F3000030003000000000000000000000000008B
:102F40007FF00060004000C0018001000300060027
:102F500004000C000800180030003FF000000000E2
:102F6000000000001E0010001000100010001000F3
:102F700010001000100010001000100010001000D1
:102F80001000100010001E000000000000004000B3
:102F90006000200030001000180008000C00040041
:102FA00006000200030001000180008000C0000054
:102FB000000000003C000C000C000C000C000C0099
:102FC0000C000C000C000C000C000C000C000C00A1
:102FD0000C000C000C003C00000000000000000091
:102FE0000E001B00000000000000000000000000B8
:102FF00000000000000000000000000000000000D1
:1030000000000000000000000000000000000000C0
:1030100000000000000000000000000000000000B0
:10302000000000000000FFC00000000000000000E1
:103030003000100008000000000000000000000048
:103040000000000000000000000000000000000080
:103050000000000000000000000000000000000070
:103060001FC01FC0004000407FC07FC06040604064
:1030700060407FC000000000000000000000000071
:1030800000000000200020003FC03FC02040204042
:10309000204020402040204020403FC00000000051
:1030A0000000000000000000000000000000000020
:1030B0003FE03FE020002000200020002000200012
:1030C00020003FE0000000000000000000000000C1
:1030D00000000000006000603FE03FE020602060F2
:1030E000206020602060206020603FE00000000041
:1030F00000000000000000000000000000000000D0
:103100003FE03FE0206020603FE03FE02000200003
:1031100020003FE000000000000000000000000070
:10312000000000001F001000100010007F001000C1
:10313000100010001000100010001000000000002F
:10314000000000000000000000000000000000007F
:103150003FE03FE020602060206020603FE00060B2
:103160000060006000603FE0000000000000000020
:1031700000000000200020003FC03FC02040204051
:1031800020402040204020402040204000000000FF
:10319000000000000000000000001000000000001F
:1031A00070007000100010001000100010001000DF
:1031B00010001000000000000000000000000000EF
:1031C00000001000000000001000100010001000AF
:1031D000100010001000100010001000300020003F
:1031E000600000000000000000000000200020003F
:1031F00020C02180210023003E00260023002180E2
:10320000208020C00000000000000000000000003E
:1032100000000000200020002000200020002000EE
:1032200020002000200020002000200000000000DE
:10323000000000000000000000000000000000008E
:103240003FFC3FFC2184218421842184218421842A
:103250002184218400000000000000000000000024
:1032600000000000000000003FC03FC020402040A0
:10327000204020402040204020402040000000000E
:10328000000000000000000000000000000000003E
:103290003FE03FE0206020602060206020602060F0
:1032A00020603FE00000000000000000000000007F
:1032B00000000000000000003FE03FE020602060D0
:1032C000206020602060206020603FE0200020001F
:1032D00000000000000000000000000000000000EE
:1032E0003FE03FE0206020602060206020602060A0
:1032F00020603FE00060006000000000000000006F
:1033000000000000000000003F003F0020002000FF
:1033100020002000200020002000200000000000ED
:10332000000000000000000000000000000000009D
:103330003FE03FE0200020003FE03FE00060006011
:1033400000603FE0000000000000000000000000FE
:1033500000000000300030007F007F0030003000AF
:10336000300030003000300030003E00000000002F
:10337000000000000000000000000000000000004D
:10338000206020602060206020602060206020603D
:1033900020603FE00000000000000000000000008E
:1033A0000000000000000000404060C0208031802C
:1033B000318011001B000A000E000E00000000000A
:1033C00000000000000000000000000000000000FD
:1033D00021082108210821082108210821082108A5
:1033E00021083FF80000000000000000000000007D
:1033F0000000000000000000604030C011801B0091
:103400000E0006000F001900318060C000000000AF
:1034100000000000000000000000000000000000AC
:103420002020202020202020202020203FE03FE0DE
:10343000002000203FE03FE000000000000000000E
:1034400000000000000000003FC03FC001800300FA
:10345000020004000C00180030003FE000000000F3
:10346000000000000C001800100030003000300098
:1034700030003000300020003000300030003000DC
:1034800030003000180008000000000000001000AC
:1034900010001000100010001000100010001000AC
:1034A000100010001000100010001000100010009C
:1034B000000000006000300018001800180018001C
:1034C000180018000800080018001800180018005C
:1034D000180018003000200000000000000000006C
:1034E0000000000000000000000010007C004F40C1
:1034F00003C0000000000000000000000000000009
:10350000000000000000000000000000F00090003B
:10351000900090009000900090009000900090002B
:103520009000F0000000000000000000000000001B
:10353000000000000000000000000000000000008B
:10354000000000000000000000000000000000007B
:1035500000000000200020002000200020002000AB
:1035600020002000200020000000000020000000BB
:1035700000000000000000002800280028002800AB
:10358000000000000000000000000000000000003B
:103590000000000000000000000000000C200820D7
:1035A00008207FF0086018401840104010407FF05D
:1035B0007FF030802080000000000000000000004C
:1035C00002007FE062006200620062007FE0022091
:1035D00002200220022002207FE002000000000002
:1035E0000000000000107C304420444044C044806F
:1035F0007D000370024004400C4008401070300011
:1036000000000000000000003FC02040204020409B
:1036100030C00F000600199060F04030407040C08C
:103620007F8000000000000000000000200020005B
:10363000200020000000000000000000000000004A
:103640000000000000000000000000000000080072
:1036500018001000100010001000100010001000E2
:103660001000100010001000100008000C000000F6
:1036700000002000300010001000100010001000AA
:10368000100010001000100010001000100030009A
:1036900060000000000000000000000008000900B9
:1036A0007B001C003E00290008000C000000000008
:1036B000000000000000000000000000000000000A
:1036C00002000200020002007FE07FE00200020030
:1036D00002000200000000000000000000000000E6
:1036E00000000000000000000000000000000000DA
:1036F000000000000000300010001000000000007A
:1037000000000000000000000000000000000000B9
:103710007FE07FE0000000000000000000000000EB
:103720000000000000000000000000000000000099
:103730000000000000000000000000000000300059
:1037400030000000000000000000000001800100C7
:1037500003000200060004000C000800180010001E
:103760003000200060004000000000000000000069
:1037700000003FE0202020202020202020202020AA
:1037800020202020202020203FE00000000000001A
:10379000000000000000060002000200020002001B
:1037A000020002000200020002000200020000000B
:1037B000000000000000000000003FE000200020AA
:1037C000002000203FE020002000200020002000FA
:1037D0003FE00000000000000000000000003FE0AB
:1037E00000200020002000201FE0002000200020FA
:1037F000002000203FE0000000000000000000006A
:1038000000002020202020202020202020202020F8
:103810003FE0002000200020002000000000000009
:103820000000000000003FE02000200020002000F9
:103830003FE0002000200020002000203FE00000AA
:10384000000000000000000000003FE02000200019
:10385000200020003FE020202020202020202020C9
:103860003FE00000000000000000000000003FE01A
:103870000040004000C00080018001000300020001
:10388000060004000C000000000000000000000022
:1038900000003FE020202020202020203FE02020AA
:1038A00020202020202020203FE0000000000000F9
:1038B0000000000000003FE02020202020202020E9
:1038C00020203FE000200020002000203FE00000FA
:1038D00000000000000000000000000000000000E8
:1038E0001800180000000000000000000000180090
:1038F00018000000000000000000000000000000B0
:103900000000000018001800000000000000000087
:103910000000180018000800080000000000000067
:10392000000000C0018003000C00180030003000CF
:103930000C000600030000C0004000000000000072
:1039400000000000000000000000000000007FE018
:10395000000000007FE00000000000000000000008
:1039600000000000000000000000600038000C00B3
:103970000600018000C0018003000600180030002E
:103980002000000000000000000000007FC07FC099
:103990004040404000400180070004000400040053
:1039A0000000000004000000000000000000000013
:1039B0007FF040004000403047E044204420442055
:1039C0004DA04F70400040007FE00000000000006C
:1039D0000000000000001F8010C010C01040104008
:1039E00030403FE020602020202020206030000078
:1039F000000000000000000000003FC020C020C008
:103A000020C020C03FF02030203020302030203037
:103A10003FF00000000000000000000000003FE058
:103A20002000200020002000200020002000200096
:103A3000200020003FE00000000000000000000027
:103A400000003FC020602030203020302030203067
:103A500020302030203020303FF0000000000000F7
:103A60000000000000003FE02000200020002000B7
:103A70003FC0200020002000200020003FE0000088
:103A8000000000000000000000003FE020002000D7
:103A9000200020003F802000200020002000200087
:103AA00020000000000000000000000000003FE0D7
:103AB000200020002000200023E0202020202020C3
:103AC000202020203FE00000000000000000000057
:103AD0000000206020602060206020603FE02060C7
:103AE0002060206020602060206000000000000056
:103AF0000000000000001000100010001000100076
:103B00001000100010001000100010001000000045
:103B1000000000000000000000000200020002009F
:103B20000200020002000200020002000200020085
:103B30007E0000000000000000000000000020C027
:103B400020802180230022003E00220023002180CB
:103B5000208020C020600000000000000000000065
:103B60000000200020002000200020002000200075
:103B700020002000200020003FE0000000000000A6
:103B800000000000000020003000381028102C2019
:103B90002460224023C0218021002000200000005A
:103BA00000000000000000000000203030303830FD
:103BB0002C3024302230233021B020B020702070EF
:103BC00020300000000000000000000000003FF076
:103BD0002030203020302030203020302030203065
:103BE000203020303FF00000000000000000000006
:103BF00000003FE0202020202020202020203FE047
:103C00002000200020002000200000000000000014
:103C10000000000000003FF0203020302030203035
:103C20002030203020302030203020303FF0010084
:103C3000018000000000000000003FE02020202064
:103C4000202020203FE023002180208020C0206011
:103C500020200000000000000000000000003FE005
:103C600020002000200020003FE000200020002055
:103C7000002000203FE000000000000000000000E5
:103C800000007FE0040004000400040004000400BD
:103C90000400040004000400040000000000000010
:103CA0000000000000002030203020302030203084
:103CB0002030203020302030203020303FF00000F5
:103CC0000000000000000000000060202060306064
:103CD000304010C01880188009800D000D000700CA
:103CE000060000000000000000000000000021109D
:103CF000211021102110211021102110211021103C
:103D0000211021103FF00000000000000000000022
:103D10000000204030C0118009000F00060006009E
:103D20000B001980108020C06060000000000000BF
:103D30000000000000006060304010C018800900E2
:103D40000F00060006000600060006000600000040
:103D5000000000000000000000007FC00080018023
:103D600001000200060004000C00180010003000E2
:103D70007FE000000000000000001C0010001000A8
:103D800010001000100010001000100010001000B3
:103D900010001000100010001C00000000000000C7
:103DA00040006000200030001000180008000C00E7
:103DB0000400060002000300010001800000000072
:103DC000000038000800080008000800080008008B
:103DD00008000800080008000800080008000800A3
:103DE00038000000000000000C001A003300000042
:103DF00000000000000000000000000000000000C3
:103E000000000000000000000000000000000000B2
:103E100000000000000000000000000000000000A2
:103E20000000000000000000FF8000000000000013
:103E300060003000100000000000000000000000E2
:103E40000000000000000000000000000000000072
:103E50000000000000000000000000003F803F80E4
:103E6000008000807F806080608060807F800000B4
:103E70000000000000000000000000002000200002
:103E80003F803F80208020802080208020802080F4
:103E90003F80000000000000000000000000000063
:103EA000000000003F803F80200020002000200014
:103EB000200020003F800000000000000000000003
:103EC00000000000008000803F803F802080208034
:103ED00020802080208020803F80000000000000A3
:103EE0000000000000000000000000003FC03FC0D4
:103EF00020C020C03FC02000200020003FC00000A4
:103F00000000000000000000000000001E00100083
:103F1000100010007E0010001000100010001000B3
:103F20001000000000000000000000000000000081
:103F3000000000003FC03FC020C020C020C03FC0E4
:103F40003FC000C000C03FC03FC0000000000000F4
:103F500000000000200020003F803F802080208063
:103F60002080208020802080208000000000000031
:103F70000000000000001000100000007000700041
:103F800010001000100010001000100010000000C1
:103F90000000000000000000000010001000000001
:103FA0001000100010001000100010001000100091
:103FB0001000300060004000000000000000000021
:103FC0002000200021802100220024003C00260047
:103FD00023002100218000000000000000000000FC
:103FE0000000000020002000200020002000200011
:103FF0002000200020002000200000000000000021
:104000000000000000000000000000003FF03FF052
:10401000231023102310231023102310231000003B
:104020000000000000000000000000000000000090
:104030003F803F8020802080208020802080208042
:1040400020800000000000000000000000000000D0
:10405000000000003F803F80208020802080208062
:10406000208020803F800000000000000000000051
:1040700000000000000000003FC03FC020C020C082
:1040800020C020C020C020C03FC020002000000071
:104090000000000000000000000000003FC03FC022
:1040A00020C020C020C020C020C020C03FC000C011
:1040B00000C0000000000000000000000000000040
:1040C0003E003E00200020002000200020002000B4
:1040D00020000000000000000000000000000000C0
:1040E000000000003FC03FC0200020003FC000C0D3
:1040F00000C000C03FC00000000000000000000041
:1041000000000000200020007E007E002000200033
:1041100020002000200020003E00000000000000E1
:1041200000000000000000000000000020C020C0CF
:1041300020C020C020C020C020C020C03FC0000040
:10414000000000000000000000000000000000006F
:1041500040806180210021003200120016000C0016
:104160000C00000000000000000000000000000043
:104170000000000022102210221022102210221013
:10418000221022103FF0000000000000000000009C
:1041900000000000000000006080210013001E00ED
:1041A0000C000E00120031006180000000000000D1
:1041B000000000000000000000000000204020403F
:1041C00020402040204020403FC0004000403FC0F1
:1041D00000000000000000000000000000000000DF
:1041E0003F803F0003000600040008001800300074
:1041F0007FC0000000000000000018001000300028
:10420000300030003000300060002000300030000E
:1042100030003000300010000800000000002000D6
:10422000200020002000200020002000200020008E
:1042300020002000200020002000200000000000BE
:1042400000002000300010001000100010001000CE
:1042500018001000100010001000100010003000B6
:1042600060000000000000000000000000000000EE
:10427000000030007C004F800100000000000000C2
:10428000000000000000000000000000000000002E
:10429000F00090009000900090009000900090003E
:1042A00090009000F00000000000000000000000FE
:1042B00000000000000000000000000000000000FE
:1042C00000000000000000000000000000000000EE
:1042D00000000000000000000000000000000000DE
:1042E00000000000000000000000000000000000CE
:1042F00000000000000000000000038000038000B8
:10430000038000038000038000038000038000031B
:104310008000038000010000010000000000000098
:104320000003800003800000000000000000000087
:10433000000000000000000000000000000000007D
:1043400000000000000E70000E70000E70000420CF
:1043500000042000042000042000000000000000F1
:10436000000000000000000000000000000000004D
:10437000000000000000000000000000000000003D
:104380000000000000000000000006600006600061
:104390000660000660000660003FF8003FF8000677
:1043A00060000CC0003FF8003FF8000CC0000CC0DB
:1043B000000CC0000CC0000CC00000000000000099
:1043C00000000000000000000000000000000001EC
:1043D000800001800007B0000FF000187000187016
:1043E000001C00000F800007E00000F00018300003
:1043F0001C30001C70001FE0001BC0000180000189
:10440000800001800001800000000000000000002A
:10441000000000000000000000000780000FC00046
:104420001CE0001860001860001CE0000FF8000796
:10443000E0001FF0000738000618000618000738D3
:104440000003F00001E00000000000000000000098
:10445000000000000000000000000000000000005C
:10446000000000000000000003F00007F0000C60F6
:10447000000C00000C00000600000700000F9C006C
:104480001DFC0018F0001870000FFC0007DC000095
:10449000000000000000000000000000000000001C
:1044A0000000000000000000000000000003800089
:1044B00003800003800001000001000001000001F2
:1044C00000000000000000000000000000000000EC
:1044D00000000000000000000000000000000000DC
:1044E00000000000000000000000000000000000CC
:1044F000000000180000380000700000F00000E02C
:104500000000E00001C00001C00001C00001C000C7
:1045100001C00001C00000E00000E00000700000E9
:1045200070000038000018000000000000000000CB
:10453000000000000000000000001800001C000047
:104540000E00000E000007000007000003800003BB
:1045500080000380000380000380000380000700C8
:10456000000700000F00000E00001C0000180000F3
:10457000000000000000000000000000000000003B
:1045800000000180000180000180001DB8001FF8BC
:104590000007E00003C00003C000066000066000E2
:1045A000000000000000000000000000000000000B
:1045B00000000000000000000000000000000000FB
:1045C00000000000000000000000000000000000EB
:1045D0000180000180000180000180000180003F17
:1045E000FC003FFC00018000018000018000018090
:1045F000000180000000000000000000000000003A
:1046000000000000000000000000000000000000AA
:10461000000000000000000000000000000000009A
:10462000000000000000000000000000000000008A
:1046300000000000000000E00000C00001C0000118
:104640008000018000030000030000000000000063
:10465000000000000000000000000000000000005A
:104660000000000000000000000000000000001F2B
:10467000F8001FF80000000000000000000000002B
:10468000000000000000000000000000000000002A
:10469000000000000000000000000000000000001A
:1046A000000000000000000000000000000000000A
:1046B00000000000000000000000000000000000FA
:1046C00000000000000003C00003C00003C00000A1
:1046D00000000000000000000000000000000000DA
:1046E0000000000000180000180000380000300032
:1046F00000700000600000600000C00000C0000109
:104700008000018000030000030000060000060096
:10471000000E00000C00001C000018000018000033
:104720000000000000000000000000000000000089
:10473000000003C00007E0000C30000C3000181827
:104740000018180018180018180018180018180079
:104750001818000C30000C300007E00003C0000007
:104760000000000000000000000000000000000049
:104770000000000000000000000000800007800032
:104780001F80001D80000180000180000180000169
:104790008000018000018000018000018000018014
:1047A000001FF8001FF800000000000000000000DB
:1047B00000000000000000000000000000000000F9
:1047C000000007C0001FF00038300030180030181B
:1047D0000000180000300000600001C000038000ED
:1047E0000600000C00001800003FF8003FF8000031
:1047F00000000000000000000000000000000000B9
:104800000000000000000000000003C0000FE000F6
:104810000C700000300000300000600003C0000396
:10482000E0000070000018000018000018001838A0
:10483000001FF0000FC0000000000000000000009A
:104840000000000000000000000000000000000068
:10485000000000E00001E00001E0000360000660ED
:10486000000660000C60000C600018600030600002
:104870003FF8003FF80000600003F80003F8000074
:104880000000000000000000000000000000000028
:10489000000000000000000000001FF0001FF000FA
:1048A0001800001800001800001BC0001FF0001CBA
:1048B0003000001800001800001800001800303008
:1048C000003FF0000FC000000000000000000000EA
:1048D00000000000000000000000000000000000D8
:1048E000000000F80003F8000700000E00000C00B4
:1048F000001800001BC0001FF0001C30001818003A
:104900001818001818000C38000FF00003E0000021
:104910000000000000000000000000000000000097
:10492000000000000000000000001FF8001FF80059
:104930001818001838000030000030000070000027
:10494000600000600000E00000C00000C00001C086
:104950000001800001800000000000000000000055
:104960000000000000000000000000000000000047
:10497000000007E0000FF0001C380018180018189D
:10498000000C300007E00007E0000C3000181800B1
:104990001818001818001C38000FF00007E000007D
:1049A0000000000000000000000000000000000007
:1049B0000000000000000000000007C0000FF00031
:1049C0001C30001818001818001818000C38000FB8
:1049D000F80003D80000180000300000700000E06C
:1049E000001FC0001F0000000000000000000000C9
:1049F00000000000000000000000000000000000B7
:104A0000000000000000000000000000000003C0E3
:104A10000003C00003C00000000000000000000010
:104A200000000000000003C00003C00003C000003D
:104A30000000000000000000000000000000000076
:104A40000000000000000000000000000000000066
:104A500000000000000000F00000F00000F0000086
:104A6000000000000000000000000000E00001C0A5
:104A7000000180000180000300000200000000002F
:104A80000000000000000000000000000000000026
:104A90000000000000000000001C00003C0000F0CE
:104AA0000003C0000F00003C0000F000003C0000CC
:104AB0000F000003C00000F000003C00001C0000DC
:104AC00000000000000000000000000000000000E6
:104AD00000000000000000000000000000000000D6
:104AE0000000000000000000007FFC007FFC0000D0
:104AF00000000000007FFC007FFC000000000000C0
:104B000000000000000000000000000000000000A5
:104B10000000000000000000000000000000000095
:104B200000000000000000007000007800001E007F
:104B30000007800001E000007800001E00007800FF
:104B400001E0000780001E000078000070000000F7
:104B50000000000000000000000000000000000055
:104B60000000000000000000000000000007C0007E
:104B70000FE00018700018300018300000700000BE
:104B8000E00003C0000380000300000000000000FC
:104B90000007000007000000000000000000000007
:104BA0000000000000000000000000000000000005
:104BB000000003E00007F0000E38000C1800187821
:104BC0000018F80019D800199800199800199800D1
:104BD00018F8001878001800000C00000E180007E4
:104BE000F80003E0000000000000000000000000EA
:104BF000000000000000000000000000001F800016
:104C00001FC00001C0000360000360000630000602
:104C100030000C30000FF8001FF800180C00300CAA
:104C200000FC7F00FC7F000000000000000000008E
:104C30000000000000000000000000000000000074
:104C400000000000007FE0007FF000183800181816
:104C5000001818001838001FF0001FF800181C007A
:104C6000180C00180C00180C007FF8007FF00000F2
:104C70000000000000000000000000000000000034
:104C80000000000000000000000000000003EC0035
:104C90000FFC001C1C00180C00300C003000003011
:104CA0000000300000300000300000180C001C1C18
:104CB000000FF80003F000000000000000000000FA
:104CC00000000000000000000000000000000000E4
:104CD00000000000007FC0007FF0001838001818A6
:104CE00000180C00180C00180C00180C00180C0010
:104CF000180C001818001838007FF0007FE0000042
:104D000000000000000000000000000000000000A3
:104D1000000000000000000000000000007FF8001C
:104D20007FF8001818001818001998001980001F43
:104D300080001F80001980001998001818001818AA
:104D4000007FF8007FF80000000000000000000075
:104D50000000000000000000000000000000000053
:104D600000000000003FFC003FFC000C0C000C0C9D
:104D7000000CCC000CC0000FC0000FC0000CC00025
:104D80000CC0000C00000C00003FC0003FC0000041
:104D90000000000000000000000000000000000013
:104DA0000000000000000000000000000003EC0014
:104DB0000FFC001C1C00180C00300C0030000030F0
:104DC000000030FE0030FE00300C00380C001C1CCF
:104DD000000FFC0003F000000000000000000000D5
:104DE00000000000000000000000000000000000C3
:104DF00000000000007E7E007E7E0018180018185B
:104E0000001818001818001FF8001FF800181800E4
:104E10001818001818001818007E7E007E7E00000A
:104E20000000000000000000000000000000000082
:104E3000000000000000000000000000001FF8005B
:104E40001FF8000180000180000180000180000146
:104E5000800001800001800001800001800001804D
:104E6000001FF8001FF80000000000000000000014
:104E70000000000000000000000000000000000032
:104E8000000000000007FE0007FE000030000030B8
:104E900000003000003000003000303000303000C2
:104EA0003030003030003060003FE0000F80000004
:104EB00000000000000000000000000000000000F2
:104EC000000000000000000000000000007F3E0025
:104ED0007F3E0018300018600018C0001980001BC9
:104EE00080001FC0001CE000187000183000183847
:104EF000007F1F007F1F0000000000000000000076
:104F000000000000000000000000000000000000A1
:104F100000000000007F80007F80000C00000C007B
:104F2000000C00000C00000C00000C00000C0C0039
:104F30000C0C000C0C000C0C007FFC007FFC000033
:104F40000000000000000000000000000000000061
:104F500000000000000000000000000000F00F0052
:104F6000F81F00381C003C3C003C3C00366C00360E
:104F70006C0033CC0033CC00318C00300C00300C92
:104F800000FE7F00FE7F0000000000000000000027
:104F90000000000000000000000000000000000011
:104FA000000000000078FE0078FE001C18001E18AB
:104FB000001F18001B18001B980019D80018D800F3
:104FC00018F8001878001838007F18007F180000C3
:104FD00000000000000000000000000000000000D1
:104FE0000000000000000000000000000003C000FE
:104FF0000FF0001C3800181800381C00300C00306E
:105000000C00300C00300C00381C001818001C3844
:10501000000FF00003C000000000000000000000CE
:105020000000000000000000000000000000000080
:1050300000000000003FF0003FF8000C1C000C0CCA
:10504000000C0C000C0C000C18000FF8000FE00016
:105050000C00000C00000C00003FC0003FC000002E
:105060000000000000000000000000000000000040
:105070000000000000000000000000000003C0006D
:105080000FF0001C3800181800381C00300C0030DD
:105090000C00300C00300C00381C001818001C38B4
:1050A000000FF00007C00007CC000FFC000C380018
:1050B00000000000000000000000000000000000F0
:1050C00000000000007FE0007FF000183800181892
:1050D000001818001838001FF0001FC00018E0006A
:1050E0001870001830001838007F1E007F0E000076
:1050F00000000000000000000000000000000000B0
:105100000000000000000000000000000007D800C0
:105110000FF8001C38001818001818001E00000FA7
:10512000C00003F0000078001818001818001C38A0
:10513000001FF0001BE00000000000000000000065
:10514000000000000000000000000000000000005F
:1051500000000000003FFC003FFC00318C00318C5F
:1051600000318C00318C0001800001800001800042
:105170000180000180000180000FF0000FF00000AE
:10518000000000000000000000000000000000001F
:10519000000000000000000000000000007E7E0013
:1051A0007E7E00181800181800181800181800182B
:1051B00018001818001818001818001818000C30DB
:1051C000000FF00003C0000000000000000000001D
:1051D00000000000000000000000000000000000CF
:1051E00000000000007F7F007F7F00180C000C187B
:1051F000000C18000C180006300006300003600098
:1052000003600003600001C00001C00000800000D6
:10521000000000000000000000000000000000008E
:1052200000000000000000000000000000FE3F80C1
:10523000FE3F8030060030060030860019CC001991
:10524000CC001B6C001B6C001E7C000E38000E385E
:10525000000C18000C180000000000000000000006
:10526000000000000000000000000000000000003E
:1052700000000000007E7E007E7E001818000C30CA
:105280000006600003C00001800001800003C00030
:105290000660000C30001818007E7E007E7E000044
:1052A00000000000000000000000000000000000FE
:1052B000000000000000000000000000007C7E00F4
:1052C0007C7E001818000C300006600006600003A9
:1052D000C000018000018000018000018000018089
:1052E000000FF0000FF000000000000000000000C0
:1052F00000000000000000000000000000000000AE
:1053000000000000001FF8001FF8001818001830F7
:105310000018600018C0000180000300000618009B
:105320000C18001818003018003FF8003FF8000073
:10533000000000000000000000000000000000006D
:105340000000000000000000000001F00001F0007B
:1053500001800001800001800001800001800001C7
:105360008000018000018000018000018000018038
:105370000001800001800001800001F00001F000C8
:1053800000000000000000000000000018000018ED
:1053900000001C00000C00000E00000600000600CB
:1053A0000003000003000001800001800000C00035
:1053B00000C00000600000600000700000300000CD
:1053C0003800001800001800000000000000000075
:1053D000000000000000000000000F80000F8000AF
:1053E0000180000180000180000180000180000137
:1053F00080000180000180000180000180000180A8
:10540000000180000180000180000F80000F8000FB
:10541000000000000000000000000000000000008C
:10542000800001C00003E0000770000630000C1887
:1054300000180C0010040000000000000000000034
:10544000000000000000000000000000000000005C
:10545000000000000000000000000000000000004C
:10546000000000000000000000000000000000003C
:10547000000000000000000000000000000000002C
:10548000000000000000000000000000000000001C
:10549000000000000000000000000000000000000C
:1054A000000000000000FFFF00FFFF0000000003FD
:1054B000000003800000E000006000000000000029
:1054C00000000000000000000000000000000000DC
:1054D00000000000000000000000000000000000CC
:1054E00000000000000000000000000000000000BC
:1054F00000000000000000000000000000000000AC
:105500000000000000000FC0001FE000003000009D
:10551000300007F0001FF0003830003030003070ED
:10552000001FFC000FBC0000000000000000000095
:10553000000000000000000000000000000000006B
:1055400000007800007800001800001800001BE040
:10555000001FF8001C1800180C00180C00180C0094
:10556000180C00180C001C18007FF8007BE00000ED
:10557000000000000000000000000000000000002B
:10558000000000000000000000000000000000001B
:1055900000000000000003EC000FFC001C1C0038A1
:1055A0000C00300C00300000300000380C001C1CD7
:1055B000000FF80003F000000000000000000000F1
:1055C00000000000000000000000000000000000DB
:1055D000000000780000780000180000180007D8CC
:1055E000001FF8001838003018003018003018007C
:1055F0003018003018001838001FFE0007DE0000C9
:10560000000000000000000000000000000000009A
:10561000000000000000000000000000000000008A
:1056200000000000000007E0001FF800181800301C
:105630000C003FFC003FFC00300000300000180C64
:10564000001FFC0007F00000000000000000000048
:10565000000000000000000000000000000000004A
:10566000000001FC0003FC000600000600003FF8FB
:10567000003FF800060000060000060000060000DB
:105680000600000600000600003FF0003FF00000AA
:10569000000000000000000000000000000000000A
:1056A00000000000000000000000000000000000FA
:1056B00000000000000007DE001FFE001838003068
:1056C0001800301800301800301800301800183852
:1056D000001FF80007D8000018000018000038006C
:1056E0000FF0000FC00000000000000000000000EC
:1056F00000007800007800001800001800001BE08F
:10570000001FF0001C3800181800181800181800A6
:105710001818001818001818007E7E007E7E000001
:105720000000000000000000000000000000000079
:105730000000000000000000000001800001800067
:105740000000000000001F80001F80000180000199
:105750008000018000018000018000018000018044
:10576000003FFC003FFC00000000000000000000C3
:105770000000000000000000000000000000000029
:10578000000000C00000C0000000000000001FF08A
:10579000001FF0000030000030000030000030003A
:1057A0000030000030000030000030000030000009
:1057B00030000030000070001FE0001F800000007B
:1057C000000000000000000000003C00003C000061
:1057D0000C00000C00000CF8000CF8000CC0000DD0
:1057E00080000F80000F00000F80000DC0000CE053
:1057F000003C7C003C7C0000000000000000000039
:105800000000000000000000000000000000000098
:1058100000001F80001F80000180000180000180C7
:1058200000018000018000018000018000018000F3
:105830000180000180000180003FFC003FFC00006F
:105840000000000000000000000000000000000058
:105850000000000000000000000000000000000048
:10586000000000000000F77800FFFC0039CC003198
:105870008C00318C00318C00318C00318C00318CEB
:1058800000FDEF00FDEF0000000000000000000040
:105890000000000000000000000000000000000008
:1058A00000000000000000000000000000007BE09D
:1058B000007FF0001C380018180018180018180095
:1058C0001818001818001818007E7E007E7E000050
:1058D00000000000000000000000000000000000C8
:1058E00000000000000000000000000000000000B8
:1058F00000000000000003C0000FF0001C3800385A
:105900001C00300C00300C00300C00381C001C381F
:10591000000FF00003C000000000000000000000C5
:105920000000000000000000000000000000000077
:1059300000000000000000000000000000007BE00C
:10594000007FF8001C1800180C00180C00180C0040
:10595000180C00180C001C18001FF8001BE00018A1
:1059600000001800001800007F00007F0000000009
:105970000000000000000000000000000000000027
:1059800000000000000007DE001FFE001838003095
:10599000180030180030180030180030180018387F
:1059A000001FF80007D800001800001800001800B9
:1059B00000FE0000FE0000000000000000000000EB
:1059C00000000000000000000000000000003E7821
:1059D000003EFC0007CC00070000060000060000A7
:1059E0000600000600000600003FF0003FF0000047
:1059F00000000000000000000000000000000000A7
:105A00000000000000000000000000000000000096
:105A100000000000000007F8000FF8001818001838
:105A200018001F80000FF00000F800181800183848
:105A3000001FF0001FE00000000000000000000058
:105A40000000000000000000000000000000000056
:105A500000000C00000C00000C00000C00003FF0E7
:105A6000003FF0000C00000C00000C00000C0000D7
:105A70000C00000C00000C1C0007FC0003F00000F0
:105A80000000000000000000000000000000000016
:105A90000000000000000000000000000000000006
:105AA00000000000000078780078780018180018CE
:105AB00018001818001818001818001818001838BE
:105AC000000FFE0007DE00000000000000000000E4
:105AD00000000000000000000000000000000000C6
:105AE00000000000000000000000000000007C3EFC
:105AF000007C3E001818001818000C30000C300014
:105B000006600006600007E00003C00003C000005C
:105B10000000000000000000000000000000000085
:105B20000000000000000000000000000000000075
:105B3000000000000000783C00783C003118003381
:105B400098003398001AB0001EF0001EF0001C6090
:105B5000000C60000C60000000000000000000006D
:105B60000000000000000000000000000000000035
:105B700000000000000000000000000000003E7C6B
:105B8000003E7C000C300006600003C00001800075
:105B900003C0000660000C30003E7C003E7C00002C
:105BA00000000000000000000000000000000000F5
:105BB00000000000000000000000000000000000E5
:105BC0000000000000007E1F007E1F00180C000C6B
:105BD00018000C180006300006300003600003E0D7
:105BE0000001C00000C0000180000180000300002F
:105BF0003FC0003FC00000000000000000000000A7
:105C000000000000000000000000000000001FF87D
:105C1000001FF80018300018600000C0000180006C
:105C20000300000618000C18001FF8001FF8000001
:105C30000000000000000000000000000000000064
:105C40000000000000000000000000E00001E00093
:105C500001800001800001800001800001800001BE
:105C600080000380000700000380000180000180A5
:105C70000001800001800001800001E00000E000E0
:105C80000000000000000000000000000000000014
:105C9000000001800001800001800001800001807F
:105CA000000180000180000180000180000180006F
:105CB000018000018000018000018000018000015E
:105CC0008000018000018000000000000000000052
:105CD0000000000000000000000007000007800036
:105CE000018000018000018000018000018000012E
:105CF000800001C00000E00001C0000180000180C0
:105D00000001800001800001800007800007000082
:105D10000000000000000000000000000000000083
:105D20000000000000000000000000000000000073
:105D3000000000000E00001F18003BB80031F0000A
:105D400000E0000000000000000000000000000073
:105D50000000000000000000000000000000000043
:105D6000000000005F6664625F696E69745F657859
:105D7000005F6664625F6465696E69740072656184
:105D8000645F736563746F725F696E666F00666FE0
:105D9000726D61745F736563746F720074736C5FAE
:105DA000617070656E64006664625F747364625FE4
:105DB000636F6E74726F6C006664625F74736462AA
:105DC0005F696E697400000000000000963007777C
:105DD0002C610EEEBA51099919C46D078FF46A70DF
:105DE00035A563E9A395649E3288DB0EA4B8DC79FF
:105DF0001EE9D5E088D9D2972B4CB609BD7CB17E7F
:105E0000072DB8E7911DBF906410B71DF220B06A4E
:105E10004871B9F3DE41BE847DD4DA1AEBE4DD6D5E
:105E200051B5D4F4C785D38356986C13C0A86B645E
:105E30007AF962FDECC9658A4F5C0114D96C06637E
:105E4000633D0FFAF50D088DC8206E3B5E10694C5E
:105E5000E44160D5727167A2D1E4033C47D4044B9E
:105E6000FD850DD26BB50AA5FAA8B5356C98B2427E
:105E7000D6C9BBDB40F9BCACE36CD832755CDF45FE
:105E8000CF0DD6DC593DD1ABAC30D9263A00DE512E
:105E90008051D7C81661D0BFB5F4B42123C4B3561E
:105EA0009995BACF0FA5BDB89EB802280888055F9E
:105EB000B2D90CC624E90BB1877C6F2F114C6858FE
:105EC000AB1D61C13D2D66B69041DC760671DB01EC
:105ED000BC20D2982A10D5EF8985B1711FB5B606BE
:105EE000A5E4BF9F33D4B8E8A2C9077834F9000FFE
:105EF0008EA8099618980EE1BB0D6A7F2D3D6D089E
:105F0000976C6491015C63E6F4516B6B62616C1C8D
:105F1000D83065854E0062F2ED95066C7BA5011BBD
:105F2000C1F4088257C40FF5C6D9B06550E9B7125D
:105F3000EAB8BE8B7C88B9FCDF1DDD62492DDA151D
:105F4000F37CD38C654CD4FB5861B24DCE51B53A3D
:105F50007400BCA3E230BBD441A5DF4AD795D83D3D
:105F60006DC4D1A4FBF4D6D36AE96943FCD96E347D
:105F7000468867ADD0B860DA732D0444E51D03335D
:105F80005F4C0AAAC97C0DDD3C710550AA4102276D
:105F900010100BBE86200CC925B56857B3856F203D
:105FA00009D466B99FE461CE0EF9DE5E98C9D9299D
:105FB0002298D0B0B4A8D7C7173DB359810DB42EDD
:105FC0003B5CBDB7AD6CBAC02083B8EDB6B3BF9A29
:105FD0000CE2B6039AD2B1743947D5EAAF77D29DB5
:105FE0001526DB048316DC73120B63E3843B649495
:105FF0003E6A6D0DA85A6A7A0BCF0EE49DFF099395
:1060000027AE000AB19E077D44930FF0D2A3088704
:1060100068F2011EFEC206695D5762F7CB676580B4
:1060200071366C19E7066B6E761BD4FEE02BD389B4
:106030005A7ADA10CC4ADD676FDFB9F9F9EFBE8E14
:1060400043BEB717D58EB060E8A3D6D67E93D1A154
:10605000C4C2D83852F2DF4FF167BBD16757BCA634
:10606000DD06B53F4B36B248DA2B0DD84C1B0AAFD4
:10607000F64A0336607A0441C3EF60DF55DF67A854
:10608000EF8E6E3179BE69468CB361CB1A8366BCE4
:10609000A0D26F2536E2685295770CCC03470BBB34
:1060A000B91602222F260555BE3BBAC5280BBDB234
:1060B000925AB42B046AB35CA7FFD7C231CFD0B5D4
:1060C0008B9ED92C1DAEDE5BB0C2649B26F263ECC6
:1060D0009CA36A750A936D02A906099C3F360EEBD4
:1060E0008567077213570005824ABF95147AB8E294
:1060F000AE2BB17B381BB60C9B8ED2920DBED5E574
:10610000B7EFDC7C21DFDB0BD4D2D38642E2D4F1C3
:10611000F8B3DD686E83DA1FCD16BE815B26B9F653
:10612000E177B06F7747B718E65A0888706A0FFFB3
:10613000CA3B06665C0B0111FF9E658F69AE62F873
:10614000D3FF6B6145CF6C1678E20AA0EED20DD773
:106150005483044EC2B30339612667A7F71660D093
:106160004D476949DB776E3E4A6AD1AEDC5AD6D9D3
:10617000660BDF40F03BD83753AEBCA9C59EBBDEF3
:106180007FCFB247E9FFB5301CF2BDBD8AC2BACAA3
:106190003093B353A6A3B4240536D0BA9306D7CD13
:1061A0002957DE54BF67D9232E7A66B3B84A61C433
:1061B000021B685D942B6F2A37BE0BB4A18E0CC3F3
:1061C0001BDF055A8DEF022D5F6664625F7772698F
:1061D00074655F737461747573005F6664625F7287
:1061E0006561645F7374617475730066616C5F6987
:1061F0006E697400F804002066616C5F666C617300
:10620000685F696E69740066616C5F666C61736873
:106210005F6465766963655F66696E640072656177
:1062200064007772697465006572617365000000CF
:10623000303150456664625F747364620000000030
:106240000000000000000000000000006E6F726699
:106250006C61736830000000000000000000000066
:106260000000000000000000000008000000000026
:10627000636865636B5F616E645F757064617465AC
:106280005F706172745F63616368650066616C5F13
:10629000706172746974696F6E5F66696E640066BE
:1062A0006C6173685F6465766963655F66696E6477
:1062B0005F62795F706172740066616C5F676574BC
:1062C0005F706172746974696F6E5F7461626C652E
:1062D0000066616C5F7365745F7061727469746984
:1062E0006F6E5F7461626C655F74656D700066618E
:1062F0006C5F706172746974696F6E5F72656164FE
:106300000066616C5F706172746974696F6E5F774B
:10631000726974650066616C5F706172746974693A
:106320006F6E5F657261736500000000C0870300D7
:1063300001000000C8870300040000000C87030070
:106340001C000000988703001F000000B0870300B6
:1063500020000000E486030037000000B887030037
:1063600062000000A0870300890000001C87030072
:106370008C000000A8870300A100000090870300A4
:10638000AD00000024870300BF00000084870300E5
:10639000C8000000F8860300D50000007C870300D9
:1063A000EF000000D0870300C2000000EC8603006D
:1063B0001F260000000020000A000000000200006C
:1063C0008100000028870300EF4013000000080050
:1063D00001000000001000002000000040870300C2
:1063E000EF40150000002000010000000010000038
:1063F0002000000034870300EF401600000040003A
:106400000100000000100000200000005887030079
:10641000EF401700000080000100000000100000A5
:106420002000000070870300EF601700000080006C
:106430000100000000100000200000004C87030055
:10644000EF401800000000010100000000100000F3
:106450002000000064870300EF40190000000002E4
:106460000100000000100000200000009C860300D6
:10647000BF258E0000001000060000000010000084
:1064800020000000CC860300BF2541000000200052
:106490000600000000100000200000008C860300B1
:1064A0002020160000004000010000000000010054
:1064B000D800000084860300202014000000100093
:1064C0000100000000000100D800000074860300F5
:1064D000202013000000080001000000000001005F
:1064E000D8000000A88603001C3016000000400001
:1064F000010000000010000020000000B48603002E
:10650000C8401700000080000100000000100000DB
:1065100020000000D8860300C840150000002000BD
:1065200001000000001000002000000000870300B0
:1065300001401500000020000100000000100000D4
:106540002000000010870300010215000000400039
:106550000100000000100000200000007C86030005
:10656000373014000000100001000000001000008F
:1065700020000000948603008C2013000000080017
:10658000060000000010000020000000C08603008C
:10659000BF254100000020000600000000100000A0
:1065A0002000000068617264776172655F696E69DE
:1065B0007400736F6674776172655F696E697400E9
:1065C000736675645F7265616400736675645F63AA
:1065D0006869705F657261736500736675645F6595
:1065E0007261736500706167653235365F6F725F27
:1065F000315F627974655F777269746500616169A2
:106600005F777269746500726573657400726561A5
:10661000645F6A656465635F6964007365745F776E
:10662000726974655F656E61626C65640073657440
:106630005F345F627974655F616464726573735F10
:106640006D6F646500736675645F726561645F7326
:10665000746174757300776169745F627573790032
:106660006D616B655F6164726573735F6279746598
:106670005F617272617900736675645F77726974C5
:10668000655F73746174757300736675645F7265BA
:1066900061645F7366647000726561645F736664F1
:1066A000705F68656164657200726561645F6261F4
:1066B0007369635F68656164657200726561645FD8
:1066C00062617369635F7461626C650072656164C5
:1066D0005F736664705F6461746100736675645FA4
:1066E000736664705F6765745F7375697461626C0B
:1066F000655F657261736572007370695F77726957
:1067000074655F72656164000000000000000000B5
:106710000000000000000000000000000000000079
:106720000000000000000000000000000000000069
:106730000000000000000000000000000000000059
:106740000000000000000000000000000000000049
:10675000000001001A00130010000D0009000000E5
:1067600000000000000000000000000001001A000E
:10677000130001001A00100001001A000D000100B2
:106780001A000900000000000000000000000000E6
:1067900000000000000000000000000002002C00CB
:1067A00022001C0016001000010012000000000072
:1067B00000000000000001002C00220001002C005D
:1067C0001C0001002C00160001002C00100000002D
:1067D00000000000000000000000000000000000B9
:1067E0000000000000000300460037002C002200DB
:1067F0001A00010016000000000000000000000068
:10680000010046003700010046002C000200230072
:106810001100020023000D00000000000000000035
:106820000000000000000000000000000000000068
:1068300004006400500040003000240001001A00F1
:106840000000000000000000000001006400500093
:10685000020032002000020032001800040019007B
:10686000090000000000000000000000000000001F
:1068700000000000000000000000050086006C0021
:1068800056003E002E0001001E0000000000000027
:1068900000000000010086006C00020043002B0095
:1068A000020021000F00020021000B000000000088
:1068B00000000000000000000200220010000200A2
:1068C00022000C000600AC0088006C004C003C006C
:1068D0000100220000000000000000000000020093
:1068E0005600440004002B001B0004002B00130082
:1068F00004002B000F00000000000000000000005A
:106900000000000000000000000000000000070080
:10691000C4009C007C0058004200020016002600C3
:106920000000000000000000020062004E000400B1
:1069300031001F00020020000E00040027000D009F
:106940000000000000000000000000000400210022
:106950000F00010028000E000800F200C2009A009B
:106960006E005600020018002A000000000000001F
:10697000000002007900610002003C0026000400D3
:1069800028001200040028000E0000000000000093
:1069900002003D0027000200290013000200290028
:1069A0000F0009002401E800B60084006400020022
:1069B0001A002E00000000000000000002009200FB
:1069C000740003003A0024000400240010000400B6
:1069D00024000C0000000000000002003B00250025
:1069E000040025001100040025000D000A005A01D2
:1069F0001201D8009A007A0002001C003200000048
:106A000000000000000002005600440004004500A1
:106A10002B0006002B00130006002B000F000200C5
:106A200057004500010046002C0002002C00140015
:106A300002002C0010000B0094014401FE00B40081
:106A40008C0002001E003600000000000000000064
:106A500004006500510001005000320004003200C3
:106A60001600030024000C000000000000000400D9
:106A700051003300040033001700080025000D000A
:106A80000C00D20172012201CE009E000200200003
:106A90003A000000000000000000020074005C00EA
:106AA00006003A00240004002E00140007002A000B
:106AB0000E00020075005D0002003B00250006008C
:106AC0002F00150004002B000F000D001402AC0174
:106AD0004E01F400B400020022003E00000000005D
:106AE00000000000040085006B0008003B0025004A
:106AF00008002C0014000C0021000B000000000016
:106B0000000001003C00260004002D0015000400D8
:106B100022000C000E004502CD016D010501C500EB
:106B200003001A002E0042000000000000000300D5
:106B3000910073000400400028000B0024001000A6
:106B40000B0024000C0001009200740005004100BD
:106B50002900050025001100050025000D000F008B
:106B60008F020B029F012701DF0003001A00300093
:106B7000460000000000000005006D005700050001
:106B8000410029000500360018000B0024000C000D
:106B900001006E005800050042002A00070037007F
:106BA0001900070025000D001000DD024D02C5018F
:106BB0004501FD0003001A0032004A0000000000F9
:106BC000000005007A006200070049002D000F0058
:106BD0002B00130003002D000F0001007B00630059
:106BE00003004A002E0002002C0014000D002E00AD
:106BF000100011002F038702FB016F011B0103002E
:106C00001E0036004E00000000000000010087005A
:106C10006B000A004A002E0001003200160002003C
:106C20002A000E00050088006C0001004B002F00B8
:106C30000F003300170011002B000F001200850316
:106C4000D10233028D01390103001E0038005200C9
:106C500000000000000005009600780009004500D3
:106C60002B0011003200160002002A000E00010065
:106C700097007900040046002C0001003300170043
:106C800013002B000F001300DF031B037302BD0171
:106C9000550103001E003A005600000000000000ED
:106CA00003008D007100030046002C0011002F002E
:106CB0001500090027000D0004008E0072000B0073
:106CC00047002D00040030001600100028000E00C0
:106CD00014003D045D039D02E501810103002200D3
:106CE0003E005A00000000000000030087006B0017
:106CF0000300430029000F00360018000F002B008E
:106D00000F00050088006C000D0044002A000500FB
:106D1000370019000A002C00100015008404A40399
:106D2000CA020002960104001C00320048005E0006
:106D300000000000040090007400110044002A00CC
:106D400011003200160013002E0010000400910004
:106D50007500000000000000060033001700060068
:106D60002F0011001600EA04EE030E033802BA01E8
:106D700004001A0032004A00620000000000020015
:106D80008B006F0011004A002E000700360018002B
:106D9000220025000D0007008C007000000000009C
:106DA000000010003700190000000000000017006C
:106DB000540546045C036602D00104001E00360040
:106DC0004E006600000000000400970079000400F7
:106DD0004B002F000B003600180010002D000F0094
:106DE000050098007A000E004C0030000E003700BD
:106DF00019000E002E0010001800C2059604920320
:106E00009802020204001C00360050006A000000D4
:106E10000000060093007500060049002D000B00DD
:106E2000360018001E002E001000040094007600AA
:106E30000E004A002E0010003700190002002F003B
:106E4000110019003406FC04E803CE021A02040003
:106E500020003A0054006E0000000000080084008A
:106E60006A0008004B002F000700360018001600CB
:106E70002D000F00040085006B000D004C00300059
:106E80001600370019000D002E0010001A00AA0687
:106E90005A052604F202540204001E003A0056006D
:106EA0007200000000000A008E00720013004A0009
:106EB0002E001C003200160021002E0010000200DF
:106EC0008F00730004004B002F00060033001700F2
:106ED00004002F0011001B002407BC0568042803D0
:106EE0007402040022003E005A00760000000000F8
:106EF000080098007A00160049002D0008003500AF
:106F000017000C002D000F00040099007B00030007
:106F10004A002E001A00360018001C002E00100037
:106F20001C008107FB05A9046703950205001A00F0
:106F300032004A0062007A000000030093007500EE
:106F4000030049002D000400360018000B002D003E
:106F50000F000A009400760017004A002E001F0060
:106F6000370019001F002E0010001D0003085F06E7
:106F7000F3048F03BD0205001E0036004E006600BC
:106F80007E000000070092007400150049002D00EB
:106F900001003500170013002D000F0007009300BB
:106FA000750007004A002E002500360018001A0060
:106FB0002E0010001E008908C7065D05D903E902EE
:106FC00005001A0034004E00680082000000050031
:106FD0009100730013004B002F000F0036001800C3
:106FE00017002D000F000A00920074000A004C00E8
:106FF000300019003700190019002E0010001F0082
:1070000013093307AF050904190305001E003800F2
:1070100052006C00860000000D0091007300020019
:107020004A002E002A003600180017002D000F001D
:107030000300920074001D004B002F000100370078
:1070400019001C002E0010002000A109A30705064E
:107050005B044D03050022003C00560070008A00CE
:1070600000001100910073000A004A002E000A007F
:107070003600180013002D000F0000000000000073
:1070800017004B002F0023003700190023002E00AB
:1070900010002100330A17085F06930485030500DA
:1070A0001E003A00560072008E0000001100910090
:1070B00073000E004A002E001D00360018000B0061
:1070C0002D000F0001009200740015004B002F00EE
:1070D0001300370019002E002E0010002200C90AEC
:1070E0008F08BD06CF04C103050022003E005A00F0
:1070F0007600920000000D00910073000E004A001F
:107100002E002C00360018003B002E001000060058
:107110009200740017004B002F0007003700190081
:1071200001002F00110023003C0B02091407060583
:10713000DA0306001E0036004E0066007E00960050
:107140000C00970079000C004B002F002700360040
:10715000180016002D000F00070098007A001A0092
:107160004C0030000E003700190029002E001000DE
:107170002400DA0B82097A074A051E04060018006B
:1071800032004C00660080009A00060097007900EB
:1071900006004B002F002E003600180002002D00C4
:1071A0000F000E0098007A0022004C0030000A0008
:1071B0003700190040002E00100025007C0C060A44
:1071C000C8079205480406001C00360050006A00FB
:1071D00084009E00110098007A001D004A002E00D5
:1071E00031003600180018002D000F00040099002F
:1071F0007B000E004B002F000A00370019002E0004
:107200002E0010002600220D8E0A3608DE057604B8
:10721000060020003A0054006E008800A20004001E
:1072200098007A000D004A002E0030003600180049
:107230002A002D000F00120099007B0020004B0057
:107240002F000E003700190020002E00100027002C
:10725000CC0DFC0AA8082E06C60406001A0036004B
:1072600052006E008A00A6001400930075002800EA
:107270004B002F002B00360018000A002D000F00D5
:1072800004009400760007004C0030001600370020
:10729000190043002E00100028007A0E8C0B1E09E6
:1072A0008206FC0406001E003A00560072008E00A2
:1072B000AA0013009400760012004B002F00220059
:1072C0003600180014002D000F000600950077000E
:1072D0001F004C0030002200370019003D002E0036
:1072E000100001020408102040801D3A74E8CD8788
:1072F00013264C982D5AB475EAC98F03060C183022
:1073000060C09D274E9C254A94356AD4B577EEC15E
:107310009F23468C050A142850A05DBA69D2B96F24
:10732000DEA15FBE61C2992F5EBC65CA890F1E3C9B
:1073300078F0FDE7D3BB6BD6B17FFEE1DFA35BB690
:1073400071E2D9AF4386112244880D1A3468D0BD4A
:1073500067CE811F3E7CF8EDC7933B76ECC5973333
:1073600066CC85172E5CB86DDAA94F9E2142841534
:107370002A54A84D9A2952A455AA49923972E4D5A3
:10738000B773E6D1BF63C6913F7EFCE5D7B37BF60A
:10739000F1FFE3DBAB4B963162C495376EDCA5574A
:1073A000AE4182193264C88D070E1C3870E0DDA72B
:1073B00053A651A259B279F2F9EFC39B2B56AC45B3
:1073C0008A09122448903D7AF4F5F7F3FBEBCB8B56
:1073D0000B162C58B07DFAE9CF831B366CD8AD471D
:1073E0008E010000011902321AC603DF33EE1B685A
:1073F000C74B0464E00E348DEF811CC169F8C808E6
:107400004C71058A652FE1240F2135938EDAF01235
:1074100082451DB5C27D6A27F9B9C99A09784DE43C
:1074200072A606BF8B6266DD30FDE29825B310912F
:10743000228836D094CE8F96DBBDF1D2135C833890
:1074400046401E42B6A3C3487E6E6B3A2854FA8566
:10745000BA3DCA5E9B9F0A15792B4ED4E5AC73F3F7
:10746000A7570770C0F78C80630D674ADEED31C502
:10747000FE18E3A5997726B8B47C114492D923204D
:10748000892E373FD15B95BCCFCD908797B2DCFC7E
:10749000BE61F256D3AB142A5D9E843C3953476DCE
:1074A00041A21F2D43D8B77BA476C41749EC7F0CAB
:1074B0006FF66CA13B52299D55AAFB6086B1BBCCEF
:1074C0003E5ACB595FB09CA9A0510BF516EB7A75CB
:1074D0002CD74FAED5E9E6E7ADE874D6F4EAA8506C
:1074E00058AF57E59295EE6615FB432E3D76464024
:1074F0005E202D4A98B06456646A6882DACE8C4E5B
:1075000008B73D5BCA25333A3AED8C7C0563697850
:10751000686B6D66A14C035BBF93A9B6C2E1782B83
:107520008BCE4E2BEF7BCED69318639627F3A38892
:10753000D7EA9E5EB86176AA4FBB9894FCB3056209
:107540006099113C4F323DA31ABBCAB4DDE153EF41
:107550009CA4D4D4BCBED2ABF7F25DE60E6DDD3593
:10756000C84A08AC6250DB86A069A5E7E579873098
:10757000D375FB7E9FB4A998C0E2E4DA6F0075E88A
:107580005760E315AD7D9E0267B6761191C96F1CF9
:10759000A535A115F58E0D6630E39991DA46A8DF81
:1075A000C868E0EA6CB46EBEC393CD1BE8C9152B66
:1075B000F5572AC3D477F225097B29AD9198D81FB6
:1075C000B3B632306E56EF60DE7D2AADE2C1E082A6
:1075D0009C25FBD8EE28C0B40A066ABEF9A704436E
:1075E000D18A8A20F27B591B78B9509C2645AB3C46
:1075F0001CDE5034FEB9DCF16F4D925E1A156C132F
:10760000695E71C1568CA37D3A9EE5EFDA67384614
:10761000723DB781A70D623E8133C8B76210AC1FBF
:10762000F6EA3C987300A79871F8EE6B123FDA25E2
:1076300057D269B1784A79C475FB71E91E789F22E7
:1076400026E4E63BF35F31DAB0A414412D6F2751F5
:10765000317671DEC1FAF2A8D929A4F7B11EEE1273
:1076600078993CC13B744FA1FC6280CD80A1F73971
:10767000A338EB6A351ABBAEE268AA07AF23B5722E
:1076800058292FA37D864814E835230FFA67DDE6D5
:10769000191289E700033AF2DDBF6E54E608BC6AAE
:1076A00060930F838B2265DF2765D5C7EDFEC97B0D
:1076B000ABA2C2753260BE073D7947F64537A8BC1C
:1076C00059F3BF19487B09910EF701EE2C4E8F3EFE
:1076D000E07E767244A334C2D993CCA92582716628
:1076E00049B5705E5870FDE0CA73BB6359053671C9
:1076F000812C3A1087D8A9D3240104603CF1496851
:10770000EA08F9F577AE34199DE02BCADF13520F62
:10771000E419C482D3923C18FB5A2766F03DB23F6D
:107720002E7B7312DD6F87A0B6CD6BCE5F9678B8D7
:107730005B15F79C8CEEBF0B5EE35432A327226CE3
:10774000E87D9DA1A409762ED163CBC12303D16F1F
:10775000C3F2CBE12E0D20A07ED182A0F2D7F24B56
:107760004D2ABD2071417C45E472EBAF7CAAD7E87D
:1077700085CD743256BA32DCFB59C02E567F7C134D
:10778000B8E997D7160E3B9125F2CB86FE59BE5E1F
:107790003B417C7164E9EB79164C566127F2C8DCF9
:1077A0006521EFFE7433B71AC957D2DD71152E412A
:1077B0002D32EEB8F9E1663AD1DA6DA51A5FB8C09C
:1077C00034F523FEEEAFAC4F7B197A2B786CD75093
:1077D00080C9EB08993B651FC64C1F9C6A786B9D5E
:1077E000A4D87074025BF8A324C9CAE50690FE9B76
:1077F00087D0AAD10C8B7F8EB6F9B1AEBE1C0A55CC
:10780000EFB8657C98CE6017A33D1BC4F7979ACA62
:10781000CF143D0A52741AF7421B3E6BFCB6C8B92E
:10782000EB37FBF2D2909AEDB08DC0F898F9CE55B7
:10783000FD8E41A57D17181E7AF0D60681DA1D91BE
:107840007F86CEF5751D293F9F8EE97D947B6B8CDD
:107850001A0C098DF3C5E2C5DB2DD365DB781CB5A9
:107860007F0664F702CDC63973DB656DA05225260D
:10787000EE31A0D179560B7C1EB55419C257416622
:10788000BEDC461BD110590721F041CA716247DFA7
:10789000F876D65E007A251702E43A790769874EB2
:1078A000F376464CDF594832466FC211D47EB52379
:1078B000DD75EB0BE595937BD5287306C8641AF646
:1078C000B6DA7FD724BA6E6A2D33AF09079E9F318F
:1078D00044775C7BB1CCBBFEC84E8D95771A7F3563
:1078E000A05DC7D41D18919CD096DAD104D85B2F27
:1078F000B8922F8CC3C37DF2EE3F636C8CE6F21F0F
:10790000CC0BB2F3D99CD5E70576DEB48888A233D8
:107910002E750DD751118BF7C5AB5FAD4189B244C0
:107920006F5F652948D6A9C55F072C9A4D6FEC2873
:10793000798F3F5750FDF07ED94D22E86A32A85228
:107940004C92436AAB19845D2D69F79FDF21E05D9E
:107950004D465AA020FE2B965465BECD85343CCAB8
:10796000A5DCCB975D540F54FDADA059E334C7613E
:107970005FE734B1297D89F1A6E17602362052D73E
:10798000AFC62BEEEB1B65B87F030508A3EE0A0C10
:107990000E090B0D081010080A0C000077AB02400E
:1079A000305F0C40C343EB3FBEBEE341C1CB294037
:1079B0000000A03F000000009A99993E0000803F1F
:1079C000000000000000004000004040FA5A47C09C
:1079D0004F8D4C3FCDEB623FCF4D993D48F78CC06A
:1079E0005BAEF0BE936ACC3E57D1D4BC032150BFEE
:1079F0007B4FFDBD7E905B3F94F9A3C1CD164BC07C
:107A00008143D440B3421D403499AEC0BCC486BE4D
:107A1000C8A00ABF6F098840AD5EB73F1420C0BF41
:107A2000094F6B40DC58B2C18B2FE7BEB9EC0B405D
:107A30001B33154004EF52C12FC8AD41E1B5FA3EEA
:107A4000CAFF9EC0459307C17F46A64068CC8340CD
:107A50008575CB409AB10240356D14C0F412E3BF76
:107A6000DF24C63FBA8D3A40BFF1C73FA03B36C0C6
:107A7000249650C0C9C0673FCF5486BFC339A6BD46
:107A800081E3013E5711553BAFF4BE3FA53FCF3FC9
:107A9000052B1C3FB245D73FDE21173F9F62703F49
:107AA0001FEF353FBFA6B8BDC1F87E40E7BA2340FF
:107AB000E4B1F2BF1A1B3DC021E121BFA144054141
:107AC000E1C1ACC09B2520BF0DDB5A4048594BC0DB
:107AD0005B0214BF83BF2BC1F344E7BE95216D4009
:107AE000F0E244C0D63711C114E93E4148C4DF3E3C
:107AF00049E81B405EE4D2401AA3E3C0C30CEF3F49
:107B0000E5A5AAC03823C7BE097712404809B23F8D
:107B1000553CF2C0BEE380BFCA1B3F40C4EF794072
:107B200083C36EC0908DE63DFBCDF73F0C8AF940D4
:107B3000A7ECFD3F5B369C3FD65357C0ABE448C132
:107B400069547340B64187BF7A444041D8C1C53EAD
:107B50003DB983C03EA585BFAEEDC3C0CFBE5A3F81
:107B60000D67D33D71048F40BCE327C143E10DBFD6
:107B70003EB94E4022A997400A64B5C00BD7393FA1
:107B8000D3CFD53F0C1DB13DE253E2BF203D8D3F29
:107B9000553B28BFF366CDBFECB94740B0353B3D00
:107BA0008D9F7DBF0B61323FDF66893F85AF06BF8A
:107BB000E27A98400DF395BE83309040884C10C017
:107BC0002F0C7FC03D7E133F2618FB40A80CAFC092
:107BD000D81958408DFCD3C0414539BE4FD53D40E2
:107BE000447702407DA2C53EA7AD623E30F9E23F38
:107BF000DD90363F71224DBFEEBE8CBD5B82383FBB
:107C0000892500BFF51EEC3E4C58874073628FBE3D
:107C1000FD5E7240962509C0EFD791C01A03033E5E
:107C200085C2EE40B9769AC0C46620408DC7B1C007
:107C3000B821E33DD39854C037CDF9BF90CC18C0DC
:107C400071FEF0BED2875AC06A11103FCBDFDA3F17
:107C500061486B3F41A397BED193C33E9505943FC6
:107C6000A5A93341532B683E32715E41001612C103
:107C7000A43C70C18B5E443F0F1BF7BF3BEBB6BD0E
:107C8000B0BAB8BF23C1993F028B91BFEAAFDEBD46
:107C9000FC0EC83F55B3C03DC33880BF850AF0BD58
:107CA0005B505E40DFA21FC07BC6433FA6D606C026
:107CB00037A52A40A2560EC0416DE03FE444C1BF43
:107CC00006309FC000000000000000000000E03F00
:107CD000000000000000E0BF0000E0FE422EE63F92
:107CE0000000E0FE422EE6BF763C7935EF39EA3DF2
:107CF000763C7935EF39EABD3E5555555555C53F6A
:107D000093BDBE166CC166BF2CDE25AF6A56113F0F
:107D1000F16BD2C541BDBBBED0A4BE726937663E11
:107D200004FA97999999D93FAF788E1DC571CC3FC8
:107D30009FC678D0099AC33F935555555555E53F91
:107D4000599322942449D23FDE03CB966446C73F21
:107D500044523EDF12F1C23F000000000000F03F3D
:107D6000000000000000F83F0000000000000000DC
:107D70000000004003B8E23F0000000000000000E7
:107D800006D0CF43EBFD4C3E033333333333E33F75
:107D9000FFAB6FDBB66DDB3F4D268F515555D53FA1
:107DA00001411DA96074D13F65DBC9934A86CD3F6F
:107DB000EF4E454A287ECA3F3E5555555555C53F5D
:107DC00093BDBE166CC166BF2CDE25AF6A56113F4F
:107DD000F16BD2C541BDBBBED0A4BE726937663E51
:107DE0001F1D1F1E1F1E1F1F1E1F1E1F1F1C1F1EAD
:107DF0001F1E1F1F1E1F1E1F00000000000000008E
:107E000000404040404040404040414141414140AD
:107E10004040404040404040404040404040404062
:107E200040050202020202020202020202020202F1
:107E300002202020202020202020200202020202F6
:107E4000020290909090909010101010101010104E
:107E5000101010101010101010101010020202025A
:107E6000020288888888888808080808080808089E
:107E7000080808080808080808080808020202029A
:107E800040000000017E03004150504B45593A200C
:107E90002530327820253032782025303278202560
:107EA0003032782025303278202530327820253045
:107EB0003278202530327820253032782025303233
:107EC00078202530327820253032782025303278DD
:107ED0002025303278202530327820253032780045
:107EE0004E574B534B45593A202530327820253098
:107EF00032782025303278202530327820253032F3
:107F0000782025303278202530327820253032789C
:107F100020253032782025303278202530327820E4
:107F200025303278202530327820253032782025CF
:107F30003032782025303278000000004150505314
:107F40004B45593A2025303278202530327820258B
:107F50003032782025303278202530327820253094
:107F60003278202530327820253032782025303282
:107F7000782025303278202530327820253032782C
:107F80002025303278202530327820253032782074
:107F900025303278000000002C4150504B45593AB2
:107FA00025303278253032782530327825303278D5
:107FB00025303278253032782530327825303278C5
:107FC00025303278253032782530327825303278B5
:107FD00025303278253032782530327825303278A5
:107FE000000000002C4E574B534B45593A25303278
:107FF0007825303278253032782530327825303285
:108000007825303278253032782530327825303274
:108010007825303278253032782530327825303264
:1080200078253032782530327825303278000000DB
:108030002C415050534B45593A2530327825303237
:108040007825303278253032782530327825303234
:108050007825303278253032782530327825303224
:108060007825303278253032782530327825303214
:10807000782530327825303278000000526561640E
:1080800020466C61736820446576696365204550BD
:10809000442053686F77204D6F64653A2025642C27
:1080A000204F7665727475726E3A2025642C2054C8
:1080B000656D70657261747572653A2025640000A3
:1080C0005265616420466C6173682044657669631B
:1080D00065205265706F727420496E7465727661A6
:1080E0006C3A2025646D696E2C2053656E736F7237
:1080F000205265706F727420496E74657276616C7F
:108100003A2025646D696E00557064617465205372
:10811000797374696D65204E6F77203A2530346429
:108120002D253032642D253032643A253032643AC0
:10813000253032643A25303264202C2054696D6534
:108140007374616D70203A256C64000041542B41BA
:1081500050504B45593D202530327820253032781B
:108160002025303278202530327820253032782092
:10817000253032782025303278202530327820257D
:108180003032782025303278202530327820253062
:108190003278202530327820253032782025303250
:1081A0007820253032782C30000000000D0A417014
:1081B000704B65793A253032782530327825303267
:1081C00078253032782530327825303278253032B3
:1081D00078253032782530327825303278253032A3
:1081E0007825303278253032782530327825303293
:1081F00078253032780D0A00257320537563636546
:1082000073732C20414C535F4348315F4144435FBB
:10821000446174613A2025642C20414C535F4348EB
:10822000305F4144435F446174613A2025642C20EF
:10823000436F6E7665727420414C53204C55583A0A
:108240002025642000000000205A4D4F443434584B
:108250005820436F6E766572742054564F432052F7
:108260006573756C74733A202566206D672F6D5E9B
:10827000332C204941513A2025342E31662C204C94
:108280006576656C3A2025640A0000004572726FBD
:1082900072202564207A6D6F643434313020647527
:1082A00072696E672072656164206F662073656E07
:1082B000736F72207374617475732C2065786974A0
:1082C000696E672070726F6772616D210000000037
:1082D000205A4D4F443434585820436F6E7665729F
:1082E000742054564F4320526573756C74733A2052
:1082F0002566206D672F6D5E332C204941513A2051
:1083000025342E31662C204C6576656C3A20256428
:108310002C20436F756E743A2025640054534442F8
:108320002028257329206F6C64657374207365633E
:10833000746F7273206973203078253038582C2080
:1083400063757272656E74207573696E67207365EC
:1083500063746F72206973203078253038582E0A84
:10836000000000005761726E696E673A2063757293
:1083700072656E742074696D657374616D70202808
:10838000256A6429206973206C65737320746861A1
:108390006E20746865206C6173742073617665204B
:1083A00074696D657374616D702028256A64292E67
:1083B00020546869732074736C2077696C6C206238
:1083C000652064726F707065642E0A005761726E6A
:1083D000696E673A20536563746F722073746174B9
:1083E00075732069732077726F6E672C20746865CF
:1083F000726520617265206D756C7469706C6520A2
:10840000736563746F727320696E207573652E0ACD
:10841000000000004572726F723A20736574206626
:10842000696C65206D6F6465204661696C65642EBA
:1084300020506C6561736520646566696E656420B3
:10844000746865204644425F5553494E475F46492C
:108450004C455F4D4F4445206D6163726F2E0000A7
:10846000466C61736820646576696365207C2025AD
:108470002A2E2A73207C20616464723A2030782589
:1084800030386C78207C206C656E3A20307825304E
:108490003878207C20626C6B5F73697A653A203093
:1084A0007825303878207C696E697469616C697AE6
:1084B00065642066696E6973682E0000496E697490
:1084C00069616C697A65206661696C656421205018
:1084D0006172746974696F6E28257329206F6666EE
:1084E000736574206164647265737328256C6429F4
:1084F000206F7574206F6620666C61736820626FF0
:10850000756E64283C2564292E0000005061727449
:108510006974696F6E207772697465206572726F15
:1085200072212020446F6E277420666F756E642060
:10853000666C6173682064657669636528257329B4
:10854000206F662074686520706172746974696F49
:108550006E282573292E0000506172746974696F4A
:108560006E2072656164206572726F722120446FA3
:108570006E277420666F756E6420666C6173682068
:1085800064657669636528257329206F66207468A1
:108590006520706172746974696F6E282573292E65
:1085A00000000000506172746974696F6E2065721A
:1085B000617365206572726F722120446F6E27743B
:1085C00020666F756E6420666C61736820646576E2
:1085D00069636528257329206F662074686520709B
:1085E0006172746974696F6E282573292E0000000A
:1085F0006E6F72666C6173683000000053504932D0
:1086000000000000573235583430434C535349472B
:108610000000000054686520666C61736820646522
:1086200076696365206D616E7566616374757265E8
:1086300072204944206973203078253032582C202C
:108640006D656D6F72792074797065204944206979
:1086500073203078253032582C2063617061636953
:108660007479204944206973203078253032582E9F
:10867000000000004D323550343000004132354C9E
:10868000303830004D323550383000004D323550E2
:10869000333200004632354C3030340053535432BC
:1086A0003556463038304200454E3235513332422D
:1086B00000000000474432355136344200000000CB
:1086C00050435432355646303136420053535432BB
:1086D0003556463031364200474432355131364204
:1086E00000000000414D4943000000004154343572
:1086F00044423136314500004953534900000000DF
:10870000533235464C3231364B000000454F4E0057
:10871000533235464C3033325000000045534D54EF
:108720000000000053535400573235513430425644
:10873000000000005732355133324256000000002D
:10874000573235513136425600000000573235510C
:1087500031323842560000005732355136344356D4
:1087600000000000573235513235364656000000C1
:1087700057323551363444570000000057696E6255
:108780006F6E6400476967614465766963650000E0
:108790004879756E6461690041746D656C00000014
:1087A000496E74656C000000467564616E000000DF
:1087B0004D6963726F6E000053616E796F00000047
:1087C000437970726573730046756A6974737500D6
:1087D0004D6963726F6E6978000000004572726FB8
:1087E000723A20436865636B205346445020736996
:1087F000676E6174757265206572726F722E2049A2
:10880000742773206D75737420626520353034349D
:108810003436353368282753272027462720274416
:108820002720275027292E005761726E696E673AFC
:108830002052656164205346445020706172616D1E
:10884000657465722068656164657220696E666F23
:10885000726D6174696F6E206661696C65642E204B
:10886000546865202573206973206E6F74207375BA
:1088700070706F7274204A454445432053464450FB
:108880002E00000034204B42204572617365206940
:108890007320737570706F72746564207468726F82
:1088A0007567686F757420746865206465766963A0
:1088B000652E20436F6D6D616E6420697320307882
:1088C000253032582E000000436865636B204A450E
:1088D00044454320626173696320666C617368205C
:1088E000706172616D65746572206865616465723E
:1088F000206973204F4B2E20546865207461626C90
:10890000652069642069732025642C207265766572
:108910007273696F6E206973205625642E25642C4E
:10892000206C656E6774682069732025642C207044
:108930006172616D65746572207461626C6520702E
:108940006F696E7465722069732030782530366CDB
:10895000582E00004572726F723A20546865206686
:108960006C617368206361706163697479206973F5
:1089700020677261746572207468616E20333220E2
:1089800047622F203420474221204E6F74205375B8
:1089900070706F727465642E000000004572726F13
:1089A000723A205468697320726576657273696FD4
:1089B0006E285625642E256429204A4544454320C7
:1089C000626173696320666C6173682070617261B3
:1089D0006D657465722068656164657220697320D5
:1089E0006E6F7420737570706F727465642E000002
:1089F000426C6F636B2050726F74656374206269A0
:108A0000747320696E2064657669636527732073CB
:108A1000746174757320726567697374657220611F
:108A2000726520736F6C656C7920766F6C61746908
:108A30006C652E00466C61736820646576696365B9
:108A400020726571756972657320696E73747275D1
:108A50006374696F6E2035306820617320746865B7
:108A600020777269746520656E61626C6520707232
:108A7000696F7220746F20706572666F726D696EB7
:108A800067206120766F6C6174696C65207772690C
:108A9000746520746F2074686520737461747573D5
:108AA0002072656769737465722E0000466C61738D
:108AB00068206465766963652072657175697265A1
:108AC0007320696E737472756374696F6E203036CB
:108AD0006820617320746865207772697465206509
:108AE0006E61626C65207072696F7220746F2070A5
:108AF0006572666F726D696E67206120766F6C615A
:108B000074696C6520777269746520746F2074686D
:108B10006520737461747573207265676973746519
:108B2000722E00004572726F723A20546865204AB6
:108B30004544454320626173696320666C617368D4
:108B400020706172616D65746572207461626C651C
:108B5000206C656E67746820286E6F7720697320BB
:108B6000256429206572726F722E00008C8B0300C1
:108B7000000000201008000042590000208E030071
:108B800010080020200B0100901C01000128033672
:108B90006464D01906011501260137014A015D01FF
:108BA000710188019F01B801D201EE0153127A14BC
:108BB000083FBC2265E816012D35C7963275D743AC
:108BC000B4E73BEA91681A3B4164647214E910E12E
:108BD00002123C12502428C3E3138040101050FFAF
:108BE00038FED4FE70FE0CFDA8FD44FCE0145202D9
:108BF000671808CD03342303A343B0181249064A6B
:108C0000064B064C064D064E069706D70657081A21
:108C10004D101E4B064A8659403123400222E81B64
:108C20002050081AEA081A60081AEC082368041A87
:108C3000EE081A970881393022102AF23022081BD8
:108C400002013019201A0A082368201A0E081A9700
:108C50000841F2071B010F011E0101010F010C1950
:108C60000401280E23014F8F4F8F380B26010F2A46
:108C70000914620A274F6209222A39ED0131198C41
:108C8000092538198C0936620A274F6209272A19E3
:108C90002609328C0927380B35018F620A274F626B
:108CA0000929C4143010183C9BFB02085ACB085AFF
:108CB000FB084B2BFC085A5B085A8B085ABB085A16
:108CC000EB084B1BFD081A4B08120C12031208127A
:108CD000104BFC05081CEC0B030612112BAC1808FA
:108CE0001212142C2603120E12141C2C35032C12F3
:108CF000121CAC42031E9218000A156E6F72666C4D
:108D0000617368302A40DE1114619E011411B801AC
:108D100014A101021C99590112011254F085031487
:108D200004860334EF40174A0828221032205AFCE8
:108D300020014D1C480140D50A124090C18BE274BD
:108D40007C9AE90C6AF30C1375031A0F041A1F04BA
:108D50001A3004415A42085A56085A6C085A840874
:108D60005A9E085ABA085AD8085AF8084B1A760870
:108D70005A3E085A64085A8C085AB6085AE2084BF8
:108D80001077085A40085A72085AA6085ADC084B4D
:108D90001478085A4E085A8A085AC8084B087908A5
:108DA0005A4A08011C000D347F415D5D5D417F1F03
:108DB0001115111F382A436F707972696768742022
:108DC000286329204D6963726F736F667420436F47
:108DD00072706F726174696F6E2E20416C6C202509
:108DE0002818732072657365727665642E20202AB8
:108DF0002020546872656164582E18107465782DAF
:108E00004D302F414335205665727338000A1820C3
:108E1000362E312E3131202A1AF001015C0000007B
:04000005000040C1F6
:00000001FF
