:020000040000FA
:1040000080130120C142000099DD0000E340000060
:1040100000000000000000000000000000000000A0
:10402000000000000000000000000000E54000006B
:1040300000000000000000000D4100001F430000D0
:10404000EB400000EB4000007DF20000EB40000080
:10405000EB400000EB400000EB400000EB400000B4
:10406000EB4000003D0A0100E90A0100290B0100B4
:10407000C90B0100350C0100750C0100EB4000007C
:1040800081D10000F5CA000000000000EB400000F4
:104090009DCE0000EB400000EB400000EB40000034
:1040A000EB400000EB400000EB4000003D6F0000E3
:1040B000EB400000EB40000089C00000EB40000036
:1040C0000448854601F074FB0048004791A80100B0
:1040D000C046C0468013012004488047044800477A
:1040E000FEE7FEE7FEE7FEE7FEE7FEE7CD0801009C
:1040F000C140000000202A4A106062B629482A49BF
:104100000860BFF34F8FBFF36F8FFEE72748284A41
:1041100000230168002915D00360EFF30983103BE9
:10412000F0C344464D4656465F46203BF0C3143B21
:1041300075461D608B601F4C2568002D02D08D6177
:104140000025256072B61168002914D0016062B69E
:104150004F68184C8D697F1C4F6025608B681D6807
:104160001B1DAE46F0CBBB46B246A946A046F0CBDF
:1041700083F30988704772B611680160002909D17C
:104180000FB41BF045FD0FBC0FB41BF04FFD0FBC6F
:1041900062B6F0E7084F044D2F6062B6D8E7000022
:1041A000BC0700200000001004ED00E0A007002084
:1041B000A4070020FC070020000000080269072374
:1041C0009A43443A0B4B1360002353609360D360CF
:1041D000136153619361D361136253629362D3623B
:1041E00013635363044B9363D163044B1364826082
:1041F00070470000FDFFFFFFFFFFFFFF0000000111
:1042000023490868401C0860224B1A68002A06D01F
:10421000521E1A60002A02D11F4B012018601F494C
:1042200008680268002A03D01D4B01221A6007E0CB
:10423000001D1C4B1A68904201D11B4B1868086086
:10424000154B1A68002A03D11549086800281BD0AD
:1042500001B513490868002801D010F039FA0E4B57
:104260001A68002A0ED010F005F9104801680029DC
:1042700008D10F4801680F4A13680F480F4A994246
:1042800000D0026003BC8E46BFF34F8F7047000022
:10429000CC070020FC070020D0070020DC0700200E
:1042A000E0070020D8070020D4070020BC0700202A
:1042B000A0070020A407002004ED00E0000000108B
:1042C00072B61B48004772B61A481B49091D0160A7
:1042D0001A481B4901601B481B4A104418490160D9
:1042E0001A481749096801601648194941610721B0
:1042F000016118491348184A1044016017491148D0
:10430000174A1044016017490E48174A10440160CB
:104310007047FEE7FEE701B503BC8E46704701B566
:10432000FFF76EFF03BC8E467047FEE7FEE7000016
:10433000C1400000300700208013012008ED00E09C
:104340000040000000E000E0080D00009C07002095
:104350007F3E000000000000180D0000000000FF7C
:104360001C0D00000000FF40200D0000F8B50646BF
:104370004878097800020843778945BAFE4CAF4275
:1043800001D3FE48F8BD3089A84215D9401B00F082
:104390008DFF0090E81B00F089FF0546707800F063
:1043A00090FFF74900F066FD294600F063FD009993
:1043B00000F09DFDA04201DD2046F8BDEF49884296
:1043C000FBDA0846F8BDF3B504462030417981B0E8
:1043D000002908D0002141710298A0620298E06291
:1043E000E8482064FEBDA56A0298294600F03AFD1F
:1043F000E54900F03FFD294600F0E3FCA062009093
:10440000E66A05463146029800F02CFDDF4900F0CF
:1044100031FD314600F0D5FC07460146E0622846F2
:1044200000F020FD0646DA4900F01CFD216B00F08B
:10443000C8FC0121C9052063884200DA0020D54D5F
:104440002063A84200DC0546D3493046256300F0CE
:10445000B8FC616B00F0B5FC0121C90560638842BE
:1044600000DB0020CD496063884202D800F09EFF47
:1044700001E0CB48CB4900F0C1FFC54960638E42E3
:1044800002DCC9498D4201DD00211FE0C74AC8494D
:10449000964204D2C74A904201D2304613E0C64841
:1044A0008742FADD3946009800F021FD7F21C905D9
:1044B00000F0D8FC0546B349206C00F0D3FC294637
:1044C00000F0D8FCBD4900F0D5FC0146206C00F09E
:1044D00078FC05462064BA49029800F0CBFCA94E4E
:1044E000314600F06EFCB749884200DD08460746B9
:1044F0003046854200DD28463946206400F0A4FF9E
:1045000000D3276C27643846FEBDF8B50224AE4EB2
:104510007F250746ED05A0003158384600F08AFF98
:104520001ED3A4003159384600F09CFCA6490C3932
:10453000095900F09FFC294600F043FC00F036FFCB
:1045400015F028FF00F05AFF9F491839095900F06B
:1045500091FC9D490C31095900F033FC074603E0FA
:10456000641E64B2002CD6DA2846874200DD384645
:10457000F8BD10B500218162C1620163814A026405
:1045800001220346416320335A710A469400521CAB
:10459000D2B20151092AF9D33C221A718163C16355
:1045A0004164002010BDE4E7FFB501460446203118
:1045B000087995B01D4600280BD00122401E1192AB
:1045C00008718248A06382480E90E063FFF79DFF68
:1045D000CCE00020074611901698BE00805900F0EC
:1045E000E5FE15F0D7FE00F009FF014630467F1CBE
:1045F0006E46FFB23150092FEED30198099004990D
:10460000089800F074FC7F21C905884202DD00F0A3
:10461000CDFE01E000206F4900F0F0FE1290012075
:1046200000271390BE0068468159A05900F002FF90
:1046300002D27F20C00500E067480F90A0590A9081
:10464000684680590A9900F00DFC0F9900F012FCA1
:104650000A9900F0B6FBA0516946895900F002FCA6
:10466000694688515D49884201D3002013907F1C20
:10467000FFB2092FD6D3139800284BD00DA9684656
:1046800000F083F9049800900BA9684600F0E9F95E
:1046900001200D99C005814200DA00210D910B998E
:1046A000814200DA00210B91129800F0DEF80B999C
:1046B00000F0E0FB01460B900D9800F082FBFF211B
:1046C000890500F0D7FB0021C94300F04EFC0646E7
:1046D000072717987F07802804D200F00DFE0246B6
:1046E0000B4609E000F0EDFD8721C90500F0BAFB9B
:1046F00000F05CFE0B4602463846394916F032FBA4
:1047000000F07CFE314600F0B5FB304EB04202DDD9
:10471000064600E02D4E3349304600F0ABFB0E90CC
:10472000FFF7F3FE0F90A76B3046394600F09AFB77
:104730002D4900F09FFB394600F043FBA063E66B78
:104740000E98314600F08EFB274900F093FB31466E
:1047500000F037FBE063666C0F98314600F082FB97
:10476000214900F087FB314600F02BFB6064A06B11
:104770002864E06BE86339E0A5D468530000C842C0
:1047800000007A440000C843B6A0453CA14C343C2C
:10479000B9B7513CCDB1A93493F9283A070DFABC09
:1047A000678BCADBA0419FBFFF02D72C93F928BAC1
:1047B0002C923A42C4359DB86F12833A7FE57B3D17
:1047C000FF440E4700409C45F879030027A0093CB0
:1047D000395E813C0000F03F0EA21138CCBC8CAB9E
:1047E0007EAEF03FD7A3F03F9AE4C23D606CA86371
:1047F00020460E99FFF7E7FD686420696863119809
:1048000019B0F0BDFFB589B01D4616460F4600240D
:10481000600081193846891CFFF7A8FDA100641CBF
:10482000E4B26850062CF3D30624600081193846A0
:10483000891DFFF79BFDA100641CE4B268500D2C9C
:10484000F3D302206A4681006B5889188039401CD6
:10485000C0B28B670B28F6D338692B46827969463C
:104860000998FFF7A1FE0DB0F0BDF8B51B4900F0A7
:1048700001FB1B4900F0FAFA1A491B4A884229D267
:10488000904200DD104600F091FD11F00FF900F0AC
:10489000B5FD7F2405460146E405204600F027FBD0
:1048A00007460146284600F08CFA06463946284657
:1048B00000F0D8FA314600F01AFB0C4900F0DAFAA1
:1048C0000B4900F0D3FA0B49A04205DD884200DD18
:1048D0000846F8BD0846D6E72046F8BDF99E0142D5
:1048E000718833420000A4C20000A4429F33E53F18
:1048F0004A0143400000A040F7B582B017460024AB
:104900001BE00298A600805900F066F8014600906E
:104910007F20C00500F0EBFA01460190009800F0FE
:1049200050FA05460199009800F09CFA294600F0DB
:10493000DEFA0399641C8851A4B2BC42E1D305B0ED
:10494000F0BDFFB581B00F4600260A9C19E0B0000B
:1049500021680090395000250DE00198A9004158C8
:10496000206800F087FA0099795800F02AFA009937
:104970006D1C7850ADB20398241D8542EDD3761C92
:10498000B6B204988642E2D3D9E710B50C4690B08F
:104990001B490A2300911A4601A9FFF7D2FF01A97A
:1049A0000A220846FFF7A8FF1648009005230A22AE
:1049B0000BA901A8FFF7C5FF0BA905220846FFF7C1
:1049C0009BFF10480123DC300090052221460BA8F4
:1049D000FFF7B7FF10B010BD0B4910B5884202DDDC
:1049E00000200A4907E00A49884202D90020094903
:1049F00001E000F0DBFC11F059F800F0FFFC10BD05
:104A0000107A0300C87B03000000A44200805440D9
:104A10000000A4C2008054C0FFB581B00F4600263C
:104A20000A9C19E0B00021680090395000250DE083
:104A30000198A9004158206800F01CFA00997958A3
:104A400000F0BFF900996D1C7850ADB20398241D99
:104A50008542EDD3761CB6B204988642E2D305B007
:104A6000F0BDF3B58BB0244900910623012202A9C1
:104A7000FFF7D2FF02A8062602AF0024099009988A
:104A8000A500405900F023F8014600907F20C005A2
:104A900000F02DFA01460190009800F092F908907C
:104AA0000199009800F0DEF9089900F020FA641CE2
:104AB000A4B27851B442E2D30F48012330300090C1
:104AC000062202A80C99FFF7A7FF0DB0F0BD0B4915
:104AD00010B5884202DD0020094907E009498842F3
:104AE00002D90020084901E000F060FC10F0DEFF70
:104AF00000F084FC10BD0000BC7C03000000A44258
:104B0000008054400000A4C2008054C030B50B4661
:104B1000014600202022012409E00D46D5409D4297
:104B200005D31D469540491B25469540401915461D
:104B3000521E002DF1DC30BD70B500242546002842
:104B400001DA01244042002901DA01254942FFF738
:104B5000DDFFAC4200D04042002C00D0494270BD85
:104B600010B5024900F004F810BD00005403012004
:104B700070B50C4600683C21FFF7C8FF21603C215E
:104B8000FFF7C4FF61601821FFF7C0FF0546A16071
:104B90000721001DFFF7BAFFA1610F48A9000818FF
:104BA0000E49FFF7B3FF0246443288086261E061B4
:104BB0003B2802D3910700D0401C0021084B0A4635
:104BC0002161995C814203D8401A521C2261F8E7A6
:104BD000401CE060204670BD6C0B0000B505000075
:104BE000207E030038B50446C0681821401E4843A3
:104BF000A16840183C214843616840183C21484363
:104C00002168451860690C214843216940186921D1
:104C1000C900401A3021FFF78FFF114A5043421953
:104C2000084600921A2902DB0E49511800910C2106
:104C3000FFF782FF0C4A5043009A801800900B48FF
:104C400006E0491E425C074B5A43009BD218009273
:104C50000029F6DC21466846FFF78AFF009838BD38
:104C6000801F8607805101008033E1012C7E030004
:104C700010B5441A0346944209D28318891803E0F8
:104C8000491E0C785B1E1C70521EF9D210BD0C46DA
:104C90000443A40703D009E010C9121F10C3042A5B
:104CA000FAD203E00C781C70491C5B1C521EF9D22E
:104CB00010BDD2B201E00270401C491EFBD2704709
:104CC0000022F6E710B513460A4604461946FFF7D8
:104CD000F0FF204610BD30B505462A460B46107839
:104CE0001C78521C5B1C002801D0A042F7D0002C7D
:104CF00003D0002802D06D1CEFE7284630BD421CCF
:104D00000178401C0029FBD1801A704710B50022A1
:104D100000E0521C835C8C5CA34201D1002BF8D1D3
:104D2000D8B2E1B2401A10BD30B5044600200346A7
:104D300000E05B1C934203D2E05CCD5C401BF8D0EA
:104D400030BD30B505460020034600E05B1C9342B1
:104D500005D2EC5CC85C201A01D1002CF6D130BD24
:104D600070B5104D002800D12868002414E00A46D0
:104D700002E09E4203D0521C1378002BF9D1DAB224
:104D8000224307D0002B06D0002C04D00021017054
:104D9000401C04E00446401C0678002EE7D1286041
:104DA000204670BD0408002070B506460CF016FFC2
:104DB000046805460A220021304600F0B3FB2C604F
:104DC00070BDF8B502464A40D40F42004B0052086D
:104DD0005B089A4202D20246084611464A0023D096
:104DE000C30D4A00DDB2120EAD1A202D35DA49028C
:104DF0000126490AF6058A19002C00D052422021CA
:104E00004F1B1146B9402A411018C20D9A4221D0B9
:104E1000002C17D0012D08DCDA05801AD20F80197A
:104E2000D207DBB200F0BEFBF8BDDA05801A012321
:104E300040001B06C01880185A428018CA0F104341
:104E4000490007E04908C2071143DA05801A8019B2
:104E50004008801800F09EFBF8BD61000122511A45
:104E6000001BF7E70122D2075140AAE70122D2072F
:104E70005040A6E7024670B54A40D30FDB0740001A
:104E80002DD04A002AD0010E140E00021202091978
:104E9000400A520A8418E50104465443000A120AE3
:104EA0002E045043A4194219200CC543AA18120C11
:104EB0000125AD03521C521912047F39240400D07D
:104EC000521C104301D44000491EC2B20C06C00956
:104ED0002018401C4008802A02D003E0002070BD4A
:104EE00040084000002900DA0020184370BD70B56A
:104EF00002464A40D50F40004A00ED0740085208DC
:104F0000002814D0002A12D0C40DD30D4102012074
:104F1000C0055202490A520AE41A091812187D34CF
:104F2000914201D3641C00E04900002C01DA00200A
:104F300070BD0023914201D3891A03434008490000
:104F40000028F7D100290AD0914202D10121C907D6
:104F500005E0914201D2012101E00121C943E005B0
:104F6000C018401900F016FB70BD420005D0420089
:104F7000120E52428A4201DB00207047C905081810
:104F800070470000F0B507460846584087B0C00F8C
:104F9000049048000E46590040084908BC1A884150
:104FA00005D2384631461E4617460B460246580083
:104FB000400810434DD0300D039040055900400D7E
:104FC000490D0590401A0290402873DA1803012118
:104FD000000B09050843019004980092002806D0B0
:104FE0001146019A49420020904100910190029897
:104FF00040210A1A0199009800F060FA05460C4613
:105000006B4607CB00F07BFAC0197141039A0E0D75
:105010000023D71756401A467A40164344D0049AC4
:10502000002A2DD0029A012A039A15DC1205C01A13
:10503000914101263605001C7141D20F059ED20711
:105040000093019202962A46234600F0F1FA07B037
:10505000F0BD38463146FAE71605234A0F46B21826
:10506000C01AB74101210905001C4F4100187F41BA
:10507000114618187941E20F10436D19644113E08D
:10508000E2076D0815436408C2071443039A01261A
:105090001205C01A91413605001C7141CE07400827
:1050A00030434908C01851412A46234600F0B3FA5C
:1050B000CDE7FFE7049801224000C117121A002330
:1050C0008B4104983146C417381AA141EEE730B439
:1050D0000124E407634030BC54E730B40124E40702
:1050E000614030BC4EE700000000E0FFF0B51FB4A7
:1050F00088B00B990998002448400999C00F4900CD
:1051000049080991C0070B990090490049080B9183
:1051100009990898A64608431CD00B990A98084399
:1051200018D0099801244000420D4800410D09980B
:1051300024050003000B204309900B980003000B8B
:1051400020430B9050181C4940180022019014462F
:10515000104605E0002001460DB0F0BD032801DA3D
:10516000034600E003239C46C11A0AAE0AE05F0032
:1051700008ADED5B4F00F75B7D430027AA187C412B
:10518000491C5B1E6145F2DD410004AB5A5221040B
:10519000120C0A43240C401C0828DFDB0198029003
:1051A0000099704601910090059B049A0799069812
:1051B00000F03EFAD0E700000DFCFFFFF0B50C4612
:1051C0005C4085B0E40FE40703944C0000266408BB
:1051D00059009446490802460296224321D062466D
:1051E0000A431ED06200570D4A000E032303550DDB
:1051F000012402462C492405781B1B0B360B401852
:1052000023432643614600901C46501AB44103D301
:105210000098401C009002E0921800985B41002822
:1052200003DA0020014605B0F0BD00200121090588
:105230000746864611E064461D46141BB54106D359
:105240006546521BB341744607430C43A646CD073F
:1052500040084908284392185B4105460D43EAD1AE
:105260001046184313D06046194650407140084319
:1052700006D06046101AB34106D20122002306E090
:1052800000220123DB0702E00122D24353100098E1
:1052900074460105381C6141029C039D0019694157
:1052A00000F0B9F9BFE70000FD030000C217C10F0D
:1052B000504010B54018CA079623002100F072F93B
:1052C00010BD10B500229623114600F06BF910BDF9
:1052D0000EB5C217C10F5040CA0740180021054B38
:1052E0000293019200910A460B4600F0A1F903B027
:1052F00000BD0000330400000EB5054902910021F5
:1053000000910A460B46019100F092F903B000BDEE
:1053100033040000C20F410040020123400ADB05B4
:10532000D207090EC0187F2901DA0020704796299C
:1053300003DC9623591AC84001E096398840002AB8
:10534000F4D040427047410040020122400AD20599
:10535000090E80187F2901DA00207047962903DCA6
:105360009622511AC840704796398840704700000D
:105370004A0009030123090B1B051943094B10B50A
:10538000520D9A4201DA002010BD064B34339A4286
:1053900003DC9A1A00F0A2F810BD034951188840A6
:1053A00010BD0000FF030000CDFBFFFFC20FD207BE
:1053B000400040080BD0C10D0723DB01C918400293
:1053C0000905400A1143C2084007114370470020F5
:1053D0000146704710B5002904DB0124E407404270
:1053E0008C412146002B04DB1C460123DB07524283
:1053F000A3418B4200D1824210BD0000CB0FDB07DE
:10540000490010B5490802460A4307D00A0D07248F
:105410000903E401090B121B002A01DC002010BD66
:10542000C900440F0C43C100E018D205801800F0F9
:10543000B1F810BD0122D207002800DB101A0029A4
:1054400000DB511A814270470122D207002800DB9D
:10545000101A002900DB511A88427047F0B51FB4BA
:105460000646002082B005464024019100901BE0D2
:10547000019922460F46304600F030F8049A059B09
:10548000801A994110D310461946224600F016F8AA
:10549000361A8F410197224601200021009F00F01B
:1054A0000DF838184D4100902046641E0028DFDCBE
:1054B000019B00982946324607B0F0BD10B5202A5E
:1054C00004DB0146203A9140002010BD914020238A
:1054D0009C1A0346E3401943904010BD10B5202AA2
:1054E00004DB0846203AD040002110BD0B46D340D3
:1054F000D0402024A21A91400843194610BD10B58F
:10550000202A06DBCB170846203A1041C1170B436F
:1055100006E00B461341D0402024A21A91400843D4
:10552000194610BDF7B5009C0F4600262578641C6F
:10553000002D05D000F04EF90068405DC007F5D1A0
:105540002B2D02D02D2D18D0641E39462046029AEC
:1055500000F044F9002F04D03968A14201D100992C
:1055600039607105022400290BDA4042002803DD6E
:105570000CF034FB0460A007FEBD0120800206434E
:10558000E3E70028F8DA0CF029FB04600048FEBDD0
:10559000FFFFFF7F002904DA401C490001D14008C9
:1055A0004000704770B40024050C05D1102400049D
:1055B00002D1002921D01124050E01D100020834A6
:1055C000050F01D10001241D850F01D18000A41C0D
:1055D000002801DB4000641C002908D020252E1B78
:1055E0000D46F540A14000D00121294308430106A2
:1055F0001B1B000ADB1D02D5002070BC7047DB05B9
:10560000181880180029F8DA401C4900F5D170BC40
:1056100040084000704710B5002B08DA0024401CF9
:10562000614192185B411A4301D14008400010BD0E
:10563000F0B51FB482B005460C0003D008460CF04C
:1056400037F902E00CF034F9203002460090214690
:105650002846FFF733FF049B059A04460F4618437C
:105660001143084314D0184610431BD00098402122
:105670000A1A18460599FFF731FF05460E46009AAB
:1056800005990498FFF71AFF084305D0012004E0AC
:105690002046394607B0F0BD0020C11705430E4330
:1056A0002C43374300990E986305401A7905E40AA4
:1056B00000220C43FD0A0A3002D500200146E9E72A
:1056C0000105101969410C9C0D9D00196941FFF7F6
:1056D000A2FFDFE770B54B005B0803430BD04B0024
:1056E0005C0D002633466542B341D417AD1AA34181
:1056F00002DB0020014670BD12053018514170BD1B
:1057000070B5CD0F4A0009030123090B1B0519438E
:105710000B4BED070024520D9A4201DA002070BDB8
:10572000074B34339A4203DC9A1AFFF7D7FE02E0A4
:105730000449511888402C43F1D0404270BD00000C
:10574000FF030000CDFBFFFF4A0009030123090B03
:105750001B0519430A4B10B5520D9A4202DA00207C
:10576000014610BD064B34339A4203DC9A1AFFF708
:10577000B5FE10BD034BD218FFF7A0FE10BD000010
:10578000FF030000CDFBFFFF10B5002904DB01245F
:10579000E40740428C412146002B04DB1C460123D8
:1057A000DB075242A341994200D1904210BD000054
:1057B000064C0125064E05E0E36807CC2B430C3C64
:1057C00098471034B442F7D3FEF77EFCAC8B03004D
:1057D000CC8B030000487047C47E0300F7B582B04D
:1057E000029C00272078641C15460197302802D0BF
:1057F000002D15D015E020780127641C782804D0EE
:10580000582802D0002D09D00BE0002D01D0102D1A
:1058100007D1002710252078641C02E0082500E04D
:105820000A250026009610E0009901276943081810
:10583000020C294680B2714300908E1838048642CB
:1058400001D3012001902078641C294600F06AF8F9
:105850000028E9DA0398002805D0002F01D0641E43
:1058600000E0029C04600198002806D00CF0B6F914
:1058700002210160C81E05B0F0BD00993004084344
:10588000F9E7FEB500231A461B1A8A4103DB002004
:10589000014603B0F0BD4A000D0301212D0B09059F
:1058A000520D0D43D10702D100186D41521E511007
:1058B000FF31FF310131002704463E46384600974C
:1058C00001910246012100200905FFF707FEC319D7
:1058D0007141F818324684468E464A416146284650
:1058E000611A904104D36046241A954176461F46BA
:1058F000241900986D41401C00903428E1DDF9190D
:1059000030467041091BA84103D20022D2431346FE
:1059100001E00022134601980105381C7141FFF790
:105920007AFEB6E73A2800D23038202302469A435E
:10593000412A01D310463738884201D30020C043A2
:10594000704770B58C180578401C6B075B0F01D150
:105950000378401C2A1106D10278401C03E0067827
:105960000E70401C491C5B1EF9D12B0705D4002387
:10597000521E0DD40B70491CFAE70378401CCB1A59
:10598000921C03E01D780D70491C5B1C521EF9D55A
:10599000A142D8D3002070BDF7B582B00E461446A0
:1059A00000276420019007F061F913F095FD0028AD
:1059B00009D13BA13CA007F017F93DA007F014F96D
:1059C000002005B0F0BD13F0BBFD002808D134A1C4
:1059D00035A007F009F93BA007F006F90020F0E731
:1059E0007D21C9003D48FFF76BF900203C49088341
:1059F000029808F057F93BA008F054F9374D3AA146
:105A00002046FFF768F9002805D13AA12046FFF7A4
:105A100062F9002800D0ED1D32E021A12846FFF7F1
:105A20005AF9002809D01EA11FA007F0DDF834A004
:105A3000029907F0D9F80020C3E737A12846FFF7FD
:105A40004AF9002809D016A117A007F0CDF835A013
:105A5000029907F0C9F80020B3E701987843B042F3
:105A600009DD37A110A007F0BFF837A0029907F0B1
:105A7000BBF80220A5E7019808F00EF9781C87B260
:105A800021462846FFF727F90028C6D035A106A0F1
:105A900007F0AAF834A0029907F0A6F8012090E7D1
:105AA0004552524F520000000A5B25735D00000012
:105AB0004C6F526157414E204D6F646520455252E4
:105AC0004F4521004C6F526157414E205374617411
:105AD0007573204552524F4521000000508C002024
:105AE000209000200D0A00002B4C494E4B20494EBF
:105AF000464F3A002B52544320494E464F3A00003D
:105B00002225732220617420636D642065786563AB
:105B1000206572726F720000424144205041524D24
:105B2000000000002225732220617420636D642030
:105B30006578656320626164207061726D000000A9
:105B40005741524E0000000022257322206174202C
:105B5000636D6420657865632074696D656F757425
:105B6000000000004C4F4700222573222061742062
:105B7000636D642065786563207375636365737313
:105B800000000000F0B587B000255FE031A2324987
:105B900032A0FFF701FF012852D133A133A007F053
:105BA00023F834A13648FFF796F80746394635A062
:105BB00007F01AF878213448FFF782F82DA1304811
:105BC000FFF789F8064600200690002406AB2E4A0F
:105BD0002EA130460FF09DFE0AE0611C89002A4B81
:105BE0005A582B490819022301210FF01BFE641C8F
:105BF0000699481E06900029EFD11BA11BA006F0B4
:105C0000F3FF23480B38807C21490B39497C204A1B
:105C10000B3A127C1E4B0B3BDB7B019302920391F0
:105C200004901B480B38807B009019480B38437B4D
:105C3000027BC17A17A006F0D7FF012007B0F0BDA4
:105C4000681C85B27D20C00008F026F8032D9DDB7E
:105C50000020F3E74F4B0000DC05000041542B41CE
:105C600050504555493F00004C4F47000A5B257393
:105C70005D0000002B4150504555493A000000009E
:105C8000508C002025730000ACB3002020000000E1
:105C90002FB400204150504555493A2025303278E4
:105CA0002025303278202530327820253032782077
:105CB0002530327820253032782025303278202562
:105CC00030327800F0B58FB000257AE03FA240492D
:105CD00040A0FFF761FE01286DD141A141A006F06F
:105CE00083FF42A14448FEF7F6FF0746394643A02A
:105CF00006F07AFF78214248FEF7E2FF3BA13E48DA
:105D0000FEF7E9FF064600200E9000240EAB3C4A49
:105D10003CA130460FF0FDFD0AE0611C8900384BC4
:105D20005A5839490819022301210FF07BFD641CE0
:105D30000E99481E0E900029EFD129A129A006F046
:105D400053FF3148C07B3049897B2F4A527B2E4B11
:105D5000133BDB7F09930A920B910C902A4813386E
:105D6000807F29491339497F274A133A127F264BEE
:105D7000133BDB7E05930692079108902248133867
:105D8000817E407E204A133A127E1F4B133BDB7DFF
:105D900001930292049103901B481338807D009078
:105DA00019481338437D027DC17C184806F01CFF5A
:105DB00001200FB0F0BD681C85B27D20C00007F047
:105DC0006BFF032D82DB0020F3E700004F4B000048
:105DD000DC05000041542B4150504B45593F000019
:105DE0004C4F47000A5B25735D0000002B4150506B
:105DF0004B45593A00000000508C002025730000EC
:105E0000ACB300202000000037B40020C87E03009F
:105E1000F0B58FB0002570E03AA23B493BA0FFF7F8
:105E2000BBFD012863D13CA13CA006F0DDFE3DA1F5
:105E30003F48FEF750FF074639463EA006F0D4FE25
:105E400078213D48FEF73CFF36A13948FEF743FF75
:105E5000064600200E9000240EAB374A37A130468C
:105E60000FF057FD0AE0611C8900334B5A58344942
:105E70000819022301210FF0D5FC641C0E99481E5D
:105E80000E900029EFD124A124A006F0ADFE2C48ED
:105E9000C07B2B49897B2A4A527B294B1B7B099368
:105EA0000A920B910C902648C27A807A2449497A4A
:105EB000234B1B7A05930892069107902048C079DE
:105EC0001F498A7949791E4B1B79019303920291EC
:105ED00004901B48C0780090194883784278C01F0E
:105EE000C179184806F080FE01200FB0F0BD681C93
:105EF00085B27D20C00007F0CFFE032D8CDB002093
:105F0000F3E700004F4B0000DC05000041542B413B
:105F10005050534B45593F004C4F47000A5B257387
:105F20005D0000002B415050534B45593A00000092
:105F3000508C002025730000ACB30020200000002E
:105F40004BB400207C7F030070B500241BE010A23E
:105F5000104911A0FFF720FD01280ED111A112A0B8
:105F600006F042FE12A11448FEF7B5FE054629468A
:105F700012A006F039FE012070BD601C84B27D20A5
:105F8000C00007F089FE032CE1DB0020F4E70000ED
:105F90004F4B0000DC05000041542B42414E443F72
:105FA000000000004C4F47000A5B25735D000000B5
:105FB0002B42414E44000000508C0020257300000D
:105FC00070B500241BE010A2104911A0FFF7E4FCFB
:105FD00001280ED111A112A006F006FE12A114484C
:105FE000FEF779FE0546294612A006F0FDFD0120C8
:105FF00070BD601C84B27D20C00007F04DFE032CF4
:10600000E1DB0020F4E700004F4B0000DC0500005E
:1060100041542B434C4153533F0000004C4F470029
:106020000A5B25735D0000002B434C4153533A003B
:10603000508C00202573000070B500241BE010A2D6
:10604000104911A0FFF7A8FC01280ED111A112A040
:1060500006F0CAFD12A11548FEF73DFE0546294689
:1060600013A006F0C1FD012070BD601C84B27D202C
:10607000C00007F011FE032CE1DB0020F4E7000074
:106080004F4B0000DC05000041542B434F4E464966
:10609000524D3F004C4F47000A5B25735D000000E6
:1060A0002B434F4E4649524D3A000000508C002081
:1060B00025730000FEB500254DE029A229492AA03C
:1060C000FFF76AFC012840D12AA12BA006F08CFD25
:1060D0002BA12E48FEF7FFFD074639462CA006F0FF
:1060E00083FD78212B48FEF7EBFD25A12748FEF71D
:1060F000F2FD064600200190002401AB254A26A1AE
:1061000030460FF006FC0AE0611C8900214B5A580A
:1061100022490819022301210FF084FB641C019914
:10612000481E01900029EFD112A113A006F05CFDDA
:106130001A48C0780090194883784278C01EC17808
:1061400017A006F051FD0120FEBD681C85B27D2020
:10615000C00007F0A1FD032DAFDB0020F4E7000035
:106160004F4B0000DC05000041542B444556414490
:1061700044523F004C4F47000A5B25735D0000000E
:106180002B444556414444523A000000508C0020B4
:1061900025730000ACB300202000000047B40020AD
:1061A000444556414444523A202530327820253027
:1061B00032782025303278202530327800000000F7
:1061C000F0B587B000255FE031A2344934A0FFF775
:1061D000E3FB012852D135A135A006F005FD2CA125
:1061E0003548FEF778FD0746394634A006F0FCFC3A
:1061F00078213348FEF764FD25A12F48FEF76BFD9B
:10620000064600200690002406AB2D4A2DA13046FC
:106210000FF07FFB0AE0611C8900294B5A582A497C
:106220000819022301210FF0FDFA641C0699481E8B
:1062300006900029EFD11DA11DA006F0D5FC224833
:10624000C01E807A2049C91E497A1F4AD21E127A7E
:106250001D4BDB1EDB7901930292039104901A48D7
:10626000C01E807900901848C01E43790279C17819
:1062700016A006F0B9FC012007B0F0BD681C85B27D
:106280007D20C00007F008FD032D9DDB0020F3E713
:106290002B4445564555493A00000000DC050000F6
:1062A00041542B4445564555493F00004C4F47004B
:1062B0000A5B25735D000000508C002025730000F0
:1062C000ACB300202000000027B4002044657645D0
:1062D00055493A2025303278202530327820253033
:1062E000327820253032782025303278202530321F
:1062F00078202530327820253032780070B500249F
:106300001BE010A2104911A0FFF746FB01280ED197
:1063100012A113A006F068FC13A11648FEF7DBFCDF
:106320000546294614A006F05FFC012070BD601CE4
:1063300084B27D20C00007F0AFFC032CE1DB00201D
:10634000F4E700004F4B0000DC05000041542B44F3
:10635000415441524154453F000000004C4F47001A
:106360000A5B25735D0000002B44415441524154A7
:10637000453A0000508C002025730000F0B58FB026
:10638000002570E03AA23B493BA0FFF705FB01283E
:1063900063D13CA13CA006F027FC3DA13F48FEF79D
:1063A0009AFC074639463EA006F01EFC78213D487F
:1063B000FEF786FC36A13948FEF78DFC0646002024
:1063C0000E9000240EAB374A37A130460FF0A1FAE9
:1063D0000AE0611C8900334B5A58344908190223DA
:1063E00001210FF01FFA641C0E99481E0E9000291F
:1063F000EFD124A124A006F0F7FB2C48C07B2B4949
:10640000897B2A4A527B294B1B7B09930A920B9169
:106410000C902648C27A807A2449497A234B1B7A09
:1064200005930892069107902048C0791F498A7900
:1064300049791E4B1B7901930392029104901B48EA
:10644000C07800901948837842781738C17D184881
:1064500006F0CAFB01200FB0F0BD681C85B27D209C
:10646000C00007F019FC032D8CDB0020F3E70000CF
:106470004F4B0000DC05000041542B4E574B534B53
:1064800045593F004C4F47000A5B25735D000000F3
:106490002B4E574B534B45593A000000508C00206F
:1064A00025730000ACB30020200000005BB4002086
:1064B000207F030070B500241BE010A2104911A03A
:1064C000FFF76AFA01280ED111A112A006F08CFB89
:1064D00012A11448FEF7FFFB0546294612A006F05C
:1064E00083FB012070BD601C84B27D20C00007F0DA
:1064F000D3FB032CE1DB0020F4E700004F4B00004E
:10650000DC05000041542B504F52543F0000000066
:106510004C4F47000A5B25735D0000002B504F5223
:10652000543A0000508C00202573000070B5002400
:106530001BE010A2104911A0FFF72EFA01280ED17E
:1065400010A111A006F050FB11A11348FEF7C3FBE8
:106550000546294611A006F047FB012070BD601CCE
:1065600084B27D20C00007F097FB032CE1DB002004
:10657000F4E700004F4B0000DC05000041542B52B3
:1065800058323F004C4F47000A5B25735D00000006
:106590002B5258323A000000508C00202573000026
:1065A00070B500241BE010A2114912A0FFF7F4F906
:1065B00001280ED111A112A006F016FB0AA1124863
:1065C000FEF789FB0546294610A006F00DFB0120C9
:1065D00070BD601C84B27D20C00007F05DFB032C01
:1065E000E1DB0020F4E700002B56455200000000DC
:1065F000DC05000041542B5645523F004C4F4700EC
:106600000A5B25735D000000508C0020257300009C
:1066100010B5002419E00FA20F4910A0FFF7BCF934
:1066200001280CD110480078400840000E4908703D
:1066300000BF12F02FFF0028FBD0012010BD601C0E
:1066400084B27D20C00007F027FB032CE3DB002091
:10665000F4E700004F4B0000DC05000041542B46DE
:106660004143544F5259000024B4002010B5002477
:106670000DE009A209490AA0FFF78EF9012800D10F
:1066800010BD601C84B27D20C00007F005FB032C08
:10669000EFDB0020F4E700004F4B0000DC050000BA
:1066A00041542B534156450010B590B0002424228C
:1066B00018A107A8FEF7DCFA1F48807C1E49497C18
:1066C0001D4A127C1C4BDB7B0293039204910590C4
:1066D0001948807B1849497B009101901648037B3B
:1066E000C27A16A107A80BF0A5F80EE020A2214956
:1066F00007A8FFF751F9012801D110B010BD601CA7
:1067000084B27D20C00007F0C7FA032CEEDB002026
:10671000F3E7000041542B4150504555493D204678
:10672000462046462046452030302030302030304C
:10673000203030203031000024B4002041542B415F
:1067400050504555493D202530327820253032784B
:1067500020253032782025303278202530327820BC
:1067600025303278202530327820253032780000EC
:106770004F4B0000DC05000010B59EB00024402205
:1067800027A10EA8FEF774FA3548C07B3449897BEF
:10679000334A527B324B133BDB7F0A930B920C91B3
:1067A0000D902F481338827F417F007F2C4B133B85
:1067B000DB7E069307AB07C329481338807E284940
:1067C0001339497E264A133A127E254B133BDB7D53
:1067D000029303920491059021481338807D20494B
:1067E0001339497D009101901D481338037DC27C07
:1067F0001C490EA80BF01EF80EE01BA21B490EA8A8
:10680000FFF7CAF8012801D11EB010BD601C84B288
:106810007D20C00007F040FA032CEEDB0020F3E7F8
:1068200041542B4150504B45593D20324220374571
:106830002031352031362032382041452044322065
:10684000413620414220463720313520383820302B
:10685000392043462034462033432C3000000000CA
:1068600037B400208C8103004F4B0000DC05000092
:106870003EB5044600250EA207CA6B4607C3224652
:106880000EA168460AF0D6FF0DE00FA20F49684638
:10689000FFF782F8012800D13EBD681C85B27D203B
:1068A000C00007F0F9F9032DEFDB0020F4E700004A
:1068B00041542B434C4153533D30000041542B4332
:1068C0004C4153533D2564004F4B0000DC05000054
:1068D0007FB504460D4600260FA30FCB03936B46EE
:1068E00007C32B46224610A168460AF0A3FF0EE01C
:1068F00012A213496846FFF74FF8012801D104B0EE
:1069000070BD701C86B27D20C00007F0C5F9032E53
:10691000EEDB0020F3E7000041542B434F4E464985
:10692000524D3D312C33000041542B434F4E4649CC
:10693000524D3D25642C2564000000004F4B0000A3
:10694000DC050000F0B587B004460D46164600276A
:1069500018220FA101A8FEF78BF92B46224612A19F
:1069600001A800960AF066FF0EE014A2144901A8DF
:10697000FFF712F8012801D107B0F0BD781C87B2EB
:106980007D20C00007F088F9032FEEDB0020F3E73D
:1069900041542B465245513D312C32302C3836383B
:1069A000313030303030000041542B465245513D9B
:1069B00025642C25642C2564000000004F4B00004A
:1069C000DC05000010B5002416E00DA20D490EA054
:1069D000FEF7E2FF012809D17D21C9000F48FEF72B
:1069E0006FF900200E490883012010BD601C84B29D
:1069F0007D20C00007F050F9032CE6DB0020F4E70F
:106A00004F4B0000DC05000041542B4A4F494E3DDE
:106A1000312C312C31322C3130000000508C0020D0
:106A20002090002010B500240DE009A209490AA019
:106A3000FEF7B2FF012800D110BD601C84B27D209A
:106A4000C00007F029F9032CEFDB0020F4E7000079
:106A50004F4B0000DC05000041542B4F5441413D99
:106A6000312C30003EB5044600250EA207CA6B4605
:106A700007C322460EA168460AF0DCFE0DE010A214
:106A800010496846FEF788FF012800D13EBD681C0A
:106A900085B27D20C00007F0FFF8032DEFDB00205A
:106AA000F4E7000041542B504F52543D3230000067
:106AB00041542B504F52543D253032780000000095
:106AC0004F4B0000DC05000070B586B004460D4653
:106AD000002614220EA101A8FEF7CAF82B46224672
:106AE00010A101A80AF0A6FE0EE012A2124901A808
:106AF000FEF752FF012801D106B070BD701C86B2AE
:106B00007D20C00007F0C8F8032EEEDB0020F3E77D
:106B100041542B5258323D302C38363935323530CD
:106B20003030000041542B5258323D25642C2564EE
:106B3000000000004F4B0000DC050000014630293A
:106B400005DB392903DC08463038C0B270474129DB
:106B500005DB5A2903DC08463738C0B2F6E720299E
:106B600001D12420F2E7242901D12520EEE72529AF
:106B700001D12620EAE72A2901D12720E6E72B299F
:106B800001D12820E2E72D2901D12920DEE72E2995
:106B900001D12A20DAE72F2901D12B20D6E72C209A
:106BA000D4E77FB506460D4614466A462946304668
:106BB00005F020FA0098A84227D16846C07900283D
:106BC00023D1E007C00F002803D168464079002890
:106BD0001BD1E007C00F002803D068464079012888
:106BE00013D102202040002803D168468079002874
:106BF0000BD102202040002803D06846807901286C
:106C000003D16846007902281DD00295002069460C
:106C1000C873E007C00F002801D1487302E00120CB
:106C20006946487302202040002802D169468873D3
:106C300002E001206946887302206946087302A9B0
:106C4000304605F0C5FA7FBD10B50120800700F081
:106C5000C1FB012000F0ACFB01216B4800F0B0FC4F
:106C600001228021694806F07EF801221146684819
:106C700006F079F8002280216548403007F0FEF8E0
:106C80000022FF2101316248403007F0F7F800226E
:106C9000012149025E48403007F0F0F8002210213F
:106CA0005B48403007F0EAF8002240215848403065
:106CB00007F0E4F8002204215548403007F0DEF8E0
:106CC000002220215248403006F04DF800220821D1
:106CD0004F48403006F047F8012211034C4840303D
:106CE00006F041F80022012189024948403807F0A6
:106CF000C5F80022012189034548403007F0BEF85D
:106D0000002204214248803007F0B8F804214048AE
:106D1000803005F0BDFA002240213D4807F0AEF872
:106D200040213B4805F0B2FA01230222D102384843
:106D3000403005F021F81E20002815DBC206D20ED7
:106D400001219140334A116000BF00BF00BFBFF373
:106D50004F8F00BF00BF00BF00BF00BF00BFBFF329
:106D60006F8F00BF00BF00BF00BF00211E200AF0D0
:106D70002BFE1E20002806DBC206D20E0121914008
:106D8000244A803A116000BF0121082005F05AFA18
:106D90000121022005F056FA1F480078002800D093
:106DA00010BD01201C49087000221C491C480EF02F
:106DB000E6FB00221B491C480EF0E1FB1B4A0321A5
:106DC00017480EF0A9FA1A4A042115480EF0A4FA41
:106DD000184A052112480EF09FFA174A032112485B
:106DE0000EF09AFA154A04210F480EF095FA144A4B
:106DF00005210D480EF090FA09480EF0F1FB0A4803
:106E00000EF0EEFB00BFCBE707000001800D004055
:106E1000400C004080E100E046000020C155010028
:106E2000E4870020D15501000C8800208DB70000B8
:106E3000A1B6000011B70000B9F0000011F0000089
:106E40003DF0000010B500210E4800F0E8F80021E8
:106E50000C4800F02CF900210A4800F034F9002118
:106E6000094800F0ADFB0121084800F0A9FB002211
:106E70004021074807F002F84021054805F006FACE
:106E800010BD0000003001400100000407000001B7
:106E9000400C004010B50121014800F0C0F810BDC1
:106EA000003001400149C8627047000000600140A5
:106EB000012806D10649096880221143044A11605D
:106EC00005E00349096880229143014A1160704737
:106ED00000600140012806D10649096801221143DA
:106EE000044A116005E00349096849084900014A5C
:106EF00011607047006001400146064A106808238F
:106F000002469A43104608220A401043014A106084
:106F10007047000000600140012806D10649C96899
:106F200001221143044AD16005E00349C9684908B8
:106F30004900014AD16070470060014010B500F07F
:106F400023F8002819D000F02BF80C480078401CDA
:106F50000A4908700A480068401C09490860094845
:106F60000068401C0749086004480078052804DDD3
:106F70000020024908700EF049FB10BD7800002087
:106F8000540000204800002004480069C007C00FDA
:106F9000002801D0012070470020FCE7006001407C
:106FA00001200149086170470060014070B5044646
:106FB0000D460121880600F003FB032000F0DEFAF5
:106FC000012000F0C9FA0120FFF772FF0020FFF74F
:106FD00093FF681E00F014F8601EFFF763FF1B208C
:106FE0000AF0A2FC02211B200AF02AFD1B200AF055
:106FF000D3FC0120FFF790FF0120FFF76BFF70BD6E
:107000000149886270470000006001400A468168BB
:107010008908890093079B0F1943816070470129F4
:1070200004D1026840231A43026003E0026840234F
:107030009A430260704710B50A46016810240B4657
:10704000A3431946102313401943016010BD10B526
:107050000A46016820240B46A34319462023134007
:107060001943016010BD012904D1026801231A43AC
:10707000026003E00268520852000260704710B5D7
:107080000A46416830240B46A34319463023134077
:107090001943416010BD10B50A46416880240B4673
:1070A000A3431946802313401943416010BD0129B1
:1070B00004D1426804231A43426003E04268042377
:1070C0009A4342607047012904D1426901231A435F
:1070D000426103E042695208520042617047CAB2FD
:1070E0004262704710B50A46816B20240B46A343C9
:1070F0001946202313401943816310BD10B50A4679
:10710000816B10240B46A3431946102313401943E7
:10711000816310BD10B50A46816B08240B46A3435A
:107120001946082313401943816310BD0A46816B39
:10713000C908C90053075B0F1943816370470A05EB
:10714000120D42637047CAB20261704770B50446BF
:107150000D4601212A4800F033FA00224021294837
:1071600006F08CFE0121284800F02AFA0022402176
:107170002448FFF716FD01224021224805F08AF835
:1071800000212248FFF763FF10212048FFF753FF3B
:1071900000211E48FFF77FFF00211C48FFF736FF44
:1071A00000211A48FFF7CFFF611E1848FFF797FF2D
:1071B000691E1648FFF7C3FF00211448FFF753FF6D
:1071C00020211248FFF75BFF01211048FFF76FFFF6
:1071D00020210E48FFF786FF00210C48FFF78EFFA5
:1071E00000210A48FFF796FF00210848FFF79EFF9D
:1071F00001210648FFF767FFFFF74CFE70BD000056
:1072000007000001400C0040010000040030014074
:1072100000B5024600230020D0601061106050606D
:10722000906000F037FA012811D100F01BFA0346F4
:107230001B0C0F2B02D14048D06008E0072B02D175
:107240003E48D06003E0581C3D494843D06000F000
:10725000EBF901280ED100F0FBF903461B0C581C7A
:1072600038494843106100F0EBF9082802D1106951
:107270004000106100F086FA034600BF002B06D0E4
:10728000012B07D0022B08D0032B0DD108E0D068CA
:1072900010600CE02A48106009E01069106006E0F8
:1072A0000120C003106002E0D068106000BF00BF82
:1072B00000F024FA03461B0A042B06D0052B08D045
:1072C000062B0AD0072B10D10BE010684008506045
:1072D0000EE01068800850600AE01068C008506036
:1072E00006E010680009506002E01068506000BFBE
:1072F00000BF00F01BFA03461B0C042B06D0052B25
:1073000008D0062B0AD0072B10D10BE0506840089C
:1073100090600EE05068800890600AE05068C008F5
:10732000906006E050680009906002E0506890604C
:1073300000BF00BF00BD0000006CDC02005A62020A
:1073400000127A0040420F0010B50446012C02D111
:10735000164803681DE0022C03D114484038C36B63
:1073600017E0032C03D111484038836B11E0042C43
:1073700003D10E484038436B0BE0052C02D10B487B
:10738000836806E0062C02D10848C36801E007487C
:107390000368180CD94389B2884203D1D8B200F0EF
:1073A00097F902E06B2000F093F910BD40FBFF1F3E
:1073B000012806D10649096BC2071143044A11632B
:1073C00005E00349096B49004908014A1163704708
:1073D000002400400146064A106B130502469A43FA
:1073E00010461A460A401043014A106370470000D5
:1073F00000240040012806D10749096B020511430A
:10740000054A116306E00449096B01221205914304
:10741000014A116370470000002400400146064AFB
:10742000106B03231B0402469A4310461A460A4077
:107430001043014A1063704700240040012806D120
:107440000749096B42051143054A116306E00449E7
:10745000096B012252059143014A116370470000F4
:10746000002400400146064A106B03239B04024699
:107470009A4310461A460A401043014A1063704767
:1074800000240040012806D10749096B0207114377
:10749000054A116306E00449096B01221207914372
:1074A000014A116370470000002400400146064A6B
:1074B000106B03231B0602469A4310461A460A40E5
:1074C0001043014A1063704700240040012806D190
:1074D0000749096B02021143054A116306E004499A
:1074E000096BFF2201329143014A1163704700008A
:1074F000002400400146054A106B800880008A077E
:10750000920F1043014A10637047000000240040AE
:10751000012806D10749096B42021143054A11634C
:1075200006E00449096B012252029143014A1163AA
:1075300070470000002400400146064A106B0C23EF
:1075400002469A4310460C220A401043014A106337
:107550007047000000240040012806D10649496B0D
:1075600010221143044A516305E00349496B10227C
:107570009143014A51637047002400400146054A87
:10758000506B800880008A07920F1043014A5063B5
:107590007047000000240040012806D10749496BCC
:1075A00082051143054A516306E00449496B0122F3
:1075B00092059143014A5163704700000024004046
:1075C00030B502460B4600200F2424061440FF2548
:1075D0002D066419002C09D06419002C08D06419F8
:1075E000002C08D06419002C0BD107E00D4809E0ED
:1075F0000C48001D06E00B48083003E009480C3039
:1076000000E000BF00BF00280BD092B201219140E2
:10761000002B03D004680C43046002E004688C4330
:10762000046030BD2024004004480069C007C00F3A
:10763000002801D0012070470020FCE70024004012
:1076400002480069082108407047000000240040FB
:1076500002480069024908407047000000240040C9
:107660000000FF03024840680F21090408407047EA
:10767000002400400146064A50680F231B040246BE
:107680009A4310461A460A401043014A5060704718
:107690000024004004484068C007C00F002801D003
:1076A000012070470020FCE700240040012806D19B
:1076B0000649496801221143044A516005E0034923
:1076C000496849084900014A516070470024004058
:1076D0000146044A9068000A0002CAB21043014AF7
:1076E000906070470024004010B504462068FFF702
:1076F000C1FF2079FFF7DAFF10BD000002480068E3
:107700000721090208407047002400400146064A4C
:10771000106807231B0202469A4310461A460A4085
:107720001043014A1060704700240040024800687E
:107730000721090408407047002400400146064A1A
:10774000106807231B0402469A4310461A460A4053
:107750001043014A1060704700240040012806D100
:107760000749096842061143054A116006E00449C9
:107770000968012252069143014A116070470000D6
:1077800000240040024800684007400F7047000096
:10779000002400400146054A1068C008C0004A079E
:1077A000520F1043014A106070470000002400404F
:1077B00010B504462068FFF7EDFF6068FFF7A6FFED
:1077C000A068FFF7BBFF207BFFF7C8FF10BD0000DC
:1077D000FEB5002700200190002533E000242BE0B7
:1077E0000120661C1DE069016918FE4A8918095DBF
:1077F00011221140002901D1012200E0002269017B
:107800006918F84BC918895D11231940002901D165
:10781000012100E000218A4201D1401C00E004E087
:10782000761CF14909688E42DDDB00BF052801DBCB
:10783000811ECF19741E641CEB480068001FA04213
:10784000CEDC6D1CE84800688542C7DB002533E0CC
:1078500000242BE00120661C1DE061016118E14A53
:107860008918495D11221140002901D1012200E04F
:10787000002271017118DB4BC918495D11231940B1
:10788000002901D1012100E000218A4201D1401CE0
:1078900000E004E0761CD44909688E42DDDB00BFBD
:1078A000052801DB811ECF19741E641CCE480068B8
:1078B000001FA042CEDC6D1CCB4800688542C7DBB0
:1078C00000255BE0002453E068012818C5494018F2
:1078D000005D11210840002801D1012100E00021B4
:1078E000681C42018018BF4A8018005D11221040B8
:1078F000002801D1012000E00020814237D1680139
:107900002818B8494018005D11210840002801D10D
:10791000012100E0002168012818B24A8218601C89
:10792000105C11221040002801D1012000E000204D
:1079300081421CD168012818AA494018005D112114
:107940000840002801D1012100E00021681C42010B
:107950008018A44A8218601C105C11221040002874
:1079600001D1012000E00020814200D1FF1C641CF5
:107970009D480068401EA042A6DC6D1C9A48006825
:10798000401EA8429EDC0025C0E00024B7E0002C89
:1079900009D06801281893494118601E085C11211C
:1079A000084000287ED1680128188E494018005DE3
:1079B00011210840002875D068012818894941180C
:1079C000601C085C1121084000286BD16801281850
:1079D00084494118A01C085C11210840002861D08E
:1079E000680128187F494118E01C085C11210840F3
:1079F000002857D0680128187A494118201D085CD2
:107A000011210840002879D06801281875494118CB
:107A1000601D085C1121084000286FD168012818FA
:107A200070494118A01D085C11210840002865D04C
:107A30006D480068C01FA04209D068012818694934
:107A40004118E01D085C11210840002856D1022C85
:107A500009DB6801281863494118A01E085C112140
:107A60000840002817D1032C09DB680128185D495C
:107A70004118E01E085C1121084000280BD1042C9D
:107A80003BDB6801281857494118201F085C112169
:107A90000840002831D0544800680838A0420CDD66
:107AA000680100E02AE028184E49411820460830B5
:107AB000085C11210840002820D14B480068093893
:107AC000A0420ADD680128184649411820460930BD
:107AD000085C11210840002810D1434800680A388A
:107AE000A0420ADD680128183E49411820460A30A4
:107AF000085C11210840002800D12837641C3A484E
:107B00000068801FA04200DD41E76D1C3648006818
:107B1000854200DA39E70025C5E00024BCE0002CEE
:107B200009D0601E410140182E494018405D1121C6
:107B3000084000287ED1600120182A494018405D85
:107B400011210840002875D0601C410140182549CA
:107B50004018405D1121084000286BD1A01C410154
:107B6000401820494018405D11210840002861D08C
:107B7000E01C410140181B494018405D112108409C
:107B8000002857D0201D4101401816494018405D7B
:107B90001121084000287ED0601D41014018114984
:107BA0004018405D11210840002874D1A01D4101FA
:107BB00040180C494018405D1121084000286AD047
:107BC00009480068C01FA04209D0E01D41014018CB
:107BD00004494018405D1121084000285BD1022C67
:107BE0000EDB03E085F20020D4060020A01E410138
:107BF000401856494018405D11210840002817D10F
:107C0000032C09DBE01E4101401850494018405D3B
:107C10001121084000280BD1042C3BDB201F41011F
:107C200040184A494018405D11210840002831D0D1
:107C3000474800E02FE000680838A0420ADD2046EF
:107C400008304101401841494018405D1121084069
:107C5000002820D13E4800680938A0420ADD2046AD
:107C600009304101401839494018405D1121084050
:107C7000002810D1364800680A38A0420ADD2046A4
:107C80000A304101401831494018405D1121084037
:107C9000002800D12837641C2D480068801FA042AE
:107CA00000DD3CE76D1C2A480068854200DA34E7B5
:107CB000002513E000240CE068012818234940182F
:107CC000005D11210840002802D10198401C01905C
:107CD000641C1F4800688442EEDB6D1C1C48006871
:107CE0008542E7DB1A4A1268524311466423019A1F
:107CF0005A431046FCF720FF3221081A00280DDDF8
:107D0000134A1268524311466423019A5A4310469B
:107D1000FCF712FF3221081A00900DE00C4A12689D
:107D2000524311466423019A5A431046FCF704FF5C
:107D30003221081A4042009005210098FCF7FCFE11
:107D40000A214843C7193846FEBD000085F20020CD
:107D5000D4060020032001218907486070470000F5
:107D6000F8B505460E461746294608A004F03CFF24
:107D7000002404E0315D0AA004F036FF641CBC421C
:107D8000F8DB09A004F030FFF8BD00000A205561BF
:107D900072742044617461205B25735D3A000000B9
:107DA00020253032780000000A00000010B530486D
:107DB0000079C006C00F002831D02D48007910216D
:107DC00088432B490871DC212A48FCF779FF2949AF
:107DD000802015F0B3FE28490870284812F0DCFB1B
:107DE000044625480078401C844210DB01222249C9
:107DF000224812F0E1FC204802781E491F4812F088
:107E0000DBFC1F480078401C1D49087006E01DA1DE
:107E10001EA004F0E9FE1FA004F0E6FE00BF144817
:107E2000C069002804D1401E1149C86103F02CFB31
:107E30000F48006A002804D1401E0D49086203F073
:107E40000DFB194800681949096888420FD808488D
:107E5000C08A3C2148431549096840181249086006
:107E60000348407902218843801C0149487110BDB4
:107E7000E88600201884002031000020FC830020C8
:107E8000300000204552524F520000000A5B25731B
:107E90005D0000004C77726220416C72656164790C
:107EA0002046756C6C00000038000020580000204F
:107EB00010B5D448C08D00287ED1D3480078C007C3
:107EC000C00F002878D0D1480078002823D0D04CAB
:107ED000CE480078401ECD490870DC212046FCF7D2
:107EE000EFFE0122CB49CC4812F0D0FBC948027802
:107EF0002146C94812F0CAFB15F0AEFBC348007812
:107F0000002807D101210903C448FCF7D9FEC24863
:107F100012F01CFC00BFC24840798007C00F002847
:107F20000AD0BF48407902218843BD49487100F01A
:107F30008BF96421B348C185B94840794007C00F27
:107F400000280AD0B648407904218843B4494871D2
:107F500000F026FA6420AB49C885B1480079800753
:107F6000C00F002833D0AE48007902218843AC49C5
:107F70000871DC21A648FCF7A3FEA549032015F0F3
:107F8000DDFDA4490870A44812F006FB0446A14890
:107F90000078401C844212DB01229E499E4812F068
:107FA0000BFC9C4802789A499B4812F005FC9748C4
:107FB0000078401C954900E020E1087006E099A196
:107FC0009AA004F011FE9BA004F00EFE00BF94489E
:107FD00040790007C00F002831D09148407908212E
:107FE00088438F494871DC218948FCF769FE88493C
:107FF000292015F0A3FD87490870874812F0CCFAB4
:10800000044684480078401C844210DB01228149E8
:10801000814812F0D1FB7F4802787D497E4812F0FA
:10802000CBFB7A480078401C7849087006E07DA1B7
:108030007EA004F0D9FD7FA004F0D6FD00BF7848F3
:108040004079C006C00F002831D075484079102112
:10805000884373494871DC216D48FCF731FE6C4957
:108060002A2015F06BFD6B4908706B4812F094FAEA
:10807000044668480078401C844210DB01226549B0
:10808000654812F099FB634802786149624812F032
:1080900093FB5E480078401C5C49087006E061A1D3
:1080A00062A004F0A1FD63A004F09EFD00BF5C4847
:1080B00040798006C00F002831D0594840792021EE
:1080C000884357494871DC215148FCF7F9FD504974
:1080D0002B2015F033FD4F4908704F4812F05CFA21
:1080E00004464C480078401C844210DB0122494978
:1080F000494812F061FB474802784549464812F06A
:108100005BFB42480078401C4049087006E045A1EE
:1081100046A004F069FD47A004F066FD00BF40489A
:1081200040794006C00F002831D03D4840794021B9
:1081300088433B494871DC213548FCF7C1FD34498F
:108140002D2015F0FBFC33490870334812F024FA57
:10815000044630480078401C844210DB01222D493F
:108160002D4812F029FB2B48027829492A4812F0A1
:1081700023FB26480078401C2449087006E029A10A
:108180002AA004F031FD2BA004F02EFD00BF2448EE
:108190004079C009002831D02148407980218843A6
:1081A0001F494871DC211A48FCF78AFD18492C2028
:1081B00015F0C4FC17490870174812F0EDF9044691
:1081C00014480078401C844210DB012211491248F7
:1081D00012F0F2FA0F4802780D490F4812F0ECFA4B
:1081E0000A480078401C0949087006E00DA10FA05C
:1081F00004F0FAFC0FA004F0F7FC00BFFFF7D6FD77
:1082000010BD0000208C002024B40020300000208D
:108210001884002031000020FC830020FC73002023
:10822000E88600204552524F520000000A5B257339
:108230005D0000004C77726220416C726561647968
:108240002046756C6C00000070B5524D0024DC2196
:108250002846FCF735FD00204F49087029460120CB
:1082600015F06CFC04462D194B48007800194A495A
:1082700008702946812015F061FC04462D194648F6
:108280000078001944490870444880798007C00F7D
:1082900000280AD02946032015F050FC04462D1969
:1082A0003D48007800193C4908702946292015F0FE
:1082B00045FC04462D1938480078001936490870E5
:1082C00029462A2015F03AFC04462D193248007838
:1082D00000193149087029462B2015F02FFC04465F
:1082E0002D192D48007800192B49087029462C209B
:1082F00015F024FC04462D1927480078001926495A
:10830000087029462D2015F019FC04462D19224825
:1083100000780019204908702946052015F00EFC48
:1083200004462D191C48007800191B49087029467D
:10833000862015F003FC04462D1917480078001913
:1083400015490870154800790221884313490871BE
:108350000846407908218843104948710846407909
:10836000102188430D4948710846407940218843CF
:108370000A49487108464079802188430749487175
:1083800008464079202188430449487115F064F972
:1083900070BD00001884002031000020E886002015
:1083A00070B53D4D0024DC212846FCF789FC0020F7
:1083B0003A4908702946092015F0C0FB04462D19DA
:1083C0003648007800193549087029460A2015F00A
:1083D000B5FB04462D193148007800192F49087063
:1083E0002946202015F0AAFB04462D192B480078B9
:1083F00000192A49087029461A2015F09FFB0446E7
:108400002D19264800780019244908702946212092
:1084100015F094FB04462D192048007800191F49D7
:1084200008702946192015F089FB04462D191B48B0
:10843000007800191949087029461B2015F07EFBA9
:1084400004462D191548007800191449087029466A
:108450001C2015F073FB04462D19104800780019F4
:108460000E49087029461D2015F068FB04462D1999
:108470000A48007800190949087029461E2015F09D
:108480005DFB04462D190548007800190349087062
:1084900015F0E2F870BD00001884002031000020C3
:1084A00010B5102007F09AFB012007F0D1FBFF2147
:1084B0000131024803F0ECFE10BD0000000D004049
:1084C000F8B5FF262D36322700201D49087300F02D
:1084D0002FFB242007F082FB002512E000240CE093
:1084E0001748C07A002803D0FF2007F0B1FB02E054
:1084F000002007F0ADFB601C84B2BC42F0DB681CBE
:1085000085B2B542EADB262007F068FB002512E0C1
:1085100000240CE00A48C07A002803D0FF2007F0AE
:1085200097FB02E0002007F093FB601C84B2BC4282
:10853000F0DB681C85B2B542EADB00F097FBF8BDC2
:10854000E8860020F7B586B007463D4607980590B7
:108550000898C0B2049000240126002003904648E9
:10856000C07A002802D0FF2003900026E000434993
:108570004018807801960090E00040184378E000B1
:108580004018406802902946059A05F0F7FFE00080
:108590003A4940184078401985B2A81C85B201209C
:1085A0000090E0004018817805980818C01E80B23D
:1085B0000223029001462846039A06F003FAA81CFB
:1085C00085B264210498FCF7B7FAC4B2E0002B49E5
:1085D0004018807801960090E00040184378E00051
:1085E0004018406802902946059A05F0C7FFE00050
:1085F000224940184078401985B20A210498FCF7B6
:108600009BFA0A210290FCF797FACCB2E0001B49D2
:108610004018807801960090E00040184378E00010
:108620004018406802902946059A05F0A7FFE0002F
:10863000124940184078401985B20A210498FCF785
:108640007BFACCB2E0000D4940188078019600908A
:10865000E00040184378E000401840680290294646
:10866000059A05F08BFFE000044940184078401956
:1086700085B209B0F0BD0000E88600206804002043
:10868000F7B58AB00646144637460B980990002085
:1086900008900025069007900120059004904E4810
:1086A000C07A002801D000200490002C6CDD092C39
:1086B00008DC0A212046FCF73FFAC8B26946087672
:1086C00001200590632C0FDC0A212046FCF734FAC8
:1086D000C1B2684601760A212046FCF72DFA6846A9
:1086E0004176022005904FE03C48844219DC642129
:1086F0002046FCF721FAC1B2684601760A212046DD
:10870000FCF71AFA0A210390FCF716FA684641763C
:108710000A212046FCF710FA68468176032005906E
:1087200032E02F48844224DC7D21C9002046FCF73A
:1087300003FAC1B26846017664212046FCF7FCF9D1
:108740000A210390FCF7F8F9684641760A21204691
:10875000FCF7F2F90A210390FCF7EEF968468176FE
:108760000A212046FCF7E8F96846C1760420059006
:108770000AE01B48844207DD0921684601764176FC
:108780008176C176042005901EE00898411CC9B28C
:10879000089106A90D5CE900124A891889780498A5
:1087A00000910190E800114640184378E800401815
:1087B000406803903946099A05F0E0FEE80009494F
:1087C00040184078C01987B20598411EC9B205917A
:1087D0000028DAD10DB0F0BDE8860020E7030000E4
:1087E0000F27000068040020F7B588B0074614463C
:1087F0003D4609980790002006900026059001202C
:10880000049003903748C07A002801D000200390DC
:10881000002C3FDB092C0CDC0A212046FCF78CF9EC
:10882000C8B269460875012004902846143085B204
:1088300030E0632C12DC0A212046FCF77DF9C1B23E
:10884000684601750A212046FCF776F968464175AD
:108850000220049028460A3085B21BE02248844258
:1088600018DC64212046FCF767F9C1B2684601753F
:108870000A212046FCF760F90A210290FCF75CF916
:10888000684641750A212046FCF756F9684681750D
:10889000032004901EE00698411CC9B2069105A968
:1088A0000E5CF100114A89188978039800910190B3
:1088B000F000114640184378F000401840680290DC
:1088C0002946079A05F05AFEF000084940184078FA
:1088D000401985B20498411EC9B204910028DAD12A
:1088E0000BB0F0BDE8860020E7030000680400201C
:1088F000FFB587B0109F079D08980690012004904F
:10890000002003904148C07A002803D0FF20039044
:10891000002004900A990998FCF7F8F8C0B2059075
:108920000A210A98FCF708F9014601900998FCF71A
:10893000EDF80A210290FCF7E9F80E460A210598A5
:10894000FCF7FAF8C4B2E100314A89188978049832
:1089500000910190E000114640184378E000401873
:10896000406802902946069A05F008FEE000284972
:1089700040184078401985B20A210598FCF7DCF8C8
:10898000CCB2E100224A89188978049800910190BC
:10899000E000114640184378E0004018406802901B
:1089A0002946069A05F0EAFDE0001949401840788A
:1089B000401985B2002F27DDE81985B2012000900B
:1089C000E0004018817806980818C01E80B23B4627
:1089D000029001462846039A05F0F4FFE81985B293
:1089E0003446E1000A4A8918897804980091019078
:1089F000E000114640184378E000401840680290BB
:108A00002946069A05F0BAFD0BB0F0BDE8860020B5
:108A100068040020FEB50746FF202D300190322665
:108A2000002000902349087306F06AFA002832D02B
:108A3000242007F0D3F800240FE0002509E02046A9
:108A40007043401900900099785C07F001F9681CA8
:108A500085B2B542F3DB601C84B201988442ECDB42
:108A6000262007F0BBF800240FE0002509E020468F
:108A70007043401900900099785C07F0E9F8681C91
:108A800085B2B542F3DB601C84B201988442ECDB12
:108A900000F0ECF80DE00748807940084000401CE9
:108AA00004498871002088730022202102480CF0BC
:108AB00057F8FEBDE8860020D4730020FEB50646B8
:108AC000FF202D300190322700200090242007F055
:108AD00085F806F015FA002817D000240FE00025CD
:108AE00009E020467843401900900099705C07F037
:108AF000AFF8681C85B2BD42F3DB601C84B20198FC
:108B00008442ECDB00F0BFF80DE0074880794008B4
:108B10004000401C044988710020887300222021F5
:108B200002480CF01DF8FEBDE8860020D47300203A
:108B300010B500F053F800F081F8122007F04EF85D
:108B400006F0A6F9012007F049F82B2007F080F87D
:108B5000012007F07DF8002007F07AF8112007F0D7
:108B60003DF8012007F074F8442007F037F80020A2
:108B700007F06EF8312007F06BF8452007F02EF86B
:108B80002B2007F065F8012007F062F8002007F0BD
:108B90005FF8002007F05CF83C2007F01FF8012088
:108BA00007F056F8212007F019F8002007F050F8D8
:108BB000182007F013F8802007F04AF84E2007F03D
:108BC0000DF8002007F044F84F2007F007F82B209D
:108BD00007F03EF8012007F03BF810BD10B5012169
:108BE0001448FEF7EDFC00220421134805F046F975
:108BF0000022FF210131104805F040F90022202118
:108C00000D4805F03BF9002280210B4805F036F9AC
:108C100000221021084805F031F9002208210648F9
:108C200004F0A1F8012189030348803803F02EFBEA
:108C300010BD000007000001000D004010B510211C
:108C4000094803F023FB0421074803F01FFB05201C
:108C50000AF0D2FF0421044803F01AFB0A200AF0AC
:108C6000CBFF06F015F910BD000D004010B5222015
:108C700006F0B4FFF72006F0EBFF202006F0AEFF71
:108C800006F006F910BD10B5222006F0A7FFFF2060
:108C900006F0DEFF202006F0A1FF06F0F9F810BD77
:108CA00010B5FFF745FFFFF70BFCFFF7F9FB0020BE
:108CB0000149887310BD0000E8860020F0B59BB024
:108CC00048481A904849FBF7FBFF282247A110A803
:108CD000FBF7CEFFFF2600200F904E48C07A0028F9
:108CE00002D00026FF200F9000204A498873B42349
:108CF000FF222D32FF21913100961A9805F06AFF6C
:108D0000304605F0F9FB1A9805F09CFF182242A1A5
:108D100009A8FBF7ADFF4648807A4549497A444A9D
:108D2000127A434BDB7903930492059106904048F5
:108D3000817940793E4A12790092029101903C4833
:108D4000C3783CA2182109A808F058FD09AB43A23A
:108D5000282110A808F052FD10A801F065FA32276A
:108D60008A20089000242DE0002528E060012018CA
:108D70003F494018405D002810D001200090A0001D
:108D80002018C01981B2A8002A180898101880B2BB
:108D9000052307900F9A05F015FE0FE001200090C3
:108DA000A0002018C01981B2A8002A18089810182D
:108DB00080B205233246079005F004FE6D1C212D7C
:108DC000D4DB641C212CCFDB0F982A4B09AAC821C5
:108DD00001960090022005F099FE0248FFF71AFE66
:108DE0001BB0F0BDE8B50020983A0000484B542075
:108DF0004149522053454E534F52200D0A44657647
:108E00004555493A313233343536373831323334D7
:108E100035373800E88600204465764555493A31B3
:108E20003233343536373831323334353738390028
:108E300024B400204465764555493A2530325825FA
:108E400030325825303258253032582530325825A6
:108E5000303258253032582530325800484B542093
:108E60004149522053454E534F520D0A257300007D
:108E700085F20020E80400207CB5154D15492846F0
:108E8000FBF71EFFFF2400261348C07A002801D0FC
:108E90000024FF26002010498873B423FF222D32BE
:108EA000FF2191312846009405F094FE204605F0FC
:108EB00023FB284605F0C6FE084B09A296211E207A
:108EC0000096019405F022FE0148FFF7A3FD7CBD4A
:108ED000E8B50020983A0000E8860020E804002069
:108EE0004669726D77617265205570646174696E50
:108EF000672E2E2E000000007CB5154D1549284622
:108F0000FBF7DEFEFF2400261348C07A002801D0BC
:108F10000024FF26002010498873B423FF222D323D
:108F2000FF2191312846009405F054FE204605F0BB
:108F3000E3FA284605F086FE084B09A29621782020
:108F40000096019405F0E2FD0148FFF763FD7CBD4A
:108F5000E8B50020983A0000E8860020E8040020E8
:108F60004C6F6164202E2E2E2E2E2E0000B59BB04D
:108F7000FE481990FF202D301890322017900020C5
:108F80001690FB49F948FBF79BFEFF201590002047
:108F9000149001201390F748C07A002805D00020D3
:108FA0001590FF201490002013901598B423FF22F1
:108FB0002D32FF2191310090199805F00BFE159884
:108FC00005F09AFA199805F03DFE00210122149847
:108FD0002423019202910090FF2291321946002031
:108FE00005F0D4FB002101221498FF232D330192B8
:108FF00002910090FF221B322421104605F0C6FB8F
:10900000DC4880798007C00F00284AD0DA48007811
:109010000A280BDA0F21139818230A4600910190B1
:10902000FF213B31D54805F0A9FA3AE0D248007853
:109030001E280BDA0F21139818230A46009101907D
:10904000FF213B31CE4805F099FA2AE0CA48007862
:109050003C280BDA0F21139818230A46009101903F
:10906000FF213B31C74805F089FA1AE0C248007871
:109070005A280BDA0F21139818230A460091019001
:10908000FF213B31C04805F079FA0AE00F2113981F
:1090900018230A4600910190FF213B31BB4805F09F
:1090A0006DFABB480078C007C00F00280BD0102114
:1090B000139818230F2200910190FF216531B548C4
:1090C00005F05CFA0AE01021139820230F2200918A
:1090D0000190FF216531B04805F050FA3C20129014
:1090E0001298B9301190FF200930109090200F9005
:1090F0001298401D0E901298401D0D9000200C906B
:109100000B909C48807A002804D001287ED0022849
:109110007DD1FDE3172113981023AD22009101901A
:10912000FF2125319D4805F029FA172113981023B6
:10913000F02200910190FF212531994805F01EFA97
:109140008C48407B012821D18A48C4304069019075
:10915000FCF7BEF8934A944B03910290FBF7C6FFCD
:109160000022924B05910490FBF70CFF07910690AB
:10917000FCF7FEF8089002207D23DB000090C3215D
:10918000FF203C30089AFFF7B3FB0DE0022000906F
:109190007848C43040697D23DB000246C321089033
:1091A000FF203C30FFF7A4FB022000907148C43040
:1091B00080697D23DB000246FF2107310890FF20F4
:1091C0003C30FFF795FB6B48407B01280BD1112108
:1091D00013981023B42200910190FF217831744834
:1091E00005F0CCF90AE0112113981023B422009164
:1091F0000190FF2178316F4805F0C0F911211398D3
:109200001023FA2200910190FF2101E0A4E1F5E38F
:109210007831694805F0B2F9002101221498A82399
:10922000019202910090FF2291321946FF201B30DB
:1092300005F0ACFA002101221498EA230192029170
:109240000090FF2291321946FF201B3005F09EFA54
:109250004848E4300078002804D0012819D00228BA
:109260002ED12EE02521139828234C220091019025
:10927000FF214331514805F081F9122113986823E9
:109280007A2200910190FF2128314D4805F076F9AE
:109290002EE02521139828234C2200910190FF21D4
:1092A0004331484805F06AF91221139860237A2265
:1092B00000910190FF212D31434805F05FF917E03F
:1092C00000BF2521139828234C2200910190FF21F3
:1092D00043313E4805F052F9122113983C237A227B
:1092E00000910190FF213A31394805F047F900BF5C
:1092F00000BF002101221498019202910090129A5D
:1093000010460F9B109905F041FA00210122149894
:10931000019202910090119A10460F9B109905F04E
:1093200035FA002101221498019202910090109BBD
:109330001946119A129805F029FA12211398202340
:109340003C22009101901421224805F017F90948A8
:10935000C43000897D21C900884249DB0548C430FA
:1093600000891D49884243DA172137E0E8B500201B
:10937000983A0000E88600201400002043F4020020
:1093800016F40200E9F30200BCF302008FF30200BE
:1093900024B40020CCF40200FCF402009EF402008D
:1093A00070F40200CDCCCCCCCCCCFC3F0040DF40F4
:1093B0007CF202005AF202009EF202003CF502002A
:1093C000E5FD0200F5F50200CFFE0200AEF6020058
:1093D000A7FF0200DBF80200DC0500001398182349
:1093E0003722009101904621FE4805F0C7F80EE0B3
:1093F000FD480089FD49884209DB1721139818238D
:109400003722009101904621F94805F0B7F8F64857
:10941000008902465A2108907820FFF731F90C2183
:1094200013981823642200910190D221F14805F08D
:10943000A5F8002101221498019202910090129A3D
:1094400010460F9B109905F0A1F9002101221498F4
:10945000019202910090119A10460F9B109905F00D
:1094600095F9002101221498019202910090109B1D
:109470001946119A129805F089F9159914980191D5
:1094800000901298323880B2DB4B1922920108907A
:109490000F9905F021FA15991498019100901098F0
:1094A000103880B208901298273880B2D24BFF2231
:1094B00091320790089905F00FFA00200B9047E0D1
:1094C0000B984100C848A038405AFF21913188428A
:1094D00002DA01200C9018E00B984100C248A03835
:1094E000405A1921890188420DDA0B984100BE4883
:1094F000A038405AFF3891380A210890FBF71CFB2E
:1095000080B20C9001E078200C900C991098401AD1
:1095100080B20D900B984100B348A038405A002803
:109520000FD000210222149801920291009010980D
:10953000401E80B2034608900E9A10460D9905F021
:1095400025F90E98401D80B20E900B98401C0B9090
:109550000B982428B4DBE9E2172113981023AD22DD
:1095600000910190FF212531A44805F007F817214B
:1095700013981023F02200910190FF212531A0487B
:1095800004F0FCFF9848C438407B012820D196485D
:1095900040690190FBF79CFE9A4A9B4B0391029015
:1095A000FBF7A4FD0022994B05910490FBF7EAFC20
:1095B00007910690FBF7DCFE089002207D23DB007C
:1095C0000090C321FF203C30089AFFF791F90CE08E
:1095D00002200090844840697D23DB000246C321BD
:1095E0000890FF203C30FFF783F9022000907E486E
:1095F00080697D23DB000246FF2107310890FF20B0
:109600003C30FFF775F97848C438407B01280BD10E
:10961000112113981023B42200910190FF21783179
:109620007B4804F0ABFF0AE0112113981023B42209
:1096300000910190FF217831764804F09FFF1121BD
:1096400013981023FA2200910190FF21783172487B
:1096500004F094FF002101221498A82301920291A2
:109660000090FF2291321946FF201B3005F08EF842
:10967000002101221498EA23019202910090FF2216
:1096800091321946002005F081F80021012214983A
:10969000FF232D330192029100905E22EA211046B1
:1096A00005F074F8002101221498FF232D33019254
:1096B00002910090BC22EA21104605F067F84A4862
:1096C00020300078002804D0012819D002282ED19B
:1096D0002EE02521139828234C2200910190FF2190
:1096E00043314E4804F04AFF1221139868237A222E
:1096F00000910190FF212831494804F03FFF2EE0FE
:109700002521139828234C2200910190FF214331F9
:10971000444804F033FF1221139860237A22009109
:109720000190FF212D31404804F028FF17E000BFD1
:109730002521139828234C2200910190FF214331C9
:109740003A4804F01BFF122113983C237A2200911F
:109750000190FF213A31364804F010FF00BF00BFEE
:10976000CC2010907C200F901221139820233C22B3
:109770000091019014212F4804F000FF1A4800893D
:109780007D21C90088420FDB1748008917498842AC
:109790000ADA1721139818233722009101904621E5
:1097A000104804F0EBFE0EE00F4800890F49884294
:1097B00009DB1721139818233722009101904621C5
:1097C0000B4804F0DBFE084800890246502108904F
:1097D0007820FEF755FF0C21139818235A22009188
:1097E000019029E0C0F20200AC870020DC050000F7
:1097F0004AF3020085FD0200E00400209EF402000E
:1098000070F40200CDCCCCCCCCCCFC3F0040DF408F
:109810007CF202005AF202009EF202003CF50200C5
:10982000E5FD0200F5F50200CFFE0200AEF60200F3
:10983000A7FF0200DBF80200D221FE4804F09EFEE2
:10984000002101221498019202910090129A104670
:109850000F9B109904F09AFF0021012214980192A5
:1098600002910090119A10460F9B109904F08EFF00
:10987000002101221498019202910090109B194638
:10988000119A129804F082FF159914980191009092
:109890001298323880B2E84B1922920108900F9941
:1098A00005F01AF815991498019100901098103845
:1098B00080B208901298273880B2DF4BFF22913295
:1098C0000790089905F008F800200B904FE00B98DE
:1098D0004100DA48405AFF219131884202DA0120E2
:1098E0000C9022E00B984100D448405A192189017C
:1098F000884218DA0B984100D048405AFF38913816
:10990000400003210790FBF717F90A21089000E0B7
:109910000DE1FBF711F980B20C900C98012804DAE4
:1099200001200C9001E050200C900C991098401AE6
:1099300080B20D900B984100C048405A00280FD0CB
:109940000021022214980192029100901098401E6A
:1099500080B2034608900E9A10460D9904F016FF47
:109960000E98401D80B20E900B98401C0B900B98E7
:109970002428ACDB0A2113982823FA2200910190B5
:109980001921AF4804F0FAFDAC48A03080790300FB
:1099900007F0A5FF0604101C2835414D0D21139832
:1099A0002023FF221432009101901D21A54804F0CC
:1099B000E5FD3DE00D2113982023FF221432009194
:1099C00001901D21A04804F0D9FD31E00D2113982C
:1099D0002023FF221432009101901D219B4804F0A6
:1099E000CDFD25E00D2113982023FF221432009194
:1099F00001901D21964804F0C1FD19E0C7E30D2137
:109A000013982023FF221432009101901D219148C8
:109A100004F0B4FD0CE00D2113982023FF22143232
:109A2000009101901D218C4804F0A8FD00E000BFCA
:109A300000BF162113981823F5220091019082216E
:109A4000864804F09BFD7D48A030007C030007F0B1
:109A500046FF0604101C2834404C0D211398202387
:109A6000FF221432009101907F21764804F086FD98
:109A70003CE00D2113982023FF2214320091019025
:109A80007F21714804F07AFD30E00D2113982023E6
:109A9000FF221432009101907F216C4804F06EFD8A
:109AA00024E00D2113982023FF221432009101900D
:109AB0007F21674804F062FD18E00D2113982023F0
:109AC000FF221432009101907F21624804F056FD7C
:109AD0000CE00D2113982023FF22143200910190F5
:109AE0007F215D4804F04AFD00E000BF00BF122165
:109AF00013981823F52200910190BE21584804F0D4
:109B00003DFD0A2113981823FF221F320091019076
:109B1000FC21544804F032FD48489C3080880246BD
:109B2000FF2107310890D220FEF7AAFD30E317216C
:109B300013981023AD2200910190FF2125314A484E
:109B400004F01CFD172113981023EF2200910190BF
:109B5000FF212531454804F011FD38482438407B69
:109B6000012821D13548A03040690190FBF7B0FBB6
:109B70003F4A404B03910290FBF7B8FA00223E4B5C
:109B800005910490FBF7FEF907910690FBF7F0FBB7
:109B9000089002207D23DB000090C321FF203C3091
:109BA000089AFEF7A5FE0DE0022000902348A030A1
:109BB00040697D23DB000246C3210890FF203C3032
:109BC000FEF796FE022000901C48A03080697D239D
:109BD000DB000246FF2107310890FF203C30FEF7F2
:109BE00087FE16482438407B01280BD11121139899
:109BF0001023B42200910190FF2178311F4804F016
:109C0000BDFC0AE0112113981023B42200910190A9
:109C1000FF2178311A4804F0B1FC11211398102368
:109C2000FA2200910190FF217831164804F0A6FC39
:109C3000002129E085FD0200E00400200C870020BF
:109C4000A9F80200A5F90200D9F902000DFA0200F4
:109C500041FA020075FA0200A9FA020067F7020051
:109C6000A9F7020087FB02009EF4020070F40200D4
:109C7000CDCCCCCCCCCCFC3F0040DF407CF2020011
:109C80005AF202009EF20200012214986623019209
:109C900002910090FF2291321946FF201B3004F000
:109CA00075FD002101221498A823019202910090D1
:109CB000FF2291321946FF201B3004F067FD00217E
:109CC00001221498EA23019202910090FF2291321E
:109CD0001946002004F05AFD002101221498FF23A8
:109CE0002D330192029100905E22EA21104604F089
:109CF0004DFD002101221498FF232D330192029182
:109D00000090BC22EA21104604F040FD0A2113987D
:109D10002823292200910190FF212531FE4804F0DB
:109D20002DFC0A2113982823292200910190FF215C
:109D30006531FA4804F022FCF948808C0A90F84812
:109D4000C08C0990F7490A98884201DD08460A90BC
:109D5000F4490998884201DD084609903D21FF2019
:109D60001E300A9AFEF740FD3D21FF205A30099A25
:109D7000FEF73AFD0A2113982823552200910190FD
:109D8000FF216631E84804F0F9FBE548808D80B298
:109D900002467F210890FF203C30FEF7D3FB0A21CA
:109DA000139830236B2200910190FF212531DF4869
:109DB00004F0E4FB0A2113982823962200910190D5
:109DC000FF216631DA4804F0D9FBCC2010907C20CA
:109DD0000F901221139820233C220091019014210E
:109DE000D44804F0CBFBCE4800897D21C9008842CD
:109DF0000FDBCB480089D04988420ADA1721139833
:109E000018233722009101904621CC4804F0B6FB7C
:109E10000EE0C3480089C849884209DB172113981E
:109E200018233722009101904621C54804F0A6FB73
:109E3000BB4800890246502108907820FEF720FC9C
:109E40000C21139818235A2200910190D221BD4869
:109E500004F094FB002101221498019202910090D9
:109E6000129A10460F9B109904F090FC00210122D9
:109E70001498019202910090119A10460F9B10992C
:109E800004F084FC002101221498019202910090B8
:109E9000109B1946119A129804F078FC15991498A1
:109EA000019100901298323880B2A74B192292018A
:109EB00008900F9904F010FD1599149801910090E5
:109EC0001098103880B208901298273880B29E4BB4
:109ED000FF2291320790089904F0FEFC00200B90BD
:109EE0004CE00B9841008E48A038405AFF21913138
:109EF000884202DA01200C901DE00B98410088484E
:109F0000A038405A19218901884212DA0B98410081
:109F10008348A038405AFF38913840000321079009
:109F2000FAF70AFE0A210890FAF706FE80B20C90B2
:109F300001E050200C900C991098401A80B20D90BE
:109F40000B9841007648A038405A00280FD00021D5
:109F5000022214980192029100901098401E80B243
:109F6000034608900E9A10460D9904F00FFC0E98C7
:109F7000401D80B20E900B98401C0B900B9824282B
:109F8000AFDB0A2113982823FA22009101901921AE
:109F90006E4804F0F3FA62488079030007F09FFCF2
:109FA0000604101C2834404C0D2113982023FF2256
:109FB0001432009101901D21654804F0DFFA3CE065
:109FC0000D2113982023FF221432009101901D21AE
:109FD000604804F0D3FA30E00D2113982023FF22CB
:109FE0001432009101901D215B4804F0C7FA24E06F
:109FF0000D2113982023FF221432009101901D217E
:10A00000564804F0BBFA18E00D2113982023FF22D4
:10A010001432009101901D21514804F0AFFA0CE078
:10A020000D2113982023FF221432009101901D214D
:10A030004C4804F0A3FA00E000BF00BF16211398BB
:10A040001823F522009101908221474804F096FAE6
:10A050003348007C030007F042FC0604101C28343F
:10A06000404C0D2113982023FF22143200910190BF
:10A070007F21374804F082FA3CE00D211398202319
:10A08000FF221432009101907F21324804F076FAC9
:10A0900030E00D2113982023FF221432009101900B
:10A0A0007F212D4804F06AFA24E00D211398202323
:10A0B000FF221432009101907F21284804F05EFABB
:10A0C00018E00D2113982023FF22143200910190F3
:10A0D0007F21234804F052FA0CE00D21139820232D
:10A0E000FF221432009101907F211E4804F046FAAD
:10A0F00000E000BF00BF122113981823F522009141
:10A100000190BE21194804F039FA0A211398182346
:10A11000FF221F3200912BE045F8020077F8020081
:10A12000AC870020E7030000DDFA0200DFF7020041
:10A130000FFB0200DBF80200DC050000C0F20200A9
:10A140004AF3020085FD0200E0040020A9F80200A5
:10A15000A5F90200D9F902000DFA020041FA020045
:10A1600075FA0200A9FA020067F70200A9F70200D7
:10A170000190FC21204804F001FA20488088024622
:10A18000FF2107310890D220FEF77AFA00BF00BF06
:10A1900000BF1BA11BA002F027FD1848C038807B20
:10A1A0000146089019A002F01FFD1448C038808AAB
:10A1B000052803DA05201149C03988820F48C038C4
:10A1C000807B012808DB0D48C038807B062803DC33
:10A1D0001448FEF773FC06E000200849C039887374
:10A1E0001048FEF717FC0548C038807B401C034927
:10A1F000C03988731BB000BD87FB0200A887002010
:10A200004C4F47000A5B25735D0000004550442019
:10A2100057696C6C205570646174652E2E2E202554
:10A2200064000000E8B50020F1B590B001200F9067
:10A230000E90EC2008900027002600200D90B449D5
:10A240000860B44908600D98002801DD0D9802E00F
:10A250001098FAF754FD0C900C98002801D111B019
:10A26000F0BD0C9A10990F9802F074F80B900B98AF
:10A27000002800D1F3E70F98002803D1A6490B98D6
:10A28000086010E00F990B98884203DCA2490F98F0
:10A29000086008E00E98002803D09F490B980860DA
:10A2A00001E00020DBE79C4800684A2148439B49C5
:10A2B0004018001D964909684900405A0A900A98BA
:10A2C000C00097490968401A042801DD042004E011
:10A2D0000A98C00092490968401A09900998002814
:10A2E00007DD00218E48099A006805F019FE8C49A7
:10A2F00008608B490968C81DC117490F0918CC109F
:10A300000AE08849089808550898EC2801D11120DE
:10A3100000E0EC200890641C0A988442F1DB7E483F
:10A3200000684A2148437D49401840887E490860BA
:10A33000084601687D48FAF7C3FC774800684A215F
:10A340004843764940181A3071490968062251433A
:10A35000405A0790704800684A2148436F494018A6
:10A3600032306B4909685143415A06910699079862
:10A3700040180590684800684A21484367494018DA
:10A380001A30634909685143401880880490624834
:10A3900000684A2148436149401832305C490968E5
:10A3A0005143401880880390002410E0002509E004
:10A3B00038467F1C5B49095C0598684380195B4AF5
:10A3C00011546D1C04988542F2DB761C641C0798BE
:10A3D0008442EBDB00241EE0002517E00498854250
:10A3E00009DA38467F1C4F49095C05986843801993
:10A3F0004E4A115409E038467F1C4A490A5C0499C8
:10A4000005984843001949490A546D1C0398854230
:10A41000E4DB761C641C06988442DDDB3E48006861
:10A420004A2148433D4940181A30394909680622F3
:10A430005143401841880498081A02903648006831
:10A440004A2148433549401832303149096851435F
:10A45000401841880398081A01900027002600241C
:10A4600021E099213248FAF72BFC2E48C1193048D7
:10A47000049AFAF7FDFB2E48029A049901F0E0FFD6
:10A48000002509E02A48425D059868430A9940186A
:10A49000801926490A546D1C02988542F2DB049803
:10A4A0003F18761C641C07988442DADB002421E004
:10A4B00099211F48FAF704FC1A48C1191C48039A4D
:10A4C000FAF7D6FB1A48019A039901F0B9FF002563
:10A4D00009E01748425D059868430A9940188019B9
:10A4E00012490A546D1C01988542F2DB03983F180B
:10A4F000761C641C06988442DADB074800688000FA
:10A5000011300C49086001F0A3F90120A7E6000012
:10A51000E4060020F0060020E80600204C67030057
:10A52000D8060020C6F60020E006002076FB0020BA
:10A5300006FD0020D4060020F7B588B000240020D6
:10A540000590FF219131FE48FAF7BAFB002005463D
:10A55000FC49086045E00998401EA84209DD6F1CCF
:10A56000089AD15D505D02F05BFC002801D0032306
:10A5700010E00899485D02F06CFC002801D000232F
:10A5800008E00899485D02F028FC002801D001236A
:10A5900000E00223002D01D1EB480370EA48E949AD
:10A5A0000968405C984206D0E6480068401CE549CE
:10A5B0000860E5490B54E248E2490968405C401CE8
:10A5C000C1B2DF48DF4A12688154032B08D1DD494C
:10A5D0000968405C401CDA49DA4A126888546D1CEC
:10A5E0006D1C09988542B6DBD6480068401CD549E9
:10A5F000086065E100200190D348005D002804D187
:10A60000D149601C085C012808D0CF48005D0128B2
:10A610007ED1CD49601C085C0028F9D1C84A115D83
:10A62000C94A105D0A9A01F043FE0746C44A601CFD
:10A63000115CC54A135C18460A9A01F039FE3918B4
:10A640000791BF48025D0346601C185C1118012089
:10A650000A9A01F02DFE069007990698814257DD6F
:10A66000012C28DB601EB849085C022823D1601E3B
:10A67000B34A105C125D811802200A9A01F018FE9C
:10A680000746AF4A601C115CAF4A135C18460A9A31
:10A6900001F00EFE38180390601EA94A115C0220DA
:10A6A0000A9A01F005FE069941180398814204DADE
:10A6B0000020039001E000200390A2480068801E63
:10A6C000A04229DDA049A01C085C022824D19C4A94
:10A6D000115D9D4A105D0A9A01F0EAFD0746984A0D
:10A6E000601C105CA31CD25C811802200A9A01F045
:10A6F000DFFD38180290924AA01C115C02200A9AD1
:10A7000001F0D6FD069941180298814206DA00E070
:10A71000D4E00020029001E000200290039800287D
:10A720000CD00298002809D002990398884202DAD6
:10A730000020C04300E0012001900CE003980028B5
:10A7400002D00020C04305E00298002801D001207B
:10A7500000E0002001900198002840D00198401CA2
:10A76000002819D1601E7649085C095D4018C1B205
:10A77000601E734A1154254608E07349681C085C42
:10A7800048556F49681C085C48556D1C6D48006849
:10A79000401EA842F1DC1CE002216B4A601C1154EF
:10A7A0006749095C664AA01C105C0818C1B2601CAD
:10A7B0001154A51C08E06449681C085C48556049B0
:10A7C000681C085C48556D1C5E480068401EA84225
:10A7D000F1DC5C480068401E5A4908606DE0594849
:10A7E0000068801EA04223DD5749A01C085C012898
:10A7F0001ED15349601C095C514AA01C105C08180A
:10A80000C1B2601C1154A51C08E04F49681C085CCB
:10A8100048554B49681C085C48556D1C4948006800
:10A82000401EA842F1DC47480068401E45490860C8
:10A830000120454908554248015D0246601C105CF4
:10A84000081811460855651C08E03F49681C085C5B
:10A8500048553B49681C085C48556D1C39480068E0
:10A86000401EA842F1DC37480068401E35490860A8
:10A87000012C22DB601E3449085C01281DD1601EBA
:10A880002F49085C095D4018C1B2601E2C4A115462
:10A89000254608E02C49681C085C48552849681C76
:10A8A000085C48556D1C27480068401EA842F1DC32
:10A8B00024480068401E2349086001E0641C00BF72
:10A8C00020480068401EA04200DD93E60024BFE05F
:10A8D0001B4A115D1C4A105D0A9A01F0E9FC07460B
:10A8E000174A601C115C184A135C18460A9A01F05A
:10A8F000DFFC381807901248025D0346601C185CA4
:10A90000111802200A9A01F0D3FC0690012C0BDBEF
:10A91000601E0D49085C022806D10C490A98085CA3
:10A92000001D0699081A069006480068801EA0427D
:10A9300014DD0549A01C085C02280FD1034907E07B
:10A94000E6F90020DC06002056F80020D879030044
:10A950000A98085C001D0699081A0690069907983F
:10A96000884273DD012C23DB601EEB49085C022862
:10A970001ED1601EE949085C095D4018C1B2601E25
:10A98000E64A1154254608E0E349681C085C48552E
:10A99000E249681C085C48556D1CE1480068401E8F
:10A9A000A842F1DCDE480068401EDD490860641EF4
:10A9B000DB480068801EA04223DDD749A01C085C4C
:10A9C00002281ED1D549601C095CD44AA01C105C29
:10A9D0000818C1B2601C1154A51C08E0CE49681CBF
:10A9E000085C4855CD49681C085C48556D1CCC482E
:10A9F0000068401EA842F1DCC9480068401EC849F2
:10AA000008600220C4490855C448015D0246601C24
:10AA1000105C081811460855651C08E0BE49681C02
:10AA2000085C4855BD49681C085C48556D1CBC480D
:10AA30000068401EA842F1DCB9480068401EB849D1
:10AA40000860012C00DB641E02E0FFE7641C00BF0D
:10AA5000B3480068401EA04200DD39E70020B1493C
:10AA60000860FF219131B048FAF72AF900253EE14C
:10AA7000A948405D002879D104220121A948006835
:10AA800005F04EFAA7490860A84B0A981A5CA3483B
:10AA9000415DA448006805F043FAA2490860002619
:10AAA00059E09E48405D801EB04221DD0598811925
:10AAB0000898405C30386421414305988019401C57
:10AAC000089A105C30380A2250430A1805988119F8
:10AAD000891C0898405C3038101880B204900A2213
:10AAE00090480499006805F01BFA8E49086031E02F
:10AAF0008A48405D801EB04218D105988119089897
:10AB0000405C30380A21484305998919491C089A44
:10AB1000515C3039401880B2049007228148049972
:10AB2000006805F0FDF97F49086013E07B48405D4F
:10AB3000401EB0420ED1059881190898405C30380B
:10AB400080B20490042277480499006805F0E8F97F
:10AB500074490860F61C7148405DB042A1DC6F4842
:10AB6000415D059808180590C0E0FFE76A48405D20
:10AB700001284ED1042202216A48006805F0D0F96C
:10AB8000684908606A4B0A981A5C6448415D6548E8
:10AB9000006805F0C5F96349086000262FE05F48AA
:10ABA000405D401EB0421ADD05998A190899885CFB
:10ABB000FBF7C4FF2D2102464A4305998919491C18
:10ABC000089B585CFBF7BAFF101804900B225548FD
:10ABD0000499006805F0A4F9524908600EE005994F
:10ABE0008A190899885CFBF7A9FF049006224D4852
:10ABF0000499006805F094F94A490860B61C474872
:10AC0000405DB042CBDC4548415D05980818059091
:10AC10006CE04148405D02282AD104221146414897
:10AC2000006805F07DF93F490860424B0A981A5CBC
:10AC30003A48415D3B48006805F072F939490860BF
:10AC400000260BE0059882190898815C0822354897
:10AC5000006805F065F933490860761C2F48405DAF
:10AC6000B042EFDC2D48415D0598081805903DE0A5
:10AC7000042208212B48006805F052F92949086090
:10AC80002648475DF80FC01941102B4B0A981A5CF3
:10AC90002448006805F044F922490860002619E0BC
:10ACA0007200059952180899895C0B027200059987
:10ACB0005118491C089A515C591888B202F0D2F810
:10ACC00007460D2239461748006805F029F915494D
:10ACD0000860761C1149485DC10F09184910B1423E
:10ACE000DEDC0E48415D0598081805906D1C0C4887
:10ACF0000068854205DA0B480068401C002800D037
:10AD0000B6E608480068401C002802D001200BB0BD
:10AD1000F0BD0020FBE7000056F80020E6F9002017
:10AD2000DC060020D8060020C6F60020D2790300F9
:10AD3000D5790300D8790300DB790300F0B58BB037
:10AD4000242102A8F9F7BCFF712000030190092219
:10AD500002A9019800F008FA02AE00273F4D002436
:10AD600017E0B8003058000E2855B80030580002DF
:10AD7000010E601C2954B800305A0004010EA01CBA
:10AD8000295438467F1C8000315CE01C29542D1D5D
:10AD9000241D042CE5D3314D2D1D002417E0B800EF
:10ADA0003058000E2855B80030580002010E601CC3
:10ADB0002954B800305A0004010EA01C295438460A
:10ADC0007F1C8000315CE01C29542D1D241D102C9B
:10ADD000E5D3224D1435002417E0B8003058000E9A
:10ADE0002855B80030580002010E601C2954B800E4
:10ADF000305A0004010EA01C295438467F1C8000E4
:10AE0000315CE01C29542D1D241D102CE5D3134862
:10AE1000C01EC078002804D01048C01EC078FF288B
:10AE20001AD10E48C01EC079002804D00B48C01E9D
:10AE3000C079FF2810D1042209490848F9F718FF02
:10AE4000102208490548001DF9F712FF1022064993
:10AE500002481430F9F70CFF0BB0F0BD47B40020E6
:10AE6000A4000020A8000020B8000020F0B589B0A0
:10AE7000202101A8F9F724FFE120C0020090082258
:10AE800001A9009800F070F901AE00273D4D0024A3
:10AE900017E0B8003058000E2855B80030580002AE
:10AEA000010E601C2954B800305A0004010EA01C89
:10AEB000295438467F1C8000315CE01C29542D1D2C
:10AEC000241D082CE5D32F4D0835002417E0B800C9
:10AED0003058000E2855B80030580002010E601C92
:10AEE0002954B800305A0004010EA01C29543846D9
:10AEF0007F1C8000315CE01C29542D1D241D082C72
:10AF0000E5D3204D1035002417E0B8003058000E6E
:10AF10002855B80030580002010E601C2954B800B2
:10AF2000305A0004010EA01C295438467F1C8000B2
:10AF3000315CE01C29542D1D241D102CE5D3114833
:10AF4000C01EC07A002804D00E48C01EC07AFF2858
:10AF500015D10C48C01EC07C002804D00948C01E72
:10AF6000C07CFF280BD11022074906481030F9F7A2
:10AF70007FFE0822054903480830F9F779FE09B039
:10AF8000F0BD000027B40020940000208C000020B9
:10AF90001CB5E724E40202226946204600F0E4F8EA
:10AFA000144900980872084680790821884301995D
:10AFB000C9000822114008430E49887100980228F0
:10AFC00001D9002008720198012805D90948807923
:10AFD000082188430749887107A109A001F004FEF0
:10AFE000044880790007C20F0248017A06A001F0E8
:10AFF000FBFD1CBDE8860020464C41534800000084
:10B000000A5B25735D0000005265616420466C6137
:10B01000736820446576696365204C6564205368D5
:10B020006F77204D6F64653A2025642C204265655A
:10B030007020456E61626C652053746174653A20BE
:10B04000256400003EB5732424030322694620468C
:10B0500000F08AF81049009888720198C872029826
:10B060004873022088720846C07A012801DD00205A
:10B07000C8720948407B012802DD00200649487358
:10B0800006A108A001F0B0FD0348437BC27A817A93
:10B09000064801F0A9FD3EBDE8860020464C41531C
:10B0A000480000000A5B25735D000000BC800300BF
:10B0B0001CB5E324E40202226946204600F054F85D
:10B0C0001449009848700198887008464078FE2816
:10B0D00003DC08464078012802DA0A200D4948704E
:10B0E0000C488078022802D002200A4988700AA100
:10B0F0000BA001F079FD07488078002801D00AA054
:10B1000000E00BA00246034841780BA001F06CFD63
:10B110001CBD000024B40020464C415348000000F0
:10B120000A5B25735D000000436C6173732043006C
:10B13000436C6173732041005265616420466C6109
:10B14000736820446576696365204C6F526157418E
:10B150004E20506F72743A2025642C20436C61732A
:10B16000733A20257300000070B503461C4600208A
:10B1700004E0256886008D51241D401C9042F8DBB8
:10B1800070BD10B500F00EF8FFF770FEFFF7D6FDAA
:10B19000FFF78EFFFFF756FFFFF7FAFE00F046F8C5
:10B1A00010BD00001CB5E524E402022269462046D9
:10B1B000FFF7DAFF17490098C8820198088308460C
:10B1C000C08A2D214901884203DC1248C08A0A281E
:10B1D00007DA1048C08A002803D02D2040010D490D
:10B1E000C8820C48008B2D214901884203DC0948A4
:10B1F000008B012802DA3C200649088306A108A03A
:10B2000001F0F2FC0348028BC18A074801F0ECFC14
:10B210001CBD0000E8860020464C41534800000059
:10B220000A5B25735D000000008103007CB50020EF
:10B23000009001901D25AD03022269462846FFF7C4
:10B2400093FF009844B26320C043844204DB642C23
:10B2500002DC08490C7402E000200649087406A1CB
:10B2600007A001F0C1FC0348017C07A001F0BCFC71
:10B270007CBD0000E8860020464C41534800000099
:10B280000A5B25735D0000005265616420466C61B5
:10B290007368204465766963652054656D706572D6
:10B2A0006174757265204F66667365743A20256413
:10B2B0000000000010B52D2040010D49C8823C203F
:10B2C0000883022088720020C872487308720846FA
:10B2D000807908218843064988710020087400F0AD
:10B2E000D3F800F0BBF800F035F900F047F910BDD5
:10B2F000E8860020F0B58BB0712000030A9000278B
:10B30000242101A8F9F7DCFC264C002610E0207867
:10B310000506607800044519A07800024519E07818
:10B320004519241D38467F1C800001A90D50361D8B
:10B33000042EECD31B4C241D002610E020780506BB
:10B34000607800044519A07800024519E078451995
:10B35000241D38467F1C800001A90D50361D102E7B
:10B36000ECD3104C1434002610E0207805066078E9
:10B3700000044519A07800024519E0784519241DFC
:10B3800038467F1C800001A90D50361D102EECD3CD
:10B390000A9800F01DFA092201A90A9800F0A0F805
:10B3A0000BB0F0BD47B40020F0B589B0E120C00279
:10B3B0000890002720216846F9F782FC264C0026D9
:10B3C00010E020780506607800044519A078000296
:10B3D0004519E0784519241D38467F1C80006946D0
:10B3E0000D50361D082EECD31B4C0834002610E0FF
:10B3F00020780506607800044519A07800024519F8
:10B40000E0784519241D38467F1C800069460D50A0
:10B41000361D082EECD3104C1034002610E0207896
:10B420000506607800044519A07800024519E07807
:10B430004519241D38467F1C800069460D50361D75
:10B44000102EECD3089800F0C3F90822694608983A
:10B4500000F046F809B0F0BD27B400201CB5E72481
:10B46000E4020848007A0090064880790007C00F7F
:10B470000190204600F0ACF902226946204600F017
:10B480002FF81CBDE88600203EB57324240309482C
:10B49000807A00900748C07A01900648407B02906D
:10B4A000204600F095F903226946204600F018F87E
:10B4B0003EBD0000E88600201CB5E324E4020748F6
:10B4C00040780090054880780190204600F080F98F
:10B4D00002226946204600F003F81CBD24B4002077
:10B4E00070B504460D46164601211748FCF768F86A
:10B4F0000120FCF751F800F0A5F8022000F080F8D8
:10B50000124800F0B9F8124800F0B6F80DE0022039
:10B5100000F076F8286820602D1D241D00BF00F083
:10B5200099F80028FBD000F0A1F83046761E0028DC
:10B53000EDD100F0A1F80020FCF72EF80021024820
:10B54000FCF73EF870BD000005000002A5A5A5A50A
:10B55000F1F1F1F11CB5E524E4020748C08A00903E
:10B560000548008B0190204600F032F9022269461E
:10B570002046FFF7B5FF1CBDE88600201CB51D2442
:10B58000A4030020009001900548007C0090204614
:10B5900000F01EF9022269462046FFF7A1FF1CBDFC
:10B5A000E886002038B57F24240305480090204613
:10B5B00000F00EF9012269462046FFF791FF38BDE1
:10B5C000785634120146054A506940084000CA07BF
:10B5D000D20F1043014A5061704700000010004034
:10B5E0000146064A506903231B0202469A4310464D
:10B5F0001A460A401043014A50617047001000404B
:10B600000146064A5069022302469A431046022226
:10B610000A401043014A506170470000001000408A
:10B620000448006AC007C00F002801D001207047FD
:10B630000020FCE70010004001200149086270472B
:10B6400000100040012040020149086270470000DC
:10B65000001000400448006A02210840002801D080
:10B66000012070470020FCE7001000400220014943
:10B67000086270470010004001498861704700006F
:10B68000001000400146054A1068800880008A07C3
:10B69000920F1043014A10607047000000100040F4
:10B6A00010B512A001F0A0FA1848007A002803D1C2
:10B6B0000120164908720EE01448007A012803D1CF
:10B6C00002201249087206E01048007A022802D1CE
:10B6D00000200E4908720D4840790821884308303F
:10B6E0000A4948716420086210BD00000A70726542
:10B6F00073732066756E63206B657920646F756265
:10B700006C652068616E646C65720A00E8860020D2
:10B7100010B514A001F068FA1A48807AFF2803D007
:10B72000FF201849887213E01648C07A002803D019
:10B7300000201449C87202E001201249C872114861
:10B7400040794021884340300E4948716420C861E7
:10B7500000200C498873002220210B4809F000FAD0
:10B7600010BD00000A70726573732066756E6320E9
:10B770006B6579206C6F6E672068616E646C6572B2
:10B780000A000000E8860020D473002010B506A04F
:10B7900001F02AFA02200C498872002220210B486D
:10B7A00009F0DEF910BD00000A707265737320663F
:10B7B000756E63206B65792073686F7274206861A1
:10B7C0006E646C65720A0000E8860020D473002065
:10B7D00070B5054601211A48FBF7F2FE0120FBF780
:10B7E000DBFE0020FFF7FCFE0120FFF7EBFE154813
:10B7F000FFF742FF1448FFF73FFF1448286000E0BE
:10B8000000BFFFF70DFF0128FAD1FFF715FF002059
:10B81000FFF732FF0020FBF7BFFE00210848FBF7CF
:10B82000CFFE002408E0A0002858401C002801D0CA
:10B83000002070BD601C84B2802CF4DB0120F8E78E
:10B840000500000296969696EAEAEAEACDAB341233
:10B85000F8B52A492A48F9F733FA04F0BBFC04F09A
:10B8600097FB28480068401C00281FD12549086024
:10B870000846006804F08AFD2248006804F002FCD3
:10B88000FBF7A6FF074601240EE0204604F07EFDEC
:10B89000204604F0F7FBFBF79BFF0646BE4202DAA8
:10B8A000374618480460641C072CEEDD1548006814
:10B8B00004F06CFD1348006804F0E4FB002418E079
:10B8C000002511E0600120180D494018405D11214C
:10B8D0000840002801D0012000E00020610161182B
:10B8E000074A891848556D1C074800688542E9DBFE
:10B8F000641C054800688442E2DBF8BD4104000096
:10B9000085F20020F0060020D406002010B51EA00D
:10B9100001F06AF92CA001F067F93BA001F064F98D
:10B920000F22032148A001F05FF913F0C1FA10F0D3
:10B9300013F8FFF726FC7F20000300685249884275
:10B9400003D17F200003FFF743FF012189024F4805
:10B9500000F09EFC012189034C48803000F096FCE9
:10B9600040214A48403000F091FC0020C043484943
:10B97000C861086264204749087001214648017285
:10B9800096204349888210BD0A2A2A2A2A2A2A2A6E
:10B990002A2A2A2A2A2A2A2A2A2A2A2A2A2A2A2A07
:10B9A0002A2A2A2A2A2A2A2A2A2A2A2A2A2A2A2AF7
:10B9B0002A2A2A2A2A2A2A2A2A2A2A2A2A2A2A2AE7
:10B9C0002A2A2A2A2A0A00002A2A2A2A2A2A2A2A4B
:10B9D0002A2A2A2A2A2A2A2A2A2A2A2A2A2A2A2AC7
:10B9E0002A2A2A2A2A2A2A2A2A2A2A2A2A2A2A2AB7
:10B9F0002A2A2A2A2A2A2A2A2A2A2A2A2A2A2A2AA7
:10BA00002A2A2A2A0A0000002A2A2A2A2A2A2A2A34
:10BA10002A2A2A2A2A2A2A2A20484B54203A204114
:10BA20006972204D6F6E69746F72696E672053651D
:10BA30006E736F72202A2A2A2A2A2A2A2A2A2A2A56
:10BA40002A2A2A2A0A0000002A2A2A2A2A2A2A2AF4
:10BA50002048415244574152455F5645523A2030A2
:10BA60007825303478202C534F4654574152455F47
:10BA70005645523A20307825303478202A2A2A2A0E
:10BA80002A2A2A2A0A00000078563412000C0040A4
:10BA9000E88600201400002064B40020F7B50346B7
:10BAA0000D460021002207E0012696402E40002E80
:10BAB00001D0114602E0521C102AF5D300BF102A13
:10BAC00000D1FEBD314FDE1BBB4211D008DC304E31
:10BAD0009E19002E09D0402E08D0802E51D106E0AC
:10BAE000402E06D0802E4CD104E000BF00BF00BF26
:10BAF00000BF00BF254E4036B34203D0234E8036F0
:10BB0000B34202D10B2903D93CE00F2900D939E017
:10BB1000032901D800200CE0042903D3072901D808
:10BB2000012006E0082903D30B2901D8022000E0F8
:10BB30000320164E803EB34200D1001D134E403EFE
:10BB4000B34200D10830114EB34200D10C300F4E39
:10BB50004036B34200D110300C4E8036B34200D193
:10BB600014300C4E3469029E012E02D186403443BB
:10BB700004E0012686402746B7433C46054E346123
:10BB800000E000BF00BF00BF9BE70000C00C00400A
:10BB900000F4FFBFC00D0040F0B502460D46002383
:10BBA0000027002407E00120A0402840002801D001
:10BBB000234602E0641C102CF5D300BF102C01D1E9
:10BBC0003846F0BD2E4E901BB24211D008DC2D48F5
:10BBD0001018002809D0402808D080284CD106E051
:10BBE000402806D0802847D104E000BF00BF00BF36
:10BBF00000BF00BF22484030824203D0204880303E
:10BC0000824202D10B2B03D937E00F2B00D934E04D
:10BC1000032B01D800210CE0042B03D3072B01D800
:10BC2000012106E0082B03D30B2B01D8022100E0F1
:10BC3000032113488038824200D1091D1048403842
:10BC4000824200D108310E48824200D10C310C48AA
:10BC50004030824200D1103109488030824200D108
:10BC600014310948406901268E40304001268E403B
:10BC7000B04200D1012700E000BF00BF3846A0E776
:10BC8000C00C004000F4FFBFC00D0040F0B50246FC
:10BC90000C460021002307E001269E402640002E8E
:10BCA00001D0194602E05B1C102BF5D300BF102B0E
:10BCB00000D1F0BD2D4FD61BBA4211D008DC2C4E5E
:10BCC0009619002E09D0402E08D0802E49D106E0CA
:10BCD000402E06D0802E44D104E000BF00BF00BF3C
:10BCE00000BF00BF214E4036B24203D01F4E803607
:10BCF000B24202D10B2903D934E00F2900D931E037
:10BD0000032901D800200CE0042903D3072901D816
:10BD1000012006E0082903D30B2901D8022000E006
:10BD20000320124E803EB24200D1001D0F4E403E15
:10BD3000B24200D108300D4EB24200D10C300B4E51
:10BD40004036B24200D11030084E8036B24200D1A7
:10BD50001430084E7569012686403543054E7561DD
:10BD600000E000BF00BF00BFA3E70000C00C004020
:10BD700000F4FFBFC00D0040F0B505460E46174663
:10BD80001C4603223146284600F014F83146284666
:10BD900000F096F83A463146284600F00BF8314656
:10BDA0002846FFF773FF224631462846FFF776FE06
:10BDB000F0BD0000F7B5034615460021002408E059
:10BDC0000126A640019F3E40002E01D0214602E000
:10BDD000641C102CF4D300BF102C00D1FEBD354FD5
:10BDE000DE1BBB4211D008DC334E9E19002E09D059
:10BDF000402E08D0802E58D106E0402E34D0802E20
:10BE000053D132E000BF00BF00BF0F2900D94DE081
:10BE1000032901D800200CE0042903D3072901D805
:10BE2000022006E0082903D30B2901D8042000E0F2
:10BE30000620204E803EB34200D108301D4E403EC9
:10BE4000B34200D110301B4EB34200D118301B4E0C
:10BE5000B268032686401746B7433A462E468640C8
:10BE60003243164EB26021E000BF0B2900D91DE01D
:10BE7000032901D8002006E0042903D3072901D8AB
:10BE8000022000E004200B4E8036B34200D108307F
:10BE90000A4EF268032686401746B7433A462E46B6
:10BEA00086403243054EF26000BF00BF00BF00BFB6
:10BEB00094E70000C00C004000F4FFBFC00D00403C
:10BEC000F0B502460D460020002407E00126A640FA
:10BED0002E40002E01D0204602E0641C102CF5D329
:10BEE00000BF102C00D1F0BD3F4FD61BBA4234D05A
:10BEF00008DC3E4E9619002E2CD0402E2BD0802EE2
:10BF00006ED129E0402E02D0802E69D100E000BF22
:10BF10000B2800D965E0032801D8002106E0042899
:10BF200003D3072801D8022100E004212E4E8036D9
:10BF3000B24200D108318007800F2D4E736803266E
:10BF40008E401F46B7433B4606468E403343284E3D
:10BF5000736046E000BF00BF00BF234EC03EB24248
:10BF600007D0214E803EB24203D01F4E403EB24227
:10BF700002D10F2800D934E01B4EB24202D10B2867
:10BF800000D92EE0032801D800210CE0042803D3B7
:10BF9000072801D8022106E0082803D30B2801D87E
:10BFA000042100E00621104E803EB24200D108314B
:10BFB0000D4E403EB24200D110310B4EB24200D184
:10BFC00018318007800F0A4E336803268E401F46C3
:10BFD000B7433B4606468E403343054E336000E090
:10BFE00000BF00BF00BF7EE7C00C004000F4FFBFF1
:10BFF000C00D0040F0B504460025002307E00126EF
:10C000009E400E403546002D00D002E05B1C102BF8
:10C01000F5D300BF102B36D21D46116026680E40A6
:10C020003046E840012802D10126D67101E0002601
:10C03000D67166680E40EE403046012801D19671F7
:10C0400001E000269671A6680E40EE4030460128B9
:10C0500001D1567101E000265671E6686F00FE407E
:10C06000B007800F002802D1002616710BE00128CE
:10C0700002D10126167106E0022802D102261671AD
:10C0800001E003261671F0BD10B580214D48FFF781
:10C0900083FD012817D180214A48FFF7F7FD4A4860
:10C0A0004079C007C00F002806D04748007980219A
:10C0B00088438030444908714348808A052802DA61
:10C0C00005204149888201214048FFF765FD01288C
:10C0D00017D101213D48FFF7D9FD3B484079C00702
:10C0E000C00F002806D0384800798021884380306E
:10C0F000354908713448808A052802DA052032491A
:10C100008882FF2101313148FFF746FD012810D117
:10C1100001022E48FFF7BAFD2B48007940218843E1
:10C120004030294908710846808A032801DA032033
:10C1300088820121090325484030FFF72DFD0128A1
:10C1400018D1010321484030FFF7A0FD1E48407977
:10C15000C007C00F002806D01B4800798021884303
:10C160008030194908711848808A052802DA0520AC
:10C1700015498882012115488030FFF70DFD0128FF
:10C180000BD1012111488030FFF780FD0E48808AD5
:10C19000052802DA05200C49888202210B488030EC
:10C1A000FFF7FAFC01280BD1022108488030FFF785
:10C1B0006DFD0548808A052802DA0520024988823B
:10C1C00010BD0000800D0040E8860020400C0040BB
:10C1D000F0B502460B4600210024002500BF2DE0EB
:10C1E00001268E4034461E6826403546A54224D19D
:10C1F00010680646A6433046DE798E403043106014
:10C2000050680646A64330469E798E4030435060C3
:10C2100090680646A64330465E798E403043906073
:10C220004F000326BE403446D0680646A64330463B
:10C230001E794F00BE403043D060491C1029CFD337
:10C24000F0BD0000012905D1054A12680243044BE4
:10C250001A6004E0024A12688243014B1A60704778
:10C26000000F004002460020D3690B40002B01D094
:10C27000012000E0002070470246002013690B40B7
:10C28000002B01D0012000E0002070478161704741
:10C290004161704710B51346026A012B03D1144661
:10C2A0000C43224602E014468C432246026210BD33
:10C2B000F7B50C46164600250098002804D0012842
:10C2C0001CD0022833D12CE003212046F8F734FC9F
:10C2D0000A2148431B49895D091D45180321204651
:10C2E000F8F72AFC012902D0022904D101E02D1D12
:10C2F00002E0ED1D00E000BF00BF1FE0E20F1219D9
:10C3000052100B235A43104B9B5D1B1DD218204625
:10C31000E30F1B185B105B00E31A06277B43D5185D
:10C320000CE00A48805D001DE100451806E0084861
:10C33000805D001D0D216143451800BF00BF2846E8
:10C34000FEBD0000D2790300D5790300D87903003F
:10C35000DB790300F7B582B006460F461B2E01DBE2
:10C36000022004E00A2E01DB012000E00020019001
:10C37000019D5BE02A4638460499FEF7DDF8002867
:10C3800053D0002D1AD1012415E02A490968C81D8F
:10C390004A216143284A8918091D284A1268520017
:10C3A000895AC217520F1218D210914202DB20464E
:10C3B00005B0F0BD641C092CE7DD36E0012D19D174
:10C3C0000A2414E01B490968C81D4A2161431A4A1E
:10C3D0008918091D194A12685200895AC217520F4A
:10C3E0001218D210914201DB2046E1E7641C1A2C9E
:10C3F000E8DD1AE0022D18D11B2414E00D4909686C
:10C40000C81D4A2161430C4A8918091D0B4A12684C
:10C410005200895AC217520F1218D210914201DBF2
:10C420002046C5E7641C282CE8DD6D1C022DA1DD2B
:10C430000020BDE7D80600204C670300E40600207A
:10C44000FEB505460F4616460020029035E02878D6
:10C45000002825D028781B49085C0190002412E0B0
:10C46000B100194A51580A5D01995018FF21F8F797
:10C4700063FBC8B20090601C285C144A0099515CB0
:10C4800048402855641CB442EADB344603E0601C93
:10C49000285C2855641CB819401EA042F7DC09E04E
:10C4A000002403E0601C285C2855641CB819401E59
:10C4B000A042F7DC0298401C02900298B842C6DB0A
:10C4C000FEBD000026740300C00500202673030093
:10C4D00070B505460E460024002003E0295C0919CA
:10C4E0008CB2401C711E8142F8DCFF210131081B17
:10C4F000FF21F8F721FB8CB2E0B270BDF0B58DB032
:10C5000004460E46002531462046FFF7E1FF0A901B
:10C51000207816287ED160780D28FBD1A0780128DC
:10C52000F8D1701E215C0A9881427FD1E17809021E
:10C53000227911430846F8F7C4FE0B900B98F8F7E0
:10C5400035FF00223E4B05910490F8F737FE079126
:10C550000690F8F753FF0746607B0990A07B089090
:10C560000B98F8F7F0FE3749C86200210B98F8F7EE
:10C5700061FF0CD13349C86AF8F7A3FE0B9032A1D2
:10C5800033A000F031FB34A000F02EFB00E000BF30
:10C590000B98F8F7D8FE2B49C862002507E0690020
:10C5A00028485038405A002800D102E06D1C242D44
:10C5B000F5DB00BF242D08DA0B98F8F7C4FE81B232
:10C5C0006A0020485038815212E0002507E0681CBC
:10C5D00041001C485038415A6A0081526D1C232D7D
:10C5E000F5DB0B98F8F7AFFE81B216481038C18022
:10C5F00023A117A000F0F8FA3846F8F7D7FE079104
:10C6000006900B98F8F7D2FE0591049008990998C6
:10C61000039100E00AE002900799069801910090CA
:10C6200018A0059B049A00F0DFFA07E006A108A015
:10C6300000F0DAFA21A00A9900F0D6FA0DB0F0BDA8
:10C6400000408F40AC8700204552524F52000000FE
:10C650000A5B25735D0000004843484F20496E7611
:10C66000616C69642073616D706C652064657465CC
:10C67000637465642C20736B697070696E672E003B
:10C680004C4F47004843484F205265616420446145
:10C6900074613A20252E32667070622C20252E326D
:10C6A0006670706D2C207374617475733A20256404
:10C6B0002C207A65726F3A20256400004843484F69
:10C6C00020436D6420436865636B204352432045DB
:10C6D00052524F3A203078253032780010B54B2135
:10C6E000C901024804F06EFD10BD00000078014051
:10C6F000F8B504460D46002627460CE03046721C6D
:10C7000096B2395C054804F059FD00BF034804F0B7
:10C7100039FD0028FAD0AE42F0DBF8BD00780140C8
:10C720000EB5002001900290022007F065FA0DF08E
:10C730004BF9192007F060FA0021009168460DF0CE
:10C74000BDF968460078402801D100200EBD0120C7
:10C75000FCE770B505460E4669003046F8F7D6F995
:10C760000446002C00D0641E204670BD70B50446FF
:10C77000204600F09DF93548844215D10121344806
:10C78000FAF71EFF0120FAF735FE0020FAF746FE01
:10C790000322012189032F48FAF703FA032201211A
:10C7A000C9032C48FAF7FDF92B48844214D1012122
:10C7B0002748401CFAF704FF0120FAF73FFE00204B
:10C7C000FAF750FE012220212448FAF7EAF9012263
:10C7D00040212248FAF7E5F921492248FFF7B9FF3D
:10C7E00005042946204600F0F9F81D491D48FFF7C9
:10C7F000B0FF05462946204600F001F9204600F02A
:10C80000F9F845082946204600F0E0F901212046C4
:10C8100000F011F91120002815DBC206D20E01210B
:10C820009140114A116000BF00BF00BFBFF34F8F9E
:10C8300000BF00BF00BF00BF00BF00BFBFF36F8FCE
:10C8400000BF00BF00BF00BF70BD0000002401405A
:10C8500018000003000C004000500140000D004093
:10C860000024F400A086010080E100E070B50546D8
:10C870000C46C8261148808A012802DA01200F4997
:10C8800088820121284600F0EEF800BF284600F01B
:10C8900070F9002800D007E0012004F0C1F830460C
:10C8A000711ECEB20028F1D100BF284600F06BF90E
:10C8B000284600F0ADF82070002070BDE88600200A
:10C8C00070B506460D46C8240121304600F0A7F891
:10C8D000002D04D0012D1BD0022D4BD131E00121C0
:10C8E000304600F0D8F800BF304600F04FF901287C
:10C8F00000D107E0012004F093F82046611ECCB27D
:10C900000028F1D100BF002C01D1012070BD32E020
:10C910000121304600F0B3F800BF304600F036F990
:10C92000012800D107E0012004F07AF82046611EBA
:10C93000CCB20028F1D100BF002C01D10120E5E7E5
:10C9400019E00121304600F082F800BF304600F0C7
:10C9500006F9012800D107E0012004F061F8204623
:10C96000611ECCB20028F1D100BF002C01D1012002
:10C97000CCE700E000BF00BF0020C7E770B5044669
:10C980000D46C8261448808A012802DA012012497F
:10C9900088822946204600F03FF800BF204600F07C
:10C9A000FFF8002800D007E0012004F039F83046F5
:10C9B000711ECEB20028F1D100BF204600F0FAF877
:10C9C000204600F0BFF8002800D170BD204600F0DE
:10C9D000C3F80120F9E70000E88600200A46416913
:10C9E000034B1940DB43134019434161704700007A
:10C9F000FFFF00FE01464869C005C00D70470A46AA
:10CA00004169490A4902D305DB0D19434161704769
:10CA100001468869C0B27047CAB282617047012975
:10CA200004D1026801231A43026003E0026852083D
:10CA3000520002607047012904D1026802231A43A0
:10CA4000026003E0026802239A43026070470129F2
:10CA500004D1426804231A43426003E0426804237D
:10CA60009A4342607047012904D1426808231A435F
:10CA7000426003E0426808239A43426070470129FC
:10CA800004D1426802231A43426003E04268022351
:10CA90009A4342607047012904D1426801231A4336
:10CAA000426003E042685208520042607047000052
:10CAB00010B504460C4802F0A5FA0C48844205D192
:10CAC000012002F069FA002002F066FA0848844268
:10CAD00005D1012002F04EFA002002F04BFA0020AE
:10CAE00002F090FA10BD0000DF9B571300240140B4
:10CAF0000050014010B5124800F052F8012802D150
:10CB00000F4800F057F80E4800F033F8012802D122
:10CB10000B4800F038F80A4800F02BF8012802D141
:10CB2000074800F030F8064800F054F8012806D114
:10CB30000121034800F053F80148FFF717FE10BD2C
:10CB4000002401400146C86804221040002801D09A
:10CB5000012070470020FCE70421C16070470146B6
:10CB6000C86808221040002801D00120704700202A
:10CB7000FCE70146C868C007C00F002801D00120AB
:10CB800070470020FCE70121C16070470146C8687A
:10CB900010221040002801D0012070470020FCE73F
:10CBA0000146C86802221040002801D001207047C9
:10CBB0000020FCE70221C16070470A46016949086C
:10CBC0004900D307DB0F194301617047CA05D20D35
:10CBD000C26170470146086A0005000D70470A05EA
:10CBE000120D0262704700000FB438B50498002897
:10CBF00004D00498F8F783F8002803D138BC08BCA7
:10CC000004B0184705A800900A48009A049904F057
:10CC10003DFE054600200090064C411E064808F0E7
:10CC200057F8A9B2204600F009F8034808F094F834
:10CC300000BFE3E7ACAF00206C730020F8B50446FA
:10CC40000D46002627460CE03046721C96B2395C31
:10CC5000054804F0B3FA00BF034804F093FA002833
:10CC6000FAD0AE42F0DBF8BD002001400148024995
:10CC7000086070475A5A34120014014010B501215F
:10CC80000448FAF79DFC072003494860FFF7EEFFD0
:10CC900010BD000005000001001401401CB501207A
:10CCA000000400900120694608716846FAF71CFDEF
:10CCB0000220FAF749FB1CBD1FB50020009001902F
:10CCC00002900120694608736846FAF771FD1FBD9E
:10CCD00010B50020FEF7D6FCFFF7E0FFFFF7ECFFF2
:10CCE00010BD000010B50F480068C02188430D49F1
:10CCF000086001242406601E0146884200D90CE029
:10CD0000601E094948610321081F04F011FF00203B
:10CD1000054988610720086100BF052002490861B4
:10CD200010BD00000024004000E000E010B572B625
:10CD3000FFF79CFFFFF7D6FF00210A2003F05CFEFF
:10CD4000FFF7C6FF012002F04BF9002002F036F990
:10CD5000FBF700F8C82003F063FE62B6FFF78EFF12
:10CD6000FFF784FF10BD7FB506460D4614466A46A0
:10CD700029463046FFF73EF90098A84217D1684689
:10CD8000C079012813D16846407901280FD1002CC1
:10CD900003D168468079002809D1012C03D1684667
:10CDA0008079012803D168460079002814D00295C3
:10CDB00001216846C1734173002C03D100206946EC
:10CDC000887302E001206946887300206946087371
:10CDD00002A93046FFF7FCF97FBD0146302903DB8D
:10CDE000392901DC01207047412903DB5A2901DC84
:10CDF0000120F8E720290FD024290DD025290BD0B8
:10CE00002A2909D02B2907D02D2905D02E2903D076
:10CE10002F2901D03A2901D10120E4E70020E2E7DF
:10CE20000246812A01DB9F2A03DDE02A0FDBEB2A81
:10CE30000DDC40290BDB9F2A01D1FC2903DCEB2A06
:10CE400003D1BF2901DD002070470120FCE700204D
:10CE5000FAE70146302903DB392901DC012070475C
:10CE60000020FCE701460A48814206DB094881426E
:10CE700003DC0748081A81B202E00748081A81B2A9
:10CE80000812C0225043CAB2801880B27047000016
:10CE900040810000FC9F000040C1000010B500F080
:10CEA0005DF901287BD100F065F9A5480088401C98
:10CEB000A3490880084600880A2806DB002008806D
:10CEC000A0480068401C9F4908609F480088401C9B
:10CED0009D4908809D48007A01280ED180219C48F8
:10CEE000FFF7D6F9FF2101319948FFF7D1F9012168
:10CEF00049029748FFF7CCF98FE09448007A02285E
:10CF000038D19248E4300078002804D0012811D0AC
:10CF100002281ED11EE080218D48FFF7B7F9FF21BE
:10CF200001318B48FFF7B4F9012149028848FFF726
:10CF3000AFF91EE0FF2101318548FFF7A7F98021F5
:10CF40008348FFF7A5F9012149028148FFF7A0F9BD
:10CF50000FE000BF012149027D48FFF797F9FF214B
:10CF600001317B48FFF794F980217948FFF790F968
:10CF700000BF52E074480088642802DB0020724938
:10CF8000088071480088632839DB7048E4300078F5
:10CF9000002805D0012812D002281FD11FE068E028
:10CFA00080216B48FFF772F9FF2101316848FFF7D4
:10CFB0006FF9012149026648FFF76AF91EE0FF2177
:10CFC00001316348FFF762F980216148FFF760F99A
:10CFD000012149025E48FFF75BF90FE000BF012124
:10CFE00049025B48FFF752F9FF2101315848FFF72A
:10CFF0004FF980215648FFF74BF900BF0DE0802123
:10D000005348FFF745F9FF2101315148FFF740F937
:10D01000012149024E48FFF73BF94C48807900074F
:10D02000C00F002825D04948E4300078012833D1CA
:10D0300048480088401C4749088008460088FF216E
:10D040002D31884216D1002001F036FAFFF740FE5C
:10D05000414801683B480068C01C814204D23948FD
:10D060000068C01C3C49086032217D20000108F0A6
:10D070003DF964E037480088FF212E3188425ED1B7
:10D080000020344908800320FAF784FB012001F0D6
:10D0900013FAF9F7D7FE52E02C48E4300078022862
:10D0A00048DB2C480088401C2A4908800846008834
:10D0B000FF212D31884216D1002001F0FDF9FFF744
:10D0C00007FE254801681F480068C01C814204D241
:10D0D0001C480068C01C2049086032217D200001E6
:10D0E00008F004F92BE01B480088FF212E3188420C
:10D0F00002D1F9F7A7FE22E016480088FF212F3160
:10D10000884205D132217D20000108F0EFF816E0B9
:10D1100010480088FF213031884210D100200D498D
:10D1200008800320FAF736FB012001F0C5F9F9F772
:10D1300089FE04E0002007490880F9F783FE10BD4E
:10D140007A000020580000207E000020E8860020A1
:10D15000800C00407C0000203C0000200448406916
:10D1600040210840002801D0012070470020FCE742
:10D1700000340140402001494861704700340140BB
:10D1800010B5264800F005F901281DD1234800F00C
:10D1900022F9012818D1214800F043F9C4B21F48F0
:10D1A00000F024F91E48008B7D21C90088420ADA6C
:10D1B0001B48018B008B401C194A108319484454AA
:10D1C00064201146488300BF144800F0FAF8012893
:10D1D0001BD1124800F018F9012816D11148303837
:10D1E000418D008D81420DDA0F48104A1288815C12
:10D1F0000A4800F01BF90B483038408D401C0949A3
:10D2000030394885054800F009F90948808A052821
:10D2100002DA05200649888210BD00000040014066
:10D2200020900020508C002060880020800000208A
:10D23000E886002010B501212748FAF7C1F901213D
:10D240002648FAF7BDF90120FAF71CF90020FAF791
:10D250002DF9022201212248F9F7A3FC0022022124
:10D260001F48F9F79EFC012211461D48FFF712F8EE
:10D27000012202211A48FFF70DF8102004F070FB7C
:10D280000221102004F018FC102004F091FB002172
:10D29000144800F02BF81449124800F031F800212E
:10D2A000104800F05DF840210E4800F041F80021E0
:10D2B0000C4800F031F801210A4800F075F801210E
:10D2C000084800F041F80121064800F056F8002017
:10D2D000C0430449886010BD070000010F0000032F
:10D2E000800C004000400140000052050A46C16821
:10D2F000C908C90053075B0F1943C160704700009C
:10D300000A46C168034B1940DB4313401943C1600F
:10D3100070470000FFFF00E010B50A4601683024A6
:10D320000B46A3431946302313401943016010BD37
:10D3300010B50A460168C0240B46A3431946C02312
:10D3400013401943016010BD012904D10268022372
:10D350001A43026003E0026802239A4302607047A6
:10D3600010B50A460168FF2401340B46A343194651
:10D37000234613401943016010BD012904D10268FE
:10D3800001231A43026003E002685208520002605F
:10D39000704701464868FF2201321040002801D042
:10D3A000012070470020FCE7012904D142680B02EC
:10D3B0001A43426004E04268FF2301339A4342600B
:10D3C000704701464868C007C00F002801D00120FF
:10D3D00070470020FCE701468868FF2201321040B8
:10D3E000002801D0012070470020FCE7FF21013117
:10D3F000816070470146886802221040002801D0F1
:10D40000012070470020FCE701468868C007C00F74
:10D41000002801D0012070470020FCE70121816035
:10D42000704701460869C005C00D7047CA05D20D96
:10D430004261704738B5142006F0DEFB00200090F2
:10D4400068460DF065F80446002C01D0012038BD77
:10D450000020FCE738B50020009068460DF058F831
:10D460000546002D09D011A112A0FFF7BDFB6846AB
:10D47000017812A0FFF7B8FB08E019A10DA0FFF793
:10D48000B3FB6846017817A0FFF7AEFB0DF058F824
:10D490000446002C07D005A106A0FFF7A5FB18A0A5
:10D4A000FFF7A2FB38BD00BFFCE700004552524F1A
:10D4B000520000000A5B25735D0000004C5452339B
:10D4C0005858204765742053657269616C204E7509
:10D4D0006D626572204552524F523A202564000019
:10D4E0004C4F47004C545233585820536572696171
:10D4F0006C204E756D6265723A2025640000000054
:10D500006C74723378785F73746172745F70657273
:10D51000696F6469635F6D6561737572656D656E72
:10D5200074204661696C000030B593B0A6A207CAAA
:10D5300010AB07C3A7A103C90F910E90012010F0F3
:10D5400037FC012010F020FC0FF0AAFE142000F0A0
:10D55000A3FBF9F75DF8F8F733FEF9F721F8042299
:10D560009E4908461C30F7F783FB10229C499B48D4
:10D570000C30F7F77DFB08229A499848001DF7F711
:10D5800077FB0422984995481C30F7F771FB10226D
:10D59000964992482030F7F76BFB102294498F4848
:10D5A0003030F7F765FBF9F73DFAF9F77DF8F9F751
:10D5B000E3F8904A03210120F9F7C4F98E490020CD
:10D5C000F9F782FA0220F9F753F90A20F9F74AFA33
:10D5D00003210120F9F77CF9F9F7F4F9F9F746F896
:10D5E000142000F059FBF8F76DFBF8F7CBFAF8F7C9
:10D5F00061FDF8F70DFCF8F7C1FEF8F7E1FCF8F76C
:10D6000059FFF8F77BFEF8F791FFF8F715FDF8F7EB
:10D610009BFCF9F72BF8142000F03EFB002010F0E3
:10D62000C7FB76A20A2110A804F0E8F869A2052138
:10D630000EA804F0E3F873A0FFF7D6FA00F066FB3B
:10D6400004467CA0807930380A21484379A1C97901
:10D6500040180146303977A0C07830380A2250434C
:10D6600074A2127980180246303A72A000783038DD
:10D670000A2358436FA35B78C0180346303B70A061
:10D680000079202801D1002002E06DA00079303817
:10D690000A2568436AA56D79303D401905930692C5
:10D6A0000791049066A0C07930380A21484364A1EC
:10D6B000097A401830380A21484361A1497A303943
:10D6C00040180A2148435EA1897A303940185FA189
:10D6D0000EAA10AB03940092019102900F22032135
:10D6E0005BA0FFF781FA3D48C01F817A427A007A39
:10D6F0003A4BDB1FDB790193039204910290374888
:10D70000C01F807900903548C01F43790279C178E5
:10D710005DA0FFF769FA31480C30C07B2F490C310E
:10D72000897B2E4A0C32527B2C4BDB1FDB7F09930B
:10D730000A920B910C902948C01F817F407F274A95
:10D74000D21F127F254BDB1FDB7E059306920891CB
:10D7500007902248C01F807E2049C91F4A7E097E4B
:10D760001E4BDB1FDB7D01930392029104901B484B
:10D77000C01F807D00901948C01F437D027DC17C81
:10D780004C48FFF731FA1548C01F807C1349C91F68
:10D79000497C124AD21F127C104BDB1FDB7B0193AA
:10D7A0000292039104900D48C01F807B00900B48AB
:10D7B000C01F437B027BC17A3FA0FFF715FA11A07F
:10D7C000FFF712FA13B030BD41533932335F415382
:10D7D000320000004F544141000000002BB40020F3
:10D7E000940000208C000020A4000020A80000204D
:10D7F000B8000020A027BE3308E6D333455538369D
:10D80000380000000D0A2A2A2A2A2A2A2A2A2A2A25
:10D810002A2A2A2A2A2A2A2A2A2A2A2A2A2A2A2A68
:10D820002A2A2A2A2A2A2A2A2A2A2A2A2A2A0D0A95
:10D830000000000032313A32353A30390000000041
:10D840004A756C20323120323032360043000000FD
:10D850000D0A536F66745665723A5625642E256418
:10D860005F25735F25735F436C61737325735F4C32
:10D8700049525F25642E25642E25645F25643A2570
:10D88000643A25640D0A00000D0A44657645756901
:10D890003A253032782530327825303278253032CA
:10D8A000782530327825303278253032782530327C
:10D8B000780D0A00EC8103000D0A4170704575690E
:10D8C0003A2530327825303278253032782530329A
:10D8D000782530327825303278253032782530324C
:10D8E000780D0A0010B50BF0B7FE9C490968884214
:10D8F00000D210BD0BF0B0FEFF30F5309749086044
:10D900009748007A030003F0EAFF05041D3F83C235
:10D91000EF009448006894490968884211D89048FB
:10D92000007A00280DD18E48C079022809D1012142
:10D930008B4801728D48808A962802DA96208B499E
:10D94000888207E1864840380078400840008449D2
:10D9500040390870012010F02BFA012010F014FA61
:10D96000F9F730F80FF09CFC142000F095F9002036
:10D9700010F00AFA642000F08FF900207C4908803A
:10D98000022177480172E5E00BF084FD00281AD0EF
:10D990000BF0C8FD002816D00321714801727548AC
:10D9A0000078002807D074A174A0FFF71DF975A0B6
:10D9B000FFF71AF92BE083A170A0FFF715F982A0F9
:10D9C000FFF712F923E06A480088401C6849088084
:10D9D0007CA16AA0FFF708F96548018885A0FFF7D8
:10D9E00003F963480088F02811DB002060490880B3
:10D9F00088A162A0FFF7F8F888A0FFF7F5F80221E8
:10DA00005748C17104210172052058498882A1E05C
:10DA100058480078002811D00020564908707D2011
:10DA2000C00000F039F954A154A0FFF7DDF883A03D
:10DA3000FFF7DAF8FF20F53000F02EF948484038BB
:10DA4000007840084000401C4549403908700020DB
:10DA50008649087046490880002141480172C17119
:10DA60004248407902218843801C40494871084659
:10DA7000807AFF2807D0002220217D4807F070F827
:10DA800064203A49C86105203849888262E005204F
:10DA9000364988820021324801720221C171314821
:10DAA00000683149096888424FD870480078401CA6
:10DAB0006E49087008460078052801DD05200870C9
:10DAC00001206A49087008460078030003F007FF48
:10DAD000062C040D151D252C23480068E121C900E2
:10DAE00040182049086026E033E01F480068E12123
:10DAF000090140181B4908601DE01B480068E1212E
:10DB0000490140181749086015E017480068E121ED
:10DB1000C9014018134908600DE0134800685549D1
:10DB200040181049086006E00F4800685149401845
:10DB30000C49086000BF00BF22A110A0FFF754F8F5
:10DB4000084801684CA0FFF74FF8002010F030F9AA
:10DB500000E000BF00BF00BFCBE60000D000002007
:10DB600064B40020CC00002058000020E88600208B
:10DB7000D40000203200002041434B000A5B257393
:10DB80005D000000666163746F72794D6F6465209B
:10DB9000416972204D6F6E69746F72696E672053B0
:10DBA000656E736F7220537465703A4C6F526120CA
:10DBB0005265676973746572205375636365737327
:10DBC000000000004C4F4700416972204D6F6E69A4
:10DBD000746F72696E672053656E736F72204C6F3D
:10DBE000526120526567697374657220537563636F
:10DBF000657373004C6F526157414E2057616974D1
:10DC000020456E74657220496E204E65742025642F
:10DC1000000000005741524E000000004C6F52615E
:10DC200057414E20456E74657220496E204E6574D2
:10DC30002054696D656F757421000000666163741E
:10DC40006F72794D6F646520416972204D6F6E6906
:10DC5000746F72696E672053656E736F72205374B0
:10DC600065703A46696E697368000000C80000205C
:10DC7000D473002080510100557064617465205296
:10DC800065636F6E6E6563742054696D657374614E
:10DC90006D703A20256C640010B50446204605F0EE
:10DCA000ABFF10BD70B504462046F7F728F885B2E3
:10DCB0002946204600F002F870BD0000F8B5044681
:10DCC0000D46002627460CE03046721C96B2395CA1
:10DCD0000B48FFF7ABFB00BF0948FFF78BFB0028A1
:10DCE000FAD0AE42F0DB0748808A052802DA052028
:10DCF0000449888204480068401C03490860F8BD54
:10DD000000400140E88600201C0000201FA1897807
:10DD100070292ED00CDC672929D004DC622918D0A8
:10DD200063292ED12BE06C291FD06E2929D108E060
:10DD3000722910D074291ED076291ED0792920D1BD
:10DD400011E012A14978612901D1012000E00620EB
:10DD500019E0022017E00DA14978612901D10320C3
:10DD600000E004200FE005200DE007200BE0082074
:10DD700009E0092007E00A2005E00B2003E00C2061
:10DD800001E0002000BF00BF704700004A756C2012
:10DD9000323120323032360010B5802000F09AFB4C
:10DDA000012802D1802000F0A1FB402000F092FB6E
:10DDB000012802D1402000F099FB202000F08AFBCE
:10DDC000012802D1202000F091FB102000F082FBFE
:10DDD000012802D1102000F089FB082000F07AFB16
:10DDE000012809D1082000F081FB13480079802127
:10DDF0008843803010490871042000F06BFB012833
:10DE000002D1042000F072FB022000F063FB012825
:10DE100009D1022000F06AFB07480079802188437D
:10DE2000803005490871012000F054FB012801D120
:10DE300000F05CFB10BD0000E886002010B500205B
:10DE40000B490870022005F0D7FE72B60020094980
:10DE5000086062B6642005F0CFFE72B6054800681F
:10DE60000549086001200249087062B610BD000033
:10DE700000000020040000200C0000207FB50646B2
:10DE80000D4614466A4629463046FEF7B3F8009818
:10DE9000A84217D16846C079002813D1002C03D1BD
:10DEA0006846407900280DD1012C03D1684640799D
:10DEB000012807D168468079002803D16846007997
:10DEC000012813D0029500206946C873002C01D1A7
:10DED000487302E001206946487300216846817357
:10DEE0000121017302A93046FEF772F97FBD0000DF
:10DEF0001FB501208007F9F76DFA0120F9F758FAEC
:10DF000001218948F9F75CFB002280218748FFF74F
:10DF1000B5FF0022FF2101318448FFF7AFFF8021C8
:10DF20008248FEF7B3F9FF2101318048FEF7AEF9D0
:10DF300030207F490870032048700120887000203D
:10DF4000C87001200871002048718871C87108727A
:10DF500048728872C872142005F04EFE72B674487A
:10DF6000017808200FF0CCFC714840780007010EC2
:10DF700004200FF0C5FC6E4880788007010E022057
:10DF80000FF0BEFC6A48C0788007010E02200FF037
:10DF9000B7FC67480079C007010E01200FF0B0FC04
:10DFA00063484079C007010E01200FF0A9FC6048CA
:10DFB00080798007010E02200FF0A2FC5C48C07936
:10DFC000C007010E01200FF09BFC5948007AC007E2
:10DFD000010E01200FF094FC5548407AC007010E55
:10DFE00001200FF08DFC5248807AC007010E0120FD
:10DFF0000FF086FC4E48C07AC007010E01200FF0DA
:10E000007FFC80214948FEF741F962B60A2005F0FD
:10E01000F3FD0022FF2101314448FEF7A4FE012355
:10E02000002219024148FDF7A7FE0DF03BFE044611
:10E03000E001010E68460170E003010F684641707F
:10E04000E004810F684681706005810F6846C170E9
:10E05000FF2001302040C1B2684601718020214676
:10E060000140684641716006810F68468171102049
:10E07000214601406846C17108202146014068469A
:10E080000172042021460140684641720220214667
:10E09000014068468172E107C90FC17225A0FEF7F1
:10E0A000A3FD2DA0FEF7A0FD6846017830A0FEF785
:10E0B0009BFD6846417834A0FEF796FD684681785E
:10E0C00036A0FEF791FD6846C17839A0FEF78CFDB9
:10E0D000684601793BA0FEF787FD684641793EA07E
:10E0E000FEF782FD6846817940A0FEF77DFD684617
:10E0F000C17943A0FEF778FD6846017A44A0FEF797
:10E1000073FD6846417A47A0FEF76EFD6846817A46
:10E1100049A0FEF769FD6846C17A4CA0FEF764FD90
:10E120004FA0FEF761FD1FBD07000001400C00403D
:10E130007CB400200A2A2A2A2A2A2A2A2A2A2A2AB7
:10E140002A2A2A2A2A2A2A2A2A2A2A2A2A2A2A2A2F
:10E150002A2A2A2A2A0A000050495220526561645C
:10E160002053657420506172616D200A0000000028
:10E17000092073656E73697469766974793A203021
:10E1800078253032580A00000920626C696E645F9D
:10E1900074696D653A2025640A00000009207075D5
:10E1A0006C73655F636E743A2025640A000000009A
:10E1B000092077696E646F775F74696D653A202511
:10E1C000640A000009206D6F74696F6E5F656E3AB6
:10E1D0002025640A000000000920696E745F736FD7
:10E1E000757263653A2025640A00000009206164A5
:10E1F000635F736F757263653A2025640A000000DF
:10E20000092065786C646F5F656E3A2025640A00AA
:10E21000092073656C665F746573743A2025640A1F
:10E220000000000009206870665F6375745F6672A5
:10E23000713A2025640A00000920696E7075745FC8
:10E24000636C616D703A2025640A000009206D6FCF
:10E2500074696F6E5F6D6F64653A2025640A000013
:10E260002A2A2A2A2A2A2A2A2A2A2A2A2A2A2A2A0E
:10E270002A2A2A2A2A2A2A2A2A2A2A2A2A2A2A2AFE
:10E280000A00000010B572B6FF2101310948FDF700
:10E29000FDFF0022FF2101310648FFF7EFFD32208C
:10E2A0000CF058FD0022FF2101310248FEF75BFD12
:10E2B00062B610BD400C004010B54B21C9010A48A0
:10E2C00002F080FF00F012F8642005F095FC0121B7
:10E2D000E4200FF03DFB642005F08EFC0121E120DD
:10E2E0000FF036FB10BD0000006C014010B501209E
:10E2F0008007F9F76FF80120F9F75AF801210B4868
:10E30000F9F75EF9002210210948FFF7B7FD002256
:10E3100020210748FFF7B2FD10210548FDF7B8FF9F
:10E3200020210348FDF7B4FF10BD000007000001E5
:10E33000400C004010B510210148FDF7A9FF10BDA9
:10E34000400C004010B502460023002003E0145C9E
:10E35000E418A3B2401C8C1E8442F8DC184610BDA1
:10E36000F3B58DB00446022238492046F6F7DCFCAE
:10E37000002869D10E98202866D1A0780602E1789D
:10E380000E431C2E01D00FB0F0BD20790002617940
:10E3900008430C90A0790002E17908430B90207AA1
:10E3A0000002617A08430A90A07A0702E17A0F43DB
:10E3B000207B0002617B08430990A07B0002E17B87
:10E3C00008430890207C0002617C08430790A07CF1
:10E3D0000002E17C08430690207D0002617D084335
:10E3E0000590A07D0002E17D08430490207E00029C
:10E3F000617E08430390A07E0002E17E0843029004
:10E40000207F0190607F009020460E99FFF79AFFD1
:10E410000546A07F0102E07F0143A9420BD10C48D1
:10E4200047840B49099888840898C88410210948B2
:10E43000FDF72CFF07E008A109A0FEF7D5FB294650
:10E4400009A0FEF7D1FB00BF00BF9CE7EB0702006D
:10E45000AC870020400C00404552524F5200000053
:10E460000A5B25735D000000504D534120436D64ED
:10E4700020436865636B20435243204572726F727C
:10E480003A20256400000000F8B504460D46002639
:10E4900027460CE03046721C96B2395C054802F003
:10E4A0008DFE00BF034802F06DFE0028FAD0AE4298
:10E4B000F0DBF8BD006C01400146054A1068800899
:10E4C00080008A07920F1043014A106070470000D5
:10E4D000002000400146044880680840002801D020
:10E4E000012070470020FCE70020004001498860BF
:10E4F000704700000020004030B51F49C98A02293A
:10E5000003D01D49C98A042917D1002110E0002237
:10E5100008E0194C648A4C43A318174D2D68E85441
:10E52000531C9AB2144B5B8A9342F2DC4A1C91B2A0
:10E53000114A928A8A42EADC1CE00F49C98A0729FB
:10E5400018D1002112E000220AE00B4C648A4C43EF
:10E55000A31804010443084D2D68EC54531C9AB2CF
:10E56000054B5B8A9342F0DC4A1C91B2024A928AC4
:10E570008A42E8DC30BD000094B30020FFB583B0D0
:10E580001D462A46EB175B0F9B18DB10DB00EB1ACE
:10E5900005D12946CB175B0F5B18DB1005E0284639
:10E5A000EB175B0F1B18DB105B1C9BB20193002663
:10E5B00038E0002432E02046E117490F0918CA105C
:10E5C00001997143521803998F5C0D9800280DD062
:10E5D0002046E117490F0918C910C900621A3946C7
:10E5E0009140CA090121914302910CE02046E117B4
:10E5F000490F0918C910C900621A39469140802292
:10E600001140C9090291059AB21891B2049AA21850
:10E6100090B2029A00F01CFB601C84B2AC42CADBD0
:10E62000701C86B20C988642C3DB07B0F0BD0000B8
:10E63000FFB583B007461D4645488088B84204DBD5
:10E640004348C1880498814204DA42A0FEF7CCFA1C
:10E6500007B0F0BDA9880091C9174A0F0099511859
:10E66000C910A888C217520F1218D210D200821AED
:10E6700001D0012200E000228A1805992039EB8898
:10E68000594351430291286802994018019000268D
:10E6900058E0002446E00D98FF2816D12046E117E7
:10E6A000490F0918C910C900621A80211141019A45
:10E6B00012781140002927D0049A921991B23A1980
:10E6C00090B20C9A00F0C4FA1EE02046E117490F00
:10E6D0000918C910C900621A80211141019A1278E3
:10E6E0001140002908D0049A921991B23A1990B2B7
:10E6F0000C9A00F0ADFA07E0049A921991B23A1917
:10E7000090B20D9A00F0A4FA2046E117490F0918BB
:10E71000C910C900611A072902D10198401C019053
:10E72000601C84B2A888A042B5DCA888C117490F34
:10E730000918C910C900411A02D00198401C019063
:10E74000701C86B2E888B042A3DC00BF80E70000FE
:10E7500094B300205061696E745F447261774368BE
:10E76000617220496E7075742065786365656473A5
:10E7700020746865206E6F726D616C2064697370BF
:10E780006C61792072616E67650D0A00F0B589B021
:10E7900004460D4616461F4640488088A0420BDBC3
:10E7A0003E48C088A84207DB3C488088B04203DB73
:10E7B0003A48C088B84204DA39A0FEF715FA09B021
:10E7C000F0BD08940795301B01D4301B00E0A01B5E
:10E7D0000690781B002801DC781B00E0E81B059000
:10E7E000B44201DA012001E00020C0430490BD42A0
:10E7F00001DA012001E00020C0430390059906984A
:10E80000401802900020019000BF0198401CC0B247
:10E8100001901098012810D103210198F6F78CF986
:10E8200000290AD101200090FF220F9B0799089828
:10E8300000F0C8F80020019007E0012000900F9B35
:10E840000E9A0799089800F0BDF8029841000598C3
:10E8500081420CDB0898B04200D11BE00599029878
:10E860004018029004990898401880B208900298C5
:10E87000410006988142C8DC0798B84200D109E0FF
:10E88000069902984018029003990798401880B2A0
:10E890000790BAE700BF00BF91E7000094B30020E3
:10E8A0005061696E745F447261774C696E6520498E
:10E8B0006E7075742065786365656473207468652F
:10E8C000206E6F726D616C20646973706C61792069
:10E8D00072616E67650D0A00FFB5FFB086B006462F
:10E8E0000F461546002400208490FF21013144A8E2
:10E8F000F6F7E6F9FF21013104A8F6F7E1F944A89B
:10E90000039021488088B04203DB1F48C088B8428A
:10E9100005DA1EA0FEF768F97FB00AB0F0BD002D41
:10E9200012DD0EE00A212846F6F706F93031C8B2AA
:10E9300004A90855601C04B20A212846F6F7FCF821
:10E940000546002DEED104E0302004A90855601CD6
:10E9500004B20BE0601E04A9095C44AA8498115417
:10E960008498401C00B28490601E04B2002CF1DC3C
:10E970008F998E980191009039463046889B039A72
:10E9800000F0C4F800BFC7E794B300205061696E7F
:10E99000745F4469734E756D20496E70757420659F
:10E9A00078636565647320746865206E6F726D614D
:10E9B0006C20646973706C61792072616E67650D9B
:10E9C0000A000000FFB581B007461C462C4880882D
:10E9D000B84204DB2A48C1880298814210DA29A093
:10E9E000FEF702F926488288394635A002F0F6FE85
:10E9F0002348C2883BA0029902F0F0FE05B0F0BDAA
:10EA00000A98012823D100251CE0002613E078197C
:10EA1000001B03D402988019001B00D50FE0029A56
:10EA20009219121B91B27A19121B90B2039A00F03C
:10EA30000FF9701C06B26000401EB042E7DC00BF58
:10EA4000681C05B26000401EA842DEDC15E000250F
:10EA500011E000260BE0029A9219521E91B27A1927
:10EA6000521E90B2039A00F0F3F8701C06B2A64250
:10EA7000F1DB681C05B2A542EBDB00BFBEE700007E
:10EA800094B300205061696E745F44726177506F77
:10EA9000696E7420496E707574206578636565646D
:10EAA0007320746865206E6F726D616C2064697389
:10EAB000706C61792072616E67650D0A000000005C
:10EAC00058706F696E74203D202564202C205061A1
:10EAD000696E742E5769647468203D202564202077
:10EAE0000D0A200059706F696E74203D2025642046
:10EAF0002C205061696E742E486569676874203DEA
:10EB000020256420200D0A2000000000F0B585B00B
:10EB100004460E4617461D46039402961C488088FC
:10EB2000A04203DB1A48C088B04204DA19A0FEF7FD
:10EB30005BF805B0F0BD25E0A988039808181449D2
:10EB40008988884205DD0394E9880298081880B214
:10EB50000290E988029808180D49C988884201DDA9
:10EB6000039402960B990A98019100903A782B46EB
:10EB700002990398FFF75CFD7F1CA9880398081889
:10EB800080B2039038780028D6D100BFD1E70000CA
:10EB900094B300205061696E745F4472617753745E
:10EBA00072696E675F454E20496E70757420657896
:10EBB000636565647320746865206E6F726D616C47
:10EBC00020646973706C61792072616E67650D0AEB
:10EBD00000000000FFB50020194C20600098206064
:10EBE0002046018142810998A0810220E0820C46E2
:10EBF000CE17760F3619F610F6008E1B05D10D468E
:10EC0000EE17760F7619F61005E00846CE17760F48
:10EC10003618F610761C0A4F7E8238468282C381EF
:10EC200001203C462082002B01D0B42B03D10448A4
:10EC30008180C28002E002488280C180FFBD000066
:10EC400094B30020014908607047000094B300208D
:10EC5000F7B582B00746164684488088B84204DB80
:10EC60008248C1880398814204DA81A0FDF7BCFF85
:10EC700005B0F0BD7D48C089002808D05A2809D0C9
:10EC8000B4280FD0FF380F3800281ED116E03C46BC
:10EC9000039D1BE0754801890398081A401E84B241
:10ECA0003D4613E071480089C01B401E84B26F4886
:10ECB00041890398081A401E85B207E0039C6B48FF
:10ECC0004089C01B401E85B200E0D1E700BF674805
:10ECD000008A002806D0012805D0022809D0032880
:10ECE00018D10CE017E061480089001B401E84B277
:10ECF00011E05E484089401B401E85B20BE05B4836
:10ED00000089001B401E84B258484089401B401EA9
:10ED100085B200E0ACE700BF54480089A04203DBA5
:10ED200052484089A84203DA51A0FDF75DFF9FE7F2
:10ED30004E48C08A022830D12046E117490F0918F1
:10ED4000CA104A49498A69435118019147480168E4
:10ED50000198085C0090002E0FD12046E117490F62
:10ED60000918C910C900611A80220A41009991430B
:10ED70003E4A1368019A99540EE02046E117490F64
:10ED80000918C910C900621A80211141009A0A436A
:10ED900036490B6801995A5466E03448C08A042801
:10EDA00034D12046E117890F09188A102F49498A62
:10EDB0006943511801913046F117890F09188910DC
:10EDC0008900711A8EB2294801680198085C009088
:10EDD0002046E117890F091889108900611A490036
:10EDE000C0220A41009991430091E117890F091847
:10EDF00089108900611A4A00B1011141009A11433A
:10EE0000CAB21A490B6801995A542DE01748C08AB2
:10EE1000072829D12046E10F09184A101349498AC9
:10EE2000694351180191114801680198085C0090EC
:10EE30002046E10F091849104900611A8900F022A3
:10EE40000A41009991430091E10F091849104900C6
:10EE5000611A8A0031011141009A1143CAB2034973
:10EE60000B6801995A5400BF00BF01E794B300201A
:10EE7000457863656564696E6720646973706C6169
:10EE80007920626F756E6461726965730D0A0000A6
:10EE900010B500241BE008210E48FDF7E3F9002817
:10EEA00000D115E0601CC0B2044614280CDB00241D
:10EEB00000200949887309A10AA0FDF795FE0B49B6
:10EEC0000BA0FDF791FE03E0642004F095FEE2E75D
:10EED00000BF10BD000D0040E88600205741524E93
:10EEE000000000000A5B25735D000000370003008E
:10EEF00025732054696D656F757421212100000010
:10EF000010B500241CE008210F48FDF7ABF90028DC
:10EF100000D116E0601CC0B2044614280DDB0024AA
:10EF200000200A4988730AA10BA0FDF75DFE0C4979
:10EF30000CA0FDF759FE002010BD642004F05CFE1B
:10EF4000E1E700BF0120F7E7000D0040E886002060
:10EF50005741524E000000000A5B25735D0000001F
:10EF60004000030025732054696D656F757421217D
:10EF700021000000012806D10649C9690822114371
:10EF8000044AD16105E00349C96908229143014A55
:10EF9000D161704700280040012806D10649096A5E
:10EFA00010221143044A116205E00349096A102244
:10EFB0009143014A1162704700280040012806D1A0
:10EFC0000649496801221143044A516005E003499A
:10EFD000496849084900014A5160704700280040CB
:10EFE000012806D10649096801221143044A11602B
:10EFF00005E00349096849084900014A1160704762
:10F000000028004001494861704700000028004086
:10F0100010B502A0FDF7E8FD10BD00000A70726592
:10F02000737320727374206B657920646F75626CE2
:10F03000652068616E646C65720A000010B511A0ED
:10F04000FDF7D2FDFCF736F91648407902218843D6
:10F05000801C144948710846C08A3C214843124923
:10F0600009684018114908600F4800681049086095
:10F0700000200C498873002220210E4805F070FD05
:10F0800010BD00000A707265737320727374206B78
:10F090006579206C6F6E672068616E646C65720ABA
:10F0A00000000000E8860020580000203800002002
:10F0B00034000020D473002010B511A0FDF794FD9A
:10F0C0001748407B002803D000201549487302E010
:10F0D0000120134948731248407920218843203089
:10F0E0000F4948716420C8610846807AFF2806D01D
:10F0F00000208873002220210A4805F031FD10BD50
:10F100000A707265737320727374206B6579207353
:10F11000686F72742068616E646C65720A0000002A
:10F12000E8860020D4730020024880698006800EA3
:10F1300070470000001001408106890E014A91616C
:10F140007047000000100140024840698006800EB0
:10F1500070470000001001408106890E014A51618C
:10F160007047000000100140024800694006400E50
:10F1700070470000001001404106490E014A11612C
:10F1800070470000001001400248006AC006C00E2F
:10F190007047000000100140C106C90E014A11620B
:10F1A00070470000001001400248C0684006400E51
:10F1B00070470000001001404106490E014AD1602D
:10F1C00070470000001001400248C0694007400F2E
:10F1D00070470000001001404107490F014AD1610A
:10F1E00070470000001001400148406AC0B27047FB
:10F1F00000100140C1B2014A516270470010014045
:10F20000012806D10649C96B01221143044AD16382
:10F2100005E00349C96B49084900014AD1637047B9
:10F2200040100140F0B585B00646012700251EE0DC
:10F2300002A800F005F9684600F002F9002408E091
:10F2400002A8005D6946095D884200D003E0601CA9
:10F25000C4B2072CF4DB00BF072C06D1002707221D
:10F2600002A93046F5F704FD03E0681CC5B2032D82
:10F27000DEDB00BF384605B0F0BD000010B500F081
:10F2800019F8012811D1094800792021884320303C
:10F29000064908710846808A052801DA0520888217
:10F2A0003C200349C88500F013F810BDE886002013
:10F2B000208C0020054880680121C90208400028F0
:10F2C00001D0012070470020FCE700000010014041
:10F2D0000120C00201498860704700000010014011
:10F2E0001CB501213C48F8F76BF9002000F0D8F874
:10F2F000002000900190394949697D221201881A45
:10F300000A21F5F703FC0401344949697D22120101
:10F31000881A0A21F5F7FAFB0C43684604702F4956
:10F320000969481C0A21F5F7F1FB04012B49096919
:10F33000481C0A21F5F7EAFB0C436846447027494C
:10F34000C8680A21F5F7E2FB04012449C8680A21CC
:10F35000F5F7DCFB0C4368468470204988680A2175
:10F36000F5F7D4FB04011D4988680A21F5F7CEFBA7
:10F370000C436846C470194948680A21F5F7C6FB72
:10F380000401164948680A21F5F7C0FB0C4368469A
:10F390000471124908680A21F5F7B8FB04010F4906
:10F3A00008680A21F5F7B2FB0C43684644710B4824
:10F3B000017E6846817100F013F80120FFF720FFFD
:10F3C000022002F0B1FA0221084602F039FB0220C5
:10F3D00002F0E2FA1CBD00000200000134880020A7
:10F3E000FEB50546002622E0134800F06BF82846DB
:10F3F00000F03EF8114800F065F86846FFF712FF8C
:10F400000746002F11D10127002407E06846005D60
:10F41000295D884200D003E0601CC4B2072CF5DBF4
:10F4200000BF072C01D1002703E0701CC6B2032ED9
:10F43000DADB00BF3846FEBDACACACACAA55AA5571
:10F4400000B50146FFF7B0FE4871FFF78DFE087169
:10F45000FFF77AFEC870FFF767FE8870FFF794FE2B
:10F460004870FFF7C1FE0870FFF7AEFE887100BD5F
:10F4700000B503465879FFF79FFE1879FFF77CFE29
:10F48000D878FFF769FE9878FFF756FE5878FFF7AF
:10F4900083FE1878FFF7AEFE9879FFF79DFE00BD5A
:10F4A000012806D10649896B01221143044A916360
:10F4B00005E00349896B49084900014A9163704797
:10F4C0000010014001490860704700000010014031
:10F4D0003EB50024012189020B48FCF7D9FE142017
:10F4E00004F08AFB0EF06AF80EF04CF80EF014F8F7
:10F4F0006A4601A902A80DF017FF0446002C01D0AE
:10F5000001203EBD0020FCE7000C004038B5044659
:10F5100000210091694620460DF050FF0AA10BA082
:10F52000FDF762FB684600880121C903421A2146A3
:10F5300008A0FDF759FB684600880F49884201D0B2
:10F54000012038BD0020FCE74C4F47000A5B2573C3
:10F550005D000000534344345820466F7263656475
:10F5600050504D2057726974653A2025752C2052F1
:10F570006561643A20256400FFFF0000F0B58DB09E
:10F5800000200C9000270B900A90012189027248FC
:10F59000FCF77EFE142004F02FFB0EF00FF80DF0A8
:10F5A000F1FF0DF0B9FF06AA07A908A80DF0BCFEEF
:10F5B0000446002C08D069A16AA0FDF715FB21467E
:10F5C0006AA0FDF711FB0AE071A166A0FDF70CFB34
:10F5D0006846038B828B018C6EA0FDF705FB00272C
:10F5E000B4E07448808A142802DA142071498882B1
:10F5F0000DF0C8FE0446002C08D058A159A0FDF714
:10F60000F3FA21466CA0FDF7EFFA9EE00CA80DF08E
:10F6100061FE0446002C08D050A152A0FDF7E4FA88
:10F62000214670A0FDF7E0FA8FE008A8007C0128D1
:10F6300053D075A14BA0FDF7D7FA08A8017C74A0A0
:10F64000FDF7D2FA7D20C00004F0D6FA0CA80DF028
:10F6500041FE6DA143A0FDF7C7FA08A8017C6CA08C
:10F66000FDF7C2FA08A8007C01286ED10AAA0BA9EE
:10F6700009A80DF0CFFE0446002C08D037A139A010
:10F68000FDF7B2FA21466AA0FDF7AEFA5DE040A1AF
:10F6900034A0FDF7A9FA0A98F5F708FE6F49029021
:10F6A000F5F725FC0390F5F781FE05460E460B980D
:10F6B000F5F7FCFD69490290F5F719FC0390F5F7A1
:10F6C00075FE02460B46019600950591049068462A
:10F6D000818C63A0FDF788FA37E00AAA0BA909A874
:10F6E0000DF098FE0446002C08D01CA11DA0FDF7CB
:10F6F0007BFA21464EA0FDF777FA26E024A119A057
:10F70000FDF772FA0A98F5F7D1FD06465349F5F769
:10F71000EEFB0546F5F74AFE059104900B98F5F7C8
:10F72000C5FD06464D49F5F7E2FB0546F5F73EFEF9
:10F730000391029005990498019100906846818C8C
:10F7400047A0039B029AFDF74FFA7F1C012F00DAB6
:10F7500047E70DB0F0BD0000000C00404552524F8D
:10F76000520000000A5B25735D00000053434434DF
:10F7700058204765742053657269616C204E756D21
:10F78000626572204552524F523A202569000000AE
:10F790004C4F470053434434582053657269616CA1
:10F7A0003A20307825303478253034782530347854
:10F7B00000000000E886002053434434582053746E
:10F7C0006172742053696E676C65204D6561737555
:10F7D00072656D656E74204552524F523A2025690C
:10F7E00000000000534344345820476574204461AE
:10F7F000746120526561647920466C6167204552CE
:10F80000524F523A202569005741524E00000000E5
:10F810005343443458204765742044617461204E3A
:10F820006F742052656164793A20256400000000FD
:10F830004572726F7220657865637574696E6720B2
:10F8400053434434582052656164204D656173759B
:10F8500072656D656E743A202569000000007A4477
:10F860005343443458205265616420434F323A2058
:10F8700025752C2054656D70657261747572653ADA
:10F8800020252E3266432C2048756D696469747991
:10F890003A20252E3266524800000000F0B58BB0A9
:10F8A00006460020099000240890079009A80DF052
:10F8B00011FD0546002D09D045A147A0FDF794F99B
:10F8C000294647A0FDF790F90BB0F0BD07AA08A99B
:10F8D00006A80DF09FFD0546002D08D03CA13EA0D6
:10F8E000FDF782F9294647A0FDF77EF908E050A10F
:10F8F00039A0FDF779F96846018B4EA0FDF774F940
:10F90000002E00D1E0E76846008B00280AD14E485F
:10F91000008906902EA130A0FDF766F94BA0FDF7F7
:10F9200063F900E000BF6846018B4748018100246D
:10F9300007E061004448A038405A002800D102E0A6
:10F94000641C242CF5DB00BF242C06DA6846018BEE
:10F9500062003D48A038815210E0002407E0601C9E
:10F9600041003948A038415A62008152641C232C5E
:10F97000F5DB6846018B34486038C1802CA116A0A5
:10F98000FDF732F90798F5F791FC3A490190F5F740
:10F99000AEFA0746F5F70AFD059104900898F5F7C9
:10F9A00085FC34490190F5F7A2FA0746F5F7FEFC0D
:10F9B0000391029005990498019100906846018B8B
:10F9C0002DA0039B029AFDF70FF900BF7CE7000012
:10F9D0004552524F520000000A5B25735D00000043
:10F9E0005343443458204765742044617461205265
:10F9F0006561647920466C6167204552524F523AE6
:10FA0000202569004572726F722065786563757490
:10FA1000696E672053434434582052656164204D19
:10FA20006561737572656D656E743A2025690000B5
:10FA30004C4F47005343443458205265616420437F
:10FA40004F323A2025750000AC870020434F32200A
:10FA5000496E76616C69642073616D706C652064B9
:10FA6000657465637465642C20736B697070696E6E
:10FA7000672E000000007A445343443458205265F6
:10FA8000616420434F323A2025752C2054656D70F7
:10FA9000657261747572653A20252E3266432C209A
:10FAA00048756D69646974793A20252E326652482A
:10FAB0000000000010B5012189020D48FCF7E8FBA9
:10FAC0007D20C0000AF0D8FE0DF078FD0DF05AFD43
:10FAD0000DF022FD0DF03CFD0446002C07D005A1E1
:10FAE00006A0FDF781F8214606A0FDF77DF810BDC0
:10FAF000000C00404552524F520000000A5B257333
:10FB00005D000000534344345820537461727420E4
:10FB1000506572696F646963204D656173757265C4
:10FB20006D656E74204552524F523A20256900008F
:10FB300038B500240FF024F868460EF0F9FF0446AB
:10FB4000002C01D0012038BD0020FCE738B500248E
:10FB50000FF016F868460EF0EBFF0446002C08D0B4
:10FB600009A10BA0FDF740F821460BA0FDF73CF8DA
:10FB700007E012A106A0FDF737F811A00099FDF7E4
:10FB800033F80CF059F938BD4552524F520000007D
:10FB90000A5B25735D0000005348543430582047F9
:10FBA00065742053657269616C204E756D62657273
:10FBB000204552524F523A20256400004C4F4700D6
:10FBC0005348543430582053657269616C204E7527
:10FBD0006D6265723A2025640000000070B504462D
:10FBE000264680211948FCF751FB10211748FCF7E5
:10FBF0004DFBFF2101311548FCF74AFBFF21013184
:10FC00001248FCF743FB00BF00251AE0802030407B
:10FC1000002804D020210D48FCF73AFB03E0202106
:10FC20000A48FCF733FB80210848FCF731FB00BF92
:10FC300000BF80210548FCF729FB7006060E681CF2
:10FC4000C5B2082DE2DB00BF00BF70BD000D004053
:10FC500070B50446264680211948FCF717FB102191
:10FC60001748FCF715FBFF2101311548FCF710FB85
:10FC7000FF2101311248FCF709FB00BF00251AE003
:10FC800080203040002804D020210D48FCF700FBE4
:10FC900003E020210A48FCF7F9FA80210848FCF724
:10FCA000F7FA00BF00BF80210548FCF7EFFA7006A5
:10FCB000060E681CC5B2082DE2DB00BF00BF70BD98
:10FCC000000D004010B50A46016838240B46A343D6
:10FCD0001946382313401943016010BD0A460168D4
:10FCE00049084900D307DB0F19430160704710B57D
:10FCF0000A46016802240B46A34319460223134017
:10FD00001943016010BD10B50A4601680124E402E0
:10FD10000B46A3431946234613401943016010BD07
:10FD200010B50A46016804240B46A3431946042370
:10FD300013401943016010BD10B50A460168FF2445
:10FD400001340B46A343194623461340194301606F
:10FD500010BD10B50A460168C0240B46A3431946DE
:10FD6000C02313401943016010BD10B50A46416815
:10FD7000032464020B46A343194623461340194348
:10FD8000416010BD10B50A464168FF2401340B469E
:10FD9000A3431946234613401943416010BD01296E
:10FDA00004D14268CB021A43426004E04268012356
:10FDB000DB029A4342607047012904D14268012363
:10FDC0001A43426003E042685208520042607047A2
:10FDD00010B50A46416820240B46A3431946202348
:10FDE00013401943416010BD012904D14268022328
:10FDF0001A43426003E0426802239A43426070471C
:10FE000010B50A46416804240B46A343194604234F
:10FE100013401943416010BD012904D142681023E9
:10FE20001A43426003E0426810239A4342607047DD
:10FE3000012904D1426808231A43426003E0426862
:10FE400008239A4342607047022181607047042171
:10FE5000816070470121816070470821816070478F
:10FE600001460869C007C00F002801D00120704773
:10FE70000020FCE70146086902221040002801D05A
:10FE8000012070470020FCE7014688697047416106
:10FE90007047000008B507480078002800D008BD6A
:10FEA00005A00068009004216846FCF721FC00BF13
:10FEB000F5E70000D6000020110101ED70B5024603
:10FEC00054011419144D6419645C20252C40002C35
:10FED00000D070BD921E891E002018E0002313E0A0
:10FEE0000E4C245C0425EE1A0125B5402C40002C54
:10FEF00001D0302400E02024D5186E01AD19064E43
:10FF0000AD190E18AC555B1C052BE9DB401C052810
:10FF1000E4DB00BFDDE7000085F20020FB060020E7
:10FF2000F7B50346581C002804D098181924E4019A
:10FF3000A04202DD0020C043FEBD002122E0541A91
:10FF4000641E0120A040019C2040002819D05818B0
:10FF5000C5176D0F2D18ED100C4E755D5C18E6176A
:10FF6000760F3619F610F600A61B0727BF1B0126D1
:10FF7000BE4035435818C617760F3618F610034F93
:10FF8000BD55491C9142DADB9818D5E7C6F600202A
:10FF9000F8B5254D28682D68691E012201250095B8
:10FFA00000233BE0002436E000BF80185242002AC4
:10FFB00016DA009D4919002903DB1B4D2D68A94263
:10FFC0000ED1002901DA002502E0174D2D686D1EC3
:10FFD0002946009D6D420095801E062800D1401ED6
:10FFE00045014519114EAD196D5C20263540002D97
:10FFF000DBD10F4DED5C0726371B0126BE40354097
:020000040001F9
:10000000002D01D0022500E0002546018619074F8A
:10001000F6197554641C082CC6DB5B1C054D2D6855
:10002000AB42BFDBF8BD0000D406002085F2002003
:1000300076FB0020E006002070B502460B4600204B
:1000400018E0002113E00D4C245C06256E1A0125F2
:10005000B5402C40002C01D0302400E0202455185D
:100060006E01AD19064EAD191E18AC55491C072975
:10007000E9DB401C0728E4DB70BD0000F40600202B
:1000800085F2002070B503464C4C2468002C06D045
:10009000012C02D0022C06D103E0002205E0082248
:1000A00003E0182201E0102200BF00BFD218910225
:1000B00000200CE00E24251A0124AC400C40002C3A
:1000C00004D00424251A3E4CAC406140401C052855
:1000D000F0DB940261183B4C614000200AE00124EF
:1000E00084400C40002C01D0302500E02025364C07
:1000F0002554401C0528F2DD40240C40002C01D082
:10010000302500E02025304CE57180240C40002C87
:1001100001D0302500E020252B4C2572FF2401342E
:100120000C40002C01D0302500E02025264C213C3D
:10013000257209200FE0012484400C40002C01D0DE
:10014000302400E020240E252D1A6E01AD191F4E1B
:10015000AD192C72401C0E28EDDD002011E00124A9
:1001600084400C40002C01D0302500E02025184CA4
:100170002468641E241A6601A419144EA419257259
:10018000401C0728EBDD3026114C2568083D0E4C3D
:10019000665508200EE0012484400C40002C01D05C
:1001A000302500E020250A4C24680F3C2618064C18
:1001B000A555401C0E28EEDD70BD0000E4060020B1
:1001C00037050000125400008DF3002085F2002056
:1001D000D406002030B500210846FFF72DFF6749FF
:1001E0000968C81F0021FFF727FF64480068C11F86
:1001F0000020FFF721FF00242BE02021604801555B
:10020000600120185E4AE73A8018C1715B480068B7
:100210000838001942018018594AE73A8018C1711C
:1002200056480068083842018018554AE73A801855
:10023000015552480068083802195148815460013C
:1002400020184F4AE73A82184C4800680838115481
:10025000641C082CD1DB00240AE02021484821300E
:10026000015560012018464AE73A80180172641C63
:10027000092CF2DB002412E02021404800680838F5
:1002800002193F48213081543C4800680838001961
:10029000420180183A4AE73A80180172641C082C1F
:1002A000EADB00F043F9002438E0364909684A22C5
:1002B0005143354A89180E316200885A0621FFF7EA
:1002C000FDFD304800684A2250432F4A80180E3006
:1002D0006200815A0620FFF7F1FD002514E0294A4B
:1002E00012684A235A43284BD2180E326B00D15A57
:1002F000244A12684A235A43234BD2180E32630011
:10030000D05AFFF7DBFD6D1C1E4800684A214843A8
:100310001D4940188089A842E1DC641C1948006826
:100320004A214843184940188089A042BDDC08246E
:100330001DE02046E10F091849104900611A01D15A
:10034000302100E020216201A2180D4BE73BD218BA
:1003500091712046E10F091849104900611A01D135
:10036000302200E02022064921390A55641C034846
:1003700000680938A042DCDA30BD0000D406002055
:100380006CF30020E80600204C670300F1B582B052
:100390000024C1E00025B9E068012818614940182F
:1003A000005D20210840002877D10298030001F069
:1003B00096FA0705111D2833475D78006019C10FB3
:1003C000091849104900411A01D1012100E000211A
:1003D00001917EE02046E10F091849104900611A99
:1003E00001D1012100E00021019172E003212846A2
:1003F000F4F7A2FB002901D1012000E000200190C8
:1004000067E060190321F4F797FB002901D101206F
:1004100000E0002001905CE003212846F4F78CFB0B
:100420002746E10FC91949104618F00F80194010EE
:100430004000301A01D1012000E00020019048E086
:100440002146694308460321F4F776FB20466843BA
:100450000646C00F801940104000301A08180028C6
:1004600001D1012000E00020019032E021466943E3
:1004700008460321F4F760FB204668430746C00F97
:10048000C01940104000381A0E18F00F80194010A3
:100490004000301A02D1012001E036E00020019036
:1004A00017E02146694308460321F4F745FB671925
:1004B000F80FC01940104000381A0E18F00F8019BC
:1004C00040104000301A01D1012000E000200190CE
:1004D00000BF00BF6801281812494018005DFE21C6
:1004E0000840690169180F4A8918095D0222114004
:1004F000012901DD012100E00021019A514008435A
:1005000069016918074A891808556D1C0648006872
:10051000854200DA40E7641C03480068844200DA40
:1005200038E7FEBD85F20020D406002030B5234B0D
:100530001B68062B00DC30BD204B1B681A03002013
:100540000CE011231C1A0123A3401340002B04D0FC
:1005500005231C1A1A4BA3405A40401C0628F0DB06
:10056000164B1B681B039A18002022E000211DE097
:100570004300C3185C180123A3401340002B01D093
:10058000302400E020244301C3180E4D5D190E4BAA
:100590001B680B3B5B18EC540B4B1B680B3B5B184D
:1005A0005D015B19074D5B191C54491C0329DFDBF6
:1005B000401C0628DADB00BFBDE70000E80600208B
:1005C000251F000085F20020D4060020FFB581B071
:1005D0000F46C825C82600214848FFF711FC102106
:1005E0004748FBF755FE002F3AD0002426E001983B
:1005F000015D4248FFF74BFC00BF4048FFF73AFC63
:10060000002800D006E0012000F00AFA28466D1EFE
:100610000028F2D100BF00BF3848FFF721FC0028B6
:1006200000D006E0012000F0FBF93046761E0028DD
:10063000F2D100BF3148FFF727FC641CBC42D6DB77
:10064000002D05D12D4801692E4A2FA0FCF7CCFAC8
:10065000002E05D1294801692A4A35A0FCF7C4FAC1
:10066000C825C826049800283DD0002428E0002191
:100670002248FFF70CFC00BF2048FFF7FBFB0028D7
:1006800000D006E0012000F0CBF928466D1E0028BE
:10069000F2D100BF00BF1948FFF7E2FB002800D0ED
:1006A00006E0012000F0BCF93046761E0028F2D1A9
:1006B00000BF1248FFF7E8FBC1B203980155641C64
:1006C00004988442D3DB002D05D10C4801690D4A02
:1006D0000DA0FCF789FA002E05D108480169094AE6
:1006E00013A0FCF781FA10210548FBF7CFFD042188
:1006F0000248FFF785FB05B0F0BD0000004801404F
:10070000000C0040310702000A205772697465200E
:1007100054782054696D656F757420535049322D9B
:100720003E49535220253034782025730A000000BA
:100730000A20577269746520526563762054696D8A
:10074000656F757420535049322D3E495352202510
:100750003034782025730A001CB50EF06DFA0020A5
:1007600080210D4B0DA2009101900FA1124806F0BF
:1007700085FB0446114A06210F4806F08FFA002C2B
:1007800009D007E07D20C00003F036FA0C490DA027
:10079000FCF72AFAF6E71CBD799601006664625FF1
:1007A00074736462000000006F66666C696E655F5A
:1007B000646174610000000090B40020E400002037
:1007C000F00702000A2573204661696C0A000000E8
:1007D00010B501213948F6F7F3FE00221021384800
:1007E000FDF74CFB10213648FBF750FD0121354841
:1007F000F6F7E6FE00213448FFF785FAFF210131C4
:100800003148FFF799FA00212F48FFF7A2FA00219B
:100810002D48FFF757FA00212B48FFF781FA0021F6
:100820002948FFF764FA00212748FFF757FA01210A
:100830002548FFF7D9FA00212348FFF7B0FA002135
:100840002148FFF792FA00211F48FFF79BFA002189
:100850001D48FFF7BDFA00211B48FFF7DDFA002114
:100860001948FFF7E5FA04211748FFF7C9FA1648B7
:10087000FFF7F0FA1448FFF7E7FA1348FFF7E7FA33
:100880001148FFF7EAFA01210F48FFF795FA002215
:1008900001210B48F6F785F9002202210848F6F7F6
:1008A00080F9002204210648F6F77BF9002208218E
:1008B0000348F6F776F900F055FD10BD070000017A
:1008C000000C0040020000030048014001208003AA
:1008D00002498860024803490860704700ED00E063
:1008E00000127A008400002010B536480068401CD1
:1008F00034490860084600683B2862DD0020086033
:1009000008464068401C4860084640683B2858DD5F
:100910000020486008468068401C8860084680685F
:1009200017284EDD002088600846C068401CC8605B
:1009300008468069401C886108468069062801DDF8
:10094000002088611F48006980001F49085C1F491A
:1009500008701C484469E017800F0019801080005F
:10096000201A06D1174948696421F4F7E5F80029EF
:1009700007D114494869FF219131F4F7DDF80029C6
:1009800008D110480069012804D110480078401CA3
:100990000E4908700B48C0680C490978884210DD80
:1009A00001200849C86008460069401C08610846E3
:1009B00000690B2805DD0020086108464069401CDD
:1009C000486110BD34880020440702005C0000200C
:1009D000084A916940000F221205904200D9104642
:1009E00000BF044A92698A1A1202120A8242F8D39C
:1009F0007047000000E000E070B504460D467D261B
:100A0000B60109E0002D03D0A847002800D070BD32
:100A10003046FFF7DDFF641E002CF3D100BFF6E780
:100A200010B503460448834200D90346DC00204643
:100A3000FFF7CEFF10BD0000A086010010B52548CD
:100A400000F041FB01281AD1224800F090FB012858
:100A500015D1204800F0ADFBC4B21F48008B7D21AA
:100A6000C90088420ADA1C48018B008B401C1A4AD4
:100A700010831A48445402201146488300BF154889
:100A800000F05FFB01281CD1124800F085FB012813
:100A900017D112483038418D008D81420EDA0F484F
:100AA0003038408D0E4A115C0A4800F087FB0B4835
:100AB0003038408D401C094930394885054800F0E0
:100AC00075FB0848808A052802DA052005498882D6
:100AD00010BD000000200140FC9700202C94002055
:100AE0003C900020E886002010B50E4800F0EBFA9C
:100AF000012809D10B4800F03AFB012804D109482C
:100B000000F057FBC4B200BF064800F01AFB0128F2
:100B100007D1044800F040FB012802D1014800F051
:100B200045FB10BD0068014010B5224800F0CBFA2B
:100B300001281AD11F4800F01AFB012815D11D48C1
:100B400000F037FBC4B21C48008B7D21C9008842ED
:100B50000ADA1948018B008B401C174A108317488A
:100B6000445402201146488300BF124800F0E9FABD
:100B700001281ED10F4800F00FFB012819D10F48A2
:100B80003038408D0D493039098D88420EDA0B48D6
:100B90003038408D0A4A115C0A4800F00FFB0748C4
:100BA0003038408D401C054930394885014800F0F7
:100BB000FDFA10BD006C0140D89F0020089C002069
:100BC000189800200020014010B5174800F07BFA6B
:100BD00001281AD1144800F0CAFA012815D1124888
:100BE00000F0E7FAC4B21148008B7D21C9008842A9
:100BF0000ADA0E48018B008B401C0C4A10830C480B
:100C0000445402201146488300BF074800F099FA77
:100C1000012807D1044800F0BFFA012802D1024898
:100C200000F0C4FA10BD00000070014090AF002039
:100C3000C0AB002010B50E4800F045FA012809D1DC
:100C40000B4800F094FA012804D1094800F0B1FAE9
:100C5000C4B200BF064800F074FA012807D1044866
:100C600000F09AFA012802D1014800F09FFA10BD65
:100C70000074014010B5224800F025FA01281AD16D
:100C80001F4800F074FA012815D11D4800F091FAB0
:100C9000C4B21C48008B7D21C90088420ADA194879
:100CA000018B008B401C174A1083174844540220C4
:100CB0001146488300BF124800F043FA01281ED1B4
:100CC0000F4800F069FA012819D10F483038408DDB
:100CD0000D493039098D88420EDA0B483038408D85
:100CE0000A4A115C064800F069FA07483038408D1E
:100CF000401C054930394885014800F057FA10BDBD
:100D000000780140B4A70020E4A30020F49F002055
:100D1000F3B585B00F460598F4F7D3FA0546384683
:100D2000F4F7CFFA06462946F4F7E1F804907F215C
:100D3000C9050498F4F788FB13D20498F4F736FB3E
:100D400005460022094BF4F7C2F90022084B019135
:100D50000090F4F717F903910290F4F709FB0446A9
:100D600000E00024204607B0F0BD00000000F03F86
:100D70000000E03F30B505460C462846616800F0AB
:100D80003DF92846A16800F048F92846E16800F0DE
:100D900038F92846616900F064F9617C284600F062
:100DA000AAF9217C284600F0B3F92178284600F002
:100DB00095F96178284600F0B8F9A178284600F046
:100DC000CAF9A17E284600F040F9E17E284600F0ED
:100DD0006EF9A17C284600F02CF9217E284600F00F
:100DE0004DF9617E284600F055F930BD70B588B0E8
:100DF00006460C4615467A48864228D1A068F6F782
:100E000079FB0120F6F762FB01217648F6F7D8FB63
:100E1000A068002804D0012808D0022815D10EE0CF
:100E2000A9682068FFF774FF02900FE00120F6F731
:100E30003DFCE9682068FFF76BFF029006E0296837
:100E40002068FFF765FF029000E000BF63E066489E
:100E5000864229D1A068F6F76FFB0120F6F758FB10
:100E600001216048401CF6F7ABFBA068002804D0C5
:100E7000042808D0082815D10EE0A9682068FFF7DB
:100E800047FF02900FE00120F6F710FCE9682068A8
:100E9000FFF73EFF029006E029682068FFF738FF61
:100EA000029000E000BF36E0504886420AD101219E
:100EB0004C48801CF6F784FBA9682068FFF728FFE0
:100EC000029028E04A4886420AD101214548C01CC8
:100ED000F6F776FBA9682068FFF71AFF02901AE080
:100EE000444886420AD101213E48001DF6F768FBBE
:100EF000A9682068FFF70CFF02900CE03E4886428C
:100F000009D101213748401DF6F75AFBA96820682E
:100F1000FFF7FEFE02902079012810D140200390B7
:100F20006079012802D1102004903FE06079022806
:100F300002D12020049039E00020049036E020798E
:100F4000022810D1802003906079012802D110205E
:100F500004902BE06079022802D12020049025E043
:100F60000020049022E0207900280FD103906079BE
:100F7000012802D11020049018E06079022802D1E3
:100F80002020049012E0002004900FE0C020039085
:100F90006079012802D11020049007E060790228CE
:100FA00002D12020049001E000200490A0790028C4
:100FB00001D1069002E0FF20013006900021684632
:100FC000017141718171417501758177C1778175B9
:100FD0000177417701A93046FFF7CCFE08B070BD1C
:100FE000002001400800000300680140006C01403F
:100FF0000070014000740140007801408AB28261B3
:10100000704710B50A46016830240B46A3431946C1
:10101000302313401943016010BD10B50A46016822
:10102000C0240B46A3431946C02313401943016053
:1010300010BD012904D1026802231A43026003E0B3
:10104000026802239A4302607047012904D10268B2
:1010500008231A43026003E0026808239A430260EF
:10106000704710B50A460168FF2401340B46A343BC
:101070001946234613401943016010BD012904D1CC
:10108000026801231A43026003E00268520852001A
:1010900002607047012904D102684B041A430260C0
:1010A00004E0026801235B049A430260704701294F
:1010B00004D1026804231A43026003E00268042397
:1010C0009A430260704701464868FF22013210408F
:1010D000002801D0012070470020FCE7012904D13D
:1010E00042680B021A43426004E04268FF23013366
:1010F0009A4342607047012904D142688B021A4327
:10110000426004E0426801239B029A4342607047B8
:10111000012904D14268CB021A43426004E04268CC
:101120000123DB029A4342607047012904D14268DF
:1011300002231A43426003E0426802239A4342605A
:10114000704701464868C007C00F002801D0012041
:1011500070470020FCE7012904D1426801231A43AB
:10116000426003E042685208520042607047014604
:101170008868FF2201321040002801D0012070470A
:101180000020FCE70146886802221040002801D0B8
:10119000012070470020FCE701468868C007C00FA7
:1011A000002801D0012070470020FCE70121816068
:1011B000704701460869C005C00D7047CA05D20DC9
:1011C0004261704770B58AB004460E4601216148FD
:1011D000F6F7F6F96048201A01D1002505E02D2028
:1011E000C002201A800A401CC5B22B0000F077FB19
:1011F00006041B34496077900020099000220821E2
:101200005648F5F7CEFC002210215448F5F7C9FCEA
:10121000092000F0A5FB0221092000F04DFC092067
:1012200000F0C6FB75E000200990002208214B4821
:101230004038F5F7B6FC0022102148484038F5F751
:10124000B0FC0A2000F08CFB02210A2000F034FCE4
:101250000A2000F0ADFB5CE0002204214048F5F7D5
:10126000A0FC002208213E48F5F79BFC0B2000F073
:1012700077FB02210B2000F01FFC0B2000F098FBF5
:1012800047E00022012189033548F5F78AFC002256
:101290000121C9033248F5F784FC0C2000F060FB03
:1012A00002210C2000F008FC0C2000F081FB30E053
:1012B0000022012129488038F5F773FC0022022121
:1012C00026488038F5F76DFC0D2000F049FB02211F
:1012D0000D2000F0F1FB0D2000F06AFB19E0002268
:1012E000FF2101311E484038F5F75BFC0022012147
:1012F00049021B484038F5F754FC0E2000F030FB43
:1013000002210E2000F0D8FB0E2000F051FB00E07F
:1013100000BF00BF0796012108A80170002141709D
:1013200081706846F5F774FF6A4607A92046FFF703
:101330005DFD01212046FFF7D1FE01212046FFF788
:1013400078FE01212046FFF799FE0020C043A060EF
:101350000AB070BD0700000100200140400D0040B0
:10136000400C00401CB5002000900190AB20694665
:101370000870012301AA04216846FFF727F91CBD64
:1013800010B505480FF034F90446002C01D00120B7
:1013900010BD0020FCE7000010B50020F0B587B0BC
:1013A0000027784878494861784888617848C8615A
:1013B0003220087077488881774808623030486268
:1013C0007648086108460FF013F90446002C09D04E
:1013D00073A175A0FBF708FC214675A0FBF704FC80
:1013E00007B0F0BD68480FF0D7F80446002C08D0CD
:1013F0006BA16DA0FBF7F8FB21467DA0FBF7F4FB8A
:10140000EEE78B48F3F7CFF80446002C08D064A130
:1014100065A0FBF7E9FB214686A0FBF7E5FBDFE7CC
:1014200059480FF074F90446002C08D05CA15EA066
:10143000FBF7DAFB21468FA0FBF7D6FBD0E7781C41
:10144000C7B200BF9B4950480FF047F90446002C33
:1014500008D053A154A0FBF7C7FB214696A0FBF789
:10146000C3FBBDE7A3480068401CA249086046488A
:10147000C169C82088478F4800788021084000282B
:1014800003D09C4800680A28DCD99A4800680A28DA
:1014900017D33D480EF046FF0446002C08D040A16B
:1014A00041A0FBF7A1FB214683A0FBF79DFB97E73B
:1014B0003BA13DA0FBF798FB21468FA0FBF794FBD7
:1014C0008EE700208B49086092492F480FF07BF887
:1014D0000446002C08D032A133A0FBF785FB21463F
:1014E0008DA0FBF781FB7BE79B4B8A4A264950483E
:1014F000F3F788F90446002C0AD0012C08D028A163
:1015000029A0FBF771FB214694A0FBF76DFB67E771
:10151000A2A125A0FBF768FB8F49886BF3F746FF74
:1015200005460E468C49C86BF3F740FF05910490C1
:101530009B48807903970196009502900B46994845
:10154000049AFBF751FB012C07D197A116A0FBF7DA
:101550004BFB97A0FBF748FB11E093A112A0FBF710
:1015600043FB98A0FBF740FB7B49C86B9A49F3F714
:1015700081FC0546F3F7E7FE81B28948818000BF10
:101580002EE700007103020010B50020970302004F
:101590000307020010230000300100209501002005
:1015A0004552524F520000000A5B25735D00000057
:1015B0004572726F7220256420647572696E6720AF
:1015C00072656164696E67207A6D6F64343431309E
:1015D00020696E666F726D6174696F6E2C2065781C
:1015E0006974696E672070726F6772616D210000A7
:1015F0004572726F7220256420647572696E67206F
:101600007072657061726174696F6E206F662074AC
:101610006865207A6D6F64343431302C20657869C8
:1016200074696E672070726F6772616D21000000CF
:1016300058B500204572726F722025642077686566
:101640006E207A6D6F643434313020696E6974694C
:10165000616C697A696E6720616C676F7269746822
:101660006D2C2065786974696E672070726F67727F
:10167000616D21004572726F722025642077686564
:101680006E207A6D6F6434343130207374617274FB
:10169000696E67206D6561737572656D656E742C1A
:1016A0002065786974696E672070726F6772616D0A
:1016B00021000000940100204572726F72202564A1
:1016C00020647572696E672072656164206F6620A0
:1016D0007A6D6F6434343130207374617475732C97
:1016E0002065786974696E672070726F6772616DCA
:1016F00021000000900100204572726F7220256465
:101700002C2065786974696E672070726F677261EA
:101710006D210A0038B500204572726F7220256471
:1017200020647572696E672072656164207A6D6FDE
:101730006434343130206F66204144432072657335
:10174000756C74732C2065786974696E672070728B
:101750006F6772616D210000A0B500204572726F45
:1017600072202564207768656E207A6D6F6434344A
:1017700031302063616C63756C6174696E672061E0
:101780006C676F726974686D2C2065786974696E16
:10179000672070726F6772616D2100004C4F4700C7
:1017A000AC870020108303005741524E0000000018
:1017B0005A4D4F4434345858205761726D75702E0D
:1017C0002E2E00005A4D4F44343458582056616C28
:1017D00069642E2E2E00000000007A440FB410B56C
:1017E00003A9044B044A029800F014FE10BC08BC84
:1017F00004B018476D7401000C0800200FB47CB5CC
:101800000C0009AD01D0611E00E0002101910090A3
:10181000074B6A462946089800F0FCFD002C02D0D0
:10182000009A002111707CBC08BC04B0184700006D
:10183000512B01000FB410B504A9074B02AA03985D
:1018400000F0E8FD044602A9002001F08CF92046D2
:1018500010BC08BC04B01847672B01007CB51D46BE
:1018600016460C0001D0611E00E00021019100909D
:10187000054B6A462946304600F0CCFD002C02D0CC
:10188000009A002111707CBD512B010037B5144620
:101890000846064B6A46214600F0BCFD04466946F0
:1018A000002001F060F920463EBD0000672B0100DA
:1018B0002021020C01D010211046020A01D010464E
:1018C0000839020901D01046091F820801D01046CC
:1018D000891E420801D0881E7047081A704730B42C
:1018E0007446641E2578641CAB4204D3635D5B00C0
:1018F000E31830BC18471D46F8E700004900CA024B
:101900000243100000D004204A0D01D001221043F0
:10191000044A490D914201D102210843012800D116
:1019200005207047FF070000002815DBC206D20E15
:1019300001219140094A116000BF00BF00BFBFF301
:101940004F8F00BF00BF00BF00BF00BF00BFBFF38D
:101950006F8F00BF00BF00BF7047000080E100E054
:10196000002815DBC206D20E01219140094A116000
:1019700000BF00BF00BFBFF34F8F00BF00BF00BF5D
:1019800000BF00BF00BFBFF36F8F00BF00BF00BF2D
:101990007047000080E100E0002805DBC206D20E9F
:1019A00001219140014A11607047000000E100E010
:1019B000002805DBC206D20E01219140014A1160C8
:1019C0007047000000E100E010B5002819DB1A4A5A
:1019D00003231B02D21883089B00D2588307DC0E16
:1019E000FF23A3409A438B071B0E8407E40EA340FA
:1019F0001A43114B032424021B198408A4001A5112
:101A000018E00E4A03071B0F083B9B089B00D258A7
:101A10008307DC0EFF23A3409A438B071B0E84072A
:101A2000E40EA3401A43054B0407240F083CA40806
:101A3000A4001A5110BD000000E100E01CED00E020
:101A400010B5002819DB1A4A03231B02D218830899
:101A50009B00D2588307DC0EFF23A3409A438B07D9
:101A60001B0E8407E40EA3401A43114B03242402E7
:101A70001B198408A4001A5118E00E4A03071B0F13
:101A8000083B9B089B00D2588307DC0EFF23A34032
:101A90009A438B071B0E8407E40EA3401A43054BA1
:101AA0000407240F083CA408A4001A5110BD00002C
:101AB00000E100E01CED00E010B5002819DB1A4A37
:101AC00003231B02D21883089B00D2588307DC0E25
:101AD000FF23A3409A438B071B0E8407E40EA34009
:101AE0001A43114B032424021B198408A4001A5121
:101AF00018E00E4A03071B0F083B9B089B00D258B7
:101B00008307DC0EFF23A3409A438B071B0E840739
:101B1000E40EA3401A43054B0407240F083CA40815
:101B2000A4001A5110BD000000E100E01CED00E02F
:101B300010B5002819DB1A4A03231B02D2188308A8
:101B40009B00D2588307DC0EFF23A3409A438B07E8
:101B50001B0E8407E40EA3401A43114B03242402F6
:101B60001B198408A4001A5118E00E4A03071B0F22
:101B7000083B9B089B00D2588307DC0EFF23A34041
:101B80009A438B071B0E8407E40EA3401A43054BB0
:101B90000407240F083CA408A4001A5110BD00003B
:101BA00000E100E01CED00E000BF00BF00BFBFF39C
:101BB0004F8F00BF00BF00BF06480749C86000BF85
:101BC00000BF00BFBFF34F8F00BF00BF00BF00BF0B
:101BD00000BFFDE70400FA0500ED00E00048704793
:101BE00008080020F8B504464F1EC8000838211820
:101BF00015461E46086849683A4606239A4310D09F
:101C00002A463346F3F772FA3A46D200083AA31846
:101C10001A687F1E5B68F3F7B5F906223B469343CB
:101C2000EED1022F23D0042F11D0062F2FD12A4618
:101C30003346F3F75BFAE36AA26AF3F7A3F92A469D
:101C40003346F3F753FA636A226AF3F79BF92A469D
:101C50003346F3F74BFAE369A269F3F793F92A469F
:101C60003346F3F743FA63692269F3F78BF92A469F
:101C70003346F3F73BFAE368A268F3F783F92A46A1
:101C80003346F3F733FA63682268F3F77BF9F8BD5C
:101C9000002210B5134610460149F3F78FFA10BD24
:101CA0000000F03F10B50122F3F714FD10BD10B590
:101CB000F3F768F910BD002210B51346104611461F
:101CC000F3F77CFA10BD000010B50721024A00208E
:101CD0000907F3F7FFFC10BD01030000034A10B52C
:101CE00000201107F3F7F6FC10BD000001FDFFFF17
:101CF00002E008C8121F08C1002AFAD170477047D5
:101D0000002001E001C1121F002AFBD17047000032
:101D1000014908607047000008080020F8B5044633
:101D20000D4616460027607D002801D00120F8BD31
:101D300032462946A06804F0C7FB002800DA0127D4
:101D40003846F4E7F8B504460D4616461F4600200F
:101D50000090607D002801D00220F8BD3B4632464D
:101D60002946A06804F0D2FC002801DA0220009085
:101D70000098F2E7F8B504460D4616461F460020C7
:101D80000090607D002801D00220F8BD3B4632461D
:101D90002946A06804F07EFD002801DA03200090A7
:101DA0000098F2E770B502460023481E014604463B
:101DB0000AE0C808105C4E07760F802535412840A0
:101DC000002800D104E05B1C0846491E0028F0D121
:101DD00000BFE01A70BD0000FFB581B004460E469A
:101DE0001546002C11D15AA0FAF7FEFE5BA0FAF7B7
:101DF000FBFE1B225AA165A0FAF7F6FE664A67A110
:101E000067A0FAF7F1FE00BFFEE7002E11D150A047
:101E1000FAF7EAFE51A0FAF7E7FE1C2250A15BA0F8
:101E2000FAF7E2FE5C4A66A15DA0FAF7DDFE00BFAC
:101E3000FEE7002D11D146A0FAF7D6FE47A0FAF72B
:101E4000D3FE1D2246A151A0FAF7CEFE524A5EA152
:101E500053A0FAF7C9FE00BFFEE7207D002802D09C
:101E6000002005B0F0BD2660049820710A98206219
:101E7000607D00283AD104F09DFA284604F0DCFB8E
:101E8000A06000280BD132A0FAF7AEFE33A0FAF71B
:101E9000ABFE29464EA0FAF7A7FE0420E1E7A168B1
:101EA00008461C3004F08EF9076AE068002801D16A
:101EB000E76017E03946E068F2F728FE002911D004
:101EC00023A0FAF791FE25A0FAF78EFE452224A161
:101ED0002EA0FAF789FE304A46A131A0FAF784FE17
:101EE00000BFFEE7A068806B206100BFE168206949
:101EF000F2F70CFE002911D015A0FAF775FE17A015
:101F0000FAF772FE4D2216A120A0FAF76DFE224AC2
:101F100040A123A0FAF768FE00BFFEE7E168206950
:101F2000F2F7F4FD022811D209A0FAF75DFE0BA02A
:101F3000FAF75AFE4F220AA114A0FAF755FE164AE4
:101F40003DA117A0FAF750FE00BFFEE7002088E78A
:101F50005B466C61736844425D0000002000000035
:101F60002E2E5C436F6D70656E74735C4D6F64757F
:101F70006C65735C466C61736844422D312E312E62
:101F8000325C7372635C6664622E63002825733A68
:101F90002564292000000000AA5D0300646200009F
:101FA000282573292068617320617373657274201A
:101FB0006661696C65642061742025732E0A0000D7
:101FC0006E616D65000000007061746800000000C3
:101FD0004572726F723A20506172746974696F6EE3
:101FE0002028257329206E6F7420666F756E642E0D
:101FF0000A00000064622D3E7365635F73697A6551
:10200000202520626C6F636B5F73697A65203D3DAC
:102010002030000064622D3E6D61785F73697A65DF
:1020200020252064622D3E7365635F73697A6520A5
:102030003D3D20300000000064622D3E6D61785F00
:1020400073697A65202F2064622D3E7365635F7328
:10205000697A65203E3D20320000000070B50446DC
:102060000D46002D13D1012020751448007800285A
:1020700022D113A0FAF7B8FD14A0FAF7B5FD14A108
:1020800015A0FAF7B1FD01200C49087014E0A07DFD
:10209000002811D10AA0FAF7A7FD0CA0FAF7A4FDB9
:1020A00020792268002801D114A000E015A0014683
:1020B0002B4616A0FAF798FD70BD0000F004002032
:1020C0005B466C61736844425D00000020000000C4
:1020D000312E312E32000000466C6173684442207C
:1020E00056257320697320696E697469616C697A19
:1020F0006520737563636573732E0A004B56444203
:102100000000000054534442000000004572726F0A
:10211000723A202573202825732920697320696E5F
:10212000697469616C697A65206661696C2028252B
:1021300064292E0A00000000F8B505460E46144634
:102140000027FF43F01DC108FF222846F2F7B1FD2A
:10215000002C08D0601EC708E85D6207520FFF21FF
:1021600011410840E8553846F8BD0000FFB583B07E
:102170000F4615461E46002002900C98B04211D31F
:102180001DA0FAF731FD21A0FAF72EFD8D2220A126
:102190002CA0FAF729FD2E4A2EA135A0FAF724FD2E
:1021A00000BFFEE7002D11D113A0FAF71DFD17A007
:1021B000FAF71AFD8E2216A122A0FAF715FD244A7D
:1021C00033A12BA0FAF710FD00BFFEE731462846E9
:1021D0000C9AFFF7B1FF0446601C002801D107B03C
:1021E000F0BD0D982A193919012300900398FFF7C3
:1021F000C1FD02900298F2E75B466C61736844424D
:102200005D5B7574696C735D000000002000000068
:102210002E2E5C436F6D70656E74735C4D6F6475CC
:102220006C65735C466C61736844422D312E312EAF
:10223000325C7372635C6664625F7574696C732E82
:10224000630000002825733A25642920000000005F
:102250000C6203007374617475735F696E646578F2
:10226000203C207374617475735F6E756D0000009F
:102270002825732920686173206173736572742047
:102280006661696C65642061742025732E0A000004
:102290007374617475735F7461626C650000000033
:1022A000F0B51FB486B00998089A030D00210243C7
:1022B00014D05148514A1818504305141198012858
:1022C00010981AD0281A401C00264D4F4D490096F0
:1022D00001910490002812DA444211E0119801247F
:1022E00049A3012801D11098C1430698119A84602E
:1022F0000360C26041600BB0F0BD4042E4E70446B9
:10230000210500203F4A001C51410391029012E038
:10231000E00707D032463B4601990098F2F7E6FE07
:102320000191009032463B4610461946F2F7DEFE18
:1023300006460F466410002CEAD10498039B00283F
:10234000029A0999089806DAF2F7D0FE019B009AE2
:10235000F2F7CCFE05E0F2F731FF019B009AF2F7AD
:102360002DFF04460E460022284BF3F70DFA03D842
:102370000020C043014607E00022254B204631469D
:10238000F2F700FEF3F7E0F9102409E0002C0ADB75
:102390000A220023F3F762F8079B30321A55641EB5
:1023A00002460A43F2D11122641C079B121B1C191E
:1023B000119B012B03D0012308430ED10AE00843EF
:1023C00004D0112010900020119077E71098151A72
:1023D0006D1E0BE01098824202DD00236D1C03E0AD
:1023E000824201DA00236D1E002BEED0069811996F
:1023F0008260C16030C07EE701FCFFFF104D00002D
:10240000000014400000F03F300000000000F043E6
:102410000000E03FFFB597B0064600251BE22528E7
:1024200076D100242746F749049400E00443761C43
:1024300032780120203A90400842F7D130782A289B
:102440000ED00222307801463039092916D8049975
:102450000A235943303940181443761C0490F1E79D
:10246000189802C804911890002904DA012040034A
:1024700004434842049002200443761C30782E28FE
:1024800014D1042004437078761C2A2809D11898A6
:10249000761C80C8189009E00A214F43303FC719C5
:1024A000761C3078014630390929F5D930786C2806
:1024B00010D006DC4C281AD068280ED06A2817D114
:1024C00004E0742813D07A2812D110E001204005CE
:1024D00004430CE00121090501E0032109050C4337
:1024E0007178814203D1012000052418761C761CE6
:1024F000307866280BD013DC58287DD009DC002802
:102500007BD04528F6D04628F4D047281AD1A9E137
:1025100018E0632835D0642870D0652812D1A1E175
:1025200070286CD008DC6728F1D069287DD06E282F
:102530000DD06F2806D1BCE073282ED0752873D03B
:10254000782859D01A9A199990476D1C82E1600237
:10255000400F022809D003280DD0042818980168DC
:102560000DD00D60001D189074E11898EA170168ED
:102570000D604A60F6E7189801680D80F2E70D706B
:10258000F0E718986A4601781172001D1890002033
:10259000507202A80090012005E0189802C8189017
:1025A00000200091C04361070ED5002101E0019990
:1025B000491C0191B94213DA8142F8DB019A009972
:1025C000895C0029F3D10BE0002101E00199491C4D
:1025D00001918142FADB019A0099895C0029F5D1C9
:1025E000019904981A9B471A21463846199A00F017
:1025F00099FA4019019903E051E030E115E050E00B
:10260000451807E0009800990078491C00911A9A33
:10261000199990470198401E0190401CF2D1214623
:1026200038461A9B199A12E137E00A2000210090DF
:1026300001916002410F022907D0189A01CA18922D
:10264000C2179446032908D00AE01898C01DC10893
:10265000C90005C91891944607E000B2C217944614
:10266000042902D140B2C1178C460022614694452C
:1026700006DA0A460021404291418C462D2102E0B3
:10268000210504D52B216A461173012103E0E107DE
:1026900001D02021F7E7029156E00A200AE010203D
:1026A00008E0102000900021042004430191082735
:1026B00003E008200021019100906002410F0229EF
:1026C00007D0189A01CA189200229446032908D00C
:1026D00008E01898C01DC108C90005C918919446A2
:1026E00003E080B2042900D1C0B200210291210789
:1026F0002AD531780D91702906D0009A1021019BBE
:102700004A401A4305D00EE040216A461173012168
:1027100008E06146014306D030216A4611730D99E5
:10272000517302210291009A0821019B4A401A43E9
:102730000AD16146014301D1610705D530216A46BE
:10274000117301217F1E02913178582904D02EA1E6
:102750000E910DA90D910DE030A1F9E76146019BA5
:10276000009AF2F77BFE0E9B8C469B5C0D9A521EE4
:102770000D92137061460143F0D10D9805A9081A16
:1027800020300190600703D501200004844300E05D
:1027900001270198874201DD381A00E000200199E5
:1027A00000904118029809180498401A0490E00318
:1027B00006D421461A9B199A049800F0B3F94519DA
:1027C000002706E003A81A9AC05D199990476D1C6E
:1027D0007F1C02988742F5DBE0030CD521461A9B4B
:1027E000199A049800F09EF9451904E01A9A3020CD
:1027F000199990476D1C0099481E00900029F5DC3E
:102800001FE00000092801003031323334353637FB
:10281000383961626364656600000000303132332C
:1028200034353637383941424344454600000000CC
:102830000D980D990078491C0D911A9A1999904795
:102840006D1C0199481E01900029F1DC4DE100F05A
:1028500059F94519761C3078002800D0DFE5284664
:102860001BB0F0BD600700D406271898C01DC10832
:10287000C90048680A680831C30FDB0718911900BE
:1028800001D09CA108E0210501D59BA104E0E1074E
:1028900001D09AA100E09AA14300109130785B0822
:1028A00065280CD006DC452809D046281DD04728CD
:1028B00041D141E0662818D067283CD13CE0002196
:1028C000112F01DB112000E0781C0191009008A974
:1028D00011A8FFF7E5FC139905910021119A1592B3
:1028E0007F1C12980197009150E00120C0070390CF
:1028F0000120019008A9009711A8FFF7D1FC139AB5
:10290000149905920022119B009212981593059A32
:102910000192002901D0104602E0791C4018019074
:10292000381A01D5019804E04042401E0090781CFE
:102930000190C01B029043E0012F00DA0127002123
:10294000112F01DD112000E038460191009008A907
:1029500011A8FFF7A5FC13990591119A002112986F
:1029600015920091019721070CD40599B94201DB1A
:10297000019900E00191012904DD159A491E515C7D
:10298000302906D0B84201DA011D05DA0121029191
:1029900015E00199491EEDE7002805DC0099411872
:1029A00000910199091A03E0019A411C914200DD4E
:1029B00001910099401A401C02900120C007039029
:1029C000200706D402990198814202DB0020C0430F
:1029D000029000206946C87707AF012103980337AA
:1029E000C907884224D0022011902B20129003980E
:1029F00000280CDA404203902D20129007E00A21B3
:102A00000398F2F783F830317F1E039039701199E3
:102A1000481E11900029F2DC03980028EFD1791E9E
:102A2000129808703078202108404530BF1E387059
:102A300006A8C01BC01D039010980078002800D085
:102A40000120019941180298C01709180398091824
:102A50000498401A401E0490E00306D421461A9BB5
:102A6000199A049800F05EF845191098007800282B
:102A700003D01A9A199990476D1CE00324D521467A
:102A80001A9B199A049800F04DF845191CE000981B
:102A9000002807DB00990598884203DD1598405C03
:102AA000199901E0199930201A9A904700986D1CE5
:102AB000401C00900298401E0290002804D11A9AEF
:102AC0002E20199990476D1C0199481E01900029EC
:102AD000DDDC05E038781A9A7F1C199990476D1C47
:102AE0000399481E03900029F4DC21461A9B199A89
:102AF0000498ACE62D0000002B0000002000000030
:102B000000000000F8B5044600251E46174688045C
:102B100004D405E039462020B0476D1C641EF9D569
:102B20002846F8BDFFB50446002581B01E46C803FF
:102B300001D5302700E02027880404D505E0384679
:102B40000399B0476D1C641EF9D5284605B0F0BD49
:102B50004A68002A06D00A68531C0B601070486847
:102B6000401E486070470A68531C0B601070704725
:102B7000F3B583B00446EFF31080C007C00F72B600
:102B800002902749A06E884243D1B0200159049891
:102B900081423ED1E56E002D3BD022492868884213
:102BA00037D16869002834D00020A0666E69286992
:102BB00001900198002812D0761E6E61002E02D17D
:102BC000002028610DE0276F606F00900098786703
:102BD000009807670198A04203D12F6101E001200E
:102BE000E860206B072814D10721842001510E488A
:102BF0000068401C0C4908600298002800D162B6A9
:102C0000204601F007F9EFF31080C007C00F72B63D
:102C100002900298002800D162B605B0F0BD000015
:102C2000712B01004E445644BC070020F8B5044601
:102C30000F4628212046F2F743F86760EFF3108033
:102C4000C007C00F72B600900E4820600E480068A2
:102C5000002804D10D480460A461E46106E00B483B
:102C60000568EE69EC61B461E661A561064800683B
:102C7000401C054908600098002800D162B6002079
:102C8000F8BD00004E4456441407002010070020F1
:102C9000FFB58BB005460E46EFF31080C007C00F9E
:102CA00072B60A90A8680790296A079888430E9917
:102CB000086002210D9808400990286A059005983F
:102CC000002803D00599079888430790099802289F
:102CD00008D10798304006900698B04205D00020F1
:102CE000069002E0079830400690069800281CD015
:102CF0000D98C007C00F08900898002813D0002036
:102D000001906869002804D02869002801D10120B9
:102D100001900198012803D1286A3043286202E01B
:102D2000A868B043A86000274FE0149800284BD053
:102D300029480068002801D1002E01D1072744E06E
:102D4000264804682648A066A66780210D98085189
:102D50000E98E067E566B0200059401CB02108518C
:102D6000686904900498002803D12C612467646783
:102D70000CE028690390039820670398406F029045
:102D80000298606702980467039844676869401C6A
:102D90006861072020630120A0631498E0640E4856
:102DA0000068401C0C4908600A98002800D162B6EF
:102DB000204601F0EBF9EFF31080C007C00F72B6A8
:102DC0000A908420075900E007270A98002800D1BC
:102DD00062B638460FB0F0BDBC070020A007002047
:102DE000712B0100F7B590B00446EFF31080C007D7
:102DF000C00F72B60F9002211298084002281BD112
:102E0000002001906069002804D02069002801D1C9
:102E1000012001900198012805D1206A1199C94328
:102E20000843206203E0A06811990840A0600F9851
:102E3000002800D162B62AE1606A0090A06811996A
:102E40000843A060206A002803D0216A11988143BA
:102E500021620020029060690890206900287DD0DE
:102E60000898012843D12569A768AE6F8020405992
:102E7000049002210498084005900598022808D182
:102E80003846304007900798B04205D000200790A0
:102E900002E03846304007900798002826D0E86FB7
:102EA0000690069807600498C007C00F0390039827
:102EB000002802D0A068B043A060002020616061BB
:102EC000A86600218420415172480068401C714965
:102ED00008600F98002800D162B6284600F09AFFDB
:102EE000EFF31080C007C00F72B60F90C0E02569E5
:102EF0000995099D002020610B900A90A7686548FC
:102F00000068401C634908600120029000BF0F98D0
:102F1000002800D162B6EFF31080C007C00F72B670
:102F20000F90E068002806D00020E060099D6069ED
:102F30000890A0680743286F0E90AE6F802040591C
:102F400004900221049808400590059802280AD1AF
:102F50003846304007900798B04200E083E005D043
:102F60000020079002E0384630400790286B072881
:102F700001D0012007900798002839D0286B072836
:102F800012D1E86F0690069807600498C007C00F3A
:102F900003900398002802D0A068B043A0600020EE
:102FA000A866002184204151286FA84202D1002048
:102FB00009900EE0286F0D90686F0C900D990C9899
:102FC00048670C990D9808670998A84201D1286FA5
:102FD00009906069401E60610B98002803D10B9531
:102FE0000A95286704E00A980567002028670A9573
:102FF0000E9D0898401E08900898002887D10998CF
:103000002061206A002805D0216AA0688843A0605A
:10301000002020620F98002800D162B60B9D14E0BA
:10302000286F0E90EFF31080C007C00F72B60F909C
:1030300018480068401C174908600F98002800D104
:1030400062B6284600F0E6FE0E9D002DE8D1EFF3B3
:103050001080C007C00F72B60F900E480068401E67
:103060000C49086004E06069002801D00120E0609C
:103070000F98002800D162B60098002802D02046A0
:10308000009988470298012801D100F069FE0020CC
:1030900013B0F0BDBC0700200246EFF31080C30759
:1030A000DB0F72B65162002B00D162B60020704770
:1030B00010B500F027FD01F021FB00200C4908604D
:1030C0000C4908600C4908600C4908600C4908600C
:1030D0000C4908600C4908600C4908600C490860FC
:1030E0000C4908600C4908600C49086010BD0000DC
:1030F0000007002004070020080700200C0700201C
:1031000010070020140700202007002024070020BB
:10311000280700202C070020180700201C0700208B
:1031200010B50F4800680F4988420BD0481E0C4963
:103130000860F1F7C8F8FFF7BBFF0B480068401CB8
:10314000094908600748401E0549086007480068AB
:103150000CF0C8FC002002490860F0F7CBFF10BD5E
:10316000B0070020F1F0F0F0BC070020300700208D
:10317000F3B583B00446EFF31080C007C00F72B6FA
:1031800002902249A06E88423AD1B0200159049899
:10319000814235D1E56E002D32D01D492868884224
:1031A0002ED1E86900282BD00020A066E869401ED7
:1031B000E861E86901900198002801D1A86107E061
:1031C000266F676F77673E67A869A04200D1AE613E
:1031D000206B0D2814D11D21842001510D48006859
:1031E000401C0C4908600298002800D162B62046B5
:1031F00000F010FEEFF31080C007C00F72B602900F
:103200000298002800D162B605B0F0BD713101000E
:103210004554554DBC070020F7B582B004460F4613
:1032200034212046F1F74CFD676004982061EFF3EC
:103230001080C007C00F72B601901048206010487F
:103240001049086010480068002804D10F48046045
:103250002462646206E00D4805686E6A6C6234623E
:103260006662256208480068401C074908600198AA
:10327000002800D162B6002005B0F0BD4554554D80
:1032800099380100C00700201C0700201807002003
:10329000F3B585B00546EFF31080C707FF0F72B690
:1032A0004F480468A86800282BD10120A860EC6072
:1032B000002C21D02869012803D1E06A6861202010
:1032C000A862A42000590490049800280BD0049808
:1032D000006B0390049805630398C5620398286304
:1032E0000498E86203E0A4200551ED622D63A0205C
:1032F0000059401CA0210851002F00D162B60026C1
:103300006BE0E868A04207D1A868401CA860002FC5
:1033100000D162B6002660E00698002859D03148F6
:103320000068002804D0002F00D162B61D2654E0AA
:10333000E86802902C48A066E566B0200059401C61
:10334000B0210851E869002803D1AC6124676467A3
:103350000CE0A8690190019820670198406F0090E7
:10336000009860670098046701984467E869401C0A
:10337000E8610D2020630120A0630698E0641948ED
:103380000068401C17490860002F00D162B6286908
:10339000012818D1A86AE16A884201D9E06AA862C6
:1033A000E16A02988030C069814203D2E16A0298E2
:1033B0008030C1610298C06AE16A884203D9E16A3B
:1033C000029800F091F8204600F0E0FE84200659B3
:1033D00003E0002F00D162B61D26304607B0F0BDD5
:1033E000A0070020BC07002071310100F0B585B0B6
:1033F0000646EFF31080C007C00F72B60490F06964
:1034000002900298022804D20498002867D162B67C
:1034100065E0029802280BD1B469276FF86AE16A67
:10342000884200D2B7610498002858D162B656E0AD
:10343000B4692546286F03902A480068401C294932
:1034400008600020009000BF0398C06AE96A8842C3
:1034500000D2039D0498002800D162B6EFF31080DB
:10346000C007C00F72B60490B069A04202D001201C
:10347000009005E0F1690298814201D0012000909E
:103480000098002803D10398006F039007E0B46907
:10349000F06902902546286F039000200090039861
:1034A000A042D1D10F480068401E0E490860A542D5
:1034B0000FD02F6F686F01900198786701980767A8
:1034C000606F01902C6701986867019805676567D0
:1034D000B5610498002800D162B600F041FC0020DC
:1034E00005B0F0BDBC070020FEB504460D46EFF365
:1034F0001080C607F60F72B6206B00280DD0E5626B
:1035000098200059A84203D298200059E06300E0B7
:10351000E563002E5DD162B65BE02E480068019045
:10352000E06A00902C480068801C2B4908600E203F
:1035300020630120A0630020E064002E00D162B669
:10354000204600F023FEEFF31080C607F60F72B698
:10355000E56298200059A84203D298200059E06300
:1035600000E0E563002E00D162B6204600F052FC78
:10357000EFF31080C607F60F72B616480768BC4214
:1035800024D0206B002821D1E06AF96A88420CD847
:10359000019884421AD10F4804600098A84215D2BD
:1035A000E06A80000D490C5010E0E16AE06B88424F
:1035B0000CD2E06BF96A884208D80648046000988B
:1035C000A84203D2E06A800004490C50002E00D1CA
:1035D00062B6FEBDA4070020BC070020A0FD0020AD
:1035E000F0B58BB0044620200890EFF31080C70799
:1035F000FF0F72B6A06800287ED0E568A448006876
:103600000490E1680498814208D0A248006800282C
:1036100004D1002F00D162B61E20089008982028FF
:103620000AD1A068401EA060A068002805D0002F25
:1036300000D162B60020089026E1002D05D1002FB0
:1036400000D162B6002008901EE1A0204059401E23
:10365000A0214851A0204059002803D10021A420D6
:1036600041510CE0E66A206B079007983063079899
:10367000C662A4204059A04201D1A4204651A069AD
:10368000002808D12069002805D1E060002F00D172
:1036900062B60020089008982028CDD100200A901A
:1036A0009420405909902069012832D17948006856
:1036B000401C78490860002F00D162B6202000909D
:1036C000A42046590EE03069012805D1B16A00985E
:1036D000814201D2B06A0090F66AA4204059B042FB
:1036E00000D10026002EEED1EFF31080C707FF0FA8
:1036F00072B66848006800E0C1E0401E6549086095
:103700009C210098485109990098884201D200985C
:103710000990E069012817D92069012814D15D4872
:103720000068401C5B490860002F00D162B620464B
:10373000FFF75CFEEFF31080C707FF0F72B6554826
:103740000068401E53490860A069002826D15148EE
:103750000068401C4F490860002F00D162B620204D
:10376000A062E068C16A0998814203D0E0680999C3
:10377000FFF7BAFEEFF31080C707FF0F72B6454898
:103780000068401E434908600020E060002F00D11F
:1037900062B600F0E5FA0020089075E0A56920699E
:1037A000012805D1E0680A90E86A60612020A062E3
:1037B000A020405906900698002804D1A420445126
:1037C000E462246309E0A4204659306B0790346317
:1037D0000798C46207982063E6620698401CA021FF
:1037E00048510120A060E560E069401EE061E069A9
:1037F00005900598002801D1A0610BE0286F039087
:103800000398A061686F0290039902984867029933
:10381000039808670020A8660021842041511D48B4
:103820000068401C1B490860002F00D162B6206967
:1038300001281ED1E069002812D02046FFF7D6FDEE
:10384000EFF31080C707FF0F72B6A06901900198CF
:10385000002802D00198C06AA062002F00D162B691
:103860000A98C16A0998814203D009990A98FFF71A
:103870003BFE284600F0CEFA0020089004E0002F1E
:1038800000D162B61E20089008980BB0F0BD000071
:10389000A0070020BC07002070B50546EFF310809C
:1038A000C607F60F72B612480068401C104908603F
:1038B00000BFA4204459002C0ED00120A060002E8F
:1038C00000D162B62046FFF78BFEEFF31080C607EB
:1038D000F60F72B6A4204459002CEAD104480068BF
:1038E000401E03490860002E00D162B670BD000082
:1038F000BC070020FFB587B00446119F109E002032
:103900000390EF2239463046F1F7D3F9B80880002A
:10391000071F0196019EF01C800880000090019E08
:103920000098864200D03F1F009EB4212046F1F748
:10393000C7F90898A062099860640A98A064E660D4
:1039400067611298E0629421129808511498A0615E
:103950001498E06120219C2001510296781E029E5D
:10396000801902900298206113991298884205D01C
:103970000020E06300219820015104E01298E063E8
:103980009821129808510320206339496165A46584
:1039900038492046F0F712FCA820A1680151EFF346
:1039A0001080C007C00F72B60690334820603348BD
:1039B0000068002806D132480460882004518C2019
:1039C000045112E02E480068059005988030C068C8
:1039D000049005988030C4600498803084608C2105
:1039E0000498085188210598085124480068401C13
:1039F0002249086023480068401C22490860159845
:103A000001281DD1EFF305801F49096801431F4AB2
:103A1000914208D31E480568002D05D0E86B03903D
:103A2000E86AE86300E000250698002800D162B645
:103A3000204600F0EFF9002D17D00398E86314E05A
:103A40000698002800D162B6EFF31080C007C00FBF
:103A500072B606900B480068401E0A490860069836
:103A6000002800D162B600F07BF900200BB0F0BD59
:103A700001460100793B010044524854AC07002044
:103A8000A8070020BC070020B0070020F0F0F0F0ED
:103A9000A407002070B501460020EFF31085EC0765
:103AA000E40F72B60D6B012D06D00D6B022D03D005
:103AB000002C00D162B6112000281DD100250D6018
:103AC0000E4D2D686D1E0D4E356035462D68002D4E
:103AD00002D10B4E35600CE088256A588C256B5856
:103AE000AB508825EA50064D2D688D4201D1044D1A
:103AF0002A60002C00D162B670BD0000AC07002027
:103B0000A807002010B5002010490860104908607F
:103B100010480021016020200F49086080210F48D3
:103B2000F1F7CEF800200E4908600E4908600E49F2
:103B300008600E4908600E4908600E48006823219D
:103B4000C90408430B49086010BD0000A00700200D
:103B5000A4070020B4070020B8070020A0FD002023
:103B6000A8070020AC070020BC070020C0070020E9
:103B7000C8070020C407002070B51C480468EFF394
:103B80001080C607F60F72B6AC200559002E00D182
:103B900062B6002D02D000212046A847616CA06CBF
:103BA000884713480068002803D020461049096858
:103BB0008847EFF31080C607F60F72B6AC200559A0
:103BC00001202063A0630020E0640A480068401CD4
:103BD00008490860002E00D162B6002D02D00121F4
:103BE0002046A847204600F0D1FA70BDA00700206B
:103BF000C0070020BC070020F8B50746EFF310808F
:103C0000C607F60F72B622480468002C04D1002EB5
:103C100000D162B6132538E0EFF305801D4909682D
:103C20000143002904D0002E00D162B613252CE0F8
:103C30001948844204D1002E00D162B6132524E035
:103C4000002F04D1002E00D162B600251DE01348DC
:103C50000068002804D0002E00D162B6132514E0BD
:103C6000042020630120A063002184200151E76427
:103C70000A480068401C09490860002E00D162B65D
:103C8000204600F083FA842005592846F8BD00003C
:103C9000A0070020B0070020A0FE0020BC070020E5
:103CA000F0B50146EFF31086F507ED0F72B6002967
:103CB00038D01E4F0E68BE4234D1CA68002A31D0B7
:103CC000A8267358002B2DD0002D00D162B600BF5E
:103CD0009E1AB6107408A600B018154F0668BE42AA
:103CE00001D0034600E00246012CF1D800E0001D9F
:103CF0000F4F0668BE42FAD0EFF31086F507ED0FBE
:103D000072B60A4F0E68BE420CD1CE68864209D206
:103D1000A8267658864205D9054F0668BE4201D0CE
:103D2000A8267050002D00D162B6F0BD4452485410
:103D3000EFEFEFEF70B50446EFF31080C507ED0F1E
:103D400072B606480068002803D020460349096877
:103D50008847002D00D162B670BD0000C807002062
:103D6000F8B527480768002F49D126480668264835
:103D70000468A64243D0EFF31080C507ED0F72B67A
:103D8000002C37D021492068884233D1A82000591F
:103D9000A168814202D2A820A1680151E0680068B0
:103DA0001B49884209D12069401C0068884204D11F
:103DB000A8200059E16888420AD2002D00D162B6DD
:103DC0002046FFF7B7FFEFF31080C507ED0F72B67F
:103DD000A82000598038C06F0D4988420AD0002DB4
:103DE00000D162B62046FFF75BFFEFF31080C507F6
:103DF000ED0F72B6002D00D162B600F085F9F8BD66
:103E0000BC070020A0070020A4070020445248540B
:103E1000EFEFEFEFF0B587B00446EFF31080C00787
:103E2000C00F72B60190002C3CD0AF492068884288
:103E300038D1A8200059A168814202D2A820A168E7
:103E40000151E0680068A94988420AD12069401CF4
:103E50000168A648814204D1A8200059E16888423F
:103E60000CD20198002800D162B62046FFF762FF0D
:103E7000EFF31080C007C00F72B60190A820005960
:103E80008038C16F994881420CD00198002800D138
:103E900062B62046FFF704FFEFF31080C007C00FA3
:103EA00072B601900198002800D162B6EFF310803D
:103EB000C007C00F72B60690606E002804D020467E
:103EC0004C3000F0C5FC01E00020E0648848006848
:103ED000401E87490860A06B00287DD1206B002818
:103EE00024D0606B002878D12063E56AA80081495E
:103EF0000E58002E7BD1A8000C5024626462012071
:103F0000A84005907C480168059801437A48016003
:103F10007A480068854209D2784805607848006888
:103F200003900398002802D1754804607DE003984F
:103F3000C06BA84279D9724804600698002800D165
:103F400062B66F480468EFF31080C007C00F72B606
:103F50000190002C3BD064492068884237D1A820CA
:103F60000059A168814202D2A820A1680151E068ED
:103F700000685E49884209D12069401C0068884277
:103F800004D1A8200059E16888420CD20198002889
:103F900000D162B62046FFF7CDFEEFF31080C007D8
:103FA000C00F72B60190A82000598038C06F4F49E9
:103FB00088420CD00198002800D162B62046FFF755
:103FC0006FFEEFF31080C007C00F72B6019001982A
:103FD000002800D162B602E017E011E007E0444893
:103FE0000768002F01D100F0A5F807B0F0BD706A96
:103FF000049004980462746204986062266214E07B
:1040000000206063032020630FE0206B01280CD0A8
:10401000206B022809D0606B002802D1A0632063C6
:1040200003E00020606303202063364800680290AC
:104030000698002800D162B6314902980968884282
:104040004FD02F480468EFF31080C007C00F72B63E
:104050000190002C3BD024492068884237D1A82009
:104060000059A168814202D2A820A1680151E068EC
:1040700000681E49884209D12069401C00688842B6
:1040800004D1A8200059E16888420CD20198002888
:1040900000D162B62046FFF74DFEEFF31080C00757
:1040A000C00F72B60190A82000598038C06F0F4928
:1040B00088420CD00198002800D162B62046FFF754
:1040C000EFFDEFF31080C007C00F72B601900198AA
:1040D000002800D162B606480768002F01D100F021
:1040E00029F800BF81E7000044524854EFEFEFEF9A
:1040F000BC070020A0FD0020B4070020B807002066
:10410000A4070020A00700200849094A5160EFF3E6
:104110000581002908D1EFF31081C807C00F72B6DE
:1041200062B6002800D072B6704700000000001090
:1041300000ED00E00849094A5160EFF305810029CC
:1041400008D1EFF31081C807C00F72B662B600281D
:1041500000D072B6704700000000001000ED00E0D3
:104160000849094A5160EFF30581002908D1EFF3AE
:104170001081C807C00F72B662B6002800D072B6B0
:10418000704700000000001000ED00E0F0B589B0BD
:104190000446AF4800680390EFF31080C007C00FDB
:1041A00072B60190002C3BD0AA492068884237D1D2
:1041B000A8200059A168814202D2A820A16801511B
:1041C000E0680068A449884209D12069401C006861
:1041D000884204D1A8200059E16888420CD2019895
:1041E000002800D162B62046FFF7A4FDEFF310804F
:1041F000C007C00F72B60190A82000598038C06F68
:10420000954988420CD00198002800D162B620461A
:10421000FFF746FDEFF31080C007C00F72B60190A4
:104220000198002800D162B6EFF31080C007C00FDC
:1042300072B60890039884420FD1E06C0290029805
:10424000002807D00298401C002803D020464C309C
:1042500000F0C8FA8149E069086081480068401EA2
:104260007F490860A06B01287ED10020A063E06A2E
:104270000790206A05900598A04213D0606A0490C8
:10428000059904984862059904980162079880008E
:1042900074490858A04269D107998900714A059864
:1042A000505063E00021079880006E4A11500126AB
:1042B000079886406C480068B0436B49086000204E
:1042C000069008460568002D11D120206749086036
:1042D0000020674908600898002800D162B660484D
:1042E0000768002F01D1FFF73BFF09B0F0BD0026A2
:1042F000E843401C0540102D06D2042D01D3AD0823
:10430000B61C680886192BE0FF2D08D82D09361D2C
:10431000042D01D3AD08B61C6808861920E00120E1
:10432000000485420CD22D0A0836102D01D32D0928
:10433000361D042D01D3AD08B61C680886190FE0A0
:104340002D0C1036FF2D01D92D0A0836102D01D362
:104350002D09361D042D01D3AD08B61C6808861939
:1043600006988019414900E016E00860404800685E
:10437000844211D13D48006880003A4908583C49C0
:1043800008600898002800D162B635480768002FF9
:1043900001D1FFF7E5FEA8E70898002800D162B632
:1043A00033490398096888424FD031480468EFF3D5
:1043B0001080C007C00F72B60190002C3BD0254979
:1043C0002068884237D1A8200059A168814202D2D2
:1043D000A820A1680151E06800681F49884209D1FE
:1043E0002069401C0068884204D1A8200059E16877
:1043F00088420CD20198002800D162B62046FFF70F
:1044000099FCEFF31080C007C00F72B60190A8208E
:1044100000598038C06F104988420CD0019800289C
:1044200000D162B62046FFF73BFCEFF31080C007D7
:10443000C00F72B601900198002800D162B60848FA
:104440000768002F01D1FFF78BFE00BF4DE700008A
:10445000A007002044524854EFEFEFEFFC07002084
:10446000BC070020A0FD0020B4070020B8070020F2
:10447000A4070020F8B55A480468EFF31080C60777
:10448000F60F72B6002C37D056492068884233D1D7
:10449000A8200059A168814202D2A820A168015138
:1044A000E06800685049884209D12069401C0068D2
:1044B000884204D1A8200059E16888420AD2002E1F
:1044C00000D162B62046FFF735FCEFF31080C60737
:1044D000F60F72B6A82000598038C06F4249884252
:1044E0000AD0002E00D162B62046FFF7D9FBEFF3C9
:1044F0001080C607F60F72B6002E00D162B60025F6
:10450000EFF31080C707FF0F72B60020374908602D
:10451000002C1CD0206B002819D1E069A06134491F
:10452000A0690860206AA04211D0E16BE06A88426D
:104530000DD1E16A89002F4A206A50502E48006848
:104540008000114608582D49086008460568002F6C
:1045500000D162B6002D42D0EFF31080C607F60FEF
:1045600072B6002D37D01F492868884233D1A82061
:104570004059A968814202D2A820A9684151E8683F
:1045800000681949884209D12869401C006888429E
:1045900004D1A8204059E96888420AD2002E00D1EF
:1045A00062B62846FFF7C6FBEFF31080C607F60F8A
:1045B00072B6A82040598038C06F0B4988420AD093
:1045C000002E00D162B62846FFF76AFBEFF3108099
:1045D000C607F60F72B6002E00D162B600BFF8BD56
:1045E000A007002044524854EFEFEFEFD00700201F
:1045F000FC070020A0FD0020B8070020A407002031
:10460000F8B505462C46EFF31080C707FF0F72B6CA
:10461000206B04280BD10C480068401C0A49086034
:10462000002F00D162B62046FFF7F4FB0BE0A66E28
:10463000B02000590090002F00D162B6002E02D0A9
:1046400020460099B047F8BDBC070020FFB581B0F7
:1046500004460F462C212046F0F732FB67600A988B
:10466000A0600B98E0600398206104986061EFF30C
:104670001080C007C00F72B6009012482060124828
:104680000068002804D1114804606462A46206E056
:104690000E480568AE6AAC627462A66265620A483A
:1046A0000068401C084908600C98012803D1204686
:1046B000083000F097F80098002800D162B600207A
:1046C00005B0F0BD4D495441E8070020E407002043
:1046D00010B5EFF31080C407E40F72B60548006808
:1046E000401C04490860002C00D162B60248FFF764
:1046F00091FB10BDBC070020A0FE002010B586B0C5
:1047000000202149086021490860214908602149A9
:1047100008602149086080212048F0F7D1FA1F483D
:104720001F4908601F4908607C301F49086008461F
:104730000068001D08601D481D49086001208002B6
:104740001C49086000201C49086000BF00201A4A6C
:104750001268194B1B680490029303920590154848
:10476000006813490968154B154A0091019015A17D
:104770001948FFF7BFF80446002CE7D11749086035
:104780001749086006B010BDCC070020FC070020C8
:10479000D0070020E0070020EC07002020FE0020CA
:1047A000D4070020DC070020D807002054FF002099
:1047B000F0070020F4070020F80700204D4954417D
:1047C0008148010053797374656D2054696D657279
:1047D0002054687265616400A0FE0020E407002098
:1047E000E8070020F8B50368002B2AD05E1C002ED5
:1047F00027D08669002E24D1202B01D91F2400E068
:104800005C1EA6000F4F3F68F1190F4E3668B1428B
:1048100009D30D4E36688E1BB6100096009EB6006A
:104820000A4F3F68F1190E68002E03D10061406104
:10483000086005E00A6855692861506102614561B8
:104840008161F8BDDC070020D8070020D4070020D4
:1048500010B58169002912D00269904205D10C6817
:1048600084420AD100240C6007E0436953611A6155
:104870000C68844201D191610A600024846110BDFA
:10488000F1B586B0002001905249069888427CD14B
:104890009CE0EFF31080C607F60F72B64E48006832
:1048A000006805900598002802D005A80599886140
:1048B000002049490968086047480068001D4649CA
:1048C00008600846006845490968884203D14448A1
:1048D000006841490860002042490860002E00D16C
:1048E00062B6EFF31080C607F60F72B653E0059C70
:1048F0000598056900200490AC4201D1059008E0BC
:1049000060690390039868610398056105A8A86130
:1049100005952068202809D92068203820600020CB
:10492000029004A8A061246104940FE0A0680290A2
:10493000E0680190606820602068002804D004A826
:10494000A0612461049401E00020A0612648046075
:10495000002E00D162B60298002802D00299019878
:104960008847EFF31080C607F60F72B600201E4985
:1049700008600498A04204D10020A0612046FFF7FF
:1049800031FF002E00D162B600E020E0EFF310808E
:10499000C607F60F72B605980028A8D1114800681E
:1049A000002810D1114F032038630120B86310484C
:1049B0000068401C0E490860002E00D162B63846DF
:1049C000FFF7E4FB02E0002E00D162B661E707B01A
:1049D000F0BD00004D495441DC070020D8070020FD
:1049E000D4070020E0070020EC070020A0FE0020F4
:1049F000BC070020F7B582B0044600200190002CCF
:104A000002D1062001904EE00498282802D006200A
:104A1000019048E0EFF31080C607F60F72B6274802
:104A20000068401C25490860002E00D162B6244869
:104A30000568002704E0AC4200D105E0AD697F1CA9
:104A4000204800688742F6D300BFEFF31080C60706
:104A5000F60F72B619480068401E18490860002E0B
:104A600000D162B6FFF77CF9AC4202D1062001907A
:104A700019E015480068009014490098884201D157
:104A800013200190EFF305801149096801430029C3
:104A900009D0EFF305800E49096801430D4A9142A0
:104AA00001D2132001900198002804D120460399D7
:104AB000FEF7BCF80190019805B0F0BDBC070020DE
:104AC0001007002014070020A0070020A0FE0020EF
:104AD000B0070020F0F0F0F0FFB583B004461646B2
:104AE0001F460025002C01D106251DE0184920682D
:104AF000884201D0062517E0002F01D1032513E0DD
:104B00000C98002810D0EFF3058012490968014382
:104B1000002901D0042507E00F48006802900F49E2
:104B20000298884200D10425002D02D1032E00D91D
:104B30000825002D08D10C983B46324600902046AF
:104B40000499FEF7A5F80546284607B0F0BD000019
:104B50004E445644B0070020A0070020A0FE0020CD
:104B6000F8B504460F4615460026002C01D106264E
:104B70000AE00A492068884201D0062604E0022D96
:104B800002D0002D00D00826002E05D12A46394635
:104B90002046FEF727F906463046F8BD4E445644F7
:104BA00070B505460E46002D01D106240AE00649DF
:104BB0002868884201D0062404E031462846FEF7E2
:104BC0006BFA0446204670BD4E445644FFB583B090
:104BD0000446164600200290002C02D11C200290B0
:104BE0003EE00698342802D01C20029038E0EFF313
:104BF0001080C707FF0F72B62E480068401C2D4971
:104C00000860002F00D162B62B4805680020019093
:104C100006E0AC4200D108E02D6A0198401C0190EA
:104C20002649019809688842F3D300BFEFF310804A
:104C3000C707FF0F72B61F480068401E1D49086075
:104C4000002F00D162B6FFF78BF8AC4202D11C20D6
:104C5000029005E0012E03D0002E01D01F2002900B
:104C60000298002819D1164800680090154900984C
:104C7000884201D113200290EFF3058012490968A0
:104C80000143002909D0EFF305800F49096801436A
:104C90000E4A914201D2132002900298002805D1B9
:104CA000324620460499FEF7B7FA0290029807B000
:104CB000F0BD0000BC070020180700201C070020E2
:104CC000A0070020A0FE0020B0070020F0F0F0F0C8
:104CD000F8B504460E460025002C01D11C2516E02F
:104CE00018492068884201D01C2510E0002E0ED003
:104CF000EFF30580144909680143002901D0042518
:104D000005E0124807681248874200D10425002DAB
:104D10000FD1EFF305800C4909680143002908D041
:104D2000EFF305800849096801430A4A914200D21D
:104D30001325002D04D131462046FEF7A9FA054679
:104D40002846F8BD4554554DB0070020A007002067
:104D5000A0FE0020F0F0F0F070B504460025002C15
:104D600001D11C2515E00F492068884201D01C257F
:104D70000FE0EFF305800C4909680143002908D0D2
:104D8000EFF30580084909680143084A914200D2BF
:104D90001325002D03D12046FEF722FC05462846A8
:104DA00070BD00004554554DB0070020F0F0F0F004
:104DB000FFB58DB00646169D00200B90002E02D147
:104DC0000E200B909BE01C98B42802D00E200B9074
:104DD00095E0EFF31080C007C00F72B60C905348F7
:104DE0000068401C514908600C98002800D162B648
:104DF00000200A904E48046808951798401E089DA8
:104E000047190897089F002009901EE0A64201D18B
:104E100001200A900A98012800D11BE0E068A8420E
:104E200005D82069A84202D9002501200A90E0682F
:104E3000B84205D82069B84202D9002501200A905D
:104E4000882004590998401C09903A490998096832
:104E50008842DBD300BFEFF31080C007C00F72B6EB
:104E60000C9032480068401E304908600C980028B9
:104E700000D162B6FEF774FFA64202D10E200B905D
:104E80003DE0002D02D103200B9038E00F98002860
:104E900002D103200B9032E01798C82802D20520D7
:104EA0000B902CE01898202802D30F200B9026E0BE
:104EB00018991998884202D918200B901FE01B9866
:104EC000012802D910200B9019E01B4800680790B8
:104ED0001A490798884201D113200B90EFF30580FF
:104EE000174909680143002909D0EFF305801449E7
:104EF00009680143134A914201D213200B900B9889
:104F0000002810D1199B189A1A991B9803930292A2
:104F10000491059017980095019030460EA90EC98E
:104F2000FEF7E8FC0B900B9811B0F0BDBC07002019
:104F3000A8070020AC070020A0070020A0FE00204A
:104F4000B0070020F0F0F0F070B50546EFF30580F3
:104F50000B4909680143002901D013240DE0002DFD
:104F600001D10E2409E007492868884201D00E24A7
:104F700003E02846FEF78EFD0446204670BD000083
:104F8000B007002044524854FFB587B00446129E33
:104F900000200690002C02D11520069044E01398C2
:104FA0002C2802D0152006903EE0EFF31080C707B2
:104FB000FF0F72B633480068401C32490860002F6A
:104FC00000D162B6304805680020059006E0AC428A
:104FD00000D108E06D6A0598401C05902B490598A2
:104FE00009688842F3D300BFEFF31080C707FF0FB3
:104FF00072B624480068401E22490860002F00D184
:1050000062B6FEF7ADFEAC4202D1152006900BE071
:105010001098002802D11620069005E0012E03D03A
:10502000002E01D0172006900698002819D11848A4
:105030000068049017490498884201D11320069013
:10504000EFF30580144909680143002909D0EFF303
:105050000580114909680143104A914201D2132089
:1050600006900698002809D1119910986A4643C203
:10507000204608A90EC9FFF7E9FA069006980BB07A
:10508000F0BD0000BC070020E4070020E807002076
:10509000A0070020A0FE0020B0070020F0F0F0F0F4
:1050A000FFB587B006461C460025304620300690E6
:1050B00001200290002E09D15A485BA35CA26449EA
:1050C000009064A009F0F6F900BFFEE73420805D8F
:1050D00000280AD153486CA355A25D49491C009091
:1050E0005CA009F0E7F900BFFEE7099908984118AC
:1050F0003069814205D968A009F002FA05200BB099
:10510000F0BD06988068002802D00698816888471C
:105110000898C007C00F002812D02046641C0090D9
:105120000898421C0146012308921A46304605F0B1
:10513000DFFC0546002D00D065E00998401E09906F
:105140000121304608F0F0FE0546002D00D05AE05F
:10515000AD206946087440E00298002818D004AADF
:1051600001323046089905F0B7FB3520805D0028F4
:1051700001D0052000E004200390217804AA0398C0
:10518000115461780398401C11540020029006E0ED
:105190000120039021786846417461788174002071
:1051A0000090069800234768039A921C04A9B84708
:1051B0000546002D03D042A009F0A2F923E03046B5
:1051C0000AF0E8FE0546002D00D01CE00998801E7C
:1051D00009900898801C0890A41C09980228BBD24A
:1051E0000021304608F0A0FE0546002D0AD109989E
:1051F000012807D101231A4600943046089905F08A
:1052000077FC054600BF002D03D00021304608F092
:105210008BFE0698C068002802D00698C1688847AF
:1052200028466CE741660300666C61736800000005
:105230002825732920686173206173736572742057
:105240006661696C65642061742025732E0000001E
:10525000B90200002E2E5C436F6D70656E74735C36
:105260004D6F64756C65735C466C61736844422D68
:10527000312E312E325C736675645C7372635C73BD
:105280006675642E63000000666C6173682D3E696C
:105290006E69745F6F6B00004572726F723A2046E0
:1052A0006C61736820616464726573732069732034
:1052B0006F7574206F6620626F756E642E0000003B
:1052C0004572726F723A20466C617368207772691A
:1052D00074652053504920636F6D6D756E6963610D
:1052E0007465206572726F722E000000F8B5054675
:1052F0000E4629460120C003EFF71EFC84B221466A
:10530000714308466421EFF717FC201A87B239462B
:105310002046F1F71BFFF8BD10B58C00034608339B
:105320001A5110BD70B50446606880470546E078A4
:105330004007400F002802DD2088401C2080E078D4
:10534000C009A8421CD0E07838218843E17889065A
:10535000490F491CC900382211400843E0708006FB
:10536000400F032810DBE07880218843E901802288
:1053700011400843E070E07838218843E07003E092
:10538000E07838218843E070E0784007400F030060
:10539000FCF7A5FA06042858AEF3D0F3E078C0096C
:1053A000E1784906C90F884216D1A078F0218843D8
:1053B000A070A068002802D02046A168884700207D
:1053C0002080A07800090001401CA070E078C0088F
:1053D000C000401CE07004E0A078F02188438030D9
:1053E000A070CAE0E078C009E1784906C90F884298
:1053F00012D0A078F02188431030A070E068002817
:1054000002D02046E168884700202080E078C0086C
:10541000C000801CE07014E020884B21C900884245
:105420000FDDA078F02188435030A070E06900289B
:1054300002D02046E1698847E078C008C000401DDE
:10544000E0709AE0E078C009E1784906C90F884227
:1054500025D1A078F0218843A070A068002802D050
:105460002046A1688847A07800090001A178491C5E
:105470000907090F0843A070A078F0218843203065
:10548000A0702069002802D02046216988470020AA
:105490002080E078C008C000C01CE07027E02088B1
:1054A0003C2824DDA0780007000F01280BD1A0784C
:1054B000F02188433030A0706069002813D0204666
:1054C000616988470FE0A0780007000F02280AD121
:1054D000A078F02188434030A070A069002802D055
:1054E0002046A1698847E078C008C000E07044E029
:1054F000E078C009E1784906C90F884219D0A07840
:10550000F02188431030A070E068002802D02046C7
:10551000E168884720883C2807DA00202080E0786E
:10552000C008C000801CE07003E0E078C008C00044
:10553000E07022E0E078C009E1784906C90F8842AE
:105540000BD1A078F02188436030A070206A002839
:1055500012D02046216A88470EE0A078F0218843C7
:105560001030A070E068002802D02046E16888472B
:10557000E078C008C000E07000BF00BF70BDF8B5A3
:1055800004460D46164628212046EFF799FBA078E1
:10559000F02188438030A070656060688047C0015A
:1055A000802108400746E07888433843E070E0787F
:1055B00040218843B101402211400843E070F8BD0A
:1055C00010B580210148F6F74DFE10BD800D00405A
:1055D00010B501210148F6F745FE10BD400C004012
:1055E00001460948026805E08A4202D10020C04312
:1055F0007047526A002AF7D103480068486202489F
:1056000001600020F4E700008800002010B5054884
:10561000046803E02046FFF785FE646A002CF9D198
:1056200010BD00008800002070B50446012503224B
:1056300004492046EFF778FB002800D000252846D3
:1056400070BD00002E070200F8B505460F46002683
:1056500000243AE0A101491908461C3000F0B2FDCF
:105660000646002E0FD18B221A491BA0F7F7BCFA71
:10567000A001401901461C311CA0F7F7B5FA26A07D
:10568000F7F7B2FA20E0A0014019406BF1698842B7
:1056900016DB91220F4921A0F7F7A6FAA0014019C5
:1056A000F369426BA0014019011D2348F7F79CFAEA
:1056B00022A0F7F799FA002022490860401EF8BDA1
:1056C000A00021490E5000BF641CBC42C2D3002080
:1056D000F5E70000B46203005B442F46414C5D20B7
:1056E0002825733A25642920000000005761726E56
:1056F000696E673A20446F204E4F5420666F756E76
:10570000642074686520666C6173682064657669DE
:105710006365282573292E000A0000001B5B3331C6
:105720003B32326D5B452F46414C5D202825733A54
:105730002564292000000000FC8403001B5B306D01
:105740000A0000003C05002034050020F8B504469E
:105750000F463D462E68207800280DD11FA0F7F790
:1057600043FA22A03168F7F73FFA22A06168F7F701
:105770003BFA01202871F8BD6078022817D1F06A41
:10578000401C002806D13822214630462830EFF749
:105790006FFA21E011A0F7F727FA14A03168F7F7A4
:1057A00023FA1F48F7F720FA01202871E3E7607811
:1057B000012811D1A868401CA8606068E860A8684A
:1057C000012809D1F06A401C002805D13822214661
:1057D00030462830EFF74CFA0020CCE75B466C618E
:1057E000736844425D5B74736C5D00005B25735DA0
:1057F00020000000536563746F72202830782530D4
:105800003858292068656164657220696E666F206A
:10581000697320696E636F72726563742E0A00008B
:105820000C840300FFB581B004461D46002C14D043
:10583000002A12D0002D10D0029E002E0DD0284636
:10584000EE0F361876107600AE1B06D1EE0F7619E5
:1058500077100095029EB74202DD002005B0F0BD32
:105860000021002300BF50E0505C612808DB505C41
:10587000662805DC505CC01F0007000EE05418E0ED
:10588000505C412808DB505C462805DC505CC01F9A
:105890000007000EE0540CE0505C302807DB505C41
:1058A000392804DC505C0007000EE05401E00020C1
:1058B000D4E7481C81B2505C612808DB505C662844
:1058C00005DCE05C565C80195738E05419E0505C08
:1058D000412808DB505C462805DCE05C565C8019FA
:1058E0003738E0540DE0505C302808DB505C392834
:1058F00005DCE05C565C80193038E05401E00020A3
:10590000ACE7581C83B2481C81B2A942ACDB1846F4
:10591000A4E7FFB581B007460D461646002000906B
:10592000002F04D03846EFF7EAF9002801D105B07E
:10593000F0BD002D04D02846EFF7E1F9002800D192
:10594000F5E729463846EFF70BFA044608E010C69B
:105950000098401C009029460020EFF701FA044609
:10596000002CF4D104990098086000BFDFE7FEB571
:1059700007460D4600263C463846EFF7C0F9C0B250
:10598000009025E0002001901EE02078302804DB04
:105990002078392801DC2078A8552078412804DBBC
:1059A00020785A2801DC2078A8552078612804DB6B
:1059B00020787A2801DC2078A855641C701CC6B2B7
:1059C0000198401CC0B20190009901988842DCDB2C
:1059D00020780028D6D1FEBD014603484843401335
:1059E000024A801A7047000073550000C8AF0000DB
:1059F0000146034848434013024A801A704700009A
:105A0000093D00007017000070B505460C461348AC
:105A10000068002806D1124A12A115A0F7F7E4F891
:105A200000BFFEE70D4800682030007D002806D149
:105A30000B4A17A10EA0F7F7D7F800BFFEE71948E9
:105A40008069411922460548006808F00BFC0028CF
:105A500002D00020C04370BD2046FCE7F4040020C3
:105A60006C620300736675645F6465760000000015
:105A7000282573292068617320617373657274200F
:105A80006661696C65642061742025732E0A0000CC
:105A9000736675645F6465762D3E696E69745F6FC9
:105AA0006B000000F804002070470000F0B54E00C5
:105AB000864BCF0F760887B005460C469E422ED304
:105AC0008348864211D33003000B284304D0284674
:105AD000FCF7E8F807B0F0BD002F03D00020014626
:105AE00007B0F0BD284607B0F0BD7A4A2846EFF768
:105AF0004BFE06D20220FCF70BF9FCF7E5F807B0E5
:105B0000F0BD754A754B28462146EFF763FC06D277
:105B10000220FCF7FDF8FCF7E1F807B0F0BD704893
:105B200086424AD930466F49E20FD600884215D2E4
:105B30006D48784480194368026828462146EFF78B
:105B4000C6FA029069480391784481190868496847
:105B500000900120C01B0191C61B25E0644A654BE3
:105B600028462146EFF7C2FA634A7A4493191A6825
:105B70005B68EFF707FAEFF7C3FD0646EFF7A8FB00
:105B800007465E4A5E4B0091EFF7B0FA2A4623467D
:105B9000EFF7A3FA039102905A4A5B4B38460099FB
:105BA000EFF7A4FA019100900B46009A039902982E
:105BB000EFF78DFA05460C4617E05448864213D29B
:105BC000534A544B28462146EFF7DCF9524E002247
:105BD0003346EFF7D9FD07D2002233462846214647
:105BE000EFF7D0F907B0F0BD00262A46234610464D
:105BF0001946EFF77BFA0746024648480B460491E0
:105C000005217844FBF7EEFF3A46049BEFF76EFA66
:105C10002A462346EFF761FA0691012189070746D4
:105C2000002E23D002460020069BEFF750FA059184
:105C300004903A4628462146069BEFF757FA059B03
:105C4000049AEFF7BBFA019B009AEFF746FA039B21
:105C5000029AEFF73CFA00222F4BEFF73EFA304A58
:105C600096421EDB3205891807B0F0BD0B460022B4
:105C70000699EFF72CFA064600913A462846214647
:105C8000069BEFF733FA3246009BEFF797FA2A4666
:105C90002346EFF71CFA00221F4BEFF71EFA07B05E
:105CA000F0BD7D233205DB05D21889181D4AEFF7B8
:105CB00011FD0D460446FBF721FE042801D1FCF737
:105CC0000DF82046294607B0F0BD0000422E864060
:105CD0000000F07FEF39FAFE51302DD5104987C012
:105CE000422ED63FB2A2F03FE2210200DC210200A8
:105CF000FE822B654715F73F9A2102000000E0FE67
:105D0000422EE63F763C7935EF39EA3D0000303EE1
:105D10009C7500883CE4377E0000F03F3221020091
:105D200003FCFFFF18FCFFFFF0B59FB005460C46D3
:105D3000264621480088002802D120A0F6F754FF0B
:105D400034220DA91AA800F093FF01460C902846B2
:105D500001F07AFA07463946304600F08CFF10A869
:105D6000837F408B189A199909930A920B91089096
:105D700010A8018BC08A149B139A05930492079173
:105D8000069010A802796846808F109B12990193A3
:105D9000029203910090104883796846028F818EA9
:105DA0000EA0F6F721FF04480088401C0249088035
:105DB00000201FB0F0BD0000E00000200A657870F0
:105DC0006F72742073656E736F72206461746120EA
:105DD00073746172742C0000AC87002025642C253C
:105DE000642C25642C25642C25642C25642C2564C6
:105DF0002C25642C25642C25642C25642C25642CEE
:105E000025642C25642C256C642C000010B54FA152
:105E10004FA0F6F7E9FE50A0F6F7E6FE7D20C000A1
:105E200004F02AFD49A14AA0F6F7DEFE55A0F6F7D8
:105E3000DBFE7D20C00004F01FFDF9F749FB0028C0
:105E400007D042A142A0F6F7CFFE59A0F6F7CCFE4C
:105E500003E03EA13EA0F6F7C7FE60A0F6F7C4FE41
:105E60007D20C00004F008FDF9F762FE002807D08D
:105E700036A137A0F6F7B8FE63A0F6F7B5FE03E04B
:105E800032A133A0F6F7B0FE6AA0F6F7ADFE7D2092
:105E9000C00004F0F1FCFBF773FA002807D02BA137
:105EA0002BA0F6F7A1FE6EA0F6F79EFE03E027A159
:105EB00027A0F6F799FE75A0F6F796FE7D20C000A4
:105EC00004F0DAFCF6F72CFC002807D01FA120A074
:105ED000F6F78AFE78A0F6F787FE03E01BA11CA068
:105EE000F6F782FE7FA0F6F77FFE7D20C00004F06B
:105EF000C3FC16A116A0F6F777FE85A0F6F774FE90
:105F00007D20C00004F0B8FCF7F794FA002807D011
:105F10000EA10FA0F6F768FE88A0F6F765FE03E075
:105F20000AA10BA0F6F760FE8FA0F6F75DFE7D20BC
:105F3000C00004F0A1FC05A105A0F6F755FE95A050
:105F4000F6F752FE01219E48017210BD41434B00FD
:105F50000A5B25735D000000666163746F72794DA2
:105F60006F646520416972204D6F6E69746F72694C
:105F70006E672053656E736F7220537465703A318B
:105F800000000000666163746F72794D6F64652074
:105F9000416972204D6F6E69746F72696E6720532C
:105FA000656E736F7220537465703A3200000000A2
:105FB000666163746F72794D6F6465204169722008
:105FC0004D6F6E69746F72696E672053656E736F83
:105FD0007220537465703A33000000006661637488
:105FE0006F72794D6F646520416972204D6F6E69E3
:105FF000746F72696E672053656E736F722053748D
:1060000065703A3400000000666163746F72794D08
:106010006F646520416972204D6F6E69746F72699B
:106020006E672053656E736F7220537465703A35D6
:1060300000000000666163746F72794D6F646520C3
:10604000416972204D6F6E69746F72696E6720537B
:10605000656E736F7220537465703A3600000000ED
:10606000666163746F72794D6F6465204169722057
:106070004D6F6E69746F72696E672053656E736FD2
:106080007220537465703A370000000066616374D3
:106090006F72794D6F646520416972204D6F6E6932
:1060A000746F72696E672053656E736F72205374DC
:1060B00065703A3800000000666163746F72794D54
:1060C0006F646520416972204D6F6E69746F7269EB
:1060D0006E672053656E736F7220537465703A3922
:1060E00000000000666163746F72794D6F64652013
:1060F000416972204D6F6E69746F72696E672053CB
:10610000656E736F7220537465703A313000000011
:10611000666163746F72794D6F64652041697220A6
:106120004D6F6E69746F72696E672053656E736F21
:106130007220537465703A313100000066616374F7
:106140006F72794D6F646520416972204D6F6E6981
:10615000746F72696E672053656E736F722053742B
:1061600065703A3132000000666163746F72794D78
:106170006F646520416972204D6F6E69746F72693A
:106180006E672053656E736F7220537465703A3179
:1061900033000000666163746F72794D6F6465202F
:1061A000416972204D6F6E69746F72696E6720531A
:1061B000656E736F7220537465703A31340000005D
:1061C00064B4002070B5054613480078002806D155
:1061D000124A13A114A0F6F707FD00BFFEE7002D39
:1061E00006D10E4A18A110A0F6F7FEFC00BFFEE78C
:1061F00000240DE0A000164A115818222846EEF798
:10620000A0FD002803D1A0001149085870BD641CEE
:10621000002CEFD00020F9E7F20400204B620300CD
:10622000696E69745F6F6B0028257329206861733C
:1062300020617373657274206661696C65642061A6
:10624000742025732E0A00006E616D650000000049
:10625000386203003EB530480078002801D00020A5
:106260003EBD002451E0A0002C490858806A002857
:1062700006D12B4A2BA132A0F6F7B6FC00BFFEE7F1
:10628000A00026490858C06A002806D1244A34A133
:106290002BA0F6F7A9FC00BFFEE7A0001F49085895
:1062A000006B002806D11E4A34A125A0F6F79CFCFD
:1062B00000BFFEE7A00019490858406A002804D032
:1062C000A100164A5158486A80472F22144932A02B
:1062D000F6F78AFCA00011490858006AA1000F4A8D
:1062E0005158C969A2000D4B9A58926900920191C8
:1062F0000290A00019460B58182211462B48F6F7B9
:1063000073FC2BA0F6F770FC641C002CABD00120B2
:10631000014908700020A3E7F2040020386203005E
:106320003C6203006465766963655F7461626C65F5
:106330005B695D2D3E6F70732E72656164000000B5
:106340002825732920686173206173736572742036
:106350006661696C65642061742025732E0A0000F3
:106360006465766963655F7461626C655B695D2D08
:106370003E6F70732E77726974650000646576698C
:1063800063655F7461626C655B695D2D3E6F707300
:106390002E657261736500005B442F46414C5D20A1
:1063A0002825733A2564292000000000A0840300FA
:1063B0000A00000010B5FFF74DFF0446002C00DA7C
:1063C00003E000F07BF9044600BF002C11DD124809
:1063D000007800280DD101200F4908700FA0F6F7B2
:1063E00003FC13A114A0F6F7FFFB20A0F6F7FCFBBB
:1063F00010E0002C0EDC00200749087030221D49F7
:106400001DA0F6F7F1FB0AA122A0F6F7EDFB17A0FD
:10641000F6F7EAFB204610BDF10400201B5B333287
:106420003B32326D5B492F46414C5D20000000003D
:10643000302E352E39390000466C61736820416278
:10644000737472616374696F6E204C617965722038
:10645000285625732920696E697469616C697A65AB
:1064600020737563636573732E0000001B5B306DD2
:106470000A0000002F6203001B5B33313B32326D98
:106480005B452F46414C5D202825733A2564292021
:1064900000000000466C6173682041627374726191
:1064A0006374696F6E204C6179657220285625737C
:1064B0002920696E697469616C697A652066616911
:1064C0006C65642E00000000F8B504460D461646C3
:1064D000002700200090002C06D1264A26A128A0E3
:1064E000F6F782FB00BFFEE7A819A16B88420ED920
:1064F000FF22F0321F492AA0F6F776FB2FA0F6F70D
:1065000073FB3CA0F6F770FB0020C043F8BD2046AB
:1065100000F0A4FE00900098002811D1FF22F7326D
:1065200014491FA0F6F760FB221D21461C31334899
:10653000F6F75AFB2FA0F6F757FB0020C043E5E71C
:10654000616B481900990A6B314690470746002F46
:106550000DDAFF22FE32074911A0F6F745FB21466E
:106560001C3127A0F6F740FB22A0F6F73DFB38468A
:10657000CCE70000596303007061727400000000F2
:1065800028257329206861732061737365727420F4
:106590006661696C65642061742025732E0A0000B1
:1065A0001B5B33313B32326D5B452F46414C5D20E6
:1065B0002825733A25642920000000005061727478
:1065C0006974696F6E206572617365206572726FA0
:1065D000722120506172746974696F6E2061646405
:1065E00072657373206F7574206F6620626F756EAD
:1065F000642E00001B5B306D0A000000E485030080
:10660000506172746974696F6E2065726173652080
:106610006572726F722120466C61736820646576C2
:106620006963652825732920657261736520657229
:10663000726F72210000000070B5054611480078A5
:10664000002806D1104A11A112A0F6F7CDFA00BF1A
:10665000FEE700240FE0A001164A12688018011D11
:106660002846EEF753FB002804D1A0011149096820
:10667000401870BD641C104800688442EBD30020B1
:10668000F7E7000038050020D0620300696E6974E6
:106690005F6F6B0028257329206861732061737315
:1066A000657274206661696C65642061742025736D
:1066B0002E0A0000300500203C05002010B50F48D0
:1066C0000078002802D00E48006810BD0D480E4921
:1066D000086001200A490860084601680A48006805
:1066E000FEF7B2FF002800D003E001200349087044
:1066F00000BF00F095F902480068E6E73805002081
:106700003C0500207462030030050020FEB50446FD
:106710000D4616461F46002001900090002C06D121
:106720002B4A2CA12DA0F6F75FFA00BFFEE7002E42
:1067300006D1274A31A129A0F6F756FA00BFFEE795
:10674000E819A16B88420ED9FF22A03220492CA063
:10675000F6F74AFA31A0F6F747FA3EA0F6F744FA00
:106760000020C043FEBD204600F078FD0090009858
:10677000002811D1FF22A732154921A0F6F734FADB
:10678000221D21461C313548F6F72EFA31A0F6F7C6
:106790002BFA0020C043E5E7616B481900993A469F
:1067A0008B6A314698470190019800280DDAFF2244
:1067B000AE32074912A0F6F717FA21461C3128A07D
:1067C000F6F712FA23A0F6F70FFA0198CAE70000CD
:1067D0003263030070617274000000002825732981
:1067E0002068617320617373657274206661696CDF
:1067F00065642061742025732E0A000062756600AE
:106800001B5B33313B32326D5B452F46414C5D2083
:106810002825733A25642920000000005061727415
:106820006974696F6E2072656164206572726F723F
:106830002120506172746974696F6E2061646472A2
:10684000657373206F7574206F6620626F756E6458
:106850002E0000001B5B306D0A00000098850300CD
:10686000506172746974696F6E207265616420652D
:1068700072726F722120466C61736820646576695C
:106880006365282573292072656164206572726FC3
:1068900072210000FEB504460D4616461F46002034
:1068A00001900090002C06D12B4A2CA12DA0F6F7C8
:1068B0009BF900BFFEE7002E06D1274A31A129A08F
:1068C000F6F792F900BFFEE7E819A16B88420ED9EE
:1068D000FF22C93220492CA0F6F786F931A0F6F73D
:1068E00083F93EA0F6F780F90020C043FEBD2046A4
:1068F00000F0B4FC00900098002811D1FF22D032A3
:10690000154921A0F6F770F9221D21461C313548A2
:10691000F6F76AF931A0F6F767F90020C043E5E71A
:10692000616B481900993A46CB6A31469847019005
:10693000019800280DDAFF22D732074912A0F6F796
:1069400053F921461C3128A0F6F74EF923A0F6F79B
:106950004BF90198CAE70000456303007061727447
:10696000000000002825732920686173206173737B
:10697000657274206661696C65642061742025739A
:106980002E0A0000627566001B5B33313B32326DAC
:106990005B452F46414C5D202825733A256429200C
:1069A00000000000506172746974696F6E20777224
:1069B000697465206572726F72212050617274690A
:1069C00074696F6E2061646472657373206F75748F
:1069D000206F6620626F756E642E00001B5B306D49
:1069E0000A0000004C850300506172746974696F7D
:1069F0006E207772697465206572726F722120460D
:106A00006C61736820646576696365282573292045
:106A10007772697465206572726F722100000000E0
:106A2000F0B587B03EA006903FA70698EEF767F94D
:106A300005903846EEF763F906463E4800680028A0
:106A40001FD0002519E0A8013B4909684418201D02
:106A5000EEF755F90599884203D9201DEEF74FF955
:106A6000059020461C30EEF74AF9B04204D9204682
:106A70001C30EEF744F906466D1C2E48006885422E
:106A8000E1D32EA0F6F7B0F831A0F6F7ADF840A0AC
:106A9000F6F7AAF829A0F6F7A7F8182002970096AB
:106AA000019002463CA0069B0599F6F79DF838A098
:106AB000F6F79AF821A0F6F797F843A0F6F794F8BE
:106AC00033A0F6F791F800251AE0A8011A490968E1
:106AD00044181AA0F6F788F822461C321823616B76
:106AE000A06B00960193029203910490231D18223B
:106AF00045A00599F6F778F825A0F6F775F86D1C0E
:106B00000C4800688542E0D30CA0F6F76DF848A069
:106B1000F6F76AF81EA0F6F767F807B0F0BD0000B8
:106B20006E616D6500000000666C6173685F64658E
:106B3000760000003C050020300500201B5B33324E
:106B40003B32326D5B492F46414C5D200000000016
:106B50003D3D3D3D3D3D3D3D3D3D3D3D3D3D3D3D65
:106B60003D3D3D3D2046414C207061727469746921
:106B70006F6E207461626C65203D3D3D3D3D3D3D45
:106B80003D3D3D3D3D3D3D3D3D3D3D3D3D000000EC
:106B90001B5B306D0A0000007C20252D2A2E2A73F5
:106BA000207C20252D2A2E2A73207C2020206F6611
:106BB000667365742020207C202020206C656E6721
:106BC000746820207C0000002D2D2D2D2D2D2D2DC5
:106BD0002D2D2D2D2D2D2D2D2D2D2D2D2D2D2D2DE5
:106BE0002D2D2D2D2D2D2D2D2D2D2D2D2D2D2D2DD5
:106BF0002D2D2D2D2D2D2D2D2D2D2D2D2D2D2D2DC5
:106C00002D2D2D2D2D0000007C20252D2A2E2A73C0
:106C1000207C20252D2A2E2A73207C2030782530B8
:106C2000386C78207C20307825303878207C000043
:106C30003D3D3D3D3D3D3D3D3D3D3D3D3D3D3D3D84
:106C40003D3D3D3D3D3D3D3D3D3D3D3D3D3D3D3D74
:106C50003D3D3D3D3D3D3D3D3D3D3D3D3D3D3D3D64
:106C60003D3D3D3D3D3D3D3D3D3D3D3D3D0000000B
:106C700001604260704770B506460C466568206941
:106C8000A84200D225692B4630462268E168FBF70E
:106C900059F8002800D00025284670BD70B504467C
:106CA0000E461546002C12D144A0F5F79DFF47A0D3
:106CB0002168F5F799FF474A47A154A0F5F794FFDB
:106CC000554A56A156A0F5F78FFF00BFFEE73300E7
:106CD000FAF705FE0C0721242628434772724C5709
:106CE0005872207D002813D034A0F5F77DFF37A01F
:106CF0002168F5F779FF374A521D37A143A0F5F710
:106D000073FF454A4EA146A0F5F76EFF00BFFEE7B0
:106D10002868E06050E0E06828604DE0A5614BE045
:106D2000E56149E0207D012813D024A0F5F75CFF40
:106D300026A02168F5F758FF264A133226A133A072
:106D4000F5F752FF344A45A135A0F5F74DFF00BFD6
:106D5000FEE72978742001552EE07420005D28702C
:106D60002AE0616E206E6960286025E013A0F5F7C7
:106D70003BFF16A02168F5F737FF3F48F5F734FFD2
:106D80001AE019E0207D002813D00CA0F5F72CFFA5
:106D90000EA02168F5F728FFB52292000EA11BA0D6
:106DA000F5F722FF1C4A26A11DA0F5F71DFF00BF25
:106DB000FEE72878A07500BF00BF70BD5B466C6120
:106DC000736844425D5B74736C5D00005B25735DAA
:106DD00020000000A60200002E2E5C436F6D70653F
:106DE0006E74735C4D6F64756C65735C466C617337
:106DF0006844422D312E312E325C7372635C6664BE
:106E0000625F747364622E63000000002825733A89
:106E10002564292000000000ED5D0300646200008D
:106E2000282573292068617320617373657274204B
:106E30006661696C65642061742025732E0A000008
:106E400064622D3E706172656E742E696E69745F46
:106E50006F6B203D3D2066616C73650064622D3E62
:106E6000706172656E742E696E69745F6F6B203D20
:106E70003D2074727565000054840300FFB5A1B015
:106E800004461D46002600200E900F901090119091
:106E90000E94002D13D15EA0F5F7A6FE60A0216828
:106EA000F5F7A2FEBB2292005FA16CA0F5F79CFE55
:106EB0006D4A6EA170A0F5F797FE00BFFEE72B9814
:106EC000012300902046239A2299FAF785FF06466F
:106ED000002E00D095E0A5662A98E0660121742076
:106EE0000155881E20670146E162E1682A988142C7
:106EF00012D847A0F5F778FE49A02168F5F774FE8F
:106F0000654A49A155A0F5F76FFE574A63A15AA0FB
:106F1000F5F76AFE00BFFEE70020139001206649E6
:106F200000220EAB00920191029012A9204606F0B9
:106F30005BFB08A8007F002808D0A07D002801D0B6
:106F400002265EE0204608F009FD1AE010990029AB
:106F500001D0119809E07421095D002901D0E06A8F
:106F600003E0E2682169881AE062E1680918226991
:106F7000914202D30021216702E0E16809182167EC
:106F800000BF23A0F5F730FE25A02168F5F72CFE01
:106F9000414A213224A131A0F5F726FE4748E36A91
:106FA000226F2168F5F720FE012322462832204671
:106FB000E16A05F007FE2920005D022804D1616C1A
:106FC000206C616620661BE02920005D012817D136
:106FD000216FE06A814213D0E76A002F03D1E16894
:106FE0002069471A01E0E0683F1A00236A463946E3
:106FF000204605F0E7FD079906986166206600BF08
:1070000000BF31462046FBF729F8304625B0F0BDD9
:107010005B466C61736844425D5B74736C5D000039
:107020005B25735D200000002E2E5C436F6D706544
:107030006E74735C4D6F64756C65735C466C6173E4
:107040006844422D312E312E325C7372635C66646B
:10705000625F747364622E63000000002825733A37
:107060002564292000000000FE5D03006765745F51
:1070700074696D650000000028257329206861731C
:1070800020617373657274206661696C6564206148
:10709000742025732E0A0000FA0200006D61785FEB
:1070A0006C656E203C2064625F7365635F73697A10
:1070B00065286462290000004D5701005C830300CD
:1070C00070B504460D460026207D00280CD112A084
:1070D000F5F78AFD14A02168F5F786FD14A0216854
:1070E000F5F782FD082070BD00BFA069002802D01E
:1070F0002046A169884700BF2946204608F078FB52
:10710000064600BFE069002802D02046E1698847B2
:1071100000BF3046E7E700005B466C61736844429D
:107120005D5B74736C5D00005B25735D2000000087
:107130004572726F723A2054534C202825732920CF
:1071400069736E277420696E697469616C697A6508
:10715000204F4B2E0A000000F7B596B004460D46AE
:107160000027207D00280AD127A0F5F73DFD2AA0A1
:107170002168F5F739FD2AA02168F5F735FD002DC6
:1071800001D119B0F0BD266F00BFE068C719002318
:1071900008AA3146204605F015FD002800D028E059
:1071A00008A84078022803D008A8407803281FD1F7
:1071B00008A84078022805D138222146283108A89D
:1071C000EDF756FD09983830059000BF6946204616
:1071D00005F09AFF68461899A847002800D0D0E724
:1071E000694608A802F020FA0590401C0028EDD15D
:1071F00000BF3A4608A9204602F000FA0646401CA5
:107200000028C2D100BFBCE75B466C617368444292
:107210005D5B74736C5D00005B25735D2000000096
:107220004572726F723A2054534C202825732920DE
:1072300069736E277420696E697469616C697A6517
:10724000204F4B2E0A00000002469369CB60506924
:10725000886013690B6108467047000010B504464A
:1072600011480068844206D2104A11A116A0F5F711
:10727000BBFC00BFFEE71C480068401E80010A49B5
:1072800009684018A04206D2084A18A10EA0F5F7D6
:10729000ABFC00BFFEE704480068201A80118000A4
:1072A0001F49085810BD000030050020E3620300AC
:1072B00070617274203E3D20706172746974696FF0
:1072C0006E5F7461626C65002825732920686173A4
:1072D00020617373657274206661696C65642061F6
:1072E000742025732E0A00003C0500207061727422
:1072F000203C3D2026706172746974696F6E5F7402
:1073000061626C655B706172746974696F6E5F74E1
:1073100061626C655F6C656E202D20315D00000040
:1073200034050020F8B504460D4617462E46304673
:10733000616800F003F80020F8BD000070B590B05F
:1073400004460E4600253046E168EDF7DFFB0029D4
:1073500012D01FA0F5F748FC21A02168F5F744FCE6
:10736000E72221A12DA0F5F73FFC2F4A2FA136A03F
:10737000F5F73AFC00BFFEE731462046E268FAF72F
:10738000CDFC0546002D21D100BF01200090042333
:1073900002AA314601902046FAF7E8FE0546002D84
:1073A00002D0284610B070BD00BF2F48039000BF28
:1073B0000120042303AA311D00902046FAF7DAFCCD
:1073C0000546002D01D02846ECE700BF2846E9E736
:1073D0005B466C61736844425D5B74736C5D000076
:1073E0005B25735D200000002E2E5C436F6D706581
:1073F0006E74735C4D6F64756C65735C466C617321
:107400006844422D312E312E325C7372635C6664A7
:10741000625F747364622E63000000002825733A73
:107420002564292000000000D45D030061646472BB
:1074300020252064625F7365635F73697A652864E1
:107440006229203D3D203000282573292068617382
:1074500020617373657274206661696C6564206174
:10746000742025732E0A000054534C3038B504465E
:107470006846047069460320ABBE204638BD000054
:1074800003B595B0FBA11598EDF725FC002831D088
:10749000169818282ED8169816282BD3FBA11598C5
:1074A000EDF719FC14901498401CEDF77DFC80B2A8
:1074B00013902D2149011398884213DC13980A2850
:1074C00010DBF3491398C882F2A1F3A0F5F78CFB07
:1074D000EF48C08A01461290F1A0F5F785FBF4F75A
:1074E00039F803E0F6A1ECA0F5F77EFBF6A0F5F77E
:1074F0007BFBFCE3FEA11598EDF7EDFB002831D0F6
:10750000169818282ED8169815282BD3DFA1159871
:10751000EDF7E1FB14901498401CEDF745FC80B2A8
:1075200013902D2149011398884213DC13980128E8
:1075300010DBD74913980883D6A1D7A0F5F754FBE1
:10754000D348008B01461290EFA0F5F74DFBF4F7FE
:1075500001F803E0DAA1D0A0F5F746FBF2A0F5F7B9
:1075600043FBC6E7FAA11598EDF7B5FB002831D02B
:10757000169816282ED8169813282BD3C3A1159821
:10758000EDF7A9FB14901498401CEDF70DFC80B2A8
:1075900013902D2149011398884213DC13980A286F
:1075A00010DBBB491398C882EEA1BBA0F5F71CFB0A
:1075B000B748C08A01461290EBA0F5F715FBF3F728
:1075C000C9FF03E0E7A1B4A0F5F70EFBEEA0F5F7C5
:1075D0000BFB8EE7F4A11598EDF77DFB00287BD01F
:1075E000F4A11598EDF777FB0028F8D0F4A11598D1
:1075F000EDF771FB0028F2D07821F448EDF760FB3D
:10760000F3A11598EDF767FB1390002012901190ED
:1076100012ABEE4AF2A11398FEF77BF912980828F4
:107620007ED1D0A19CA0F5F7DFFAEEA0F5F7DCFA49
:10763000E648006895A11090EDF74DFB1490149862
:10764000401CEDF75CFB002817D01498401CEDF7A8
:1076500056FB032811D81498401CEDF7A5FBE6490A
:107660004870C0A18CA0F5F7BFFAE3484078014606
:107670001090E2A0F5F7B8FA03E0BAA186A0F5F7FA
:10768000B3FAE5A0F5F7B0FAD04840687FA11090B2
:10769000EDF721FB14901498401CEDF730FB062801
:1076A0001FD1E4A000681090149B5B1CE2A2032190
:1076B00010A8FAF7A3F810A8EDF776FB7D21C90012
:1076C0004843CD49C864A7A173A0F5F78DFACA480D
:1076D000C06C01460F9000E08EE3D8A0F5F784FA65
:1076E00003E0A0A16CA0F5F77FFACBA0F5F77CFA38
:1076F000B648806865A11090EDF7EDFA14901498E3
:10770000401CEDF7FCFA07281AD1D3A11498401CAD
:10771000EDF7E1FA002804D00020B749887003E0B3
:1077200061E30220B44988708EA15BA0F5F75CFA92
:10773000B148807801461090C8A0F5F755FA03E0EB
:1077400088A155A0F5F750FACBA0F5F74DFA9F4860
:10775000C0684EA11090EDF7BEFA401C149014982A
:10776000EDF7CDFA08283DD1002011900DE0A24898
:107770000B30119940181090149840180F901099E0
:10778000FEF7F5F81198401C119011980828EEDBCF
:1077900040A141A0F5F728FA9748807C9649497C9A
:1077A000954A127C944BDB7B0193029203910490E7
:1077B0009148807B00909048407B10908E48007BE1
:1077C0000F908D48C07C0E900146B2A0109B0F9A7E
:1077D000F5F70AFA63A130A0F5F706FAB9A0F5F7B4
:1077E00003FA03E05FA12CA0F5F7FEF9BBA0F5F7C3
:1077F000FBF97648006925A11090EDF76CFA401C62
:1078000014901498EDF77BFA102831D100201190D4
:107810000DE07948133011994018109014984018D1
:107820000F901099FEF7A3F81198401C1190119831
:107830001028EEDB17A118A0F5F7D6F96E48133023
:10784000C17B827B407B6C4BDB7F09930B920C915D
:107850000A906948807F68494A7F097F664BDB7ED2
:1078600005930792069108906348827E417E45E128
:1078700065E10000536574205265706F7274204991
:107880006E74657276616C3A000000003A00000088
:10789000E88600204C4F47000A5B25735D0000001E
:1078A000526563762055617274205265706F7274F0
:1078B00020496E74657276616C203A2025646D00F3
:1078C0004552524F52000000526563762055617256
:1078D00074205265706F727420496E74657276619F
:1078E0006C20506172616D204552524F5200000071
:1078F0005365742053656E736F7220496E746572A0
:1079000076616C3A00000000526563762055617222
:10791000742053656E736F7220496E746572766160
:107920006C203A2025646D005265637620556172A3
:10793000742053656E736F7220496E746572766140
:107940006C20506172616D204552524F5200000010
:107950007365744461746153796E63506572696FC5
:10796000643A000041434B00736574446174615391
:10797000796E63506572696F643A2025646D200DDD
:107980000A204F4B0000000073657444617461531A
:10799000796E63506572696F6420506172616D2009
:1079A0004552524F520000004C6F526157414E50A9
:1079B0006F7274004C6F526157414E467265710090
:1079C0004C6F526157414E4A6F696E00ACB3002054
:1079D0004C6F526157414E506F72743A0000000074
:1079E0002C0000007365744C6F526157414E50611A
:1079F00072616D204F4B000024B400207365744CFD
:107A00006F526157414E506F72743A202564200DB9
:107A10000A204F4B000000007365744C6F52615791
:107A2000414E506F727420506172616D2045525208
:107A30004F52000038363800257300007365744CCF
:107A40006F526157414E467265713A202564200D90
:107A50000A204F4B00000000410000007365744C89
:107A60006F526157414E4A6F696E3A202564200D6E
:107A70000A204F4B000000007365744C6F52615731
:107A8000414E4A6F696E20506172616D20455252BD
:107A90004F5200004170704555493A2025303278E8
:107AA0002025303278202530327820253032782059
:107AB0002530327820253032782025303278202544
:107AC000303278007365744C6F526157414E4150AB
:107AD00050455549200D0A204F4B00007365744CEA
:107AE0006F526157414E4170704555492050617247
:107AF000616D204552524F5200000000007EFE4B47
:107B0000DB7D019302AB07C3FB48807D0090FA4800
:107B1000407D1090F848007D0F90F748C07C0E9093
:107B20000146F648109B0F9AF5F75EF8F4490846AF
:107B3000CC38F5F759F8F3A0F5F756F804E0F0491A
:107B40000846CC38F5F750F8F4A0F5F74DF8FB48A7
:107B50004069FBA11090EDF7BEF8401C14901498FA
:107B6000EDF7CDF8042837D1002011900DE0E24860
:107B70002330119940181090149840180F901099C4
:107B8000FDF7F5FE1198401C119011980428EEDBCA
:107B9000DB49D039081DF5F727F8D7482330C078DE
:107BA0000090D548233080781090D3482330407817
:107BB0000F90D1482030C0780E900146E1A0109B74
:107BC0000F9AF5F711F8CE490846CC38F5F70CF8BE
:107BD000E4A0F5F709F804E0C9490846CC38F5F700
:107BE00003F8E6A0F5F700F8D4488069D4A1109016
:107BF000EDF771F8401C14901498EDF780F81028F8
:107C000063D1002011900DE0BB4827301199401836
:107C10001090149840180F901099FDF7A8FE119835
:107C2000401C119011981028EEDBB549D039081D81
:107C3000F4F7DAFFB0482730C17B827B407BAE4B44
:107C400027331B7B09930B920C910A90AA4827308B
:107C5000C07AA9492731897AA74A2732527AA64B96
:107C600027331B7A0593069207910890A248273084
:107C7000C079A149273189799F4A273252799E4B91
:107C800027331B7901930292039104909A4827307D
:107C9000C078009098482730807810909648273018
:107CA00040780F9094482030C0790E900146BB4830
:107CB000109B0F9AF4F798FF91490846CC38F4F7D7
:107CC00093FFB7A0F4F790FF04E08D490846CC3845
:107CD000F4F78AFFB8A0F4F787FF9848C06998A125
:107CE0001090ECF7F8FF401C1490149800E0DCE3CF
:107CF000EDF705F8102863D1002011900DE07E48C3
:107D00003730119940181090149840180F9010991E
:107D1000FDF72DFE1198401C119011981028EEDBF4
:107D20007749D039081DF4F75FFF73483730C27BBD
:107D3000807B71493731497B6F4B37331B7B09930C
:107D40000C920A910B906C483730C07A6A493731EF
:107D5000897A694A3732527A674B37331B7A0593EF
:107D600006920791089064483730C07962493731EC
:107D70008A794979604B37331B79019303920291D9
:107D800004905D483730C07800905B483730807889
:107D900010905948373040780F9057482030C07DB8
:107DA0000E9001468C48109B0F9AF4F71DFF544922
:107DB0000846CC38F4F718FF88A0F4F715FF04E064
:107DC0004F490846CC38F4F70FFF8AA0F4F70CFFB0
:107DD000F3F7EAFAF3F78EFAF3F76EFB0121464860
:107DE0004030017204E046490846CC38F4F7FCFE06
:107DF00088A0F4F7F9FE58E38BA11598ECF76BFF18
:107E0000002811D08D4800780028F4D13C4908465C
:107E1000CC38F4F7E9FE8AA0F4F7E6FE01208749A2
:107E20000870FDF7F3FFE6E78DA11598ECF753FF17
:107E300000285ED0FF21F5318D48ECF741FF2E4838
:107E40008078002856D18BA18948F9F7F3FC88483F
:107E5000ECF755FF8649401813908948027889A1AC
:107E60001398F9F7E7FC8248ECF749FF804940187E
:107E70001390894880798007C00F024687A112902D
:107E80001398F9F7D7FC7A48ECF739FF784940188E
:107E900013908148C08A024684A112901398F9F782
:107EA000C9FC7348ECF72BFF7149401884A286A1E6
:107EB0001390F9F7BFFC6E48ECF721FF6C494018AE
:107EC00013900D48817A427A007A0B4BDB7902934A
:107ED00004920591039008488079074949790091F7
:107EE00001900548007912900348C078119002462D
:107EF000F2E042E36FE1000024B40020C87E0300FA
:107F0000647901007365744C6F526157414E415062
:107F1000504B4559200D0A204F4B00007365744C9F
:107F20006F526157414E4150504B4559205061723C
:107F3000616D204552524F5200000000ACB300204A
:107F40003A000000444556414444523A202530321C
:107F5000782025303278202530327820253032784C
:107F6000000000007365744C6F526157414E4445E8
:107F70005641444452200D0A204F4B007365744C07
:107F80006F526157414E444556414444522050611E
:107F900072616D204552524F520000007C7F0300F9
:107FA0007365744C6F526157414E415050534B456D
:107FB00059200D0A204F4B007365744C6F52615766
:107FC000414E415050534B455920506172616D20D4
:107FD0004552524F52000000207F03007365744CDD
:107FE0006F526157414E4E574B534B4559200D0A26
:107FF000204F4B007365744C6F526157414E4E5782
:108000004B534B455920506172616D204552524F80
:10801000520000004C6F526157414E205041524176
:108020004D204552524F5200737461727446616321
:10803000746F727954657374000000003200002080
:108040004169722053656E736F722073746172742C
:10805000466163746F727954657374204F4B0000EE
:10806000676574446576696365537461747565000A
:10807000F4840020646576696365537461746500F7
:10808000140000202C6261747465727953746174F9
:1080900075733A2564000000E88600202C706F7725
:1080A00065725374617475733A2564002C6461744D
:1080B0006153796E63506572696F643A256400009C
:1080C000436C6173732041002C4C6F526157414ED9
:1080D0004A6F696E3A257300F4A1129B1398F9F761
:1080E000A9FBFD48ECF70BFEFB4940181390FB4839
:1080F000807CFA494A7C097CF84BDB7B0293049232
:1081000003910590F548807BF449497B00910190EB
:10811000F248007B1290F148C07A11900246F0A11B
:10812000129B1398F9F786FBEB48ECF7E8FDEA4958
:1081300040181390E9481330C07BE8491331897B1C
:10814000E64A1332527BE54BDB7F0A930B920C918C
:108150000D90E248827F407FE049097FDF4BDB7E64
:108160000693099207910890DC48827E417E007E4A
:10817000DA4BDB7D029303AB07C3D848807DD74938
:10818000497D00910190D548007D1290D348C07C74
:1081900011900246DD49129B1398F9F74BFBCE482C
:1081A000ECF7ADFDCC494018D9A11390F9F742FB8B
:1081B000C948ECF7A4FDC8494018D8A11390F9F7B5
:1081C00039FBC548ECF79BFDC3494018D6A1139075
:1081D000F9F730FB61E1D749BF48F9F72BFBBE48FF
:1081E000ECF78DFDBC4940181390D3480278D14973
:1081F00010311398F9F71EFBB748ECF780FDB6492C
:1082000040181390CD4880798007C00F0246C949B5
:10821000283112901398F9F70DFBAF48ECF76FFD7A
:10822000AD4940181390C548C08A0246C14938314B
:1082300012901398F9F7FEFAA748ECF760FDA649EB
:108240004018BFA2BB4954311390F9F7F3FAA24882
:10825000ECF755FDA04940181390A048817A427A66
:10826000007A9E4BDB7902930492059103909B4820
:1082700080799A4949790091019098480079129043
:108280009648C0781190024688A1129B1398F9F77E
:10829000D1FA9148ECF733FD8F49401813908F487D
:1082A000807C8E494A7C097C8C4BDB7B0293049258
:1082B000039105908948807B8849497B0091019012
:1082C0008648007B12908548C07A1190024684A1AE
:1082D000129B1398F9F7AEFA7F48ECF710FD7E4930
:1082E000401813907D481330C07B7C4913318A7B42
:1082F000497B7A4BDB7F0A930C920B910D90774868
:10830000817F427F007F754BDB7E06930892099147
:1083100007907248807E7149497E704A127E6F4B89
:10832000DB7D02930392049105906C48807D6B493C
:10833000497D009101906948007D12906748C07C9A
:10834000119002467149129B1398F9F773FA62482B
:10835000ECF7D5FC60494018139060482330C07892
:108360005E4923318978009101905C482330407840
:1083700012905A482030C0781190024672A1129B88
:108380001398F9F757FA5448ECF7B9FC52494018DA
:10839000139052482730C27B807B50492731497B5C
:1083A0004E4B27331B7B0A930D920B910C904B483D
:1083B0002730C27A807A49492731497A474B273397
:1083C0001B7A069309920791089044482730C17997
:1083D0008079424A27325279404B27331B790293E6
:1083E0000392059104903D482730C0783B492731DE
:1083F00089780091019039482730407812903748A9
:108400002030C079119002465649129B1398F9F713
:1084100011FA3148ECF773FC2F49401813902F489C
:108420003730C17B827B407B2C4B37331B7B0A93DD
:108430000C920D910B9029483730C17A827A407A9C
:10844000264B37331B7A06930892099107902348ED
:108450003730C079214937318979204A373252790A
:108460001E4B37331B7902930392049105901B48EE
:108470003730C07819493731897800910190174811
:1084800037304078129015482030C07D1190024658
:108490003549129B1398F9F7CDF934490846CC3881
:1084A000F4F7A2FB0C4932A064E0DAE12C44455613
:1084B0004555493A253032782530327825303278A2
:1084C00025303278253032782530327825303278B0
:1084D0002530327800000000F484002024B400200D
:1084E0002C4150504555493A253032782530327864
:1084F0002530327825303278253032782530327880
:10850000253032782530327800000000D87F030013
:108510002C444556414444523A0000002C415050EE
:10852000534B45593A0000002C4E574B534B45597D
:108530003A0000007480010014000020E88600204A
:10854000436C6173732043002C44455641444452AC
:108550003A2530327825303278253032782530325D
:10856000780000007080030024800300647901001B
:1085700025730000F4F738FB73E1BBA11598ECF705
:10858000AAFB00282FD0BBA11598ECF7A4FB1490F0
:108590001498401CECF708FC80B213901398022842
:1085A00018DCB54913988872B4490846CC38F4F7FA
:1085B0001BFBB3A01399F4F717FBAF48807AFF2891
:1085C0000DD000222021B748FCF7CAFA6420AA493E
:1085D000C86104E0A9490846CC38F4F705FBB2A00D
:1085E000F4F702FB3DE1B8A11598ECF774FB002805
:1085F0002FD0A0A11598ECF76EFB14901498401C96
:10860000ECF7D2FB80B213901398012818DC9A493A
:108610001398487399490846CC38F4F7E5FAAEA0A8
:108620001399F4F7E1FA9448807AFF280DD00022DC
:1086300020219C48FCF794FA64208F49C86104E02B
:108640008E490846CC38F4F7CFFAACA0F4F7CCFA50
:1086500007E1B2A11598ECF73EFB002803D0B4481F
:1086600002F00AFAFDE0B3A11598ECF734FB0028FC
:108670006BD080A11598ECF72EFB401C139013983B
:10868000ECF792FB1290129800285DD0E121C9010D
:1086900012984018129012A8ECF762FA11901198F3
:1086A0004069A9494018A9494861119800690861C1
:1086B0001198C068C86011988168A44881601198B9
:1086C0004068A24948601198006808600846C06880
:1086D000109008460069401C0F90084640690E90B3
:1086E000109A0F9907F0D4FC9849886100F036FF82
:1086F000F6F7F6FD6149D039081DF4F775FA93488D
:1087000001684068914A92680092029101908F48F6
:10871000C06810908D480069401C0F908B484069DC
:108720000E9001468AA0109B0F9AF4F75DFA52480A
:10873000807AFF2807D0002220215A48FCF710FA3F
:1087400064204D49C86100BF8BE08FA11598ECF7FC
:10875000C2FA00280CD015984079012808D1F2F708
:1087600021FFF0F789FB642002F086F8F9F71CFA84
:1087700086A11598ECF7AFFA002801D0F9F714FAA2
:1087800084A11598ECF7A7FA00282DD039A11598E7
:10879000ECF7A1FA14901498401CECF705FB80B29A
:1087A0001390FF2191311398884213DB7D21090139
:1087B000139888420EDC01202F49C8731398488211
:1087C0002E49D039081DF4F70FFA76A01399F4F763
:1087D0000BFA04E07A492948CC38F4F705FA71A07D
:1087E0001399F4F701FA3CE076A11598ECF773FAC7
:1087F00000282ED01FA11598ECF76DFA149014984C
:10880000401CECF7D1FA40B213906321C94313988E
:10881000884211DB139864280EDC174913980874FA
:10882000F2F7ACFE1549D039081DF4F7DDF969A05F
:108830001399F4F7D9F90BE0FE20704948706049AC
:108840000E48CC38F4F7D0F96DA01399F4F7CCF9B1
:1088500007E078A10948CC38F4F7C6F977A0F4F717
:10886000C3F917B000BD000073657453686F774D8E
:108870006F6465003A000000E8860020647901001A
:1088800053657420446576696365204550442053E0
:10889000686F77204D6F64653A202564200D0A20AB
:1088A0004F4B0000D47300205365742044657669F3
:1088B0006365204550442053686F77204D6F646591
:1088C000204552524F52000073657454656D7053C9
:1088D000686F774D6F6465005365742044657669F1
:1088E00063652054656D702053686F7720576179F8
:1088F0003A202564200D0A204F4B00005365742058
:108900004465766963652054656D702053686F77A0
:1089100020576179204552524F52000067657444D8
:1089200065766963654E6F72466C6173680000001E
:1089300090B4002073796E63446576696365546909
:108940006D657374616D70006C07000034880020E1
:108950005265637620556172742053796E6320549A
:10896000696D6520434D442C20253034642D25301D
:1089700032642D253032642D25643A25643A25640D
:108980000D0A204F4B000000686B74007265626F27
:108990006F740000736574434F32466F7263656491
:1089A0003A00000052656376205561727420434F8F
:1089B0003220466F726365643A202564000000002F
:1089C000947F010073657454656D704F66667365BE
:1089D00074000000557064617465204465766963B5
:1089E000652054656D7065726174757265204F669F
:1089F000667365743A202564000000001884002026
:108A00004465766963652053796E632054656D70A3
:108A100065726174757265204F6666736574204F68
:108A2000766572205468726573686F6C643A2025AD
:108A3000640000005741524E0000000055617274FE
:108A4000204661696C656420546F205061727365C3
:108A50002044617461210000F3B585B006463046BC
:108A6000FCF7E2FD002808D1F7A1F9A0F4F7BCF863
:108A7000F9A0F4F7B9F807B0F0BDF078C007C00F5F
:108A800000287DD0FA480490DC21ECF719F9FF208A
:108A9000049905F053F8F7490870097804984018CC
:108AA00004907D21C900F448ECF70AF90322F34948
:108AB000F148ECF7DDF80020EF49C870F048007885
:108AC0000871EF480078401CED490870E9480278C9
:108AD000E749E948401DECF7CBF8E6480078401D2F
:108AE000E849088500F0F8FC012802D1002005F0D3
:108AF0004BF900F025FD002802D1012005F058F9BE
:108B000000BF00F0C7FC0028FBD01420FBF774F86E
:108B1000DC48018DD848F5F7D1F8DA48028DD649FE
:108B2000D9A0EFF71DF91420FBF766F800F0C0FCA0
:108B3000002807D0D6A1C6A0F4F756F8D6A0F4F7BF
:108B400053F804E000F0D6FC002857D000BFD0A1B5
:108B5000BFA0F4F749F8D6A0F4F746F8DE4801F0D4
:108B60001BFD0746C3480078401C874212DB0122E8
:108B7000C049D94801F020FEBE480278BC4900E057
:108B800051E0D54801F018FED4480078401CD34984
:108B9000087006E0ACA1AEA0F4F726F8D0A0F4F778
:108BA00023F8B7480078401EB5490870D148C0790D
:108BB000401CD049C8710846C07905281DDB00203B
:108BC000C871CD48007840084000CB4908700221A8
:108BD000C9484030C17100210172C8480068E121D4
:108BE000C9004018C6490860C6A199A0F3F7FCFF68
:108BF000C3480168C4A0F3F7F7FF3CE70020BD4974
:108C0000C871C0A192A0F3F7EFFFC7A0F3F7ECFF84
:108C100064219C48C185B748808A052802DA05206E
:108C2000B449888200BF0698401FC5B2B5A188A08C
:108C3000F3F7DAFF2946C2A0F3F7D6FF741DF2E27C
:108C400020780490AFA182A0F3F7CEFFC6A00499CC
:108C5000F3F7CAFF04982D2873D00CDC2A2871D0B2
:108C600004DC052872D029286ED145E22B286CD06F
:108C70002C28F9D19CE280281BD004DC58287DD018
:108C80005B28F1D1AEE0852802D08628ECD109E23C
:108C90006778012F01D1F2F70DFBA81EC5B2A41C05
:108CA0007BA16BA0F3F7A0FF3946B6A0F3F79CFFBA
:108CB000B4E260787D2109014018BB494861A07881
:108CC0000861E078C8602079886060794860A079A0
:108CD00008600B46DA681B69591CB34B586907F0EA
:108CE000D7F9B149886100F039FCF6F7F9FAE81FC5
:108CF000C5B2E41D81480068AC49086081A154A058
:108D0000F3F772FFA8480068A7494968A64A926825
:108D1000009201910290A448C3680069421CA248D5
:108D20004169A3A0F3F760FF7248807AFF2807D05B
:108D300000207049887300222021AA48FBF710FF09
:108D40006CE24EE2F8E101E066E212E260780002D5
:108D5000A17808430746E81EC5B2E41C012F13DBC7
:108D60002D20400187420FDC62480783F2F7F2FBB7
:108D700064A137A0F3F738FF5E4800E00DE0018BF7
:108D800099A0F3F731FF07E02FA131A0F3F72CFFF3
:108D90003946A0A0F3F728FF40E260780002A178EE
:108DA00008430746FF209130874209DB7D20000100
:108DB000874205DC4F48478201204E49C8730DE0C9
:108DC000DC212B48EBF77CFF582029490870FE2056
:108DD000487002202749087004F03EFCE81EC5B226
:108DE000E41C1BE2607847B2DC212148EBF768FF06
:108DF0005B201F4908704F7002201E4908706320D5
:108E0000C04387420EDB642F0CDC3A490F74F2F743
:108E1000B5FB3CA10EA0F3F7E7FE39468AA0F3F7B5
:108E2000E3FE0AE0FE201249487007A108A0F3F70C
:108E3000DBFE39468EA0F3F7D7FE04F00DFCA81E2A
:108E4000C5B2A41CEAE100004552524F5200000096
:108E50000A5B25735D000000446174612053796EE4
:108E6000632048656164204552524F522100000042
:108E70001884002031000020608800202E070200A6
:108E800033000020208C002053656E640000000039
:108E90005741524E000000005761697420427573BB
:108EA0007920494F2054696D656F7574000000008A
:108EB0004C6F52612053656E644461746120466159
:108EC000696C2C2057726974652044617465205464
:108ED0006F20436163686500FC8300203000002040
:108EE0004C77726220416C72656164792046756CC2
:108EF0006C000000E886002024B400205800002008
:108F0000CC0000204C4F47005570646174652052BE
:108F100065636F6E6E6563742054696D657374610B
:108F20006D703A20256C64004C6F52612053656E61
:108F3000644461746120537563636573730000005A
:108F400052656376204C6F526157414E20434D4429
:108F50002C20546F74616C2044617461204C656EE8
:108F6000203A2025642C0000416E616C797369738E
:108F700020446174612054797065203A2025303294
:108F80007800000052656376204465766963652049
:108F90005265737420466163746F727920434D4447
:108FA000203A20256400000034880020340000208E
:108FB00052656376205365727665722053796E63CD
:108FC0002054696D6520434D442C253034642D2593
:108FD0003032642D253032642D25643A25643A25DB
:108FE00064000000D47300205570646174652044EF
:108FF00065766963652053656E736F722052657084
:109000006F727420496E74657276616C3A202564C3
:109010006D696E004465766963652053656E736F94
:1090200072205265706F727420496E746572766139
:109030006C204F766572205468726573686F6C643B
:109040003A20256400000000557064617465204476
:1090500065766963652054656D70657261747572BB
:1090600065204F66667365743A2025640000000031
:109070004465766963652053796E632054656D702D
:1090800065726174757265204F6666736574204FF2
:10909000766572205468726573686F6C643A202537
:1090A0006400000060780002A17808430746E81ECB
:1090B000C5B2E41C0A2F03DB2D204001874201DDED
:1090C000002F0ED15B48C782F2F744FA5A4908468E
:1090D000B438F3F789FD5748C18A58A0F3F784FDE7
:1090E00009E05549BC3908460830F3F77DFD39469B
:1090F0005BA0F3F779FD91E0607802280FDC6078DF
:109100004C490872642008624B490846B438F3F7AA
:109110006BFD4848017A5CA0F3F766FD08E046491C
:109120000846B438F3F760FD61785FA0F3F75CFDA3
:10913000A81EC5B2A41C71E03E488079082188436E
:109140006178C9000822114008433A498871A81E75
:10915000C5B2A41C6420086237490846B438F3F746
:1091600043FD344880790007C10F59A0F3F73CFD57
:1091700054E060782F494873A81EC5B2A41C64202F
:10918000C8612D490846B438F3F72EFD2948417BC4
:1091900057A0F3F729FD2748807AFF2807D0002041
:1091A00024498873002220215A48FBF7D9FC35E076
:1091B000A81EC5B2A41C64201E49C8611E490846E9
:1091C000B438F3F711FD1B48817A53A0F3F70CFD77
:1091D000002018498873002220214E48FBF7C0FC6C
:1091E0001CE060781349C872A81EC5B2A41C642094
:1091F000C86111490846B438F3F7F6FC0D48C17A46
:109200004DA0F3F7F1FC00200A49887300222021C9
:109210004048FBF7A5FC01E0002500BF00BFC82DBA
:1092200000DD03E000BF002D00D009E500BF00BF56
:1092300021E40000E8860020048F0100557064617D
:109240007465204465766963652053796E632049AF
:109250006E74657276616C3A2025646D696E0000EB
:109260004465766963652053796E6320496E746541
:109270007276616C204F76657220546872657368EF
:109280006F6C643A202564005570646174652044F5
:109290006576696365204C65642053686F77204D5F
:1092A0006F64653A202564005570646174652044DC
:1092B0006576696365204C65642053686F77204D3F
:1092C0006F6465204661696C3A20256400000000E7
:1092D00055706461746520446576696365204265F4
:1092E000657020456E61626C653A2025640000005F
:1092F00055706461746520446576696365204570C6
:10930000642053686F772054656D70205761793AF7
:1093100020256400D4730020557064617465204476
:109320006576696365204570642053686F77204DCA
:109330006F64653A2025640055706461746520444B
:10934000657669636520457064204F766572747533
:10935000726E204D6F64653A2025640010B5344864
:10936000408B00281ED13248008B00281AD030488C
:10937000018B3048FFF770FB2D48028B2D492EA042
:10938000EEF7EEFC30A131A0F3F72EFC294931A015
:10939000F3F72AFC7D21C9002648EBF791FC002059
:1093A000234908833248408B002810D13048008B75
:1093B00000280CD02E48018B2E48F4F7D1FF7D21D8
:1093C000C9002C48EBF77CFC0021294801832A487E
:1093D000408B002816D12848008B002812D0264840
:1093E000018B2648F3F78AF82348028B234924A0EF
:1093F000EEF7B6FC7D21C9002048EBF761FC0021A7
:109400001D4801832148408B002810D11F48008B44
:1094100000280CD01D48018B1D48FEF731F87D2136
:10942000C9001B48EBF74CFC00201849088310BD0D
:1094300020900020508C002052656376204C6F52A3
:109440006157414E000000004C4F47000A5B2573F6
:109450005D000000526563762055617274204C6F88
:10946000526157414E20446174613A2025730000D7
:10947000D89F0020089C0020B4A70020E4A300206F
:1094800052656376204843484F000000FC97002057
:109490002C94002010B520210448F2F7E3FE0028A8
:1094A00001D0012010BD0020FCE70000800C00402E
:1094B00070B500250BE07D20C000F4F7EDFBFFF751
:1094C000E9FF0446002C01D0002070BD6D1C0F2D5B
:1094D000F1DB0120F9E7000010B510210448F2F794
:1094E000CBFE002801D0012010BD0020FCE70000C9
:1094F000800C004070B57D20C000F4F7CDFB002546
:109500000BE000F00FF80446002C01D0002070BDE5
:109510007D20C000F4F7C0FB6D1C062DF1DB01209F
:10952000F5E7000010B508210448F2F79BFE00287B
:1095300001D0012010BD0020FCE70000800C00409D
:1095400010B504210448F2F797FE002801D001204D
:1095500010BD0020FCE70000800C004000B58FB07B
:109560002C2104A8EBF7ACFB1D4840691D49401AAB
:1095700009901B48006908901948C068079018486E
:109580008068069016484068059015480068049069
:10959000134880690A900020C0430C9004A8EBF7A0
:1095A00021FBE121C901401A0F4908600FA110A059
:1095B000F3F71AFB0C4803680948016842688068A1
:1095C00003930192029100900548C3680069421C10
:1095D000034841690848F3F707FB0FB000BD0000DE
:1095E000348800206C070000580000204C4F4700D2
:1095F0000A5B25735D0000004881030010B5034637
:10960000D86880181C69A0420BD84868DC6800192B
:109610001C69A04203D24868DC68001910BD002014
:10962000FCE70020C043F9E710B502460023DB4306
:109630005078012801D1801E10BD48691830146A85
:10964000A04203D848690346183302E00020C04313
:10965000F2E71846F0E7000005480068054988422F
:1096600002D90020024908600148006870470000E4
:1096700048000020005C2605014800680021704772
:1096800058000020F8B504460026002C09D1824875
:1096900082A384A2FC2100908AA004F00BFF00BFEB
:1096A000FEE7204605F034F90646002E01D030468C
:1096B000F8BD606A00280AD177488FA379A2FF21FC
:1096C0000A3100907FA004F0F5FE00BFFEE720699C
:1096D000002808D0A08A002805D0A069002802D060
:1096E000207F002875D1204603F0EAF90646002EB7
:1096F00001D03046DCE7204604F0DCFF00282DD006
:109700000020A060216D21614820005B012802D16A
:109710000221A18201E00121A182616DA161582095
:10972000015D2177012516E0E900204654304058BC
:1097300000280FD0EA00204654308058A1698142A9
:1097400008D9E900204654304158A161E9000818C1
:10975000017921776D1C042DE6D33AE0002535E030
:1097600018206843684940180179207B81422CD138
:1097700018206843644940184179607B814224D1B4
:1097800018206843604940188179A07B81421CD130
:10979000182068435C490858A060182068434018A6
:1097A0008168216118206843574940188189A18246
:1097B00018206843544940180169A1611820684382
:1097C00051494018017D217702E06D1C152DC7D34A
:1097D00000BF2069002808D0A08A002805D0A06911
:1097E000002802D0207F002804D148A004F088FE81
:1097F00001205DE7002700250BE0E80051494018F3
:109800000179207B814203D1E8004E490F5802E0E4
:109810006D1C102DF1D300BF002F09D0A0680028C7
:1098200006D0394648A02369A26804F069FE0BE01F
:10983000002F05D039464FA0226904F061FE03E0F5
:1098400057A0216904F05CFE00BF204603F086FCAF
:109850000646002E01D030462AE7A08A042108409F
:10986000002809D000220121204605F097F806467D
:10987000002E01D030461BE70121090620698842ED
:1098800005D90121204604F0A7FA064602E000218E
:109890003520015530460BE7E8650300666C6173BF
:1098A00068000000282573292068617320617373A4
:1098B000657274206661696C65642061742025732B
:1098C0002E0000002E2E5C436F6D70656E74735C0D
:1098D0004D6F64756C65735C466C61736844422DB2
:1098E000312E312E325C736675645C7372635C7307
:1098F0006675642E63000000666C6173682D3E73AC
:1099000070692E7772000000F06303005761726E79
:10991000696E673A205468697320666C61736820C9
:10992000646576696365206973206E6F7420666F65
:10993000756E64206F72206E6F7420737570706F17
:1099400072742E007063030046696E6420612025E6
:109950007320257320666C61736820636869702EBC
:109960002053697A6520697320256C6420627974BC
:1099700065732E0046696E64206120257320666C35
:1099800061736820636869702E2053697A65206965
:109990007320256C642062797465732E00000000CA
:1099A00046696E64206120666C6173682063686933
:1099B000702E2053697A6520697320256C642062BB
:1099C000797465732E00000038B5062000900125DB
:1099D0002A466946762004F0A6F8C4B2002C01D0CD
:1099E000204638BD7D20C00004F040F80020F8E794
:1099F0007CB506460025312229466D1C6846425436
:109A00002A466946762000F0BFF80446002C01D0B3
:109A100020467CBD094804F029F8032269467620D7
:109A200000F072F80446002C01D02046F1E7032232
:109A300069463046EBF71CF90020EAE710270000E2
:109A40007CB506460025482229466D1C68464254CE
:109A50002A466946762000F097F80446002C01D08B
:109A600020467CBD144804F001F81920FAF7C4F828
:109A70000025302229466D1C684642542A46694614
:109A8000762000F081F80446002C01D02046E8E75B
:109A9000094803F0EBFF03226946762000F034F812
:109AA0000446002C01D02046DBE7032269463046FD
:109AB000EBF7DEF80020D4E7102700007CB5054660
:109AC00000268D223146761C68464254324669464D
:109AD000762000F059F80446002C01D020467CBDC9
:109AE000084803F0C3FF01226946762000F00CF815
:109AF0000446002C01D02046F1E768460078287023
:109B00000020ECE710270000F7B506460F460021BD
:109B10001C48F2F7D5FE0546002D01D00120FEBD00
:109B200000211848F2F79FFF7000401CC1B2154891
:109B3000F2F724FF0546002D05D002211148F2F767
:109B4000BFFE0220EBE7002409E000210D48F3F7F7
:109B500034F839190B48F2F789FE601CC4B2029838
:109B60008442F2DB01210748F3F727F80221054878
:109B7000F2F7A6FE0546002D01D00520CFE7002014
:109B8000CDE7000000240140F7B506460F4600214E
:109B90001C48F2F795FE0446002C01D00120FEBDC2
:109BA00000211848F2F75FFF7006010E1548F2F722
:109BB000E5FE0446002C05D002211248F2F780FE93
:109BC0000220ECE700250EE0795D0E48F2F7D6FEA4
:109BD0000446002C05D002210A48F2F771FE03204A
:109BE000DDE7681CC5B202988542EDDB022105481D
:109BF000F2F766FE0446002C01D00420CFE70020D7
:109C0000CDE7000000240140FFB581B007461E46A5
:109C100000213448F2F754FE0446002C02D0012003
:109C200005B0F0BD00212F48F2F71DFF7806010EA8
:109C30002C48F2F7A3FE0446002C05D00221294847
:109C4000F2F73EFE0220EBE726480299F2F796FE75
:109C50000446002C05D002212248F2F731FE0220F2
:109C6000DEE7002E33DD01211E48F2F729FE04460F
:109C7000002C01D00320D3E77800401CC1B2194862
:109C8000F2F77CFE0446002C01D00420C8E7002532
:109C90001BE0701EA84204DD00211248F2F78DFF80
:109CA00003E001210F48F2F788FF039841190D489E
:109CB000F2F7DCFD0446002C05D002210948F2F73A
:109CC000FFFD0520ACE7681CC5B2B542E1DB02210F
:109CD0000448F2F7F5FD0446002C01D006209FE76A
:109CE00000209DE700240140FFB581B006460A9F91
:109CF00000213848F2F7E4FD0546002D02D001208E
:109D000005B0F0BD00213348F2F7ADFE7006010E3C
:109D10003048F2F733FE0546002D05D002212D48CC
:109D2000F2F7CEFD0220EBE700240FE00298015D80
:109D30002848F2F723FE0546002D05D002212548CC
:109D4000F2F7BEFD0320DBE7601CC4B20398844237
:109D5000ECDB002F33DD01211E48F2F7B1FD054693
:109D6000002D01D00120CBE77000401CC1B2194882
:109D7000F2F704FE0546002D01D00420C0E70024C0
:109D80001BE0781EA04204DD00211248F2F715FF07
:109D900003E001210F48F2F710FF049801190D4864
:109DA000F2F764FD0546002D05D002210948F2F7BF
:109DB00087FD0520A4E7601CC4B2BC42E1DB0221A0
:109DC0000448F2F77DFD0546002D01D0062097E7F7
:109DD000002095E700240140FFB581B006460A9FA8
:109DE00000213A48F2F76CFD0546002D02D0012013
:109DF00005B0F0BD00213548F2F735FE7006010EC2
:109E00003248F2F7BBFD0546002D05D002212F4850
:109E1000F2F756FD0220EBE700240FE00298015D07
:109E20002A48F2F7ABFD0546002D05D00221274850
:109E3000F2F746FD0320DBE7601CC4B203988442BE
:109E4000ECDB002F36DD0B9800F016FD01211F48DA
:109E5000F2F736FD0546002D01D00120C8E770005D
:109E6000401CC1B21948F2F789FD0546002D01D00A
:109E70000420BDE700241BE0781EA04204DD002181
:109E80001248F2F79AFE03E001211048F2F795FE1E
:109E9000049801190D48F2F7E9FC0546002D05D09C
:109EA00002210A48F2F70CFD0520A1E7601CC4B2AC
:109EB000BC42E1DB02210548F2F702FD0546002D18
:109EC00001D0062094E7002092E700000024014022
:109ED00009480A49086008460068002801D1401E68
:109EE00070470648006880690549086203480068B1
:109EF0000069C8610020F3E740050020F404002059
:109F0000F8040020F0B585B005460E463F480088AD
:109F10003F49884203D03F480088884204D100204E
:109F20003D49086005B0F0BD3C48875DA8003C494C
:109F300008580490354A1288364B1B88D118354A88
:109F4000128864235A431046EAF7F6FD04462D2C86
:109F50001CD22E490988334A51432E4A1288324B6B
:109F60005A4388183946EAF7E7FD0090EBF79EF967
:109F700001900499EAF7BBFF2C490290EAF7B7FF7A
:109F80000390EBF7E0F9244908603CE0402C1CD238
:109F90001E490988264A51431E4A1288254B5A43B6
:109FA000881A3946EAF7C8FD0090EBF77FF901906F
:109FB0000499EAF79CFF1D490290EAF798FF039085
:109FC000EBF7C1F9144908601DE0552C1BD20F496D
:109FD0000988194A51430F4A1288184B5A43881866
:109FE0003946EAF7A9FD0090EBF760F90190049972
:109FF000EAF77DFF0D490290EAF779FF0390EBF74E
:10A00000A2F90549086000BF8CE70000DE000020CF
:10A01000FFFF0000DC000020D8000020B007020095
:10A02000B80702004F450000332B000000401C46DB
:10A0300021A700005C4C000026170000A1040000CE
:10A04000F0B5C54A00248FB091420ADA4B005B0894
:10A05000934206D801254A006D05EA4205D1002841
:10A0600003D0F7F71FFE0FB0F0BD01252D05A94263
:10A0700019DA034308D0002910DA0120F7F748FE67
:10A08000F7F719FE0FB0F0BD0220F7F741FEF7F722
:10A09000FFFD0122D20751400FB0F0BD3524E4434B
:10A0A0003622EBF717FB0A15AC4B1219D4180A032A
:10A0B000120BAB49AB4B56182E4031465940114359
:10A0C0000192321512190B920022EBF700F8019A57
:10A0D0000446921C1003A44E000B0D467E44032838
:10A0E00060D2204673683268EBF774F91CD10B9884
:10A0F000002815D0EBF7ECF804460E469B4A9C4B23
:10A10000EAF7F4FF0D4607469A4A9B4B2046314634
:10A11000EAF7ECFF3A462B46EAF734FF0FB0F0BD02
:10A12000716830680FB0F0BD944A954B20462946BF
:10A13000EAF7DCFF0022934BEAF7CFFF06460F4613
:10A1400022462B4610461946EAF7D0FF32463B46D8
:10A15000EAF7CCFF06460B980F4600281DD0EBF718
:10A16000B7F8824A824B05910490EAF7BFFF324666
:10A170003B46EAF7B2FF22462B46EAF7A8FF044621
:10A180000D467C4A7C4B05990498EAF7AFFF2246BE
:10A190002B46EAF79CFF0FB0F0BD0B463246204637
:10A1A0002946C4E0012300229B072046EAF7EAFE85
:10A1B00002460B4620462946EBF700F806460F46B6
:10A1C0000B98EBF785F832463B4605910490104614
:10A1D0001946EAF78BFF09910C906B490198099B8E
:10A1E000421800920C9A19461046EAF77FFF024681
:10A1F00007910A90654901980B1A6548019303215C
:10A200007844079BF7F7EEFC079B0A9AEAF76EFF84
:10A210000E905F480D9104217844079B0A9AF7F746
:10A22000E1FC099B0C9AEAF761FF019B009A1A4333
:10A2300000920D9B0E9AEAF7A5FE009A01910C90F0
:10A24000002A4DDD0022D24320462946EBF742FA90
:10A2500022462B46EAF74AFF00910A900B98002805
:10A260002BD0424A424B05990498EAF73FFF0791E9
:10A270000E90019B0C9A00990A98EAF783FE3246E9
:10A280003B46EAF733FF079B0E9AEAF77BFE009BFB
:10A290000A9AEAF722FF22462B46EAF718FF0446FD
:10A2A0000D46344A344B05990498EAF71FFF2246BD
:10A2B0002B46EAF70CFF0FB0F0BD019B0C9A0A98F1
:10A2C000EAF760FE32463B46EAF710FF009B0A9A27
:10A2D000EAF703FF22462B46EAF7FFFE0FB0F0BD78
:10A2E0000B98002827D0214A214B05990498EAF7BA
:10A2F000FDFE0791009020462946019B0C9AEAF743
:10A30000E6FE32463B46EAF7F1FE079B009AEAF783
:10A31000DEFE22462B46EAF7DAFE04460D46154AD3
:10A32000154B05990498EAF7E1FE22462B46EAF719
:10A33000CEFE0FB0F0BD0B46204629460C9AEAF738
:10A34000C6FE32463B46EAF7D1FE22462B46EAF7E6
:10A35000C4FE0FB0F0BD00000000F07F01FCFFFF65
:10A36000645F09000000F03F58DD0100763C79355C
:10A37000EF39EA3D0000E0FE422EE63F55555555C7
:10A380005555D53F0000E03F86EBF9FF51B8060078
:10A390005CDB0100F8B504463048002581420ADA4A
:10A3A0004A005208824206D8012348005B05D84281
:10A3B00005D1002C03D02046F7F774FCF8BD01232B
:10A3C0001B05994219DA224307D000290EDA012031
:10A3D000F7F79EFCF7F76FFCF8BD0220F7F798FC43
:10A3E000F7F756FC0122D2075140F8BD3525ED4361
:10A3F00036222046EBF76EF9044608154019184A34
:10A400000D038018C20F17492D0B891A09050D433A
:10A410008018EAF75DFF06460F4620462946FFF7FB
:10A420000FFE114A114BEAF761FE04460D46104A31
:10A43000104B30463946EAF759FE22462B46EAF7DA
:10A44000A1FD0D4604460C4A0C4B30463946EAF74E
:10A450004DFE22462B46EAF795FDF8BD0000F07F41
:10A4600001FCFFFFFF0300000EE526157BCBDB3F61
:10A47000362BF111F3FE593D00609F501344D33F3A
:10A48000FEB504460D46002739467F1C68464554F4
:10A4900001236A4629462920FFF7B6FB0646002E0F
:10A4A00001D03046FEBD6846007820700020F9E7F4
:10A4B0007CB5044600268C223146761C6846425400
:10A4C00001236A468C212920FFF79EFB0546002DBB
:10A4D00001D028467CBD6846007820700020F9E74E
:10A4E0007CB50446002685223146761C68464254D7
:10A4F00001236A4685212920FFF786FB0546002DAA
:10A5000001D028467CBD6846007820700020F9E71D
:10A510007CB50446002686223146761C68464254A5
:10A5200001236A4686212920FFF76EFB0546002D90
:10A5300001D028467CBD6846007820700020F9E7ED
:10A5400038B500250A4A2946684603F039FA054617
:10A550002A4669462920FFF717FB0446002C01D044
:10A56000204638BD7D20C00003F080FA0020F8E7C7
:10A570000180000010B5012212030449044800F0D4
:10A580006BF80449024800F003F910BDFC73002089
:10A59000FC830020ADA901001CB5014600290DD0A7
:10A5A000144B0868984209D1DB438869984205D169
:10A5B0004868002802D08868002801D100201CBD0E
:10A5C00008690190C8680090009B0198984201D1E9
:10A5D0008A680CE0019B0098984203D9019B00987F
:10A5E000C21A04E08868009C019B1B1BC21A501E03
:10A5F000E5E70000EFBEADDE1CB5014600290DD039
:10A60000144B0868984209D1DB438869984205D108
:10A610004868002802D08868002801D100201CBDAD
:10A6200008690190C8680090009B0198984201D188
:10A6300000220CE0009B0198984203D9009B0198EE
:10A64000C21A04E08868019C009B1B1BC21A1046BA
:10A65000E5E70000EFBEADDE70B504460D461646D8
:10A66000002C03D0002D01D0002E01D1002070BDA0
:10A670001C212046EAF724FBA660656002482060A2
:10A68000C043A0610120F2E7EFBEADDEFEB5044697
:10A690000F4615460097002C11D02B4920688842A0
:10A6A0000DD1C943A069884209D16068002806D04D
:10A6B000A068002803D0002F01D0002D01D1002078
:10A6C000FEBD2046FFF798FF02900298A84201D2F3
:10A6D000029800E028460546002D00D1F0E7E0682A
:10A6E0000190A0680199401AA84203D2A06801997C
:10A6F000401A00E0284606466068019A81183246F2
:10A700000098EAF7B5FA019880190190AD1B002D69
:10A7100006D06168009A90192A46EAF7A9FA0195CD
:10A72000A0680199884201D8002001900198E0605A
:10A7300000BF6069002804D07219002120466369B7
:10A74000984700BF7019BBE7EFBEADDE10B50446F9
:10A75000002C1AD00D492068884216D1C943A0693F
:10A76000884212D1606800280FD0A06800280CD061
:10A7700000202061E06000BF6069002804D0002252
:10A78000022120466369984700BF10BDEFBEADDED1
:10A7900000280ED0074B02689A420AD1DB43826937
:10A7A0009A4206D14268002A03D08268002A00D06B
:10A7B00041617047EFBEADDEFEB504460F4615465B
:10A7C0000097002C11D02B49206888420DD1C94335
:10A7D000A069884209D16068002806D0A0680028D6
:10A7E00003D0002F01D0002D01D10020FEBD204656
:10A7F000FFF7D2FE02900298A84201D2029800E030
:10A8000028460546002D00D1F0E720690190A06898
:10A810000199401AA84203D2A0680199401A00E0A9
:10A82000284606466168019A881832460099EAF778
:10A830001FFA019880190190AD1B002D06D0009AD7
:10A8400091192A466068EAF713FA0195A068019900
:10A85000884201D8002001900198206100BF606902
:10A86000002804D07219012120466369984700BF6F
:10A870007019BBE7EFBEADDE01460022034B1A6044
:10A8800000BF024A12688A42FBD37047540000207E
:10A8900010B5012080030D498860F2F747FAE121E5
:10A8A00049020B48F6F78EFC10217D20C000ECF722
:10A8B0007DFBF2F7BFFCECF7C7F90648F1F756FF4E
:10A8C000F5F786FFF8F72CFC002010BD00ED00E046
:10A8D0000020014000240140F7B582B0054616462D
:10A8E000002D0AD1164817A318A21F214901009074
:10A8F0001EA003F0DFFD00BFFEE7002E09D11048C7
:10A9000027A312A22849009018A003F0D3FD00BF8E
:10A91000FEE73520405D002801D0042000E0032040
:10A920000746002407E0601C381AC1000398C8409D
:10A930003055601CC4B2BC42F5DB05B0F0BD000070
:10A94000A4660300666C6173680000002825732903
:10A950002068617320617373657274206661696C2D
:10A9600065642061742025732E0000002E2E5C4348
:10A970006F6D70656E74735C4D6F64756C65735C40
:10A98000466C61736844422D312E312E325C736601
:10A9900075645C7372635C736675642E630000009B
:10A9A0006172726179000000E103000070B5064633
:10A9B0000C461546002C0BD0012C12D0022C19D1BC
:10A9C0000EA110A0F2F710F910A0F2F70DF912E0A5
:10A9D0000AA10CA0F2F708F9294613A0F2F704F92E
:10A9E00009E006A107A0F2F7FFF8294618A0F2F740
:10A9F000FBF800E000BF00BF70BD00004C575242A2
:10AA0000000000000A5B25735D0000005B455654A2
:10AA10005D20427566666572207265736574206597
:10AA200076656E74210000005B4556545D204275CA
:10AA3000666665722072656164206576656E743A3B
:10AA400020256420627974652873292100000000A4
:10AA50005B4556545D204275666665722077726963
:10AA60007465206576656E743A2025642062797479
:10AA7000652873292100000010B50446002007490D
:10AA80000880224606492046FCF766FB0020034961
:10AA9000088004A0F2F7A8F810BD0000E000002034
:10AAA000295D01006578706F72742073656E736F35
:10AAB00072206461746120656E640A0030B593B0E1
:10AAC0000446342101A8EAF7FBF83422074901A81B
:10AAD000EAF7CEF8342201A90EA8FCF7C9F805461A
:10AAE00029462046FCF7ECFA13B030BDAC870020B5
:10AAF000FFB585B0064614461D460020049030463A
:10AB000020300390002E09D1554856A357A25F4923
:10AB100000905FA003F0CEFC00BFFEE7012D0ED039
:10AB2000FF20013085420AD04D4866A34FA29921EB
:10AB30008900009056A003F0BDFC00BFFEE7342062
:10AB4000805D00280AD1464868A348A24F49091DE4
:10AB500000904FA003F0AEFC00BFFEE7069801197D
:10AB60003069814205D965A003F0CAFC052009B00F
:10AB7000F0BD03988068002802D003988168884758
:10AB80005EE00121304603F0CFF9049004980028DC
:10AB900000D058E00220634908704A1C30460699EC
:10ABA000FFF79AFE3520805D002801D0052000E0E7
:10ABB0000420029029460698E9F7A8FF00290FD043
:10ABC00029460698E9F7A2FF681AA04206D229464C
:10ABD0000698E9F79BFF681A019006E0019404E0EB
:10ABE000AC4201D9019500E001940198241A019921
:10ABF0000698401806904B4A02995018019A0E99EF
:10AC0000EAF736F80020009001990298421803985C
:10AC1000002344494768B84704900498002803D0AB
:10AC200041A003F06DFC0EE0304605F0B3F904904E
:10AC30000498002800D006E001990E9840180E9064
:10AC4000002C9ED100BF0021304603F06DF903981F
:10AC5000C068002802D00398C1688847049886E736
:10AC600029660300666C617368000000282573295B
:10AC70002068617320617373657274206661696C0A
:10AC800065642061742025732E00000062020000BC
:10AC90002E2E5C436F6D70656E74735C4D6F6475C2
:10ACA0006C65735C466C61736844422D312E312EA5
:10ACB000325C736675645C7372635C736675642E74
:10ACC0006300000077726974655F6772616E203D92
:10ACD0003D2031207C7C2077726974655F677261EA
:10ACE0006E203D3D2032353600000000666C6173F9
:10ACF000682D3E696E69745F6F6B00004572726FFC
:10AD0000723A20466C617368206164647265737383
:10AD1000206973206F7574206F6620626F756E6492
:10AD20002E00000080F000204572726F723A2046BB
:10AD30006C61736820777269746520535049206391
:10AD40006F6D6D756E6963617465206572726F7287
:10AD50002E000000002102E000BF4A1CD1B2814257
:10AD6000FADB7047F0B51FB496B084460C46024635
:10AD7000199D18980390490068006300490840082D
:10AD80000193002A01D0012600E000269E19FE4B07
:10AD9000F6185B109E422BD36E00039F0296002F85
:10ADA00000D00127F719F84EF84BBE199E421FD369
:10ADB000039E0346F64F334309D03B469C4201D1E4
:10ADC000002A04D0019B002A05D0012604E00020BF
:10ADD00039461BB0F0BD00269E19EE4B9E4207D8A7
:10ADE000039F029E002F00D00127F6199E4207D92B
:10ADF0002B4660462146189AF6F759FF1BB0F0BD66
:10AE00000023002C29DAE44EB04226DAE34EB042A9
:10AE100001DB022321E0DE4EB0421EDBE04E070DD7
:10AE2000BE19142E09DD3427BF1B039EFE40019678
:10AE3000BE40039FBE420BD00FE0039F002F0CD1FA
:10AE40001427BF1B0646FE400196BE40864204D131
:10AE5000019BDE07F60F02239B1B0E46164318D1FB
:10AE6000002D16DA002C03D0022B01D0012B06D0C6
:10AE70000220F6F74DFFF6F70BFF1BB0F0BD0220E6
:10AE8000F6F746FFF6F704FF0122D20751401BB048
:10AE9000F0BD039E002E61D1BF4EB04220D1C1480B
:10AEA000844201D1002A08D0B948814209DB002D33
:10AEB00010DB189829461BB0F0BD0020B4491BB028
:10AEC000F0BD002D06DA01222946D207189851401C
:10AED0001BB0F0BDB4497944086849681BB0F0BDA7
:10AEE000AB4FB84225D1002D1FDA002904D0B14262
:10AEF00012D1002A09D018E0002A72D1A649E20F27
:10AF00000020D20711431BB0F0BD0020E20F014624
:10AF1000D20711431BB0F0BDB14206DA2346002030
:10AF20003946EAF74BF91BB0F0BD104621461BB07D
:10AF3000F0BDB14212DA0126B607B54203D123466D
:10AF400010461946FEE3994EB54207D1261E05DB91
:10AF50001046314603F0F0FE1BB0F0BD67007F08DD
:10AF60001646002A40D100290AD08B4A914229D1A5
:10AF7000002C0EDD002D1CDB002011461BB0F0BDA7
:10AF8000022B16D0002C14D0012B12D1002C14DB74
:10AF90000FE0002C28DA002D09DB012B03D0002064
:10AFA0007D491BB0F0BD002081491BB0F0BD012BD5
:10AFB00003D0002001461BB0F0BD00200121C907CD
:10AFC0001BB0F0BD724A91420ED1002C01DA002B69
:10AFD00017D0022B06D00020C043EAF779F91BB046
:10AFE000F0BD90E20120F8E7E217521C94461A43A4
:10AFF00007D000220892664C62465B1E1A4307D0B7
:10B0000009E00120F6F784FEF6F755FE1BB0F0BD0F
:10B010000022644C0892674A90427DDD664B674A85
:10B0200098421FDD914202DC002D05DB4DE05848BF
:10B03000814217DB002D48DD0220F6F769FEF6F7A6
:10B0400043FE05460E460022534B21460898EAF778
:10B050004DF8084671004908C00FC0070143284653
:10B060001BB0F0BD914215DA002D2EDA0220F6F762
:10B070004FFEF6F729FE05460E460022464B2146B6
:10B080000898EAF733F872005208C80FC007024365
:10B09000114617E03E4B994223DD002D15DD0220BD
:10B0A000F6F736FEF6F710FE05460E4600223A4B3E
:10B0B00021460898EAF71AF8084671004908C00FB7
:10B0C000C007014328461BB0F0BD0220F6F720FE62
:10B0D000F6F704FE49004908E20FD20711431BB0FE
:10B0E000F0BD002230463946E9F7F1FF012205465E
:10B0F0000E46D243EAF7EEFA314A324BE9F7EDFF5A
:10B100002A463346E9F7F2FF0022284BE9F7E5FF2C
:10B1100007462A46334600E064E00391104619468C
:10B12000E9F7E4FF3A46039BE9F7E0FF074603220D
:10B1300009915207244B28463146E9F7D7FF07917A
:10B140000C90224A204B38460999E9F7CFFF074671
:10B1500001911F4A1F4B28463146E9F7C7FF3A467F
:10B16000019BE9F7B4FF07460B4602460991079990
:10B170000C98E9F707FF00250E462846079B0C9A16
:10B18000E9F7A5FF3A4627E0FFFF1F00FFFF0F008A
:10B190000000F03F0000E0FF0000F07F00004043AF
:10B1A00001FCFFFF0000F0BF5ECF01000000E03FA8
:10B1B0000000F0FF0000E0410000F043FFFFEF3F20
:10B1C000555555555555D53F4715F73FFE822B65CB
:10B1D00044DF5DF80BAE543E099BE9F77EFF024663
:10B1E0000B4652E1012500202D05A94207DA352240
:10B1F00030463946EAF76EFA06463420C0430A154F
:10B200001218FE48101803900803FD49000B014373
:10B210000F46FC49884201DC002003E0FA498842DD
:10B2200002DA0120119005E0002011900398401CE3
:10B230007F1B039011980597C200F4480F92784441
:10B24000801843680268394630460D930292E9F748
:10B250003EFF07910C9030460D9B029A0599E9F745
:10B2600091FE02460B460020E549E9F7A7FF099148
:10B270000490079B0C9AE9F739FF12900020109078
:10B28000E3480D46784400680E9001217810490784
:10B29000084311990D9B890440180121C9044718DE
:10B2A0003946029A0E98E9F712FF3246059BE9F7F4
:10B2B00014FF02460B4629461098E9F717FF064689
:10B2C00002913B4629460E9A1098E9F70FFF079B1B
:10B2D0000C9AE9F702FF3246029BE9F7F8FE099B58
:10B2E000049AE9F703FF0591129A0A902B4610463B
:10B2F0001946E9F7FBFE06460246C6480F460B46CE
:10B3000006217844F6F76EFC32463B4600910490E5
:10B3100010461946E9F7EAFE009B049AE9F7E6FEB3
:10B3200006460F462B461946129A1098E9F72AFE50
:10B33000059B0A9AE9F7DAFE32463B46E9F722FE18
:10B34000109A079104902B4610461946E9F7CEFE55
:10B35000B14E0022334609910290E9F713FE079B94
:10B36000049AE9F70FFE0020074602463346009193
:10B37000E9F7ADFE099B029AE9F7A9FE079B049A3B
:10B38000E9F7ABFE06460D913A462946009B109818
:10B39000E9F7ACFE07910C902B463046129A0D99B6
:10B3A000E9F7A4FE05460E463A46009B05990A9821
:10B3B000E9F79CFE33462A46E9F7E4FD02460B46D0
:10B3C0000746099107990C98E9F7DCFD00250E4620
:10B3D0002846079B0C9AE9F77AFE3A46099BE9F75B
:10B3E0007CFE07460722099152078C4B31462846BE
:10B3F000E9F77CFE07910090894A884B3846099905
:10B40000E9F774FE07460191864A874B3146284684
:10B41000E9F76CFE3A46019BE9F7B4FD834B7B44A8
:10B420000F9A9B181A685B68E9F7ACFD02900991C6
:10B430000398E9F74DFF05910490099B029A07993B
:10B440000098E9F79FFD7A4B7B440F9A9B181A6886
:10B450005B6817460393E9F795FD059B049AE9F7A6
:10B4600091FD0E462846059B049AE9F730FE3A46C0
:10B47000039BE9F72CFE079B009AE9F728FE099B3E
:10B48000029AE9F72AFE02460B46199900200C9011
:10B490000F461898E9F72AFE029104903B460C9A51
:10B4A00019991898E9F713FE2A463346E9F71EFE64
:10B4B000029B049AE9F766FD09910E902A463346ED
:10B4C00039460C98E9F712FE06460F46099B0E9A7C
:10B4D000E9F758FD574A0D46914220DB5242AA181F
:10B4E000024310D132463B46E9F7F1FD0490039147
:10B4F000514A524B09990E98E9F744FD039B049A6F
:10B50000EAF742F91ED20220F6F702FCF6F7DCFB5E
:10B5100049004908E20FD20711431BB0F0BD6A0091
:10B52000474B52089A420DD3464AAA18024300D00C
:10B53000CBE532463B46E9F7CAFD099B0E9AEAF78E
:10B5400023F9F5D96800002340082C490393020D24
:10B550003D4B5218984223DD01200005521CD0407B
:10B5600042195000400D4018384979440968134683
:10B570008C463749C1408B4312030121120B090548
:10B5800051181422101AC1400391002D01DA4842CB
:10B590000390624630463946E9F799FD06460F4664
:10B5A00032463B4609990E98E9F7ECFC00252A46FD
:10B5B000284B28460591E9F799FD07910C90264AFA
:10B5C000264B28460599E9F791FD009102903246F5
:10B5D0003B4628460599E9F77AFD099B0E9AE9F75B
:10B5E0007CFD1F4A1F4BE9F781FD009B029AE9F79A
:10B5F000C9FC07460B460246099135E001FCFFFFF6
:10B600000000F03F8E9803007AB60B0056CB010085
:10B61000B0CB0100C2CA01000000084009C7EE3FDC
:10B62000FD033ADCF5015B14E02F3EBE96C9010034
:10B630005CC9010000009040FE822B654715973CD5
:10B6400000CC904000346F3F0000E03FCAC80100CA
:10B65000FFFF0F00432EE63F396CA80C615C20BE53
:10B66000EF39FAFE422EE63F07990C98E9F78AFC7B
:10B6700005460E46079B0C9AE9F729FD3A46099BB9
:10B68000E9F72BFD09912A4633460E9010461946DC
:10B69000E9F72CFD074602462F480B460591052188
:10B6A0007844F6F79FFA3A46059BE9F71FFD2A46CC
:10B6B0003346E9F712FD0746019128463146099BBA
:10B6C0000E9AE9F713FD099B0E9AE9F75BFC01233B
:10B6D00004910C9000229B0738460199E9F7F7FC8A
:10B6E00005910E903A4628463146019BE9F7FEFC4B
:10B6F000059B0E9AE9F762FD049B0C9AE9F7E7FCBB
:10B700002A463346E9F7E3FC0022144BE9F7E5FC4F
:10B71000064603980D46000541190915002912DC5B
:10B7200030462946039AE9F7D5FFF6F7E7F80428EB
:10B7300001D1F6F7D3FA30462946039AE9F7CAFF52
:10B74000064601E004E029180B46324621460898D7
:10B75000E9F7CCFC1BB0F0BD54C701000000F03F7E
:10B7600070B504460D46164611480068002806D1FB
:10B77000104A11A113A0F1F737FA00BFFEE70C48F9
:10B7800000682030007D002806D10A4A15A10DA0CE
:10B79000F1F72AFA00BFFEE71748806901192B4626
:10B7A00032460348006802F0C9FE304670BD000012
:10B7B000F404002061620300736675645F6465765B
:10B7C00000000000282573292068617320617373CD
:10B7D000657274206661696C6564206174202573EC
:10B7E0002E0A0000736675645F6465762D3E696E8F
:10B7F00069745F6F6B000000F8040020F0B587B03B
:10B80000002005900690FEF7DFF81920F8F7F4F90C
:10B810000021049104A8FEF751F96846007C4021FC
:10B820000840002864D0F1F721FA05A8FEF708F9CE
:10B83000F1F71CFA05A80330FEF7DAF8F1F716FA6B
:10B840006946087D0004497D090208436946897DEF
:10B8500004460C436946C87D0004097E090208437A
:10B860006946497E084307460120C005204000285C
:10B8700002D0FF20000604430120C0053840002804
:10B8800002D0FF200006074364212046E9F73EF975
:10B890000190E9F731FD054600221A4BE9F772FBEA
:10B8A00003910290E9F764FD81B217488180642119
:10B8B0003846E9F741F90190E9F70AFD054600220B
:10B8C000104BE9F75FFB03910290E9F751FD81B25C
:10B8D0000D48001D41800DA10DA0F1F785F90A4822
:10B8E0008388001D42880C490CA0F1F77DF907E020
:10B8F00015A107A0F1F778F9074915A0F1F774F938
:10B9000007B0F0BD0000E03FA88700204C4F470083
:10B910000A5B25735D000000740702002573205345
:10B920007563636573732C20416C74697475646509
:10B930003A2025646D2C2050726573737572653AD8
:10B940002025646D626172004552524F5200000022
:10B950002573204661696C0010B5012109031A485E
:10B96000F0F780FC002816D11420F8F745F90121E2
:10B9700009031548F0F776FC002824D11348807994
:10B98000022188431149887108468079042188433F
:10B990000E49887117E01420F8F72EF901210903E8
:10B9A0000948F0F75FFC00280DD008488079022193
:10B9B0008843801C054988710846807904218843A2
:10B9C000001D0249887110BD800C0040E8860020EF
:10B9D0007FB503A8FEF76CFD0446002C07D055A1E7
:10B9E00056A0F1F701F957A0F1F7FEF87FBD02A8C4
:10B9F000FEF776FD0446002C07D04EA14FA0F1F7CC
:10BA0000F3F858A0F1F7F0F8F0E76846007B7021F2
:10BA1000084005116846007A38210840C61068467B
:10BA2000007B80210840002879D1882101A8FEF7F9
:10BA300027FD892101A80130FEF722FD8A2101A8F6
:10BA40000230FEF71DFD8B2101A80330FEF718FD23
:10BA50006846007901026846407901434A480180FE
:10BA60006846807900026946C979084347490880D9
:10BA700029463046FEF746FA45A130A0F1F7B4F862
:10BA8000444800680090414803883F480288424982
:10BA90004248F1F7A9F864213E480068E9F736F812
:10BAA0003F49C8600846C068322803D200213C489C
:10BAB000017428E03A48C068642803D2012138485C
:10BAC000017420E03648C068FF21F531884203D276
:10BAD00002213348017416E03148C0687D21C90055
:10BAE000884203D203212E4801740CE02C48C06820
:10BAF0007D210901884203D204212948017402E012
:10BB000005212748017422A10CA0F1F76DF8244803
:10BB1000C268017C23A0F1F767F808E0FFE705A100
:10BB200006A0F1F761F81C4928A0F1F75DF800BF05
:10BB30005CE700004552524F520000000A5B25733B
:10BB40005D0000006C74723378785F6765745F64C1
:10BB50006174615F72656164795F666C61672046DC
:10BB600061696C006C74723378785F6765745F6DBF
:10BB70006561737572656D656E745F726174652061
:10BB80004661696C00000000DC000020DE0000203F
:10BB90004C4F4700D8000020D8070200388203002D
:10BBA000AC8700204C69676874204C6576656C3AF8
:10BBB0002025642C204C696768742056616C75657B
:10BBC0003A202564206C757800000000257320461B
:10BBD00061696C0010B500F065F804461A48006809
:10BBE0001A49096888422ED81948007B002803D1D9
:10BBF0001748C089C82826DD164800681349096817
:10BC0000884220D901211448C161104800681149B7
:10BC100008600E480068B4300B4908600E48C4380C
:10BC2000808A052803DA05200B49C43988820BA1D4
:10BC30000BA0F0F7D9FF0548036803480A490268DA
:10BC40000AA0F0F7D1FF10BD3C00002058000020F2
:10BC50007CB4002034000020AC8700204C4F47000B
:10BC60000A5B25735D000000A007020025732053C6
:10BC70007563636573732C204E657874205265611B
:10BC8000642054696D657374616D703A2025642C6D
:10BC9000204E6F772054696D657374616D703A2022
:10BCA000256400007CB500240025002672B6002221
:10BCB000FF2101314A48F2F7E1F8FF2101314848FC
:10BCC000F0F7E4FA0520F4F7ABFEFF210131444818
:10BCD000F0F7DEFA7320F4F7A3FE00262BE0FF2135
:10BCE00001313F48F0F7D2FA0022FF2101313C48F0
:10BCF000F2F7C4F80120FFF72DF8FF210131384891
:10BD0000F0F7C6FA0120FFF725F80022FF210131E4
:10BD10003348F1F728F80120FFF71CF86004040C01
:10BD2000FF2101312E48F0F79DFA002801D0601C58
:10BD300084B2701CC6B20F2ED1DB002629E0FF2191
:10BD400001312748F0F7A2FA0022FF2101312448EF
:10BD5000F2F794F80120FEF7FDFFFF2101312048A2
:10BD6000F0F796FA0120FEF7F5FF0022FF210131DE
:10BD70001B48F0F7F8FF0120FEF7ECFF6D00FF21F4
:10BD800001311748F0F76EFA002800D06D1C701CC6
:10BD9000C6B2192ED3DBF2F775FA012080032040DA
:10BDA000002805D001200F490873A404A40C02E068
:10BDB00000200C4908730B48C4810BA10BA0F0F7BD
:10BDC00013FF0848C0890749097B2B46224600918A
:10BDD0000190084908A0F0F707FF28467CBD000045
:10BDE000400C00407CB400204C4F47000A5B257398
:10BDF0005D0000008C0702002573205375636365A6
:10BE000073732C203078253034582C20307825302E
:10BE100038582C204F75742052616E67653A202582
:10BE2000642C205369676E616C20566F6C74616777
:10BE3000653A202564755600F0B58BB008A909A8AD
:10BE400002F030FE0446002C08D032A133A0F0F7F7
:10BE5000CBFE214633A0F0F7C7FE57E03F490898D4
:10BE6000884208DD89000898884204DA7D21C900EB
:10BE70000898401808903A490998884206DA0998C3
:10BE8000002803DB0998FF38F53809903548007C15
:10BE900064214843099941183248C43041610899E6
:10BEA000816131A11DA0F0F79FFE0898E9F7FEF926
:10BEB0002E490390E9F71BF80746E9F777FA05469C
:10BEC0000E462849C4314869E9F7F0F9274903903B
:10BED000E9F70DF80746E9F769FA0791069009981E
:10BEE000E9F7E4F921490390E9F701F80746E9F792
:10BEF0005DFA0396029505910490079906980191C1
:10BF000000901BA0059B049AF0F76EFE02F038FE2D
:10BF10000BB0F0BD4552524F520000000A5B257332
:10BF20005D0000004572726F7220657865637574FC
:10BF3000696E6720534854343058204D65617375DD
:10BF400072656D656E74204869676820507265631C
:10BF50006973696F6E3A2025640A0000204E000064
:10BF6000E02E0000E88600204C4F470000007A4495
:10BF700053485434305820526561642054656D70C4
:10BF8000657261747572653A2025302E32664320E1
:10BF900025302E3266432C2048756D6964697479AA
:10BFA0003A2025302E32662552480A0070B586B0F8
:10BFB000764804F0ACFB0446002C09D074A176A0AE
:10BFC000F0F712FE214676A0F0F70EFE06B070BD27
:10BFD00000BF83496D4804F080FB0446002C08D064
:10BFE0006BA16DA0F0F700FE21467E48F0F7FCFD46
:10BFF000ECE77D480068401C7B4908606348C169E4
:10C00000C82088477648007880210840002803D05F
:10C01000754800680A28DCD9734800680A2817D3D5
:10C020005A4804F07FF90446002C08D058A15AA0C1
:10C03000F0F7DAFD21466B48F0F7D6FDC6E754A1CC
:10C0400055A0F0F7D1FD214668A0F0F7CDFDBDE782
:10C050000020654908606E494C4804F0B4FA044673
:10C06000002C08D04AA14CA0F0F7BEFD214669A0E3
:10C07000F0F7BAFDAAE7774B654A44497648E8F7F6
:10C08000C1FB0446002C0AD0012C08D040A142A0DC
:10C09000F0F7AAFD214671A0F0F7A6FD96E7012C66
:10C0A00007D17EA13CA0F0F79FFD7EA0F0F79CFD9C
:10C0B00006E081A138A0F0F797FD80A0F0F794FD8D
:10C0C0006449C86B8249E8F7D5FE0546E9F73BF9B4
:10C0D00081B2804881805F49886BE9F767F905463E
:10C0E00000227D4BE9F776F903D20021794881716E
:10C0F0002FE05849886B7949E9F79CF903D201216F
:10C100007448817125E05349886BE9F74FF905467A
:10C110000022734BE9F75EF903D202216D48817169
:10C1200017E04C49886B8121C905E9F783F903D2EF
:10C130000321684881710CE04649886B6949E9F739
:10C1400079F903D204216348817102E00521614835
:10C15000817159A110A0F0F747FD3E49886BE9F7BE
:10C1600025F905460E463B49C86BE9F71FF90591CD
:10C170000490584880790196009502900B465A48E1
:10C18000049AF0F731FD00BF20E7000010B5002051
:10C190004552524F520000000A5B25735D000000BB
:10C1A0004572726F72202564207768656E207A6D03
:10C1B0006F6434343130207374617274696E672037
:10C1C0006D6561737572656D656E742C2065786937
:10C1D00074696E672070726F6772616D2100000074
:10C1E00094010020CC820300900100204572726F00
:10C1F000722025642C207A6D6F64343431302065D0
:10C20000786974696E672070726F6772616D210062
:10C2100038B500204572726F72202564207A6D6FE8
:10C22000643434313020647572696E6720726561E0
:10C2300064206F662041444320726573756C74738B
:10C240002C2065786974696E672070726F677261FF
:10C250006D210000A0B5002058B500204572726F16
:10C2600072202564207768656E207A6D6F6434349F
:10C2700031302063616C63756C6174696E67206135
:10C280006C676F726974686D2C2065786974696E6B
:10C29000672070726F6772616D2100005741524EC6
:10C2A000000000005A4D4F443434585820576172F2
:10C2B0006D75702E2E2E00004C4F47005A4D4F4486
:10C2C000343458582056616C69642E2E2E000000BC
:10C2D00000007A44AC870020000004400000404089
:10C2E00000000C400000A0408882030070B586B0BA
:10C2F00005460C460826002004900590002D09D123
:10C300002E482FA330A29621009037A002F0D2F839
:10C3100000BFFEE7002C09D1284841A32AA297219B
:10C32000009031A002F0C6F800BFFEE7082304AA7F
:10C330003146284600F070FD002805D03CA002F0F0
:10C34000DFF8002006B070BD6846007C20706846AB
:10C35000407C60706846807CA0706846C07CE0705D
:10C360006846017D407D000208436946897D0904D5
:10C3700008436060A078012806DD6278A1783A4819
:10C3800002F0BEF80020DDE7E078092805DAE17860
:10C39000364802F0B5F80020D4E7E1786278A37857
:10C3A000606800930192029103902378304AAD2196
:10C3B0000DA002F07FF80120C4E70000ED66030045
:10C3C000666C61736800000028257329206861731A
:10C3D00020617373657274206661696C65642061A5
:10C3E000742025732E0000002E2E5C436F6D706547
:10C3F0006E74735C4D6F64756C65735C466C6173D1
:10C400006844422D312E312E325C736675645C7344
:10C4100072635C736675645F736664702E6300009C
:10C4200062617369635F6865616465720000000042
:10C430004572726F723A2043616E27742072656193
:10C4400064204A4544454320626173696320666CF9
:10C4500061736820706172616D65746572206865D2
:10C46000616465722E000000DC890300648B0300A8
:10C4700008890300F3B58FB00F9804464434109830
:10C4800040680E90242105A8E8F71AFC0F980028B0
:10C4900009D1CF48CFA3D1A2C2210090D7A002F0EA
:10C4A00009F800BFFEE71098002809D1C848E1A3A9
:10C4B000CAA2C3210090D1A001F0FCFF00BFFEE79B
:10C4C000242305AA0E990F9800F0A6FC002805D099
:10C4D000DCA002F015F8002011B0F0BDE7A2CB21DE
:10C4E000C6A001F0E7FFEFA2CC21C4A001F0E2FF5B
:10C4F00000251AE0A80005A9085CA900491C05AAA6
:10C50000525CA900891C05AB595CAB00DB1C05AF74
:10C51000FB5C00930292019103906B1CE8A2CE2178
:10C52000B6A001F0C7FF681CC5B2092DE2DB684662
:10C53000407DE0716846007D8007800F012802D0B1
:10C54000032811D108E00120A071E379E54AD72141
:10C55000AAA001F0AFFF0CE00020A071E2A2DB2155
:10C56000A6A001F0A7FF04E0ECA001F0C9FF0020A5
:10C57000B2E700BF6846007D042108408010002813
:10C5800002D0012811D107E00120A080F1A2E6210C
:10C590009AA001F08FFF08E0FF200130A080F5A2F3
:10C5A000EA2196A001F086FF00BF00BF6846007D2B
:10C5B00008210840C010002802D001282CD107E033
:10C5C00001202072F6A2F5218CA001F073FF23E078
:10C5D00000202072FE4AFA2188A001F06BFF684615
:10C5E000007D102108400011002802D0012811D13F
:10C5F00007E050206072F74AFF2180A001F05AFF47
:10C6000008E006206072F44AFF2105317BA001F0AA
:10C6100051FF00BF00BF00BF00BF6846807D0621FC
:10C6200008404010002804D001280DD0022820D155
:10C6300014E00120A0720020E072E8A2FF21103176
:10C640006EA001F037FF1CE00120A072E072E9A2A9
:10C65000FF21153169A001F02DFF12E00020A0722A
:10C660000120E072EAA2FF211A3164A001F022FF4A
:10C6700007E00020A072E072EBA001F041FF002073
:10C680002AE700BF6946C87E0006897E0904084380
:10C690006946497E090208436946097E08430490B9
:10C6A0006946C87E80210840C011002802D00128B8
:10C6B00019D104E00498C008401CE06013E004981D
:10C6C0004000400804900498232806D90020E06028
:10C6D000DE4801F015FF0020FEE60498C01E01218F
:10C6E0008140E16000BF00BFD9A2FF21323143A0E9
:10C6F000E36801F0DFFE002500262CE068001C3016
:10C7000005A9085C002824D068001C30095C0120C1
:10C710008840F20021461031885068001D3005A97C
:10C72000095CF2002046103010180171F10020461B
:10C73000103008180079F100009020461030405861
:10C74000830AC9A2FF2138312CA001F0B3FE701C6E
:10C75000C6B2681CC5B2042DD0DB00250026A7E1B7
:10C76000E90020461030405800282FD0681CC6B27F
:10C7700099E1F100204610304058002824D0E9000B
:10C78000204610304158F200805881421CD9EB00FD
:10C7900022461032D058EB009A181179F300224645
:10C7A0001032D258EB0027461037FA50F3003A46C1
:10C7B0009A181279EB00DB191A71F2003B46985077
:10C7C000F200D218117100BF701C6BE16EE1000025
:10C7D000FF660300666C61736800000028257329FA
:10C7E0002068617320617373657274206661696C7F
:10C7F00065642061742025732E0000002E2E5C439A
:10C800006F6D70656E74735C4D6F64756C65735C91
:10C81000466C61736844422D312E312E325C736652
:10C8200075645C7372635C736675645F7366647071
:10C830002E63000062617369635F6865616465729D
:10C84000000000005761726E696E673A2043616EA6
:10C8500027742072656164204A4544454320626123
:10C8600073696320666C61736820706172616D65C5
:10C87000746572207461626C652E00004A454445FF
:10C880004320626173696320666C61736820706124
:10C8900072616D65746572207461626C6520696E89
:10C8A000666F3A004D53422D4C53422020332020D6
:10C8B00020203220202020312020202030000000A5
:10C8C0005B253034645D2030782530325820307854
:10C8D00025303258203078253032582030782530B5
:10C8E00032580000C4880300556E69666F726D206F
:10C8F00034204B4220657261736520697320756E28
:10C90000617661696C61626C6520666F7220746823
:10C910006973206465766963652E00004572726FE5
:10C92000723A20556E69666F726D2034204B42203A
:10C93000657261736520737570706F7274656420C1
:10C94000696E666F726D6174696F6E206572726F69
:10C95000722E00005772697465206772616E756C83
:10C960006172697479206973203120627974652E4F
:10C97000000000005772697465206772616E756C03
:10C980006172697479206973203634206279746524
:10C9900073206F72206C61726765722E0000000058
:10C9A00054617267657420666C617368207374618A
:10C9B000747573207265676973746572206973207A
:10C9C0006E6F6E2D766F6C6174696C652E00000061
:10C9D000308A0300748A0300EC8A0300332D427905
:10C9E0007465206F6E6C792061646472657373691D
:10C9F0006E672E00332D206F7220342D42797465BE
:10CA00002061646472657373696E672E00000000B4
:10CA1000342D42797465206F6E6C79206164647284
:10CA2000657373696E672E004572726F723A205299
:10CA300065616420616464726573732062797465F2
:10CA400073206572726F72210000000094890300E8
:10CA5000436170616369747920697320256C642077
:10CA600042797465732E0000466C617368206465BA
:10CA70007669636520737570706F72747320256CAE
:10CA8000644B4220626C6F636B2065726173652E2C
:10CA900020436F6D6D616E6420697320307825309E
:10CAA00032582E00C6B2042E00DA62E6681CC5B207
:10CAB000042D00DA54E60120207000BF0CE50000D0
:10CAC000F0B585B00446002526462036002C09D155
:10CAD000174818A319A22149009021A001F0EAFCEF
:10CAE00000BFFEE79F2003900320009002AB0122CD
:10CAF00003A930467768B8470546002D12D168462D
:10CB0000017A2173417A6173817AA173A07B617B81
:10CB100000910190237B1F4A1049083110A001F0B9
:10CB2000C9FC02E01CA001F0EBFC284605B0F0BDFA
:10CB300051660300666C6173680000002825732944
:10CB40002068617320617373657274206661696C1B
:10CB500065642061742025732E00000055030000D9
:10CB60002E2E5C436F6D70656E74735C4D6F6475D3
:10CB70006C65735C466C61736844422D312E312EB6
:10CB8000325C736675645C7372635C736675642E85
:10CB900063000000548603004572726F723A20529F
:10CBA00065616420666C617368206465766963659D
:10CBB000204A45444543204944206572726F722ED5
:10CBC00000000000F0B597B005460E4614461F461B
:10CBD00000201690002C12D15EA0F0F705F861A09D
:10CBE0002968F0F701F8A62260A16DA0EFF7FCFF1D
:10CBF0006E4A6FA170A0EFF7F7FF00BFFEE7382382
:10CC000008AA31462846F5F79DF866600998A060A5
:10CC10007149A068884204D000202070082017B015
:10CC2000F0BD01202070042108A8F5F7BBF8607062
:10CC30000B990A986161206106210FA8F5F7B2F8F7
:10CC4000C1B224200155062113A8F5F7ABF8C1B2F3
:10CC5000252001552420005D022806D10D990C984D
:10CC6000E161A0610E98206225E02520005D022888
:10CC700006D111991098E161A061129820621AE022
:10CC80002420005D012816D12520005D012812D145
:10CC900030A0EFF7A9FF33A02968EFF7A5FFC02266
:10CCA00032A13FA0EFF7A0FF404A4CA142A0EFF70E
:10CCB0009BFF00BFFEE760683830E0626068E968AB
:10CCC00040182063E16A206B401AA0626078022855
:10CCD0003DD1002F3BD0E06A059030E068460078F7
:10CCE000002800D131E003990298E161A061059824
:10CCF0002062E06A1830E062216B0498081A206311
:10CD0000059818300590A16A04981830814205D919
:10CD1000A16A04981830081AA06210E00DA0EFF77D
:10CD200063FF10A02968EFF75FFF2DA0049A059913
:10CD3000EFF75AFF0020A0620220169005E0694636
:10CD4000284600F0E1F90028C8D000BF00BF1698BF
:10CD500065E700005B466C61736844425D5B747319
:10CD60006C5D00005B25735D200000002E2E5C438F
:10CD70006F6D70656E74735C4D6F64756C65735C1C
:10CD8000466C61736844422D312E312E325C7372D1
:10CD9000635C6664625F747364622E63000000000B
:10CDA0002825733A2564292000000000C35D030094
:10CDB000736563746F72000028257329206861739E
:10CDC00020617373657274206661696C65642061AB
:10CDD000742025732E0A000054534C30300000009C
:10CDE0004572726F723A20746869732054534C20F4
:10CDF00028307825303858292073697A652028250D
:10CE00007529206973206F7574206F6620626F75B5
:10CE10006E642E0A00000000FFB583B004460D4684
:10CE2000164627A103C9029101902802010E684607
:10CE300041712804010E68468171C571002C0AD128
:10CE4000214822A323A2FF215B31009029A001F0F9
:10CE500031FB00BFFEE70120000685420AD31A48D5
:10CE600032A31CA2FF215C31009022A001F022FB22
:10CE700000BFFEE7002E0AD1134830A315A2FF2100
:10CE80005D3100901BA001F015FB00BFFEE7606A5A
:10CE900000280AD10C482CA30EA2FF215E3100907D
:10CEA00014A001F007FB00BFFEE706980090334690
:10CEB000052201A920462030676AB84707B0F0BDB7
:10CEC0005A000000FF00000010670300666C6173E9
:10CED000680000002825732920686173206173733E
:10CEE000657274206661696C6564206174202573C5
:10CEF0002E0000002E2E5C436F6D70656E74735CA7
:10CF00004D6F64756C65735C466C61736844422D4B
:10CF1000312E312E325C736675645C7372635C73A0
:10CF20006675645F736664702E630000616464728A
:10CF3000203C20314C203C3C20323400726561643E
:10CF40005F62756600000000666C6173682D3E7359
:10CF500070692E77720000007FB505462C46443478
:10CF60000026002002900390002D09D1264827A317
:10CF700028A26D2100902FA001F09CFA00BFFEE7CF
:10CF800000202070082302AA31462846FFF744FFFC
:10CF9000002805D035A001F0B3FA002004B070BD20
:10CFA0006846007A53280BD16846407A462807D154
:10CFB0006846807A442803D16846C07A502806D053
:10CFC000324A7A211BA001F075FA0020E6E7684694
:10CFD000007BA0706846407B60706078012806DDA9
:10CFE000A27861782AA001F08BFA0020D6E7684683
:10CFF000807BA17800910190637833A283210DA0FA
:10D0000001F058FA0120C9E7DC660300666C617321
:10D0100068000000282573292068617320617373FC
:10D02000657274206661696C656420617420257383
:10D030002E0000002E2E5C436F6D70656E74735C65
:10D040004D6F64756C65735C466C61736844422D0A
:10D05000312E312E325C736675645C7372635C735F
:10D060006675645F736664702E6300004572726F4C
:10D07000723A2043616E27742072656164205346C2
:10D080004450206865616465722E00001C880300AE
:10D090004572726F723A20546869732072657665C2
:10D0A0007273696F6E285625642E256429205346B5
:10D0B0004450206973206E6F7420737570706F72A6
:10D0C0007465642E00000000436865636B2053465E
:10D0D000445020686561646572206973204F4B2E4F
:10D0E0002054686520726576657273696F6E206979
:10D0F00073205625642E25642C204E504E206973D3
:10D100002025642E0000000030B587B005460C468F
:10D1100018236A4628466169F4F714FE062168461A
:10D12000F4F740FE20702078012802D020780028F3
:10D1300008D1E86E20610021C943A1610021A160EE
:10D14000E16007E0049820610599A16103990298C4
:10D15000E160A060002007B030BD0000FEB50546CC
:10D1600000242E462036002D09D1214821A323A2D8
:10D170002A4900902AA001F09DF900BFFEE7662031
:10D1800069460871002000900346012201A930463B
:10D190007768B8470446002C04D1284602F0FAFE0E
:10D1A000044604E02BA001F0ABF92046FEBD992017
:10D1B000694648710020009003460122491D30460F
:10D1C0007768B8470446002C03D1284602F0E2FEF7
:10D1D0000446002C06D128A26921C90010A001F044
:10D1E00069F902E01BA001F08BF92046DEE70000A0
:10D1F0004B660300666C6173680000002825732984
:10D200002068617320617373657274206661696C54
:10D2100065642061742025732E0000003503000032
:10D220002E2E5C436F6D70656E74735C4D6F64750C
:10D230006C65735C466C61736844422D312E312EEF
:10D24000325C736675645C7372635C736675642EBE
:10D25000630000004572726F723A20466C61736819
:10D260002064657669636520726573657420666104
:10D27000696C65642E000000466C6173682064650B
:10D280007669636520726573657420737563636581
:10D2900073732E0010B56420F3F7C2FB10BD0000BD
:10D2A00010B540210948EEF7F1FF0520F0F7F4FC36
:10D2B00040210648EEF7ECFFC820F0F7EDFC0448EB
:10D2C0000078400840000249087010BD800C004002
:10D2D00024B40020F0B587B0044600260027114A88
:10D2E000314604A800F06CFB06460220F2B201AB06
:10D2F00004A900906220FCF7F7FC0546002D02D03F
:10D30000284607B0F0BD01A800F048FB07467805A5
:10D31000400D002801D0012000E0002020700020F6
:10D32000EFE70000B8E40000F0B589B004460D4610
:10D33000164600200290124A06A8029900F040FB0F
:10D340000290062000900298C2B203AB06A96220A8
:10D35000FCF7CAFC0746002F02D0384609B0F0BDE2
:10D3600003A800F01BFB208003A8023000F016FB8E
:10D37000288004A800F012FB30800020EEE70000B7
:10D380008236000038B500250A4A2946684600F072
:10D3900017FB05462A466946622000F0C4FB044696
:10D3A000002C01D0204638BD034800F05FFB002070
:10D3B000F9E700009D210000404B4C00F0B589B01A
:10D3C00004460D460027124A394606A800F0F8FA2E
:10D3D00007462246394606A800F002FB0746FF2012
:10D3E00091300221FAB203AB0091019006A96220AC
:10D3F000FCF7F2FC0646EFF739FC002E02D030466F
:10D4000009B0F0BD03A800F0C9FA28800020F7E7B2
:10D410002F360000F7B586B00C46154604AA05A9BC
:10D42000069800F03FF80646002E02D0304609B0BC
:10D43000F0BD6846808AE7F744FF16490090E7F799
:10D4400019FD07468F21C905E7F751FD12490190E3
:10D45000E7F708FD11490290E7F70CFD0390E7F7A5
:10D4600059FF20606846008AE7F72BFF0C490190BE
:10D47000E7F700FD8F21C9050290E7F738FD07495E
:10D480000390E7F7F7FC0746E7F744FF2860002022
:10D49000CDE7000000002F430000344200007A4432
:10D4A0000000C842F0B589B004460D46164600207B
:10D4B0000290184A06A8029900F082FA029003A886
:10D4C00000F06CFA208003A8023000F067FA288090
:10D4D00004A800F063FA3080062000900298C2B2DF
:10D4E00003AB06A96220FCF7FFFB0746002F02D022
:10D4F000384609B0F0BD03A800F050FA208003A818
:10D50000023000F04BFA288004A800F047FA30807F
:10D510000020EEE705EC000038B500250A4A294650
:10D52000684600F04DFA05462A466946622000F03A
:10D53000FAFA0446002C01D0204638BD034800F01A
:10D5400095FA0020F9E7000046360000204E000062
:10D5500038B500250A4A2946684600F031FA0546E2
:10D560002A466946622000F0DEFA0446002C01D00B
:10D57000204638BD7D20C00000F078FA0020F8E792
:10D58000B121000038B500250A4A2946684600F056
:10D5900017FA05462A466946622000F0C4FA044696
:10D5A000002C01D0204638BD034800F05FFA00206F
:10D5B000F9E70000863F000020A1070038B50024ED
:10D5C000074A2146684600F0FBF9044622466946B0
:10D5D000622000F0A8FA034800F048FA002038BDA5
:10D5E000F6360000204E0000FFB583B006460C461C
:10D5F00015460D9F606802900020019000BF002337
:10D60000224630460299FFF7DDFA002D02D06078FD
:10D61000A84212D10E98002805D001232246304698
:10D620000299FFF7CFFA002F07D020460C9A0699EF
:10D63000B847002801D007B0F0BDF168019808187C
:10D64000019021463046019AFBF7D8FF0290401C1A
:10D650000028D4D100BFEEE710B5704880791021C2
:10D66000884310306D498871FBF736FF012802D1DD
:10D67000002000F089FBFBF763FF002802D10120A6
:10D6800000F096FB00BFFBF705FF0028FBD07D21D3
:10D69000C9006348E7F714FB032262496048E7F7D3
:10D6A000E7FA00205E49C8705F48007808715E485C
:10D6B0000078401C5C4908705C4800785C4908852B
:10D6C0000846028D5B495648401DE7F7D1FA584895
:10D6D000008D401D564908851420F6F78DFA5448F0
:10D6E000018D4F48F0F7EAFA5148028D4C4952A09B
:10D6F000EAF736FB1420F6F77FFAFBF7D9FE00288D
:10D7000007D04FA150A0EFF76FFA51A0EFF76CFAD6
:10D7100004E0FBF7EFFE002864D000BF48A14AA058
:10D72000EFF762FA50A0EFF75FFA5948FCF734FFC1
:10D7300004463E480078401C844210DB01223B49ED
:10D740005348FDF739F8394802783A495048FDF70F
:10D7500033F850480078401C4E49087006E04EA14E
:10D7600039A0EFF741FA4EA0EFF73EFA2E480078C5
:10D77000401E2D4908702948C079401C2749C871AE
:10D780000846C07905281DDB0020C871494800788B
:10D790004008400047490870022146484030C171A6
:10D7A0000021017244480068E121C9004018434942
:10D7B000086043A124A0EFF717FA4048016841A090
:10D7C000EFF712FA7D21C90019483030E7F778FAEF
:10D7D00000204449088311488079102188430F496B
:10D7E000887110BD00200D49C87135A116A0EFF752
:10D7F000FBF93DA0EFF7F8F964200D49C88507480B
:10D80000808A052802DA0520044988820348807945
:10D81000102188430149887100BFE2E7E8860020B3
:10D82000608800202E070200330000203100002015
:10D83000208C00201884002053656E6400000000D6
:10D840005741524E000000000A5B25735D00000046
:10D8500057616974204275737920494F2054696D6E
:10D86000656F7574000000004C6F52612053656E47
:10D870006444617461204661696C2C20577269743C
:10D8800065204461746520546F20436163686500BE
:10D89000FC830020300000204552524F520000000F
:10D8A0004C77726220416C72656164792046756CB8
:10D8B0006C00000024B4002058000020CC000020A0
:10D8C0004C4F4700557064617465205265636F6EFC
:10D8D0006E6563742054696D657374616D703A2070
:10D8E000256C6400209000204C6F52612053656EBF
:10D8F0006444617461205375636365737300000051
:10D9000070B505460C4600261CE080210F48EEF756
:10D91000BDFC0120F3F784F880210C48EEF7B8FC39
:10D920000120F3F77DF880202040002803D18021DA
:10D930000648EEF7ABFC4620F3F772F86006040EDB
:10D94000701CC6B2AE42E0DB70BD0000400C00406F
:10D95000FEB504460D4600200090019008270E49B0
:10D960000A7868460270497841702002C1B2684660
:10D970008170C4702802C1B2684601714571394690
:10D98000F0F7E0FC06463002C1B268468171C6710C
:10D990003946F0F779FDFEBDEB0702000146087835
:10D9A00000024A78104370470146087800064A781A
:10D9B000120410438A7812021043CA781043704749
:10D9C00030B50346FF2000021040051208464C1CEB
:10D9D000A1B21D5408464C1CA1B21A54084630BDD1
:10D9E00070B505460C461646FF2000023040021274
:10D9F0002046611C8CB22A542046611C8CB22E54E5
:10DA0000A11E4819022100F013F82855601C84B2A9
:10DA1000204670BD70B505460E4614463146284670
:10DA200000F006F8A04201D0012070BD0020FCE704
:10DA300070B502460B46FF20002114E0555C68409B
:10DA400008240CE080250540002D04D04500312637
:10DA50007540E8B201E04506280E651EECB2002CC8
:10DA6000F0DC4D1CA9B29942E8DB70BD70B50446EC
:10DA7000EFF7FCF87D20C000844207D9014620461C
:10DA8000E7F744F80546F6F7B7F809E07D21C90045
:10DA90002046E7F73BF8401C85B22846FCF7ECFE31
:10DAA00070BDF7B582B00D461446E10F0919491053
:10DAB0004A00891889B200912046E10F09184910DF
:10DAC0004900611A02D0042005B0F0BD2946009A31
:10DAD0000298FCF719F80746002F01D03846F3E703
:10DAE00000260020019019E0B11C6A5CA8190221EF
:10DAF000FFF790FF0746002F01D03846E4E7AA5D04
:10DB00000198411C89B201912A54701C2A5C019829
:10DB1000411C89B201912A54F01C86B200988642B9
:10DB2000E2DB0020D0E770B504460D4616463246CB
:10DB300029462046FCF728F870BD000070B506465F
:10DB40000C46012526701E2E77D014DC0A2E61D0DB
:10DB500008DC3300F3F7C3FE0A8C2C333B8C418C7A
:10DB60008C8C4B8C304619380300F3F7B8FE0567F0
:10DB700073858C9981002B2E77D00CDC212E75D0EB
:10DB800004DC1F2E73D0202E72D1A9E0292E70D074
:10DB90002A2EF9D1D5E0812E6CD004DC2C2E6AD04F
:10DBA0002D2EF1D1DBE0862E79D0FF2EECD1DCE0FA
:10DBB000032060700F20A070A81CC5B2DBE0062215
:10DBC0006E49601CE7F754F8A81DC5B2D3E06C4855
:10DBD00000786070681CC5B2CDE06A48008B001206
:10DBE00060706848007EA070A81CC5B2C3E065489C
:10DBF000C43040690002000E60706248C430808A00
:10DC00000004000EA0705F48C430007DE070E81C86
:10DC1000C5B2B0E05B48C43080690002000E60709D
:10DC20005848C430008B0004000EA0705548C43022
:10DC3000007EE070E81CC5B29DE03DE05148C03078
:10DC40008088001260704F48C0300079A070A81C16
:10DC5000C5B290E04B48C430007F6070681CC5B20C
:10DC600000214848C430C16185E072E044E030E002
:10DC700080E060E047E058E04248C430007C6070DB
:10DC8000681CC5B277E03F48C430808C00126070D9
:10DC90003C48C430808CA070A81CC5B26BE03AE050
:10DCA0003848C430C08C001260703648C430C08C14
:10DCB000A070A81CC5B25EE03248C430808D00045C
:10DCC000000E60702F48C430808DA070A81CC5B2B3
:10DCD00051E02C48E430807A6070681CC5B24AE09C
:10DCE0002848C4300089001260702648C430007A89
:10DCF000A070A81CC5B23EE02248C4308079607094
:10DD0000681CC5B237E01F4880798007C00F60707B
:10DD1000681CC5B22FE01B48C08A00126070194809
:10DD2000807DA070A81CC5B225E01648807A60707E
:10DD3000681CC5B21FE01348007A6070681CC5B249
:10DD400019E0104880790007C00F6070681CC5B2E8
:10DD500011E00C48407B6070681CC5B20BE00948BC
:10DD6000C07A6070681CC5B205E0FF206070681C56
:10DD7000C5B200E000BF00BF284670BD29B4002036
:10DD800014000020E886002010B50446002C04D1C1
:10DD900010210648EEF77AFA03E010210348EEF767
:10DDA00077FA0520EFF778FF10BD0000800C0040E7
:10DDB00010B50446002C04D104210648EEF766FA9B
:10DDC00003E004210348EEF763FA0520EFF764FF50
:10DDD00010BD0000800C0040FEB504460D46002634
:10DDE000002C09D11F4820A321A22949009029A075
:10DDF00000F060FB00BFFEE70121204600F094F830
:10DE00000646002E01D03046FEBD002D02D0B720C0
:10DE1000019001E0E92001900020009003460122DA
:10DE200001A920462030676AB8470646002E0ED169
:10DE300035200555002D01D023A000E024A0034685
:10DE400025A21349123113A000F034FB08E0002D85
:10DE500001D01DA000E01EA0014628A000F050FB4C
:10DE60003046D1E771660300666C6173680000009C
:10DE7000282573292068617320617373657274208B
:10DE80006661696C65642061742025732E00000052
:10DE90009B0300002E2E5C436F6D70656E74735C87
:10DEA0004D6F64756C65735C466C61736844422D9C
:10DEB000312E312E325C736675645C7372635C73F1
:10DEC0006675642E63000000456E74657200000084
:10DED0004578697400000000257320342D42797460
:10DEE000652061646472657373696E67206D6F6429
:10DEF0006520737563636573732E00004572726FDE
:10DF0000723A20257320342D42797465206164644F
:10DF100072657373696E67206D6F646520666169F1
:10DF20006C65642E00000000FEB504460D46002618
:10DF3000002C09D11F4820A321A22949009029A023
:10DF400000F0B8FA00BFFEE7002D02D006200290D4
:10DF500001E004200290002000900346012202A963
:10DF600020462030676AB8470646002E04D101A932
:10DF7000204600F0F7FB0646002E19D1002D0AD0EE
:10DF80006846007902210840002804D122A000F050
:10DF9000B7FA0220FEBD002D0AD1684600790221A1
:10DFA0000840002804D025A000F0AAFA0220F1E7DA
:10DFB0003046EFE75F660300666C6173680000003F
:10DFC000282573292068617320617373657274203A
:10DFD0006661696C65642061742025732E00000001
:10DFE000720300002E2E5C436F6D70656E74735C5F
:10DFF0004D6F64756C65735C466C61736844422D4B
:10E00000312E312E325C736675645C7372635C739F
:10E010006675642E630000004572726F723A204389
:10E02000616E277420656E61626C65207772697419
:10E0300065207374617475732E0000004572726FF1
:10E04000723A2043616E27742064697361626C6563
:10E05000207772697465207374617475732E000083
:10E06000FEB5054600262C462034002D0AD1304846
:10E0700030A332A2FF21C231009038A000F01AFA7A
:10E0800000BFFEE73420405D00280AD1284840A3A5
:10E090002AA2FF21C431009030A000F00BFA00BF8B
:10E0A000FEE7A068002802D02046A1688847012129
:10E0B0002846FFF739FF0646002E00D02CE0C72087
:10E0C00069460871A88A08210840002810D09421C8
:10E0D00068464171802181719A21C17100200090B0
:10E0E0000346042201A920466768B847064608E0AF
:10E0F000002000900346012201A920466768B84726
:10E100000646002E03D026A000F0FAF904E02846C7
:10E1100001F040FF064600BF00212846FFF704FF3C
:10E12000E068002802D02046E16888473046FEBDFE
:10E130000E660300666C6173680000002825732971
:10E140002068617320617373657274206661696C05
:10E1500065642061742025732E0000002E2E5C4320
:10E160006F6D70656E74735C4D6F64756C65735C18
:10E17000466C61736844422D312E312E325C7366D9
:10E1800075645C7372635C736675642E6300000073
:10E19000666C6173682D3E696E69745F6F6B000019
:10E1A0004572726F723A20466C61736820636869C9
:10E1B000702065726173652053504920636F6D6DE7
:10E1C000756E6963617465206572726F722E0000EE
:10E1D00070B5044600252046FBF754FA0546002D8D
:10E1E00003D1204600F0E4FC0546002D07D10121B3
:10E1F0003420015506A0216800F082F906E00021D4
:10E20000342001550CA0216800F07AF9284670BD31
:10E21000257320666C617368206465766963652088
:10E22000697320696E697469616C697A65207375B8
:10E2300063636573732E00004572726F723A202516
:10E240007320666C61736820646576696365206914
:10E250007320696E697469616C697A6520666169A9
:10E260006C2E0000F7B588B00446154600200790D4
:10E27000204620300690002C0AD15C485CA35EA2A8
:10E28000FF21FE31009064A000F014F900BFFEE70A
:10E290003420005D002809D154486CA356A26F4970
:10E2A00000905DA000F006F900BFFEE70998411953
:10E2B0002069814205D96AA000F022F905200BB03F
:10E2C000F0BD0998002806D12069A84203D1204654
:10E2D000FFF7C6FEF3E706988068002802D006988C
:10E2E0008168884771E04420005D002812D02A46EA
:10E2F0002046099900F094FA01900198C100204647
:10E3000054300818007902900198C100204654301A
:10E31000465802E0207F0290A66901212046FFF7BF
:10E3200003FE07900798002800D051E06946029844
:10E33000087404AA013220460999FCF7CDFA352069
:10E34000005D002801D0052000E00420039000209B
:10E35000009006980023476804A9039AB8470790DD
:10E360000798002803D048A000F0CAF830E0204603
:10E3700001F010FE07900798002800D028E03146F1
:10E380000998E6F7C3FB002916D031460998E6F74D
:10E39000BDFB701AA8420ED231460998E6F7B6FBCB
:10E3A000701A2D1A31460998E6F7B0FB711A0998D0
:10E3B0000818099008E00BE0B54204D9AD1B099894
:10E3C0008019099000E003E000BF002D8BD100BF51
:10E3D00000212046FFF7A8FD0698C068002802D05B
:10E3E0000698C1688847079869E700001E66030021
:10E3F000666C6173680000002825732920686173CA
:10E4000020617373657274206661696C6564206154
:10E41000742025732E0000002E2E5C436F6D7065F6
:10E420006E74735C4D6F64756C65735C466C617380
:10E430006844422D312E312E325C736675645C73F4
:10E4400072635C736675642E63000000666C6173B2
:10E45000682D3E696E69745F6F6B0000FF010000FC
:10E460004572726F723A20466C6173682061646411
:10E4700072657373206973206F7574206F662062F4
:10E480006F756E642E0000004572726F723A2046FE
:10E490006C61736820657261736520535049206315
:10E4A0006F6D6D756E6963617465206572726F72F0
:10E4B0002E0000000FB438B504460D4607A80090A2
:10E4C000FF2101310848009B069AF3F7C7F90020A5
:10E4D0000090054B2A46214604A0EEF785FB38BC88
:10E4E00008BC04B01847000085F100200D0A5B53FA
:10E4F0004655445D2825733A256C64292025730010
:10E500000FB408B503A80090FF2101310748009B14
:10E51000029AF3F7A3F900200090044904A0EEF753
:10E5200063FB01B008BC04B01847000085F100206F
:10E530000D0A5B534655445D20257300FFB585B039
:10E54000044616460020049025462035002C0AD1AA
:10E55000304831A332A2FF219131009038A0FFF75B
:10E56000A9FF00BFFEE7089800280AD1294841A367
:10E570002BA2FF219231009031A0FFF79BFF00BF3B
:10E58000FEE73420005D00280AD122483BA324A2E4
:10E59000FF21943100902AA0FFF78CFF00BFFEE717
:10E5A000069881192069814205D938A0FFF7A8FF94
:10E5B000052009B0F0BDA868002802D02846A96847
:10E5C0008847204601F0E6FC04900498002818D102
:10E5D00003206946087202AA013220460699FCF718
:10E5E0007BF93520005D002801D0052000E00420E3
:10E5F000019000966F6802A92846089B019AB847C7
:10E600000490E868002802D02846E9688847049802
:10E61000CFE7000004660300666C617368000000C9
:10E6200028257329206861732061737365727420D3
:10E630006661696C65642061742025732E0000009A
:10E640002E2E5C436F6D70656E74735C4D6F6475D8
:10E650006C65735C466C61736844422D312E312EBB
:10E66000325C736675645C7372635C736675642E8A
:10E67000630000006461746100000000666C6173F7
:10E68000682D3E696E69745F6F6B00004572726F32
:10E69000723A20466C6173682061646472657373BA
:10E6A000206973206F7574206F6620626F756E64C9
:10E6B0002E0000003EB50446002C09D10F4810A3DF
:10E6C00011A25121009018A0FFF7F4FE00BFFEE751
:10E6D0002046FEF741FC00280AD001A92046FDF79C
:10E6E00005FE002804D001A92046FDF7C3FE3EBD6B
:10E6F0001B482168FFF704FF0020F8E7CD66030000
:10E70000666C6173680000002825732920686173B6
:10E7100020617373657274206661696C6564206141
:10E72000742025732E0000002E2E5C436F6D7065E3
:10E730006E74735C4D6F64756C65735C466C61736D
:10E740006844422D312E312E325C736675645C73E1
:10E7500072635C736675645F736664702E63000039
:10E76000688803007CB504460D4605200190002C06
:10E770000AD1104810A312A20F218901009018A0FD
:10E78000FFF798FE00BFFEE7002D09D1094821A33D
:10E790000BA22249009012A0FFF78CFE00BFFEE7FB
:10E7A000012000902B46024601A920462030666ACF
:10E7B000B0477CBD89660300666C61736800000029
:10E7C0002825732920686173206173736572742032
:10E7D0006661696C65642061742025732E000000F9
:10E7E0002E2E5C436F6D70656E74735C4D6F647537
:10E7F0006C65735C466C61736844422D312E312E1A
:10E80000325C736675645C7372635C736675642EE8
:10E81000630000007374617475730000C10300002D
:10E82000FEB505460E461746002001904420405D87
:10E8300000280AD119481AA31FA2FF216F310090A6
:10E8400025A0FFF737FE00BFFEE73046696DE6F70B
:10E850005DF9002901D00020FEBD032400BFE100C6
:10E86000284654304058002810D0E1002846543043
:10E870004058B8420AD8E200284654308158304601
:10E88000E6F744F9002901D1019404E0002C00D1FD
:10E8900001E0641EE3E700BF0198DDE71F670300A6
:10E8A000666C6173682D3E736664702E6176616973
:10E8B0006C61626C65000000282573292068617313
:10E8C00020617373657274206661696C6564206190
:10E8D000742025732E0000002E2E5C436F6D706532
:10E8E0006E74735C4D6F64756C65735C466C6173BC
:10E8F0006844422D312E312E325C736675645C7330
:10E9000072635C736675645F736664702E63000087
:10E9100070B504460025084800F08CF9074961628B
:10E920000749A1620749E162034921630648A063E0
:10E930000649E163284670BDB405002059EC01008A
:10E9400051EC010055EC010095D20100C0270900EF
:10E95000FEB504460E4617461D4600200190207D58
:10E96000C007C00F002809D0FF2301333A463146C3
:10E9700020460095FCF7BCF801900DE0A08A042128
:10E980000840002807D02B463A4631462046F6F785
:10E9900087FB019000E000BF0198FEBDF7B582B093
:10E9A0000446002526462036002C0AD11B481CA30D
:10E9B0001DA27F21C900009023A0FFF77BFD00BFAF
:10E9C000FEE7039800280CD050206946087100200B
:10E9D00000900346012201A930467768B8470546F2
:10E9E00004E001212046FFF79FFA0546002D0DD1D6
:10E9F0000120694608710498487100200090034680
:10EA0000022201A930467768B8470546002D02D09A
:10EA10001AA0FFF775FD284605B0F0BDBB660300E0
:10EA2000666C617368000000282573292068617393
:10EA300020617373657274206661696C656420611E
:10EA4000742025732E0000002E2E5C436F6D7065C0
:10EA50006E74735C4D6F64756C65735C466C61734A
:10EA60006844422D312E312E325C736675645C73BE
:10EA700072635C736675642E630000004572726F8A
:10EA8000723A2057726974655F737461747573208C
:10EA90007265676973746572206661696C65642E5E
:10EAA000000000007CB504460D46694601A800F050
:10EAB00011F80646002E01D030467CBD684680889D
:10EAC000F6F78AFF206068460088F6F791FF286015
:10EAD0000020F2E7FEB505460E460027FD22394626
:10EAE0007F1C684642543A4669464420FFF71BF8AB
:10EAF0000446002C01D02046FEBD0C48FEF7B6FFB0
:10EB0000042269464420FEF7CCFF0446002C01D0C5
:10EB10002046F1E76846FEF741FF288000A8023052
:10EB2000FEF73CFF30800020E6E7000010270000E1
:10EB30007CB50546002689223146761C684642543B
:10EB4000324669464420FEF7EEFF0446002C01D011
:10EB500020467CBD0948FEF789FF0422694644200F
:10EB6000FEF79FFF0446002C01D02046F1E76846DF
:10EB7000FEF71AFF28600020EBE7000010270000D6
:10EB800038B50025942229466D1C684642542A4611
:10EB900069464420FEF7C7FF0446002C01D02046FA
:10EBA00038BD0248FEF762FF0020F9E71027000099
:10EBB00038B504460025002C0AD1064806A308A251
:10EBC000FF217D3100900EA0FFF774FC00BFFEE72F
:10EBD000284638BDF6650300666C61736800000066
:10EBE000282573292068617320617373657274200E
:10EBF0006661696C65642061742025732E000000D5
:10EC00002E2E5C436F6D70656E74735C4D6F647512
:10EC10006C65735C466C61736844422D312E312EF5
:10EC2000325C736675645C7372635C736675642EC4
:10EC3000630000007047000010B50448FFF7C8FAF1
:10EC4000002800D110BD0020C043FBE74005002094
:10EC500072B6704762B67047FFB583B00D46164670
:10EC60001C460C9F00200290039800690190002E22
:10EC70000BD0002D09D1134813A316A24B210090ED
:10EC80001CA0FFF717FC00BFFEE7002F0BD0002CE5
:10EC900009D10C4825A30FA24F21009015A0FFF722
:10ECA00009FC00BFFEE7FF2239462046E6F701F8DF
:10ECB000BBB2B1B222462846F1F788FC029807B0F1
:10ECC000F0BD00003D67030077726974655F62758F
:10ECD0006600000028257329206861732061737322
:10ECE000657274206661696C6564206174202573A7
:10ECF0002E0000002E2E5C436F6D70656E74735C89
:10ED00004D6F64756C65735C466C61736844422D2D
:10ED1000312E312E325C736675645C706F72745C78
:10ED2000736675645F706F72742E630072656164E0
:10ED30005F62756600000000F8B506460C46E6F70F
:10ED4000A0FD051E0F4600D00120014349000B48DD
:10ED50004908411AC90F0DD0002E01D0012100E051
:10ED600000210C4361004908401AC00F02D1012064
:10ED7000F2F7CEFF28463946F8BD00000000F07FCC
:10ED80001CB50020009001906846F0F74BFA00286F
:10ED900070D168460078F021084001110A204143F3
:10EDA000684600780007000F0818C0B27D210901ED
:10EDB00040183449486168464078F0210840011104
:10EDC0000A204143684640780007000F0818C0B287
:10EDD000401E2C49086168468078F02108400111E6
:10EDE0000A204143684680780007000F0818C0B227
:10EDF0002449C8606846C078F021084001110A2003
:10EE000041436846C0780007000F0818C0B21D498A
:10EE1000886068460079F021084001110A204143CA
:10EE2000684600790007000F0818C0B2154948600D
:10EE300068464079F021084001110A2041436846A4
:10EE400040790007000F0818C0B20E4908606846F4
:10EE50008079F021084000110A21484369468979E8
:10EE60000907090F4018C0B206498861FAF776FB16
:10EE700007E0FFE704A106A0EDF7B6FE06A0EDF758
:10EE8000B3FE1CBD348800204552524F5200000092
:10EE90000A5B25735D0000005254432047657420CF
:10EEA0005254432054696D65204552524F52000020
:10EEB00010B5FFF765FF114800681149884204D377
:10EEC000104840691049884215DB2C210D48E5F7B0
:10EED000F7FE0D481C380B4948610120C8600B46FD
:10EEE000DA681B69591C074B586901F0D1F80549CC
:10EEF0008861FAF733FBF0F7F3F910BD58000020F2
:10EF0000805CB06334880020020800001FB52C200C
:10EF10000121322200920023019202910390034AC0
:10EF200003A10648F6F730F81FBD0000E9F901001B
:10EF30004170702054696D657200000040730020BC
:10EF4000EEF7F2FAEDF792FE08E0EEF7CBFCFAF7F7
:10EF500005FAE8F7ADFF6420F4F74EFEF5E7000090
:10EF60001CB50124E9F7E4FDE9F7C6FFA01E01ABDB
:10EF70000122202100902C48F5F7AEFD52E02B48ED
:10EF800040692B49884203DA2848406900280EDC92
:10EF9000002C07D00024E9F783FE012189032548CE
:10EFA000EDF776F900202149C43988732DE01F4818
:10EFB000C4388079C007C00F002801D1002C19D1B6
:10EFC0001A48C4388079400840001849C43988710B
:10EFD00000208873E9F7ACFD1448C438807B012811
:10EFE00008DB1248C438807B042803DC01200F4969
:10EFF000C439087301240D48C438807AFF2802D12F
:10F00000E9F75CFE01E0E9F7B1FF7D20C000F4F70D
:10F01000F3FD0020C04301AB0122202100900248F3
:10F02000F5F75AFDABE70000D4730020AC87002051
:10F0300050C30000800C004004E003480068401CFE
:10F0400001490860F9E700000400002000250024C1
:10F05000E3E0EDF70BFE681C85B27048007A0128EA
:10F060000ED180216E48EDF713F9FF2101316C4874
:10F07000EDF70EF9012149026948EDF709F988E039
:10F080006648007A022838D16448E43000780028C5
:10F0900004D0012811D002281ED11EE08021604832
:10F0A000EDF7F4F8FF2101315D48EDF7F1F80121AA
:10F0B00049025B48EDF7ECF81EE0FF2101315848AA
:10F0C000EDF7E4F880215648EDF7E2F80121490216
:10F0D0005348EDF7DDF80FE000BF01214902504829
:10F0E000EDF7D4F8FF2101314D48EDF7D1F880213B
:10F0F0004B48EDF7CDF800BF4BE0642D00DB002559
:10F10000632D38DB4548E4300078002804D001281E
:10F1100011D002281ED11EE080214148EDF7B6F83B
:10F12000FF2101313E48EDF7B3F8012149023C4887
:10F13000EDF7AEF81EE0FF2101313948EDF7A6F8F2
:10F1400080213748EDF7A4F8012149023448EDF752
:10F150009FF80FE000BF012149023148EDF796F812
:10F16000FF2101312E48EDF793F880212C48EDF76F
:10F170008FF800BF0DE080212948EDF789F8FF21C5
:10F1800001312748EDF784F8012149022448EDF7C1
:10F190007FF8224880790007C00F00283AD0601C11
:10F1A00084B21E48E4300078012811D1FF202D30B0
:10F1B000844205D132217D200001F6F797F829E03D
:10F1C000FF202E30844225D10024E7F73BFE21E0CA
:10F1D0001248E430007802281BDBFF202D308442E7
:10F1E00002D0801C844205D132217D200001F6F737
:10F1F0007DF808E0FF202E30844202D0801C84423B
:10F2000001D1E7F71FFEFF203030844202D10024F5
:10F2100000E000246420F4F7EFFC1AE7E886002001
:10F22000800C0040EEF764FE10E0094800794006CB
:10F23000C00F002807D006480079402188430449C0
:10F240000871FCF7C7FCC820F4F7D6FCEDE7000016
:10F25000E886002000240025F0F778FCF0F78EF90E
:10F26000EEF7F8F8FCF7CAFAF2F798F8EFF724F897
:10F27000EDF734FAF0F71EFCEDF7F8FC6DE1EDF771
:10F28000F5FCB648F4F7B8FCB548C07B00285BD065
:10F290002046641C642853DBFEF774F9FF20F53028
:10F2A000F4F7AAFCDC21AF48E5F70AFD5820AD4988
:10F2B0000870FE2048700220AB490870A849488AAF
:10F2C000F0F724F9002802D0FF20A6494870A7488B
:10F2D0000078C007C00F002802D0FEF7BDF928E073
:10F2E000A3A1A5A0EDF780FCA5A0EDF77DFCAE489D
:10F2F000FBF752F906469C480078401C864210DB1A
:10F3000001229949A848FBF757FA9748027895498E
:10F31000A548FBF751FAA5480078401CA34908709E
:10F3200006E0A3A194A0EDF75FFCA3A0EDF75CFCC1
:10F3300000BF00208A49C8730024F0F7BBFB0CE132
:10F340000020F0F7ABFA08E1A0480068A04909687E
:10F35000884203D928466D1C14287ADB0025EEF775
:10F36000E9FFF0F797FDFCF767FD0120F0F796FA4B
:10F37000FCF72EFBFCF742FAFCF718FE7848C43085
:10F3800000897D21C900884215DA7548C43080792A
:10F39000032810DA7248C43040698E4988420ADA7C
:10F3A0006F48C43080698C49884204DA00216C4877
:10F3B000E430017036E06A48C430008987498842E9
:10F3C00015DA6748C4308079042810DA6448C430FC
:10F3D0004069834988420ADA6148C43080698149BA
:10F3E000884204DA01215E48E43001701AE05C488A
:10F3F000C43000897949884210DA5948C43080798C
:10F4000004280BDA5648C43040697549884205DA49
:10F410005348C43080697349884203DB0221504855
:10F42000E4300170FF202D30F4F7E6FB4C48C43087
:10F43000808C73280EDA4A48C430808C4B2809DB54
:10F440004748E4300178012001434548E430017029
:10F450000DE06DE04248C430808C732807DB4048E3
:10F46000E4300178022001433D48E43001703C481B
:10F47000C430C08C96280DDA3948C430C08C64285A
:10F4800008DB3748E4300178012001433448E43098
:10F4900001700CE03248C430C08C962807DB30483D
:10F4A000E4300178022001432D48E43001702C48FB
:10F4B000C430C06AC8280DD22948C430C06A502858
:10F4C00008D32748E4300178012001432448E43080
:10F4D00001700CE02248C430C06AC82807D3204815
:10F4E000E4300178022001431D48E430017000221D
:10F4F00020213D48F5F734FB344800683449096859
:10F5000088422AD8F1F72EFF3848FBF7D7FA14487B
:10F51000407904218843001D114948710846008B39
:10F520003C2148432A49096840182849086014E0EA
:10F53000EEF700FFF0F7AEFCEEF7FCFEF0F7AAFCEA
:10F54000FCF77AFC0020F0F7A9F9FCF741FAFCF788
:10F5500055F9FCF72BFDFCF7FFF990E6B80B00001E
:10F56000E8860020188400203100002024B4002008
:10F570005741524E000000000A5B25735D000000F9
:10F580004C6F52612053656E644461746120466122
:10F59000696C2C205772697465204461746520542D
:10F5A0006F20436163686500FC8300203000002009
:10F5B0004552524F520000004C77726220416C72EB
:10F5C000656164792046756C6C0000003400002091
:10F5D00058000020B888000060EA0000DC05000048
:10F5E000409C000070110100D473002090B40020F2
:10F5F00010B588B00446EEF721FCECF787F9F1F777
:10F60000ABF8FAF7B7FFEDF731FBFFF77FFCB4205B
:10F610000121002207230393049205910690090318
:10F620002D4A02930092019100232C4A2CA13148CB
:10F63000F5F7BEFBB42001210022052303930492B9
:10F640000591069009032C4A029300920191002330
:10F650002A4A2BA12E48F5F7ABFBB420012100224A
:10F66000092303930492059106908902294A029383
:10F67000009201910023284A28A12B48F5F798FB16
:10F68000B4200121002208230393049205910690DF
:10F690008902264A0293009201910023244A25A15F
:10F6A0002748F5F785FBB4200121002204230393AA
:10F6B0000492059106900903224A02930092019157
:10F6C0000023214A21A12548F5F772FB2448F5F7CC
:10F6D0003BFC08B010BD0000F022002041EF01000B
:10F6E00074687265616420636F6D6D756E696361C6
:10F6F0007465000038220020A833002055F2010074
:10F700007468726561642073656E736F72000000C7
:10F71000F0320020184900204DF001007468726535
:10F720006164206C6564000060480020D04D0020BA
:10F7300025F20100746872656164207069720000CE
:10F74000184D00208852002061EF01007468726536
:10F75000616420646973706C61790000D05100208D
:10F760001008002002E0C820F4F746FA1A48007892
:10F770000028F8D0642119480068E5F7C7F917494F
:10F78000086008460068002801D115490860134840
:10F790000068642148431349086000BF11480068AD
:10F7A0001149086000200F4908600C480068E5F71F
:10F7B00088FD05460C480068E5F783FD06462946A6
:10F7C000E5F795FB04460949E5F750FB0449086055
:10F7D0006420F4F711FAE1E7000000200C0000209B
:10F7E0000800002004000020100000200000C84293
:10F7F000FEB504460F4600200290A06E80470546E5
:10F800000E467868E16E884213D92DA0EDF7ECF929
:10F810002FA02168EDF7E8F9FF2261322EA13BA06D
:10F82000EDF7E2F93C4A3DA143A0EDF7DDF900BF59
:10F83000FEE73246616E206E281A8A4111DA20A056
:10F84000EDF7D2F922A02168EDF7CEF9616E206EB6
:10F850002A463346019100903F48EDF7C5F9032051
:10F86000FEBD3A462146283120460196009500F01B
:10F8700071FA02900298002801D00298F0E72A4617
:10F8800033463946204600F08DFC0290029800284D
:10F8900001D00298E4E7616DA16466642564606D3F
:10F8A00018306065A16D7868091AA165216D7868C6
:10F8B0001830091A2165666625660298D0E70000AF
:10F8C0005B466C61736844425D5B74736C5D000001
:10F8D0005B25735D200000002E2E5C436F6D70650C
:10F8E0006E74735C4D6F64756C65735C466C6173AC
:10F8F0006844422D312E312E325C7372635C666433
:10F90000625F747364622E63000000002825733AFE
:10F910002564292000000000E25D0300626C6F6234
:10F920002D3E73697A65203C3D2064622D3E6D61F9
:10F93000785F6C656E00000028257329206861736C
:10F9400020617373657274206661696C65642061FF
:10F95000742025732E0A0000A483030010B592B012
:10F96000044600200590114900902346024601916B
:10F97000029004A92046FDF737FE002020670021F1
:10F98000E162216661660023224628322046E16A50
:10F99000FDF718F906A0EDF727F909A02168EDF7A2
:10F9A00023F909A0EDF720F912B010BD257301006D
:10F9B0005B466C61736844425D5B74736C5D000010
:10F9C0005B25735D20000000416C6C2073656374DF
:10F9D0006F7220666F726D61742066696E697368FC
:10F9E00065642E0A0000000010B535480088401CF0
:10F9F000334908803348408B002804D03148408B7D
:10FA0000401E304948833048408B002804D02E489F
:10FA1000408B401E2C4948832C48408B002804D042
:10FA20002A48408B401E294948832948408B00289A
:10FA300004D02748408B401E254948832548C08D67
:10FA4000002805D02348C08D401E81B22148C185C1
:10FA50002148C069002804DD1F48C069401E1E49B6
:10FA6000C8611D48006A002804DD1B48006A401E6A
:10FA7000194908621248008814281FDB0020104929
:10FA80000880F0F731FF15480068401C13490860F2
:10FA90001048C08D002808D10F48808A002804D063
:10FAA0000D48808A401E0C4988820D480078002845
:10FAB00004D00B480078401E0949087010BD0000B2
:10FAC0005E000020FC97002020900020D89F00209E
:10FAD000B4A70020208C0020E886002058000020D9
:10FAE000D600002010B588B004463423002227A198
:10FAF0002948F5F76BF83423002228A12A48F5F7A6
:10FB000065F8282229A12C48F4F774FF2B492A48CC
:10FB1000F5F746F8B4200121002202230393049252
:10FB2000059106900903264A029300920191002351
:10FB3000244A25A12848F5F73BF9B42001210022E9
:10FB40001E2303930492059106908902234A02938F
:10FB5000009201910023224A22A12648F5F728F9B4
:10FB6000B420012100221F230393049205910690E3
:10FB70008902214A02930092019100231F4A20A189
:10FB80002248F5F715F908B010BD00006D757465D1
:10FB9000785F696E666F00006C7300206D75746528
:10FBA000785F696963000000A07300206576656E68
:10FBB000745F67726F757000D4730020A95A0100DA
:10FBC000C8080020F1F50100746872656164207353
:10FBD0007461727400000000100800208019002079
:10FBE00065F70100746872656164207374617475EF
:10FBF00073000000C8180020381E002039F00100F2
:10FC00007468726561642069646C6500801D002001
:10FC1000EFF31081C807C00F72B60121024A1160CC
:10FC2000002800D162B670470008002010B50748D0
:10FC30000068002808D00020044908600024002C37
:10FC400002D0204600F004F810BD0000000800209B
:10FC5000FEB50646002E00D1FEBDEFF31080C007B2
:10FC6000C00F72B6019036480068801934490860A8
:10FC70003448006800280CD032480068B04205D9EA
:10FC800030480068801B2F49086002E001202D49A0
:10FC900008602D48056800270020009030E02868A3
:10FCA000002823D02C6800BF2068202807D92168AD
:10FCB00020220098101A081A401C206002E00098C8
:10FCC000401C206024692868A042EDD100202968EA
:10FCD00049690861002F01D12F6805E0286879691A
:10FCE0000861286840697861002028602D1D174848
:10FCF0000068854201D3164805680098401C0090B2
:10FD000000982028CBD3124800680F4908600FE004
:10FD10003C4627692068B04203D92068801B2060D8
:10FD200001E0012020600020A0612046F4F75AFD88
:10FD3000002FEDD10198002800D162B600BF8BE7FB
:10FD4000CC070020FC070020DC070020D80700209B
:10FD5000D4070020FFB587B005460C460026607822
:10FD6000022877D1A16A099840681830814271D27F
:10FD7000E06A1838049067682420005D002844D1A8
:10FD800000BF0121062305AA0091019039461C31CC
:10FD90002846F2F7EBF90646002E02D030460BB0AB
:10FDA000F0BD00BF00BF002008232A46603239465C
:10FDB000103100902846F1F7DDFF0646002E01D0F5
:10FDC0003046ECE700BF00BF0020042304AA3946F8
:10FDD000183100902846F1F7CDFF0646002E01D0DD
:10FDE0003046DCE700BF00BF01200221062305AA40
:10FDF0000091019039461C312846F2F7B7F90646C2
:10FE0000002E01D03046CAE748E02520005D0028DA
:10FE100044D100BF0121062305AA00910190394673
:10FE20002C312846F2F7A2F90646002E01D03046C2
:10FE3000B5E700BF00BF002008232A4660323946DC
:10FE4000203100902846F1F795FF0646002E02D09B
:10FE50003046A4E76CE000BF00BF0020042304AAE2
:10FE60003946283100902846F1F784FF0646002ED7
:10FE700001D0304693E700BF00BF012002210623D6
:10FE800005AA0091019039462C312846F2F76EF907
:10FE90000646002E01D0304681E700BF00BF01209A
:10FEA0000321042306AA0091019039462846F2F75F
:10FEB0005DF90646002E01D0304670E700BF0320F2
:10FEC00060706068E96840182969884204D26068F7
:10FED000E9684018039008E07420405D002802D0D3
:10FEE0000020039001E0072059E700232A4628322A
:10FEF00028460399FCF766FE6078012817D0E96868
:10FF0000039808182969884204D2E96803980818F8
:10FF1000286701E00020286728460399F7F70EFAC2
:10FF200000232A46283228460399FCF74BFE04E0BA
:10FF30006078032801D1072031E76078012827D1B4
:10FF400002206070119910986161206100BF01204A
:10FF5000022100910190042306AA28466168F2F765
:10FF600005F90646002E01D0304618E700BF00BF55
:10FF700001200090606801460831082310AA284635
:10FF8000F1F7F8FE0646002E01D0304607E700BF25
:10FF9000304604E7FEB504460025E76B002C09D186
:10FFA000184819A31AA22249009022A0FEF782FA4B
:10FFB00000BFFEE717E001A92046FEF7D3FB054688
:10FFC000002D06D168460079C007C00F002800D177
:10FFD0000AE0A66B002F01D1042505E0002E00D019
:10FFE000B0477F1E00BFE6E700BF002D05D1684681
:10FFF0000079C007C00F002802D01BA0FEF780FACE
:020000040002F8
:100000002846FEBD9A660300666C617368000000B6
:1000100028257329206861732061737365727420C9
:100020006661696C65642061742025732E00000090
:10003000CB0300002E2E5C436F6D70656E74735C95
:100040004D6F64756C65735C466C61736844422DDA
:10005000312E312E325C736675645C7372635C732F
:100060006675642E630000004572726F723A204616
:100070006C61736820776169742062757379206898
:10008000617320616E206572726F722E0000000035
:10009000F7B584B00E46374606980390022F03DC6E
:1000A0000498401E04900C3764210498E4F744FD42
:1000B000044664210498E4F73FFD0D46791C0D22A7
:1000C000514308460521E4F737FD0246E017810F4A
:1000D000081980106100401A4019E9178B0F59194F
:1000E0008910401811180195009403980818401EB3
:1000F000029007210298E4F71FFD084607B0F0BD03
:1001000070B504460D46164613480068002806D10F
:10011000124A13A115A0ECF767FD00BFFEE70E48D9
:1001200000682030007D002806D10C4A17A10FA0DE
:10013000ECF75AFD00BFFEE71948806901192B460C
:10014000324605480068FEF703FC002802D0002074
:10015000C04370BD3046FCE7F40400206662030033
:10016000736675645F646576000000002825732956
:100170002068617320617373657274206661696CB5
:1001800065642061742025732E0A0000736675640F
:100190005F6465762D3E696E69745F6F6B00000069
:1001A000F8040020F0B51FB48AB00F4615461E466D
:1001B00000240A98406D0390786808900796069589
:1001C0000A98816D0898081A099000BF0020012143
:1001D000062304AA0091019003990A98F1F7C6FF3B
:1001E0000446002C02D020460FB0F0BD00BF00BF77
:1001F0000020102306AA0090039908310A98F1F70D
:10020000B9FD0446002C01D02046EDE700BF00BF39
:10021000002000907B683A6809990A98F1F7AAFDD6
:100220000446002C01D02046DEE700BF00BF0120BD
:100230000221062304AA0091019003990A98F1F77C
:1002400095FF0446002C01D02046CDE700BF204694
:10025000CAE70000F0B58DB006460F4615460024EB
:1002600054E0B168095D0902631CB268D25C891868
:1002700009B22046E20F12185210520009AB9952EF
:10028000E10F09194910490009AA0794515E6A79DA
:100290008818E5F70BF802902879E5F712F81E495F
:1002A0000090E4F78EFD01900299E4F7E3FD1B490D
:1002B0000390E4F7D7FD0590E878E5F702F803909E
:1002C000A878E4F7FEFF8721C9050190E4F7D2FD85
:1002D00002900399E4F775FD0121C9074840049095
:1002E0000599E4F7C7FD0E490690E4F700FE089073
:1002F0000898E5F728F80004000E38550898E5F747
:1003000022F8C1B2601C3954A01CC4B27079A0425A
:10031000A7DC00200DB0F0BD000020440000FA482A
:1003200000803B4BF8B50446207801236A46B7218C
:100330006669B0470546002D02D00220C043F8BDD3
:1003400068460078002811D06846007840210840AF
:10035000002802D00520C043F1E7684600788021DC
:100360000840002802D00620C043E8E70020E6E766
:10037000FFB581B005460E4617463A463146284637
:10038000049BF9F741FC44B2002C02D0204605B092
:10039000F0BD0020FBE7F0B585B007460D461646D8
:1003A0001C4614216846E4F78BFC6846057022461B
:1003B0003146401CE4F75CFC621C69463846F9F79C
:1003C000E3FB40B205B0F0BDF0B585B00446621C59
:1003D00001A9606AFFF73EFF0646002E02D03046B4
:1003E00005B0F0BD626A53791179207801AAA76936
:1003F000B8470546002D02D00220C043F0E7676AE7
:100400007B7B397B20783A69A7690097B847054616
:10041000002D02D00220C043E2E7636A5B7D0093B7
:10042000636A197D20789A69A769009BB8470546D9
:10043000002D02D00220C043D2E7676A7B7F397F5C
:1004400020783A6AA7690097B8470546002D02D080
:100450000220C043C4E70020C2E7F0B58FB00446D5
:100460002078012303AAB7216769B8470546002D04
:1004700003D00220C0430FB0F0BD621C0BA9206A5C
:10048000FFF7E8FE0646002E01D03046F3E7226A69
:100490005379117920780BAAA769B8470546002D32
:1004A00002D00220C043E6E7206A437B017B026959
:1004B00020780190A769B8470546002D02D0022098
:1004C000C043D8E7206A437D017D8269207801908E
:1004D000A769B8470546002D02D00220C043CAE7ED
:1004E000276A7B7F397F20783A6AA7690197B847E6
:1004F0000546002D02D00220C043BCE7207801232E
:100500009321A769226AB8470546002D02D0022030
:10051000C043B0E700BF02A9204600F0DEF806465F
:10052000002E01D03046A6E73220E16988476846B0
:10053000007A802108400028EDD1226A24325378C5
:10054000226A20321179207803AA6769B8470546E4
:10055000002D02D00220C0438DE76846007B0102D7
:100560006846407B014361816846807B00026946A2
:10057000C97B0843208100207DE701464A69002AA3
:1005800005D08A69002A02D0CA69002A02D108204F
:10059000C04300E00020704770B505462846FFF7CD
:1005A0005CFF0446002C01D0204670BD3220E96972
:1005B00088472846FFF708FF0446002C01D0204654
:1005C000F3E70020F1E7F8B504460D46626A2432ED
:1005D0005378626A2032117920782A466669B047DA
:1005E0000746002F02D00220C043F8BD0020FCE7E0
:1005F000F0B587B0044600210691039100200290D7
:100600002046FFF7BAFF0646002E02D0304607B05C
:10061000F0BD00BF2078012303AA9321A769B84742
:100620000546002D02D00220C043F0E706A920466F
:1006300000F053F80646002E01D03046E7E7029856
:10064000401C80B20290C820E16988476846007E5D
:1006500080210840002802D002980F28DADB029897
:100660000F2802DB0120C043D1E72078022305AA2E
:1006700000216769B8470546002D02D00220C0431B
:10068000C5E76846007D01026846407D081880B2D3
:100690000490A1890498814202D00320C043B6E7A8
:1006A00020780623621C20216769B8470546002D83
:1006B00002D00220C043AAE7606A2030037B207882
:1006C0002269019026216769B8470546002D02D0AE
:1006D0000220C0439BE7002099E7F8B504460D4689
:1006E000207801236A4694216669B0470746002FA7
:1006F00002D00220C043F8BD684600782870002070
:10070000F9E710B504462046F3F776FA10BD70B548
:100710000446207801239321A569626AA84706460A
:10072000002E02D00220C04370BD0020FCE7686BA1
:1007300074537069325772697465526561644E42D0
:10074000797465001F0000001C0000001F000000FD
:100750001E0000001F0000001E0000001F0000001F
:100760001F0000001E0000001F0000001E0000000F
:100770001F00000072656164416C74697475646582
:10078000416E645072657373757265007265616461
:10079000504952446174615F416C6C4269747300EA
:1007A00072656164504952416C6C4461746100002F
:1007B00001020408000030600000803F0000003F9C
:1007C00000000040000080400000C03F00002040CA
:1007D0000000404000006040726561644C696768D9
:1007E00074496E74656E7369747900424D0000003F
:1007F000537069466C6173685F496E6974000000EC
:1008000000000000000000000000000001000000E7
:100810000000000046000000000000000000000092
:1008200000000000000000000000000000000000C8
:1008300000000000000000000000000000000000B8
:1008400000000000000000000000000000000000A8
:1008500000000000000000000000000C000000008C
:100860000000000000000000000000000000000088
:100870000000000000000000000000000000000078
:100880000000000000000007FFFC0000000C00005A
:10089000000030E071C0071C70E038E038600000F4
:1008A0000000000000000000000000000000000048
:1008B00000000000000000000007FFFC000000EC4A
:1008C0000000000031F0F9E0079E79F079F07860DF
:1008D0000000000000000000000000000000000018
:1008E000000000000000000000000006000F800073
:1008F00000EC000000007136DB200CB2C9304DB0B6
:100900004CE00000000000000000000000000000BB
:100910000000000000000000000000000006000FC2
:10092000800000EC0000000031F63B2000B20830EF
:100930004DE04C60000000000000000000000000DE
:1009400000000000000000000000000000000006A1
:10095000FFEF800006EC0000000031F03B2001B208
:1009600018604DB04C600000000000000000000066
:100970000000000000000000000000000000000077
:100980000006FFEF800006EC0000000031300B2075
:10099000033230CF4D3F4C600000000000000000EB
:1009A0000000000000000000000000000000000047
:1009B00000000006FFEF800006EC0000000031B0F0
:1009C000DB60063661806DB06C60000000000000E6
:1009D0000000000000000000000000000000000017
:1009E000000000000006FFEF800066EC0000000041
:1009F00031E679E00F9EF9F079E0786000000000C0
:100A000000000000000000000000000000000000E6
:100A10000000000000000006000C000066EC000072
:100A200000000000000000000000000000000000C6
:100A300000000000000000000000000000000000B6
:100A400000000000000000000007FFFC000066EC52
:100A50000000000000000000000000000000000096
:100A60000000000000000000000000000000000086
:100A7000000000000000000000000007FFFC000074
:100A800066EC000000000000000000000000000014
:100A90000000000000000000000000000000000056
:100AA0000000000000000000000000000000000046
:100AB0000000000000000000000000000000000036
:100AC0000000000000000000000000000000000026
:100AD0000000000000000000000000000000000016
:100AE0000000000000000000000000000000000006
:100AF00000000000000000000000000000000000F6
:100B000000000000000000000000000000000000E5
:100B100000000000000000000000000000000000D5
:100B200000000000000000000000000000000000C5
:100B300000000000000000000000000000000000B5
:100B400000000000000000000000000000000000A5
:100B50000000000000000000000000000000000095
:100B60000000000000000000000000000000000085
:100B700000000000000000000000000000007FFFF7
:100B8000FFFFFFFFFFFFFFFFFFFFFFFFFFFFFFFF75
:100B9000FFFFFFFFFFFFFFFFFFFFFFFFFFFFFFFF65
:100BA000FFFFFFFFFFFFFFFFFFFFFFFFFFFFFFFF55
:100BB0000000000000000000000000000000000035
:100BC0000000000000000000000000000000000025
:100BD0000000001000000000000000000000000005
:100BE0000000000000000000000000000000000005
:100BF00000000000000000000000000000000000F5
:100C000000000000001000000000000000000000D4
:100C100000000000000000000000000000000000D4
:100C200000000000000000000000000000000000C4
:100C300000000000000000100000000000000000A4
:100C400000000000000000000000000000000000A4
:100C50000000000000000000000000000000000094
:100C60000000000000000000001000000000000074
:100C70000000000000000000000000000000000074
:100C80000000000000000000000000000000000064
:100C90000000000000000000000000100000000044
:100CA0000000000000000000000000000000000044
:100CB0000000000000000000000000000000000034
:100CC0000000000000000000000000000010000014
:100CD0000000000000000000000000000000000014
:100CE0000000000000000000000000000000000004
:100CF00000000000000000000000000000000010E4
:100D000000000000000000000000000000000000E3
:100D100000000000000000000000000000000000D3
:100D200000000000000000000000000000000000C3
:100D300000100000000000000000000000000000A3
:100D400000000000000000000000000000000000A3
:100D50000000000000000000000000000000000093
:100D60000000001000000000000000000000000073
:100D70000000000000000000000000000000000073
:100D80000000000000000000000000000000000063
:100D90000000000000100000000000000000000043
:100DA0000000000000000000000000000000000043
:100DB0000000000000000000000000000000000033
:100DC0000000000000000010000000000000000013
:100DD0000000000000000000000000000000000013
:100DE0000000000000000000000000000000000003
:100DF00000000000000000000010000000000000E3
:100E000000000000000000000000000000000000E2
:100E100000000000000000000000000000000000D2
:100E200000000000000000000000001000000000B2
:100E300000000000000000000000000000000000B2
:100E400000000000000000000000000000000000A2
:100E50000000000000000000000000000010000082
:100E60000000000000000000000000000000000082
:100E70000000000000000000000000000000000072
:100E80000000000000000000000000000000001052
:100E90000000000000000000000000000000000052
:100EA0000000000000000000000000000000000042
:100EB0000000000000000000000000000000000032
:100EC0000010000000000000000000000000000012
:100ED0000000000000000000000000000000000012
:100EE0000000000000000000000000000000000002
:100EF00000000010000000000000000000000000E2
:100F000000000000000000000000000000000000E1
:100F100000000000000000000000000000000000D1
:100F200000000000001000000000000000000000B1
:100F300000000000000000000000000000000000B1
:100F400000000000000000000000000000000000A1
:100F5000000000000000001000000000FFFFFFFF85
:100F6000FFF800000000000000000000000000008A
:100F70000000000000000000000000000000000071
:100F80000000000000000000001000000000FFFF53
:100F9000FFFFFFF80000000000000000000000005C
:100FA00000800004000000000000000000000000BD
:100FB0000000000000000000000000100000000021
:100FC000FFFFFFFFFFF8000000000000000000002E
:100FD000000001C0000E0000000000000000000042
:100FE00000000000000000000000000000100000F1
:100FF0000000FFFFFFFFFFF80000000000000000FE
:101000000000000003E0001F0000000000000000DE
:1010100000000000000000000000000000000010C0
:1010200000000000F0000000007800000000000058
:101030000000000000000770003F8000000000007A
:1010400000000000000000000000000000000000A0
:10105000001000000000F000000000780000000018
:101060000000001E00F000000FF8007BC000000030
:101070000000000000000000000000000000000070
:101080000000001000000000F000000000780000E8
:1010900000000000007F03FC00001DDC00FBE000FE
:1010A0000000000000000000000000000000000040
:1010B00000000000001000000000F00000000078B8
:1010C00000000000000000E3879E000039CE01FB15
:1010D000F000000000000000000000000000000020
:1010E000000000000000001000000000F000000000
:1010F000007800000000000001C1CE07000071C7A9
:1011000003FBF800000000000000000000000000E9
:101110000000000000000000001000000000F000CF
:10112000000000780000000000000180CC030000F7
:10113000E1C387FBFC00000000000000000000008D
:10114000000000000000000000000010000000008F
:10115000F0000000007800000000000001800C0397
:101160000001C1C1CFFBFE00000000000000000034
:10117000000000000000000000000000001000005F
:101180000000F00F800F8078000000000000018058
:101190000C030000E1C38FFBFC0000000000000016
:1011A000000000000000000000000000000000102F
:1011B00000000000F00F800F8078000000000000A9
:1011C00001800C037C0071C707FBF80000000000E1
:1011D000000000000000000000000000000000000F
:1011E000001000000000F00F800F80780000000069
:1011F000000001800C036E0039CE03FFF0000000F8
:1012000000000000000000000000000000000000DE
:101210000000001000000000700F800F80780000B8
:10122000000000000180CC030E001DDC01FBE0008B
:1012300000000000000000000000000000000000AE
:1012400000000000001000000000700F800F807888
:1012500000000000000001C1CE071C000FF800FBD9
:10126000C0000000000000000000000000000000BE
:10127000000000000000001000000000700F800F50
:10128000807800000000000000E3879E38000770AF
:10129000007F80000000000000000000000000004F
:1012A0000000000000000000001000000000F00F2F
:1012B000800F8078000000000000007F83FC7E002B
:1012C00003E0003F000000000000000000000000FC
:1012D00000000000000000000000001000000000FE
:1012E000F00F800F8078000000000000001E00F06A
:1012F0007E0001C0001E0000000000000000000091
:1013000000000000000000000000000000100000CD
:101310000000F00F800F8078000000000000000047
:10132000000000000080000C000000000000000031
:10133000000000000000000000000000000000109D
:1013400000000000F0000000007800000000000035
:10135000000000000000000000000000000000008D
:10136000000000000000000000000000000000007D
:10137000001000000000F0000000007800000000F5
:10138000000000000000000000000000000000005D
:10139000000000000000000000000000000000004D
:1013A0000000001000000000F000000000780000C5
:1013B000000000000000000000000000000000002D
:1013C000000000000000000000000000000000001D
:1013D00000000000001000000000F0000000007895
:1013E00000000000000000000000000000000000FD
:1013F00000000000000000000000000000000000ED
:10140000000000000000001000000000F0000000DC
:101410000078000000000000000000000000000054
:1014200000000000000000000000000000000000BC
:101430000000000000000000001000000000F000AC
:101440000000007800000000000000000000000024
:10145000000000000000000000000000000000008C
:10146000000000000000000000000010000000006C
:10147000F000000000780000000000000000000004
:10148000000000000000000000000000000000005C
:10149000000000000000000000000000001000003C
:1014A0000000F000000000780000000000000000D4
:1014B000000000000000000000000000000000002C
:1014C000000000000000000000000000000000100C
:1014D00000000000F003000E007800000000000093
:1014E00000000000000000000000000000000000FC
:1014F00000000000000000000000000000000000EC
:10150000001000000000F007801E007800000000BE
:1015100000000000000000000000000000000000CB
:1015200000000000000000000000000000000000BB
:101530000000001000000000F00FE07F00780000C5
:10154000000000000000000000000000000000009B
:10155000000000000000000000000000000000008B
:1015600000000000001000000000F00FF8FF0078FD
:10157000000000000000000000000000000000006B
:10158000000000000000000000000000000000005B
:10159000000000000000001000000000F007FFFE47
:1015A00000780000000000000000000000000000C3
:1015B000000000000000000000000000000000002B
:1015C0000000000000000000001000000000F0011A
:1015D000FFF800780000000000000000000000009C
:1015E00000000000000000000000000000000000FB
:1015F00000000000000000000000001000000000DB
:10160000F0007FF000780000000000000000000003
:1016100000000000000000000000000000000000CA
:1016200000000000000000000000000000100000AA
:101630000000F0003FC00078000000000000000043
:10164000000000000000000000000000000000009A
:10165000000000000000000000000000000000107A
:1016600000000000F0000F80007800000000000083
:10167000000000000000000000000000000000006A
:10168000000000000000000000000000000000005A
:10169000001000000000F0000600007800000000CC
:1016A000000000000000000000000000000000003A
:1016B000000000000000000000000000000000002A
:1016C0000000001000000000F000000000780000A2
:1016D000000000000000000000000000000000000A
:1016E00000000000000000000000000000000000FA
:1016F00000000000001000000000F0000000007872
:1017000000000000000000000000000000000000D9
:1017100000000000000000000000000000000000C9
:10172000000000000000001000000000F0000000B9
:101730000078000000000000000000000000000031
:101740000000000000000000000000000000000099
:101750000000000000000000001000000000FFFF7B
:10176000FFFFFFF800000000000000000000000084
:101770000000000000000000000000000000000069
:101780000000000000000000000000100000000049
:10179000FFFFFFFFFFF80000000000000000000056
:1017A0000000000000000000000000000000000039
:1017B0000000000000000000000000000010000019
:1017C0000000FFFFFFFFFFF8000000000000000026
:1017D0000000000000000000000000000000000009
:1017E00000000000000000000000000000000010E9
:1017F00000000000FFFFFFFFFFF8000000000000F6
:1018000000000000000000000000000000000000D8
:1018100000000000000000000000000000000000C8
:1018200000100000000000000000000000000000A8
:1018300000000000000000000000000000000000A8
:101840000000000000000000000000000000000098
:101850000000001000000000000000000000000078
:101860000000000000000000000000000000000078
:101870000000000000000000000000000000000068
:101880000000000000100000000000000000000048
:101890000000000000000000000000000000000048
:1018A0000000000000000000000000000000000038
:1018B0000000000000000010000000000000000018
:1018C0000000000000000000000000000000000018
:1018D0000000000000000000000000000000000008
:1018E00000000000000000000010000000000000E8
:1018F00000000000000000000000000000000000E8
:1019000000000000000000000000000000000000D7
:1019100000000000000000000000001000000000B7
:1019200000000000000000000000000000000000B7
:1019300000000000000000000000000000000000A7
:101940000000000000000000000000000010000087
:101950000000000000000000000000000000000087
:101960000000000000000000000000000000000077
:101970000000000000000000000000000000001057
:101980000000000000000000000000000000000057
:101990000000000000000000000000000000000047
:1019A0000000000000000000000000000000000037
:1019B0000010000001FBB1E3E6187EC4FC0000004B
:1019C0000000000000000000000000000003800094
:1019D00038000FF8000FF0000000000000000000C9
:1019E0000000001000000181E332061860E43000BE
:1019F00000000000000000000000000000000007E0
:101A0000800078003FFC003FFC0000000000000068
:101A100000000000001000000180E312061860E4DE
:101A20003000000000000000000000000000000086
:101A3000000F8000F8007FFF007FFE000000000024
:101A40000000000000000010000001F0C203E618D2
:101A50007CF43000000000000000000000000000E6
:101A60000000001F8001F800FFFF007FFF00000062
:101A70000000000000000000001000000180E202F1
:101A8000061860DC300000000000000000000000CC
:101A900000000000003F8003F801F81F80FC1F00D9
:101AA00000000000000000000000001000000181A4
:101AB000F332061860DC3000000000000000000077
:101AC000000000000000007F8007F801F00F80F0A8
:101AD0000F80000000000000000000000010000067
:101AE00001FB33F3E7DF7ECC300000000000000094
:101AF000000000000000000001FF801FF801E00767
:101B0000C1F007800000000000000000000000108D
:101B1000000001FB18C3E7DF7EC4300000000000B6
:101B20000000000000000000000003FF803FF803F9
:101B3000C003C1E0078000000000000000000000BA
:101B40000010000000000000000000000000000085
:101B500000000000000000000000000003F7803FCC
:101B60007803C003C1E003C00000000000000000D3
:101B70000000001000000000000000000000000055
:101B8000000000000000000000000000000003C78B
:101B9000803C78000003C1E003C0000000000000AA
:101BA0000000000000100000000000000000000025
:101BB0000000000000000000000000000000000025
:101BC0000307803078000007C3E003C00000000076
:101BD00000000000000000100000000000000000F5
:101BE00000000000000000000000000000000000F5
:101BF0000000000780007800000783C003C00000D9
:101C000000000000000000000010000000000000C4
:101C100000000000000000000000000000000000C4
:101C200000000000000780007800000F83C003C0A0
:101C30000000000000000000000000100000000094
:101C40000000000000000000000000000000000094
:101C5000000000000000000780007800001F03C0A3
:101C600003C00000000000000000000000100000A1
:101C70000000000000000000000000000000000064
:101C80000000000000000000000780007800001F36
:101C900003C003C0000000000000000000000010AE
:101CA0000000000000000000000000000000000034
:101CB0000000000000000000000000078000780025
:101CC000003E03C003C00000000000000000000050
:101CD00000100000000000000000000000000000F4
:101CE000000000000000000000000000000780006D
:101CF0007800007C03C003C000000000000000006A
:101D000000000010000000000000000000000000C3
:101D100000000000000000000000000000000007BC
:101D20008000780001F803C003C00000000000003C
:101D30000000000000100000000000000000000093
:101D40000000000000000000000000000000000093
:101D500000078000780003F003C003C0000000000B
:101D60000000000000000010000000000000000063
:101D70000000000000000000000000000000000063
:101D8000000000078000780007E003C003C00000E7
:101D90000000000000000000001000000000000033
:101DA0000000000000000000000000000000000033
:101DB000000000000007800078000FC001E003C0B1
:101DC0000000000000000000000000100000000003
:101DD0000000000000000000000000000000000003
:101DE0000000000000000007800078001F8001E074
:101DF00003C0000000000000000000000010000010
:101E000000000000000000000000000000000000D2
:101E100000000000000000000007800078003F0084
:101E200001E007C0000000000000000000000010FA
:101E300000000000000000000000000000000000A2
:101E40000000000000000000000000078000780093
:101E50007C0001E00780000000000000000000009E
:101E60000010000000000000000000000000000062
:101E700000000000000000000000000000078000DB
:101E80007800F80001F00F80000000000000000062
:101E90000000001000000000000000000000000032
:101EA000000000000000000000000000000000072B
:101EB00080007801F00000F81F80000000000000A2
:101EC00000000000001FFFFFFFFFFFFFFFFFFFFFFD
:101ED000FFFFFFFF00000000000000000000000006
:101EE000000780007801FFFFC0FE3F0000000000F7
:101EF00000000000000000100000000000000000D2
:101F000000000000000000000000000000000000D1
:101F10000000000780007803FFFFC07FFF00000083
:101F200000000000000000000010000000000000A1
:101F300000000000000000000000000000000000A1
:101F400000000000000780007803FFFFC03FFE0094
:101F50000000000000000000000000100000000071
:101F60000000000000000000000000000000000071
:101F7000000000000000000780007803FFFFC01F82
:101F8000F800000000000000000000000010000049
:101F90000000000000000000000000000000000041
:101FA0000000000000000000000000000000000031
:101FB0000003E0000000000000000000000000102E
:101FC0000000000000000000000000000000000011
:101FD0000000000000000000000000000000000001
:101FE00000000000000000000000000000000000F1
:101FF00000100000000000000000000000000000D1
:1020000000000000000000000000000000000000D0
:102010000000000000000000739F8000000000002E
:1020200000000010000000000000000000000000A0
:1020300000000000000000000000000000000000A0
:10204000000000000000000000007BDFC000000076
:102050000000000000100000000000000000000070
:102060000000000000000000000000000000000070
:102070000000000000000000000000004A5AC000FC
:102080000000000000000010000000000000000040
:102090000000000000000000000000000000000040
:1020A00000000000000000000000000000004A5A8C
:1020B000C000000000000000001000000000000050
:1020C0000000000000000000000000000000000010
:1020D0000000000000000000000000000000000000
:1020E0007BDAC00000000000000000100038000093
:1020F00000000000000000000000000000000000E0
:1021000000000000000000000000000000000000CF
:102110000000739AC0000000000000000010007E64
:1021200000000000000000000000000000000000AF
:10213000000000000000000000000000000000009F
:10214000000000004200000000000000000000103D
:1021500000EE000000000000000000000000000091
:10216000000000000000000000000000000000006F
:10217000000000000000420000000000000000001D
:10218000001000C600000000000000000000000079
:10219000000000000000000000000000000000003F
:1021A000000000000000000000000000000000002F
:1021B0000000001000DE0000000000000000000031
:1021C000000000000000000000000000000000000F
:1021D00000000000000000000000000000000000FF
:1021E00000000000001000DE000000000000000001
:1021F00000000000000000000000000000000000DF
:1022000000000000000000000000000000000000CE
:10221000000000000000001000DE000000000000D0
:1022200000000000000000000000000000000000AE
:10223000000000000000000000000000000000009E
:102240000000000000000000001000DE00000000A0
:10225000000000000000000000000000000000007E
:10226000000000000000000000000000000000006E
:1022700000000000000000000000001000DE000070
:10228000000000000000000000000000000000004E
:10229000000000000000000000000000000000003E
:1022A000000000000000000000000000001001DF3E
:1022B000000000000000000000000000000000001E
:1022C000000000000000000000000000000000000E
:1022D00000000000000000000000000000000010EE
:1022E00001DB800000000000000000000000000092
:1022F00000000000000000000000000000000000DE
:1023000000000000000000000000000000000000CD
:102310000010039B8000000000000000000000008F
:1023200000000000000000000000000000000000AD
:10233000000000000000000000000000000000009D
:1023400000000010033980000000000000000000C1
:10235000000000000000000000000000000000007D
:10236000000000000000000000000000000000006D
:10237000000000000010033D80000000000000008D
:10238000000000000000000000000000000000004D
:10239000000000000000000000000000000000003D
:1023A0000000000000000010033D8000000000005D
:1023B000000000000000000000000000000000001D
:1023C000000000000000000000000000000000000D
:1023D0000000000000000000001003BB80000000AF
:1023E00000000000000000000000000000000000ED
:1023F00000000000000000000000000000000000DD
:1024000000000000000000000000001001C7800074
:1024100000000000000000000000000000000000BC
:1024200000000000000000000000000000000000AC
:10243000000000000000000000000000001001FF8C
:10244000000000000000000000000000000000008C
:10245000000000000000000000000000000000007C
:10246000000000000000000000000000000000105C
:10247000007C0000000000000000000000000000E0
:10248000000000000000000000000000000000004C
:10249000000000000000000000000000000000003C
:1024A000001000000000000000000000000000001C
:1024B000000000000000000000000000000000001C
:1024C000000000000000000000000000000000000C
:1024D00000000010000000000000000000000000EC
:1024E00000000000000000000000000000000000EC
:1024F00000000000000000000000000000000000DC
:1025000000000000001000000000000000000000BB
:1025100000000000000000000000000000000000BB
:1025200000000000000000000000000000000000AB
:10253000000000000000001000000000000000008B
:10254000000000000000000000000000000000008B
:10255000000000000000000000000000000000007B
:10256000000000000000000000100000000000005B
:10257000000000000000000000000000000000005B
:10258000000000000000000000000000000000004B
:10259000000000000000000000000010000000002B
:1025A000000000000000000000000000000000002B
:1025B000000000000000000000000000000000001B
:1025C00000000000000000000000000000100000FB
:1025D00000000000000000000000000000000000FB
:1025E00000000000000000000000000000000000EB
:1025F00000000000000000000000000000000010CB
:1026000000000000000000000000000000000000CA
:1026100000000000000000000000000000000000BA
:1026200000000000000000000000000000000000AA
:10263000001000000000000000000000000000008A
:10264000000000000000000000000000000000008A
:10265000000000000000000000000000000000007A
:10266000000000100000000000000000000000005A
:10267000000000000000000000000000000000005A
:10268000000000000000000000000000000000004A
:10269000000000000010000000000000000000002A
:1026A000000000000000000000000000000000002A
:1026B000000000000000000000000000000000001A
:1026C00000000000000000100000000000000000FA
:1026D00000000000000000000000000000000000FA
:1026E00000000000000000000000000000000000EA
:1026F00000000000000000000010000000000000CA
:1027000000000000000000000000000000000000C9
:1027100000000000000000000000000000000000B9
:102720000000000000000000000000100000000099
:102730000000000000000000000000000000000099
:102740000000000000000000000000000000000089
:102750000000000000000000000000000010000069
:102760000000000000000000000000000000000069
:102770000000000000000000000000000000000059
:102780000000000000000000000000000000001039
:102790000000000000000000000000E00000000059
:1027A0000000000020000000000000000000000009
:1027B0000000000000000000000000000000040015
:1027C00000100000000000000000000000A0000059
:1027D00000000000000020000000000000000000D9
:1027E00000000000000000000000000000000000E9
:1027F000040000100000000000000000000000E0E5
:1028000000000000000000002000000000000000A8
:1028100000000000000000000000000000000000B8
:102820000000040000100000000000000000000094
:102830000007E00000000000000020000000000091
:102840000000000000000000000000000000000088
:102850000000000004000010000000000000000064
:102860000000000400000000000CE7382000000019
:102870000000000000000000000000000000000058
:102880000000000000000400001000000000000034
:1028900000000000000400000000001DBDEC20004E
:1028A0000000000000000000000000000000000028
:1028B0000000000000000000040000100000000004
:1028C0007C0007C000000007C0000000001DEDEC08
:1028D00020000000000000000000000000000000D8
:1028E00000000000000000000000040000100000D4
:1028F0000001FF801FF00000000400000000000D38
:10290000FDEC2000000000000000000000000000BE
:1029100000000000000000000000000004000010A3
:1029200000000003FFC07FF800000004000000006A
:10293000000DBDEC200000000000000000000000C1
:102940000000000000000000000000000000040083
:10295000001000000007FFE07FFC00000004000002
:102960000000000CFFFC2000000000000000000040
:102970000000000000000000000000000000000057
:10298000040000100000000F83E0F83E0000000487
:1029900000000000000CE7382000000000000000EC
:1029A0000000000000000000000000000000000027
:1029B0000000040000100000000F01F0F01E0000F5
:1029C00000040000000000000000200000000000E3
:1029D00000000000000000000000000000000000F7
:1029E00000000000040000100000001E00F0E00ED7
:1029F00000000000000000000000000020000000B7
:102A000000000000000000000000000000000000C6
:102A1000000000000000040000100000001E00C0C4
:102A2000E00E000000000000000000000000200098
:102A30000000000000000000000000000000000096
:102A40000000000000000000040000100000001C56
:102A50000000F01E0003C0000000000000000000A5
:102A60002000000000000000000000000000000046
:102A70000000000000000000000004000010000042
:102A8000001C3C00F01E0007E000000000000000F9
:102A90000000200000000000000000000000000016
:102AA0000000000000000000000000000400001012
:102AB0000000003DFF807C7C000FF0000000000063
:102AC00000000000200000000000000000000000E6
:102AD00000000000000000000000000000000400F2
:102AE00000100000003FFFC07FFC001C70000000D1
:102AF00000000000000020000000000000000000B6
:102B000000000000000000000000000000000000C5
:102B1000040000100000003FFFE03FF8001C300000
:102B20000000000000000000200000000000000085
:102B30000000000000000000000000000000000095
:102B40000000040000100000003F83E07FFC000054
:102B500070000000000000000000200000000000E5
:102B60000000000000000000000000000000000065
:102B700000000000040000100000003E01F0FC7E98
:102B80000001F00000000000000000002000000034
:102B90000000000000000000000000000000000035
:102BA000000000000000040000100000003C00F1E4
:102BB000F01F0001E0000000000000000000200005
:102BC0000000000000000000000000000000000005
:102BD0000000000000000000040000100000003CA5
:102BE0000071E00F0001F80000000000000000008C
:102BF00020000000000000000000000000000000B5
:102C000000000000000000000000040000100000B0
:102C1000003C0071E00F00003800000000000000E0
:102C20000000200000000000000000000000000084
:102C30000000000000000000000000000400001080
:102C40000000001C0071C007000018000000000018
:102C50000000000020000000000000000000000054
:102C60000000000000000000000000000000040060
:102C700000100000001C0071C007001C18000000BC
:102C80000000000000002000000000000000000024
:102C90000000000000000000000000000000000034
:102CA000040000100000001C00F1E00F001C3800C0
:102CB00000000000000000002000000000000000F4
:102CC0000000000000000000000000000000000004
:102CD0000000040000100000001E00F1E00F038F50
:102CE000F8000000000000000000200000000000CC
:102CF00000000000000000000000000000000000D4
:102D000000000000040000100000000F01E1F01FAF
:102D10000387F00000000000000000002000000019
:102D2000000000000000000038E00000000000008B
:102D3000000000000000040000100000000FC7E0C9
:102D4000FC7E0383C00000000000000000002000A3
:102D50000000000000000000000038E0000000005B
:102D60000000000000000000040000100000000748
:102D7000FFC07FFC00000000000000000000000019
:102D800020000000000000000000000038E000000B
:102D9000000000000000000000000400001000001F
:102DA0000003FF803FF8000000000000000000006A
:102DB000000020000000000000000000000038E0DB
:102DC00000000000000000000000000004000010EF
:102DD00000000000FE001FF00000000000000000E6
:102DE00000000000200000000000000000000000C3
:102DF00038E00000000000000000000000000400B7
:102E000000100000000000000000000000000000B2
:102E10000000000000002000000000000000000092
:102E2000000038E00000000000000000000000008A
:102E3000040000100000000000000000000000007E
:102E40000000000000000000200000000000000062
:102E50000000000038E0000000000000000000005A
:102E6000000004000010000000000000000000004E
:102E70000000000000000000000020000000000032
:102E800000000000000038E000000000000000002A
:102E9000000000000400001000000000000000001E
:102EA0000000000000000000000000002000000002
:102EB000000000000000000038E0000000000000FA
:102EC00000000000000004000010000000000000EE
:102ED00000000000000000000000000000002000D2
:102EE0000000000000000000000038E000000000CA
:102EF00000000000000000000400001000000000BE
:102F000000000000000000000000000000000000C1
:102F100020000000000000000000000038E0000079
:102F2000000000000000000000000400001000008D
:102F30000000000000000000000000000000000091
:102F4000000020000000000000000000000038E049
:102F5000000000000000000000000000040000105D
:102F60000000000000000000000000000000000061
:102F70000000000020000000000000000000000031
:102F800038E0000000000000000000000000040025
:102F90000010000000000000000000000000000021
:102FA0000000000000002000000000000000000001
:102FB000000038E0007180000000000000000C708C
:102FC00004000010000000000000000000000000ED
:102FD00000000000000000002000000000000000D1
:102FE0000000000038E000718000000000000000D8
:102FF0000C70040000100000000000000000000041
:1030000000000000000000000000200000000000A0
:1030100000000000000038E00071800000000000A7
:1030200000000C7004000010000000000000000010
:103030000000000000000000000000002000000070
:10304000000000000000000038E000718000000077
:10305000000000000C7004000010000000000000E0
:103060000000000000000000000000000000200040
:103070000000000000000000000038E00071800047
:103080000000000000000C700400001000000000B0
:103090000000000000000000000000000000000030
:1030A00020000000000000000000000038E0007177
:1030B00080000000000000000C7004000010000000
:1030C0000000000000000000000000000000000000
:1030D000000020000000000000000000000038E0B8
:1030E000007180000000000000000C70040000105F
:1030F00000000000000000000000000000000000D0
:10310000000000002000000000000000000000009F
:1031100038E0007180000000000000000C70040026
:10312000001000000000000000000000000000008F
:10313000000000000000200000000000000000006F
:10314000000038E0007180000000000000000C70FA
:10315000040000100000000000000000000000005B
:10316000000000000000000020000000000000003F
:103170000000000038E00071800000000000000046
:103180000C700400001000000000000000000000AF
:10319000000000000000000000002000000000000F
:1031A00000000000000038E0007180000000000016
:1031B00000000C700400001000000000000000007F
:1031C00000000000000000000000000020000000DF
:1031D000000006380000000038E000718000E300C5
:1031E000000000000C70040000100000000000004F
:1031F00000000000000000000000000000002000AF
:103200000000000006380000000038E00071800077
:10321000E300000000000C700400001FFFFFFFFF30
:10322000FFFFFFFFFFFFFFFFFFFF000000000000A8
:1032300020000000000006380000000038E00C719B
:103240008000E300000000030C7004000010000088
:10325000000000000000000000000000000000006E
:10326000000020000000000006380000000038E0E8
:103270000C718000E300000000030C7004000010DB
:10328000000000000000000000000000000000003E
:1032900000000000200000000000063800000000D0
:1032A00038E00C718000E300000000030C700400A3
:1032B00000100000000000000000000000000000FE
:1032C00000000000000020000000000006380000A0
:1032D000000038E00C718000E300000000030C7077
:1032E00004000010000000000000000000000000CA
:1032F0000000000000000000200000000000063870
:103300000000000038E00C718000E30000000003C2
:103310000C7004000010000000000000000000001D
:10332000000000000000000000002000000000007D
:1033300006380000000038E00C718000E300000057
:1033400000030C70040000100000000000000000EA
:10335000000000000000000000000000200000004D
:10336000007006380000018038E00C718600E30030
:10337000000038030C71C4000010000000000000C1
:10338000000000000000000000000000000020001D
:103390000000007006380000018038E00C718600E3
:1033A000E300000038030C71C400001000000000AE
:1033B000000000000000000000000000000000000D
:1033C00020000000007006380000018038E00C7119
:1033D0008600E300000038030C71C40000100010E8
:1033E00000000000000000000000000000000000DD
:1033F000000020000000007006380000018038E066
:103400000C718600E300000038030C71C40000104A
:103410000038000000000000000000000000000074
:10342000000000002000000000700638000001804D
:1034300038E00C718600E300000038030C71C40012
:103440000010007C000000000000000000000000F0
:10345000000000000000200000000070063800009E
:10346000018038E00C718600E300000038030C7125
:10347000C4000010007C00000000000000000000FC
:10348000000000000000000020000000007006386E
:103490000000018038E00C718600E3000000380372
:1034A0000C71C400001000EE0000000000000000DD
:1034B000000000000000000000002000000000707C
:1034C00006380000018038E00C718600E30000003F
:1034D00038030C71C400001000C60000000000009A
:1034E0000000000000000000000000002000380084
:1034F00000700638E000018038E30C718600E30CB0
:10350000000038030C71C400001001C70000000067
:10351000000000000000000000000000000020008B
:1035200038031C718638E01C718638E30C718638CC
:10353000E30C01C638E30C71C400001001830000E5
:10354000000000000000000000000000000000007B
:10355000200038031C718638E01C718638E30C713A
:103560008638E30C01C638E30C71C40000100383F5
:1035700080000000000000000000000000000000CB
:103580000000200038031C718638E01C718638E387
:103590000C718638E30C01C638E30C71C4000010CE
:1035A0000301800000000000000000000000000097
:1035B00000000000200038031C718638E01C718672
:1035C00038E30C718638E30C01C638E30C71C40093
:1035D00000100301C0000000000000000000000017
:1035E000000000000000200038031C718638E01C39
:1035F000718638E30C718638E30C01C638E30C7130
:10360000C40000100303C000000000000000000020
:103610000000000000000000218638C31C718638BD
:10362000E31C718638E30C718638E30C71C638E30D
:103630000C71C4000010030FC00000000000000067
:1036400000000000000000000000218638C31C714B
:103650008638E31C718638E30C718638E30C71C63A
:1036600038E30C71C4000010038F800000000000DC
:10367000000000000000000000000000218638C3A8
:103680001C718638E31C718638E30C718638E30CB4
:1036900071C638E30C71C400001003FF8000000005
:1036A0000000000000000000000000000000218673
:1036B00038C31C718638E31C718638E30C71863878
:1036C000E30C71C638E30C71C400001000FE00006A
:1036D00000000000000000000000000000000000EA
:1036E000218638C31C718638E31C718638E30C715F
:1036F0008638E30C71C638E30C71C400001000007A
:1037000000000000000000000000000000000000B9
:103710000000218638C31C718638E31C718638E3AB
:103720000C718638E30C71C638E30C71C4000010CC
:103730000000000000000000000000000000000089
:1037400000000000218638C31C718638E31C718696
:1037500038E30C718638E30C71C638E30C71C40091
:103760000010000000000000000000000000000049
:10377000000000000000218638C31C718638E31C5D
:10378000718638E30C718638E30C71C638E30C712E
:10379000C400001000000000000000000000000055
:1037A0000000000000000000218638C31C7186382C
:1037B000E31C718638E30C718638E30C71C638E37C
:1037C0000C71C400001000000000000000000000A8
:1037D00000000000000000000000218638C31C71BA
:1037E0008638E31C718638E30C718638E30C71C6A9
:1037F00038E30C71C400001000000000000000005D
:10380000000000000000000000000000218638C316
:103810001C718638E31C718638E30C718638E30C22
:1038200071C638E30C71C4000010000000000000F5
:1038300000000000007080000000000000002186F1
:1038400038C31C718638E31C718638E30C718638E6
:10385000E30C71C638E30C71C400001000000000D6
:103860000000000000000051000000000000339C38
:10387000218638C31C718638E31C718638E30C71CD
:103880008638E30C71C638E30C71C40000100000E8
:103890000001FE003FFE000000720000000000007A
:1038A00037FE218638C31C718638E31C718638E3E5
:1038B0000C718638E30C71C638E30C71C40000103B
:1038C00000000003FF803FFE000000040000000035
:1038D000000076F6218638C31C718638E31C718699
:1038E00038E30C718638E30C71C638E30C71C40000
:1038F000001000000007FFC07FFE0000000B8000EA
:1039000000000000F6F6218638C31C718638E31CDF
:10391000718638E30C718638E30C71C638E30C719C
:10392000C40000100000000FC7C07FFE000000129E
:10393000800000000000FEF6218638C31C71863826
:10394000E31C718638E30C718638E30C71C638E3EA
:103950000C71C40000100000000F01E078000000AE
:103960000023800000000000FEF6218638C31C7191
:103970008638E31C718638E30C718638E30C71C617
:1039800038E30C71C40000100000001E00E070005D
:1039900000000040000000000000339C20000000F8
:1039A0000000000000000000000000000000000017
:1039B000000000000000040000100000001E00F0E5
:1039C0007000000000000000000000000000200067
:1039D00000000000000000000000000000000000E7
:1039E0000000000000000000040000100000001CA7
:1039F0000070F00000000000000000000000000067
:103A00002000000000000000000000000000000096
:103A10000000000000000000000004000010000092
:103A2000001C0070F0000000C0000000000000005A
:103A300000003FFFFFFFFFFFFFFFFFFFFFFFFFFF54
:103A4000FFFFFFFFFFFFFFFFFFFFFFFFFC00001076
:103A50000000001C0070F7F00001C0000000000032
:103A60000000000000000000000000000000000056
:103A70000000000000000000000000000000000046
:103A800000100000001C0070FFF80003C0000000E0
:103A90000000000000000000000000000000000026
:103AA0000000000000000000000000000000000016
:103AB000000000100000001E00F0FFFC000FC0001E
:103AC00000000000000000000000000000000000F6
:103AD00000000000000000000000000000000000E6
:103AE0000000000000100000001F01F1FC7E000E2D
:103AF000C000000000000000000000000000000006
:103B000000000000000000000000000000000000B5
:103B100000000000000000100000000F83F1F01F03
:103B20000008C000000000000000000000000000CD
:103B30000000000000000000000000000000000085
:103B4000000000000000000000100000000FFFF067
:103B5000600F0000C0000000000000000000000036
:103B60000000000000000000000000000000000055
:103B7000000000000000000000000010000000072E
:103B8000FF70000F0000C0000000000000000000F7
:103B90000000000000000000000000000000000025
:103BA0000000000000000000000000000010000005
:103BB0000003FE7000070000C000000000000000CD
:103BC00000000000000000000000000000000000F5
:103BD00000000000000000000000000000000010D5
:103BE00000000000F8F000070000C0000000000026
:103BF00000000000000000000000000000000000C5
:103C000000000000000000000000000000000000B4
:103C100000100000000000F000070000C0000000DD
:103C20000000000000000000000000000000000094
:103C30000000000000000000000000000000000084
:103C4000000000100000000600F1C00F0000C000DE
:103C50000000000000000000000000000000000064
:103C60000000000000000000000000000000000054
:103C70000000000000100000001E01E1E00F000045
:103C8000C000000000000000000000000000000074
:103C90000000000000000000000000000000000024
:103CA00000000000000000100000001F01E1E01E05
:103CB0000380C000000000000000000000000000C1
:103CC00000000000000000000000000000000000F4
:103CD000000000000000000000100000000F83C181
:103CE000F03E0380C0000000000000000000000063
:103CF00000000000000000000000000000000000C4
:103D00000000000000000000000000100000000F94
:103D1000FFC0FFFC000000000000000000000000E9
:103D20000000000000000000000000000000000093
:103D30000000000000000000000000000010000073
:103D40000007FF807FF80000000000000000000076
:103D50000000000000000000000000000000000063
:103D60000000000000000000000000000000001043
:103D700000000003FF003FF0000000000000000012
:103D80000000000000000000000000000000000033
:103D90000000000000000000000000000000000023
:103DA000001000000000F80007C000000000000044
:103DB0000000000000000000000000000000000003
:103DC00000000000000000000000000000000000F3
:103DD00000000010000000000000000000000000D3
:103DE00000000000000000000000000000000000D3
:103DF00000000000000000000000000000000000C3
:103E000000000000001000000000000000000000A2
:103E100000000000000000000000000000000000A2
:103E20000000000000000000000000000000000092
:103E30000000000000000010000000000000000072
:103E40000000000000000000000000000000000072
:103E50000000000000000000000000000000000062
:103E60000000000000000000001000000000000042
:103E70000000000000000000000000000000000042
:103E80000000000000000000000000000000000032
:103E90000000000000000000000000100000000012
:103EA0000000000000000000000000000000000012
:103EB0000000000000000000000000000000000002
:103EC00000000000000000000000000000100000E2
:103ED00000000000000000000000000000000000E2
:103EE00000000000000000000000000000000000D2
:103EF00000000000000000000000000000000010B2
:103F000000000000000000000000000000000000B1
:103F100000000000000000000000000000000000A1
:103F20000000000000000000000000000000000091
:103F30000010000000000000000000000000000071
:103F40000000000000000000000000000000000071
:103F50000000000000000000000000000000000061
:103F60000000001000000000000000000000000041
:103F70000000000000000000000000000000000041
:103F80000000000000000000000000000000000031
:103F90000000000000100000000000000000000011
:103FA0000000000000000000000000000000000011
:103FB0000000000000000000000000000000000001
:103FC00000000000000000100000000000000000E1
:103FD00000000000000000000000000000000000E1
:103FE00000000000000000000000000000000000D1
:103FF00000000000000000000010000000000000B1
:1040000000000000000000000000000000000000B0
:1040100000000000000000000000000000000000A0
:104020000000000000000000000000100000000080
:104030000000000000000000000000000000000080
:104040000000000000000000000000000000000070
:104050000000000000000000000000000010000050
:104060000000000000000000000000000000000050
:104070000000000000000000000000000000000040
:104080000000000000000000000000000000001020
:104090000000000000000000000000000000000020
:1040A0000000000000000000000000000000000010
:1040B0000000000000000000000000000000000000
:1040C00000100000000000000000000000000000E0
:1040D00000000000000000000000000000000000E0
:1040E00000000000000000000000000000000000D0
:1040F00000000010000000000000000000000000B0
:1041000000000000000000000000000000000000AF
:10411000000000000000000000000000000000009F
:10412000000000000010000000000000000000007F
:10413000000000000000000000000000000000007F
:10414000000000000000000000000000000000006F
:10415000000000000000000000000000000000005F
:10416000000000000000000000000000000000004F
:10417000000000000000000000000000000000003F
:10418000000000000000000000000000000000002F
:10419000000000000000000000000000000000001F
:1041A000000000000000000000000000000000000F
:1041B00000000000000000000000000000000000FF
:1041C00000000000000000000000000000000000EF
:1041D00000000000000000000000000000000000DF
:1041E00000000000000000000000000000000000CF
:1041F00000000000000000000000000000000000BF
:1042000000000000000000000000000000000000AE
:10421000000000000000000000000000000000009E
:10422000000000000000000000000000000000008E
:10423000000000000000000000000000000000007E
:10424000000000000000000000000000000000006E
:10425000000000000000000000000000000000005E
:10426000000000000000000000000000000000004E
:10427000000000000000000000000000000000003E
:10428000000000000000000000000000000000002E
:10429000000000000000000000000000000000001E
:1042A000000000000000000000000000000000000E
:1042B00000000000000000000000000000000000FE
:1042C00000000000000000000000000000000000EE
:1042D00000000000000000000000000000000000DE
:1042E0000000000000000000000000000007FFFCCC
:1042F00000000004000000000000000000000000BA
:1043000000000000000000000000000000000000AD
:104310000000000000000000000000000000000796
:10432000FFFC00000004000000000000000000008E
:10433000000000000000000000000000000000007D
:10434000000000000000000000000000000000006D
:104350000004000C000000040000000039E0FBE055
:104360000FBE79E07DF07C600000000000000000DE
:10437000000000000000000000000000000000003D
:10438000000000045A4E00000044000000007B3092
:10439000DB600DB6FFF06DB06DE0000000000000C6
:1043A000000000000000000000000000000000000D
:1043B0000000000000045A4E00000044000000000D
:1043C0007B361B3001B30C30CFF06DE000000000F5
:1043D00000000000000000000000000000000000DD
:1043E00000000000000000045A4E000000440000DD
:1043F000000019E03B3003B31860CFB06C600000E0
:1044000000000000000000000000000000000000AC
:10441000000000000000000000045A4E00000444A8
:10442000000000001B301F30073330CFCF3F6C60DF
:10443000000000000000000000000000000000007C
:104440000000000000000000000000045A4E0000C0
:104450000444000000001B30DF600E36E3806DB0C6
:104460006C60000000000000000000000000000080
:104470000000000000000000000000000004000C2C
:10448000000004440000000019E6FBE01FBEFFF03E
:104490007DF07C60000000000000000000000000D3
:1044A0000000000000000000000000000000000408
:1044B000000C000044440000000000000000000068
:1044C00000000000000000000000000000000000EC
:1044D00000000000000000000000000000000000DC
:1044E0000007FFFC00004444000000000000000042
:1044F00000000000000000000000000000000000BC
:1045000000000000000000000000000000000000AB
:104510000000000000000000444400000000000013
:10452000000000000000000000000000000000008B
:10453000000000000000000000000000000000007B
:10454000000000000000000000000000000000006B
:10455000000000000000000000000000000000005B
:10456000000000000000000000000000000000004B
:10457000000000000000000000000000000000003B
:10458000000000000000000000000000000000002B
:10459000000000000000000000000000000000001B
:1045A000000000000000000000000000000000000B
:1045B00000000000000000000000000000000000FB
:1045C00000000000000000000000000000000000EB
:1045D00000000000000000000000000000000000DB
:1045E00000000000000000000000000000000000CB
:1045F00000000000000000000000000000000000BB
:1046000000000000000000000000000000000000AA
:10461000000000000000FFFFFFFFFFFFFFFFFFFFA4
:10462000FFFFFFFFFFFFFFFFFFFFFFFFFFFFFFFF9A
:10463000FFFFFFFFFFFFFFFFFFFFFFFFFFFFFFFF8A
:10464000FFFFFFFFFFFFFFFF000000000000000072
:10465000000000000000000000000000000000005A
:10466000000000000000000000000010000000003A
:10467000000000000000000000000000000000003A
:10468000000000000000000000000000000000002A
:10469000000000000000000000000000001000000A
:1046A000000000000000000000000000000000000A
:1046B00000000000000000000000000000000000FA
:1046C00000000000000000000000000000000010DA
:1046D00000000000000000000000000000000000DA
:1046E00000000000000000000000000000000000CA
:1046F00000000000000000000000000000000000BA
:104700000010000000000000000000000000000099
:104710000000000000000000000000000000000099
:104720000000000000000000000000000000000089
:104730000000001000000000000000000000000069
:104740000000000000000000000000000000000069
:104750000000000000000000000000000000000059
:104760000000000000100000000000000000000039
:104770000000000000000000000000000000000039
:104780000000000000000000000000000000000029
:104790000000000000000010000000000000000009
:1047A0000000000000000000000000000000000009
:1047B00000000000000000000000000000000000F9
:1047C00000000000000000000010000000000000D9
:1047D00000000000000000000000000000000000D9
:1047E00000000000000000000000000000000000C9
:1047F00000000000000000000000001000000000A9
:1048000000000000000000000000000000000000A8
:104810000000000000000000000000000000000098
:104820000000000000000000000000000010000078
:104830000000000000000000000000000000000078
:104840000000000000000000000000000000000068
:104850000000000000000000000000000000001048
:104860000000000000000000000000000000000048
:104870000000000000000000000000000000000038
:104880000000000000000000000000000000000028
:104890000010000000000000000000000000000008
:1048A0000000000000000000000000000000000008
:1048B00000000000000000000000000000000000F8
:1048C00000000010000000000000000000000000D8
:1048D00000000000000000000000000000000000D8
:1048E00000000000000000000000000000000000C8
:1048F00000000000001000000000000000000000A8
:1049000000000000000000000000000000000000A7
:104910000000000000000000000000000000000097
:104920000000000000000010000000000000000077
:104930000000000000000000000000000000000077
:104940000000000000000000000000000000000067
:104950000000000000000000001000000000000047
:104960000000000000000000000000000000000047
:104970000000000000000000000000000000000037
:104980000000000000000000000000100000000017
:104990000000000000000000000000000000000017
:1049A0000000000000000000000000000000000007
:1049B00000000000000000000000000000100000E7
:1049C00000000000000000000000000000000000E7
:1049D00000000000000000000000000000000000D7
:1049E00000000000000000000000000000000010B7
:1049F00000000000000000000000000000000000B7
:104A000000000000000000000000000000000000A6
:104A10000000000000000000000000000000000096
:104A20000010000000000000000000000000000076
:104A3000000000000000000000C0000100000000B5
:104A40000000000000000000000000000000000066
:104A50000000001000000000000000000000000046
:104A60000000000000000000000001E000038000E2
:104A70000000000000000000000000000000000036
:104A80000000000000100000000000000000000016
:104A9000000000000000000000000000037000079C
:104AA000C000000000000000000000000000000046
:104AB00000000000000000100000000000000000E6
:104AC00000000000000000000000000000000638A8
:104AD000000FE000000000000000000000000000E7
:104AE00000000000000000000010000000000000B6
:104AF00000000000000000000000000000000000B6
:104B00000C9C001FF00000000000000000000000EE
:104B10000000000000000000000000100000000085
:104B2000000000000000000000000000003F01FC49
:104B30000000188E003FF800000000000000000098
:104B40000000000000000000000000000010000055
:104B5000000000000000000000000000000000FF56
:104B6000C7FE00003087007FFC000000000000004E
:104B70000000000000000000000000000000001025
:104B80000000000000000000000000000000000025
:104B900000F3C79F0000608380FFFE00000000005C
:104BA0000000000000000000000000000000000005
:104BB00000100000000000000000000000000000E5
:104BC000000001C0EE070000C081C1FFFF0000002F
:104BD00000000000000000000000000000000000D5
:104BE000000000100000000007FFFFFFFF000000B2
:104BF0000000000001C08E0380018080E3FFFF8081
:104C000000000000000000000000000000000000A4
:104C1000000000000010000000000400000001007F
:104C200000000000000001800C038001808067FF0D
:104C3000FF800000000000000000000000000000F5
:104C40000000000000000010000000000400000050
:104C5000010000000000000001800C03BE00C080C5
:104C6000C3FFFF0000000000000000000000000083
:104C70000000000000000000001000000000040020
:104C80000000010000000000000001800C03F6009D
:104C9000608181FFFE0000000000000000000000B5
:104CA00000000000000000000000001000000000F4
:104CB00004000000010000000000000001C02E03FD
:104CC0008600300300FFFC00000000000000000030
:104CD00000000000000000000000000000100000C4
:104CE000000004000000010000000000000001C0FE
:104CF000EE070E001886007FF8000000000000009C
:104D00000000000000000000000000000000001093
:104D1000000000000400000001000000000000008E
:104D200000F3C79F1C000C8C003FF0000000000047
:104D30000000000000000000000000000000000073
:104D4000001000000000040000000100000000004E
:104D5000000000FFC7FE38000618001FE00000003A
:104D60000000000000000000000000000000000043
:104D7000000000100000000004000000010000001E
:104D800000000000003F81FC7F000330000FC000E6
:104D90000000000000000000000000000000000013
:104DA00000000000001000000000040000000100EE
:104DB00000000000000000000000000001E000070B
:104DC0008000000000000000000000000000000063
:104DD0000000000000000010000000000401800C32
:104DE000010000000000000000000000000000C002
:104DF00000030000000000000000000000000000B0
:104E0000000000000000000000100000000004018D
:104E1000800C010000000000000000000000000005
:104E20000000000000000000000000000000000082
:104E30000000000000000000000000100000000062
:104E40000401800C010000000000000000000000D0
:104E50000000000000000000000000000000000052
:104E60000000000000000000000000000010000032
:104E700000000401800C01000000000000000000A0
:104E80000000000000000000000000000000000022
:104E90000000000000000000000000000000001002
:104EA000000000000401800C010000000000000070
:104EB00000000000000000000000000000000000F2
:104EC00000000000000000000000000000000000E2
:104ED00000100000000004000000010000000000BD
:104EE00000000000000000000000000000000000C2
:104EF00000000000000000000000000000000000B2
:104F0000000000100000000004000000010000008C
:104F10000000000000000000000000000000000091
:104F20000000000000000000000000000000000081
:104F3000000000000010000000000400000001005C
:104F40000000000000000000000000000000000061
:104F50000000000000000000000000000000000051
:104F6000000000000000001000000000040000002D
:104F70000100000000000000000000000000000030
:104F80000000000000000000000000000000000021
:104F900000000000000000000010000000000400FD
:104FA0000000010000000000000000000000000000
:104FB00000000000000000000000000000000000F1
:104FC00000000000000000000000001000000000D1
:104FD00004000000010000000000000000000000CC
:104FE00000000000000000000000000000000000C1
:104FF00000000000000000000000000000100000A1
:10500000000004000000010000000000000000009B
:105010000000000000000000000000000000000090
:105020000000000000000000000000000000001070
:10503000000000000400000001000000000000006B
:105040000000000000000000000000000000000060
:105050000000000000000000000000000000000050
:105060000010000000000400C0100100000000005B
:105070000000000000000000000000000000000030
:105080000000000000000000000000000000000020
:1050900000000010000000000400E07001000000AB
:1050A0000000000000000000000000000000000000
:1050B00000000000000000000000000000000000F0
:1050C00000000000001000000000040038E00100B3
:1050D00000000000000000000000000000000000D0
:1050E00000000000000000000000000000000000C0
:1050F00000000000000000100000000004001F80FD
:10510000010000000000000000000000000000009E
:10511000000000000000000000000000000000008F
:10512000000000000000000000100000000004006B
:105130000700010000000000000000000000000067
:10514000000000000000000000000000000000005F
:10515000000000000000000000000010000000003F
:10516000040000000100000000000000000000003A
:10517000000000000000000000000000000000002F
:10518000000000000000000000000000001000000F
:10519000000004000000010000000000000000000A
:1051A00000000000000000000000000000000000FF
:1051B00000000000000000000000000000000010DF
:1051C00000000000040000000100000000000000DA
:1051D00000000000000000000000000000000000CF
:1051E00000000000000000000000000000000000BF
:1051F000001000000000040000000100000000009A
:10520000000000000000000000000000000000009E
:10521000000000000000000000000000000000008E
:105220000000001000000000040000000100000069
:10523000000000000000000000000000000000006E
:10524000000000000000000000000000000000005E
:105250000000000000100000000004000000010039
:10526000000000000000000000000000000000003E
:10527000000000000000000000000000000000002E
:1052800000000000000000100000000007FFFFFF0A
:10529000FF0000000000000000000000000000000F
:1052A00000000000000000000000000000000000FE
:1052B00000000000000000000010000000000000DE
:1052C00000000000000000000000000000000000DE
:1052D00000000000000000000000000000000000CE
:1052E00000000000000000000000001000000000AE
:1052F00000000000000000000000000000000000AE
:10530000000000000000000000000000000000009D
:10531000000000000000000000000000001000007D
:10532000000000000000000000000000000000007D
:10533000000000000000000000000000000000006D
:10534000000000000000000000000000000000104D
:10535000000000000000000000000000000000004D
:10536000000000000000000000000000000000003D
:10537000000000000000000000000000000000002D
:10538000001000000000000000000000000000000D
:10539000000000000000000000000000000000000D
:1053A00000000000000000000000000000000000FD
:1053B00000000010000000000000000000000000DD
:1053C00000000000000000000000000000000000DD
:1053D00000000000000000000000000000000000CD
:1053E00000000000001000000000000000000000AD
:1053F00000000000000000000000000000000000AD
:10540000000000000000000000000000000000009C
:10541000000000000000001000000000000000007C
:10542000000000000000000000000000000000007C
:10543000000000000000000000000000000000006C
:10544000000000000000000000100000000000004C
:10545000000000000000000000000000000000004C
:1054600000000000000780003C000FF8001FF00063
:10547000000000000000000000000010000000001C
:10548000000000000000000000000000000000001C
:10549000000000000000000780003C003FFE007F8D
:1054A000FC000000000000000000000000100000F0
:1054B0000007DBFDF631F6FF0000000000000000F1
:1054C0000000000000000000000F80007C007FFF53
:1054D00000FFFE00000000000000000000000010BF
:1054E000000000060F6F863187CC0000000000002E
:1054F00000000000000000000000001F8000FC0011
:10550000FFFF80FFFE000000000000000000000020
:10551000001000000007CE61F631F7CC000000005B
:10552000000000000000000000000000003F8001BB
:10553000FC01FE3FC1FC7F000000000000000000F5
:1055400000000010000000060E61863187CC0000CC
:10555000000000000000000000000000000000FF4C
:105560008007FC01F80FC1F01F00000000000000E0
:10557000000000000010000000061F6F863185CC7F
:10558000000000000000000000000000000000001B
:1055900001FF800FFC01F007C3E00F800000000056
:1055A000000000000000001000000007DBFDF7BD58
:1055B000F4CC00000000000000000000000000002B
:1055C000000007FF803FFC03E003C3E00F80000002
:1055D00000000000000000000010000000000000BB
:1055E00000000000000000000000000000000000BB
:1055F0000000000007EF803F7C01E003E3E00F8044
:10560000000000000000000000000010000000008A
:10561000000000000000000000000000000000008A
:1056200000000000000007CF803E7C000003C3C0E4
:1056300007800000000000000000000000100000D3
:10564000000000000000000000000000000000005A
:105650000000000000000000070F80387C000003FD
:10566000C3C007C0000000000000000000000010E0
:10567000000000000000000000000000000000002A
:1056800000000000000000000000000F80007C000F
:105690000007C7C007C000000000000000000000B5
:1056A00000100000000000000000000000000000EA
:1056B000000000000000000000000000000F80005B
:1056C0007C00000FC7C007C0000000000000000001
:1056D00000000010000000000000000000000000BA
:1056E0000000000000000000000000000000000FAB
:1056F00080007C00000F87C007C000000000000091
:105700000000000000100000000000000000000089
:105710000000000000000000000000000000000089
:10572000000F80007C00001F07C007C000000000C1
:105730000000000000000010000000000000000059
:105740000000000000000000000000000000000059
:105750000000000F80007C00003F07C007C0000071
:105760000000000000000000001000000000000029
:105770000000000000000000000000000000000029
:1057800000000000000F80007C0000FE07C007C082
:1057900000000000000000000000001000000000F9
:1057A00000000000000000000000000000000000F9
:1057B000000000000000000F80007C0001FC07C01A
:1057C00007C0000000000000000000000010000002
:1057D00000000000000000000000000000000000C9
:1057E0000000000000000000000F80007C0003F8B3
:1057F00007C007C00000000000000000000000100B
:105800000000000000000000000000000000000098
:1058100000000000000000000000000F80007C007D
:1058200007F003C007C000000000000000000000F7
:105830000010000000000000000000000000000058
:10584000000000000000000000000000000F8000C9
:105850007C000FC003C007800000000000000000B3
:105860000000001000000000000000000000000028
:105870000000000000000000000000000000000F19
:1058800080007C003F8003E00F80000000000000EB
:1058900000000000001000000000000000000000F8
:1058A00000000000000000000000000000000000F8
:1058B000000F80007C007F0003E00F8000000000EC
:1058C00000000000000000100000000000000000C8
:1058D00000000000000000000000000000000000C8
:1058E0000000000F80007C00FE0003E00F8000003D
:1058F0000000000000000000001000000000000098
:105900000000000000000000000000000000000097
:1059100000000000000F80007C00F80001F01F0074
:105920000000000000000000000000100000000067
:105930000000000000000000000000000000000067
:10594000000000000000000F80007C01F80001FC56
:105950007F0000000000000000000000001FFFFFAB
:10596000FFFFFFFFFFFFFFFFFFFFFFFF0000000043
:105970000000000000000000000F80007C01FFFF1D
:10598000E0FFFE0000000000000000000000001F1B
:10599000FFFFFFFFFFFFFFFFFFFFFFFFFFFF000015
:1059A00000000000000000000000000F80007C03E9
:1059B000FFFFE0FFFE00000000000000000000000C
:1059C00000100000000000000000000000000000C7
:1059D000000000000000000000000000000F800038
:1059E0007C03FFFFE07FFC000000000000000000DF
:1059F0000000001000000000000000000000000097
:105A00000000000000000000000000000000000F87
:105A100080007C03FFFFE01FF0000000000000009A
:105A20000000000000100000000000000000000066
:105A30000000000000000000000000000000000066
:105A40000000000000000000000000000000000056
:105A50000000000000000010000000000000000036
:105A60000000000000000000000000000000000036
:105A70000000000000000000000000000000000026
:105A80000000000000000000001000000000000006
:105A90000000000000000000000000000000000006
:105AA00000000000000000000000000000000000F6
:105AB000FFDFC00000000000000000100000000038
:105AC00000000000000000000000000000000000D6
:105AD00000000000000000000000000000000000C6
:105AE0000000FFFFC00000000000000000100000E8
:105AF00000000000000000000000000000000000A6
:105B00000000000000000000000000000000000095
:105B100000000000CE7AC00000000000000000106D
:105B20000000000000000000000000000000000075
:105B30000000000000000000000000000000000065
:105B4000000000000000FFFAC0000000000000009C
:105B50000010000000000000000000000000000035
:105B60000000000000000000000000000000000035
:105B70000000000000000000FFDAC000000000008C
:105B800000000010003C00000000000000000000C9
:105B90000000000000000000000000000000000005
:105BA00000000000000000000000C600000000002F
:105BB000000000000010006E000000000000000067
:105BC00000000000000000000000000000000000D5
:105BD000000000000000000000000000C6000000FF
:105BE000000000000000001000C6000000000000DF
:105BF00000000000000000000000000000000000A5
:105C00000000000000000000000000000000000094
:105C10000000000000000000001000C200000000B2
:105C20000000000000000000000000000000000074
:105C30000000000000000000000000000000000064
:105C400000000000000000000000001000DA00006A
:105C50000000000000000000000000000000000044
:105C60000000000000000000000000000000000034
:105C7000000000000000000000000000001000DA3A
:105C80000000000000000000000000000000000014
:105C90000000000000000000000000000000000004
:105CA00000000000000000000000000000000010E4
:105CB00000DA00000000000000000000000000000A
:105CC00000000000000000000000000000000000D4
:105CD00000000000000000000000000000000000C4
:105CE000001000DA000000000000000000000000CA
:105CF00000000000000000000000000000000000A4
:105D00000000000000000000000000000000000093
:105D10000000001000DA0000000000000000000099
:105D20000000000000000000000000000000000073
:105D30000000000000000000000000000000000063
:105D400000000000001000DA000000000000000069
:105D50000000000000000000000000000000000043
:105D60000000000000000000000000000000000033
:105D7000000000000000001000DA00000000000039
:105D80000000000000000000000000000000000013
:105D90000000000000000000000000000000000003
:105DA00000000000000000000010019B0000000047
:105DB00000000000000000000000000000000000E3
:105DC00000000000000000000000000000000000D3
:105DD0000000000000000000000000100199800099
:105DE00000000000000000000000000000000000B3
:105DF00000000000000000000000000000000000A3
:105E00000000000000000000000000000010031867
:105E10008000000000000000000000000000000002
:105E20000000000000000000000000000000000072
:105E30000000000000000000000000000000001052
:105E40000218C00000000000000000000000000078
:105E50000000000000000000000000000000000042
:105E60000000000000000000000000000000000032
:105E700000100238C0000000000000000000000018
:105E80000000000000000000000000000000000012
:105E90000000000000000000000000000000000002
:105EA00000000010023CC0000000000000000000E4
:105EB00000000000000000000000000000000000E2
:105EC00000000000000000000000000000000000D2
:105ED0000000000000100318C000000000000000D7
:105EE00000000000000000000000000000000000B2
:105EF00000000000000000000000000000000000A2
:105F000000000000000000100301800000000000FD
:105F10000000000000000000000000000000000081
:105F20000000000000000000000000000000000071
:105F30000000000000000000001001C3800000000D
:105F40000000000000000000000000000000000051
:105F50000000000000000000000000000000000041
:105F600000000000000000000000001000FE000023
:105F70000000000000000000000000000000000021
:105F80000000000000000000000000000000000011
:105F900000000000000000000000000000100000F1
:105FA00000000000000000000000000000000000F1
:105FB00000000000000000000000000000000000E1
:105FC00000000000000000000000000000000010C1
:105FD00000000000000000000000000000000000C1
:105FE00000000000000000000000000000000000B1
:105FF00000000000000000000000000000000000A1
:106000000010000000000000000000000000000080
:106010000000000000000000000000000000000080
:106020000000000000000000000000000000000070
:106030000000001000000000000000000000000050
:106040000000000000000000000000000000000050
:106050000000000000000000000000000000000040
:106060000000000000100000000000000000000020
:106070000000000000000000000000000000000020
:106080000000000000000000000000000000000010
:1060900000000000000000100000000000000000F0
:1060A00000000000000000000000000000000000F0
:1060B00000000000000000000000000000000000E0
:1060C00000000000000000000010000000000000C0
:1060D00000000000000000000000000000000000C0
:1060E00000000000000000000000000000000000B0
:1060F0000000000000000000000000100000000090
:10610000000000000000000000000000000000008F
:10611000000000000000000000000000000000007F
:10612000000000000000000000000000001000005F
:10613000000000000000000003E00000000000007C
:10614000000000000000000000000000000000004F
:10615000000000000000000000000000000000102F
:1061600000000000000000000000076000000000C8
:10617000000000000000000000000000000000001F
:10618000000000000000000000000000000000000F
:1061900000100000000000000000000006300000B9
:1061A00000000000000000000000000000000000EF
:1061B00000000000000000000000000000000000DF
:1061C0000000001000000000000000000000063089
:1061D00000000000000000000000000000000000BF
:1061E00000000000000000000000000000000000AF
:1061F000000000000010000000000000000000008F
:106200000760000000000000000000000000000027
:10621000000000000000000000000000000000007E
:10622000000000000000001000000000000000005E
:10623000000003E000000000000000000200000079
:10624000000000000000000000000000000000004E
:1062500000000000000000400010000000000000EE
:1062600000000000000FF00000000000000002002D
:10627000000000000000000000000000000000001E
:1062800000000000000000000040001000000000BE
:10629000000000000000000E000000000063EF9FFF
:1062A00002000000000000000000000000000000EC
:1062B000000000000000000000000040001000008E
:1062C0000000000000000000000E0000000000E7D9
:1062D0006DDB8200000000000000000000000000F4
:1062E000000000000000000000000000004000105E
:1062F00000000000000000000000000E0000000090
:1063000001E60CFB8200000000000000000000001D
:10631000000000000000000000000000000000403D
:10632000001000000000000000000000000FE0006E
:1063300000000167FCF18200000000000000000086
:10634000000000000000000000000000000000004D
:106350000040001000000000000000000000000EDF
:106360000000000000677CF18200000000000000D7
:10637000000000000000000000000000000000001D
:1063800000000040001000000001FE001FE00000BF
:10639000000E0000000000667CF18200000000009A
:1063A00000000000000000000000000000000000ED
:1063B000000000000040001000000003FF807FF894
:1063C0000000000E0000000000667CF98200000062
:1063D00000000000000000000000000000000000BD
:1063E0000000000000000040001000000007FFC097
:1063F000FFFC0000000E0000000000676DDB820063
:10640000000000000000000000000000000000008C
:106410000000000000000000004000100000000F1D
:10642000CFC0F8FC0000000E000000000063EF9FEA
:10643000020000000000000000000000000000005A
:1064400000000000000000000000004000100000FC
:10645000000F03E1F03E000000000000000000001B
:10646000000002000000000000000000000000002A
:1064700000000000000000000000000000400010CC
:106480000000001F01E1E01E00000000000000000D
:1064900000000000020000000000000000000000FA
:1064A00000000000000000000000000000000040AC
:1064B00000100000001E01E1E01E000000000000CE
:1064C00000000000000002000000000000000000CA
:1064D00000000000000000000000000000000000BC
:1064E000004000100000001E0001E01E000000003F
:1064F000000000000000000002000000000000009A
:10650000000000000000000000000000000000008B
:106510000000004000100000003C0001F03E0007B9
:10652000E000000000000000000002000000000089
:10653000000000000000000000000000000000005B
:1065400000000000004000100000003CFE00F87C4D
:10655000000FF0000000000000000000020000003A
:10656000000000000000000000000000000000002B
:10657000000000000000004000100000003DFF800F
:106580007FF8001E70000000000000000000020004
:1065900000000000000000000000000000000000FB
:1065A0000000000000000000004000100000003F5C
:1065B000FFC03FF0001C3800000000000000000099
:1065C00002000000000000000000000000000000C9
:1065D000000000000000000000000040001000006B
:1065E000003FC7E0FFF80000380000000000000096
:1065F0000000020000000000000000000000000099
:10660000000000000000000000000000004000103A
:106610000000003F03E1F8FC0000F0000000000073
:106620000000000002000000000000000000000068
:10663000000000000000000000000000000000401A
:1066400000100000003E01E1F03E0003E000000009
:106650000000000000000200000000000000000038
:10666000000000000000000000000000000000002A
:10667000004000100000003E01F3E01E0003F000A7
:106680000000000000000000020000000000000008
:1066900000000000000000000000000000000000FA
:1066A0000000004000100000003C00F3C01F00008C
:1066B0007800000000000000000002000000000060
:1066C00000000000000000000000000000000000CA
:1066D00000000000004000100000003C00F3C00F6C
:1066E0000000380000000000000000000200000070
:1066F000000000000000000000000000000000009A
:10670000000000000000004000100000003E00F308
:10671000C00F00001C00000000000000000002008C
:106720000000000000000000000000000000000069
:106730000000000000000000004000100000001EEB
:1067400001F3C01F001C3800000000000000000022
:106750000200000000000000000000000000000037
:1067600000000000000000000000004000100000D9
:10677000001E01E3E01E001E780000000000000083
:106780000000020000000000000000000000000007
:1067900000000000000000000000000000400010A9
:1067A0000000001F03E1E03E038FF0000000000046
:1067B00000000000020000000000000000000000D7
:1067C0000104000000000000000000000000004084
:1067D00000100000000FC7C1FC7E0387E00000002E
:1067E00000000000000002000000000000000000A7
:1067F0000000010400000000000000000000000094
:106800000040001000000007FFC0FFFC0000000077
:106810000000000000000000020000000000000076
:106820000000000001040000000000000000000063
:1068300000000040001000000003FF807FF800000F
:106840000000000000000000000002000000000046
:106850000000000000000104000000000000000033
:10686000000000000040001000000001FE001FE0DA
:106870000000000000000000000000000200000016
:106880000000000000000000010400000000000003
:1068900000000000000000400010000000000000A8
:1068A00000000000000000000000000000000200E6
:1068B00000000000000000000000010400000000D3
:1068C0000000000000000000004000100000000078
:1068D00000000000000000000000000000000000B8
:1068E00002000000000000000000000001040000A1
:1068F0000000000000000000000000400010000048
:106900000000000000000000000000000000000087
:106910000000020000000000000000000000010470
:106920000000000000000000000000000040001017
:106930000000000000000000000000000000000057
:106940000000000002000000000000000000000045
:1069500001040000000000000000000000000040F2
:106960000010000000000000000000000000000017
:106970000000000000000200000000000000000015
:106980000000010400000000000000000000000002
:1069900000400010000000000000000000000000A7
:1069A00000000000000000000200000000000000E5
:1069B00000000000010400000000000000000000D2
:1069C0000000004000100000000000000000000077
:1069D00000000000000000000000020000000000B5
:1069E00000000000000001040000000000000000A2
:1069F0000000000000400010000000000000000047
:106A00000000000000000000000000000200000084
:106A10000000000000000000010400000000000071
:106A20000000000000000040001000000000000016
:106A30000000000000000000000000000000020054
:106A40000000000000000000000001040000000041
:106A500000000000000000000040001000000000E6
:106A60000000000000000000000000000000000026
:106A7000020000000000000000000000010400020D
:106A8000080000000000000000C2004000100000EC
:106A900000000000000000000000000000000000F6
:106AA00000000200000000000000000000000104DF
:106AB0000002080000000000000000C200400010BA
:106AC00000000000000000000000000000000000C6
:106AD00000000000020000000000000000000000B4
:106AE00001040002080000000000000000C2004095
:106AF0000010000000000000000000000000000086
:106B00000000000000000200000000000000000083
:106B1000000001040002080000000000000000C2A4
:106B20000040001000000000000000000000000015
:106B30000000000000000000020000000000000053
:106B40000000000001040002080000000000000036
:106B500000C2004000100000000000000000000023
:106B60000000000000000000000002000000000023
:106B70000000000000000104000208000000000006
:106B8000000000C2004000100000000000000000F3
:106B900000000000000000000000000002000000F3
:106BA00000000000000000000104000208000000D6
:106BB0000000000000C200400010000000000000C3
:106BC00000000000000000000000000000000200C3
:106BD00000000000000000000000010400020800A6
:106BE00000000000000000C2004000100000000093
:106BF0000000000000000000000000000000000095
:106C0000020000000000000000000000010400027B
:106C1000080000000000000000C20040001000005A
:106C20000000000000000000000000000000000064
:106C3000000002000000000000000000000001044D
:106C40000002080000000000000000C20040001028
:106C50000000000000000000000000000000000034
:106C60000000000002000000000000000000000022
:106C700001040002080000000000000000C2004003
:106C800000100000000000000000000000000000F4
:106C900000000000000002000000000000410000B1
:106CA000000001040002080004300000000000C2DF
:106CB0000040001FFFFFFFFFFFFFFFFFFFFFFFFF81
:106CC000FFFF000000000000020000000000004183
:106CD0000000000001040002080004300000000071
:106CE00000C2004000100000000000000000000092
:106CF0000000000000000000000002000000000092
:106D0000004100000000010400820800043000007F
:106D1000000010C200400010000000000000000051
:106D20000000000000000000000000000200000061
:106D3000000000410000000001040082080004304F
:106D40000000000010C20040001000000000000021
:106D50000000000000000000000000000000020031
:106D60000000000000410000000001040082080053
:106D700004300000000010C20040001000000000BD
:106D80000000000000000000000000000000000003
:106D90000200000000000041000000000104008229
:106DA000080004300000000010C200400010000085
:106DB00000000000000000000000000000000000D3
:106DC000000002000000000000410000000001047B
:106DD0000082080004300000000010C200400010D3
:106DE00000000000000000000000000000000000A3
:106DF0000000000002000000000200410000000846
:106E000001040082086004300000010010C2084044
:106E1000001000180000000000000000000000004A
:106E2000000000000000020000000002004100001D
:106E3000000801040082086004300000010010C254
:106E400008400010001800000000000000000000D2
:106E500000000000000000000200000000020041ED
:106E600000000008010400820860043000000100F6
:106E700010C208400010003C0000000000000000AC
:106E800000000000000000000000020000000002FE
:106E90000041000000080104008208600430000086
:106EA000010010C208400010003600000000000081
:106EB00000000000000000000000000002000000D0
:106EC0000002004100000008010400820860043054
:106ED0000000010010C20840001000660000000021
:106EE00000000000000000000000000000000200A0
:106EF0000000000200410000000801040082086058
:106F000004300000010010C20840001000C300005F
:106F10000000000000000000000000000000000071
:106F2000020000000002004100000008010400828D
:106F3000086004300000010010C20840001000C3C7
:106F40000000000000000000000000000000000041
:106F500000000200000000020041000000080104DF
:106F60000082086004300000010010C208400010D8
:106F7000018180000000000000000000000000000F
:106F800000000000020001000002004104000008AF
:106F900001043082086004308000010010C2084003
:106FA00000100180800000000000000000000000D0
:106FB00000000000000002000100308208410400CF
:106FC000820861043082086104308008610410C2C4
:106FD000084000100300C000000000000000000096
:106FE00000000000000000000200010030820841A3
:106FF0000400820861043082086104308008610462
:1070000010C2084000100300400000000000000013
:1070100000000000000000000000020001003082BB
:10702000084104008208610430820861043080084D
:10703000610410C20840001002006000000000005F
:10704000000000000000000000000000020001003D
:1070500030820841040082086104308208610430F3
:107060008008610410C208400010020060000000A7
:10707000000000000000000000000000000002000E
:1070800001003082084104008208610430820861F6
:1070900004308008610410C2084000100203600040
:1070A00000000000000000000000000000000000E0
:1070B000020001003082084104008208610430822D
:1070C000086104308008610410C208400010020703
:1070D0006000000000000000000000000000000050
:1070E0000000021841043082084104308208610423
:1070F0003082086104308208610410C20840001028
:107100000304400000000000000000000000000038
:107110000000000002184104308208410430820857
:1071200061043082086104308208610410C20840A2
:1071300000100381C00000000000000000000000FB
:1071400000000000000002184104308208410430B1
:10715000820861043082086104308208610410C230
:107160000840001000FF00000000000000000000C8
:1071700000000000000000000218410430820841B5
:10718000043082086104308208610430820861049E
:1071900010C20840001000000000000000000000C5
:1071A00000000000000000000000021841043082CE
:1071B000084104308208610430820861043082088A
:1071C000610410C208400010000000000000000030
:1071D0000000000000000000000000000218410450
:1071E0003082084104308208610430820861043032
:1071F0008208610410C20840001000000000000076
:107200000000000000000000000000000000021864
:1072100041043082084104308208610430820861F0
:1072200004308208610410C2084000100000000011
:10723000000000000000007CE000000000000000F2
:10724000021841043082084104308208610430820F
:10725000086104308208610410C208400010000078
:107260000000000000000000007CC00000000000E2
:107270000000021841043082084104308208610491
:107280003082086104308208610410C20840001096
:1072900000000000000000000000006FC0000000BF
:1072A00000019F3E021841043082084104308208E8
:1072B00061043082086104308208610410C2084011
:1072C000001000000000000000000000007D8000B1
:1072D000000000039BF6021841043082084104308C
:1072E000820861043082086104308208610410C29F
:1072F0000840001000000000000000000000007FB7
:1073000000000000000799E602184104308208419D
:10731000043082086104308208610430820861040C
:1073200010C20840001000000001FE007FFE0000B7
:107330000007F00000000007B9E70218410430829E
:1073400008410430820861043082086104308208F8
:10735000610410C20840001000000007FF007FFE1B
:1073600000000007F8000000000FB9E70218410410
:1073700030820841043082086104308208610430A0
:107380008208610410C2084000100000000FFF8056
:107390007FFE0000000FD8000000001DB9E70218B2
:1073A000410430820841043082086104308208615F
:1073B00004308208610410C2084000100000001F61
:1073C000CFC0F8000000000DF8000000001FD9E653
:1073D000021841043082084104308208610430827E
:1073E000086104308208610410C2084000100000E7
:1073F000001F03E0F0000000001CF000000000018E
:107400009BF60200000000000000000000000000E9
:10741000000000000000000000000000004000101C
:107420000000003E01E0F00000000000000000004D
:1074300000019F3E0200000000000000000000006C
:1074400000000000000000000000000000000040FC
:1074500000100000003E01E0F0000000000000000D
:10746000000000000000020000000000000000001A
:10747000000000000000000000000000000000000C
:10748000004000100000003C01F0F000000000008F
:1074900000000000000000000200000000000000EA
:1074A00000000000000000000000000000000000DC
:1074B0000000004000100000003C01F1EFE000007F
:1074C000E000000000000000000003FFFFFFFFFFDE
:1074D000FFFFFFFFFFFFFFFFFFFFFFFFFFFFFFFFBC
:1074E000FFFFFFFFFFC000100000003C01F1FFF8AC
:1074F0000001E000000000000000000000000000AB
:10750000000000000000000000000000000000007B
:10751000000000000000000000100000003C01F12D
:10752000FFFC0003E000000000000000000000007D
:10753000000000000000000000000000000000004B
:107540000000000000000000000000100000003EED
:1075500001F1F87E000FE0000000000000000000D4
:10756000000000000000000000000000000000001B
:1075700000000000000000000000000000100000FB
:10758000001F03F1E03E000EE000000000000000DC
:1075900000000000000000000000000000000000EB
:1075A00000000000000000000000000000000010CB
:1075B0000000001F8FF0001F000CE0000000000022
:1075C00000000000000000000000000000000000BB
:1075D00000000000000000000000000000000000AB
:1075E00000100000000FFFF0000F0000E00000009E
:1075F000000000000000000000000000000000008B
:10760000000000000000000000000000000000007A
:107610000000001000000007FEF0000F0000E00076
:10762000000000000000000000000000000000005A
:10763000000000000000000000000000000000004A
:1076400000000000001000000003FCF0000F00002C
:10765000E00000000000000000000000000000004A
:10766000000000000000000000000000000000001A
:1076700000000000000000100000000001F0000FFA
:107680000000E0000000000000000000000000001A
:1076900000000000000000000000000000000000EA
:1076A000000000000000000000100000000001E0E9
:1076B000000F0000E00000000000000000000000DB
:1076C00000000000000000000000000000000000BA
:1076D0000000000000000000000000100000001E7C
:1076E00001E3C01F0000E0000000000000000000F7
:1076F000000000000000000000000000000000008A
:107700000000000000000000000000000010000069
:10771000001E03E3E01E0000E00000000000000087
:107720000000000000000000000000000000000059
:107730000000000000000000000000000000001039
:107740000000001F03C1E03E0380E00000000000D5
:107750000000000000000000000000000000000029
:107760000000000000000000000000000000000019
:1077700000100000001F8FC1F8FC0380E000000033
:1077800000000000000000000000000000000000F9
:1077900000000000000000000000000000000000E9
:1077A000000000100000000FFF80FFFC0000000040
:1077B00000000000000000000000000000000000C9
:1077C00000000000000000000000000000000000B9
:1077D00000000000001000000007FF007FF800001C
:1077E0000000000000000000000000000000000099
:1077F0000000000000000000000000000000000089
:10780000000000000000001000000003FC003FE04A
:107810000000000000000000000000000000000068
:107820000000000000000000000000000000000058
:107830000000000000000000001000000000000038
:107840000000000000000000000000000000000038
:107850000000000000000000000000000000000028
:107860000000000000000000000000100000000008
:107870000000000000000000000000000000000008
:1078800000000000000000000000000000000000F8
:1078900000000000000000000000000000100000D8
:1078A00000000000000000000000000000000000D8
:1078B00000000000000000000000000000000000C8
:1078C00000000000000000000000000000000010A8
:1078D00000000000000000000000000000000000A8
:1078E0000000000000000000000000000000000098
:1078F0000000000000000000000000000000000088
:107900000010000000000000000000000000000067
:107910000000000000000000000000000000000067
:107920000000000000000000000000000000000057
:107930000000001000000000000000000000000037
:107940000000000000000000000000000000000037
:107950000000000000000000000000000000000027
:107960000000000000100000000000000000000007
:107970000000000000000000000000000000000007
:1079800000000000000000000000000000000000F7
:1079900000000000000000100000000000000000D7
:1079A00000000000000000000000000000000000D7
:1079B00000000000000000000000000000000000C7
:1079C00000000000000000000010000000000000A7
:1079D00000000000000000000000000000000000A7
:1079E0000000000000000000000000000000000097
:1079F0000000000000000000000000100000000077
:107A00000000000000000000000000000000000076
:107A10000000000000000000000000000000000066
:107A20000000000000000000000000000010000046
:107A30000000000000000000000000000000000046
:107A40000000000000000000000000000000000036
:107A50000000000000000000000000000000001016
:107A60000000000000000000000000000000000016
:107A70000000000000000000000000000000000006
:107A800000000000000000000000000000000000F6
:107A900000100000000000000000000000000000D6
:107AA00000000000000000000000000000000000D6
:107AB00000000000000000000000000000000000C6
:107AC00000000010000000000000000000000000A6
:107AD00000000000000000000000000000000000A6
:107AE0000000000000000000000000000000000096
:107AF0000000000000100000000000000000000076
:107B00000000000000000000000000000000000075
:107B10000000000000000000000000000000000065
:107B20000000000000000010000000000000000045
:107B30000000000000000000000000000000000045
:107B40000000000000000000000000000000000035
:107B50000000000000000000001000000000000015
:107B60000000000000000000000000000000000015
:107B70000000000000000000000000000000000005
:107B800000000000000000000000001000000000E5
:107B900000000000000000000000000000000000E5
:107BA00000000000000000000000000000000000D5
:107BB00000000000000000000000000000100000B5
:107BC00000000000000000000000000000000000B5
:107BD00000000000000000000000000000000000A5
:107BE0000000000000000000000000000000000095
:107BF0000000000000000000000000000000000085
:107C00000000000000000000000000000000000074
:107C10000000000000000000000000000000000064
:107C20000000000000000000000000000000000054
:107C30000000000000000000000000000000000044
:107C40000000000000000000000000000000000034
:107C50000000000000000000000000000000000024
:107C60000000000000000000000000000000000014
:107C70000000000000000000000000000000000004
:107C800000000000000000000000000000000000F4
:107C900000000000000000000000000000000000E4
:107CA00000000000000000000000000000000000D4
:107CB00000000000000000000000000000000000C4
:107CC00000000000000000000000000000000000B4
:107CD00000000000000000000000000000000000A4
:107CE0000000000000000000000000000000000094
:107CF0000000000000000000000000000000000084
:107D00000000000000000000000000000000000073
:107D10000000000000000000000000000000000063
:107D20000000000000000000000000000000000053
:107D30000000000000000000000000000000000043
:107D40000000000000000000000000000000000033
:107D50000000000000000000000000000000000023
:107D60000000000000000000000000000000000013
:107D70000000000000000000000000000000000003
:107D800000000000000000000000000000000000F3
:107D900000000000000000000000000000000000E3
:107DA00000000000000000000000000000000000D3
:107DB00000000000000000000000000000000000C3
:107DC00000000000000000000000000000000000B3
:107DD00000000000000000000000000000000000A3
:107DE0000000000000000000000000000000000093
:107DF0000000000000000000000000000000000083
:107E00000000000000000000000000000000000072
:107E10000000000000000000000000000000000062
:107E20000000000000000000000000000000000052
:107E30000000000000000000000000000000000042
:107E40000000000000000000000000000000000032
:107E50000000000000000000000000000000000022
:107E60000000000000000000000000000000000012
:107E70000000000000000000000000000000000002
:107E800000000000000000000000000000000000F2
:107E900000000000000000000000000000000000E2
:107EA00000000000000000000000000000000000D2
:107EB00000000000000000000000000000000000C2
:107EC00000000000000000000000000000000000B2
:107ED00000000000000000000000000000000000A2
:107EE0000000000000000000000000000000000092
:107EF0000000000000000000000000000000000082
:107F00000000000000000000000000000000000071
:107F10000000000000000000000000000000000061
:107F20000000000000000000000000000000000051
:107F30000000000000000000000000000000000041
:107F40000000000000000000000000000010000021
:107F50000000000000000000000000000000000021
:107F60000000000000000000000000000000000011
:107F70000000000000000000000FFFF800000010EB
:107F800000000000000000000000000000000000F1
:107F900000000000000000000000000000000000E1
:107FA00000000000000000000000000C00080000BD
:107FB00000100000000021C0E3800E38F3C071C043
:107FC0007040000000000000000000000000000001
:107FD000000000000000000000000000000DB6CA14
:107FE0000000019000000000624092401124924085
:107FF000922089C000000000000000000000000086
:108000000000000000000000000000000000000D63
:10801000B6CA00000190000000002148324001046F
:108020001040828088400000000000000000000036
:108030000000000000000000000000000000000040
:10804000000DB6CA000001900000000021C0604091
:10805000020410408340884000000000000000003F
:108060000000000000000000000000000000000010
:108070000000000DB6CA0000099000000000222098
:1080800012400404208E822E884000000000000070
:1080900000000000000000000000000000000000E0
:1080A00000000000000DB6CA0000099000000000AA
:1080B000222112400824C3009220884000000000C2
:1080C00000000000000000000000000000000000B0
:1080D000000000000000000DB6CA0000C9900000BA
:1080E000000021C8E3C01F38F3C071C07040000019
:1080F0000000000000000000000000000000000080
:108100000000000000000000000C00080000C99002
:10811000000000000000000000000000000000005F
:10812000000000000000000000000000000000004F
:1081300000000000000000000000000FFFF8000039
:10814000C9900000000000000000000000000000D6
:10815000000000000000000000000000000000001F
:10816000000000000000000000000000000000000F
:1081700000000000000000000000000000000000FF
:1081800000000000000000000000000000000000EF
:1081900000000000000000000000000000000000DF
:1081A00000000000000000000000000000000000CF
:1081B00000000000000000000000000000000000BF
:1081C00000000000000000000000000000000000AF
:1081D000000000000000000000000000000000009F
:1081E000000000000000000000000000000000008F
:1081F000000000000000000000000000000000007F
:10820000000000000000000000000000000000006E
:10821000000000000000000000000000000000005E
:10822000000000000000000000000000000000004E
:10823000000000000000000000000000000000003E
:10824000000000000000000000000000000000002E
:10825000000000000000000000000000000000001E
:10826000000000000000000000000000000000000E
:10827000FFFFFFFFFFFFFFFFFFFFFFFFFFFFFFFF0E
:10828000FFFFFFFFFFFFFFFFFFFFFFFFFFFFFFFFFE
:10829000FFFFFFFFFFFFFFFFFFFFFFFFFFFFFFFFEE
:1082A000FFFF0000000000000000000000000000D0
:1082B00000000000000000000000000000000000BE
:1082C000000000000020000000000000000000008E
:1082D000000000000000000000000000000000009E
:1082E000000000000000000000000000000000008E
:1082F000000000000000002000000000000000005E
:10830000000000000000000000000000000000006D
:10831000000000000000000000000000000000005D
:10832000000000000000000000200000000000002D
:10833000000000000000000000000000000000003D
:10834000000000000000000000000000000000002D
:1083500000000000000000000000002000000000FD
:10836000000000000000000000000000000000000D
:1083700000000000000000000000000000000000FD
:1083800000000000000000000000000000200000CD
:1083900000000000000000000000000000000000DD
:1083A00000000000000000000000000000000000CD
:1083B000000000000000000000000000000000209D
:1083C00000000000000000000000000000000000AD
:1083D000000000000000000000000000000000009D
:1083E000000000000000000000000000000000008D
:1083F000002000000000000000000000000000005D
:10840000000000000000000000000000000000006C
:10841000000000000000000000000000000000005C
:10842000000000200000000000000000000000002C
:10843000000000000000000000000000000000003C
:10844000000000000000000000000000000000002C
:1084500000000000002000000000000000000000FC
:10846000000000000000000000000000000000000C
:1084700000000000000000000000000000000000FC
:1084800000000000000000200000000000000000CC
:1084900000000000000000000000000000000000DC
:1084A00000000000000000000000000000000000CC
:1084B000000000000000000000200000000000009C
:1084C00000000000000000000000000000000000AC
:1084D000000000000000000000000000000000009C
:1084E000000000000000000000000020000000006C
:1084F000000000000000000000000000000000007C
:10850000000000000000000000000000000000006B
:10851000000000000000000000000000002000003B
:10852000000000000000000000000000000000004B
:10853000000000000000000000000000000000003B
:10854000000000000000000000000000000000200B
:10855000000000000000000000000000000000001B
:10856000000000000000000000000000000000000B
:1085700000000000000000000000000000000000FB
:1085800000200000000000000000000000000000CB
:1085900000000000000000000000000000000000DB
:1085A00000000000000000000000000000000000CB
:1085B000000000200000000000000000000000009B
:1085C00000000000000000000000000000000000AB
:1085D000000000000000000000000000000000009B
:1085E000000000000020000000000000000000006B
:1085F000000000000000000000000000000000007B
:10860000000000000000000000000000000000006A
:10861000000000000000002000000000000000003A
:10862000000000000000000000000000000000004A
:10863000000000000000000000000000000000003A
:108640000000000000000000002000000000FFFF0C
:10865000FFFFFFE00000000000000000000000003D
:10866000000000000000000000000000000000000A
:1086700000000000000000000000002000000000DA
:10868000FFFFFFFFFFE0000000000000000000000F
:1086900000000000000000000000000000000000DA
:1086A00000000000000000000000000000200000AA
:1086B0000000FFFFFFFFFFE00000000000000000DF
:1086C0000000000001800018000000000000000011
:1086D000000000000000000000000000000000207A
:1086E00000000000C000000000E0000000000000EA
:1086F00000000000000002C0003C0000000000007C
:108700000000000000000000000000000000000069
:10871000002000000000C000000000E00000000099
:1087200000000000000000000460007E0000000067
:108730000000000000000000000000000000000039
:108740000000002000000000C000000000E0000069
:1087500000000000003C01E00000093000F70000CC
:108760000000000000000000000000000000000009
:1087700000000000002000000000C000000000E039
:1087800000000000000000FF07F80000111801F7CA
:108790008000000000000000000000000000000059
:1087A000000000000000002000000000C0000000E9
:1087B00000E000000000000001C18E0C0000210C50
:1087C00003F7C000000000000000000000000000EF
:1087D0000000000000000000002000000000C000B9
:1087E000000000E000000000000001818C06000095
:1087F000410607F7E0000000000000000000000054
:108800000000000000000000000000200000000048
:10881000C000000000E00000000000000100180699
:10882000000081030FF7F0000000000000000000CE
:108830000000000000000000000000000020000018
:108840000000C000000000E0000000000000030085
:108850001802000101010FF7F800000000000000FD
:1088600000000000000000000000000000000020E8
:1088700000000000C01E000F00E00000000000002B
:10888000030018020000810207F7F000000000005A
:1088900000000000000000000000000000000000D8
:1088A000002000000000C01E000F00E000000000DB
:1088B0000000030018027C00410403F7E000000000
:1088C00000000000000000000000000000000000A8
:1088D0000000002000000000C01E000F00E00000AB
:1088E00000000000030018020400200801FFC0007F
:1088F0000000000000000000000000000000000078
:1089000000000000002000000000C01E000F00E07A
:108910000000000000000100C8060C00111000F764
:1089200080000000000000000000000000000000C7
:10893000000000000000002000000000C01E000F2A
:1089400000E000000000000001818C0618000920F2
:1089500000770000000000000000000000000000A0
:108960000000000000000000002000000000C01E09
:10897000000F00E000000000000000C3860C300083
:108980000440003E00000000000000000000000065
:1089900000000000000000000000002000000000B7
:1089A000C01E000F00E0000000000000007F03F880
:1089B0007C000280001C000000000000000000009D
:1089C0000000000000000000000000000020000087
:1089D0000000C01E000F00E00000000000000018B2
:1089E00000C00000010000080000000000000000BE
:1089F0000000000000000000000000000000002057
:108A000000000000C01E000F00E000000000000099
:108A10000000000000000000000000000000000056
:108A20000000000000000000000000000000000046
:108A3000002000000000C000000000E00000000076
:108A40000000000000000000000000000000000026
:108A50000000000000000000000000000000000016
:108A60000000002000000000C000000000E0000046
:108A700000000000000000000000000000000000F6
:108A800000000000000000000000000000000000E6
:108A900000000000002000000000C000000000E016
:108AA00000000000000000000000000000000000C6
:108AB00000000000000000000000000000000000B6
:108AC000000000000000002000000000C0000000C6
:108AD00000E00000000000000000000000000000B6
:108AE0000000000000000000000000000000000086
:108AF0000000000000000000002000000000C00096
:108B0000000000E000000000000000000000000085
:108B10000000000000000000000000000000000055
:108B20000000000000000000000000200000000025
:108B3000C000000000E00000000000000000000095
:108B40000000000000000000000000000000000025
:108B500000000000000000000000000000200000F5
:108B60000000C000000000E0000000000000000065
:108B700000000000000000000000000000000000F5
:108B800000000000000000000000000000000020C5
:108B900000000000C000000000E000000000000035
:108BA00000000000000000000000000000000000C5
:108BB00000000000000000000000000000000000B5
:108BC000002000000000C004000800E000000000D9
:108BD0000000000000000000000000000000000095
:108BE0000000000000000000000000000000000085
:108BF0000000002000000000C007001800E0000096
:108C00000000000000000000000000000000000064
:108C10000000000000000000000000000000000054
:108C200000000000002000000000C00F807C00E079
:108C30000000000000000000000000000000000034
:108C40000000000000000000000000000000000024
:108C5000000000000000002000000000C00FE0FC49
:108C600000E0000000000000000000000000000024
:108C700000000000000000000000000000000000F4
:108C80000000000000000000002000000000C00301
:108C9000F3F000E000000000000000000000000011
:108CA00000000000000000000000000000000000C4
:108CB0000000000000000000000000200000000094
:108CC000C001FFE000E00000000000000000000024
:108CD0000000000000000000000000000000000094
:108CE0000000000000000000000000000020000064
:108CF0000000C0007F8000E00000000000000000D5
:108D00000000000000000000000000000000000063
:108D10000000000000000000000000000000002033
:108D200000000000C0003F0000E000000000000064
:108D30000000000000000000000000000000000033
:108D40000000000000000000000000000000000023
:108D5000002000000000C0000C0000E00000000047
:108D60000000000000000000000000000000000003
:108D700000000000000000000000000000000000F3
:108D80000000002000000000C000000000E0000023
:108D900000000000000000000000000000000000D3
:108DA00000000000000000000000000000000000C3
:108DB00000000000002000000000C000000000E0F3
:108DC00000000000000000000000000000000000A3
:108DD0000000000000000000000000000000000093
:108DE000000000000000002000000000C0000000A3
:108DF00000E0000000000000000000000000000093
:108E00000000000000000000000000000000000062
:108E10000000000000000000002000000000C00072
:108E2000000000E000000000000000000000000062
:108E30000000000000000000000000000000000032
:108E40000000000000000000000000200000000002
:108E5000FFFFFFFFFFE00000000000000000000037
:108E60000000000000000000000000000000000002
:108E700000000000000000000000000000200000D2
:108E80000000FFFFFFFFFFE0000000000000000007
:108E900000000000000000000000000000000000D2
:108EA00000000000000000000000000000000020A2
:108EB00000000000FFFFFFFFFFE0000000000000D7
:108EC00000000000000000000000000000000000A2
:108ED0000000000000000000000000000000000092
:108EE0000020000000000000000000000000000062
:108EF0000000000000000000000000000000000072
:108F00000000000000000000000000000000000061
:108F10000000002000000000000000000000000031
:108F20000000000000000000000000000000000041
:108F30000000000000000000000000000000000031
:108F40000000000000200000000000000000000001
:108F50000000000000000000000000000000000011
:108F60000000000000000000000000000000000001
:108F700000000000000000200000000000000000D1
:108F800000000000000000000000000000000000E1
:108F900000000000000000000000000000000000D1
:108FA00000000000000000000020000000000000A1
:108FB00000000000000000000000000000000000B1
:108FC00000000000000000000000000000000000A1
:108FD0000000000000000000000000200000000071
:108FE0000000000000000000000000000000000081
:108FF0000000000000000000000000000000000071
:109000000000000000000000000000000020000040
:109010000000000000000000000000000000000050
:109020000000000000000000000000000000000040
:109030000000000000000000000000000000002010
:109040000000000000000000000000000000000020
:109050000000000000000000000000000000000010
:109060000000000000000000000000000000000000
:1090700000200000000000000000000000000000D0
:1090800000000000000000000000000000030000DD
:10909000300007C000078000000000000000000052
:1090A00000000020000003F623C7C820FC89F80058
:1090B00000000000000000000000000000000007A9
:1090C000000070003FF8003FF000000000000000CA
:1090D0000000000000200000020246640820808892
:1090E0004000000000000000000000000000000040
:1090F000000F000070007FFC007FF80000000000FF
:10910000000000000000002000000201840408208C
:109110008048400000000000000000000000000047
:109120000000001F0000F000FE7E00FCFC000000BC
:1091300000000000000000000020000003E08407A1
:10914000C820F828400000000000000000000000D7
:1091500000000000003F0001F001F01F01F03C00A2
:1091600000000000000000000000002000000201DC
:109170008404082080284000000000000000000057
:10918000000000000000007F0007F001E00F81E018
:109190001E00000000000000000000000020000091
:1091A0000202442408208018400000000000000053
:1091B000000000000000000001FF000FF003C007E6
:1091C00083C01E000000000000000000000000201E
:1091D000000003F623C7CFBEFC08400000000000DB
:1091E0000000000000000000000003FF003F7003CB
:1091F000C00783C00F000000000000000000000056
:10920000002000000000000000000000000000003E
:1092100000000000000000000000000007CF007EFA
:109220007003C00783C00F000000000000000000B2
:10923000000000200000000000000000000000000E
:109240000000000000000000000000000000078F88
:1092500000787000000787800F0000000000000009
:1092600000000000002000000000000000000000DE
:1092700000000000000000000000000000000000EE
:10928000060F0070700000078780070000000000D4
:1092900000000000000000200000000000000000AE
:1092A00000000000000000000000000000000000BE
:1092B0000000000F0000700000078780070000001A
:1092C000000000000000000000200000000000007E
:1092D000000000000000000000000000000000008E
:1092E00000000000000F00007000000F07800780E2
:1092F000000000000000000000000020000000004E
:10930000000000000000000000000000000000005D
:10931000000000000000000F00007000001F078028
:109320000780000000000000000000000020000096
:10933000000000000000000000000000000000002D
:109340000000000000000000000F00007000003E60
:1093500007800780000000000000000000000020DF
:1093600000000000000000000000000000000000FD
:1093700000000000000000000000000F000070006E
:10938000007C078007800000000000000000000053
:1093900000200000000000000000000000000000AD
:1093A000000000000000000000000000000F0000AE
:1093B000700000F807800780000000000000000037
:1093C000000000200000000000000000000000007D
:1093D0000000000000000000000000000000000F7E
:1093E0000000700001F0078007800000000000000E
:1093F000000000000020000000000000000000004D
:10940000000000000000000000000000000000005C
:10941000000F0000700003E00780078000000000DC
:10942000000000000000002000000000000000001C
:10943000000000000000000000000000000000002C
:109440000000000F0000700007C007800700000048
:1094500000000000000000000020000000000000EC
:1094600000000000000000000000000000000000FC
:1094700000000000000F000070000F800780070050
:1094800000000000000000000000002000000000BC
:1094900000000000000000000000000000000000CC
:1094A000000000000000000F000070001F00078097
:1094B0000F0000000000000000000000002000007D
:1094C000000000000000000000000000000000009C
:1094D0000000000000000000000F000070007E008F
:1094E00003800F00000000000000000000000020CA
:1094F000000000000000000000000000000000006C
:1095000000000000000000000000000F00007000DC
:10951000FC0003C00F00000000000000000000007D
:10952000002000000000000000000000000000001B
:10953000000000000000000000000000000F00001C
:109540007000F00003C00E000000000000000000EA
:1095500000000020000000000000000000000000EB
:109560000000000000000000000000000000000FEC
:1095700000007001F00001E01E000000000000008B
:1095800000000000002000000000000000000000BB
:1095900000000000000000000000000000000000CB
:1095A000000F00007003E00001F03E00000000002A
:1095B000000000000000003FFFFFFFFFFFFFFFFF74
:1095C000FFFFFFFFFFFF00000000000000000000A1
:1095D0000000000F00007003FFFF80F87C00000017
:1095E000000000000000000000200000000000005B
:1095F000000000000000000000000000000000006B
:1096000000000000000F00007007FFFF80FFF8005F
:10961000000000000000000000000020000000002A
:10962000000000000000000000000000000000003A
:10963000000000000000000F00007007FFFF803FE7
:10964000F00000000000000000000000002000000A
:10965000000000000000000000000000000000000A
:1096600000000000000000000000000000000000FA
:10967000000FC000000000000000000000000020FB
:1096800000000000000000000000000000000000DA
:1096900000000000000000000000000000000000CA
:1096A00000000000000000000000000000000000BA
:1096B000002000000000000000000000000000008A
:1096C000000000000000000000000000000000009A
:1096D000000000000000000000000000000000008A
:1096E000000000200000000000000000000000005A
:1096F000000000000000000000000000000000006A
:1097000000000000000000000000E7BF00000000B3
:109710000000000000200000000000000000000029
:109720000000000000000000000000000000000039
:1097300000000000000000000000000094A4800071
:1097400000000000000000200000000000000000F9
:109750000000000000000000000000000000000009
:109760000000000000000000000000000000942441
:109770008000000000000000002000000000000049
:1097800000000000000000000000000000000000D9
:1097900000000000000000000000000000000000C9
:1097A00094A48000000000000000002000000000E1
:1097B00000000000000000000000000000000000A9
:1097C0000000000000000000000000000000000099
:1097D0000000E7248000000000000000002000706E
:1097E0000000000000000000000000000000000079
:1097F0000000000000000000000000000000000069
:1098000000000000840000000000000000000020B4
:1098100000D8000000000000000000000000000070
:109820000000000000000000000000000000000038
:1098300000000000000084000000000000000000A4
:109840000020018C0000000000000000000000006B
:109850000000000000000000000000000000000008
:1098600000000000000000000000000000000000F8
:1098700000000020010400000000000000000000C3
:1098800000000000000000000000000000000000D8
:1098900000000000000000000000000000000000C8
:1098A0000000000000200124000000000000000073
:1098B00000000000000000000000000000000000A8
:1098C0000000000000000000000000000000000098
:1098D0000000000000000020012400000000000043
:1098E0000000000000000000000000000000000078
:1098F0000000000000000000000000000000000068
:109900000000000000000000002001240000000012
:109910000000000000000000000000000000000047
:109920000000000000000000000000000000000037
:1099300000000000000000000000002001240000E2
:109940000000000000000000000000000000000017
:109950000000000000000000000000000000000007
:1099600000000000000000000000000000200124B2
:1099700000000000000000000000000000000000E7
:1099800000000000000000000000000000000000D7
:1099900000000000000000000000000000000020A7
:1099A0000124000000000000000000000000000092
:1099B00000000000000000000000000000000000A7
:1099C0000000000000000000000000000000000097
:1099D0000020022200000000000000000000000043
:1099E0000000000000000000000000000000000077
:1099F0000000000000000000000000000000000067
:109A00000000002002230000000000000000000011
:109A10000000000000000000000000000000000046
:109A20000000000000000000000000000000000036
:109A30000000000000200471000000000000000091
:109A40000000000000000000000000000000000016
:109A50000000000000000000000000000000000006
:109A60000000000000000020047100000000000061
:109A700000000000000000000000000000000000E6
:109A800000000000000000000000000000000000D6
:109A90000000000000000000002002220000000082
:109AA00000000000000000000000000000000000B6
:109AB00000000000000000000000000000000000A6
:109AC0000000000000000000000000200202000072
:109AD0000000000000000000000000000000000086
:109AE0000000000000000000000000000000000076
:109AF0000000000000000000000000000020018CB9
:109B00000000000000000000000000000000000055
:109B10000000000000000000000000000000000045
:109B20000000000000000000000000000000002015
:109B300000F800000000000000000000000000002D
:109B40000000000000000000000000000000000015
:109B50000000000000000000000000000000000005
:109B600000200000000000000000000000000000D5
:109B700000000000000000000000000000000000E5
:109B800000000000000000000000000000000000D5
:109B900000000020000000000000000000000000A5
:109BA00000000000000000000000000000000000B5
:109BB00000000000000000000000000000000000A5
:109BC0000000000000200000000000000000000075
:109BD0000000000000000000000000000000000085
:109BE0000000000000000000000000000000000075
:109BF0000000000000000020000000000000000045
:109C00000000000000000000000000000000000054
:109C10000000000000000000000000000000000044
:109C20000000000000000000002000000000000014
:109C30000000000000000000000000000000000024
:109C40000000000000000000000000000000000014
:109C500000000000000000000000002000000000E4
:109C600000000000000000000000000000000000F4
:109C700000000000000000000000000000000000E4
:109C800000000000000000000000000000200000B4
:109C900000000000000000000000000000000000C4
:109CA00000000000000000000000000000000000B4
:109CB0000000000000000000000000000000002084
:109CC0000000000000000000000000000000000094
:109CD0000000000000000000000000000000000084
:109CE0000000000000000000000000000000000074
:109CF0000020000000000000000000000000000044
:109D00000000000000000000000000000000000053
:109D10000000000000000000000000000000000043
:109D20000000002000000000000000000000000013
:109D30000000000000000000000000000000000023
:109D40000000000000000000000000000000000013
:109D500000000000002000000000000000000000E3
:109D600000000000000000000000000000000000F3
:109D700000000000000000000000000000000000E3
:109D800000000000000000200000000000000000B3
:109D900000000000000000000000000000000000C3
:109DA00000000000000000000000000000000000B3
:109DB0000000000000000000002000000000000083
:109DC0000000000000000000000000000000000093
:109DD0000000000000000000000000000000000083
:109DE0000000000000000000000000200000000053
:109DF0000000000000000000000000000000000063
:109E00000000000000000000000000000000000052
:109E10000000000000000000000000000020000022
:109E20000000000000000000000000000000000032
:109E30000000000000000000000000000000000022
:109E400000000000000000000000000000000020F2
:109E500000000000000000000000004000000000C2
:109E600000000000000000000000000000000000F2
:109E700000000000000000000000000000000000E2
:109E800000200000000000000000000001000000B1
:109E900000000000000000000000000000000000C2
:109EA00000000000000000000000000000000000B2
:109EB000080000200000000000000000000000403A
:109EC0000000000000000000000000000000000092
:109ED0000000000000000000000000000000000082
:109EE000000008000020000000000000000000004A
:109EF000001F8000000000000000000000000000C3
:109F00000000000000000000000000000000000051
:109F10000000000008000020000000000000000019
:109F200000000018000000000008C420000000002D
:109F30000000000000000000000000000000000021
:109F400000000000000008000020000000000000E9
:109F5000000000000018000000000019294800005F
:109F600000000000000000000000000000000000F1
:109F700000000000000000000800002000000000B9
:109F80000000000000000018000000000028094840
:109F900000000000000000000000000000000000C1
:109FA0000000000000000000000008000020000089
:109FB0000001FC001FC00000001F8000000000091D
:109FC0002108000000000000000000000000000068
:109FD0000000000000000000000000000800002059
:109FE00000000003FF007FE00000001800000000F8
:109FF00000082148000000000000000000000000F0
:10A000000000000000000000000000000000080048
:10A01000002000000007FF80FFF000000018000093
:10A0200000000009294800000000000000000000B6
:10A030000000000000000000000000000000000020
:10A04000080000200000000F0781F07800000018D1
:10A05000000000000008CE300000000000000000FA
:10A0600000000000000000000000000000000000F0
:10A070000000080000200000001E03C1E0380000BE
:10A0800000180000000000000000000000000000B8
:10A0900000000000000000000000000000000000C0
:10A0A00000000000080000200000001C01C1C03CAE
:10A0B00000000000000000000000000000000000A0
:10A0C0000000000000000000000000000000000090
:10A0D000000000000000080000200000003C01C15A
:10A0E000C03C000000000000000000000000000074
:10A0F0000000000000000000000000000000000060
:10A1000000000000000000000800002000000038EF
:10A110000001C03C00000000000000000000000042
:10A12000000000000000000000000000000000002F
:10A1300000000000000000000000080000200000F7
:10A1400000380001E038000F80000000000000002F
:10A1500000000000000000000000000000000000FF
:10A1600000000000000000000000000008000020C7
:10A17000000000387800F078001CC00000000000EB
:10A1800000000000000000000000000000000000CF
:10A1900000000000000000000000000000000800B7
:10A1A000002000000039FE007FF000186000000071
:10A1B000000000000000000000000000000000009F
:10A1C000000000000000000000000000000000008F
:10A1D000080000200000003BFF003FC0003060008E
:10A1E000000000000000000000000000000000006F
:10A1F000000000000000000000000000000000005F
:10A200000000080000200000003F8F807FF0000069
:10A2100060000000000000000000000000000000DE
:10A22000000000000000000000000000000000002E
:10A2300000000000080000200000003E03C1F8F804
:10A240000000E0000000000000000000000000002E
:10A2500000000000000000000000000000000000FE
:10A26000000000000000080000200000003C01C1C8
:10A27000E03C00038000000000000000000000003F
:10A2800000000000000000000000000000000000CE
:10A290000000000000000000080000200000003C5A
:10A2A00001C3C01C0000E00000000000000000002E
:10A2B000000000000000000000000000000000009E
:10A2C0000000000000000000000008000020000066
:10A2D000003801E3801E0000700000000000000054
:10A2E000000000000000000000000000000000006E
:10A2F0000000000000000000000000000800002036
:10A300000000003801E3801E000030000000000063
:10A31000000000000000000000000000000000003D
:10A320000000000000000000000000000000080025
:10A3300000200000003801E3800E00003000000023
:10A34000000000000000000000000000000000000D
:10A3500000000000000000000000000000000000FD
:10A36000080000200000003C01C3801E00303000C7
:10A3700000000000000000000000000000000000DD
:10A3800000000000000000000000000000000000CD
:10A390000000080000200000003C01C3C01E00189F
:10A3A000600000000000000000000000000000004D
:10A3B000000000000000000000000000000000009D
:10A3C00000000000080000200000001E03C3C03C85
:10A3D000061FE00000000000000000000000000078
:10A3E00000000000000000003180000000000000BC
:10A3F000000000000000080000200000001F07818E
:10A40000E07C060F8000000000000000000000005B
:10A41000000000000000000000003180000000008B
:10A420000000000000000000080000200000000FF5
:10A43000FF80FFF8000000000000000000000000A6
:10A44000000000000000000000000000318000005B
:10A4500000000000000000000000080000200000D4
:10A460000007FF007FF00000000000000000000077
:10A47000000000000000000000000000000031802B
:10A4800000000000000000000000000008000020A4
:10A4900000000001FC003FE00000000000000000A0
:10A4A00000000000000000000000000000000000AC
:10A4B00031800000000000000000000000000800E3
:10A4C000002000000000000000000000000000006C
:10A4D000000000000000000000000000000000007C
:10A4E00000003180000000000000000000000000BB
:10A4F0000800002000000000000000000000000034
:10A50000000000000000000000000000000000004B
:10A51000000000003180000000000000000000008A
:10A520000000080000200000000000000000000003
:10A53000000000000000000000000000000000001B
:10A54000000000000000318000000000000000005A
:10A5500000000000080000200000000000000000D3
:10A5600000000000000000000000000000000000EB
:10A57000000000000000000031800000000000002A
:10A5800000000000000008000020000000000000A3
:10A5900000000000000000000000000000000000BB
:10A5A00000000000000000000000318000000000FA
:10A5B0000000000000000000080000200000000073
:10A5C000000000000000000000000000000000008B
:10A5D00000000000000000000000000031800000CA
:10A5E0000000000000000000000008000020000043
:10A5F000000000000000000000000000000000005B
:10A600000000000000000000000000000000318099
:10A610000000000000000000000000000800002012
:10A62000000000000000000000000000000000002A
:10A63000000000000000000000000000000000001A
:10A640003180000000000000000000000000080051
:10A6500000200000000000000000000000000000DA
:10A6600000000000000000000000000000000000EA
:10A670000000318000000000000000000000000029
:10A6800008000020000000000000000000000000A2
:10A6900000000000000000000000000000000000BA
:10A6A0000000000031800063000000000000000096
:10A6B00018600800002000000000000000000000FA
:10A6C000000000000000000000000000000000008A
:10A6D0000000000000003180006300000000000066
:10A6E00000001860080000200000000000000000CA
:10A6F000000000000000000000000000000000005A
:10A700000000000000000000318000630000000035
:10A710000000000018600800002000000000000099
:10A720000000000000000000000000000000000029
:10A730000000000000000000000031800063000005
:10A740000000000000001860080000200000000069
:10A7500000000000000000000000000000000000F9
:10A7600000000000000000000000000031800063D5
:10A770000000000000000000186008000020000039
:10A7800000000000000000000000000000000000C9
:10A790000000000000000000000000000000318008
:10A7A00000630000000000000000186008000020A6
:10A7B0000000000000000000000000000000000099
:10A7C0000000000000000000000000000000000089
:10A7D00031800063000000000000000018600800E5
:10A7E0000020000000000000000000000000000049
:10A7F0000000000000000000000000000000000059
:10A8000000003180006300000000000000001860BC
:10A810000800002000000000000000000000000010
:10A820000000000000000000000000000000000028
:10A830000000000031800063000000000000000004
:10A840001860080000200000000000000000000068
:10A8500000000000000000000000000000000000F8
:10A8600000000000000031800063000000000000D4
:10A870000000186008000020000000000000000038
:10A8800000000000000000000000000000000000C8
:10A8900000000000000000003180006300000000A4
:10A8A0000000000018600800002000000000000008
:10A8B0000000000000000000000000000000000098
:10A8C000000000000C300000000031800063000137
:10A8D00086000000000018600800003FFFFFFFFF37
:10A8E000FFFFFFFFFFFFFFFFFFFF00000000000072
:10A8F0000000000000000C300000000031801863F0
:10A90000000186000000000618600800002000001A
:10A910000000000000000000000000000000000037
:10A9200000000000000000000C300000000031803A
:10A93000186300018600000000061860080000206F
:10A940000000000000000000000000000000000007
:10A95000000000000000000000000C3000000000BB
:10A9600031801863000186000000000618600800AE
:10A9700000200000000000000000000000000000B7
:10A980000000000000000000000000000C3000008B
:10A990000000318018630001860000000006186086
:10A9A000080000200000000000000000000000007F
:10A9B00000000000000000000000000000000C305B
:10A9C00000000000318018630001860000000006CE
:10A9D00018600800002000000000000000000000D7
:10A9E0000000000000000000000000000000000067
:10A9F0000C30000000003180186300018600000068
:10AA000000061860080000200000000000000000A0
:10AA10000000000000000000000000000000000036
:10AA200000C00C3000000300318018630C01860068
:10AA3000000030061863080000200000000000003D
:10AA40000000000000000000000000000000000006
:10AA5000000000C00C3000000300318018630C01BE
:10AA60008600000030061863080000200000000087
:10AA700000000000000000000000000000000000D6
:10AA80000000000000C00C3000000300318018639B
:10AA90000C0186000000300618630800002000004A
:10AAA00000000000000000000000000000000000A6
:10AAB00000000000000000C00C30000003003180E6
:10AAC00018630C018600000030061863080000209F
:10AAD0000020000000000000000000000000000056
:10AAE000000000000000000000C00C300000030067
:10AAF000318018630C0186000000300618630800DE
:10AB000000200070000000000000000000000000B5
:10AB10000000000000000000000000C00C30000039
:10AB20000300318018630C018600000030061863B2
:10AB3000080000200050000000000000000000009D
:10AB400000000000000000000000000000C00C3009
:10AB500000000300318018630C01860000003006FD
:10AB600018630800002000880000000000000000BA
:10AB7000000000000000000000000000000000C015
:10AB80000C3000000300318018630C0186000000C7
:10AB90003006186308000020018800000000000053
:10ABA0000000000000000000000000000000300075
:10ABB00000C00C3180000300318618630C01861838
:10ABC00000003006186308000020010400000000A7
:10ABD0000000000000000000000000000000000075
:10ABE000300618C30C318018430C318618630C31C1
:10ABF0008618030C31861863080000200206000046
:10AC00000000000000000000000000000000000044
:10AC10000000300618C30C318018430C31861863CD
:10AC20000C318618030C31861863080000200202DC
:10AC30000000000000000000000000000000000014
:10AC400000000000300618C30C318018430C318618
:10AC500018630C318618030C318618630800002035
:10AC600002020000000000000000000000000000E0
:10AC7000000000000000300618C30C318018430C9F
:10AC8000318618630C318618030C3186186308006E
:10AC9000002004010000000000000000000000008F
:10ACA0000000000000000000300618C30C318018BE
:10ACB000430C318618630C318618030C31861863F7
:10ACC0000800002004050000000000000000000053
:10ACD00000000000000000000000300618C30C3126
:10ACE0008018430C318618630C318618030C3186AA
:10ACF000186308000020040D0000000000000000A0
:10AD000000000000000000000000030C318618C3A2
:10AD10000C318618430C318618630C318618630C8D
:10AD200031861863080000200419000000000000AC
:10AD3000000000000000000000000000030C31864D
:10AD400018C30C318618430C318618630C318618F1
:10AD5000630C318618630800002003060000000021
:10AD60000000000000000000000000000000030CD4
:10AD7000318618C30C318618430C318618630C31A8
:10AD80008618630C318618630800002000F8000064
:10AD900000000000000000000000000000000000B3
:10ADA000030C318618C30C318618430C31861863A6
:10ADB0000C318618630C31861863080000200000EF
:10ADC0000000000000000000000000000000000083
:10ADD0000000030C318618C30C318618430C3186F1
:10ADE00018630C318618630C318618630800002044
:10ADF0000000000000000000000000000000000053
:10AE000000000000030C318618C30C318618430C77
:10AE1000318618630C318618630C3186186308007C
:10AE20000020000000000000000000000000000002
:10AE3000000000000000030C318618C30C31861896
:10AE4000430C318618630C318618630C3186186305
:10AE500008000020000000000000000000000000CA
:10AE60000000000000000000030C318618C30C3104
:10AE70008618430C318618630C318618630C3186B2
:10AE8000186308000020000000000000000000001F
:10AE900000000000000000000000030C318618C311
:10AEA0000C318618430C318618630C318618630CFC
:10AEB0003186186308000020000000000000000038
:10AEC000000000000000000000000000030C3186BC
:10AED00018C30C318618430C318618630C31861860
:10AEE000630C318618630800002000000000000099
:10AEF0000000000000E40000000000000000030C5F
:10AF0000318618C30C318618430C318618630C3116
:10AF10008618630C318618630800002000000000CA
:10AF200000000000000000A0000000000000000081
:10AF3000030C318618C30C318618430C3186186314
:10AF40000C318618630C318618630800002000005D
:10AF50000001F8007FFC000000A8000000000000D5
:10AF60002738030C318618C30C318618430C318600
:10AF700018630C318618630C3186186308000020B2
:10AF800000000007FE007FFC0000004600000000FB
:10AF900000006048030C318618C30C318618430C3E
:10AFA000318618630C318618630C318618630800EB
:10AFB00000200000000FFF00FFFC00000015000053
:10AFC00000000000A8C0030C318618C30C3186189D
:10AFD000430C318618630C318618630C3186186374
:10AFE000080000200000001F0F80FFFC000000256B
:10AFF00000000000000128C0030C318618C30C318A
:10B000008618430C318618630C318618630C318620
:10B010001863080000200000001E0380E00000000C
:10B020000026000000000001F848030C318618C318
:10B030000C318618430C318618630C318618630C6A
:10B0400031861863080000200000003C03C0E000C7
:10B0500000000000000000000000252800000000A3
:10B0600000000000000000000000000000000000E0
:10B07000000000000000080000200000003801C0AF
:10B08000E0000000000000000000000000000000E0
:10B0900000000000000000000000000000000000B0
:10B0A0000000000000000000080000200000003840
:10B0B00001C0E000000000000000000000000000EF
:10B0C0000000000000000000000000000000000080
:10B0D0000000000000000000000008000020000048
:10B0E000003801C1E0000001800000000000000005
:10B0F00000003FFFFFFFFFFFFFFFFFFFFFFFFFFF1E
:10B10000FFFFFFFFFFFFFFFFFFFFFFFFF800002033
:10B110000000003801E1CFC0000180000000000005
:10B12000000000000000000000000000000000001F
:10B13000000000000000000000000000000000000F
:10B1400000200000003801E1FFF00007800000004F
:10B1500000000000000000000000000000000000EF
:10B1600000000000000000000000000000000000DF
:10B17000000000200000003C01E1FFF8000F80000B
:10B1800000000000000000000000000000000000BF
:10B1900000000000000000000000000000000000AF
:10B1A0000000000000200000003C03E1F07C0019DA
:10B1B000800000000000000000000000000000000F
:10B1C000000000000000000000000000000000007F
:10B1D00000000000000000200000001F07E3C03C4A
:10B1E00000018000000000000000000000000000DE
:10B1F000000000000000000000000000000000004F
:10B20000000000000000000000200000000FFFE030
:10B21000001E00018000000000000000000000008F
:10B22000000000000000000000000000000000001E
:10B2300000000000000000000000002000000007E7
:10B24000FDE0001E00018000000000000000000082
:10B2500000000000000000000000000000000000EE
:10B2600000000000000000000000000000200000BE
:10B270000003F9C0001E0001800000000000000073
:10B2800000000000000000000000000000000000BE
:10B29000000000000000000000000000000000208E
:10B2A0000000000001C0000E00018000000000004E
:10B2B000000000000000000000000000000000008E
:10B2C000000000000000000000000000000000007E
:10B2D00000200000000001C0001E000180000000EE
:10B2E000000000000000000000000000000000005E
:10B2F000000000000000000000000000000000004E
:10B30000000000200000000001C3801E000180003A
:10B31000000000000000000000000000000000002D
:10B32000000000000000000000000000000000001D
:10B330000000000000200000003C03C3C01C00010E
:10B34000800000000000000000000000000000007D
:10B3500000000000000000000000000000000000ED
:10B3600000000000000000200000003C0383C03CFF
:10B370000601800000000000000000000000000046
:10B3800000000000000000000000000000000000BD
:10B39000000000000000000000200000001E0F81DF
:10B3A000E07C0601800000000000000000000000BA
:10B3B000000000000000000000000000000000008D
:10B3C0000000000000000000000000200000001F3E
:10B3D000FF01FFF800000000000000000000000076
:10B3E000000000000000000000000000000000005D
:10B3F000000000000000000000000000002000002D
:10B40000000FFE00FFF00000000000000000000040
:10B41000000000000000000000000000000000002C
:10B4200000000000000000000000000000000020FC
:10B4300000000007FC003FE00000000000000000EA
:10B4400000000000000000000000000000000000FC
:10B4500000000000000000000000000000000000EC
:10B46000002000000000E0000700000000000000D5
:10B4700000000000000000000000000000000000CC
:10B4800000000000000000000000000000000000BC
:10B49000000000200000000000000000000000008C
:10B4A000000000000000000000000000000000009C
:10B4B000000000000000000000000000000000008C
:10B4C000000000000020000000000000000000005C
:10B4D000000000000000000000000000000000006C
:10B4E000000000000000000000000000000000005C
:10B4F000000000000000002000000000000000002C
:10B50000000000000000000000000000000000003B
:10B51000000000000000000000000000000000002B
:10B5200000000000000000000020000000000000FB
:10B53000000000000000000000000000000000000B
:10B5400000000000000000000000000000000000FB
:10B5500000000000000000000000002000000000CB
:10B5600000000000000000000000000000000000DB
:10B5700000000000000000000000000000000000CB
:10B58000000000000000000000000000002000009B
:10B5900000000000000000000000000000000000AB
:10B5A000000000000000000000000000000000009B
:10B5B000000000000000000000000000000000206B
:10B5C000000000000000000000000000000000007B
:10B5D000000000000000000000000000000000006B
:10B5E000000000000000000000000000000000005B
:10B5F000002000000000000000000000000000002B
:10B60000000000000000000000000000000000003A
:10B61000000000000000000000000000000000002A
:10B6200000000020000000000000000000000000FA
:10B63000000000000000000000000000000000000A
:10B6400000000000000000000000000000000000FA
:10B6500000000000002000000000000000000000CA
:10B6600000000000000000000000000000000000DA
:10B6700000000000000000000000000000000000CA
:10B68000000000000000002000000000000000009A
:10B6900000000000000000000000000000000000AA
:10B6A000000000000000000000000000000000009A
:10B6B000000000000000000000200000000000006A
:10B6C000000000000000000000000000000000007A
:10B6D000000000000000000000000000000000006A
:10B6E000000000000000000000000020000000003A
:10B6F000000000000000000000000000000000004A
:10B700000000000000000000000000000000000039
:10B710000000000000000000000000000020000009
:10B720000000000000000000000000000000000019
:10B730000000000000000000000000000000000009
:10B7400000000000000000000000000000000020D9
:10B7500000000000000000000000000000000000E9
:10B7600000000000000000000000000000000000D9
:10B7700000000000000000000000000000000000C9
:10B780000020000000000000000000000000000099
:10B7900000000000000000000000000000000000A9
:10B7A0000000000000000000000000000000000099
:10B7B0000000002000000000000000000000000069
:10B7C0000000000000000000000000000000000079
:10B7D0000000000000000000000000000000000069
:10B7E0000000000000000000000000000000000059
:10B7F000000C00000000000000000000000000003D
:10B800000000000000000000000000000000000038
:10B810000000000000000000000000000000000028
:10B820000000000C0000000000000000000000000C
:10B830000000000000000000000000000000000008
:10B8400000000000000000000000000000000000F8
:10B8500000000000000C00000000000000000000DC
:10B8600000000000000000000000000000000000D8
:10B8700000000000000000000000000000000000C8
:10B88000000000000000000C0000000000000000AC
:10B8900000000000000000000000000000000000A8
:10B8A0000000000000000000000000000000000098
:10B8B000001FFFFFE0000000000C0000000000007F
:10B8C0000000000000000000000000000000000078
:10B8D0000000000000000000000000000000000068
:10B8E0000000001FFFFFE0000000030C000000004C
:10B8F00038F81F1F0003E7EFCF80F8F80F8700002C
:10B900000000000000000000000000000000000037
:10B910000000000000180000E0000000030C000020
:10B92000000079D81BBB000777EEDDC0DDD81D8F86
:10B930000000000000000000000000000000000007
:10B9400000000000000000180000E0000000030CF0
:10B9500000000000F99983B300003660E0C0CD809C
:10B96000199F00000000000000000000000000001F
:10B9700000000000000000000018CDDCFC0000000A
:10B98000030C00000000D9D803B380007660C0C16A
:10B99000CDF819DF000000000000000000000000EA
:10B9A000000000000000000000000018CDDCFC00DA
:10B9B0000000030C0000000018F8073380006661E7
:10B9C000C1C1CDD819C70000000000000000000070
:10B9D0000000000000000000000000000018CDDCA6
:10B9E000FC000000C30C0000000019D803B3800065
:10B9F000C663839FCD9FF9C70000000000000000D0
:10BA0000000000000000000000000000000000181E
:10BA1000CDDCFC000000C30C00000000199C01B349
:10BA20000003C6670700CD9C1987000000000000D6
:10BA30000000000000000000000000000000000006
:10BA40000018CDDCFC000000C30C0000000019DC75
:10BA500039BB000707EE0E00DDD81D87000000008F
:10BA600000000000000000000000000000000000D6
:10BA700000000018CDDCFC000000C30C000000003A
:10BA800018F99F1F0007F7EFFFC0F8F80F870000B5
:10BA900000000000000000000000000000000000A6
:10BAA000000000000018CDDCFC000030C30C0000DA
:10BAB0000000000000000000000000000000000086
:10BAC0000000000000000000000000000000000076
:10BAD00000000000000000180000E0000030C30C6F
:10BAE0000000000000000000000000000000000056
:10BAF0000000000000000000000000000000000046
:10BB0000000000000000000000180000E00000300D
:10BB1000C30C000000000000000000000000000056
:10BB20000000000000000000000000000000000015
:10BB300000000000000000000000001FFFFFE00008
:10BB40000030C30C000000000000000000000000F6
:10BB500000000000000000000000000000000000E5
:10BB6000000000000000000000000000001FFFFFB8
:10BB7000E0000030C30C00000000000000000000E6
:10BB800000000000000000000000000000000000B5
:10BB900000000000000000000000000000000000A5
:10BBA0000000000000000000000000000000000095
:10BBB0000000000000000000000000000000000085
:10BBC0000000000000000000000000000000000075
:10BBD0000000000000000000000000000000000065
:10BBE0000000000000000000000000000000000055
:10BBF0000000000000000000000000000000000045
:10BC00000000000000000000000000000000000034
:10BC10000000000000000000000000000000000024
:10BC20000000000000000000000000000000000014
:10BC30000000000000000000000000000000000004
:10BC400000000000000000000000000000000000F4
:10BC500000000000000000000000000000000000E4
:10BC600000000000000000000000000000000000D4
:10BC700000000000000000000000000000000000C4
:10BC800000000000000000000000000000000000B4
:10BC900000000000000000000000000000000000A4
:10BCA0000000000000000000000000000000000094
:10BCB0000000000000000000000000000000000084
:10BCC0000000000000000000000000000000000074
:10BCD0000000000000000000000000000000000064
:10BCE0000000000000000000000000000000000054
:10BCF0000000000000000000000000000000000044
:10BD00000000000000000000000000000000000033
:10BD10000000000000000000000000000000000023
:10BD20000000000000000000000000000000000013
:10BD300000000000000000000000FFFFFFFFFFFF09
:10BD4000FFFFFFFFFFFFFFFFFFFFFFFFFFFFFFFF03
:10BD5000FFFFFFFFFFFFFFFFFFFFFFFFFFFFFFFFF3
:10BD6000FFFFFFFFFFFFFFFFFFFFFFFF00000000DF
:10BD700000000000000000000000000000000000C3
:10BD80000000000000000000000000000000003083
:10BD900000000000000000000000000000000000A3
:10BDA0000000000000000000000000000000000093
:10BDB0000000000000000000000000000000000083
:10BDC0000030000000000000000000000000000043
:10BDD0000000000000000000000000000000000063
:10BDE0000000000000000000000000000000000053
:10BDF0000000003000000000000000000000000013
:10BE00000000000000000000000000000000000032
:10BE10000000000000000000000000000000000022
:10BE200000000000003000000000000000000000E2
:10BE30000000000000000000000000000000000002
:10BE400000000000000000000000000000000000F2
:10BE500000000000000000300000000000000000B2
:10BE600000000000000000000000000000000000D2
:10BE700000000000000000000000000000000000C2
:10BE80000000000000000000003000000000000082
:10BE900000000000000000000000000000000000A2
:10BEA0000000000000000000000000000000000092
:10BEB0000000000000000000000000300000000052
:10BEC0000000000000000000000000000000000072
:10BED0000000000000000000000000000000000062
:10BEE0000000000000000000000000000030000022
:10BEF0000000000000000000000000000000000042
:10BF00000000000000000000000000000000000031
:10BF100000000000000000000000000000000030F1
:10BF20000000000000000000000000000000000011
:10BF30000000000000000000000000000000000001
:10BF400000000000000000000000000000000000F1
:10BF500000300000000000000000000000000000B1
:10BF6000000000000000000001C00002000000000E
:10BF700000000000000000000000000000000000C1
:10BF80000000003000000000000000000000000081
:10BF90000000000000000000000003E000070000B7
:10BFA0000000000000000000000000000000000091
:10BFB0000000000000300000000000000000000051
:10BFC00000000000000000000000000007F0000F6B
:10BFD00080000000000000000000000000000000E1
:10BFE0000000000000000030000000000000000021
:10BFF00000000000000000000000000000000F78BA
:10C00000001FC00000000000000000000000000051
:10C0100000000000000000000030000000000000F0
:10C020000000000000000000000000000000000010
:10C030001E3C003FE0000000000000000000000087
:10C0400000000000000000000000003000000000C0
:10C05000000000000000000000000000007F03F866
:10C0600000003D9E007FF000000000000000000086
:10C070000000000000000000000000000030000090
:10C08000000000000000000000000000000000FFB1
:10C0900087FE0000798F00FFF8000000000000001C
:10C0A0000000000000000000000000000000003060
:10C0B0000000000000000000000000000000000080
:10C0C00001E3CF9E0000F18781FFFC00000000002B
:10C0D0000000000000000000000000000000000060
:10C0E0000030000000000FFFFFFFFF000000000015
:10C0F000000001C1CE070001E183C3FFFE00000084
:10C10000000000000000000000000000000000002F
:10C1100000000030000000000FFFFFFFFF000000E4
:10C120000000000003809C070003C181E7FFFF00BF
:10C1300000000000000000000000000000000000FF
:10C14000000000000030000000000FFFFFFFFF00B4
:10C1500000000000000003801C0300038181E7FF52
:10C16000FF80000000000000000000000000000050
:10C170000000000000000030000000000C00000083
:10C18000030000000000000003801C037C01C18349
:10C19000C3FFFF00000000000000000000000000DE
:10C1A00000000000000000000030000000000C0053
:10C1B0000000030000000000000003801C037E005C
:10C1C000E18781FFFE000000000000000000000089
:10C1D000000000000000000000000030000000002F
:10C1E0000C000000030000000000000003805C075A
:10C1F0000E00718F00FFFC00000000000000000036
:10C2000000000000000000000000000000300000FE
:10C2100000000C000000030000000000000001C14D
:10C22000CE071E00399E007FF800000000000000CD
:10C2300000000000000000000000000000000030CE
:10C24000000000000C0000000300000000000000DF
:10C2500001E3CF9E3C001C3C003FF00000000000CA
:10C2600000000000000000000000000000000000CE
:10C270000030000000000C0000000300000000007F
:10C28000000000FF87FE70000E78001FE000000035
:10C29000000000000000000000000000000000009E
:10C2A00000000030000000000C000000030000004F
:10C2B00000000000007F03F87E0007F0000FC000C0
:10C2C000000000000000000000000000000000006E
:10C2D000000000000030000000000C03801C030080
:10C2E00000000000000000000000000003E0000764
:10C2F00080000000000000000000000000000000BE
:10C300000000000000000030000000000C03801C52
:10C31000030000000000000000000000000001C059
:10C32000000300000000000000000000000000000A
:10C3300000000000000000000030000000000C03BE
:10C34000801C03000000000000000000000000004E
:10C35000008000000000000000000000000000005D
:10C36000000000000000000000000030000000009D
:10C370000C03801C0300000000000000000000000F
:10C3800000000000000000000000000000000000AD
:10C39000000000000000000000000000003000006D
:10C3A00000000C03801C03000000000000000000DF
:10C3B000000000000000000000000000000000007D
:10C3C000000000000000000000000000000000303D
:10C3D000000000000C03801C0300000000000000AF
:10C3E000000000000000000000000000000000004D
:10C3F000000000000000000000000000000000003D
:10C400000030000000000C000000030000000000ED
:10C41000000000000000000000000000000000001C
:10C42000000000000000000000000000000000000C
:10C4300000000030000000000C00000003000000BD
:10C4400000000000000000000000000000000000EC
:10C4500000000000000000000000000000000000DC
:10C46000000000000030000000000C00000003008D
:10C4700000000000000000000000000000000000BC
:10C4800000000000000000000000000000000000AC
:10C490000000000000000030000000000C00000060
:10C4A0000300000000000000000000000000000089
:10C4B000000000000000000000000000000000007C
:10C4C00000000000000000000030000000000C0030
:10C4D0000000030000000000000000000000000059
:10C4E000000000000000000000000000000000004C
:10C4F000000000000000000000000030000000000C
:10C500000C0000000300000000000000000000001C
:10C51000000000000000000000000000000000001B
:10C5200000000000000000000000000000300000DB
:10C5300000000C00000003000000000000000000EC
:10C5400000000000000000000000000000000000EB
:10C5500000000000000000000000000000000030AB
:10C56000000000000C01801003000000000000002B
:10C5700000000000000000000000000000000000BB
:10C5800000000000000000000000000000000000AB
:10C590000030000000000C01E07803000000000003
:10C5A000000000000000000000000000000000008B
:10C5B000000000000000000000000000000000007B
:10C5C00000000030000000000C01F1F80300000042
:10C5D000000000000000000000000000000000005B
:10C5E000000000000000000000000000000000004B
:10C5F000000000000030000000000C00FFF003000D
:10C60000000000000000000000000000000000002A
:10C61000000000000000000000000000000000001A
:10C620000000000000000030000000000C007FC08F
:10C6300003000000000000000000000000000000F7
:10C6400000000000000000000000000000000000EA
:10C6500000000000000000000030000000000C009E
:10C660001F80030000000000000000000000000028
:10C6700000000000000000000000000000000000BA
:10C68000000000000000000000000030000000007A
:10C690000C000E000300000000000000000000007D
:10C6A000000000000000000000000000000000008A
:10C6B000000000000000000000000000003000004A
:10C6C00000000C000000030000000000000000005B
:10C6D000000000000000000000000000000000005A
:10C6E000000000000000000000000000000000301A
:10C6F000000000000C00000003000000000000002B
:10C700000000000000000000000000000000000029
:10C710000000000000000000000000000000000019
:10C720000030000000000C000000030000000000CA
:10C7300000000000000000000000000000000000F9
:10C7400000000000000000000000000000000000E9
:10C7500000000030000000000C000000030000009A
:10C7600000000000000000000000000000000000C9
:10C7700000000000000000000000000000000000B9
:10C78000000000000030000000000FFFFFFFFF006E
:10C790000000000000000000000000000000000099
:10C7A0000000000000000000000000000000000089
:10C7B0000000000000000030000000000FFFFFFF3D
:10C7C000FF0000000000000000000000000000006A
:10C7D0000000000000000000000000000000000059
:10C7E00000000000000000000030000000000FFF0B
:10C7F000FFFFFF000000000000000000000000003C
:10C800000000000000000000000000000000000028
:10C8100000000000000000000000003000000000E8
:10C820000000000000000000000000000000000008
:10C8300000000000000000000000000000000000F8
:10C8400000000000000000000000000000300000B8
:10C8500000000000000000000000000000000000D8
:10C8600000000000000000000000000000000000C8
:10C870000000000000000000000000000000003088
:10C8800000000000000000000000000000000000A8
:10C890000000000000000000000000000000000098
:10C8A0000000000000000000000000000000000088
:10C8B0000030000000000000000000000000000048
:10C8C0000000000000000000000000000000000068
:10C8D0000000000000000000000000000000000058
:10C8E0000000003000000000000000000000000018
:10C8F0000000000000000000000000000000000038
:10C900000000000000000000000000000000000027
:10C9100000000000003000000000000000000000E7
:10C920000000000000000000000000000000000007
:10C9300000000000000000000000000000000000F7
:10C9400000000000000000300000000000000000B7
:10C9500000000000000000000000000000000000D7
:10C9600000000000000000000000000000000000C7
:10C970000000000000000000003000000000000087
:10C9800000000000000000000000000000000000A7
:10C99000000000000007800078000FF8001FF00082
:10C9A0000000000000000000000000300000000057
:10C9B0000000000000000000000000000000000077
:10C9C0000000000000000007800078003FFE007FAC
:10C9D000FC0000000000000000000000003000002B
:10C9E0000000000000000000000000000000000047
:10C9F0000000000000000000000F8000F8007FFF32
:10CA000000FFFE00000000000000000000000030F9
:10CA10000000000000000000000000000000000016
:10CA200000000000000000000000001F8001F8006E
:10CA3000FFFF80FFFE00000000000000000000007B
:10CA4000003000001FDCCFCFEC183F31FF8000002A
:10CA5000000000000000000000000000003F800314
:10CA6000F801FE3FC1FC7F00000000000000000054
:10CA7000000000300000180D8EEC0C1830398C00CE
:10CA8000000000000000000000000000000000FFA7
:10CA9000800FF801F80FC1F01F0000000000000037
:10CAA00000000000003000001807986C0C183039A6
:10CAB0008C000000000000000000000000000000EA
:10CAC00001FF801FF801F007C3E00F8000000000A5
:10CAD000000000000000003000001FC7180FEC1815
:10CAE0003F3D8C000000000000000000000000003E
:10CAF000000007FF807FF803E003C3E00F80000021
:10CB00000000000000000000003000001807180CB2
:10CB10000C18303F8C0000000000000000000000F6
:10CB20000000000007EF807EF801E003E3E00F80E3
:10CB30000000000000000000000000300000180F9E
:10CB40009C6C0C1830378C000000000000000000C6
:10CB500000000000000007CF807CF8000003C3C085
:10CB6000078000000000000000000000003000000E
:10CB7000181DCEEC0C1830338C00000000000000B3
:10CB80000000000000000000070F8070F8000003A4
:10CB9000C3C007C00000000000000000000000301B
:10CBA00000001FD8EFCFEFDFBFB38C000000000004
:10CBB00000000000000000000000000F8000F800EE
:10CBC0000007C7C007C00000000000000000000010
:10CBD0000030000000000000000000000000000025
:10CBE000000000000000000000000000000F8000B6
:10CBF000F800000FC7C007C00000000000000000E0
:10CC000000000030000000000000000000000000F4
:10CC10000000000000000000000000000000000F05
:10CC20008000F800000F87C007C00000000000006F
:10CC300000000000003000000000000000000000C4
:10CC400000000000000000000000000000000000E4
:10CC5000000F8000F800001F07C007C000000000A0
:10CC60000000000000000030000000000000000094
:10CC700000000000000000000000000000000000B4
:10CC80000000000F8000F800003F07C007C0000050
:10CC90000000000000000000003000000000000064
:10CCA0000000000000000000000000000000000084
:10CCB00000000000000F8000F80000FE07C007C061
:10CCC0000000000000000000000000300000000034
:10CCD0000000000000000000000000000000000054
:10CCE000000000000000000F8000F80001FC07C0F9
:10CCF00007C000000000000000000000003000003D
:10CD00000000000000000000000000000000000023
:10CD10000000000000000000000F8000F80003F891
:10CD200007C007C000000000000000000000003045
:10CD300000000000000000000000000000000000F3
:10CD400000000000000000000000000F8000F8005C
:10CD500007F003C007C00000000000000000000052
:10CD60000030000000000000000000000000000093
:10CD7000000000000000000000000000000F800024
:10CD8000F8000FC003C00780000000000000000092
:10CD90000000003000000000000000000000000063
:10CDA0000000000000000000000000000000000F74
:10CDB0008000F8003F8003E00F80000000000000CA
:10CDC0000000000000300000000000000000000033
:10CDD0000000000000000000000000000000000053
:10CDE000000F8000F8007F0003E00F8000000000CB
:10CDF0000000000000000030000000000000000003
:10CE00000000000000000000000000000000000022
:10CE10000000000F8000F800FE0003E00F8000001B
:10CE200000000000000000000030000000000000D2
:10CE300000000000000000000000000000000000F2
:10CE400000000000000F8000F800F80001F01F0053
:10CE500000000000000000000000003000000000A2
:10CE600000000000000000000000000000000000C2
:10CE7000000000000000000F8000F801F80001FC35
:10CE80007F0000000000000000000000003FFFFFE6
:10CE9000FFFFFFFFFFFFFFFFFFFFFFFF000000009E
:10CEA0000000000000000000000F8000F801FFFFFC
:10CEB000E0FFFE0000000000000000000000003F56
:10CEC000FFFFFFFFFFFFFFFFFFFFFFFFFFFF000070
:10CED00000000000000000000000000F8000F803C8
:10CEE000FFFFE0FFFE000000000000000000000067
:10CEF0000030000000000000000000000000000002
:10CF0000000000000000000000000000000F800092
:10CF1000F803FFFFE07FFC000000000000000000BD
:10CF200000000030000000000000000000000000D1
:10CF30000000000000000000000000000000000FE2
:10CF40008000F803FFFFE01FF00000000000000079
:10CF500000000000003000000000000000000000A1
:10CF600000000000000000000000000000000000C1
:10CF700000000000000000000000000000000000B1
:10CF80000000000000000030000000000000000071
:10CF90000000000000000000000000000000000091
:10CFA0000000000000000000000000000000000081
:10CFB0000000000000000000003000000000000041
:10CFC0000000000000000000000000000000000061
:10CFD0000000000000000000000000000000000051
:10CFE000FFFFC00000000000000000300000000053
:10CFF0000000000000000000000000000000000031
:10D000000000000000000000000000000000000020
:10D010000000DEFEC0000000000000000030000044
:10D020000000000000000000000000000000000000
:10D0300000000000000000000000000000000000F0
:10D0400000000000DEF6C00000000000000000301C
:10D0500000000000000000000000000000000000D0
:10D0600000000000000000000000000000000000C0
:10D07000000000000000DEF6C0000000000000001C
:10D080000030000000000000000000000000000070
:10D090000000000000000000000000000000000090
:10D0A0000000000000000000FFF6C00000000000CB
:10D0B0000000003000FC0000000000000000000044
:10D0C0000000000000000000000000000000000060
:10D0D00000000000000000000000C600000000008A
:10D0E00000000000003000FE000000000000000012
:10D0F0000000000000000000000000000000000030
:10D10000000000000000000000000000C600000059
:10D11000000000000000003001CE00000000000010
:10D1200000000000000000000000000000000000FF
:10D1300000000000000000000000000000000000EF
:10D140000000000000000000003001C600000000E8
:10D1500000000000000000000000000000000000CF
:10D1600000000000000000000000000000000000BF
:10D1700000000000000000000000003001C60000B8
:10D18000000000000000000000000000000000009F
:10D19000000000000000000000000000000000008F
:10D1A000000000000000000000000000003001C688
:10D1B000000000000000000000000000000000006F
:10D1C000000000000000000000000000000000005F
:10D1D000000000000000000000000000000000301F
:10D1E00001F6000000000000000000000000000048
:10D1F000000000000000000000000000000000002F
:10D20000000000000000000000000000000000001E
:10D21000003001F6000000000000000000000000E7
:10D2200000000000000000000000000000000000FE
:10D2300000000000000000000000000000000000EE
:10D240000000003001F600000000000000000000B7
:10D2500000000000000000000000000000000000CE
:10D2600000000000000000000000000000000000BE
:10D2700000000000003001F6000000000000000087
:10D28000000000000000000000000000000000009E
:10D29000000000000000000000000000000000008E
:10D2A000000000000000003001F600000000000057
:10D2B000000000000000000000000000000000006E
:10D2C000000000000000000000000000000000005E
:10D2D0000000000000000000003003B70000000064
:10D2E000000000000000000000000000000000003E
:10D2F000000000000000000000000000000000002E
:10D3000000000000000000000000003007B38000B3
:10D31000000000000000000000000000000000000D
:10D3200000000000000000000000000000000000FD
:10D330000000000000000000000000000030073185
:10D34000800000000000000000000000000000005D
:10D3500000000000000000000000000000000000CD
:10D36000000000000000000000000000000000308D
:10D370000631C000000000000000000000000000B6
:10D38000000000000000000000000000000000009D
:10D39000000000000000000000000000000000008D
:10D3A00000300639C000000000000000000000004E
:10D3B000000000000000000000000000000000006D
:10D3C000000000000000000000000000000000005D
:10D3D000000000300639C00000000000000000001E
:10D3E000000000000000000000000000000000003D
:10D3F000000000000000000000000000000000002D
:10D400000000000000300739C000000000000000EC
:10D41000000000000000000000000000000000000C
:10D4200000000000000000000000000000000000FC
:10D4300000000000000000300783800000000000B2
:10D4400000000000000000000000000000000000DC
:10D4500000000000000000000000000000000000CC
:10D460000000000000000000003003CF800000003A
:10D4700000000000000000000000000000000000AC
:10D48000000000000000000000000000000000009C
:10D4900000000000000000000000003001FF00005C
:10D4A000000000000000000000000000000000007C
:10D4B000000000000000000000000000000000006C
:10D4C000000000000000000000000000003000FC30
:10D4D000000000000000000000000000000000004C
:10D4E000000000000000000000000000000000003C
:10D4F00000000000000000000000000000000030FC
:10D50000000000000000000000000000000000001B
:10D51000000000000000000000000000000000000B
:10D5200000000000000000000000000000000000FB
:10D5300000300000000000000000000000000000BB
:10D5400000000000000000000000000000000000DB
:10D5500000000000000000000000000000000000CB
:10D56000000000300000000000000000000000008B
:10D5700000000000000000000000000000000000AB
:10D58000000000000000000000000000000000009B
:10D59000000000000030000000000000000000005B
:10D5A000000000000000000000000000000000007B
:10D5B000000000000000000000000000000000006B
:10D5C000000000000000003000000000000000002B
:10D5D000000000000000000000000000000000004B
:10D5E000000000000000000000000000000000003B
:10D5F00000000000000000000030000000000000FB
:10D60000000000000000000000000000000000001A
:10D61000000000000000000000000000000000000A
:10D6200000000000000000000000003000000000CA
:10D6300000000000000000000000000000000000EA
:10D6400000000000000000000000000000000000DA
:10D65000000000000000000000000000003000009A
:10D66000000000000000000007C0000000000000F3
:10D6700000000000000000000000000000000000AA
:10D68000000000000000000000000000000000306A
:10D690000000000000000000000006E000000000A4
:10D6A000000000000000000000000000000000007A
:10D6B000000000000000000000000000000000006A
:10D6C00000300000000000000000000006600000C4
:10D6D000000000000000000000000000000000004A
:10D6E000000000000000000000000000000000003A
:10D6F0000000003000000000000000000000066094
:10D700000000000000000000000000000000000019
:10D710000000000000000000000000000000000009
:10D7200000000000003000000000000000000000C9
:10D7300006E0000000000000000000000000000003
:10D7400000000000000000000000000000000000D9
:10D750000000000000000030000000000000000099
:10D76000000007C0000000000000000006000000EC
:10D7700000000000000000000000000000000000A9
:10D7800000000000000000C00030000000000000A9
:10D7900000000000000FF000000000000000060084
:10D7A0000000000000000000000000000000000079
:10D7B000000000000000000000C000300000000079
:10D7C000000000000000000C0000000000E3CFBFDC
:10D7D0000600000000000000000000000000000043
:10D7E0000000000000000000000000C00030000049
:10D7F0000000000000000000000C0000000001E636
:10D80000FDBF060000000000000000000000000056
:10D8100000000000000000000000000000C0003018
:10D8200000000000000000000000000C00000000EC
:10D8300003E619B30600000000000000000000002D
:10D84000000000000000000000000000000000C018
:10D85000003000000000000000000000000FE000A9
:10D8600000000367D9F3060000000000000000007C
:10D8700000000000000000000000000000000000A8
:10D8800000C0003000000000000000000000000C9C
:10D8900000000000006EF9F3060000000000000028
:10D8A0000000000000000000000000000000000078
:10D8B000000000C0003000000001FE001FE000007A
:10D8C000000C00000000006E79F30600000000006C
:10D8D0000000000000000000000000000000000048
:10D8E0000000000000C0003000000003FF807FF84F
:10D8F0000000000C00000000006679B30600000084
:10D900000000000000000000000000000000000017
:10D9100000000000000000C0003000000007FFC051
:10D92000FFFC0000000C000000000066FDBF0600C8
:10D9300000000000000000000000000000000000E7
:10D94000000000000000000000C000300000000FD8
:10D95000CFC0F8FC0000000C000000000063CFBF47
:10D9600006000000000000000000000000000000B1
:10D970000000000000000000000000C000300000B7
:10D98000000F03E1F03E0000000000000000000076
:10D990000000060000000000000000000000000081
:10D9A00000000000000000000000000000C0003087
:10D9B0000000001F01E1E01E000000000000000068
:10D9C0000000000006000000000000000000000051
:10D9D000000000000000000000000000000000C087
:10D9E00000300000001E01E1E01E00000000000009
:10D9F0000000000000000600000000000000000021
:10DA00000000000000000000000000000000000016
:10DA100000C000300000001E0001E01E00000000F9
:10DA200000000000000000000600000000000000F0
:10DA300000000000000000000000000000000000E6
:10DA4000000000C000300000003C0001F03E000F6C
:10DA5000C000000000000000000006000000000000
:10DA600000000000000000000000000000000000B6
:10DA70000000000000C000300000003CFE00F87C08
:10DA8000001FE00000000000000000000600000091
:10DA90000000000000000000000000000000000086
:10DAA00000000000000000C000300000003DFF80CA
:10DAB0007FF8001CF00000000000000000000600DD
:10DAC0000000000000000000000000000000000056
:10DAD000000000000000000000C000300000003F17
:10DAE000FFC03FF0003870000000000000000000A0
:10DAF0000600000000000000000000000000000020
:10DB00000000000000000000000000C00030000025
:10DB1000003FC7E0FFF800007000000000000000B8
:10DB200000000600000000000000000000000000EF
:10DB300000000000000000000000000000C00030F5
:10DB40000000003F03E1F8FC0000F00000000000CE
:10DB500000000000060000000000000000000000BF
:10DB6000000000000000000000000000000000C0F5
:10DB700000300000003E01E1F03E0003E000000044
:10DB8000000000000000060000000000000000008F
:10DB90000000000000000000000000000000000085
:10DBA00000C000300000003E01F3E01E0003F00062
:10DBB000000000000000000006000000000000005F
:10DBC0000000000000000000000000000000000055
:10DBD000000000C000300000003C00F3C01F000047
:10DBE00078000000000000000000060000000000B7
:10DBF0000000000000000000000000000000000025
:10DC00000000000000C000300000003C00F3C00F26
:10DC100000003800000000000000000006000000C6
:10DC200000000000000000000000000000000000F4
:10DC300000000000000000C000300000003E00F3C3
:10DC4000C00F0000380000000000000000000600C7
:10DC500000000000000000000000000000000000C4
:10DC6000000000000000000000C000300000001EA6
:10DC700001F3C01F00383800000000000000000061
:10DC8000060000000000000000000000000000008E
:10DC90000000000000000000000000C00030000094
:10DCA000001E01E3E01E003C7800000000000000C0
:10DCB000000006000000000000000000000000005E
:10DCC00000000000000000000000000000C0003064
:10DCD0000000001F03E1E03E079FF000000000008D
:10DCE000000000000600000000000000000000002E
:10DCF000030C00000000000000000000000000C055
:10DD000000300000000FC7C1FC7E078FE00000005C
:10DD100000000000000006000000000000000000FD
:10DD20000000030C000000000000000000000000E4
:10DD300000C0003000000007FFC0FFFC0000000032
:10DD400000000000000000000600000000000000CD
:10DD500000000000030C00000000000000000000B4
:10DD6000000000C0003000000003FF807FF80000CA
:10DD7000000000000000000000000600000000009D
:10DD8000000000000000030C000000000000000084
:10DD90000000000000C0003000000001FE001FE095
:10DDA000000000000000000000000000060000006D
:10DDB0000000000000000000030C00000000000054
:10DDC00000000000000000C0003000000000000063
:10DDD000000000000000000000000000000006003D
:10DDE00000000000000000000000030C0000000024
:10DDF000000000000000000000C000300000000033
:10DE00000000000000000000000000000000000012
:10DE1000060000000000000000000000030C0000ED
:10DE20000000000000000000000000C00030000002
:10DE300000000000000000000000000000000000E2
:10DE40000000060000000000000000000000030CBD
:10DE500000000000000000000000000000C00030D2
:10DE600000000000000000000000000000000000B2
:10DE7000000000000600000000000000000000009C
:10DE8000030C00000000000000000000000000C0C3
:10DE90000030000000000000000000000000000052
:10DEA000000000000000060000000000000000006C
:10DEB0000000030C00000000000000000000000053
:10DEC00000C0003000000000000000000000000062
:10DED000000000000000000006000000000000003C
:10DEE00000000000030C0000000000000000000023
:10DEF000000000C000300000000000000000000032
:10DF0000000000000000000000000600000000000B
:10DF1000000000000000030C0000000000000000F2
:10DF20000000000000C00030000000000000000001
:10DF300000000000000000000000000006000000DB
:10DF40000000000000000000030C000000000000C2
:10DF500000000000000000C00030000000000000D1
:10DF600000000000000000000000000000000600AB
:10DF700000000000000000000000030C0000000092
:10DF8000000000000000000000C0003000000000A1
:10DF90000000000000000000000000000000000081
:10DFA000060000000000000000000000030C000656
:10DFB000180000000000000001C600C00030000092
:10DFC0000000000000000000000000000000000051
:10DFD0000000060000000000000000000000030C2C
:10DFE0000006180000000000000001C600C000305C
:10DFF0000000000000000000000000000000000021
:10E00000000000000600000000000000000000000A
:10E01000030C0006180000000000000001C600C04C
:10E0200000300000000000000000000000000000C0
:10E0300000000000000006000000000000000000DA
:10E040000000030C0006180000000000000001C6DC
:10E0500000C00030000000000000000000000000D0
:10E0600000000000000000000600000000000000AA
:10E0700000000000030C0006180000000000000073
:10E0800001C600C0003000000000000000000000D9
:10E09000000000000000000000000600000000007A
:10E0A000000000000000030C000618000000000043
:10E0B000000001C600C000300000000000000000A9
:10E0C000000000000000000000000000060000004A
:10E0D0000000000000000000030C00061800000013
:10E0E0000000000001C600C0003000000000000079
:10E0F000000000000000000000000000000006001A
:10E1000000000000000000000000030C00061800E2
:10E1100000000000000001C600C000300000000048
:10E1200000000000000000000000000000000000EF
:10E13000060000000000000000000000030C0006C4
:10E14000180000000000000001C600C00030000000
:10E1500000000000000000000000000000000000BF
:10E160000000060000000000000000000000030C9A
:10E170000006180000000000000001C600C00030CA
:10E18000000000000000000000000000000000008F
:10E190000000000006000000000000C300000000B6
:10E1A000030C000618000C700000000001C600C03F
:10E1B000003FFFFFFFFFFFFFFFFFFFFFFFFFFFFF2E
:10E1C00000000000000006000000000000C3000086
:10E1D0000000030C000618000C700000000001C6CF
:10E1E00000C0003FFFFFFFFFFFFFFFFFFFFFFFFF3C
:10E1F000FFFF00000000000006000000000000C358
:10E2000000000000030C018618000C7000000000E4
:10E2100031C600C000300000000000000000000017
:10E2200000000000000000000000060000000000E8
:10E2300000C300000000030C018618000C700000F1
:10E24000000031C600C000300000000000000000E7
:10E2500000000000000000000000000006000000B8
:10E26000000000C300000000030C018618000C70C1
:10E270000000000031C600C00030000000000000B7
:10E280000000000000000000000000000000060088
:10E290000000000000C300000000030C018618000D
:10E2A0000C700000000031C600C00030000000000B
:10E2B000000000000000000000000000000000005E
:10E2C00006000000000000C300000000030C0186EF
:10E2D00018000C700000000031C600C000300000C3
:10E2E000000000000000000000000000000000002E
:10E2F000000006000000000000C300000000030C46
:10E30000018618000C700000000031C600C000300B
:10E3100000100000000000000000000000000000ED
:10E320000000000006000000000600C30000001806
:10E33000030C018618E00C700000030031C618C001
:10E340000030003800000000000000000000000065
:10E3500000000000000006000000000600C30000EE
:10E360000018030C018618E00C700000030031C691
:10E3700018C000300038000000000000000000005D
:10E38000000000000000000006000000000600C3BE
:10E3900000000018030C018618E00C700000030058
:10E3A00031C618C00030007C0000000000000000F2
:10E3B0000000000000000000000006000000000651
:10E3C00000C300000018030C018618E00C70000068
:10E3D000030031C618C00030007E000000000000BD
:10E3E0000000000000000000000000000600000027
:10E3F000000600C300000018030C018618E00C7032
:10E400000000030031C618C0003000EE000000001C
:10E4100000000000000000000000000000000600F6
:10E420000000000600C300000018030C018618E07D
:10E430000C700000030031C618C0003001C7000096
:10E4400000000000000000000000000000000000CC
:10E4500006000000000600C300000018030C01863F
:10E4600018E00C700000030031C618C0003001C76E
:10E47000000000000000000000000000000000009C
:10E48000000006000000000600C300000018030C96
:10E49000018618E00C700000030031C618C000307F
:10E4A0000383800000000000000000000000000066
:10E4B0000000000006000300000600C30C00001866
:10E4C000030C718618E00C718000030031C618C07F
:10E4D0000030038180000000000000000000000008
:10E4E00000000000000006000300718618C30C0144
:10E4F0008618E30C718618E30C718018E30C31C6A2
:10E5000018C000300701C00000000000000000003B
:10E51000000000000000000006000300718618C320
:10E520000C018618E30C718618E30C718018E30C5B
:10E5300031C618C000300700C00000000000000015
:10E5400000000000000000000000060003007186CB
:10E5500018C30C018618E30C718618E30C7180183F
:10E56000E30C31C618C000300600E00000000000D7
:10E570000000000000000000000000000600030092
:10E58000718618C30C018618E30C718618E30C71B0
:10E590008018E30C31C618C000300603E00000000C
:10E5A0000000000000000000000000000000060065
:10E5B0000300718618C30C018618E30C718618E3FA
:10E5C0000C718018E30C31C618C000300607E0005B
:10E5D000000000000000000000000000000000003B
:10E5E0000638C30C718618C30C718618E30C71864B
:10E5F00018E30C718618E30C31C618C00030060F02
:10E60000E00000000000000000000000000000002A
:10E6100000000638C30C718618C30C718618E30C11
:10E62000718618E30C718618E30C31C618C00030EF
:10E63000070FE000000000000000000000000000E4
:10E64000000000000638C30C718618C30C718618D0
:10E65000E30C718618E30C718618E30C31C618C000
:10E66000003007FFC00000000000000000000000B4
:10E670000000000000000638C30C718618C30C713E
:10E680008618E30C718618E30C718618E30C31C60A
:10E6900018C0003003FF80000000000000000000F0
:10E6A00000000000000000000638C30C718618C38B
:10E6B0000C718618E30C718618E30C718618E30C54
:10E6C00031C618C00030007C0000000000000000CF
:10E6D000000000000000000000000638C30C718636
:10E6E00018C30C718618E30C718618E30C71861838
:10E6F000E30C31C618C0003000000000000000002C
:10E700000000000000000000000000000638C30CFC
:10E71000718618C30C718618E30C718618E30C71AE
:10E720008618E30C31C618C000300000000000005D
:10E73000000000000000000000000000000006389B
:10E74000C30C718618C30C718618E30C718618E32C
:10E750000C718618E30C31C618C0003000000000B0
:10E760000000000000000078C00000000000000071
:10E770000638C30C718618C30C718618E30C7186B9
:10E7800018E30C718618E30C31C618C00030000085
:10E79000000000000000000000FDC00000000000BC
:10E7A00000000638C30C718618C30C718618E30C80
:10E7B000718618E30C718618E30C31C618C000305E
:10E7C0000000000000000000000000ED80000000DC
:10E7D00000039F7C0638C30C718618C30C71861821
:10E7E000E30C718618E30C718618E30C31C618C06F
:10E7F00000300000000000000000000000FF0000EA
:10E8000000000003BB6E0638C30C718618C30C7180
:10E810008618E30C718618E30C718618E30C31C678
:10E8200018C0003000000000000000000000007B65
:10E83000000000000007B3660638C30C718618C3D9
:10E840000C718618E30C718618E30C718618E30CC2
:10E8500031C618C0003000000001FE007FFE00003D
:10E860000007F0000000000FB3E60638C30C718605
:10E8700018C30C718618E30C718618E30C718618A6
:10E88000E30C31C618C0003000000007FF007FFE17
:10E890000000000FF0000000000DB3E60638C30CC6
:10E8A000718618C30C718618E30C718618E30C711D
:10E8B0008618E30C31C618C000300000000FFF803E
:10E8C0007FFE0000000DB00000000019B3E606381E
:10E8D000C30C718618C30C718618E30C718618E39B
:10E8E0000C718618E30C31C618C000300000001F00
:10E8F000CFC0F8000000001DF0000000001FF3660C
:10E900000638C30C718618C30C718618E30C718627
:10E9100018E30C718618E30C31C618C000300000F3
:10E92000001F03E0F00000000019F00000000001EB
:10E93000BB6E0638C30C718618C30C718618E30CC5
:10E94000718618E30C718618E30C31C618C00030CC
:10E950000000003E01E0F0000000000000000000A8
:10E9600000019F7C06000000000000000000000085
:10E97000000000000000000000000000000000C0D7
:10E9800000300000003E01E0F00000000000000048
:10E990000000000000000600000000000000000071
:10E9A0000000000000000000000000000000000067
:10E9B00000C000300000003C01F0F000000000004A
:10E9C0000000000000000000060000000000000041
:10E9D0000000000000000000000000000000000037
:10E9E000000000C000300000003C01F1EFE0000139
:10E9F000C000000000000000000007FFFFFFFFFF55
:10EA0000FFFFFFFFFFFFFFFFFFFFFFFFFFFFFFFF16
:10EA1000FFFFFFFFFFC000300000003C01F1FFF8E6
:10EA20000001C00000000000000000000000000025
:10EA300000000000000000000000000000000000D6
:10EA4000000000000000000000300000003C01F168
:10EA5000FFFC0007C00000000000000000000000F4
:10EA600000000000000000000000000000000000A6
:10EA70000000000000000000000000300000003E28
:10EA800001F1F87E000FC00000000000000000004F
:10EA90000000000000000000000000000000000076
:10EAA0000000000000000000000000000030000036
:10EAB000001F03F1E03E001FC00000000000000046
:10EAC0000000000000000000000000000000000046
:10EAD0000000000000000000000000000000003006
:10EAE0000000001F8FF0001F0009C00000000000A0
:10EAF0000000000000000000000000000000000016
:10EB00000000000000000000000000000000000005
:10EB100000300000000FFFF0000F0001C0000000F7
:10EB200000000000000000000000000000000000E5
:10EB300000000000000000000000000000000000D5
:10EB40000000003000000007FEF0000F0001C000D0
:10EB500000000000000000000000000000000000B5
:10EB600000000000000000000000000000000000A5
:10EB700000000000003000000003FCF0000F000166
:10EB8000C0000000000000000000000000000000C5
:10EB90000000000000000000000000000000000075
:10EBA00000000000000000300000000001F0000F35
:10EBB0000001C00000000000000000000000000094
:10EBC0000000000000000000000000000000000045
:10EBD000000000000000000000300000000001E024
:10EBE000000F0001C0000000000000000000000055
:10EBF0000000000000000000000000000000000015
:10EC00000000000000000000000000300000001EB6
:10EC100001E3C01F0001C000000000000000000070
:10EC200000000000000000000000000000000000E4
:10EC300000000000000000000000000000300000A4
:10EC4000001E03E3E01E0001C00000000000000001
:10EC500000000000000000000000000000000000B4
:10EC60000000000000000000000000000000003074
:10EC70000000001F03C1E03E0781C000000000004B
:10EC80000000000000000000000000000000000084
:10EC90000000000000000000000000000000000074
:10ECA00000300000001F8FC1F8FC0781C000000089
:10ECB0000000000000000000000000000000000054
:10ECC0000000000000000000000000000000000044
:10ECD000000000300000000FFF80FFFC000000007B
:10ECE0000000000000000000000000000000000024
:10ECF0000000000000000000000000000000000014
:10ED000000000000003000000007FF007FF8000056
:10ED100000000000000000000000000000000000F3
:10ED200000000000000000000000000000000000E3
:10ED3000000000000000003000000003FC003FE085
:10ED400000000000000000000000000000000000C3
:10ED500000000000000000000000000000000000B3
:10ED60000000000000000000003000000000000073
:10ED70000000000000000000000000000000000093
:10ED80000000000000000000000000000000000083
:10ED90000000000000000000000000300000000043
:10EDA0000000000000000000000000000000000063
:10EDB0000000000000000000000000000000000053
:10EDC0000000000000000000000000000030000013
:10EDD0000000000000000000000000000000000033
:10EDE0000000000000000000000000000000000023
:10EDF00000000000000000000000000000000030E3
:10EE00000000000000000000000000000000000002
:10EE100000000000000000000000000000000000F2
:10EE200000000000000000000000000000000000E2
:10EE300000300000000000000000000000000000A2
:10EE400000000000000000000000000000000000C2
:10EE500000000000000000000000000000000000B2
:10EE60000000003000000000000000000000000072
:10EE70000000000000000000000000000000000092
:10EE80000000000000000000000000000000000082
:10EE90000000000000300000000000000000000042
:10EEA0000000000000000000000000000000000062
:10EEB0000000000000000000000000000000000052
:10EEC0000000000000000030000000000000000012
:10EED0000000000000000000000000000000000032
:10EEE0000000000000000000000000000000000022
:10EEF00000000000000000000030000000000000E2
:10EF00000000000000000000000000000000000001
:10EF100000000000000000000000000000000000F1
:10EF200000000000000000000000003000000000B1
:10EF300000000000000000000000000000000000D1
:10EF400000000000000000000000000000000000C1
:10EF50000000000000000000000000000030000081
:10EF600000000000000000000000000000000000A1
:10EF70000000000000000000000000000000000091
:10EF80000000000000000000000000000000003051
:10EF90000000000000000000000000000000000071
:10EFA0000000000000000000000000000000000061
:10EFB0000000000000000000000000000000000051
:10EFC0000030000000000000000000000000000011
:10EFD0000000000000000000000000000000000031
:10EFE0000000000000000000000000000000000021
:10EFF00000000030000000000000000000000000E1
:10F000000000000000000000000000000000000000
:10F0100000000000000000000000000000000000F0
:10F0200000000000003000000000000000000000B0
:10F0300000000000000000000000000000000000D0
:10F0400000000000000000000000000000000000C0
:10F050000000000000000030000000000000000080
:10F0600000000000000000000000000000000000A0
:10F070000000000000000000000000000000000090
:10F080000000000000000000003000000000000050
:10F090000000000000000000000000000000000070
:10F0A0000000000000000000000000000000000060
:10F0B0000000000000000000000000300000000020
:10F0C0000000000000000000000000000000000040
:10F0D0000000000000000000000000000000000030
:10F0E00000000000000000000000000000300000F0
:10F0F0000000000000000000000000000000000010
:10F1000000000000000000000000000000000000FF
:10F1100000000000000000000000000000000000EF
:10F1200000000000000000000000000000000000DF
:10F1300000000000000000000000000000000000CF
:10F1400000000000000000000000000000000000BF
:10F1500000000000000000000000000000000000AF
:10F16000000000000000000000000000000000009F
:10F17000000000000000000000000000000000008F
:10F18000000000000000000000000000000000007F
:10F19000000000000000000000000000000000006F
:10F1A000000000000000000000000000000000005F
:10F1B000000000000000000000000000000000004F
:10F1C000000000000000000000000000000000003F
:10F1D000000000000000000000000000000000002F
:10F1E000000000000000000000000000000000001F
:10F1F000000000000000000000000000000000000F
:10F2000000000000000000000000000000000000FE
:10F2100000000000000000000000000000000000EE
:10F2200000000000000000000000000000000000DE
:10F2300000000000000000000000000000000000CE
:10F2400000000000000000000000000000000000BE
:10F250000000000000000000000000007800FC003A
:10F26000CC00CC00FC00787C00FE01C7018301804B
:10F2700001800180018301C700FE007C000078004E
:10F28000FC00CC00CC00FC0079FE01FE0180018076
:10F2900001FC01FC01800180018001800180780077
:10F2A000FC00CC06CC0CCC18FC30786000C001808F
:10F2B0000300061E0C3F183330336033003F001E3E
:10F2C00000000000000000FC0001FE0003870007B2
:10F2D00003800E31C01C30E0383070703038703030
:10F2E000387030387030383830701C00E00E31C063
:10F2F00007038003870001FE0000FC0000000000FF
:10F30000000000000000000000FC00017A00020183
:10F310000004788008FC4011CE2023CF1047CF880E
:10F320008FCFC48FCFC48FCFC48FCFC447CF882394
:10F33000FF1011CE2008FC40047880020100017A01
:10F340000000FC0000000000000000000000FC00C5
:10F3500001FE0003FF0007FF800FFFC01FCFE03F4B
:10F36000CFF07FCFF8FFCFFCFFCFFCFFCFFCFFCF6C
:10F37000FC7FCFF83FFFF01FCFE00FFFC007FF80FB
:10F3800003FF0001FE0000FC00000000000000FF81
:10F39000FFFCFFFFFCC0000CC0000CCCCCCFCCCCE1
:10F3A000CFCCCCCFCCCCCFCCCCCFCCCCCFCCCCCF8B
:10F3B000C0000CC0000CFFFFFCFFFFFCFFFFFCFFC8
:10F3C000FFFCC0000CC0000CCCCC0FCCCC0FCCCCC4
:10F3D0000FCCCC0FCCCC0FCCCC0FCCCC0FC0000CB6
:10F3E000C0000CFFFFFCFFFFFCFFFFFCFFFFFCC0A9
:10F3F000000CC0000CCCC00FCCC00FCCC00FCCC0D8
:10F400000FCCC00FCCC00FCCC00FC0000CC0000C84
:10F41000FFFFFCFFFFFCFFFFFCFFFFFCC0000CC078
:10F42000000CCC000FCC000FCC000FCC000FCC0098
:10F430000FCC000FCC000FC0000CC0000CFFFFFC75
:10F44000FFFFFCFFFFFCFFFFFCC0000CC0000CC076
:10F45000000FC0000FC0000FC0000FC0000FC000A1
:10F460000FC0000FC0000CC0000CFFFFFCFFFFFC32
:10F4700000000300038007C00CC00C601C601C303F
:10F4800038383018701C600CE00CE0EEC3F6E3EE88
:10F49000E00E7E7C3FF80FE00000000000000F004F
:10F4A0001F803FC039DE30C030DC36C036DC36C0AD
:10F4B00036C036C076E07670E630C630CF38CF380A
:10F4C000CF38E070F0F07FE03FC000000000300077
:10F4D0000030000030000030000030000C30000C24
:10F4E00030000C30000C30030C30030C30030C30B7
:10F4F000C30C30C30C30C30C30C30C30000030C020
:10F50000000030C0000030C0000030C0000030C03B
:10F51000000C30C0000C30C0000C30C0000C30C0FB
:10F52000030C30C0030C30C0030C3000C30C30C0DF
:10F53000C30C30C0C30C3000C30C3000FFFFFFFF12
:10F54000F8FFFFFFFFF8FFFFFFFFF8E000000038C3
:10F55000E000000038E000000038E000000038E083
:10F5600000000038E000000038E000000038E0183B
:10F5700000C038E01800C038E01800C038E01800BB
:10F58000C038E01800C038E01800C038E01800C0EB
:10F5900038E000000038E000000038E000000038EB
:10F5A000E000000038E000000038E000000038E033
:10F5B0000C018038E01E03C038E01F07C038E00FA0
:10F5C000DF8038E003FE0038E001FC0038E0007026
:10F5D0000038E000000038E000000038E0000000E3
:10F5E00038E000000038FFFFFFFFF8FFFFFFFFF8E3
:10F5F000FFFFFFFFF8FFFFFFFFF8FFFFFFFFF8FF30
:10F60000FFFFFFF8E000000038E000000038E000F5
:10F61000000038E000000038E000000038E00000A2
:10F620000038E000000038E03801C038E03801C0A0
:10F6300038E03801C038E03801C038E03801C0385F
:10F64000E03801C038E000000038E000000038E099
:10F6500000000038E000000038E000000038E00062
:10F66000000038E000000038E000000038E0000052
:10F670000038E01FFF8038E01FFF8038E01FFF8068
:10F6800038E000000038E000000038E000000038FA
:10F69000E000000038E000000038E000000038FF23
:10F6A000FFFFFFF8FFFFFFFFF8FFFFFFFFF8FFFF7F
:10F6B000FFFFF8FFFFFFFFF8FFFFFFFFF8E000008C
:10F6C0000038E000000038E000000038E0000000F2
:10F6D00038E000000038E000000038E000000038AA
:10F6E000E03800E038E03800E038E03800E038E0AA
:10F6F0003800E038E03800E038E03800E038E0007A
:10F70000000038E000000038E000000038E00000B1
:10F710000038E000000038E000000038E000700031
:10F7200038E000F80038E003FE0038E007FF00385A
:10F73000E01F8FC038E01E07C038E00C018038E0C1
:10F7400000000038E000000038E000000038E00071
:10F75000000038E000000038FFFFFFFFF8FFFFFF68
:10F76000FFF8FFFFFFFFF8003000003000103020EE
:10F770003830701C00E00EFDC005FE8003870007D6
:10F780000380060180F601BCF601BC060180070378
:10F790008003870005FE800EFDC01C00E03830703D
:10F7A0001030200030000030000C03000C63000C0F
:10F7B00063000C63000C63000C63000C63000C63BB
:10F7C000000C63003C63C07DFBE03DFBC01DFB8083
:10F7D0000CF3000060007FFFE07FFFE07FFFE0C0F0
:10F7E000DFFB037FE0C0DFFB037FE0C0D8030360E3
:10F7F00060C0D803036060FFD803FF6060FFD803D8
:10F80000FF6060C0D803036060C0D803036060C0BD
:10F81000DFFB037FE0C0DFFB037FE0FFC000FFC032
:10F8200000C0C000C0C000C0C000C0C000C0C00058
:10F83000C0C000FFCF80FFC080000F8000008000AC
:10F840000F80000000FFBFF7F8FFFFBFF7F8FFC110
:10F85000B33018C0C1B33018C0C1B337F8FFFFB31D
:10F8600037F8FFFFB3360003C033360003C0333729
:10F87000FAFFC03337FAFFFF7FF99FE0FF7FF99F60
:10F88000E0C363199860C363199860C363199860F3
:10F89000FF63199860FF63199860C063199860C08E
:10F8A00063199FE0C063199FE0FF6037FDFFFF60B1
:10F8B000360D801860360D801830660D80181046A1
:10F8C0000D801818C60D801808860D80180D860D3D
:10F8D000801807060D80180207FDFF0000000000D9
:10F8E000000000FFBFFBFEFFBFFBFEC0301806C0DC
:10F8F000301806C0301806C0301806C0301BFEC0D5
:10F90000301BFEC0301B00C0301B00C0301B00C0CD
:10F91000301B00FFBFFBFEFFBFFBFE00000000002E
:10F920000000003FBFDFC03FBFDFC03030C0C0308D
:10F9300030C0C03030DFC03030DFC03030D80030B1
:10F9400030D8003FBFDFC03FBFDFC0000000000075
:10F95000000000000061BFD86FF061BFD86FF06198
:10F96000B0186C3061B0186C3061B0186C3061B098
:10F97000186C307FB01FEC307FB01FEC3061B018D6
:10F980006C3061B0186C3061B0186C3061B0186CBC
:10F990003061BFD86FF061BFD86FF0000000000089
:10F9A0000000000000000000F80000008800003E99
:10F9B0008800002288000FA2880008A28803E8A21D
:10F9C000880228A288FA28A2888A28A2888A28A2DF
:10F9D000888A28A288FBEFBEF8000000F80000002B
:10F9E0008800003E8800002288000FA2880008A23C
:10F9F0008803E8A2880228A288FA28A288FA28A206
:10FA000088FA28A288FA28A288FBEFBEF800000036
:10FA1000F80000008800003E8800002288000FA245
:10FA2000880008A28803E8A28803E8A288FBE8A26D
:10FA300088FBE8A288FBE8A288FBE8A288FBEFBE6F
:10FA4000F8000000F80000008800003E8800002256
:10FA500088000FA288000FA28803EFA28803EFA2FC
:10FA600088FBEFA288FBEFA288FBEFA288FBEFA246
:10FA700088FBEFBEF8000000F80000008800003EA0
:10FA80008800003E88000FBE88000FBE8803EFBECE
:10FA90008803EFBE88FBEFBE88FBEFBE88FBEFBE9E
:10FAA00088FBEFBE88FBEFBEF8000000F800000006
:10FAB000F800003EF800003EF8000FBEF8000FBE50
:10FAC000F803EFBEF803EFBEF8FBEFBEF8FBEFBEA6
:10FAD000F8FBEFBEF8FBEFBEF8FBEFBEF80000004E
:10FAE0000000000000000000000000000000000016
:10FAF0000000004000008BE09F27C08A2115504085
:10FB0000FBE21507C088241500400BE81507C0006C
:10FB100000000000000000000000000000000000E5
:10FB20000000000000400000FBE09F27C0AA211554
:10FB30005040ABE21507C0A824150040ABE81507FC
:10FB4000C000000000003F7EFE00214292002142E2
:10FB500092003F7E92002040920020409200204080
:10FB60009200000000000000000000007EFD004246
:10FB700085004285004285F84285087EFD08408167
:10FB8000084081F8000000000000000000000000B4
:10FB9000000000000000FA0716AA0898ABEF90AA30
:10FBA0002890ABE890000000003FFC3FFC300C3098
:10FBB0000C300C300C300C300C300C300C300C3065
:10FBC0000C300C300C300C300C300C300C3FFC3F47
:10FBD000FC00000000000000000F000F0003000305
:10FBE00000030003000300030003000300030003FD
:10FBF00000030003000300030003000300030003ED
:10FC00000000000000000000003FFC3FFC000C0072
:10FC10000C000C000C000C000C000C3FFC3FFC30F6
:10FC2000003000300030003000300030003FFC3F3A
:10FC3000FC00000000000000003FFC3FFC000C0046
:10FC40000C000C000C000C000C000C3FFC3FFC00F6
:10FC50000C000C000C000C000C000C000C3FFC3FD6
:10FC6000FC0000000000000000300C300C300C30B4
:10FC70000C300C300C300C300C300C3FFC3FFC00D6
:10FC80000C000C000C000C000C000C000C000C0014
:10FC90000C00000000000000003FFC3FFC30003082
:10FCA00000300030003000300030003FFC3FFC00EE
:10FCB0000C000C000C000C000C000C000C3FFC3F76
:10FCC000FC00000000000000003FFC3FFC30003062
:10FCD00000300030003000300030003FFC3FFC308E
:10FCE0000C300C300C300C300C300C300C3FFC3F26
:10FCF000FC00000000000000003FFC3FFC000C0086
:10FD00000C000C000C000C000C000C000C000C0093
:10FD10000C000C000C000C000C000C000C000C0083
:10FD20000C00000000000000003FFC3FFC300C30E5
:10FD30000C300C300C300C300C300C3FFC3FFC30E5
:10FD40000C300C300C300C300C300C300C3FFC3FC5
:10FD5000FC00000000000000003FFC3FFC300C30C5
:10FD60000C300C300C300C300C300C3FFC3FFC00E5
:10FD70000C000C000C000C000C000C000C3FFC3FB5
:10FD8000FC000000000000000000007F7F7F414178
:10FD9000494141494141494141497F7F49404049A9
:10FDA00040400000000000000000000000000000D3
:10FDB0000000007DF00F99E055102AA42055104A4C
:10FDC000A42055F08A81E054110A802054120A8040
:10FDD0002055F40A81E0000000000000000000004F
:10FDE0000000000000000000000000000000000013
:10FDF0000000000000000000000000000000007F84
:10FE0000CC19FF3FE600C01FF3067F807FCE39FF8D
:10FE10003FE600C01FF3867F806007318030060018
:10FE2000C01803C60C0060077180300600C01803BC
:10FE3000E60C006003E180300600C01803760C0079
:10FE40007FC1C1803FE600C01FF33E0C007FC1C1EF
:10FE5000803FE600C01FF31E0C006003E180300607
:10FE600000C018030E0C0060077180300600C01837
:10FE700003060C0060077180300600C01803060CF2
:10FE8000007FCE39FF3FE7FCFF9FF3060C007FCCDD
:10FE900019FF3FE7FCFF9FF3060C00000000000085
:10FEA0000000000000000000000000000000000052
:10FEB0000000000000000000000000000000000042
:10FEC0000000000000000000000000000000000032
:10FED0000000000000000000000000000000000022
:10FEE000000000000000007FCFF9FE0FC60C3E1F8F
:10FEF000F180607FCFF9FE0FC70C3E1FF18060607C
:10FF0000CC198183078CC19831C0E060CC19818302
:10FF100007CCC19830E1C060CC19818306ECC19850
:10FF200030738060CFF98183067CFF9FF03F0060D3
:10FF3000CFF98183063CFF9FF01E0060CC318183A6
:10FF4000061CC198600C0060CC318183060CC198FE
:10FF5000600C0060CC198183060CC198300C007FC6
:10FF6000CC19FE0FC60CC198300C007FCC19FE0FC7
:10FF7000C60CC198300C000000000000000000001A
:10FF80000000000000000000000000000000000071
:10FF90000000000000000000000000000000000061
:10FFA0000000000000000000000000000000000051
:10FFB00000000000000000600FFCC0CFFB00C0602C
:10FFC0000FFCC0CFFB00C0600C0CC0CC0381C06034
:10FFD0000C0CC0CC01C380600C0CC0CC00E70060EE
:10FFE0000C0CC0CFF87E00600C0CC0CFF83C006059
:10FFF0000C0CC0C0181800600C0CC0C018180060B1
:020000040003F7
:100000000C0CC0C01818007FCFFCFFCFF818007F81
:10001000CFFCFFCFF8180000000000000000000037
:1000200000000000000000000000000000000000D0
:100030000000000000000052454144425553590061
:1000400052454144425553595F43414C4C42414310
:100050004B00000000000000000000000000000055
:1000600000000000001818181818181818001800B8
:100070000000000000181818000000000000000038
:10008000000000000024247E2424247E2424000078
:1000900000000018183C666030180C06663C181802
:1000A0000000000070D8DB760C18306EDB1B0E00F1
:1000B0000000000000386C6C38606F66663B000022
:1000C00000000000001818180000000000000000E8
:1000D00000000000000C1818303030303018180CB8
:1000E00000000000003018180C0C0C0C0C18183014
:1000F00000000000000000361C7F1C3600000000DD
:100100000000000000000018187E18180000000011
:100110000000000000000000000000001C1C0C1883
:100120000000000000000000007E00000000000051
:100130000000000000000000000000001C1C000087
:1001400000000000000001020408102040800000B0
:1001500000000000007E42424242424242427E0093
:1001600000000000000C040404040404040404005F
:1001700000000000007E0202027E404040407E00FF
:1001800000000000007E0202027E020202027E00E7
:10019000000000000022222222223E02020202006F
:1001A00000000000007E4040407E020202027E000D
:1001B00000000000007E4040407E424242427E00FD
:1001C00000000000003E02020202020202020200DF
:1001D00000000000007E4242427E424242427E00D7
:1001E00000000000007E4242427E02020202020043
:1001F000000000000000001818000000181800009F
:10020000000000000000001818000000181808186E
:100210000000000000060C18306030180C060000CA
:1002200000000000000000003C003C000000000056
:1002300000000000006030180C060C183060000050
:1002400000000000003C66660C181800181800003A
:1002500000000000007EC3C3CFDBDBCFC07F000007
:1002600000000000007E4242427E42424242420082
:1002700000000000007C4444447E424242427E0032
:1002800000000000007E40404040404040407E0072
:1002900000000000007844424242424242427E0056
:1002A00000000000007E4040407E404040407E0014
:1002B00000000000007E4040407C40404040400044
:1002C00000000000007E424240404E4242427E001A
:1002D0000000000000424242427E4242424242004E
:1002E00000000000007E18181818181818187E0052
:1002F00000000000000202020202020202027E006E
:10030000000000000042424448704844424242001B
:1003100000000000004040404040404040407E001F
:10032000000000000042665A4242424242424200FD
:1003300000000000004262524A46424242424200ED
:1003400000000000007E42424242424242427E00A1
:1003500000000000007E4242427E4040404040009B
:1003600000000000007E424242424242427E0800BB
:1003700000000000007E4242427E4442424242006F
:1003800000000000007E4040407E020202027E002B
:1003900000000000003E08080808080808080800D7
:1003A00000000000004242424242424242427E007D
:1003B00000000000004242424242424242241800F1
:1003C00000000000004141414149492A2A223E00E3
:1003D000000000000081814224181824428381001B
:1003E000000000000081818181817E1818181800AA
:1003F0000000000000FF0102040810204080FF0000
:1004000000000000003C30303030303030303030D0
:100410003C000000006060303018180C0C0606002C
:1004200000000000003C0C0C0C0C0C0C0C0C0C0C18
:100430003C0000183C6600000000000000000000C6
:1004400000000000000000000000000000000000AC
:10045000FF000038180C0000000000000000000041
:10046000000000000000003C06063E66663E0000FC
:10047000000000000060607C66666666667C0000C6
:10048000000000000000003C66606060663C000008
:10049000000000000006063E66666666663E0000D6
:1004A000000000000000003C66667E60603C0000CA
:1004B00000000000001E3030307E30303030000050
:1004C000000000000000003E66666666663E0606A6
:1004D0007C0000000060607C666666666666000000
:1004E000000000001818007818181818187E00006E
:1004F000000000000C0C003C0C0C0C0C0C0C0C0C48
:100500007800000000606066666C786C66660000CB
:10051000000000000078181818181818187E00003D
:10052000000000000000007E6B6B6B6B6B630000D3
:10053000000000000000007C6666666666660000DB
:10054000000000000000003C66666666663C000035
:10055000000000000000007C66666666667C6060E5
:10056000600000000000003E66666666663E0606A5
:1005700006000000000000666E70606060600000B1
:10058000000000000000003E60603C06067C0000A9
:10059000000000000030307E30303030301E00006F
:1005A000000000000000006666666666663E0000A9
:1005B0000000000000000066666666663C180000E9
:1005C00000000000000000636B6B6B6B36360000B0
:1005D0000000000000000066663C183C66660000F3
:1005E000000000000000006666666666663C0C1847
:1005F000F00000000000007E060C1830607E000055
:1006000000000000000C1818183060301818180C82
:1006100000000000001818181818181818181818D2
:100620001800000000301818180C060C18181830A4
:10063000000000000071DB8E0000000000000000E0
:1006400000000000000000000000000000000000AA
:1006500000000000001818181818181818001800C2
:100660000000000000181818000000000000000042
:10067000000000000024247E2424247E2424000082
:1006800000000018183C666030180C06663C18180C
:100690000000000070D8DB760C18306EDB1B0E00FB
:1006A0000000000000386C6C38606F66663B00002C
:1006B00000000000001818180000000000000000F2
:1006C00000000000000C1818303030303018180CC2
:1006D00000000000003018180C0C0C0C0C1818301E
:1006E00000000000000000361C7F1C3600000000E7
:1006F0000000000000000018187E1818000000001C
:100700000000000000000000000000001C1C0C188D
:100710000000000000000000007E0000000000005B
:100720000000000000000000000000001C1C000091
:1007300000000000000001020408102040800000BA
:1007400000000000007E42424242424242427E009D
:1007500000000000000C0404040404040404040069
:1007600000000000007E0202027E404040407E0009
:1007700000000000007E0202027E020202027E00F1
:10078000000000000022222222223E020202020079
:1007900000000000007E4040407E020202027E0017
:1007A00000000000007E4040407E424242427E0007
:1007B00000000000003E02020202020202020200E9
:1007C00000000000007E4242427E424242427E00E1
:1007D00000000000007E4242427E0202020202004D
:1007E00000000000000000181800000018180000A9
:1007F0000000000000000018180000001818081879
:100800000000000000060C18306030180C060000D4
:1008100000000000000000003C003C000000000060
:1008200000000000006030180C060C18306000005A
:1008300000000000003C66660C1818001818000044
:1008400000000000007EC3C3CFDBDBCFC07F000011
:1008500000000000007E4242427E4242424242008C
:1008600000000000007C4444447E424242427E003C
:1008700000000000007E7E6060606060607E7E0040
:1008800000000000007844424242424242427E0060
:1008900000000000007E7E60607E7E60607E7E00E4
:1008A00000000000007E4040407C4040404040004E
:1008B00000000000007E424240404E4242427E0024
:1008C0000000000000424242427E42424242420058
:1008D00000000000007E18181818181818187E005C
:1008E00000000000000202020202020202027E0078
:1008F0000000000000424244487048444242420026
:10090000000000000060606060606060607E7E00EB
:10091000000000000042665A424242424242420007
:1009200000000000006363737B6F676363636300B1
:1009300000000000007E42424242424242427E00AB
:1009400000000000007E4242427E404040404000A5
:1009500000000000007E424242424242427E0800C5
:1009600000000000007E4242427E44424242420079
:1009700000000000007E4040407E020202027E0035
:1009800000000000007E7E181818181818181800AB
:1009900000000000004242424242424242427E0087
:1009A00000000000004242424242424242241800FB
:1009B00000000000004141414149492A2A223E00ED
:1009C000000000000066663C18183C66666666001B
:1009D000000000000081818181817E1818181800B4
:1009E0000000000000FF0102040810204080FF000A
:1009F00000000000003C30303030303030303030DB
:100A00003C000000006060303018180C0C06060036
:100A100000000000003C0C0C0C0C0C0C0C0C0C0C22
:100A20003C0000183C6600000000000000000000D0
:100A300000000000000000000000000000000000B6
:100A4000FF000038180C000000000000000000004B
:100A5000000000000000003C06063E66663E000006
:100A6000000000000060607C66666666667C0000D0
:100A7000000000000000003C66606060663C000012
:100A8000000000000006063E66666666663E0000E0
:100A9000000000000000003C66667E60603C0000D4
:100AA00000000000001E3030307E3030303000005A
:100AB000000000000000003E66666666663E0606B0
:100AC0007C0000000060607C66666666666600000A
:100AD000000000001818007818181818187E000078
:100AE000000000000C0C003C0C0C0C0C0C0C0C0C52
:100AF0007800000000606066666C786C66660000D6
:100B0000000000000078181818181818187E000047
:100B1000000000000000007E6B6B6B6B6B630000DD
:100B2000000000000000007C6666666666660000E5
:100B3000000000000000003C66666666663C00003F
:100B4000000000000000007C66666666667C6060EF
:100B5000600000000000003E66666666663E0606AF
:100B600006000000000000666E70606060600000BB
:100B7000000000000000003E60603C06067C0000B3
:100B8000000000000030307E30303030301E000079
:100B9000000000000000006666666666663E0000B3
:100BA0000000000000000066666666663C180000F3
:100BB00000000000000000636B6B6B6B36360000BA
:100BC0000000000000000066663C183C66660000FD
:100BD000000000000000006666666666663C0C1851
:100BE000F00000000000007E060C1830607E00005F
:100BF00000000000000C1818183060301818180C8D
:100C000000000000001818181818181818181818DC
:100C10001800000000301818180C060C18181830AE
:100C2000000000000071DB8E0000000000000000EA
:100C300000000000000000000000000000000000B4
:100C400000000000000000000000000000000000A4
:100C50000000000000000000200020002000200014
:100C600020002000200020000000000020000000E4
:100C700000000000000000000000700050001000A4
:100C80000000000000000000000000000000000064
:100C900000000000000000000000000008400840C4
:100CA0007FE0108010801080108031807FE0210074
:100CB00021000000000000000000000004007FC0D0
:100CC00044004400440044007FC004400440044009
:100CD00004407FC00400000000000000000000206D
:100CE000784048404880490079007AF004900490A8
:100CF0000890109010F000000000000000000000BC
:100D000000003F802080208031801E000E00336074
:100D100040C040E040907F00000000000000000064
:100D20000000000060004000000000000000000023
:100D300000000000000000000000000000000000B3
:100D400000000800180010003000200020002000E3
:100D500020002000200020002000100010000800CB
:100D600000000000400020002000100010001000D3
:100D700010001000100010001000100030002000C3
:100D80004000000000000000000000000800080013
:100D90006E0018003E000A0008000000000000007D
:100DA000000000000000000000000000000004003F
:100DB0000400040004007FC00400040004000400D8
:100DC0000000000000000000000000000000000023
:100DD0000000000000000000000000000000000013
:100DE00030001000200000000000000000000000A3
:100DF000000000000000000000007FC000000000B4
:100E000000000000000000000000000000000000E2
:100E100000000000000000000000000000000000D2
:100E20000000000020002000000000000000000082
:100E30000000010002000200040004000800080095
:100E400010001000200020004000400000000000C2
:100E50000000000000007FC06040604060406040D3
:100E6000604060406040604060407FC00000000023
:100E700000000000000000007000100010001000D2
:100E800010001000100010001000100010000000F2
:100E9000000000000000000000003FC000400040D3
:100EA000004000407FC060006000600060007FC0C4
:100EB0000000000000000000000000007FC00040B3
:100EC0000040004000401FC0004000400040004083
:100ED0007FC0000000000000000000000000604033
:100EE0006040604060406040604060407FC00040C3
:100EF0000040004000000000000000000000000072
:100F00007FC060006000600060007FC00040004063
:100F1000004000407FC00000000000000000000012
:100F200000007FC060006000600060007FC0604023
:100F30006040604060407FC0000000000000000092
:100F4000000000007FC0008000800100010002005E
:100F50000200040004000C00080000000000000073
:100F60000000000000007FC06040604060406040C2
:100F70007FC060406040604060407FC00000000073
:100F800000000000000000007FC060406040604042
:100F900060407FC000400040004000407FC0000033
:100FA0000000000000000000000000000000000041
:100FB00018001800000000000000000018001800D1
:100FC0000000000000000000000000000000000021
:100FD00000001800180000000000000000001800C9
:100FE0001800080010000000000000000000008051
:100FF000038006000C003000600030000C0006008A
:10100000030000800000000000000000000000005D
:1010100000000000000000007FC0000000007FC052
:1010200000000000000000000000000000000000C0
:1010300000000000300018000600030001800300DB
:101040000600180030002000000000000000000032
:10105000000000007F8040804080008003000C0082
:1010600008000800080000000C000000000000005C
:101070000000000000007FF8400840484FC8484882
:10108000484849C84F48403840007FC00000000031
:1010900000000000000000001F00110011801080FF
:1010A000208020803F8020C02040604040400000E1
:1010B000000000000000000000007F80618061806F
:1010C000618061807FC060406040604060407FC060
:1010D0000000000000000000000000007FC0600071
:1010E0006000600060006000600060006000600000
:1010F0007FC00000000000000000000000007F80B2
:1011000060C060406040604060406040604060405F
:1011100060407FC0000000000000000000000000F0
:101120007F8060006000600060007F806000600081
:10113000600060007F8000000000000000000000F0
:1011400000007F8060006000600060007F00600041
:10115000600060006000600000000000000000000F
:10116000000000007FC0600060006000600067C099
:1011700060406040604060407FC0000000000000B0
:1011800000000000000060C060C060C060C060C0BF
:101190007FC060C060C060C060C060C00000000070
:1011A00000000000000000001000100010001000FF
:1011B00010001000100010001000100010000000BF
:1011C000000000000000000000000600060006000D
:1011D00006000600060006000600060006007E0067
:1011E00000000000000000000000000060806100BE
:1011F0006300620064007C00660062006100618040
:10120000608000000000000000000000000060009E
:1012100060006000600060006000600060006000CE
:1012200060007FC00000000000000000000000001F
:101230000000000000007F807F806D806D806D80E9
:101240006D806D806D806D800000000000000000EA
:10125000000060406040704068406C406440624004
:10126000614061C060C060400000000000000000FC
:10127000000000007FC0604060406040604060400F
:1012800060406040604060407FC00000000000009F
:101290000000000000000000000000007F807F8050
:1012A000618061806180618061807F807F8060007B
:1012B00060000000000000007FC0604060406040AF
:1012C0006040604060406040604060407FC002001D
:1012D000000000000000000000007FC0604060408F
:1012E000604060407FC0620061006180608060405B
:1012F0000000000000000000000000007FC060004F
:101300006000600060007FC000400040004000407E
:101310007FC00000000000000000000000007FC04F
:10132000040004000400040004000400040004009D
:1013300004000400000000000000000000000000A5
:10134000604060406040604060406040604060409D
:10135000604060407FC0000000000000000000000E
:101360000000404060C020802080318011001100CA
:101370000B000A000A00040000000000000000004A
:101380000000000062206220622062206220622051
:1013900062206220622062207FE0000000000000E6
:1013A0000000000000006080218031001A000E0063
:1013B00004000E001A00110021804080000000008F
:1013C000000000000000000040C0208031801100BB
:1013D0001A000E00040004000400040004000000D1
:1013E000000000000000000000007F8001000300FA
:1013F00002000600040008001800100020007FC052
:101400000000000000000000380030003000300014
:10141000300030003000300030003000300030004C
:1014200030003000380000000000000040004000A4
:101430002000200010001000080008000400040034
:101440000200020001000000000000007000100017
:10145000100010001000100010001000100010000C
:1014600010001000100010007000000000000000CC
:1014700000001C003600000000000000000000001A
:10148000000000000000000000000000000000005C
:10149000000000000000000000000000000000004C
:1014A000000000000000000000000000FF0000003D
:1014B00000000000000020001000000000000000FC
:1014C000000000000000000000000000000000001C
:1014D00000000000000000000000000000003F00CD
:1014E0000100010001007F00410041007F00000079
:1014F000000000000000000000000000000060008C
:101500007F006100610061006100610061007F0097
:1015100000000000000000000000000000000000CB
:1015200000007F00400040004000400040004000BC
:101530007F0000000000000000000000000000002C
:10154000000001007F006100610061006100610036
:1015500061007F00000000000000000000000000AB
:101560000000000000007F80618061807F8040007B
:10157000400040007F8000000000000000000000EC
:101580000000000000003C00300030007C00300013
:10159000300030003000300000000000000000008B
:1015A000000000000000000000007F80618061807A
:1015B000618061807F80018001807F800000000069
:1015C0000000000000000000000040007F0041001B
:1015D0004100410041004100410041000000000085
:1015E000000000000000000000002000000060007B
:1015F000200020002000200020002000200000000B
:1016000000000000000000000000000030000000AA
:10161000300030003000300030003000300030004A
:10162000200040000000000000000000000000005A
:10163000600061006200640078006C006400620079
:101640006100000000000000000000000000000039
:10165000200020002000200020002000200020008A
:10166000200020000000000000000000000000003A
:101670000000000000007F004900490049004900C7
:101680004900490049004900000000000000000036
:1016900000000000000000007F00610061006100A8
:1016A00061006100610061000000000000000000B6
:1016B000000000000000000000007F0061006100E9
:1016C00061006100610061007F0000000000000017
:1016D0000000000000000000000000007F8040804B
:1016E000408040804080408040807F8040004000BB
:1016F00040000000000000000000000000007F80AB
:101700006180618061806180618061807F80018013
:101710000180000000000000000000000000000048
:101720007C0060006000600060006000600060009D
:1017300000000000000000000000000000000000A9
:1017400000007F806000600060007F800180018079
:101750007F8000000000000000000000000000008A
:1017600000002000FC0020002000200020002000BD
:1017700020003C000000000000000000000000000D
:101780000000000000006100610061006100610074
:10179000610061007F000000000000000000000008
:1017A0000000000000000000410043006200220031
:1017B000240014001C0018000000000000000000BD
:1017C00000000000000000000000666066606660C7
:1017D00066606660666066607FE000000000000092
:1017E0000000000000000000000000004100220096
:1017F00036001C00080014002200630000000000F6
:1018000000000000000000000000000000006080F8
:1018100060806080608060807F80008000807F804A
:1018200000000000000000000000000000000000B8
:101830007F00020006000C000800100020007F80DE
:101840000000000000000000180010002000200030
:101850002000200020004000200020002000200068
:1018600020003000180000000000000020002000D0
:101870002000200020002000200020002000200068
:101880002000200020000000000000004000200098
:1018900030001000100010001000180010001000A0
:1018A00010001000100020004000000000000000A8
:1018B0000000000000000000000020007D00070084
:1018C0000000000000000000000000000000000018
:1018D000000000000000E000A000A000A000A000A8
:1018E000A000A000A000A000E00000000000000098
:1018F00000000000000000000000000000000000E8
:1019000000000000000000000000000000000000D7
:101910000000000000000000000030003000300037
:101920003000300030003000300030003000000067
:1019300000003000000000000000000000003C003B
:101940003C003C003C0000000000000000000000E3
:101950000000000000000000000000000000000087
:1019600000000E300C300C307FFC0C701C601C60D2
:10197000186018607FF87FF838C030C000000000A1
:1019800000000000000003007FF07300730073008C
:1019900073007FF0033003300330033003307FF0F7
:1019A0000300000000000000000000187E386630D0
:1019B000666066E066C07F8003FE036606660E66AC
:1019C0000C66187E380000000000000000003FE0B8
:1019D00030603060306038E00F8007001DD870F84C
:1019E0006038607C60E67FC00000000000000000FE
:1019F0000000300030003000300000000000000027
:101A000000000000000000000000000000000000D6
:101A1000000000000C001C0018001800180018003E
:101A200018001800180018001800180018001800F6
:101A30000C000E00000000003000380018001800F4
:101A400018001800180018001800180018001800D6
:101A500018001800380070000000000000000000AE
:101A600000000C000D807F801E003F003D800C00B8
:101A70000E00000000000000000000000000000058
:101A800000000000000003000300030003007FF0DB
:101A90007FF00300030003000300000000000000CB
:101AA0000000000000000000000000000000000036
:101AB00000000000000000000000000038001800D6
:101AC00018000000000000000000000000000000FE
:101AD0000000000000007FF07FF000000000000028
:101AE00000000000000000000000000000000000F6
:101AF00000000000000000000000000000000000E6
:101B00000000000038003800000000000000000065
:101B1000000001C0018003800300070006000E00E2
:101B20000C001C001800380030007000600000003D
:101B300000000000000000003FF030303030303056
:101B400030303030303030303030303030303FF0C6
:101B50000000000000000000000000007C001C00ED
:101B60001C001C001C001C001C001C001C001C0095
:101B70001C001C000000000000000000000000002D
:101B80003FF000300030003000303FF030003000D7
:101B90003000300030003FF0000000000000000086
:101BA000000000003FF000300030003000301FF037
:101BB000003000300030003000303FF00000000006
:101BC0000000000000000000303030303030303095
:101BD0003030303030303FF00030003000300030F6
:101BE0000000000000000000000000003FF0300096
:101BF0003000300030003FF0003000300030003066
:101C000000303FF000000000000000000000000075
:101C10003FF030003000300030003FF030303030E6
:101C20003030303030303FF0000000000000000065
:101C3000000000003FF00060006000E000C001C054
:101C4000018003800300070006000E000000000072
:101C500000000000000000003FF030303030303035
:101C600030303FF0303030303030303030303FF0D6
:101C70000000000000000000000000003FF03030D5
:101C800030303030303030303FF000300030003015
:101C900000303FF0000000000000000000000000E5
:101CA0000000000000001C001C00000000000000FC
:101CB000000000001C001C000000000000000000EC
:101CC000000000000000000000001C001C000000DC
:101CD00000000000000000001C001C000C000C00B4
:101CE000000000000000000000E001C003800E00C2
:101CF0001C00380038000E000700038000E0006080
:101D000000000000000000000000000000000000D3
:101D1000000000007FF0000000007FF000000000E5
:101D200000000000000000000000000000000000B3
:101D300070003C000E00070001C000E001C00380FD
:101D400007001C0038003000000000000000000008
:101D500000007FE07FE060606060006001C007809D
:101D6000060006000600000000000600000000005B
:101D70000000000000007FFF60036003603B67F32A
:101D80006633663366336FF36FFB600F60007FF07E
:101D90000000000000000000000000001FC018E06C
:101DA00018E01860186038603FF030703030303024
:101DB000303070380000000000000000000000001B
:101DC0003FE030E030E030E030E03FF830383038AD
:101DD0003038303830383FF8000000000000000094
:101DE000000000003FF030003000300030003000D4
:101DF000300030003000300030003FF000000000C4
:101E000000000000000000003FE030703038303843
:101E100030383038303830383038303830383FF8B3
:101E20000000000000000000000000003FF0300053
:101E30003000300030003FE0300030003000300033
:101E400030003FF000000000000000000000000033
:101E50003FF030003000300030003FC03000300034
:101E600030003000300030000000000000000000B2
:101E7000000000003FF0300030003000300033F050
:101E8000303030303030303030303FF00000000043
:101E900000000000000000003070307030703070C2
:101EA00030703FF0307030703070307030703070A3
:101EB00000000000000000000000000018001800F2
:101EC0001800180018001800180018001800180052
:101ED00018001800000000000000000000000000D2
:101EE00003000300030003000300030003000300DA
:101EF0000300030003007F0000000000000000005A
:101F00000000000030E030C031C0338033003F00BB
:101F10003300338031C030C030E03070000000004A
:101F200000000000000000003000300030003000F1
:101F300030003000300030003000300030003FF022
:101F4000000000000000000000000000300E380E0D
:101F50003C1E3C1E3E363676336633E631C631864D
:101F60003006300600000000000000000000000005
:101F7000303838383C383E383638333833B831F8B2
:101F800030F8307830783038000000000000000071
:101F9000000000003FF83038303830383038303802
:101FA000303830383038303830383FF800000000F2
:101FB00000000000000000003FF0303030303030D2
:101FC000303030303FF03000300030003000300032
:101FD0000000000000000000000000003FF8303862
:101FE00030383038303830383038303830383038B1
:101FF00030383FF8018001C0000000000000000000
:102000003FF030303030303030303FF0338031C04E
:1020100030C030E0307030300000000000000000C0
:10202000000000003FF030003000300030003FF092
:10203000003000300030003000303FF00000000081
:1020400000000000000000007FF00600060006000F
:102050000600060006000600060006000600060050
:1020600000000000000000000000000030383038A0
:102070003038303830383038303830383038303820
:1020800030383FF8000000000000000000000000B1
:10209000703030703870386018E01CC01CC00DC043
:1020A0000F800F8007800700000000000000000084
:1020B00000000000319C319C319C319C319C319C52
:1020C000319C319C319C319C319C3FFC00000000D4
:1020D0000000000000000000306038E019C00D80F2
:1020E0000F80070007000F801DC018C030E070701F
:1020F0000000000000000000000000007070386068
:1021000018E01CC00D800F800700070007000700C3
:1021100007000700000000000000000000000000B1
:102120007FE000C001C001800300070006000E0030
:102130001C00180038007FF00000000000000000C4
:102140001E001800180018001800180018001800C9
:1021500018001800180018001800180018001E00B9
:10216000000000000000600070003000380018001F
:102170001C000C000E000600070003000380018015
:1021800001C00000000000003C000C000C000C002E
:102190000C000C000C000C000C000C000C000C00DF
:1021A0000C000C000C003C000000000000000E00C1
:1021B0001F003B8000000000000000000000000045
:1021C000000000000000000000000000000000000F
:1021D00000000000000000000000000000000000FF
:1021E0000000000000000000000000000000FFC030
:1021F000000000000000700038001800000000001F
:1022000000000000000000000000000000000000CE
:1022100000000000000000000000000000000000BE
:1022200000003FC03FC000C000C07FC070C070C091
:1022300070C07FC00000000000000000000000002F
:102240000000300030003FC03FC030C030C030C060
:1022500030C030C030C03FC00000000000000000AF
:10226000000000000000000000003FC03FC0300040
:10227000300030003000300030003FC0000000006F
:102280000000000000000000000000C000C03FC0CF
:102290003FC030C030C030C030C030C030C03FC0A0
:1022A000000000000000000000000000000000002E
:1022B00000003FE03FE030E030E03FE03000300041
:1022C00030003FE0000000000000000000000000BF
:1022D00000001F001800180018007F0018001800E8
:1022E000180018001800180000000000000000008E
:1022F000000000000000000000003FE03FE030E090
:1023000030E030E03FE03FE000E000E03FE03FE071
:1023100000000000000000000000300030003FC05E
:102320003FC030C030C030C030C030C030C030C01E
:10233000000000000000000000000000180018006D
:102340000000780078001800180018001800180025
:10235000180018000000000000000000000000004D
:1023600018001800000018001800180018001800C5
:1023700018001800180018003800700060000000F5
:102380000000000000003000300031C03180330018
:1023900036003E0037003380318031C0000000003D
:1023A000000000000000000000003000300030009D
:1023B000300030003000300030003000300030009D
:1023C000000000000000000000000000000000000D
:1023D00000003FFC3FFC339C339C339C339C339C7C
:1023E000339C339C0000000000000000000000004F
:1023F0000000000000003FC03FC030C030C030C00F
:1024000030C030C030C030C000000000000000000C
:10241000000000000000000000003FC03FC030C0CE
:1024200030C030C030C030C030C03FC000000000FD
:1024300000000000000000000000000000003FE07D
:102440003FE030E030E030E030E030E030E03FE0EE
:10245000300030000000000000000000000000001C
:1024600000003FE03FE030E030E030E030E030E0DE
:1024700030E03FE000E000E000000000000000006D
:102480000000000000003F003F003000300030003E
:10249000300030003000300000000000000000007C
:1024A000000000000000000000003FE03FE03000BE
:1024B00030003FE000E000E000E03FE0000000000E
:1024C00000000000000000000000300030007F002D
:1024D0007F003000300030003000300030003F001E
:1024E00000000000000000000000000000000000EC
:1024F000000030E030E030E030E030E030E030E06C
:1025000030E03FE00000000000000000000000009C
:1025100000000000000060C071C0318031803B00CD
:102520001B001F000E000E00000000000000000055
:1025300000000000000000000000331833183318BA
:10254000331833183318331833183FF800000000DD
:10255000000000000000000000000000000070C04B
:1025600031801B801F000E000F001B00398071C0DE
:10257000000000000000000000000000000000005B
:1025800000003060306030603060306030603FE0CC
:10259000006000603FE0000000000000000000005C
:1025A0000000000000003FC03F80038007000600DD
:1025B0000C001C0038007FE000000000000000005C
:1025C0001C0018003800380038003800380070004F
:1025D00030003800380038003800380018000C008F
:1025E00000000000300030003000300030003000CB
:1025F000300030003000300030003000300030005B
:102600003000000000000000300038001800180002
:102610001800180018001C001800180018001800F6
:1026200018001800380070000000000000000000D2
:10263000000000000000000038007E006FC0018034
:10264000000000000000000000000000000000008A
:10265000000000000000F800D800D800D800D80022
:10266000D800D800D800D800D800F800000000003A
:10267000000000000000000000000000000000005A
:10268000000000000000000000000000000000004A
:10269000000000000000000000000000000030000A
:1026A00030003000300030003000300030003000AA
:1026B000300020000000000030000000000000009A
:1026C0000000000000002C00280028002800000066
:1026D00000000000000000000000000000000000FA
:1026E00000000000000000000000000000000418CE
:1026F00004100C107FFC0C30083008200820182033
:1027000018207FFC106010403040000000000000E6
:102710000000000003003FF02300230023002300FB
:1027200023003FF03FF003100310031003100310C9
:102730003FF00300000000000000000000047E08DD
:10274000621862106220626062407E8001BC0120DB
:102750000220062004200820183C10000000000081
:102760000000000000003FF03030303030301860A2
:102770000DC007000D8C38E86038601C6034606064
:102780007FC00000000000000000000000002000EA
:1027900020002000200000000000000000000000D9
:1027A0000000000000000000000000000000000029
:1027B000000004000C0008001800100010001000B9
:1027C0001000100010001000100010001000100089
:1027D00018000C0004000000000020003000100071
:1027E0001800180018001800180018001800180029
:1027F0001800180018001800180030002000000011
:10280000000000000000000000000400248035806B
:102810000E001E003580248004000000000000002F
:1028200000000000000000000000000000000000A8
:102830000000030003000300030003007FF803000F
:10284000030003000300030000000000000000007C
:102850000000000000000000000000000000000078
:102860000000000000000000000000001800180038
:102870000800100000000000000000000000000040
:102880000000000000000000000000007FF80000D1
:102890000000000000000000000000000000000038
:1028A0000000000000000000000000000000000028
:1028B00000000000000000000000000000003000E8
:1028C00030000000000000000000000000C0008098
:1028D0000180010003000200060004000C00080053
:1028E00018001000300020006000400000000000D0
:1028F00000000000000000003FF8201820182018F9
:102900002018201820182018201820182018201807
:102910003FF8000000000000000000000000000080
:1029200078000800080008000800080008000800F7
:10293000080008000800080008000000000000006F
:1029400000000000000000003FF800180018001808
:10295000001800183FF82000200020002000200070
:102960003FF8000000000000000000000000000030
:102970003FF8001800180018001800181FF8001879
:1029800000180018001800183FF8000000000000B0
:102990000000000000000000201020102010201077
:1029A0002010201020103FF03FF000100010001009
:1029B0000010000000000000000000000000000007
:1029C0003FF0200020002000200020003FF00010F9
:1029D00000100010001000103FF000000000000088
:1029E00000000000000000003FF020002000200058
:1029F00020003FF03FF02010201020102010201069
:102A00003FF0000000000000000000000000000097
:102A10003FF0003000200060004000C000800180D6
:102A20000100030002000600040000000000000096
:102A300000000000000000003FF8201820182018B7
:102A4000201820183FF820182018201820182018C7
:102A50003FF800000000000000000000000000003F
:102A60003FF8201820182018201820183FF80018C8
:102A700000180018001800183FF8000000000000BF
:102A800000000000000000000000000000000C003A
:102A90000C000000000000000000000000000C001E
:102AA0000C0000000000000000000000000000001A
:102AB0000000000000000C000C00000000000000FE
:102AC0000000000000000C000C00040008000000E2
:102AD0000000000000000020006000C0038006002D
:102AE0001C00300030001C000600038001C00060A4
:102AF00000200000000000000000000000000000B6
:102B000000000000000000007FF80000000000004E
:102B10007FF800000000000000000000000000003E
:102B2000000000000000200030001C000E00030028
:102B300001C00060006001C0030006001C003000FE
:102B400020000000000000000000000000007FF0F6
:102B5000603060306030003000E003800600060026
:102B60000600060000000000060000000000000053
:102B7000000000007FFC7FFC6000600063F863F8E9
:102B8000661866106610645067D8670C60006000B5
:102B90007FF07FF0000000000000000000000FC088
:102BA0000860086018601820102010301FF03FF0F7
:102BB00030103010201820186018000000000000AD
:102BC0000000000000003FE02060206020602060E6
:102BD00020603FF82008200820082008200820084E
:102BE0003FF80000000000000000000000003FF07F
:102BF00020002000200020002000200020002000D5
:102C000020002000200020003FF000000000000015
:102C10000000000000003FE02030201820182008AD
:102C20002008200820082008200820082008200864
:102C30003FF80000000000000000000000003FF02E
:102C4000200020002000200020003FE03FE0200086
:102C500020002000200020003FF0000000000000C5
:102C60000000000000003FF02000200020002000B5
:102C700020003FE03FE02000200020002000200056
:102C800020000000000000000000000000003FF0F5
:102C90002000200020002000200023F823F8201826
:102CA00020182018201820183FF80000000000000D
:102CB0000000000000002010201020102010201024
:102CC00020103FF020102010201020102010201085
:102CD00020100000000000000000000000001800AC
:102CE0001800180018001800180018001800180024
:102CF000180018001800180018000000000000005C
:102D000000000000000001000100010001000100BE
:102D100001000100010001000100010001000100AB
:102D20007F000000000000000000000000002030D4
:102D30002060204020C0218023003F00230021800C
:102D4000218020C0206020602030000000000000B2
:102D500000000000000020002000200020002000D3
:102D60002000200020002000200020002000200063
:102D70003FF0000000000000000000000000200004
:102D800030003804280C2C08241826102330216029
:102D900021C020C020802000200000000000000092
:102DA0000000000000002018301838182C182418D3
:102DB000261823182198209820D8207820382038E9
:102DC00020180000000000000000000000003FF894
:102DD0002018201820182018201820182018201833
:102DE00020182018201820183FF8000000000000CC
:102DF0000000000000003FF82018201820182018BC
:102E0000201820183FF8200020002000200020007B
:102E100020000000000000000000000000003FF85B
:102E200020182018201820182018201820182018E2
:102E300020182018201820183FF80080008000007B
:102E40000000000000003FF820182018201820186B
:102E5000201820183FF8208020C02060202020303B
:102E600020180000000000000000000000003FF8F3
:102E7000200020002000200020003FF83FF800182C
:102E800000180018001800183FF8000000000000AB
:102E90000000000000007FF00200020002000200BB
:102EA0000200020002000200020002000200020012
:102EB00002000000000000000000000000002008E8
:102EC00020082008200820082008200820082008C2
:102ED00020082008200820083FF80000000000001B
:102EE000000000000000601820103030303010204A
:102EF0001860186008400CC00CC004800780078070
:102F00000300000000000000000000000000218419
:102F10002184218421842184218421842184218489
:102F200021842184218421843FFC000000000000D2
:102F300000000000000060303060106018C00D809C
:102F400005000700070005000D8018C01040306024
:102F50006030000000000000000000000000601071
:102F600030303020186008C00C8005800700030056
:102F70000300030003000300030000000000000042
:102F80000000000000007FF00060004000C00180F1
:102F900001000300060004000C00080018003000C7
:102FA0003FF000000000000000001E0010001000B4
:102FB0001000100010001000100010001000100091
:102FC0001000100010001000100010001E00000083
:102FD00000000000400060002000300010001800D9
:102FE00008000C000400060002000300010001803C
:102FF000008000C00000000000003C000C000C003D
:103000000C000C000C000C000C000C000C000C0060
:103010000C000C000C000C000C000C003C0000002C
:103020000000000000000E001B0000000000000077
:103030000000000000000000000000000000000090
:103040000000000000000000000000000000000080
:103050000000000000000000000000000000000070
:10306000000000000000000000000000FFC00000A1
:103070000000000000003000100008000000000008
:103080000000000000000000000000000000000040
:103090000000000000000000000000000000000030
:1030A0000000000000001FC01FC0004000407FC0A3
:1030B0007FC06040604060407FC0000000000000B2
:1030C00000000000000000000000200020003FC0C1
:1030D0003FC0204020402040204020402040204051
:1030E0003FC00000000000000000000000000000E1
:1030F0000000000000003FE03FE020002000200032
:1031000020002000200020003FE000000000000020
:1031100000000000000000000000006000603FE0D0
:103120003FE0206020602060206020602060206000
:103130003FE0000000000000000000000000000070
:103140000000000000003FE03FE0206020603FE022
:103150003FE02000200020003FE0000000000000D1
:10316000000000000000000000001F001000100020
:1031700010007F0010001000100010001000100060
:10318000100000000000000000000000000000002F
:103190000000000000003FE03FE020602060206071
:1031A00020603FE000600060006000603FE00000E1
:1031B00000000000000000000000200020003FC0D0
:1031C0003FC0204020402040204020402040204060
:1031D000204000000000000000000000000000008F
:1031E00010000000000070007000100010001000BF
:1031F000100010001000100010000000000000007F
:10320000000000000000000010000000000010009E
:10321000100010001000100010001000100010002E
:1032200010003000200060000000000000000000DE
:1032300000002000200020C02180210023003E004B
:10324000260023002180208020C000000000000014
:10325000000000000000000000002000200020000E
:10326000200020002000200020002000200020005E
:10327000200000000000000000000000000000002E
:103280000000000000003FFC3FFC218421842184D9
:1032900021842184218421842184000000000000F5
:1032A00000000000000000000000000000003FC01F
:1032B0003FC020402040204020402040204020406F
:1032C000204000000000000000000000000000009E
:1032D0000000000000003FE03FE020602060206030
:1032E00020602060206020603FE0000000000000BF
:1032F00000000000000000000000000000003FE0AF
:103300003FE020602060206020602060206020601E
:103310003FE020002000000000000000000000004E
:103320000000000000003FE03FE0206020602060DF
:1033300020602060206020603FE0006000600000AE
:1033400000000000000000000000000000003F003E
:103350003F0020002000200020002000200020004E
:10336000200000000000000000000000000000003D
:103370000000000000003FE03FE0200020003FE0B0
:103380003FE00060006000603FE0000000000000DF
:1033900000000000000000000000300030007F004E
:1033A0007F0030003000300030003000300030004E
:1033B0003E000000000000000000000000000000CF
:1033C000000000000000206020602060206020607D
:1033D00020602060206020603FE0000000000000CE
:1033E000000000000000000000000000000040405D
:1033F00060C020803180318011001B000A000E0067
:103400000E000000000000000000000000000000AE
:1034100000000000000021082108210821082108DF
:1034200021082108210821083FF8000000000000C1
:1034300000000000000000000000000000006040EC
:1034400030C011801B000E0006000F0019003180F3
:1034500060C000000000000000000000000000004C
:10346000000000000000202020202020202020201C
:1034700020203FE03FE0002000203FE03FE0000050
:1034800000000000000000000000000000003FC03D
:103490003FC001800300020004000C00180030004F
:1034A0003FE000000000000000000C0018001000C9
:1034B000300030003000300030003000200030009C
:1034C00030003000300030003000180008000000EC
:1034D000000000001000100010001000100010008C
:1034E000100010001000100010001000100010005C
:1034F00010001000100000000000600030001800F4
:10350000180018001800180018000800080018001B
:1035100018001800180018001800300020000000E3
:10352000000000000000000000000000000000009B
:1035300010007C004F4003C00000000000000000AD
:10354000000000000000000000000000000000007B
:103550000000F0009000900090009000900090001B
:103560009000900090009000F0000000000000002B
:10357000000000000000000000000000000000004B
:10358000000000000000000000000000000000003B
:1035900000000000000000000000200020002000CB
:1035A000200020002000200020002000200000003B
:1035B00000002000000000000000000000002800C3
:1035C0002800280028000000000000000000000083
:1035D00000000000000000000000000000000000EB
:1035E00000000C20082008207FF0086018401840D8
:1035F000104010407FF07FF03080208000000000FD
:1036000000000000000002007FE062006200620033
:1036100062007FE0022002200220022002207FE0E0
:103620000200000000000000000000107C30442078
:10363000444044C044807D000370024004400C407C
:1036400008401070300000000000000000003FC083
:1036500020402040204030C00F000600199060F04C
:103660004030407040C07F8000000000000000003B
:1036700000002000200020002000000000000000CA
:10368000000000000000000000000000000000003A
:1036900000000000080018001000100010001000CA
:1036A000100010001000100010001000100010009A
:1036B00008000C0000000000200030001000100086
:1036C000100010001000100010001000100010007A
:1036D000100010003000600000000000000000003A
:1036E0000000080009007B001C003E0029000800C3
:1036F0000C000000000000000000000000000000BE
:1037000000000000000002000200020002007FE052
:103710007FE0020002000200020000000000000042
:103720000000000000000000000000000000000099
:103730000000000000000000000000003000100049
:103740001000000000000000000000000000000069
:103750000000000000007FE07FE0000000000000AB
:103760000000000000000000000000000000000059
:103770000000000000000000000000000000000049
:1037800000000000300030000000000000000000D9
:1037900000000180010003000200060004000C008C
:1037A00008001800100030002000600040000000F9
:1037B00000000000000000003FE02020202020202A
:1037C00020202020202020202020202020203FE01A
:1037D00000000000000000000000000006000200E1
:1037E00002000200020002000200020002000200C9
:1037F00002000200000000000000000000000000C5
:103800003FE000200020002000203FE020002000BA
:103810002000200020003FE0000000000000000029
:10382000000000003FE000200020002000201FE0FA
:10383000002000200020002000203FE000000000C9
:103840000000000000000000202020202020202078
:103850002020202020203FE0002000200020002009
:103860000000000000000000000000003FE0200019
:103870002000200020003FE0002000200020002049
:1038800000203FE0000000000000000000000000F9
:103890003FE020002000200020003FE020202020EA
:1038A0002020202020203FE0000000000000000039
:1038B000000000003FE00040004000C000800180A8
:1038C000010003000200060004000C0000000000DC
:1038D00000000000000000003FE020202020202009
:1038E00020203FE0202020202020202020203FE01A
:1038F0000000000000000000000000003FE0202069
:1039000020202020202020203FE000200020002038
:1039100000203FE000000000000000000000000068
:103920000000000000001800180000000000000067
:103930000000000018001800000000000000000057
:103940000000000000000000000018001800000047
:103950000000000000000000180018000800080027
:10396000000000000000000000C0018003000C0007
:103970001800300030000C000600030000C00040BA
:103980000000000000000000000000000000000037
:10399000000000007FE0000000007FE00000000069
:1039A0000000000000000000000000000000000017
:1039B000600038000C000600018000C00180030098
:1039C0000600180030002000000000000000000089
:1039D00000007FC07FC040404040004001800700A1
:1039E00004000400040000000000040000000000C7
:1039F0000000000000007FF040004000403047E041
:103A00004420442044204DA04F70400040007FE0FF
:103A10000000000000000000000000001F8010C037
:103A200010C01040104030403FE020602020202097
:103A300020206030000000000000000000000000B6
:103A40003FC020C020C020C020C03FF02030203028
:103A50002030203020303FF0000000000000000047
:103A6000000000003FE02000200020002000200097
:103A7000200020002000200020003FE00000000087
:103A800000000000000000003FC020602030203017
:103A900020302030203020302030203020303FF0C7
:103AA0000000000000000000000000003FE02000D7
:103AB0002000200020003FC0200020002000200027
:103AC00020003FE0000000000000000000000000B7
:103AD0003FE020002000200020003F802000200048
:103AE0002000200020002000000000000000000056
:103AF000000000003FE0200020002000200023E024
:103B0000202020202020202020203FE00000000056
:103B100000000000000000002060206020602060A5
:103B200020603FE0206020602060206020602060F6
:103B30000000000000000000000000001000100065
:103B400010001000100010001000100010001000F5
:103B50001000100000000000000000000000000045
:103B60000200020002000200020002000200020045
:103B70000200020002007E000000000000000000C1
:103B80000000000020C020802180230022003E0091
:103B9000220023002180208020C02060000000003F
:103BA0000000000000000000200020002000200095
:103BB00020002000200020002000200020003FE006
:103BC00000000000000000000000000020003000A5
:103BD000381028102C202460224023C0218021008E
:103BE0002000200000000000000000000000000095
:103BF0002030303038302C3024302230233021B087
:103C000020B0207020702030000000000000000074
:103C1000000000003FF020302030203020302030E5
:103C2000203020302030203020303FF000000000D5
:103C300000000000000000003FE0202020202020A5
:103C4000202020203FE02000200020002000200035
:103C50000000000000000000000000003FF02030E5
:103C600020302030203020302030203020302030D4
:103C700020303FF001000180000000000000000043
:103C80003FE020202020202020203FE02300218032
:103C9000208020C0206020200000000000000000E4
:103CA000000000003FE020002000200020003FE056
:103CB000002000200020002000203FE00000000045
:103CC00000000000000000007FE004000400040089
:103CD00004000400040004000400040004000400C4
:103CE0000000000000000000000000002030203034
:103CF0002030203020302030203020302030203044
:103D000020303FF000000000000000000000000034
:103D1000602020603060304010C01880188009801A
:103D20000D000D000700060000000000000000006C
:103D3000000000002110211021102110211021105D
:103D4000211021102110211021103FF0000000004F
:103D50000000000000000000204030C01180090079
:103D60000F00060006000B001980108020C0606064
:103D70000000000000000000000000006060304013
:103D800010C0188009000F0006000600060006009B
:103D90000600060000000000000000000000000017
:103DA0007FC00080018001000200060004000C00BA
:103DB0001800100030007FE000000000000000004C
:103DC0001C00100010001000100010001000100067
:103DD00010001000100010001000100010001C0057
:103DE00000000000000040006000200030001000D3
:103DF000180008000C000400060002000300010087
:103E000001800000000000003800080008000800E1
:103E10000800080008000800080008000800080062
:103E200008000800080038000000000000000C0036
:103E30001A00330000000000000000000000000035
:103E40000000000000000000000000000000000072
:103E50000000000000000000000000000000000062
:103E60000000000000000000000000000000FF80D3
:103E700000000000000060003000100000000000A2
:103E80000000000000000000000000000000000032
:103E90000000000000000000000000000000000022
:103EA00000003F803F80008000807F8060806080D5
:103EB00060807F8000000000000000000000000023
:103EC0000000200020003F803F8020802080208054
:103ED0002080208020803F80000000000000000043
:103EE000000000000000000000003F803F80200034
:103EF000200020002000200020003F800000000063
:103F000000000000000000000000008000803F80F2
:103F10003F802080208020802080208020803F8063
:103F20000000000000000000000000000000000091
:103F300000003FC03FC020C020C03FC02000200084
:103F400020003FC000000000000000000000000052
:103F500000001E001000100010007E001000100075
:103F60001000100010001000000000000000000011
:103F7000000000000000000000003FC03FC020C063
:103F800020C020C03FC03FC000C000C03FC03FC0F5
:103F900000000000000000000000200020003F8022
:103FA0003F802080208020802080208020802080F2
:103FB00000000000000000000000000010001000E1
:103FC00000007000700010001000100010001000C1
:103FD00010001000000000000000000000000000C1
:103FE0001000100000001000100010001000100061
:103FF00010001000100010003000600040000000B1
:10400000000000000000200020002180210022008C
:1040100024003C0026002300210021800000000035
:104020000000000000000000000020002000200030
:104030002000200020002000200020002000200080
:104040000000000000000000000000000000000070
:1040500000003FF03FF02310231023102310231003
:1040600023102310000000000000000000000000EA
:104070000000000000003F803F80208020802080E2
:1040800020802080208020800000000000000000B0
:10409000000000000000000000003F803F80208002
:1040A000208020802080208020803F800000000031
:1040B00000000000000000000000000000003FC001
:1040C0003FC020C020C020C020C020C020C03FC0B2
:1040D00020002000000000000000000000000000A0
:1040E00000003FC03FC020C020C020C020C020C072
:1040F00020C03FC000C000C0000000000000000061
:104100000000000000003E003E00200020002000D3
:10411000200020002000200000000000000000001F
:10412000000000000000000000003FC03FC0200071
:1041300020003FC000C000C000C03FC00000000021
:1041400000000000000000000000200020007E00B1
:104150007E002000200020002000200020003E00E3
:10416000000000000000000000000000000000004F
:10417000000020C020C020C020C020C020C020C01F
:1041800020C03FC000000000000000000000000050
:10419000000000000000408061802100210032000A
:1041A000120016000C000C000000000000000000CF
:1041B0000000000000000000000022102210221069
:1041C000221022102210221022103FF000000000C6
:1041D00000000000000000000000000000006080FF
:1041E000210013001E000C000E001200310061803F
:1041F00000000000000000000000000000000000BF
:1042000000002040204020402040204020403FC06F
:10421000004000403FC0000000000000000000001F
:104220000000000000003F803F0003000600040083
:104230000800180030007FC00000000000000000EF
:1042400018001000300030003000300030006000F6
:104250002000300030003000300030001000080036
:10426000000000002000200020002000200020008E
:10427000200020002000200020002000200020003E
:10428000200000000000000020003000100010009E
:104290001000100010001800100010001000100096
:1042A000100010003000600000000000000000005E
:1042B000000000000000000030007C004F80010082
:1042C00000000000000000000000000000000000EE
:1042D000000000000000F0009000900090009000AE
:1042E00090009000900090009000F000000000000E
:1042F00000000000000000000000000000000000BE
:1043000000000000000000000000000000000000AD
:10431000000000000000000000000000000000009D
:10432000000000000000000000000000000000008D
:10433000000000000000000000000000000000007D
:1043400003800003800003800003800003800003DB
:104350008000038000038000038000010000010052
:104360000000000000000003800003800000000047
:10437000000000000000000000000000000000003D
:1043800000000000000000000000000E70000E7031
:10439000000E70000420000420000420000420000F
:1043A000000000000000000000000000000000000D
:1043B00000000000000000000000000000000000FD
:1043C00000000000000000000000000000000000ED
:1043D0000660000660000660000660000660003FA0
:1043E000F8003FF8000660000CC0003FF8003FF8FE
:1043F000000CC0000CC0000CC0000CC0000CC000C1
:1044000000000000000000000000000000000000AC
:10441000000000000001800001800007B0000FF0E4
:10442000001870001870001C00000F800007E000EA
:1044300000F0001830001C30001C70001FE0001B52
:10444000C0000180000180000180000180000000A8
:10445000000000000000000000000000000000005C
:104460000780000FC0001CE0001860001860001CEE
:10447000E0000FF80007E0001FF000073800061802
:104480000006180007380003F00001E000000000FB
:10449000000000000000000000000000000000001C
:1044A000000000000000000000000000000003F019
:1044B0000007F0000C60000C00000C00000600007B
:1044C0000700000F9C001DFC0018F0001870000F82
:1044D000FC0007DC000000000000000000000000FD
:1044E00000000000000000000000000000000000CC
:1044F0000000000380000380000380000100000131
:1045000000000100000100000000000000000000A9
:10451000000000000000000000000000000000009B
:10452000000000000000000000000000000000008B
:1045300000000000000000000018000038000070BB
:104540000000F00000E00000E00001C00001C00039
:1045500001C00001C00001C00001C00000E0000077
:10456000E00000700000700000380000180000003B
:10457000000000000000000000000000000000003B
:104580001800001C00000E00000E000007000007CD
:10459000000003800003800003800003800003808C
:1045A000000380000700000700000F00000E00005D
:1045B0001C000018000000000000000000000000C7
:1045C0000000000000000000018000018000018068
:1045D000001DB8001FF80007E00003C00003C00082
:1045E00006600006600000000000000000000000FF
:1045F00000000000000000000000000000000000BB
:1046000000000000000000000000000000000000AA
:104610000000000000000180000180000180000116
:1046200080000180003FFC003FFC00018000018011
:1046300000018000018000018000000000000000F7
:10464000000000000000000000000000000000006A
:10465000000000000000000000000000000000005A
:10466000000000000000000000000000000000004A
:1046700000000000000000000000000000E000005A
:10468000C00001C0000180000180000300000300A1
:10469000000000000000000000000000000000001A
:1046A000000000000000000000000000000000000A
:1046B00000000000001FF8001FF8000000000000CC
:1046C00000000000000000000000000000000000EA
:1046D00000000000000000000000000000000000DA
:1046E00000000000000000000000000000000000CA
:1046F00000000000000000000000000000000000BA
:1047000000000000000000000000000003C00003E3
:10471000C00003C000000000000000000000000016
:104720000000000000000000000000180000180059
:1047300000380000300000700000600000600000E1
:10474000C00000C0000180000180000300000300E1
:10475000000600000600000E00000C00001C000017
:104760001800001800000000000000000000000019
:10477000000000000000000003C00007E0000C3053
:10478000000C30001818001818001818001818002D
:104790001818001818001818000C30000C3000070A
:1047A000E00003C000000000000000000000000066
:1047B00000000000000000000000000000000000F9
:1047C0000080000780001F80001D80000180000124
:1047D00080000180000180000180000180000180D4
:1047E000000180000180001FF8001FF80000000099
:1047F00000000000000000000000000000000000B9
:10480000000000000000000007C0001FF00038306A
:104810000030180030180000180000300000600060
:1048200001C0000380000600000C00001800003FDB
:10483000F8003FF800000000000000000000000049
:104840000000000000000000000000000000000068
:1048500003C0000FE0000C700000300000300000CA
:10486000600003C00003E0000070000018000018A2
:10487000000018001838001FF0000FC000000000F2
:104880000000000000000000000000000000000028
:10489000000000000000000000E00001E00001E076
:1048A000000360000660000660000C60000C600001
:1048B0001860003060003FF8003FF800006000031F
:1048C000F80003F8000000000000000000000000F5
:1048D00000000000000000000000000000000000D8
:1048E0001FF0001FF0001800001800001800001B47
:1048F000C0001FF0001C3000001800001800001855
:10490000000018003030003FF0000FC00000000031
:104910000000000000000000000000000000000097
:10492000000000000000000000F80003F80007008D
:10493000000E00000C00001800001BC0001FF0005B
:104940001C30001818001818001818000C38000F38
:10495000F00003E000000000000000000000000084
:104960000000000000000000000000000000000047
:104970001FF8001FF8001818001838000030000059
:10498000300000700000600000600000E00000C027
:104990000000C00001C00001800001800000000094
:1049A0000000000000000000000000000000000007
:1049B000000000000000000007E0000FF0001C38BD
:1049C000001818001818000C300007E00007E0007D
:1049D0000C30001818001818001818001C38000FA8
:1049E000F00007E0000000000000000000000000F0
:1049F00000000000000000000000000000000000B7
:104A000007C0000FF0001C3000181800181800181C
:104A100018000C38000FF80003D800001800003010
:104A20000000700000E0001FC0001F000000000038
:104A30000000000000000000000000000000000076
:104A40000000000000000000000000000000000066
:104A50000000000003C00003C00003C0000000000D
:104A600000000000000000000000000003C0000380
:104A7000C00003C0000000000000000000000000B3
:104A80000000000000000000000000000000000026
:104A900000000000000000000000000000F0000026
:104AA000F00000F000000000000000000000000026
:104AB0000000E00001C00001800001800003000050
:104AC00002000000000000000000000000000000E4
:104AD0000000000000000000000000000000001CBA
:104AE00000003C0000F00003C0000F00003C00008C
:104AF000F000003C00000F000003C00000F00000C8
:104B00003C00001C0000000000000000000000004D
:104B10000000000000000000000000000000000095
:104B20000000000000000000000000000000007F06
:104B3000FC007FFC000000000000007FFC007FFC08
:104B40000000000000000000000000000000000065
:104B50000000000000000000000000000000000055
:104B600000000000000000000000000000007000D5
:104B7000007800001E000007800001E000007800BF
:104B8000001E0000780001E0000780001E00007891
:104B900000007000000000000000000000000000A5
:104BA0000000000000000000000000000000000005
:104BB00000000007C0000FE0001870001830001857
:104BC000300000700000E00003C00003800003001C
:104BD00000000000000000070000070000000000C7
:104BE00000000000000000000000000000000000C5
:104BF000000000000000000003E00007F0000E3895
:104C0000000C180018780018F80019D8001998003E
:104C100019980019980018F8001878001800000C6E
:104C200000000E180007F80003E00000000000007C
:104C30000000000000000000000000000000000074
:104C40000000001F80001FC00001C00003600003BF
:104C500060000630000630000C30000FF8001FF82E
:104C600000180C00300C00FC7F00FC7F00000000EE
:104C70000000000000000000000000000000000034
:104C800000000000000000000000007FE0007FF056
:104C9000001838001818001818001838001FF00005
:104CA0001FF800181C00180C00180C00180C007FCE
:104CB000F8007FF00000000000000000000000008D
:104CC00000000000000000000000000000000000E4
:104CD00000000003EC000FFC001C1C00180C00304E
:104CE0000C003000003000003000003000003000C8
:104CF00000180C001C1C000FF80003F0000000005E
:104D000000000000000000000000000000000000A3
:104D100000000000000000000000007FC0007FF0E5
:104D200000183800181800180C00180C00180C0097
:104D3000180C00180C00180C001818001838007F08
:104D4000F0007FE000000000000000000000000014
:104D50000000000000000000000000000000000053
:104D60000000007FF8007FF80018180018180019DC
:104D700098001980001F80001F800019800019987A
:104D8000001818001818007FF8007FF800000000D5
:104D90000000000000000000000000000000000013
:104DA00000000000000000000000003FFC003FFC8D
:104DB000000C0C000C0C000CCC000CC0000FC00050
:104DC0000FC0000CC0000CC0000C00000C00003F25
:104DD000C0003FC000000000000000000000000014
:104DE00000000000000000000000000000000000C3
:104DF00000000003EC000FFC001C1C00180C00302D
:104E00000C0030000030000030FE0030FE00300C9E
:104E100000380C001C1C000FFC0003F00000000018
:104E20000000000000000000000000000000000082
:104E300000000000000000000000007E7E007E7E7A
:104E4000001818001818001818001818001FF8008B
:104E50001FF8001818001818001818001818007EFD
:104E60007E007E7E000000000000000000000000C8
:104E70000000000000000000000000000000000032
:104E80000000001FF8001FF80001800001800001F1
:104E9000800001800001800001800001800001800D
:104EA000000180000180001FF8001FF800000000D2
:104EB00000000000000000000000000000000000F2
:104EC000000000000000000000000007FE0007FED8
:104ED00000003000003000003000003000003000E2
:104EE0003030003030003030003030003060003F73
:104EF000E0000F8000000000000000000000000043
:104F000000000000000000000000000000000000A1
:104F10000000007F3E007F3E00183000186000183F
:104F2000C0001980001B80001FC0001CE00018702A
:104F3000001830001838007F1F007F1F000000009D
:104F40000000000000000000000000000000000061
:104F500000000000000000000000007F80007F8053
:104F6000000C00000C00000C00000C00000C000005
:104F70000C00000C0C000C0C000C0C000C0C007F46
:104F8000FC007FFC000000000000000000000000AA
:104F90000000000000000000000000000000000011
:104FA000000000F00F00F81F00381C003C3C003CE3
:104FB0003C00366C00366C0033CC0033CC00318CB6
:104FC00000300C00300C00FE7F00FE7F000000006F
:104FD00000000000000000000000000000000000D1
:104FE000000000000000000000000078FE0078FED5
:104FF000001C18001E18001F18001B18001B98002A
:1050000019D80018D80018F8001878001838007F50
:1050100018007F18000000000000000000000000E1
:105020000000000000000000000000000000000080
:1050300000000003C0000FF0001C380018180038F2
:105040001C00300C00300C00300C00300C00381C00
:10505000001818001C38000FF00003C0000000000A
:105060000000000000000000000000000000000040
:1050700000000000000000000000003FF0003FF8CA
:10508000000C1C000C0C000C0C000C0C000C18008C
:105090000FF8000FE0000C00000C00000C00003FB7
:1050A000C0003FC000000000000000000000000041
:1050B00000000000000000000000000000000000F0
:1050C00000000003C0000FF0001C38001818003862
:1050D0001C00300C00300C00300C00300C00381C70
:1050E000001818001C38000FF00007C00007CC00A3
:1050F0000FFC000C38000000000000000000000061
:1051000000000000000000000000007FE0007FF0D1
:10511000001838001818001818001838001FF00080
:105120001FC00018E0001870001830001838007F09
:105130001E007F0E000000000000000000000000C4
:10514000000000000000000000000000000000005F
:1051500000000007D8000FF8001C380018180018CD
:1051600018001E00000FC00003F00000780018189F
:10517000001818001C38001FF0001BE000000000A1
:10518000000000000000000000000000000000001F
:1051900000000000000000000000003FFC003FFC99
:1051A00000318C00318C00318C00318C000180008A
:1051B0000180000180000180000180000180000F5B
:1051C000F0000FF0000000000000000000000000F0
:1051D00000000000000000000000000000000000CF
:1051E0000000007E7E007E7E00181800181800184F
:1051F00018001818001818001818001818001818A7
:10520000001818000C30000FF00003C00000000070
:10521000000000000000000000000000000000008E
:1052200000000000000000000000007F7F007F7F82
:1052300000180C000C18000C18000C1800063000A8
:1052400006300003600003600003600001C000013D
:10525000C00000800000000000000000000000000E
:10526000000000000000000000000000000000003E
:10527000000000FE3F80FE3F803006003006003018
:10528000860019CC0019CC001B6C001B6C001E7C26
:10529000000E38000E38000C18000C18000000003A
:1052A00000000000000000000000000000000000FE
:1052B00000000000000000000000007E7E007E7EF6
:1052C000001818000C300006600003C000018000C8
:1052D00001800003C0000660000C30001818007E3A
:1052E0007E007E7E00000000000000000000000044
:1052F00000000000000000000000000000000000AE
:105300000000007C7E007C7E001818000C30000637
:10531000600006600003C000018000018000018081
:10532000000180000180000FF0000FF0000000007D
:10533000000000000000000000000000000000006D
:1053400000000000000000000000001FF8001FF82F
:105350000018180018300018600018C00001800004
:105360000300000618000C18001818003018003F41
:10537000F8003FF8000000000000000000000000FE
:10538000000000000000000000000000000000001D
:1053900001F00001F00001800001800001800001A7
:1053A00080000180000180000180000180000180F8
:1053B0000001800001800001800001800001800068
:1053C00001F00001F00000000000000000000000FB
:1053D00000001800001800001C00000C00000E0067
:1053E000000600000600000300000300000180002A
:1053F00001800000C00000C00000600000600000EC
:105400007000003000003800001800001800000094
:10541000000000000000000000000000000000008C
:105420000F80000F800001800001800001800001DA
:105430008000018000018000018000018000018067
:1054400000018000018000018000018000018000D7
:105450000F80000F8000000000000000000000002E
:10546000000000000000800001C00003E0000770A1
:10547000000630000C1800180C001004000000009A
:10548000000000000000000000000000000000001C
:10549000000000000000000000000000000000000C
:1054A00000000000000000000000000000000000FC
:1054B00000000000000000000000000000000000EC
:1054C00000000000000000000000000000000000DC
:1054D00000000000000000000000000000000000CC
:1054E000000000000000000000000000FFFF00FFBF
:1054F000FF0000000003000003800000E0000060E7
:10550000000000000000000000000000000000009B
:10551000000000000000000000000000000000008B
:10552000000000000000000000000000000000007B
:10553000000000000000000000000000000000006B
:105540000000000000000000000000000FC0001F6D
:10555000E00000300000300007F0001FF00038309D
:10556000003030003070001FFC000FBC0000000055
:10557000000000000000000000000000000000002B
:105580000000000000000000780000780000180013
:10559000001800001BE0001FF8001C1800180C0089
:1055A000180C00180C00180C00180C001C18007FB8
:1055B000F8007BE000000000000000000000000098
:1055C00000000000000000000000000000000000DB
:1055D00000000000000000000000000003EC000FCD
:1055E000FC001C1C00380C00300C003000003000A7
:1055F00000380C001C1C000FF80003F00000000035
:10560000000000000000000000000000000000009A
:105610000000000000000000007800007800001882
:105620000000180007D8001FF800183800301800D4
:105630003018003018003018003018001838001FDB
:10564000FE0007DE00000000000000000000000077
:10565000000000000000000000000000000000004A
:1056600000000000000000000000000007E0001F34
:10567000F800181800300C003FFC003FFC00300020
:1056800000300000180C001FFC0007F000000000B4
:10569000000000000000000000000000000000000A
:1056A000000000000000000001FC0003FC000600F8
:1056B000000600003FF8003FF8000600000600006A
:1056C0000600000600000600000600000600003F7D
:1056D000F0003FF0000000000000000000000000AB
:1056E00000000000000000000000000000000000BA
:1056F00000000000000000000000000007DE001FA6
:10570000FE0018380030180030180030180030182B
:10571000003018001838001FF80007D800001800E3
:105720000018000038000FF0000FC000000000005B
:105730000000000000000000780000780000180061
:10574000001800001BE0001FF0001C3800181800B3
:105750001818001818001818001818001818007EDB
:105760007E007E7E000000000000000000000000BF
:105770000000000000000000000000000000000029
:105780000180000180000000000000001F80001F59
:105790008000018000018000018000018000018004
:1057A000000180000180003FFC003FFC0000000081
:1057B00000000000000000000000000000000000E9
:1057C000000000000000000000C00000C000000059
:1057D000000000001FF0001FF0000030000030004B
:1057E00000300000300000300000300000300000C9
:1057F00030000030000030000030000070001FE07A
:10580000001F8000000000000000000000000000F9
:105810003C00003C00000C00000C00000CF8000CE8
:10582000F8000CC0000D80000F80000F00000F80FA
:10583000000DC0000CE0003C7C003C7C000000003F
:105840000000000000000000000000000000000058
:1058500000000000000000001F80001F8000018089
:1058600000018000018000018000018000018000B3
:105870000180000180000180000180000180003F64
:10588000FC003FFC000000000000000000000000E1
:105890000000000000000000000000000000000008
:1058A000000000000000000000000000F77800FF8A
:1058B000FC0039CC00318C00318C00318C00318CF3
:1058C00000318C00318C00FDEF00FDEF0000000086
:1058D00000000000000000000000000000000000C8
:1058E00000000000000000000000000000000000B8
:1058F000000000007BE0007FF0001C38001818005A
:105900001818001818001818001818001818007E29
:105910007E007E7E0000000000000000000000000D
:105920000000000000000000000000000000000077
:1059300000000000000000000000000003C0000F95
:10594000F0001C3800381C00300C00300C00300C0B
:1059500000381C001C38000FF00003C000000000DD
:105960000000000000000000000000000000000037
:105970000000000000000000000000000000000027
:10598000000000007BE0007FF8001C1800180C00ED
:10599000180C00180C00180C00180C001C18001F24
:1059A000F8001BE0001800001800001800007F003D
:1059B000007F000000000000000000000000000068
:1059C00000000000000000000000000007DE001FD3
:1059D000FE00183800301800301800301800301859
:1059E000003018001838001FF80007D80000180011
:1059F00000180000180000FE0000FE00000000007B
:105A00000000000000000000000000000000000096
:105A1000000000003E78003EFC0007CC00070000BC
:105A20000600000600000600000600000600003F19
:105A3000F0003FF000000000000000000000000047
:105A40000000000000000000000000000000000056
:105A500000000000000000000000000007F8000F38
:105A6000F8001818001818001F80000FF00000F848
:105A7000001818001838001FF0001FE00000000098
:105A80000000000000000000000000000000000016
:105A900000000000000000000C00000C00000C00E2
:105AA000000C00003FF0003FF0000C00000C000074
:105AB0000C00000C00000C00000C00000C1C000787
:105AC000FC0003F0000000000000000000000000E7
:105AD00000000000000000000000000000000000C6
:105AE000000000000000000000000000787800784E
:105AF000780018180018180018180018180018183E
:105B0000001818001838000FFE0007DE0000000023
:105B10000000000000000000000000000000000085
:105B20000000000000000000000000000000000075
:105B3000000000007C3E007C3E0018180018180091
:105B40000C30000C300006600006600007E0000327
:105B5000C00003C0000000000000000000000000C2
:105B60000000000000000000000000000000000035
:105B7000000000000000000000000000783C0078F9
:105B80003C003118003398003398001AB0001EF022
:105B9000001EF0001C60000C60000C6000000000A3
:105BA00000000000000000000000000000000000F5
:105BB00000000000000000000000000000000000E5
:105BC000000000003E7C003E7C000C3000066000BF
:105BD00003C00001800003C0000660000C30003EDE
:105BE0007C003E7C0000000000000000000000007F
:105BF00000000000000000000000000000000000A5
:105C00000000000000000000000000007E1F007E79
:105C10001F00180C000C18000C180006300006308D
:105C20000003600003E00001C00000C0000180002C
:105C30000180000300003FC0003FC00000000000E2
:105C40000000000000000000000000000000000054
:105C5000000000001FF8001FF80018300018600056
:105C600000C0000180000300000618000C18001F8F
:105C7000F8001FF800000000000000000000000015
:105C80000000000000000000000000000000000014
:105C900000E00001E00001800001800001800001BF
:105CA0008000018000018000038000070000038065
:105CB000000180000180000180000180000180005F
:105CC00001E00000E0000000000000000000000013
:105CD0000000000000000000018000018000018041
:105CE000000180000180000180000180000180002F
:105CF000018000018000018000018000018000011E
:105D0000800001800001800001800001800000000F
:105D10000000000000000000000000000000000083
:105D20000700000780000180000180000180000161
:105D3000800001800001800001C00000E00001C07F
:105D400000018000018000018000018000018000CE
:105D500007800007000000000000000000000000B5
:105D60000000000000000000000000000000000033
:105D7000000000000000000000000E00001F1800DE
:105D80003BB80031F00000E000000000000000001F
:105D90000000000000000000000000000000000003
:105DA000000000000000000000005F6664625F69A0
:105DB0006E69745F6578005F6664625F6465696ED2
:105DC000697400726561645F736563746F725F69A3
:105DD0006E666F00666F726D61745F736563746F7A
:105DE000720074736C5F617070656E6400666462EB
:105DF0005F747364625F636F6E74726F6C0066646D
:105E0000625F747364625F696E6974000000000011
:105E1000963007772C610EEEBA51099919C46D07B7
:105E20008FF46A7035A563E9A395649E3288DB0E12
:105E3000A4B8DC791EE9D5E088D9D2972B4CB609F5
:105E4000BD7CB17E072DB8E7911DBF906410B71DD2
:105E5000F220B06A4871B9F3DE41BE847DD4DA1A0B
:105E6000EBE4DD6D51B5D4F4C785D38356986C133C
:105E7000C0A86B647AF962FDECC9658A4F5C0114B5
:105E8000D96C0663633D0FFAF50D088DC8206E3B93
:105E90005E10694CE44160D5727167A2D1E4033CA5
:105EA00047D4044BFD850DD26BB50AA5FAA8B535CC
:105EB0006C98B242D6C9BBDB40F9BCACE36CD832BB
:105EC000755CDF45CF0DD6DC593DD1ABAC30D92662
:105ED0003A00DE518051D7C81661D0BFB5F4B42165
:105EE00023C4B3569995BACF0FA5BDB89EB8022862
:105EF0000888055FB2D90CC624E90BB1877C6F2FE7
:105F0000114C6858AB1D61C13D2D66B69041DC76E1
:105F10000671DB01BC20D2982A10D5EF8985B171BA
:105F20001FB5B606A5E4BF9F33D4B8E8A2C9077869
:105F300034F9000F8EA8099618980EE1BB0D6A7F00
:105F40002D3D6D08976C6491015C63E6F4516B6BB9
:105F500062616C1CD83065854E0062F2ED95066C6E
:105F60007BA5011BC1F4088257C40FF5C6D9B065E3
:105F700050E9B712EAB8BE8B7C88B9FCDF1DDD6240
:105F8000492DDA15F37CD38C654CD4FB5861B24DA6
:105F9000CE51B53A7400BCA3E230BBD441A5DF4A70
:105FA000D795D83D6DC4D1A4FBF4D6D36AE9694333
:105FB000FCD96E34468867ADD0B860DA732D0444DE
:105FC000E51D03335F4C0AAAC97C0DDD3C71055009
:105FD000AA41022710100BBE86200CC925B56857B0
:105FE000B3856F2009D466B99FE461CE0EF9DE5EF9
:105FF00098C9D9292298D0B0B4A8D7C7173DB359AA
:10600000810DB42E3B5CBDB7AD6CBAC02083B8ED3A
:10601000B6B3BF9A0CE2B6039AD2B1743947D5EA47
:10602000AF77D29D1526DB048316DC73120B63E376
:10603000843B64943E6A6D0DA85A6A7A0BCF0EE4D5
:106040009DFF099327AE000AB19E077D44930FF090
:10605000D2A3088768F2011EFEC206695D5762F787
:10606000CB67658071366C19E7066B6E761BD4FEC4
:10607000E02BD3895A7ADA10CC4ADD676FDFB9F9A1
:10608000F9EFBE8E43BEB717D58EB060E8A3D6D663
:106090007E93D1A1C4C2D83852F2DF4FF167BBD191
:1060A0006757BCA6DD06B53F4B36B248DA2B0DD894
:1060B0004C1B0AAFF64A0336607A0441C3EF60DF37
:1060C00055DF67A8EF8E6E3179BE69468CB361CB20
:1060D0001A8366BCA0D26F2536E2685295770CCC45
:1060E00003470BBBB91602222F260555BE3BBAC586
:1060F000280BBDB2925AB42B046AB35CA7FFD7C277
:1061000031CFD0B58B9ED92C1DAEDE5BB0C2649B67
:1061100026F263EC9CA36A750A936D02A906099C9A
:106120003F360EEB8567077213570005824ABF950D
:10613000147AB8E2AE2BB17B381BB60C9B8ED29290
:106140000DBED5E5B7EFDC7C21DFDB0BD4D2D386E7
:1061500042E2D4F1F8B3DD686E83DA1FCD16BE815A
:106160005B26B9F6E177B06F7747B718E65A08882B
:10617000706A0FFFCA3B06665C0B0111FF9E658FBC
:1061800069AE62F8D3FF6B6145CF6C1678E20AA066
:10619000EED20DD75483044EC2B30339612667A7EC
:1061A000F71660D04D476949DB776E3E4A6AD1AE3B
:1061B000DC5AD6D9660BDF40F03BD83753AEBCA9CA
:1061C000C59EBBDE7FCFB247E9FFB5301CF2BDBD37
:1061D0008AC2BACA3093B353A6A3B4240536D0BA40
:1061E0009306D7CD2957DE54BF67D9232E7A66B3DD
:1061F000B84A61C4021B685D942B6F2A37BE0BB48A
:10620000A18E0CC31BDF055A8DEF022D5F66646201
:106210005F77726974655F737461747573005F662C
:1062200064625F726561645F737461747573006644
:10623000616C5F696E697400F804002066616C5FD0
:10624000666C6173685F696E69740066616C5F6635
:106250006C6173685F6465766963655F66696E64C7
:1062600000726561640077726974650065726173BC
:1062700065000000303150456664625F747364628B
:10628000000000000000000000000000000000000E
:106290006E6F72666C617368300000000000000071
:1062A00000000000000000000000000000000800E6
:1062B00000000000636865636B5F616E645F75700A
:1062C000646174655F706172745F636163686500C7
:1062D00066616C5F706172746974696F6E5F666924
:1062E0006E6400666C6173685F6465766963655FA0
:1062F00066696E645F62795F706172740066616C7A
:106300005F6765745F706172746974696F6E5F74E2
:1063100061626C650066616C5F7365745F70617269
:10632000746974696F6E5F7461626C655F74656DCA
:10633000700066616C5F706172746974696F6E5F22
:10634000726561640066616C5F7061727469746922
:106350006F6E5F77726974650066616C5F70617201
:10636000746974696F6E5F65726173650000000027
:1063700000880300010000000888030004000000FA
:106380004C8703001C000000D88703001F0000009A
:10639000F08703002000000024870300370000007E
:1063A000F887030062000000E08703008900000016
:1063B0005C8703008C000000E8870300A100000058
:1063C000D0870300AD00000064870300BF00000019
:1063D000C4870300C800000038870300D500000010
:1063E000BC870300EF00000010880300C20000001B
:1063F0002C8703001F260000000020000A00000078
:10640000000200008100000068870300EF401300D5
:106410000000080001000000001000002000000043
:1064200080870300EF4015000000200001000000FD
:10643000001000002000000074870300EF401600E9
:1064400000004000010000000010000020000000DB
:1064500098870300EF401700000080000100000053
:106460000010000020000000B0870300EF6017005C
:10647000000080000100000000100000200000006B
:106480008C870300EF4018000000000101000000AD
:106490000010000020000000A4870300EF40190056
:1064A00000000002010000000010000020000000B9
:1064B000DC860300BF258E000000100006000000EF
:1064C00000100000200000000C870300BF254100E1
:1064D0000000200006000000001000002000000066
:1064E000CC860300202016000000400001000000C0
:1064F00000000100D8000000C48603002020140022
:10650000000010000100000000000100D8000000A1
:10651000B4860300202013000000080001000000E2
:1065200000000100D8000000E88603001C301600BF
:1065300000004000010000000010000020000000EA
:10654000F4860300C840170000008000010000002E
:10655000001000002000000018870300C84015004C
:1065600000002000010000000010000020000000DA
:1065700040870300014015000000200001000000DA
:1065800000100000200000005087030001021500E9
:10659000000040000100000000100000200000008A
:1065A000BC8603003730140000001000010000001A
:1065B0000010000020000000D48603008C2013008F
:1065C000000008000600000000100000200000008D
:1065D00000870300BF2541000000200006000000E6
:1065E000001000002000000068617264776172652D
:1065F0005F696E697400736F6674776172655F6955
:106600006E697400736675645F72656164007366B9
:1066100075645F636869705F657261736500736656
:1066200075645F65726173650070616765323536E8
:106630005F6F725F315F627974655F7772697465ED
:10664000006161695F777269746500726573657472
:1066500000726561645F6A656465635F69640073A5
:1066600065745F77726974655F656E61626C65649D
:10667000007365745F345F627974655F616464722E
:106680006573735F6D6F646500736675645F7265D3
:1066900061645F73746174757300776169745F62BC
:1066A000757379006D616B655F6164726573735FAB
:1066B000627974655F617272617900736675645F97
:1066C00077726974655F737461747573007366754E
:1066D000645F726561645F736664700072656164B3
:1066E0005F736664705F686561646572007265619E
:1066F000645F62617369635F68656164657200729B
:106700006561645F62617369635F7461626C650097
:10671000726561645F736664705F64617461007365
:106720006675645F736664705F6765745F737569CF
:106730007461626C655F6572617365720073706924
:106740005F77726974655F726561640000000000C4
:106750000000000000000000000000000000000039
:106760000000000000000000000000000000000029
:106770000000000000000000000000000000000019
:106780000000000000000000000000000000000009
:1067900000000000000001001A00130010000D00AE
:1067A00009000000000000000000000000000000E0
:1067B00001001A00130001001A00100001001A0065
:1067C0000D0001001A000900000000000000000098
:1067D00000000000000000000000000000000000B9
:1067E00002002C0022001C00160010000100120004
:1067F0000000000000000000000001002C0022004A
:1068000001002C001C0001002C00160001002C00CF
:106810001000000000000000000000000000000068
:1068200000000000000000000000030046003700E8
:106830002C0022001A0001001600000000000000D9
:1068400000000000010046003700010046002C0057
:10685000020023001100020023000D0000000000D0
:106860000000000000000000000000000000000028
:1068700000000000040064005000400030002400CC
:1068800001001A00000000000000000000000100EC
:1068900064005000020032002000020032001800A4
:1068A00004001900090000000000000000000000C2
:1068B00000000000000000000000000000000500D3
:1068C00086006C0056003E002E0001001E000000F5
:1068D0000000000000000000010086006C000200C3
:1068E00043002B00020021000F00020021000B00DA
:1068F0000000000000000000000000000200220074
:106900001000020022000C000600AC0088006C00A1
:106910004C003C00010022000000000000000000CC
:10692000000002005600440004002B001B0004007D
:106930002B00130004002B000F00000000000000DB
:106940000000000000000000000000000000000047
:1069500000000700C4009C007C00580042000200B8
:106960001600260000000000000000000200620087
:106970004E00040031001F00020020000E00040041
:1069800027000D00000000000000000000000000D3
:10699000040021000F00010028000E000800F20092
:1069A000C2009A006E005600020018002A00000083
:1069B00000000000000002007900610002003C00BD
:1069C0002600040028001200040028000E00000029
:1069D0000000000002003D00270002002900130013
:1069E000020029000F0009002401E800B60084001D
:1069F000640002001A002E000000000000000000E9
:106A000002009200740003003A00240004002400F5
:106A10001000040024000C00000000000000020030
:106A20003B002500040025001100040025000D0096
:106A30000A005A011201D8009A007A0002001C00D4
:106A40003200000000000000000002005600440078
:106A5000040045002B0006002B00130006002B004D
:106A60000F00020057004500010046002C00020004
:106A70002C00140002002C0010000B0094014401B3
:106A8000FE00B4008C0002001E0036000000000072
:106A900000000000040065005100010050003200B9
:106AA000040032001600030024000C000000000067
:106AB00000000400510033000400330017000800F8
:106AC00025000D000C00D20172012201CE009E00B3
:106AD000020020003A000000000000000000020058
:106AE00074005C0006003A00240004002E0014002C
:106AF00007002A000E00020075005D0002003B0046
:106B0000250006002F00150004002B000F000D00CB
:106B10001402AC014E01F400B400020022003E0059
:106B20000000000000000000040085006B00080069
:106B30003B00250008002C0014000C0021000B0075
:106B400000000000000001003C00260004002D00B1
:106B50001500040022000C000E004502CD016D015D
:106B60000501C50003001A002E00420000000000CD
:106B700000000300910073000400400028000B0097
:106B8000240010000B0024000C000100920074008F
:106B90000500410029000500250011000500250021
:106BA0000D000F008F020B029F012701DF00030081
:106BB0001A003000460000000000000005006D00D3
:106BC00057000500410029000500360018000B00A1
:106BD00024000C0001006E005800050042002A004D
:106BE000070037001900070025000D001000DD0226
:106BF0004D02C5014501FD0003001A0032004A00A4
:106C000000000000000005007A0062000700490053
:106C10002D000F002B00130003002D000F000100BA
:106C20007B00630003004A002E0002002C001400C9
:106C30000D002E00100011002F038702FB016F01D1
:106C40001B0103001E0036004E0000000000000083
:106C5000010087006B000A004A002E00010032008C
:106C6000160002002A000E00050088006C000100DA
:106C70004B002F000F003300170011002B000F00F6
:106C800012008503D10233028D01390103001E0079
:106C90003800520000000000000005009600780057
:106CA000090045002B0011003200160002002A00E6
:106CB0000E00010097007900040046002C0001003E
:106CC0003300170013002B000F001300DF031B031A
:106CD0007302BD01550103001E003A00560000007A
:106CE0000000000003008D007100030046002C002E
:106CF00011002F001500090027000D0004008E0070
:106D000072000B0047002D00040030001600100038
:106D100028000E0014003D045D039D02E501810181
:106D2000030022003E005A000000000000000300A3
:106D300087006B000300430029000F003600180095
:106D40000F002B000F00050088006C000D004400B0
:106D50002A000500370019000A002C001000150059
:106D60008404A403CA020002960104001C0032003D
:106D700048005E0000000000040090007400110054
:106D800044002A0011003200160013002E001000EB
:106D900004009100750000000000000006003300B0
:106DA000170006002F0011001600EA04EE030E0380
:106DB0003802BA0104001A0032004A0062000000E2
:106DC000000002008B006F0011004A002E00070037
:106DD00036001800220025000D0007008C0070000E
:106DE0000000000000001000370019000000000043
:106DF00000001700540546045C036602D00104003D
:106E00001E0036004E0066000000000004009700DF
:106E1000790004004B002F000B0036001800100012
:106E20002D000F00050098007A000E004C00300085
:106E30000E00370019000E002E0010001800C205C9
:106E4000960492039802020204001C0036005000CF
:106E50006A0000000000060093007500060049006B
:106E60002D000B00360018001E002E00100004003C
:106E7000940076000E004A002E0010003700190022
:106E800002002F00110019003406FC04E803CE02B2
:106E90001A02040020003A0054006E0000000000B6
:106EA000080084006A0008004B002F00070036002D
:106EB000180016002D000F00040085006B000D0067
:106EC0004C0030001600370019000D002E00100095
:106ED0001A00AA065A052604F202540204001E00F3
:106EE0003A0056007200000000000A008E00720096
:106EF00013004A002E001C003200160021002E0054
:106F0000100002008F00730004004B002F000600E9
:106F10003300170004002F0011001B002407BC05DC
:106F2000680428037402040022003E005A00760020
:106F300000000000080098007A00160049002D00AB
:106F40000800350017000C002D000F000400990008
:106F50007B0003004A002E001A00360018001C00B7
:106F60002E0010001C008107FB05A9046703950291
:106F700005001A0032004A0062007A000000030097
:106F800093007500030049002D000400360018002E
:106F90000B002D000F000A009400760017004A0035
:106FA0002E001F00370019001F002E0010001D00CA
:106FB00003085F06F3048F03BD0205001E003600C0
:106FC0004E0066007E00000007009200740015006D
:106FD00049002D0001003500170013002D000F009F
:106FE00007009300750007004A002E0025003600B8
:106FF00018001A002E0010001E008908C7065D0543
:10700000D903E90205001A0034004E00680082002E
:10701000000005009100730013004B002F000F00CB
:107020003600180017002D000F000A0092007400AF
:107030000A004C00300019003700190019002E001A
:1070400010001F0013093307AF05090419030500D9
:107050001E00380052006C00860000000D009100F8
:10706000730002004A002E002A00360018001700A4
:107070002D000F000300920074001D004B002F0034
:107080000100370019001C002E0010002000A1098B
:10709000A30705065B044D03050022003C005600D3
:1070A00070008A0000001100910073000A004A007D
:1070B0002E000A003600180013002D000F000000FB
:1070C0000000000017004B002F00230037001900BC
:1070D00023002E0010002100330A17085F069304D6
:1070E000850305001E003A00560072008E00000065
:1070F0001100910073000E004A002E001D003600A2
:1071000018000B002D000F00010092007400150004
:107110004B002F001300370019002E002E00100026
:107120002200C90A8F08BD06CF04C1030500220052
:107130003E005A007600920000000D00910073009E
:107140000E004A002E002C00360018003B002E00D6
:10715000100006009200740017004B002F0007007B
:107160003700190001002F00110023003C0B020919
:1071700014070605DA0306001E0036004E006600FE
:107180007E0096000C00970079000C004B002F0049
:1071900027003600180016002D000F000700980089
:1071A0007A001A004C0030000E0037001900290048
:1071B0002E0010002400DA0B82097A074A051E040B
:1071C0000600180032004C00660080009A0006009D
:1071D0009700790006004B002F002E0036001800A3
:1071E00002002D000F000E0098007A0022004C00D3
:1071F00030000A003700190040002E001000250062
:107200007C0C060AC8079205480406001C003600DC
:1072100050006A0084009E00110098007A001D0052
:107220004A002E0031003600180018002D000F0013
:10723000040099007B000E004B002F000A0037006D
:1072400019002E002E0010002600220D8E0A36088E
:10725000DE057604060020003A0054006E00880027
:10726000A200040098007A000D004A002E003000B1
:10727000360018002A002D000F00120099007B0034
:1072800020004B002F000E003700190020002E00B8
:1072900010002700CC0DFC0AA8082E06C604060024
:1072A0001A00360052006E008A00A60014009300F7
:1072B000750028004B002F002B00360018000A0034
:1072C0002D000F0004009400760007004C003000F1
:1072D00016003700190043002E00100028007A0E17
:1072E0008C0B1E098206FC0406001E003A005600A4
:1072F00072008E00AA0013009400760012004B006A
:107300002F0022003600180014002D000F00060088
:10731000950077001F004C00300022003700190054
:107320003D002E00100001020408102040801D3A8C
:1073300074E8CD8713264C982D5AB475EAC98F038B
:10734000060C183060C09D274E9C254A94356AD49F
:10735000B577EEC19F23468C050A142850A05DBA6C
:1073600069D2B96FDEA15FBE61C2992F5EBC65CAEA
:10737000890F1E3C78F0FDE7D3BB6BD6B17FFEE1F1
:10738000DFA35BB671E2D9AF4386112244880D1AA0
:107390003468D0BD67CE811F3E7CF8EDC7933B7645
:1073A000ECC5973366CC85172E5CB86DDAA94F9E75
:1073B000214284152A54A84D9A2952A455AA4992CB
:1073C0003972E4D5B773E6D1BF63C6913F7EFCE561
:1073D000D7B37BF6F1FFE3DBAB4B963162C4953755
:1073E0006EDCA557AE4182193264C88D070E1C3879
:1073F00070E0DDA753A651A259B279F2F9EFC39B11
:107400002B56AC458A09122448903D7AF4F5F7F3DF
:10741000FBEBCB8B0B162C58B07DFAE9CF831B36D8
:107420006CD8AD478E010000011902321AC603DF85
:1074300033EE1B68C74B0464E00E348DEF811CC132
:1074400069F8C8084C71058A652FE1240F2135932E
:107450008EDAF01282451DB5C27D6A27F9B9C99A44
:1074600009784DE472A606BF8B6266DD30FDE298B6
:1074700025B31091228836D094CE8F96DBBDF1D201
:10748000135C833846401E42B6A3C3487E6E6B3AF7
:107490002854FA85BA3DCA5E9B9F0A15792B4ED4B3
:1074A000E5AC73F3A7570770C0F78C80630D674A8C
:1074B000DEED31C5FE18E3A5997726B8B47C1144FA
:1074C00092D92320892E373FD15B95BCCFCD9087B1
:1074D00097B2DCFCBE61F256D3AB142A5D9E843CAD
:1074E0003953476D41A21F2D43D8B77BA476C417EB
:1074F00049EC7F0C6FF66CA13B52299D55AAFB60AD
:1075000086B1BBCC3E5ACB595FB09CA9A0510BF5BC
:1075100016EB7A752CD74FAED5E9E6E7ADE874D611
:10752000F4EAA85058AF57E59295EE6615FB432E46
:107530003D7646405E202D4A98B06456646A688263
:10754000DACE8C4E08B73D5BCA25333A3AED8C7CD7
:1075500005636978686B6D66A14C035BBF93A9B640
:10756000C2E1782B8BCE4E2BEF7BCED69318639651
:1075700027F3A388D7EA9E5EB86176AA4FBB98949A
:10758000FCB305626099113C4F323DA31ABBCAB4EB
:10759000DDE153EF9CA4D4D4BCBED2ABF7F25DE6E0
:1075A0000E6DDD35C84A08AC6250DB86A069A5E7E0
:1075B000E5798730D375FB7E9FB4A998C0E2E4DA01
:1075C0006F0075E85760E315AD7D9E0267B67611D2
:1075D00091C96F1CA535A115F58E0D6630E3999103
:1075E000DA46A8DFC868E0EA6CB46EBEC393CD1B70
:1075F000E8C9152BF5572AC3D477F225097B29ADA5
:107600009198D81FB3B632306E56EF60DE7D2AAD4A
:10761000E2C1E0829C25FBD8EE28C0B40A066ABE0F
:10762000F9A70443D18A8A20F27B591B78B9509C70
:107630002645AB3C1CDE5034FEB9DCF16F4D925E4A
:107640001A156C13695E71C1568CA37D3A9EE5EFE5
:10765000DA673846723DB781A70D623E8133C8B7FD
:107660006210AC1FF6EA3C987300A79871F8EE6BB5
:10767000123FDA2557D269B1784A79C475FB71E9AE
:107680001E789F2226E4E63BF35F31DAB0A4144172
:107690002D6F2751317671DEC1FAF2A8D929A4F7EE
:1076A000B11EEE1278993CC13B744FA1FC6280CDB3
:1076B00080A1F739A338EB6A351ABBAEE268AA0796
:1076C000AF23B57258292FA37D864814E835230FC0
:1076D000FA67DDE6191289E700033AF2DDBF6E545E
:1076E000E608BC6A60930F838B2265DF2765D5C7E8
:1076F000EDFEC97BABA2C2753260BE073D7947F68D
:107700004537A8BC59F3BF19487B09910EF701EE24
:107710002C4E8F3EE07E767244A334C2D993CCA91E
:107720002582716649B5705E5870FDE0CA73BB630F
:1077300059053671812C3A1087D8A9D324010460E9
:107740003CF14968EA08F9F577AE34199DE02BCA97
:10775000DF13520FE419C482D3923C18FB5A2766F8
:10776000F03DB23F2E7B7312DD6F87A0B6CD6BCE9E
:107770005F9678B85B15F79C8CEEBF0B5EE35432D6
:10778000A327226CE87D9DA1A409762ED163CBC1ED
:107790002303D16FC3F2CBE12E0D20A07ED182A0B6
:1077A000F2D7F24B4D2ABD2071417C45E472EBAF1C
:1077B0007CAAD7E885CD743256BA32DCFB59C02E8C
:1077C000567F7C13B8E997D7160E3B9125F2CB86EE
:1077D000FE59BE5E3B417C7164E9EB79164C566103
:1077E00027F2C8DC6521EFFE7433B71AC957D2DD22
:1077F00071152E412D32EEB8F9E1663AD1DA6DA558
:107800001A5FB8C034F523FEEEAFAC4F7B197A2B6C
:10781000786CD75080C9EB08993B651FC64C1F9CFC
:107820006A786B9DA4D87074025BF8A324C9CAE57A
:107830000690FE9B87D0AAD10C8B7F8EB6F9B1AE95
:10784000BE1C0A55EFB8657C98CE6017A33D1BC4DB
:10785000F7979ACACF143D0A52741AF7421B3E6B2F
:10786000FCB6C8B9EB37FBF2D2909AEDB08DC0F8F8
:1078700098F9CE55FD8E41A57D17181E7AF0D606D3
:1078800081DA1D917F86CEF5751D293F9F8EE97D9A
:10789000947B6B8C1A0C098DF3C5E2C5DB2DD36587
:1078A000DB781CB57F0664F702CDC63973DB656DE6
:1078B000A0522526EE31A0D179560B7C1EB5541965
:1078C000C2574166BEDC461BD110590721F041CAA0
:1078D000716247DFF876D65E007A251702E43A79BE
:1078E0000769874EF376464CDF594832466FC2111E
:1078F000D47EB523DD75EB0BE595937BD528730618
:10790000C8641AF6B6DA7FD724BA6E6A2D33AF0987
:10791000079E9F3144775C7BB1CCBBFEC84E8D95F2
:10792000771A7F35A05DC7D41D18919CD096DAD107
:1079300004D85B2FB8922F8CC3C37DF2EE3F636CEB
:107940008CE6F21FCC0BB2F3D99CD5E70576DEB4FA
:107950008888A2332E750DD751118BF7C5AB5FAD5B
:107960004189B2446F5F652948D6A9C55F072C9A43
:107970004D6FEC28798F3F5750FDF07ED94D22E8AE
:107980006A32A8524C92436AAB19845D2D69F79F05
:10799000DF21E05D4D465AA020FE2B965465BECDFA
:1079A00085343CCAA5DCCB975D540F54FDADA0597E
:1079B000E334C7615FE734B1297D89F1A6E176023E
:1079C000362052D7AFC62BEEEB1B65B87F030508F8
:1079D000A3EE0A0C0E090B0D081010080A0C00008B
:1079E00077AB0240305F0C40C343EB3FBEBEE34188
:1079F000C1CB29400000A03F000000009A99993EA9
:107A00000000803F000000000000004000004040F7
:107A1000FA5A47C04F8D4C3FCDEB623FCF4D993D59
:107A200048F78CC05BAEF0BE936ACC3E57D1D4BC55
:107A3000032150BF7B4FFDBD7E905B3F94F9A3C1F6
:107A4000CD164BC08143D440B3421D403499AEC0E3
:107A5000BCC486BEC8A00ABF6F098840AD5EB73FF0
:107A60001420C0BF094F6B40DC58B2C18B2FE7BE5A
:107A7000B9EC0B401B33154004EF52C12FC8AD4188
:107A8000E1B5FA3ECAFF9EC0459307C17F46A640B6
:107A900068CC83408575CB409AB10240356D14C0E7
:107AA000F412E3BFDF24C63FBA8D3A40BFF1C73FAF
:107AB000A03B36C0249650C0C9C0673FCF5486BF94
:107AC000C339A6BD81E3013E5711553BAFF4BE3F1C
:107AD000A53FCF3F052B1C3FB245D73FDE21173FC7
:107AE0009F62703F1FEF353FBFA6B8BDC1F87E4013
:107AF000E7BA2340E4B1F2BF1A1B3DC021E121BF28
:107B0000A1440541E1C1ACC09B2520BF0DDB5A401B
:107B100048594BC05B0214BF83BF2BC1F344E7BE7F
:107B200095216D40F0E244C0D63711C114E93E41C1
:107B300048C4DF3E49E81B405EE4D2401AA3E3C0DC
:107B4000C30CEF3FE5A5AAC03823C7BE0977124092
:107B50004809B23F553CF2C0BEE380BFCA1B3F405C
:107B6000C4EF794083C36EC0908DE63DFBCDF73FF7
:107B70000C8AF940A7ECFD3F5B369C3FD65357C0BB
:107B8000ABE448C169547340B64187BF7A44404171
:107B9000D8C1C53E3DB983C03EA585BFAEEDC3C0CB
:107BA000CFBE5A3F0D67D33D71048F40BCE327C160
:107BB00043E10DBF3EB94E4022A997400A64B5C0CB
:107BC0000BD7393FD3CFD53F0C1DB13DE253E2BFB8
:107BD000203D8D3F553B28BFF366CDBFECB94740F4
:107BE000B0353B3D8D9F7DBF0B61323FDF66893FE6
:107BF00085AF06BFE27A98400DF395BE8330904082
:107C0000884C10C02F0C7FC03D7E133F2618FB40D0
:107C1000A80CAFC0D81958408DFCD3C0414539BE1F
:107C20004FD53D40447702407DA2C53EA7AD623EA0
:107C300030F9E23FDD90363F71224DBFEEBE8CBD84
:107C40005B82383F892500BFF51EEC3E4C588740CB
:107C500073628FBEFD5E7240962509C0EFD791C05A
:107C60001A03033E85C2EE40B9769AC0C46620402E
:107C70008DC7B1C0B821E33DD39854C037CDF9BF0B
:107C800090CC18C071FEF0BED2875AC06A11103F66
:107C9000CBDFDA3F61486B3F41A397BED193C33E30
:107CA0009505943FA5A93341532B683E32715E413F
:107CB000001612C1A43C70C18B5E443F0F1BF7BF7E
:107CC0003BEBB6BDB0BAB8BF23C1993F028B91BFA1
:107CD000EAAFDEBDFC0EC83F55B3C03DC33880BF20
:107CE000850AF0BD5B505E40DFA21FC07BC6433FEC
:107CF000A6D606C037A52A40A2560EC0416DE03F69
:107D0000E444C1BF06309FC0000000000000E03F17
:107D1000000000000000E0BF0000E0FE422EE63F51
:107D20000000E0FE422EE6BF763C7935EF39EA3DB1
:107D3000763C7935EF39EABD3E5555555555C53F29
:107D400093BDBE166CC166BF2CDE25AF6A56113FCF
:107D5000F16BD2C541BDBBBED0A4BE726937663ED1
:107D600004FA97999999D93FAF788E1DC571CC3F88
:107D70009FC678D0099AC33F935555555555E53F51
:107D8000599322942449D23FDE03CB966446C73FE1
:107D900044523EDF12F1C23F000000000000F03FFD
:107DA000000000000000F83F00000000000000009C
:107DB0000000004003B8E23F0000000000000000A7
:107DC00006D0CF43EBFD4C3E033333333333E33F35
:107DD000FFAB6FDBB66DDB3F4D268F515555D53F61
:107DE00001411DA96074D13F65DBC9934A86CD3F2F
:107DF000EF4E454A287ECA3F3E5555555555C53F1D
:107E000093BDBE166CC166BF2CDE25AF6A56113F0E
:107E1000F16BD2C541BDBBBED0A4BE726937663E10
:107E20001F1D1F1E1F1E1F1F1E1F1E1F1F1C1F1E6C
:107E30001F1E1F1F1E1F1E1F00000000000000004D
:107E4000004040404040404040404141414141406D
:107E50004040404040404040404040404040404022
:107E600040050202020202020202020202020202B1
:107E700002202020202020202020200202020202B6
:107E8000020290909090909010101010101010100E
:107E9000101010101010101010101010020202021A
:107EA000020288888888888808080808080808085E
:107EB000080808080808080808080808020202025A
:107EC00040000000417E03004150504B45593A208C
:107ED0002530327820253032782025303278202520
:107EE0003032782025303278202530327820253005
:107EF00032782025303278202530327820253032F3
:107F0000782025303278202530327820253032789C
:107F10002025303278202530327820253032780004
:107F20004E574B534B45593A202530327820253057
:107F300032782025303278202530327820253032B2
:107F4000782025303278202530327820253032785C
:107F500020253032782025303278202530327820A4
:107F6000253032782025303278202530327820258F
:107F700030327820253032780000000041505053D4
:107F80004B45593A2025303278202530327820254B
:107F90003032782025303278202530327820253054
:107FA0003278202530327820253032782025303242
:107FB00078202530327820253032782025303278EC
:107FC0002025303278202530327820253032782034
:107FD00025303278000000002C4150504B45593A72
:107FE0002530327825303278253032782530327895
:107FF0002530327825303278253032782530327885
:108000002530327825303278253032782530327874
:108010002530327825303278253032782530327864
:10802000000000002C4E574B534B45593A25303237
:108030007825303278253032782530327825303244
:108040007825303278253032782530327825303234
:108050007825303278253032782530327825303224
:10806000782530327825303278253032780000009B
:108070002C415050534B45593A25303278253032F7
:1080800078253032782530327825303278253032F4
:1080900078253032782530327825303278253032E4
:1080A00078253032782530327825303278253032D4
:1080B00078253032782530327800000052656164CE
:1080C00020466C617368204465766963652045507D
:1080D000442053686F77204D6F64653A2025642CE7
:1080E000204F7665727475726E3A2025642C205488
:1080F000656D70657261747572653A202564000063
:108100005265616420466C617368204465766963DA
:1081100065205265706F727420496E746572766165
:108120006C3A2025646D696E2C2053656E736F72F6
:10813000205265706F727420496E74657276616C3E
:108140003A2025646D696E00557064617465205332
:10815000797374696D65204E6F77203A25303464E9
:108160002D253032642D253032643A253032643A80
:10817000253032643A25303264202C2054696D65F4
:108180007374616D70203A256C64000041542B417A
:1081900050504B45593D20253032782025303278DB
:1081A0002025303278202530327820253032782052
:1081B000253032782025303278202530327820253D
:1081C0003032782025303278202530327820253022
:1081D0003278202530327820253032782025303210
:1081E0007820253032782C30000000000D0A4170D4
:1081F000704B65793A253032782530327825303227
:108200007825303278253032782530327825303272
:108210007825303278253032782530327825303262
:108220007825303278253032782530327825303252
:1082300078253032780D0A00257320537563636505
:1082400073732C20414C535F4348315F4144435F7B
:10825000446174613A2025642C20414C535F4348AB
:10826000305F4144435F446174613A2025642C20AF
:10827000436F6E7665727420414C53204C55583ACA
:108280002025642000000000205A4D4F443434580B
:108290005820436F6E766572742054564F432052B7
:1082A0006573756C74733A202566206D672F6D5E5B
:1082B000332C204941513A2025342E31662C204C54
:1082C0006576656C3A2025640A0000004572726F7D
:1082D00072202564207A6D6F6434343130206475E7
:1082E00072696E672072656164206F662073656EC7
:1082F000736F72207374617475732C206578697460
:10830000696E672070726F6772616D2100000000F6
:10831000205A4D4F443434585820436F6E7665725E
:10832000742054564F4320526573756C74733A2011
:108330002566206D672F6D5E332C204941513A2010
:1083400025342E31662C204C6576656C3A202564E8
:108350002C20436F756E743A2025640054534442B8
:108360002028257329206F6C6465737420736563FE
:10837000746F7273206973203078253038582C2040
:1083800063757272656E74207573696E67207365AC
:1083900063746F72206973203078253038582E0A44
:1083A000000000005761726E696E673A2063757253
:1083B00072656E742074696D657374616D702028C8
:1083C000256A6429206973206C6573732074686161
:1083D0006E20746865206C6173742073617665200B
:1083E00074696D657374616D702028256A64292E27
:1083F00020546869732074736C2077696C6C2062F8
:10840000652064726F707065642E0A005761726E29
:10841000696E673A20536563746F72207374617478
:1084200075732069732077726F6E672C207468658E
:10843000726520617265206D756C7469706C652061
:10844000736563746F727320696E207573652E0A8D
:10845000000000004572726F723A207365742066E6
:10846000696C65206D6F6465204661696C65642E7A
:1084700020506C6561736520646566696E65642073
:10848000746865204644425F5553494E475F4649EC
:108490004C455F4D4F4445206D6163726F2E000067
:1084A000466C61736820646576696365207C20256D
:1084B0002A2E2A73207C20616464723A2030782549
:1084C00030386C78207C206C656E3A20307825300E
:1084D0003878207C20626C6B5F73697A653A203053
:1084E0007825303878207C696E697469616C697AA6
:1084F00065642066696E6973682E0000496E697450
:1085000069616C697A65206661696C6564212050D7
:108510006172746974696F6E28257329206F6666AD
:10852000736574206164647265737328256C6429B3
:10853000206F7574206F6620666C61736820626FAF
:10854000756E64283C2564292E0000005061727409
:108550006974696F6E207772697465206572726FD5
:1085600072212020446F6E277420666F756E642020
:10857000666C617368206465766963652825732974
:10858000206F662074686520706172746974696F09
:108590006E282573292E0000506172746974696F0A
:1085A0006E2072656164206572726F722120446F63
:1085B0006E277420666F756E6420666C6173682028
:1085C00064657669636528257329206F6620746861
:1085D0006520706172746974696F6E282573292E25
:1085E00000000000506172746974696F6E206572DA
:1085F000617365206572726F722120446F6E2774FB
:1086000020666F756E6420666C61736820646576A1
:1086100069636528257329206F662074686520705A
:108620006172746974696F6E282573292E000000C9
:108630006E6F72666C61736830000000535049328F
:1086400000000000573235583430434C53534947EB
:108650000000000054686520666C617368206465E2
:1086600076696365206D616E7566616374757265A8
:1086700072204944206973203078253032582C20EC
:108680006D656D6F72792074797065204944206939
:1086900073203078253032582C2063617061636913
:1086A0007479204944206973203078253032582E5F
:1086B000000000004D323550343000004132354C5E
:1086C000303830004D323550383000004D323550A2
:1086D000333200004632354C30303400535354327C
:1086E0003556463038304200454E323551333242ED
:1086F000000000004744323551363442000000008B
:10870000504354323556463031364200535354327A
:1087100035564630313642004744323551313642C3
:1087200000000000414D4943000000004154343531
:10873000444231363145000049535349000000009E
:10874000533235464C3231364B000000454F4E0017
:10875000533235464C3033325000000045534D54AF
:108760000000000053535400573235513430425604
:1087700000000000573235513332425600000000ED
:1087800057323551313642560000000057323551CC
:108790003132384256000000573235513634435694
:1087A0000000000057323551323536465600000081
:1087B00057323551363444570000000057696E6215
:1087C0006F6E6400476967614465766963650000A0
:1087D0004879756E6461690041746D656C000000D4
:1087E000496E74656C000000467564616E0000009F
:1087F0004D6963726F6E000053616E796F00000007
:10880000437970726573730046756A697473750095
:108810004D6963726F6E6978000000004572726F77
:10882000723A20436865636B205346445020736955
:10883000676E6174757265206572726F722E204961
:10884000742773206D75737420626520353034345D
:1088500034363533682827532720274627202744D6
:108860002720275027292E005761726E696E673ABC
:108870002052656164205346445020706172616DDE
:10888000657465722068656164657220696E666FE3
:10889000726D6174696F6E206661696C65642E200B
:1088A000546865202573206973206E6F742073757A
:1088B00070706F7274204A454445432053464450BB
:1088C0002E00000034204B42204572617365206900
:1088D0007320737570706F72746564207468726F42
:1088E0007567686F75742074686520646576696360
:1088F000652E20436F6D6D616E6420697320307842
:10890000253032582E000000436865636B204A45CD
:1089100044454320626173696320666C617368201B
:10892000706172616D6574657220686561646572FD
:10893000206973204F4B2E20546865207461626C4F
:10894000652069642069732025642C207265766532
:108950007273696F6E206973205625642E25642C0E
:10896000206C656E6774682069732025642C207004
:108970006172616D65746572207461626C652070EE
:108980006F696E7465722069732030782530366C9B
:10899000582E00004572726F723A20546865206646
:1089A0006C617368206361706163697479206973B5
:1089B00020677261746572207468616E20333220A2
:1089C00047622F203420474221204E6F7420537578
:1089D00070706F727465642E000000004572726FD3
:1089E000723A205468697320726576657273696F94
:1089F0006E285625642E256429204A454445432087
:108A0000626173696320666C617368207061726172
:108A10006D65746572206865616465722069732094
:108A20006E6F7420737570706F727465642E0000C1
:108A3000426C6F636B2050726F746563742062695F
:108A4000747320696E20646576696365277320738B
:108A500074617475732072656769737465722061DF
:108A6000726520736F6C656C7920766F6C617469C8
:108A70006C652E00466C6173682064657669636579
:108A800020726571756972657320696E7374727591
:108A90006374696F6E203530682061732074686577
:108AA00020777269746520656E61626C65207072F2
:108AB000696F7220746F20706572666F726D696E77
:108AC00067206120766F6C6174696C6520777269CC
:108AD000746520746F207468652073746174757395
:108AE0002072656769737465722E0000466C61734D
:108AF0006820646576696365207265717569726561
:108B00007320696E737472756374696F6E2030368A
:108B100068206173207468652077726974652065C8
:108B20006E61626C65207072696F7220746F207064
:108B30006572666F726D696E67206120766F6C6119
:108B400074696C6520777269746520746F2074682D
:108B500065207374617475732072656769737465D9
:108B6000722E00004572726F723A20546865204A76
:108B70004544454320626173696320666C61736894
:108B800020706172616D65746572207461626C65DC
:108B9000206C656E67746820286E6F77206973207B
:108BA000256429206572726F722E0000CC8B030041
:108BB0000000002010080000425900005C8E0300F5
:108BC00010080020700B0100001D01000128033671
:108BD0006464D01906011501260137014A015D01BF
:108BE000710188019F01B801D201EE0153127A147C
:108BF000083FBC2265E816012D35C7963275D7436C
:108C0000B4E73BEA91681A3B4164647214E910E1ED
:108C100002123C12502428C3E3138040101050FF6E
:108C200038FED4FE70FE0CFDA8FD44FCE014520298
:108C3000671808CD03342303A343B0181249064A2A
:108C4000064B064C064D064E069706D70657081AE1
:108C50004D101E4B064A8659403123400222E81B24
:108C60002050081AEA081A60081AEC082368041A47
:108C7000EE081A970881393022102AF23022081B98
:108C800002013019201A0A082368201A0E081A97C0
:108C90000841F2071B010F011E0101010F010C1910
:108CA0000401280E23014F8F4F8F380B26010F2A06
:108CB0000914620A274F6209222A39ED0131198C01
:108CC000092538198C0936620A274F6209272A19A3
:108CD0002609328C0927380B35018F620A274F622B
:108CE0000929C4143010183CA5FB02085AD5084BBA
:108CF00005FC085A35085A65085A95085AC5085A95
:108D0000F5084B25FD081A550812521203120812D5
:108D1000104B4206081C320C030612112BF21808E5
:108D2000121214722603120E1214147235031A0C46
:108D3000101CF242031E9218000A156E6F72666CC8
:108D4000617368302A40DE1114D19E011C61B701A5
:108D5000E312021B095A080912D85386031A440861
:108D600034EF40174A0828221032205A3C20014D87
:108D70001C480140D50A124090C18B26757C9A2D63
:108D80000C5A370C1A44081A53041A63045A741400
:108D90005A86085A9A085AB0085AC8085AE2085A15
:108DA000FE084B1C76085A3C085A5E085A82085A3C
:108DB000A8085AD0085AFA084B2677085A54085A75
:108DC00084085AB6085AEA084B2078085A58085AB4
:108DD00092085ACE084B0C79085A4C085A8E080152
:108DE0001C000D347F415D5D5D417F1F1115111F1A
:108DF000382A436F70797269676874202863292064
:108E00004D6963726F736F667420436F72706F7217
:108E10006174696F6E2E20416C6C202528187320B8
:108E200072657365727665642E20202A202054684E
:108E300072656164582E18107465782D4D302F417D
:108E40004335205665727338000A1820362E312EAD
:0C8E50003131202A1AF001015C00000002
:04000005000040C1F6
:00000001FF
