:020000040800F2
:10000000781A0020D90000080D5C0008E300000801
:1000100000000000000000000000000000000000E0
:100020000000000000000000000000000161000866
:100030000000000000000000115C000803610008DF
:10004000EB000008EB0000089D5E0008EB000008D4
:10005000EB000008EB000008EB000008D5370008B3
:1000600000000000EB000008EB000008EB000008B7
:1000700099110008EB00000800000000EB000008E8
:10008000000000009964000800000000000000006B
:10009000EB00000800000000EB000008EB00000887
:1000A000EB000008EB000008EB0000088165000889
:1000B000D5650008EB00000800000000000000000B
:1000C0000448854600F056FE00480047B99A0008EB
:1000D000C046C046781A00200448804704480047BC
:1000E000FEE7FEE7FEE7FEE7FEE7FEE73D6200080B
:1000F000C100000830B50B46014600202022012433
:1001000009E00D46D5409D4205D31D469540491B4B
:100110002546954040191546521E002DF1DC30BD94
:1001200070B500242546002801DA01244042002948
:1001300001DA01254942FFF7DDFFAC4200D0404221
:10014000002C00D0494270BDF0B51FB40646002017
:1001500082B005464024019100901BE0019922469F
:100160000F46304600F0A2FC049A059B801A994184
:1001700010D310461946224600F088FC361A8F41EB
:100180000197224601200021009F00F07FFC3818D3
:100190004D4100902046641E0028DFDC019B009842
:1001A0002946324607B0F0BD10B5024900F004F808
:1001B00010BD00004C14002070B50C4600683C21B6
:1001C000FFF798FF21603C21FFF794FF6160182141
:1001D000FFF790FF0546A1600721001DFFF78AFF8A
:1001E000A1610F48A90008180E49FFF783FF0246D6
:1001F000443288086261E0613B2802D3910700D055
:10020000401C0021084B0A462161995C814203D8B9
:10021000401A521C2261F8E7401CE060204670BD85
:100220006C0B0000B5050000EADD000838B5044697
:10023000C0681821401E4843A16840183C2148432B
:10024000616840183C2148432168451860690C21C9
:100250004843216940186921C900401A3021FFF73D
:100260005FFF114A50434219084600921A2902DBE7
:100270000E49511800910C21FFF752FF0C4A5043D0
:10028000009A801800900B4806E0491E425C074B1C
:100290005A43009BD21800920029F6DC214668469A
:1002A000FFF78AFF009838BD801F86078051010044
:1002B0008033E101F6DD000810B503461C460C430F
:1002C000A40703D009E010C9121F10C3042AFAD2F0
:1002D00003E00C781C70491C5B1C521EF9D210BD47
:1002E000D2B201E00270401C491EFBD270470022CE
:1002F000F6E710B513460A4604461946FFF7F0FF25
:10030000204610BD30B505462A460B4610781C78AD
:10031000521C5B1C002801D0A042F7D0002C03D057
:10032000002802D06D1CEFE7284630BD421C017842
:10033000401C0029FBD1801A704730B504460020CC
:10034000034600E05B1C934203D2E05CCD5C401BA3
:10035000F8D030BD0FB400B58DB009900B9010A946
:1003600000200091C0430A9000200C90064806909F
:10037000064807906A4609A80F9900F0D1FB0DB016
:1003800008BC04B018470000410B0008610B0008CE
:10039000FFB50027FF4383B000205C6801909E6892
:1003A0001D46A9697F1C049888470090296A8847E0
:1003B0000028F6D10098401C0CD003204002844352
:1003C000002E19DD600614D500982B2809D02D28A1
:1003D0000FD103E00020C04307B0F0BD0120800230
:1003E0000443A9697F1C04988847761E0090002E5C
:1003F00002DD0098302803D00598002825D035E08C
:10040000012040020443A969761E7F1C0498884796
:100410000090002E03DD782805D0582803D00598D9
:10042000002810D022E00598002801D010281DD106
:10043000012040028443A969761E7F1C04988847E6
:100440000090102002E0082000E00A2005900DE056
:10045000012149020C43059A0199761E514308185F
:100460000190A9697F1C049888470090002E05DD43
:100470000599009800F03EFB0028E9DAE969049844
:100480008847A00502D40120C043A5E7E00722D198
:10049000600611D56005019800D5404229680A1D03
:1004A0002A600968220501D5087014E0220701D5E9
:1004B000088010E008600EE02868011D29600068CF
:1004C000210502D50199017005E02107019901D5A7
:1004D000018000E0016038467EE7FFB5002083B070
:1004E000009050680190916914460026976804981E
:1004F000884705460C990698084305D009E0A1698C
:10050000761C049888470546216A284688470028B3
:10051000F5D1681C03D00198C00704D017E0002073
:10052000C04307B0F0BD2068011D21600068009045
:100530000DE00198C00704D1009805700098401C98
:100540000090A169761C7F1E049888470546002FFD
:100550001CDD681C1AD0069800280FD0E817C00EC2
:10056000401941118A0006994009511840012A1A80
:100570000968012090400142DBD107E00C98002877
:10058000D7D1216A284688470028D2D0E16904984B
:1005900088470C98002807D1002E05DD0198C00778
:1005A00002D1009800210170A068B84204DD0C98C7
:1005B000002804D0002F02D00120C043B1E730460C
:1005C000AFE770B5064606F0AFF9046805460A22A3
:1005D0000021304600F0D6FA2C6070BD024670B59E
:1005E0004A40D30FDB0740002DD04A002AD0010E2D
:1005F000140E000212020919400A520A8418E50179
:1006000004465443000A120A2E045043A419421906
:10061000200CC543AA18120C0125AD03521C521917
:1006200012047F39240400D0521C104301D440002E
:10063000491EC2B20C06C0092018401C4008802A7E
:1006400002D003E0002070BD40084000002900DA1D
:100650000020184370BD70B502464A40D50F4000D7
:100660004A00ED0740085208002814D0002A12D092
:10067000C40DD30D41020120C0055202490A520A9D
:10068000E41A091812187D34914201D3641C00E069
:100690004900002C01DA002070BD0023914201D3F3
:1006A000891A0343400849000028F7D100290AD0DD
:1006B000914202D10121C90705E0914201D20121F5
:1006C00001E00121C943E005C018401900F092FA89
:1006D00070BD0000F0B507460846584087B0C00F0F
:1006E000049048000E46590040084908BC1A884149
:1006F00005D2384631461E4617460B46024658007C
:10070000400810434DD0300D039040055900400D76
:10071000490D0590401A0290402873DA1803012110
:10072000000B09050843019004980092002806D0A8
:100730001146019A4942002090410091019002988F
:1007400040210A1A0199009800F0A0F905460C46CC
:100750006B4607CB00F0BBF9C0197141039A0E0D2F
:100760000023D71756401A467A40164344D0049ABD
:10077000002A2DD0029A012A039A15DC1205C01A0C
:10078000914101263605001C7141D20F059ED2070A
:100790000093019202962A46234600F079FA07B0A8
:1007A000F0BD38463146FAE71605234A0F46B2181F
:1007B000C01AB74101210905001C4F4100187F41B3
:1007C000114618187941E20F10436D19644113E086
:1007D000E2076D0815436408C2071443039A012613
:1007E0001205C01A91413605001C7141CE07400820
:1007F00030434908C01851412A46234600F03BFACD
:10080000CDE7FFE7049801224000C117121A002328
:100810008B4104983146C417381AA141EEE730B431
:100820000124E407634030BC54E730B40124E407FA
:10083000614030BC4EE700000000E0FFF0B51FB49F
:1008400088B00B990998002448400999C00F4900C5
:1008500049080991C0070B990090490049080B917C
:1008600009990898A64608431CD00B990A98084392
:1008700018D0099801244000420D4800410D099804
:1008800024050003000B204309900B980003000B84
:1008900020430B9050181C49401800220190144628
:1008A000104605E0002001460DB0F0BD032801DA36
:1008B000034600E003239C46C11A0AAE0AE05F002B
:1008C00008ADED5B4F00F75B7D430027AA187C4124
:1008D000491C5B1E6145F2DD410004AB5A52210404
:1008E000120C0A43240C401C0828DFDB01980290FC
:1008F0000099704601910090059B049A079906980B
:1009000000F0C6F9D0E700000DFCFFFFF0B50C4683
:100910005C4085B0E40FE40703944C0000266408B3
:1009200059009446490802460296224321D0624665
:100930000A431ED06200570D4A000E032303550DD3
:10094000012402462C492405781B1B0B360B40184A
:1009500023432643614600901C46501AB44103D3FA
:100960000098401C009002E0921800985B4100281B
:1009700003DA0020014605B0F0BD00200121090581
:100980000746864611E064461D46141BB54106D352
:100990006546521BB341744607430C43A646CD0738
:1009A00040084908284392185B4105460D43EAD1A7
:1009B0001046184313D06046194650407140084312
:1009C00006D06046101AB34106D20122002306E089
:1009D00000220123DB0702E00122D24353100098DA
:1009E00074460105381C6141029C039D0019694150
:1009F00000F041F9BFE70000FD030000C217C10F7E
:100A0000504010B54018CA079623002100F0FAF8AC
:100A100010BD410040020122400AD205090E801893
:100A20007F2901DA00207047962903DC9622511AAB
:100A3000C8407047963988407047C20FD2074000BF
:100A400040080BD0C10D0723DB01C918400209057E
:100A5000400A1143C2084007114370470020014675
:100A60007047000010B5002904DB0124E407404270
:100A70008C412146002B04DB1C460123DB0752423C
:100A8000A341994200D1904210BD000010B5202A28
:100A900004DB0146203A9140002010BD9140202304
:100AA0009C1A0346E3401943904010BD10B5202A1C
:100AB00004DB0846203AD040002110BD0B46D3404D
:100AC000D0402024A21A91400843194610BD10B509
:100AD000202A06DBCB170846203A1041C1170B43EA
:100AE00006E00B461341D0402024A21A914008434F
:100AF000194610BD3A2800D23038202302469A43C6
:100B0000412A01D310463738884201D30020C04320
:100B1000704700000268137851180160184670474A
:100B200010B5D1600449516104491162002111617D
:100B3000114600F03FF910BD150B0008A10D00088B
:100B40004268002A08D001680B78491C002B03D0AA
:100B5000521E06C0184670470121C160881E7047AA
:100B60004268002A0BD0C3680168002B07D1836854
:100B70008B4204D0491E521C06C000207047002042
:100B8000C0437047F7B5009C0F4600262578641CCB
:100B9000002D05D000F000F90068405DC007F5D1D8
:100BA0002B2D02D02D2D18D0641E39462046029AD6
:100BB00000F09EFA002F04D03968A14201D10099BB
:100BC00039607105022400290BDA4042002803DD58
:100BD00005F0AAFE0460A007FEBD012080020643C6
:100BE000E3E70028F8DA05F09FFE04600048FEBD48
:100BF000FFFFFF7F002904DA401C490001D14008B3
:100C00004000704770B40024050C05D11024000486
:100C100002D1002921D01124050E01D1000208348F
:100C2000050F01D10001241D850F01D18000A41CF6
:100C3000002801DB4000641C002908D020252E1B61
:100C40000D46F540A14000D001212943084301068B
:100C50001B1B000ADB1D02D5002070BC7047DB05A2
:100C6000181880180029F8DA401C4900F5D170BC2A
:100C700040084000704710B5002B08DA0024401CE3
:100C8000614192185B411A4301D14008400010BDF8
:100C9000F0B51FB482B005460C0003D0084605F03D
:100CA00051FD02E005F04EFD203002460090214645
:100CB0002846FFF7EBFE049B059A04460F461843AF
:100CC0001143084314D0184610431BD0009840210C
:100CD0000A1A18460599FFF7E9FE05460E46009ADE
:100CE00005990498FFF7D2FE084305D0012004E0DF
:100CF0002046394607B0F0BD0020C11705430E431A
:100D00002C43374300990E986305401A7905E40A8D
:100D100000220C43FD0A0A3002D500200146E9E713
:100D20000105101969410C9C0D9D00196941FFF7DF
:100D3000A2FFDFE74A0009030123090B1B05194342
:100D40000A4B10B5520D9A4202DA0020014610BD3E
:100D5000064B34339A4203DC9A1AFFF7A7FE10BD04
:100D6000034BD218FFF792FE10BD0000FF030000F6
:100D7000CDFBFFFF064C0125064E05E0E36807CCDE
:100D80002B430C3C98471034B442F7D3FFF79CF93F
:100D9000B0E20008D0E200080048704784DE000896
:100DA00010B50446FFF7F8FF0068005DC007C00FEC
:100DB00010BD0000F3B58DB000200A9001200B900B
:100DC000002608460C300C460990626901210998FA
:100DD0009047051E2ED0252D2DD0216A884700284A
:100DE00018D06269012109989047216A8847002834
:100DF000F7D1411E62690998904700E0761CA1690D
:100E00000D988847216A88470028F7D1E1690D9835
:100E10008847DAE7A1690D9888470746A84201D1BB
:100E2000761CD2E7E1690D9888477F1C02D10A98A9
:100E3000002877D04AE1002762693D463946099883
:100E400090472A280CD16269012109989047012511
:100E500006E00A214F433F18303FEBD410200543F2
:100E60006269012109989047014630390A2903D265
:100E70009C498F42DEDCECE7E90600D49A4F6C28EF
:100E80000AD04C2810D0682824D06A282ED0742884
:100E90000CD07A280AD00DE06269012109989047A8
:100EA0006C2823D004211CE0202005436269012125
:100EB00009989047A760656065284FD026DC5828C0
:100EC00039D01ADC452849D012DC252834D04128F5
:100ED000B0D143E06269012109989047682802D0A7
:100EE00008210D43E6E70120C002DEE70220DCE72F
:100EF000462833D047282CD130E05B2870D06128B9
:100F00002CD063286CD0642823D161E06F284FD0A7
:100F100009DC662822D0672820D0692826D06E28D0
:100F200017D12EE0CEE070284DD073286FD07528F1
:100F30004ED078280DD154E0A1690D988847054618
:100F4000252800D16CE7E1690D9888476D1C00D118
:100F50006DE7BBE00A224CE00A2252E00120234662
:100F60006A46C0430D99C046C046A4E028464021C9
:100F700008436060A807234601D5002239E000221B
:100F80003FE0E80700D020E72068011D21600068ED
:100F9000290501D5067018E7290701D5068014E751
:100FA000A90703D5F117066041600EE706600CE75C
:100FB0002846402108436060A807234601D508223F
:100FC00017E008221DE0494928460840606016E005
:100FD0002846402108436060A8072346BCD5B9E7EE
:100FE00015E02846402108436060A80707D523463E
:100FF00010220120C0430D99C046C0465BE0234645
:1010000010220120C0430D99FFF7C2F953E00021DF
:101010000C910B460091632802D05B2808D044E075
:101020002079C00601D40120A060012000903CE09E
:1010300062690121099890475E2805D101200C9032
:1010400001466269099890472169002906D10B463B
:1010500001AA8F00491CD3510829FADB002835D09A
:10106000216900290ED1C117C90E09184A11930030
:1010700001AA9A1849094901411A012013688840B8
:101080000343136062690121099890475D28E5D107
:101090000C98002808D0002001AB81005A58401C51
:1010A000D2435A500828F8DB01AB01202246C04346
:1010B0000D99FFF712FA00280ADA401C06D10B98A6
:1010C000002803D00020C0430FB0F0BD0A98FBE712
:1010D000E90702D10A99491C0A91361800200B90A1
:1010E00073E60000CCCCCC0CFFFFFF7FF1F7FFFFD5
:1010F000F7B582B0029C00272078641C1546019742
:10110000302802D0002D15D015E020780127641C6E
:10111000782804D0582802D0002D09D00BE0002DEB
:1011200001D0102D07D1002710252078641C02E083
:10113000082500E00A250026009610E00099012706
:1011400069430818020C294680B2714300908E183A
:101150003804864201D3012001902078641C29467E
:10116000FFF7C8FC0028E9DA0398002805D0002F13
:1011700001D0641E00E0029C04600198002806D0A3
:1011800005F0D2FB02210160C81E05B0F0BD009938
:1011900030040843F9E7000000BF0A48006808214E
:1011A0000840C00800280BD000BF0648006C80B281
:1011B0000549086000BF08200249086000BF00BF61
:1011C00070470000002401400400002070B57D2617
:1011D000F60000BF5248806852490840401C504900
:1011E000886000BF00BF084680684E490840001D67
:1011F0004B49886000BF00BF00BF49480068042118
:10120000084080080028F7D000BF04204449086047
:1012100000BF00BF0846006C80B24349086000BFB1
:101220003F4880683F49084010303D49886000BF12
:1012300000BF084680683B490840801C38498860E8
:1012400000BF3A483A4908803A48058B3A49694311
:10125000084635490968FEF74DFF84B23748848651
:101260003748201A00280DDD33486430844209DAFB
:1012700033496431611A48000A21FEF751FF3149B0
:1012800008700AE02C486430844203DB64202D4956
:10129000087002E000202B4908702A4800781428C2
:1012A0000EDC2948007800280AD101202649087060
:1012B000224800791021884310302049087123E02A
:1012C0002148007800280ED01E48007819280ADD31
:1012D00000201D49087019480079102188431030FA
:1012E0001649087110E017480078184909788842B3
:1012F0000AD0144800781549087010480079102168
:10130000884310300D49087111A112A003F064F850
:101310000C480278214611A003F05EF870BD000071
:1013200000240140E8FFFF7F0400002060EA000085
:10133000020000206000F81FB80B0000340D0020F0
:10134000C409000000000020010000200C00002063
:101350004C4F47000A5B25735D0000004765742011
:10136000426174746572792025646D562C204C6539
:1013700076656C2025640A0000B58BB0142106A8A0
:10138000FEF7B5FF00200290039004900590012025
:1013900040023D49496B01433B4A51631146496B49
:1013A0000140019100BF00BF38483949896A4203B2
:1013B000520B1143364A916200BF01208005354926
:1013C00009680322920591430143324A116000BF2C
:1013D000002006900790089009900A9006A92C48D2
:1013E00003F046F805202A494969C908C9000143A4
:1013F000274A516100BF0020114609694908490088
:101400000143116100BF00BF1146C9680422914326
:1014100001431F4AD16000BF00BF1E490968012275
:101420005206914301431B4A116000BF00BF184898
:101430004068042188431649486000BF00BF084641
:101440004068082188431249486000BF080502909F
:10145000002003900490059002A90D4802F0E0FFDF
:1014600000BF0B4880680C4908400907401808492C
:10147000886000BF00BF00BF05488068C00F00281B
:10148000F9D10BB000BD000000100240000002C402
:101490000024014008270140E8FFFF7FF7B582B034
:1014A00004460D460026642707F0A2FF002806D157
:1014B00025A127A002F090FF27A002F08DFFFF21B9
:1014C0002B48FEF714FF00212948FA30C18020463E
:1014D00004F028FB27A004F025FB2548019023E019
:1014E00025A10198FEF70EFF00280AD016A118A02A
:1014F00002F072FF214622A002F06EFF002005B02C
:10150000F0BD38467043A84209DD23A110A002F0C7
:1015100063FF214622A002F05FFF0220EFE738467A
:1015200004F0FAFA701C86B204990198FEF7EAFEFC
:101530000028D5D021A106A002F04EFF214620A010
:1015400002F04AFF0120DAE74552524F52000000F4
:101550000A5B25735D0000004C6F526157414E20BD
:10156000537461747573204552524F52210000002C
:10157000A60E00200D0000006572726F7200000060
:101580002225732220617420636D64206578656371
:10159000206572726F7200005741524E00000000C9
:1015A0002225732220617420636D64206578656351
:1015B0002074696D656F7574000000004C4F470022
:1015C0002225732220617420636D64206578656331
:1015D00020737563636573730000000010B5002409
:1015E00016E00DA20D490EA0FFF758FF012809D102
:1015F0000EA10FA002F0F0FE0F4910A002F0ECFEC9
:10160000012010BD601C84B27D20C00004F084FA6B
:10161000032CE6DB0020F4E70D0A0000DC050000E7
:1016200061742B62616E643D3F0000004C4F4700C7
:101630000A5B25735D000000A60E002025730000E4
:1016400010B5002416E00DA20D490EA0FFF726FFED
:10165000012809D10DA10EA002F0BEFE0E490FA077
:1016600002F0BAFE012010BD601C84B27D20C000D3
:1016700004F052FA032CE6DB0020F4E70D0A000028
:10168000DC05000061742B63683D3F004C4F470050
:101690000A5B25735D000000A60E00202573000084
:1016A00010B5002416E00DA20D490EA0FFF7F6FEBE
:1016B000012809D10EA10FA002F08EFE0F4910A043
:1016C00002F08AFE012010BD601C84B27D20C000A3
:1016D00004F022FA032CE6DB0020F4E70D0A0000F8
:1016E000DC05000061742B636C6173733D3F000087
:1016F0004C4F47000A5B25735D000000A60E0020DA
:101700002573000038B500242CE018A2184919A050
:10171000FFF7C4FE01281FD11AA11BA002F05CFE36
:101720001B491CA002F058FE0823194A113204215B
:10173000194806F071FF13A113A002F04DFE1648E0
:10174000C0780090144883784278C01EC17813A0F6
:1017500002F042FE012038BD601C84B27D20C00032
:1017600004F0DAF9032CD0DB0020F4E70D0A0000C6
:10177000DC05000061742B646576616464723D3F32
:10178000000000004C4F47000A5B25735D0000001D
:10179000A60E002025730000FF130020444556418B
:1017A0004444523A202530327820253032782025A2
:1017B00030327820253032780000000010B586B035
:1017C00000243AE01FA2204920A0FFF767FE01286D
:1017D0002DD121A121A002F0FFFD224922A002F07B
:1017E000FBFD10231F4A0E320821204806F014FF8B
:1017F00019A11AA002F0F0FD1C48C01E817A427A9D
:10180000007A1A4BDB1EDB7901930392049102905C
:101810001648C01E807900901448C01E4379027992
:10182000C17813A002F0D8FD012006B010BD601CE5
:1018300084B27D20C00004F06FF9032CC2DB0020CD
:10184000F3E700000D0A0000DC05000061742B6462
:1018500065766575693D3F004C4F47000A5B25730F
:101860005D000000A60E002025730000DF1300209D
:101870004465764555493A20253032782025303266
:101880007820253032782025303278202530327883
:1018900020253032782025303278202530327800EB
:1018A00010B5002416E00DA20D490EA0FFF7F6FDBD
:1018B000012809D10DA10EA002F08EFD0E490FA046
:1018C00002F08AFD012010BD601C84B27D20C000A2
:1018D00004F022F9032CE6DB0020F4E70D0A0000F7
:1018E000DC05000061742B64723D3F004C4F4700E3
:1018F0000A5B25735D000000A60E00202573000022
:1019000010B5002416E00DA20D490EA0FFF7C6FD8C
:10191000012809D10EA10FA002F05EFD0F4910A011
:1019200002F05AFD012010BD601C84B27D20C00071
:1019300004F0F2F8032CE6DB0020F4E70D0A0000C7
:10194000DC05000061742B666363643D3F000000AA
:101950004C4F47000A5B25735D000000A60E002077
:101960002573000010B5002416E00DA20D490EA04D
:10197000FFF794FD012809D10EA10FA002F02CFD64
:101980000F4910A002F028FD012010BD601C84B298
:101990007D20C00004F0C0F8032CE6DB0020F4E753
:1019A0000D0A0000DC05000061742B6972713D3F77
:1019B000000000004C4F47000A5B25735D000000EB
:1019C000A60E00202573000010B500241CE010A214
:1019D000104911A0FFF762FD01280FD111A112A03B
:1019E00002F0FAFC124913A002F0F6FC12A1104812
:1019F000FEF788FC002801D0012010BD601C84B2D5
:101A0000FF20F53004F088F8032CE0DB0020F4E739
:101A10000D0A0000DC05000061742B6A6F696E3DE1
:101A20003F0000004C4F47000A5B25735D0000003B
:101A3000A60E0020257300002C6A6F696E65642C69
:101A40000000000010B500240CA20D490DA0FFF706
:101A500025FD01280FD10EA10EA002F0BDFC0F49FB
:101A60000FA002F0B9FC0FA10C48FEF74BFC0028B8
:101A700001D0012010BD0020FCE700000D0A00008D
:101A8000DC05000061742B6A6F696E3D3F00000049
:101A90004C4F47000A5B25735D000000A60E002036
:101AA000257300002C6A6F696E65642C00000000CD
:101AB00010B5002416E00DA20D490EA0FFF7EEFCB4
:101AC000012809D10EA10FA002F086FC0F4910A039
:101AD00002F082FC012010BD601C84B27D20C00099
:101AE00004F01AF8032CE6DB0020F4E70D0A0000EE
:101AF000DC05000061742B6C706370696E3D3F0003
:101B00004C4F47000A5B25735D000000A60E0020C5
:101B10002573000010B5002416E00DA20D490EA09B
:101B2000FFF7BCFC012809D10FA110A002F054FC62
:101B3000104911A002F050FC012010BD601C84B2BD
:101B40007D20C00003F0E8FF032CE6DB0020F4E773
:101B50000D0A0000DC05000061742B6D61636D6F80
:101B600064653D3F000000004C4F47000A5B257351
:101B70005D000000A60E00202573000010B50024B3
:101B800016E00DA20D490EA0FFF788FC012809D12F
:101B90000FA110A002F020FC104911A002F01CFCC3
:101BA000012010BD601C84B27D20C00003F0B4FF92
:101BB000032CE6DB0020F4E70D0A0000DC05000042
:101BC00061742B7472616E7366706F72743D3F0046
:101BD0004C4F47000A5B25735D000000A60E0020F5
:101BE0002573000010B5002416E00DA20D490EA0CB
:101BF000FFF754FC012809D10EA10FA002F0ECFB65
:101C00000F4910A002F0E8FB012010BD601C84B257
:101C10007D20C00003F080FF032CE6DB0020F4E70A
:101C20000D0A0000DC05000061742B7061726D3DCF
:101C30003F0000004C4F47000A5B25735D00000029
:101C4000A60E00202573000010B5002416E00DA29A
:101C50000D490EA0FFF722FC012809D10EA10FA00B
:101C600002F0BAFB0F4910A002F0B6FB012010BD34
:101C7000601C84B27D20C00003F04EFF032CE6DB25
:101C80000020F4E70D0A0000DC05000061742B70F1
:101C9000777269643D3F00004C4F47000A5B257333
:101CA0005D000000A60E00202573000010B5002482
:101CB00016E00DA20D490EA0FFF7F0FB012809D197
:101CC0000EA10FA002F088FB0F4910A002F084FBC8
:101CD000012010BD601C84B27D20C00003F01CFFF9
:101CE000032CE6DB0020F4E70D0A0000DC05000011
:101CF00061742B7278323D3F000000004C4F47006A
:101D00000A5B25735D000000A60E0020257300000D
:101D100010B5002416E00DA20D490EA0FFF7BEFB82
:101D2000012809D10EA10FA002F056FB0F4910A007
:101D300002F052FB012010BD601C84B27D20C00067
:101D400003F0EAFE032CE6DB0020F4E70D0A0000B6
:101D5000DC05000061742B7278313D3F000000000B
:101D60004C4F47000A5B25735D000000A60E002063
:101D70002573000010B5002416E00DA20D490EA039
:101D8000FFF78CFB012809D10FA110A002F024FB62
:101D9000104911A002F020FB012010BD601C84B28C
:101DA0007D20C00003F0B8FE032CE6DB0020F4E742
:101DB0000D0A0000DC05000061742B727863686511
:101DC00078743D3F000000004C4F47000A5B2573CC
:101DD0005D000000A60E00202573000010B5002451
:101DE00016E00DA20D490EA0FFF758FB012809D1FE
:101DF0000EA10FA002F0F0FA0F4910A002F0ECFAC9
:101E0000012010BD601C84B27D20C00003F084FE60
:101E1000032CE6DB0020F4E70D0A0000DC050000DF
:101E200061742B736C6565703D3F00004C4F47003B
:101E30000A5B25735D000000A60E002025730000DC
:101E400010B5002416E00DA20D490EA0FFF726FBE9
:101E5000012809D10EA10FA002F0BEFA0F4910A06F
:101E600002F0BAFA012010BD601C84B27D20C000CF
:101E700003F052FE032CE6DB0020F4E70D0A00001D
:101E8000DC05000061742B7665723D3F00000000A8
:101E90004C4F47000A5B25735D000000A60E002032
:101EA0002573000010B5002414E00CA20C490DA00D
:101EB000FFF7F4FA012807D10D48007840084000E8
:101EC0000B490870012010BD601C84B27D20C00049
:101ED00003F022FE032CE8DB0020F4E76F6B000028
:101EE000DC05000061742B7265626F6F7400000086
:101EF000DC13002070B586B004460026142101A82A
:101F0000FEF7F5F9002C01D016A000E016A005465A
:101F10002A4616A101A804F0E9FB2A46164917A093
:101F2000FFF7BCFA01280AD117A118A002F054FA51
:101F3000294618A002F050FA002006B070BD0DE04E
:101F400020A20D4901A8FFF7A9FA012800D1F4E762
:101F5000701C86B27D20C00003F0DEFD032EEFDB97
:101F60000020EAE76F6E00006F66660061742B6107
:101F700064723D2573000000DC05000061742B6174
:101F800064723D3F000000004C4F47000A5B257320
:101F90005D00000043757272656E742041445220EA
:101FA000697320616C72656164792025732C206EE1
:101FB0006F206E65656420746F20636F6E6669675D
:101FC000757265006F6B000010B5A8B00024342155
:101FD0001BA8FEF78CF94A48C07B4949897B484ACF
:101FE000527B474B133BDB7F0A930B920C910D9076
:101FF00043481338817F427F007F414B133BDB7E98
:1020000006930892099107903D481338827E407EDE
:102010003B491339097E3A4B133BDB7D0293059212
:102020000391049036481338807D35491339497D32
:102030000091019032481338037DC27C31491BA8BE
:1020400004F054FB34210EA8FEF751F92C48C27B52
:10205000807B2B49497B2A4B133BDB7F0A930D92F4
:102060000B910C9026481338827F407F2449133906
:10207000097F234B133BDB7E06930992079108905F
:102080001F481338817E427E007E1D4B133BDB7D53
:10209000029304920591039019481338807D1849E2
:1020A0001339497D0091019015481338037DC27C96
:1020B00015490EA804F01AFB0EAA144914A0FFF744
:1020C000EDF9012809D119A119A002F085F91AA08A
:1020D00002F082F9002028B010BD0DE025A20B49C6
:1020E0001BA8FFF7DBF9012800D1F4E7601C84B2DC
:1020F0007D20C00003F010FD032CEFDB0020EAE799
:10210000EF13002030E100087CE10008DC0500004E
:1021100061742B6170706B65793D3F7777772E6CBA
:10212000616E7665652E636F6D0000004C4F470051
:102130000A5B25735D00000043757272656E742042
:102140004150504B455920697320616C7265616440
:102150007920636F6E666967757265642C206E6F97
:10216000206E65656420746F20636F6E66696775A5
:10217000726500006F6B000010B5A8B00024342118
:102180001BA8FEF7B4F84448C07B4349897B424A08
:10219000527B414B1B7B0A930B920C910D903E4856
:1021A000C27A807A3C49497A3B4B1B7A0693099262
:1021B000079108903848C17982794079364B1B796C
:1021C00002930492059103903348C078324989788C
:1021D0000091019030484378C01FC2792F491BA855
:1021E00004F084FA34210EA8FEF781F82A48C17B56
:1021F000807B294A527B284B1B7B0A930B920D91C3
:102200000C902548C07A2449897A234A527A224B75
:102210001B7A06930792089109901F48C0791E49BE
:1022200089791D4A52791C4B1B79029303920491C0
:1022300005901948C078184989780091019016488E
:102240004378C01FC27916490EA804F04FFA0EAAAF
:10225000144915A0FFF722F9012809D11AA11BA0E2
:1022600002F0BAF81BA002F0B7F8002028B010BDA9
:102270000DE027A20B491BA8FFF710F9012800D198
:10228000F4E7601C84B27D20C00003F045FC032C01
:10229000EFDB0020EAE7000003140020E0E0000884
:1022A0007CE10008DC05000061742B617070736BC9
:1022B00065793D3F6162702C7777772E6C616E7621
:1022C00065652E636F6D00004C4F47000A5B2573F8
:1022D0005D00000043757272656E7420415050536A
:1022E0004B455920697320616C7265616479206384
:1022F0006F6E666967757265642C206E6F206E65FF
:10230000656420746F20636F6E666967757265001F
:102310006F6B000008B505A00068009004A2FF21C3
:10232000F5316846FFF7BAF8002008BD2B2B2B00CB
:102330000D0A00001CB514A103C9019100900024EE
:102340001EE013A213496846FFF7A8F8012811D12F
:1023500011A112A002F040F8124913A002F03CF8BB
:10236000FF211048FDF7C3FF00210E48FA30C1805D
:1023700001201CBD601C84B27D20C00003F0CCFB9A
:10238000032CDEDB0020F4E761742B6578697400B0
:102390000D0A0000DC0500004C4F47000A5B257366
:1023A0005D000000A60E00202573000030B585B04A
:1023B0000446002514216846FDF799FF23461CA218
:1023C0001421684604F076F91CA21D491DA0FFF7F0
:1023D00065F8012810D121461D48FDF793FF00281C
:1023E0000AD01CA11CA001F0F7FF21461CA001F09F
:1023F000F3FF002005B030BD16E026A21049684664
:10240000FFF74CF8012809D112A113A001F0E4FF55
:102410000F4909A001F0E0FF0120EBE7681C85B23D
:102420007D20C00003F078FB032DE6DB0020E1E710
:1024300061742B62616E643D257300000D0A00001B
:10244000DC05000061742B62616E643D3F0000009A
:10245000A60E00204C4F47000A5B25735D0000006C
:1024600043757272656E742062616E6420697320B8
:10247000616C72656164792025732C206E6F206E0B
:1024800065656420746F20636F6E66696775726539
:10249000000000006F6B000030B59BB005460024C3
:1024A00034210EA8FDF723FF342101A8FDF71FFFFB
:1024B00017A10EA804F01AF91AA21B491BA0FEF7D7
:1024C000EDFF012810D10FA902311A48FDF71AFFBC
:1024D000002809D018A119A001F07EFF19A001F071
:1024E0007BFF00201BB030BD0DE025A225490EA8C2
:1024F000FEF7D4FF012800D1F4E7601C84B27D20F0
:10250000C00003F009FB032CEFDB0020EAE700002A
:1025100061742B63683D75733931352C322C302C46
:10252000330000000D0A0000DC05000061742B631D
:10253000683D3F00A60E00204C4F47000A5B257304
:102540005D00000043757272656E742043484D4112
:10255000534B20697320616C726561647920636FED
:102560006E666967757265642C206E6F206E656596
:102570006420746F20636F6E666967757265000012
:102580006F6B0000C409000070B58CB004460026D3
:10259000142107A8FDF7ABFE002C01DB022C0ADD9D
:1025A00025A127A001F018FF214627A001F014FF64
:1025B00000200CB070BD2B4A1168506892680692DA
:1025C00004910590A00004A90D582A4626A107A849
:1025D00004F08CF827A108460DC8C968029301923F
:1025E000039100902B4627A20F21684604F062F861
:1025F0006A46284928A0FEF751FF012809D129A1E0
:102600000FA001F0E9FE294627A001F0E5FE002019
:10261000CFE70DE031A21F4907A8FEF73FFF0128D1
:1026200000D1C6E7701C86B27D20C00003F074FAAA
:10263000032EEFDB0020BCE74552524F5200000052
:102640000A5B25735D000000496E76616C69642049
:10265000636C61737320706172616D657465723A49
:102660002025640084C5000861742B636C6173735A
:102670003D25730061742B636C6173733D3F0D0DD9
:102680000A61000061742B636C6173733D3F0D0D33
:102690000A257300DC05000061742B636C617373A1
:1026A0003D3F00004C4F470043757272656E7420C9
:1026B000636C61737320697320616C726561647906
:1026C0002025732C206E6F206E65656420746F204A
:1026D000636F6E6669677572650000006F6B00005E
:1026E00010B594B00024342107A8FDF700FE142192
:1026F00002A8FDF7FCFD2048C0781F4989780091A9
:1027000001901D484378C01EC2781CA107A803F0A1
:10271000EDFF1948C0781849897800910190164852
:102720004378C01EC2781DA102A803F0DFFF02AAF1
:102730001F4920A0FEF7B2FE01280AD121A122A044
:1027400001F04AFE02A922A001F046FE002014B0CA
:1027500010BD0DE02BA2164907A8FEF79FFE012829
:1027600000D1F4E7601C84B27D20C00003F0D4F9EE
:10277000032CEFDB0020EAE7FF13002061742B64D9
:102780006576616464723D30782530327825303268
:1027900078253032782530327800000030782530C6
:1027A0003278253032782530327825303278000082
:1027B000DC05000061742B646576616464723D3FE2
:1027C000000000004C4F47000A5B25735D000000CD
:1027D00043757272656E74204445564144445220DC
:1027E000697320616C72656164792025732C206E99
:1027F0006F206E65656420746F20636F6E66696715
:10280000757265006F6B000070B596B004460025C8
:10281000142111A8FDF76BFD224620A111A803F099
:1028200065FF342104A8FDF762FD1FA104A803F091
:102830005DFF1FA21F4904A8FEF730FE01281AD130
:10284000002001900290039001AA1BA11E48FDF7F1
:1028500081FD01A8FDF7B5FE0646A6420AD11BA1DF
:102860001BA001F0B9FD21461BA001F0B5FD002021
:1028700016B070BD00BF0DE025A20E4911A8FEF7ED
:102880000DFE012800D1F3E7681C85B27D20C00051
:1028900003F042F9032DEFDB0020E9E761742B64BC
:1028A000723D25640000000061742B64723D3F009E
:1028B0000D0A0000DC05000061742B64723D3F0DC1
:1028C0000D0A25730D0A0000A60E00204C4F47008C
:1028D0000A5B25735D00000043757272656E74209B
:1028E00064617461207261746520697320616C7227
:1028F000656164792025642C206E6F206E656564A7
:1029000020746F20636F6E666967757265000000E2
:102910006F6B000070B586B004460026142101A834
:10292000FDF7E5FC002C01D016A000E016A005463E
:102930002A4616A101A803F0D9FE2A46164917A077
:10294000FEF7ACFD01280AD117A118A001F044FD43
:10295000294618A001F040FD002006B070BD0DE032
:1029600021A20D4901A8FEF799FD012800D1F4E745
:10297000701C86B27D20C00003F0CEF8032EEFDB82
:102980000020EAE76F6E00006F66660061742B66D8
:102990006363643D25730000DC05000061742B66F1
:1029A0006363643D3F0000004C4F47000A5B2573A2
:1029B0005D00000043757272656E742046434344A7
:1029C00020697320616C72656164792025732C2005
:1029D0006E6F206E65656420746F20636F6E66692C
:1029E00067757265000000006F6B000070B586B0FF
:1029F00004460026142101A8FDF779FC002C01D023
:102A00001AA000E01AA00546002C04D01AA101A8C3
:102A100003F06CFE04E02A461AA101A803F066FE4A
:102A20002A461C491CA0FEF739FD01280AD11DA128
:102A30001DA001F0D1FC29461DA001F0CDFC002015
:102A400006B070BD0DE028A2124901A8FEF726FDD0
:102A5000012800D1F4E7701C86B27D20C00003F08D
:102A60005BF8032EEFDB0020EAE7000061627000F4
:102A70006F7461610000000061742B6A6F696E3DC4
:102A80006162700061742B6A6F696E3D25732C3131
:102A900030000000DC05000061742B6A6F696E3D38
:102AA0003F0000004C4F47000A5B25735D000000AB
:102AB00043757272656E74206A6F696E206D6F6403
:102AC0006520697320616C72656164792025732CBF
:102AD000206E6F206E65656420746F20636F6E6674
:102AE00069677572650000006F6B000070B592B089
:102AF0000446002614210DA8FDF7F9FB002C01D097
:102B00001DA000E01DA005462A461EA10DA803F049
:102B1000EDFD34216846FDF7EAFB1EA1684603F08F
:102B2000E5FD2A461E496846FEF7B8FC012810D18B
:102B30001CA11E48FDF7E6FB00280AD01CA11DA021
:102B400001F04AFC29461D4801F046FC002012B065
:102B500070BD0DE01AA212490DA8FEF79FFC0128D6
:102B600000D1F4E7701C86B27D20C00002F0D4FFD3
:102B7000032EEFDB0020EAE7616270006F74616191
:102B80000000000061742B6A6F696E3D25732C3064
:102B90000000000061742B6A6F696E3D3F00000009
:102BA000DC0500006F7461612C300000A60E00206F
:102BB0004C4F47000A5B25735D0000004CE00008A5
:102BC0006F6B000010B5002418A2194919A0FEF778
:102BD00065FC01280ED11BA11B48FDF793FB0028C3
:102BE00008D01AA11AA001F0F7FB1BA001F0F4FB1A
:102BF000002010BD16E00DA20D4925A0FEF74EFCE9
:102C0000012809D111A112A001F0E6FB0E4924A070
:102C100001F0E2FB0120ECE7601C84B27D20C000E3
:102C200002F07AFF032CE6DB0020E2E70D0A000049
:102C3000DC05000061742B6A6F696E6164723D3F50
:102C4000000000006F666600A60E00204C4F470093
:102C50000A5B25735D00000043757272656E742017
:102C60004A6F696E41647220697320616C7265619C
:102C70006479204F46462C206E6F206E6565642077
:102C8000746F20636F6E666967757265000000007F
:102C900061742B6A6F696E6164723D6F66660000D5
:102CA0002573000010B5002411A2124912A0FEF7EE
:102CB000F5FB012808D113A113A001F08DFB14A08E
:102CC00001F08AFB002010BD0DE01EA209491EA0E4
:102CD000FEF7E4FB012800D1F5E7601C84B27D20FB
:102CE000C00002F019FF032CEFDB0020EBE700002F
:102CF0006D616300DC05000061742B6D6F64653DE0
:102D00003F0000004C4F47000A5B25735D00000048
:102D100043757272656E74206D6F646520697320EF
:102D2000616C7265616479204D41432C206E6F2087
:102D30006E65656420746F20636F6E666967757277
:102D4000650000006F6B000061742B6D6F64653D62
:102D50006D61630010B5A8B0002434211BA8FDF7F5
:102D6000C6FA4448C07B4349897B424A527B414B67
:102D70001B7B0A930B920C910D903E48C27A807A8D
:102D80003C49497A3B4B1B7A06930992079108907C
:102D90003848C17982794079364B1B790293049285
:102DA000059103903348C0783249897800910190A9
:102DB000304843781738C27D2F491BA803F096FC92
:102DC00034210EA8FDF793FA2A48C17B807B294A5B
:102DD000527B284B1B7B0A930B920D910C9025483C
:102DE000C07A2449897A234A527A224B1B7A069365
:102DF0000792089109901F48C0791E4989791D4A98
:102E000052791C4B1B790293039204910590194847
:102E1000C07818498978009101901648437817388E
:102E2000C27D16490EA803F061FC0EAA144915A034
:102E3000FEF734FB012809D11AA11BA001F0CCFA3E
:102E40001BA001F0C9FA002028B010BD0DE027A298
:102E50000B491BA8FEF722FB012800D1F4E7601CF8
:102E600084B27D20C00002F057FE032CEFDB00206F
:102E7000EAE700001314002090E000087CE100085D
:102E8000DC05000061742B6E776B736B65793D3FD9
:102E90006162702C7777772E6C616E7665652E6334
:102EA0006F6D00004C4F47000A5B25735D0000000A
:102EB00043757272656E74204E574B534B455920C3
:102EC000697320616C726561647920636F6E6669F5
:102ED00067757265642C206E6F206E656564207462
:102EE0006F20636F6E666967757265006F6B0000B7
:102EF00070B588B004460025142103A8FDF7F7F942
:102F000022461CA103A803F0F1FB1FA21F4920A029
:102F1000FEF7C4FA01281AD1002000900190029017
:102F20006A461FA12448FDF715FA6846FDF749FBDC
:102F30000646A6420AD121A121A001F04DFA214660
:102F400021A001F049FA002008B070BD00BF0DE0DB
:102F50002AA20E4903A8FEF7A1FA012800D1F3E73F
:102F6000681C85B27D20C00002F0D6FD032DEFDB8A
:102F70000020E9E761742B7472616E7366706F7282
:102F8000743D2564000000000D0A0000DC0500000F
:102F900061742B7472616E7366706F72743D3F0062
:102FA00061742B7472616E7366706F72743D3F0D45
:102FB0000D0A25730D0A0000A60E00204C4F470095
:102FC0000A5B25735D00000043757272656E7420A4
:102FD000706F727420697320616C7265616479200E
:102FE00025642C206E6F206E65656420746F2063ED
:102FF0006F6E666967757265000000006F6B000098
:1030000070B59CB004460D46002634210FA8FDF78C
:103010006EF92B4622461DA10FA803F067FB1FA2E5
:103020001F4920A0FEF73AFA01281CD13421684636
:10303000FDF75DF90DAB0EAA1DA12248FDF78AF937
:103040000E98A0420ED10D98A8420BD11EA11FA030
:1030500001F0C2F92A4621461E4801F0BDF90020C0
:103060001CB070BD00BF0DE01BA20D490FA8FEF7FC
:1030700015FA012800D1F3E7701C86B27D20C0004C
:1030800002F04AFD032EEFDB0020E9E761742B72AA
:1030900078323D25642C2564000000000D0A0000F4
:1030A000DC05000061742B7278323D3F00000000A7
:1030B00061742B7278323D3F0D0D0A25642C256416
:1030C0000D0A0000A60E00204C4F47000A5B257336
:1030D0005D00000008E000086F6B000030B595B09F
:1030E000002434221E4908A8FDF7E6F81C221DA181
:1030F00001A8FDF7E1F801A8FDF718F905462A46F1
:1031000001A908A8FDF7D8F81DA21E491EA0FEF7C8
:10311000C5F9012810D10AA903311E48FDF7F2F8BC
:10312000002809D01CA11DA001F056F91DA001F036
:1031300053F9002015B030BD0DE02AA2114908A8AE
:10314000FEF7ACF9012800D1F4E7601C84B27D20C1
:10315000C00002F0E1FC032CEFDB0020EAE70000F6
:10316000B0C5000861742B736C6565703D6C696750
:1031700068742C302C6C6576656C2C6C6F77000055
:103180000D0A0000DC05000061742B736C6565702E
:103190003D3F0000A60E00204C4F47000A5B257300
:1031A0005D00000043757272656E7420736C656516
:1031B00070206D6F646520697320616C7265616455
:1031C0007920636F6E666967757265642C206E6F17
:1031D000206E65656420746F20636F6E6669677525
:1031E000726500006F6B000010B588B0002006907B
:1031F000079018216846FDF77AF80520000701F0CE
:103200005FF9454801F05CF9444801F059F90120A3
:1032100001F00AFB022001F007FBFF21013105202C
:10322000000701F00FFA012109030520000701F052
:1032300009FAFF2001300090012001900020029047
:103240000390049069460520000701F07BF90120F6
:103250000003009069460520000701F073F9012082
:10326000C0030090002001900220049069462A4883
:1032700001F068F90120C0030090012001900020B6
:1032800002900390049069460520000701F05AF966
:103290000121C9030520000701F0D4F900200190A5
:1032A000022004908020009069461B4801F04AF9F2
:1032B00001211B481B4A03069B0DD258040C0F2307
:1032C000A3409A43040C0B46A3401A43154B040633
:1032D000A40D1A5100BF802002210F4AD268034674
:1032E00043435C001B199A43034643434B431A4331
:1032F000094BDA6000BF00211A46126803464343B7
:103300005C001B199A43034643434B431A43024B49
:103310001A6000BF08B010BD000400500008005043
:1033200001000C000800014000B58FB01C2108A866
:10333000FCF7DDFF182102A8FCF7D9FF012080036C
:103340002C49496B01432B4A51631146496B01409B
:10335000019100BF00BF012001F082FA012040026C
:103360000290022003900320049000200590069014
:103370000420079002A90520000701F0E3F80120CE
:103380008002029002200390032004900020059008
:10339000012006900420079002A90520000701F0F3
:1033A000D1F801211B2003F083FA1B2003F0FCF964
:1033B000E12040020890002009900A900B900C2018
:1033C0000C9000200D900E9008A90B4801F05CFFB6
:1033D000094801F022FF084801F029FF064801F0E2
:1033E0003FFF054801F028FF034801F013FF0FB02D
:1033F00000BD0000001002400038014000B58FB051
:103400001C2108A8FCF773FF182102A8FCF76FFF26
:10341000012040043349896B0143324A91631146CC
:10342000896B0140019100BF00BF012001F018FA33
:1034300004200290022003900320049000200590B5
:1034400006900420079002A90520000701F07AF8F1
:103450000820029002200390032004900020059091
:10346000012006900420079002A90520000701F022
:1034700069F801211C2003F01BFA1C2003F094F9C9
:10348000E12040020890002009900A900B900C2047
:103490000C9000200D900E9008A9134801F0F4FE46
:1034A000114801F0BAFE00BF0F48806801210903EE
:1034B00008430D49886000BF00BF08468068491472
:1034C00088430949886000BF084601F0B0FE0648FD
:1034D00001F0C6FE044801F0AFFE034801F09AFE79
:1034E0000FB000BD0010024000440040F8B5054692
:1034F0000E461746294608A000F06EFF002404E09F
:10350000315D0BA000F068FF641CBC42F8DB0AA030
:1035100000F062FFF8BD00000A2052656376205576
:103520006172742044617461205B25735D3A000010
:1035300020253032780000000A00000001B500218B
:1035400005E0042100BF0846491E0028FBD1009871
:10355000421E00920028F4D108BD000010B53B487F
:1035600000683B490968884203D93A48807A0528AF
:103570001EDB39480078C007C00F002818D0354836
:1035800000893C2148433249096840182F490860A6
:10359000304800890F2804D12E48807A052800DAA7
:1035A00010BD2C480079102188431030294908713A
:1035B00029480078C007C00F002845D027488088D8
:1035C000002841D12648007800282FD0FF21254827
:1035D000FCF78DFE78212448FCF789FE224C01225D
:1035E0002249234806F066F92048027821462048FF
:1035F00006F060F91A480078401EC0B218490870F9
:10360000002807D1052149021A48FCF770FE184826
:1036100006F0B0F918A119A000F0DEFE10480178FC
:1036200018A000F0D9FE06F079FC0DE009480079F9
:10363000C006C00F002807D0064800791021884333
:103640000449087100F028F800BFA9E71400002021
:1036500038000020340D0020DC130020A00E0020D4
:1036600010000020A00D0020C80A00201C0000202F
:10367000AC0A0020AC0000204C4F47000A5B2573C9
:103680005D0000004C777262204461746120436EDB
:10369000742025640000000070B5414D002478219D
:1036A0002846FCF724FE00203E49087029460120E8
:1036B00006F02EFE04462D193A48007800193949C3
:1036C000087029464D2006F023FE04462D19354882
:1036D000007800193349087029468B2006F018FE3F
:1036E00004462D192F48007800192E4908702946E4
:1036F000492006F00DFE04462D192A4800780019CD
:103700002849087029464A2006F002FE04462D1971
:103710002448007800192349087029464B2006F0F8
:10372000F7FD04462D191F48007800191D4908703F
:1037300029464C2006F0ECFD04462D191948007866
:103740000019184908702946862006F0E1FD044654
:103750002D1914480078001912490870124806F013
:103760002FF806460F480078401C864210DB0122E5
:103770000C490D4806F034F90A48027808490A480D
:1037800006F02EF909480078401C0849087006E048
:1037900007A109A000F020FE09A000F01DFE70BDE9
:1037A000C80A00201C000020AC0A002010000020E5
:1037B0004552524F520000000A5B25735D00000025
:1037C0004C77726220416C72656164792046756C39
:1037D0006C0000008020174949690140814201D1F5
:1037E000012100E00021002923D0802011494861F7
:1037F00000BF114800790007C00F00280CD00E4808
:103800000079082188430C49087108460079022193
:103810008843801C084908710748007904218843BF
:10382000001D0549087108468079032801DA032044
:103830008871704700040140340D002010B501F07C
:103840005FF801200749096881430143054A116077
:1038500000BF01F041F8002001F05CF801F032F8FF
:1038600030BF10BD0070004000BF0020C0430749BA
:10387000C86000BF00BF00BF0448C06840210840C6
:1038800080090028F7D00020704700000028004081
:1038900000B500BF8020C0430249C86000BF02F0ED
:1038A000F1FE00BD0028004000210A4A51610A498A
:1038B0004968012252021143074A51601146496882
:1038C00008221143044A51600021C209D20111604B
:1038D00070470000341400200020024070B50346F9
:1038E0001C46002004E0256886008D51241D401CE4
:1038F0009042F8DB70BD000010B50AA000F06CFD2E
:1039000018A000F069FD27A000F066FD0922102133
:1039100033A000F061FD00F085F8012140480172FC
:1039200010BD00000A2A2A2A2A2A2A2A2A2A2A2AF2
:103930002A2A2A2A2A2A2A2A2A2A2A2A2A2A2A2AE7
:103940002A2A2A2A2A2A2A2A2A2A2A2A2A2A2A2AD7
:103950002A2A2A2A2A2A2A2A2A2A2A2A2A2A2A2AC7
:103960002A0A00002A2A2A2A2A2A2A2A2A2A2A2A2B
:103970002A2A2A2A2A2A2A2A2A2A2A2A2A2A2A2AA7
:103980002A2A2A2A2A2A2A2A2A2A2A2A2A2A2A2A97
:103990002A2A2A2A2A2A2A2A2A2A2A2A2A2A2A2A87
:1039A0000A0000002A2A2A2A2A2A2A2A2A2A2A2A15
:1039B0002A2A2A20484B54203A20536D61727420E1
:1039C00052756D656E20426F6C7573202A2A2A2A03
:1039D0002A2A2A2A2A2A2A2A2A2A2A0A000000000F
:1039E0002A2A2A2A2A2A2A2A20484152445741525E
:1039F000455F5645523A20307825303278202C5396
:103A00004F4654574152455F5645523A203078252B
:103A1000303278202A2A2A2A2A2A2A2A0A00000052
:103A20001C14002038B5104C012269462046FFF7CF
:103A300055FF0E4900980881084600892D2149014B
:103A4000884203DC094800890A2802DA0F20074966
:103A5000088107A108A000F0BFFC0448018908A064
:103A600000F0BAFC38BD000000F40008340D00205E
:103A7000464C4153480000000A5B25735D0000007E
:103A80005265616420466C617368204465766963A1
:103A900065205265706F727420496E74657276612C
:103AA0006C3A2025646D696E0000000000203949E1
:103AB0008969FF2201321140914208D13649496992
:103AC00002221143344A5161FF2101310843314937
:103AD0008969012252021140914208D12E49496957
:103AE000012211432C4A516101214902084329490D
:103AF0008969012292021140914208D126494969FF
:103B000008221143244A51610121890208432149B5
:103B100089690122D2021140914208D11E494969A6
:103B2000042211431C4A51610121C9020843194969
:103B30008969012252031140914208D1164949690D
:103B400010221143144A51610121490308431149CC
:103B50008969012252041140914207D10E494969F5
:103B6000202211430C4A51612021084309498969E7
:103B7000012212041140914208D1074949694022AB
:103B80001143054A51610121090408430149886133
:103B900070470000002002403414002070B5044635
:103BA00005F056FD05460BE0601C002808D0002CEF
:103BB00004D005F04DFD401BA04201D9032070BD8B
:103BC0001F488069C007C00F0028EDD11C488069DC
:103BD00002210840022801D11949886118488069EA
:103BE000FF2101310840884223D0154880694900EF
:103BF000084088421DD01248806949000840884228
:103C000017D00F48806949000840884211D00C48FD
:103C100080698900084088420BD009488069090101
:103C20000840884205D0064880694910084088420B
:103C300003D1FFF73BFF0120C1E70020BFE70000F1
:103C400000200240F7B582B007460D4600200190E3
:103C50003E46002413E0A0002A583146022000F01E
:103C60008DF801900198002804D13068A1006958AE
:103C7000884202D0012005B0F0BD361D641C0498B6
:103C80008442E8DB0020F6E730B585B000250E4C15
:103C90000E480089049000F099F8002000900194EB
:103CA0000120029000BF03A9684600F011F8002827
:103CB000F9D1012204A92046FFF7C4FF054600F010
:103CC0004DF8284605B030BD00F40008340D002042
:103CD000F8B504460E460127002500BF1C48007CAD
:103CE000012801D10220F8BD01201949087400BF44
:103CF0001848FFF753FF0746002F22D1401E3060BF
:103D0000656817E02846FFF7CFFD1248FFF746FF2A
:103D1000074611484068082188430F494860084613
:103D20004068491588430C494860002F01D0356030
:103D300006E08035A068C00161684018A842E1D85B
:103D400000BF00BF00200249087400BF3846CAE720
:103D50003414002050C30000002002400648406890
:103D6000022108430449486008464068012108438D
:103D7000014948600020704700200240F8B507461E
:103D80000C461546012600BF0E48007C012801D1D3
:103D90000220F8BD01200B49087400BF0A48FFF754
:103DA000FDFE0646002E06D10649486125600648FC
:103DB000FFF7F4FE064600BF00200249087400BF6A
:103DC0003046E6E73414002050C300001D48406828
:103DD000C007C00F002816D000BFEFF310800146C7
:103DE00000BF72B61848174AD0601848D06000BFAC
:103DF00081F3108800BF10464068C007C00F00283C
:103E000001D0012070470F4840680222104002286C
:103E100015D100BFEFF31080014672B60C48094A75
:103E200010610C481061084680F3108800BF1046EE
:103E3000406802221040022801D10120E2E7002060
:103E4000E0E7000000200240EFCDAB89050403024B
:103E5000BFAE9D8C1615141300B587B000BF254862
:103E60000068400840002349086000BF0120400569
:103E70002149896B8143204A916300BF182101A821
:103E8000FCF735FA022000F0DDFC1C4800F018FBBE
:103E9000FF200130019001200290032003900020B8
:103EA0000490059001A9154800F04CFB0120400248
:103EB000019001A9114800F045FB012149020F487A
:103EC00000F0BCFBFF2101310C4800F0B7FB0420DF
:103ED000FFF734FBFF210131084800F0B5FB012159
:103EE0004902064800F0B0FB0420FFF727FB07B0AB
:103EF00000BD0000005400400010024000040050CB
:103F000000B58FB0FFF7A8FF1C2108A8FCF7EFF958
:103F1000182102A8FCF7EBF9022000F093FCFF2027
:103F200001300290022003900320049001200590AC
:103F300006900420079002A92F4800F003FB0120FF
:103F4000400202900220039003200490012005907B
:103F500006900420079002A9274800F0F3FA0120F8
:103F600040052649896B0143244A91631146896BB8
:103F70000140019100BF00BF00BF214840680121FE
:103F8000490608431E49486000BF00BF0846C06894
:103F9000C91388431A49C86000BF00BF08460068BB
:103FA0000121C90488431649086000BF00BF0846C4
:103FB00000680121490488431149086000BF0020BE
:103FC0000890E120C000099000200A900B900C900E
:103FD0000D900E9008A90A4800F096FB00210846B3
:103FE000074AD268074B1A400B4603431A43044B57
:103FF000DA6000BF0FB000BD0004005000100240A6
:104000000054004001F8FFFFFFB583B005460F469E
:1040100016460024002002900EE0641C3F488442B3
:104020000AD93FA140A000F0D7F9414941A000F0D2
:10403000D3F9012007B0F0BD424800F0AEFB0028E4
:10404000EBD1404800F0DBFB002802D13D4800F0F6
:104050000DFB3D480021009101906900334600228C
:10406000384800F00DFB00240DE0641C2B4884420E
:1040700009D92BA12CA000F0AFF92D492DA000F0FB
:10408000ABF90120D6E72F4800F0ADFB0028ECD0BB
:104090003146384600F038F900240DE0641C1F4812
:1040A000844209D91EA120A000F096F9204921A040
:1040B00000F092F90120BDE700BF2248806940214D
:1040C000084080090028E9D02048C90400910190E7
:1040D0006800411C00221B480C9B00F0D1FA0C998F
:1040E000069800F0D5F800240DE0641C0B488442CB
:1040F00009D90BA10CA000F06FF90D490DA000F03B
:104100006BF9012096E70F4800F061FB0028ECD026
:104110000C4800F0A1FA00208CE7000010270000F6
:104120004552524F520000000A5B25735D000000AB
:10413000B7AC00082573204932435F54494D454FC1
:1041400055540000005400400020008000240080EE
:10415000FFB583B005460F461646002400200290A6
:104160000EE0641C3E4884420AD93EA13FA000F004
:1041700033F9404940A000F02FF9012007B0F0BD0D
:10418000414800F00AFB0028EBD13F4800F037FB24
:10419000002802D13C4800F069FA3C48C102009175
:1041A0000190690033460022374800F069FA002484
:1041B0000DE0641C2A48844209D92AA12BA000F0F2
:1041C0000BF92C492CA000F007F90120D6E72E4866
:1041D00000F009FB0028ECD03146384600F094F896
:1041E00000240DE0641C1E48844209D91DA11FA0B3
:1041F00000F0F2F81F4920A000F0EEF80120BDE722
:1042000000BF2148806980210840C0090028E9D00A
:104210000020890400910190690002461A480C9B15
:1042200000F02EFA0C99069800F09AF800240DE0A0
:10423000641C0B48844209D90AA10CA000F0CCF8F8
:104240000C490DA000F0C8F8012097E70E4800F0D7
:10425000BEFA0028ECD00C4800F0FEF900208DE7F3
:10426000102700004552524F520000000A5B257390
:104270005D000000A6AC00082573204932435F545E
:10428000494D454F55540000005400400020008027
:10429000F8B505460E46002700241BE000270DE078
:1042A0007F1C0E48874209D90DA10FA000F094F899
:1042B0000F4910A000F090F80120F8BD114800F05F
:1042C0007AFA0028ECD000BF0E48406AC0B22855E8
:1042D000601CC4B2B442E1D30020EEE71027000016
:1042E0004552524F520000000A5B25735D000000EA
:1042F00090AC00082573204932435F54494D454F27
:104300005554000000540040F8B504460D46002600
:10431000E7B2FF200002204000120090012D04D1DE
:1043200039460D4800F07BFA14E00B48009900F084
:1043300076FA002605E0761C0848864201D901205D
:10434000F8BD054800F04FFA0028F4D0394602487D
:1043500000F065FA00BFF3E70054004010270000AA
:10436000F8B505460E46002700241AE000270DE0A8
:104370007F1C0E48874209D90DA10FA000F02CF830
:104380000F4910A000F028F80120F8BD114800F0F6
:104390002AFA0028ECD0295D0E4800F040FA601C93
:1043A000C4B2B442E2D30020EFE7000010270000BF
:1043B0004552524F520000000A5B25735D00000019
:1043C00079AC00082573204932435F54494D454F6D
:1043D00055540000005400400FB438B5049800282C
:1043E00004D00498FBF7A2FF002803D138BC08BC16
:1043F00004B0184705A80090FF21F5310748009B3D
:10440000049A02F087F9054600200090034CA9B2F7
:10441000204602F01FF900BFE8E70000B4110020B9
:1044200070B504460D460026204600F019F8002815
:1044300010D1A96868680843E9680843E168074A39
:1044400011400843E0602069800080082968084323
:10445000206100E00126304670BD0000C73FFFFF2D
:1044600001468868C007C00F012250405040704785
:1044700070B505460C4600262846FFF7F1FF0028D8
:104480000ED1616820680843A1680843E1680843C9
:1044900021690843E968044A11400843E86000E0E4
:1044A0000126304670BD00003CC2FEFF034909688A
:1044B000490849000143014A116070470020024049
:1044C00070B50446002505200007844206D101206E
:1044D00000F0D4F9012000F0D9F928E01548844211
:1044E00006D1022000F0CAF9022000F0CFF91EE048
:1044F0001148844206D1042000F0C0F9042000F0E5
:10450000C5F914E00D48844206D1082000F0B6F940
:10451000082000F0BBF90AE00948844206D1802057
:1045200000F0ACF9802000F0B1F900E00125284648
:1045300070BD00000004005000080050000C005046
:10454000001C0050F0B502460B46002600216CE02E
:104550000124B440186820400146002964D05868FE
:10456000012802D05868022816D1986894680D4630
:104570004D436F00ED19AC430D464D4345432C436D
:10458000946000BFDC681868556885430746674338
:104590003D43556000BF00BF1869D4680D464D43C8
:1045A0006F00ED19AC430D464D4345432C43D46099
:1045B00000BF5868022829D1FF2911D85869146A08
:1045C0000D464D434D434D432F017D1BAC430D46DE
:1045D0004D434D434D4345432C43146200BF15E00A
:1045E0005F69080A40430C0A60430C0A60430401F7
:1045F000241A506AA0430C0A64430D0A6C430D0A46
:104600006C437C432043506200BF00BF586814686D
:104610000D464D436F00ED19AC430D464D434543E8
:104620002C43146000BF00BF761C1868F0400028BF
:104630008ED1F0BD024650690840704781627047D4
:10464000816170478161704781617047002A01D0A4
:10465000816100E081627047C16920221143C1611C
:104660007047C16920221143C1617047016801226E
:1046700011430160704701680122114301607047D6
:10468000F0B5069C4668650D0127BF023D400B4F03
:104690003D4301277F03ED197F003D43BF02ED1924
:1046A000074F3D43AE430D4615431F043D43059F51
:1046B0003D4325432E434660F0BD0000FF0B000044
:1046C0000010FF02F0B5069C4668650D0127BF0289
:1046D0003D400B4F3D4301277F03ED197F003D43D4
:1046E000BF02ED19074F3D43AE430D4615431F046E
:1046F0003D43059F3D4325432E434660F0BD0000EA
:10470000FF0B00000010FF0230B5024600BF10682A
:1047100040084000106000BFCB68886814681F25FF
:104720002D02AC431D0205432C43146000BF4868B2
:10473000106100BF00BF106801231843106000BF64
:1047400000BF9068DB039843906000BF8B690869E5
:104750009468E40AE40205461D432C43946000BFBC
:104760000869002807D000BF90680123DB031843C5
:10477000906000BF00BF0868136803242405A343AA
:104780000343136000BF486953680124E403A34353
:104790000343536000BF002030BD014688690122F9
:1047A000D2031040C00B7047014688690122D20332
:1047B0001040C00B704701468869042210408008F1
:1047C00070470146886904221040800870470146FE
:1047D00088692022104040097047014688692022DC
:1047E0001040400970470146886902221040400885
:1047F0007047014688690222104040087047014610
:104800000868C007C00F0122504050407047014661
:104810000868C007C00F01225040504070478162B5
:10482000704781627047000008B50549C96A0143B5
:10483000034AD1621146C96A0140009100BF08BD18
:104840000010024008B50549C96A0143034AD16214
:104850001146C96A0140009100BF08BD0010024026
:1048600008B50549C96A0143034AD1621146C96ABC
:104870000140009100BF08BD001002400249C96913
:104880000143014AD1617047001002400249C969E1
:104890008143014AD16170470010024070B504465F
:1048A0007D25ED0029462046FBF724FC401E0449E7
:1048B0004861002088610520086100BF70BD0000CC
:1048C00000E000E003480069042108430149086151
:1048D0007047000000ED00E0034800680421084331
:1048E00001490860704700000070004003480068FC
:1048F000FF21013108430149086070470070004002
:1049000003480068012149020843014908607047D3
:104910000070004003490968022291430143014AA3
:104920001160704700700040044909680322D202F8
:1049300091430143014A116070470000007000403C
:1049400002480069032109040840704740100240F2
:104950000248C0680C210840704700000010024067
:10496000F8B504460025032C2FD1204600F066F848
:104970002104401A1ED0012804D0022806D00328A2
:1049800017D10FE001F07CF905461DE000F072F848
:10499000002806D000F082F8002801D0254D00E064
:1049A000254D11E000F082F8002801D00125ED032B
:1049B0000AE000BF01F064F9074601F02BF9064652
:1049C00001F04CF9054600BF00BF0C2C2FD120464A
:1049D00000F034F82104401A1ED0042804D008281E
:1049E00006D00C2817D10FE001F04AF905461DE06A
:1049F00000F040F8002806D000F050F8002801D060
:104A00000C4D00E00C4D11E000F050F8002801D0F2
:104A10000125ED030AE000BF01F032F9074601F07D
:104A2000F9F8064601F008F9054600BF00BF284620
:104A3000F8BD000000093D000024F40001460348D1
:104A4000C06808400A04104370470000401002404C
:104A500003480068012108430149086070470000CD
:104A60000010024002480068042108408008704796
:104A70000010024002480068042108408008704786
:104A800000100240044949681F22120291430202A9
:104A90001143014A5160704700100240024800680B
:104AA00010210840000970470010024003480069C7
:104AB000012149020840400A7047000040100240AE
:104AC000024840680721490308407047001002402F
:104AD0000349C968F02291430143014AD1607047FC
:104AE000001002400449C9680722120291430143A1
:104AF000014AD16070470000001002400449C968B3
:104B00000722D20291430143014AD160704700005D
:104B1000001002400449C9680122D20391430143B5
:104B2000014AD16070470000001002400649C96880
:104B30000209FF231B031A40914302011A4011434B
:104B4000014AD16070470000401002400449C96822
:104B50000322920291430143014AD1607047000051
:104B6000401002400349C968890889000143014A8D
:104B7000D1607047001002400449C968020C91439B
:104B800082B21143014AD1607047000040100240D8
:104B9000F8B5069CF02515402D041607360B354355
:104BA0000D43F0261E4036021F073F0D3E4335439E
:104BB000F026264027073F0F3E4335430095C56941
:104BC000024E3540009E3543C561F8BD808080FFB0
:104BD0008168FF220132914381607047F0B585B052
:104BE00005460E461446002E0DD1284600F0DCF98D
:104BF000002800D002E00020206000BFE06800280C
:104C000000D10EE00DE0284600F0CEF9002800D0DB
:104C100002E00020206000BFE068002800D100E032
:104C200000BF284600F08BF9E06800281ED100BFC5
:104C3000E869012189078843E86100BF002E04D09C
:104C4000217C284600F06AF821E0207C0A21FBF74D
:104C500051FA0701207C0A21FBF74CFA0F43F8B206
:104C600001460390284600F059F810E000BFE869BB
:104C7000012189070843E86100BF207CE9690F2210
:104C80001206914302061143E96100BF00BF002EE6
:104C900008D0A07900906379227928462168FFF72F
:104CA00077FF2BE0A0790A21FBF724FA0701A0790E
:104CB0000A21FBF71FFA0F43F8B2039060790A212B
:104CC000FBF718FA070160790A21FBF713FA0F4383
:104CD000F8B2029020790A21FBF70CFA070120793B
:104CE0000A21FBF707FA0F43F8B2019003980090EE
:104CF00021682846029B019AFFF74AFFA068E969EC
:104D0000054A11400143E96100BF284600F01FF940
:104D1000002005B0F0BD00007F7F7F7F10B5F0223E
:104D20000A4012060B071B091A43C3693F242406D5
:104D3000A3431A43C26110BDC16880221140024AD8
:104D40001143C160704700007FFEFFFFF8B5069C6D
:104D5000F02525402D042607360B35434E033543F9
:104D6000F0261E4036021F073F0D3E433543F02616
:104D7000164017073F0F3E43354300954568034EE5
:104D80003540009E35434560F8BD0000C00000FF7F
:104D9000014648688206920E30201040000900014A
:104DA00013071B0F18437047014648681F231B0257
:104DB00018400246012000031040000B00010F23A1
:104DC0001B0213401B0A184370470146486807221C
:104DD00052031040400B704701464868FF231B04F4
:104DE000184002460F2000051040000D00010F235F
:104DF0001B0413401B0C18437047F7B584B00D46D5
:104E0000144601200390002D09D16078102108403C
:104E1000102804D16078EF2108400A306070002D1E
:104E200000D100E000BF049800F089F8049800F079
:104E300091F8012843D0002D08D0E07800906378E5
:104E4000A27821780498FFF781FF29E0E0780A2111
:104E5000FBF750F90701E0780A21FBF74BF90F4304
:104E6000FEB260780A21FBF745F9070160780A2154
:104E7000FBF740F90F43F8B20290A0780A21FBF744
:104E800039F90701A0780A21FBF734F90F43F8B28A
:104E90000096019021780246029B0498FFF756FF86
:104EA000049800F043F8049800F08FF8002804D12B
:104EB000049800F01FF9039001E00020039004988B
:104EC00000F045F8039807B0F0BD000070B5044647
:104ED0000125204600F033F8204600F03BF8012879
:104EE00019D0002020600E4860610E486060A06804
:104EF0004007400FA0600C4820610020E061206264
:104F0000E062E0636064A064E0602064E0642046E6
:104F100000F0F0F80546204600F019F8284670BD6C
:104F2000FFFF000001210000FF007F008021C94336
:104F3000C1607047CA214162532141627047CA2152
:104F40004162532141627047FF2141627047FF2156
:104F500041627047F8B505467D20C00000900026EC
:104F6000284600F026F800281CD100BF401EE8604B
:104F700000BF284600F01DF804460EE000F002F9DC
:104F8000012802D10098401E0090284600F011F838
:104F900004460098002800D101260098002801D07E
:104FA000012CEBD13046F8BD014688684022104004
:104FB00070470146C868402210408009704701468A
:104FC000C8682022104040097047014688682022A6
:104FD0001040400970470000F8B5069CF0251540C8
:104FE0002D041607360B35430D43F0261E403602BE
:104FF0001F073F0D3E433543F026264027073F0F4E
:105000003E43354300950568024E3540009E3543CA
:105010000560F8BD808080FFF7B584B00D4614466A
:1050200001200390002D09D10498FFF7BDFF00284F
:1050300000D002E00020206000BF09E00498FFF7E4
:10504000B3FF002800D002E00020206000BF00BFB6
:105050000498FFF774FF0498FFF77CFF012843D002
:10506000002D08D0A07900906379227921680498F6
:10507000FFF7B2FF29E0A0790A21FBF73BF807010F
:10508000A0790A21FBF736F80F43FEB260790A21B6
:10509000FBF730F8070160790A21FBF72BF80F4383
:1050A000F8B2029020790A21FBF724F80701207951
:1050B0000A21FBF71FF80F43F8B200960190216810
:1050C0000246029B0498FFF787FF0498FFF72EFF24
:1050D0000498FFF77AFF002804D1049800F00AF83A
:1050E000039001E0002003900498FFF730FF03983D
:1050F00007B0F0BDF8B504467D20C0000090002543
:1051000000BFE06880210840A021C9430843E06057
:1051100000BF2046FFF753FF06460EE000F032F8CE
:10512000012802D10098401E00902046FFF747FF5B
:1051300006460098002800D101250098002801D0DB
:10514000002EEBD1012D1BD07D20C0000090204609
:10515000FFF735FF06460EE000F014F8012802D1F3
:105160000098401E00902046FFF729FF0646009851
:10517000002800D101250098002801D0012EEBD194
:105180002846F8BD03480069012109040840000CC5
:105190007047000000E000E001490860704700002F
:1051A0004C00002010B5024613680120800782429F
:1051B00005D01648824202D01548824205D11846D1
:1051C0007024A0434C68204303460120800782429C
:1051D00005D00E48824202D00D48824206D11846C0
:1051E00003242402A043CC6820430346136088684C
:1051F000D06200BF0888906200BF00BF50690124E0
:105200002043506100BF002010BD00000008014095
:105210000014014001210162704741680922D20255
:105220009143416081682A229143816070470168FF
:10523000012211430160704770B5044600BF00BFF2
:10524000EFF310800546012001F081FB2068FF216B
:10525000013108432060284601F079FB00BF70BD92
:1052600070B5044600BF00BFEFF310800546012073
:1052700001F06DFB2068202108432060284601F0E2
:1052800066FB00BF70BD0000F0B585B004460D465A
:105290000120049000200390204600F07BF80028B5
:1052A00058D1E9686868084329690843A96908432F
:1052B00021682A4A114008432060A86861680322D7
:1052C000120391430143616000BF6869A168121134
:1052D00091430143A16000BF2148844204D10320CF
:1052E000FFF73EFB039006E01E48844203D10C20EA
:1052F000FFF736FB0390039800282BD0286800287E
:1053000028D000200490039FA86902902E680121F4
:10531000C9030298884214D179007208881831466E
:10532000FAF7E8FE80B201900F490198084000901A
:1053300001980007400F0099084300900098E06032
:1053400006E07108C8193146FAF7D4FE80B2E06071
:1053500000BF00BF049805B0F0BD0000F369FFEF87
:105360000038014000440040F0FF00000146C869D9
:10537000C007C00F01225040504070470146C86925
:1053800020221040400970470146C8694022104061
:105390008009704701460868C007C00F01225040CD
:1053A000504070478162704710B50D480088002852
:1053B00014D00B480088401E094908800120C00312
:1053C00005210907886200BF05480088002805D12B
:1053D0000121C90305200007FFF732F910BD0000C5
:1053E0002400002030B593B0D3A207CA10AB07C386
:1053F000D4A103C90F910E90012005F04BF804F0E1
:105400006FFD142000F088FBFF20F53000F084FBD6
:10541000FCF780FFFCF7D2F9002817D100BF00BFCE
:1054200000BF00BF00BFBFF34F8F00BF00BF00BF72
:10543000C648C749C86000BF00BF00BFBFF34F8F59
:1054400000BF00BF00BF00BF00BFFDE7FCF7F8FCD6
:105450001022C049C048FAF72FFF0822BF49BE48B2
:105460000838FAF729FF0422BD49BB481030FAF783
:1054700023FF1022BB49B8481430FAF71DFF102251
:10548000B949B5482430FAF717FF0422B2490C395C
:1054900008461C30FAF710FF0120FDF7A7FAFCF7C9
:1054A00093FDFDF71DF9FCF767FEFDF753FC0020A7
:1054B000FCF720FDADA0FCF779FFAE490820FDF711
:1054C0009FFDAD48FCF7E8FF0320FDF79DF90020A4
:1054D000FCF710FDFDF776FB0020FDF755F80A20DC
:1054E000FDF706FDFDF7FAFD0120FDF713FAFDF7C4
:1054F000D9FBFCF7D7FCA14800F00EFBFCF70AFF34
:10550000FCF700F9FCF7CCF8FCF738FBFCF7C8F91E
:10551000FCF796F8FCF798FBFCF760FCFCF722FA26
:10552000FCF7C4FBFCF75AF8FCF7C2FAFCF7F0FBF7
:10553000FCF7F0FAFCF71EFCFCF7E2F9FCF752FB73
:10554000142000F0E9FA002004F0A4FF8CA20A2144
:1055500010A801F0AFF88CA205210EA801F0AAF85E
:105560008AA0FEF739FF00F00BFB044693A0807978
:1055700030380A21484391A1C97940180146303991
:105580008EA0C07830380A2250438CA2127980183D
:105590000246303A89A0007830380A23584387A35E
:1055A0005B78C0180346303B87A00079202801D1E2
:1055B000002002E084A0007930380A25684382A5E3
:1055C0006D79303D401905930692079104907EA0B5
:1055D000C07930380A2148437BA1097A4018303815
:1055E0000A21484378A1497A303940180A214843B2
:1055F00075A1897A3039401876A10EAA10AB0394B0
:105600000092019102900922102173A0FEF7E4FE9E
:1056100051481338817A407A4F4A133A127A4E4BE6
:10562000133BDB7901930292049103904A481338AB
:10563000807900904848133843790279C17874A082
:10564000FEF7CAFE44481030C0780090424810303F
:1056500083784278C01EC17878A0FEF7BDFE3E4830
:105660001430C27B807B3C491431497B3A4B143364
:105670001B7B09930C920A910B9037481430C17A26
:10568000827A407A344B14331B7A0593079208913F
:10569000069031481430C27980792F491431497904
:1056A0002D4B14331B7901930492029103902A48E5
:1056B0001430C07800902848143083784278C01F96
:1056C000C1796648FEF788FE23482430C17B827B7F
:1056D000407B214B24331B7B09930B920C910A9046
:1056E0001D482430C17A827A407A1B4B24331B7ABE
:1056F000059307920891069017482430C0791649FF
:1057000024318A794979144B24331B79019303920C
:105710000291049010482430C07800900E48243044
:10572000837842781738C17D4D48FEF755FE17A0A3
:10573000FEF752FE13B030BD41533932335F41534F
:10574000320000004F544141000000000400FA05FF
:1057500000ED00E05C000020EF130020540000206A
:105760006C0000207000002080000020757339312B
:1057700035000000A0700837606BE035B80B000002
:105780005553393135000000414250000D0A2A2A94
:105790002A2A2A2A2A2A2A2A2A2A2A2A2A2A2A2A69
:1057A0002A2A2A2A2A2A2A2A2A2A2A2A2A2A2A2A59
:1057B0002A2A2A2A2A2A0D0A0000000032303A3406
:1057C000363A3035000000004D617220203320321F
:1057D00030323600410000000D0A536F6674566582
:1057E000723A5625642E25645F25735F25735F43E7
:1057F0006C61737325735F4F435F25642E25642EA0
:1058000025645F25643A25643A25640D0A0000008A
:105810000D0A4465764575693A253032782530326F
:10582000782530327825303278253032782530327C
:105830007825303278253032780D0A000D0A44651B
:1058400076416464723A25303278253032782530DA
:105850003278253032780D0A0000000010E200088E
:10586000C0E1000810B503F0F3FE814909688842E1
:1058700000D210BD03F0ECFE7D21C90040187C4928
:1058800008607C48007A030000F073FF05041D3AAD
:105890006C8FED007848006878490968884211D813
:1058A0007448007A00280DD17248C079022809D1C5
:1058B000012170480172724880793C2802DA3C204C
:1058C0006F498871D0E06B4840380078400840004C
:1058D000684940390870012004F0DCFDFCF71AFD2E
:1058E0000120FDF783F867A000F01CF9142000F0F8
:1058F00013F900206649088002215E480172B3E076
:10590000FCF7A0F8002805D003215A480172FCF7E3
:1059100011FD26E05E480088401C5D4908805DA1BD
:105920005DA0FEF759FD5A4801885DA0FEF754FDC1
:1059300057480088782814DB00205549088060A16A
:1059400055A0FEF749FD60A0FEF746FD022149483B
:10595000C171042101720320494988710120FDF7BA
:10596000C5F881E043484038007840084000401CBA
:1059700040494039087000205B490870444908805C
:1059800000213C480172C17103203D4988710846DD
:10599000007910218843103039490871534954481F
:1059A0008180002004F076FD5EE003203449887198
:1059B0000021304801720221C1712F4800682F492F
:1059C000096888424BD848480078401C464908700E
:1059D00008460078052801DD052008704248007857
:1059E000030000F0C6FE062B040C141C242B2348D5
:1059F0000068E121C90040181F49086025E01F48E0
:105A00000068E121090140181B4908601DE01B489E
:105A10000068E121490140181749086015E017485E
:105A20000068E121C9014018134908600DE01348DE
:105A30000068304940181049086006E00F480068C7
:105A40002C4940180C49086000BF00BF11A112A0EA
:105A5000FEF7C2FC0848016827A0FEF7BDFC002045
:105A600004F018FD00E000BF00BF00BF01E7000028
:105A7000A00000201C1400209C0000203800002002
:105A8000340D002061742B6A6F696E0D00000000F8
:105A9000A40000204C4F47000A5B25735D00000006
:105AA0004C6F526157414E205761697420456E74A6
:105AB000657220496E204E65742025640000000048
:105AC0005741524E000000004C6F526157414E202A
:105AD000456E74657220496E204E65742054696D60
:105AE000656F757421000000980000207017000099
:105AF000A00E002080510100557064617465205231
:105B000065636F6E6E6563742054696D657374614F
:105B10006D703A20256C640010B50446A0B203F005
:105B2000BFFF10BD70B504462046FAF7FFFB85B2F3
:105B30002946204600F002F870BD0000F8B5044682
:105B40000D46002627460CE03046721C96B2395CA2
:105B50000948FFF727FC00BF0748FFF715FC00289E
:105B6000FAD0AE42F0DB05488079032802DA032040
:105B700002498871F8BD000000380140340D002052
:105B80001FA1897870292ED00CDC672929D004DC6C
:105B9000622918D063292ED12BE06C291FD06E29E1
:105BA00029D108E0722910D074291ED076291ED080
:105BB000792920D111E012A14978612901D1012070
:105BC00000E0062019E0022017E00DA149786129C4
:105BD00001D1032000E004200FE005200DE00720A4
:105BE0000BE0082009E0092007E00A2005E00B206F
:105BF00003E00C2001E0002000BF00BF7047000060
:105C00004D617220203320323032360000BFFEE773
:105C100070470000014600BF0548C068F0221040F0
:105C200010400009034A125C0846D040704700004B
:105C3000001002403FC50008014600BF0548C0688B
:105C4000072212021040000A034A125C0846D040A4
:105C500070470000001002404FC50008014600BF19
:105C60000548C0680722D2021040C00A034A125CED
:105C70000846D04070470000001002404FC50008A1
:105C800010B500BF1648C0680C210840002806D097
:105C900004280CD0082812D00C2816D111E0FEF7E9
:105CA0000FFF400B401C01218140CC0315E0FEF7A3
:105CB000F5FE002801D00B4C00E00B4C0DE00B4C26
:105CC0000BE000F015F8044607E0FEF7F9FE400B84
:105CD000401C01218140CC0300BF00BF204610BD05
:105CE0000010024000093D000024F40000127A0078
:105CF000F8B500BF1448C0680121090408400546F2
:105D0000002D07D1FEF7CAFE002801D00F4C00E09D
:105D10000F4C01E00F4C00BF00BF00BF0A48C06835
:105D2000032189050840800D461C0748C0680F21E3
:105D300089040840800C0849085C604307463146E6
:105D4000FAF7D8F9F8BD00000010024000093D0044
:105D50000024F40000127A0057C5000830B58BB05B
:105D600004464748FFF7E6F84548FEF731FF00BF15
:105D7000434880680121090388434149886000BF86
:105D80000846FFF7E1F8002006900A21A068FAF71C
:105D9000B1F905010A21A068FAF7ACF90D4368468C
:105DA00005770A216068FAF7A5F905010A216068FC
:105DB000FAF7A0F90D43684645770A212068FAF7FB
:105DC00099F905010A212068FAF794F90D4368460C
:105DD00085770120C007089006AA01212848FEF710
:105DE000FDFE2748FFF7A6F800BF25488068FF2181
:105DF000013108432249886000BF0846FEF79CFF36
:105E000000BF1F4880680121090308431C498860BE
:105E100000BF012040041B4909680143194A116071
:105E200000BF00BF114689680143916000BF0F2188
:105E3000022000F001FD022000F0AAFC1048FFF74C
:105E400083F811A111A0FEF7C7FA124800681149A2
:105E50004968104A92680F4BDB68029303920491E1
:105E600005900C480069401C0A494969009101905D
:105E7000094823686268A168FEF7AEFA0BB030BD2E
:105E800000280040000401404C4F47000A5B257386
:105E90005D000000740D0020B0DF000810B500BFE9
:105EA00014488068012109030840000B00281AD01B
:105EB00000BF1048C06809110840000A002812D02D
:105EC0000D48007940084000401C0B490871094802
:105ED000FEF732FF0748FFF72DF80648FEF778FE79
:105EE0000448FFF731F8012040040449486100BF2D
:105EF00010BD000000280040340D002000040140C7
:105F00003EB55448FEF7E2FF0120000452490969FA
:105F100003221204914301434F4A116100BF00BFA5
:105F2000104600690121890408431146086100BF39
:105F30004848FEF7FFFFFDF797FC002045498968B8
:105F4000402291430143434A916000BF7F201146A4
:105F5000096902049143020411433E4A116100BFE2
:105F6000FF2011460969C90BC9030143116100BF34
:105F70003A48017E684601723849C8680A21FAF732
:105F8000B9F804013549C8680A21FAF7B3F80C4397
:105F90006846847231490969481C0A21FAF7AAF84F
:105FA00004012E490969481C0A21FAF7A3F80C4399
:105FB00068464472294949697D221201881A0A21DA
:105FC000FAF798F80401254949697D221201881AD7
:105FD0000A21FAF78FF80C436846C47202AA01211D
:105FE0001C48FEF70AFF002000901C4988680A211F
:105FF000FAF780F80401194988680A21FAF77AF853
:106000000C4368460471154948680A21FAF772F88A
:106010000401124948680A21FAF76CF80C436846F3
:1060200044710E4908680A21FAF764F804010B4923
:1060300008680A21FAF75EF80C43684684716A46DC
:1060400001210448FEF7E8FFFDF722FC0148FEF7B6
:106050007BFF3EBD0028004040100240740D002030
:1060600038B5002404F07AF8442003F041FB684678
:1060700004F0ACFA0446002C08D009A10AA0FEF7EF
:10608000ABF921460AA0FEF7A7F907E013A106A085
:10609000FEF7A2F912A00099FEF79EF938BD0000A4
:1060A0004552524F520000000A5B25735D0000000C
:1060B0005348543430582F53545334302047657468
:1060C0002053657269616C204E756D626572204562
:1060D00052524F523A202564000000004C4F4700B6
:1060E0005348543430582F5354533430205365722E
:1060F00069616C204E756D6265723A2025640000FE
:106100007047704710B50020FEF7D0F900BF00BF00
:1061100047480068C007C00F0028F8D10120C0021E
:10612000FEF702FCFEF794FC00BFFEF79BFC012883
:10613000FBD11020FEF7A6FCFEF7D8FBFEF700FC13
:1061400001210904884211D000BF3A480069C90002
:1061500008433849086100BF00BF084600690121B3
:10616000C90488433349086100BF00BF002031499A
:1061700009690322D202914301432E4A116100BFF3
:1061800000BF10460069911508431146086100BF21
:1061900000BF00BF27480069012149020840400AAA
:1061A0000028F6D0FEF7CCFB0121090488420AD072
:1061B00008462049096903221204914301431D4AFC
:1061C000116100BF00BF00BF1A48006901218904A6
:1061D00008431849086100BF9020FEF779FC0020B1
:1061E000FEF780FC0020FEF789FC0120FEF7BAFCD8
:1061F00000BFFEF7ADFB0428FBD10F48FEF74EFBB6
:106200000D48FEF7C9FF03200004FEF7B5FC03208C
:106210008004FEF7B1FC0020FEF798FC0320000488
:10622000FEF784FC0120C003FEF774FC10BD0000E3
:10623000002002404010024000093D00704700006D
:1062400010B539480068401C374908603748006875
:10625000401C36490860344800683B2863DD002054
:106260003149086008464068401C4860084640685C
:106270003B2858DD0020486008468068401C886044
:106280000846806817284EDD002088600846C068F0
:10629000401CC86008468069401C886108468069C7
:1062A000062801DD002088611F4800698000204920
:1062B000085C204908701C484469E017800F0019E9
:1062C00080108000201A06D1174948696421F9F727
:1062D00027FF002907D114494869FF219131F9F7B7
:1062E0001FFF002908D110480069012804D1114876
:1062F0000078401C0F4908700B48C0680D490978A8
:10630000884210DD01200849C86008460069401C29
:106310000861084600690B2805DD00200861084671
:106320004069401C486110BD740D002038000020F9
:10633000ECAC00083C00002010B53A480068401C56
:106340003849086038480088401C37490880374879
:106350000068401C3549086035480068401C3449D5
:10636000086034480089002805D032480089401E62
:1063700081B23048018130480089002805D02E487C
:106380000089401E81B22C4801812C488088002859
:1063900005D02A488088401E81B22848818028483C
:1063A0000088002804D026480088401E2449088020
:1063B0001F4800687D21C900884207D300201C497E
:1063C000086020480068401C1E4908601E4800788C
:1063D000401C1D49087008460078052803DD002090
:1063E000087002F0FBF80F4800687D21C900884260
:1063F00015D300200B490860FFF722FF0F48808863
:1064000000280CD111488079002808D01048007865
:10641000002804D10D488079401E0C498871FEF790
:10642000C3FF10BD400000203400002028000020E1
:1064300030000020AA110020A00F0020A00E002094
:10644000020000202C00002044000020340D002019
:106450001D00002008B501200E49496B01430D4A7B
:1064600051631146496B0140009100BF00BF000716
:106470001146896B014391631146896B014000917C
:1064800000BF00BFFEF732FA0321081F00F098F9A1
:1064900008BD00000010024010B500BF08480069A8
:1064A000C007C00F012148404840002806D000BF67
:1064B000C81E0349086100BFFFF73EFF10BD000082
:1064C0000010004030B585B004460D460020019014
:1064D00002900390049010202749896B0143264ABB
:1064E00091631146896B0140009100BF00BF0121FB
:1064F000112000F0A1F9112000F04AF9681E694648
:10650000888000200290601E039001A91B48FEF7BE
:1065100049FE00BF194800688021084317490860F8
:1065200000BF00204968702291430143134A516023
:1065300000BF00BF104680688021884311468860F4
:1065400000BF00BF084600680121084311460860EB
:1065500000BF00BF0846006802218843114608605A
:1065600000BF00BF0846C068012108431146C8604B
:1065700000BF05B030BD0000001002400010004018
:1065800010B51248FEF7FAFE002815D000BF0F49DB
:10659000496AC9B208460E49C988FF290BDA0C4975
:1065A000CA88C988491C8BB20949CB80FA398854FA
:1065B0001422FA310A8100BF0448FEF7D7FE0028F2
:1065C00002D00248FEF726FE10BD00000038014050
:1065D000A00F002010B51C48FEF7D0FE002815D0F3
:1065E00000BF1949496AC9B208461849C988FF2934
:1065F0000BDA1649CA88C988491C8BB21349CB806B
:10660000FA3988541422FA310A8100BF0E48FEF785
:10661000ADFE002802D00C48FEF7FCFD00BF0A4882
:10662000C06908210840C008002805D000BF082024
:106630000549086200BF00BF05488079032802DAD7
:1066400003200349887110BD00440040AA110020B6
:10665000340D0020F8B504460D46002627460CE010
:106660003046721C96B2395C0548FEF79BFE00BFAF
:106670000348FEF789FE0028FAD0AE42F0DBF8BDF1
:106680000044004000BF0A48C06880210840A021A3
:10669000C94308430649C86000BF00BF00BF0448A3
:1066A000C0682021084040090028F7D0002070472A
:1066B000002800400FB47CB50C0009AD01D0611E6C
:1066C00000E0002101910090074B6A462946089896
:1066D00000F0FAF9002C02D0009A002111707CBC65
:1066E00008BC04B018470000057200080FB410B5CC
:1066F00004A9074B02AA039800F0E6F9044602A990
:10670000002000F08AFD204610BC08BC04B01847E9
:106710001B7200087CB51D4616460C0001D0611E98
:1067200000E0002101910090054B6A462946304661
:1067300000F0CAF9002C02D0009A002111707CBD33
:10674000057200082021020C01D010211046020A17
:1067500001D010460839020901D01046091F8208ED
:1067600001D01046891E420801D0881E7047081AC1
:10677000704730B47446641E2578641CAB4204D361
:10678000635D5B00E31830BC18471D46F8E7000066
:10679000002805DBC206D20E01219140014A11609A
:1067A0007047000000E100E0002805DBC206D20EC1
:1067B00001219140014A11607047000000E100E0B2
:1067C00010B5002819DB1A4A03231B02D2188308CC
:1067D0009B00D2588307DC0EFF23A3409A438B070C
:1067E0001B0E8407E40EA3401A43114B032424021A
:1067F0001B198408A4001A5118E00E4A03071B0F46
:10680000083B9B089B00D2588307DC0EFF23A34064
:106810009A438B071B0E8407E40EA3401A43054BD3
:106820000407240F083CA408A4001A5110BD00005E
:1068300000E100E01CED00E010B5002819DB1A4A69
:1068400003231B02D21883089B00D2588307DC0E57
:10685000FF23A3409A438B071B0E8407E40EA3403B
:106860001A43114B032424021B198408A4001A5153
:1068700018E00E4A03071B0F083B9B089B00D258E9
:106880008307DC0EFF23A3409A438B071B0E84076C
:10689000E40EA3401A43054B0407240F083CA40848
:1068A000A4001A5110BD000000E100E01CED00E062
:1068B00010B5002819DB1A4A03231B02D2188308DB
:1068C0009B00D2588307DC0EFF23A3409A438B071B
:1068D0001B0E8407E40EA3401A43114B0324240229
:1068E0001B198408A4001A5118E00E4A03071B0F55
:1068F000083B9B089B00D2588307DC0EFF23A34074
:106900009A438B071B0E8407E40EA3401A43054BE2
:106910000407240F083CA408A4001A5110BD00006D
:1069200000E100E01CED00E000487047A8000020F6
:1069300002E008C8121F08C1002AFAD17047704748
:10694000002001E001C1121F002AFBD1704780F333
:1069500010887047F0B51FB486B00998089A030DE7
:106960000021024314D05148514A181850430514CD
:106970001198012810981AD0281A401C00264D4F53
:106980004D49009601910490002812DA444211E02A
:106990001198012449A3012801D11098C1430698F8
:1069A000119A84600360C26041600BB0F0BD404248
:1069B000E4E70446210500203F4A001C51410391B1
:1069C000029012E0E00707D032463B46019900985A
:1069D000F9F734FF0191009032463B4610461946C4
:1069E000F9F72CFF06460F466410002CEAD10498F4
:1069F000039B0028029A0999089806DAF9F71EFF06
:106A0000019B009AF9F71AFF05E0F9F77FFF019B58
:106A1000009AF9F77BFF04460E460022284BFAF74E
:106A200021F803D80020C043014607E00022254B8F
:106A300020463146F9F74EFEFAF77CF9102409E0BA
:106A4000002C0ADB0A220023F9F77EFB079B303279
:106A50001A55641E02460A43F2D11122641C079B98
:106A6000121B1C19119B012B03D0012308430ED1CB
:106A70000AE0084304D0112010900020119077E71D
:106A80001098151A6D1E0BE01098824202DD00234B
:106A90006D1C03E0824201DA00236D1E002BEED054
:106AA000069811998260C16030C07EE701FCFFFF4B
:106AB000104D0000000014400000F03F30000000C6
:106AC0000000F0430000E03FFFB597B00646002508
:106AD0001BE2252876D100242746F749049400E0DC
:106AE0000443761C32780120203A90400842F7D1C6
:106AF00030782A280ED00222307801463039092910
:106B000016D804990A235943303940181443761C87
:106B10000490F1E7189802C804911890002904DA4B
:106B20000120400304434842049002200443761CA1
:106B300030782E2814D1042004437078761C2A283B
:106B400009D11898761C80C8189009E00A214F4393
:106B5000303FC719761C3078014630390929F5D9FC
:106B600030786C2810D006DC4C281AD068280ED05B
:106B70006A2817D104E0742813D07A2812D110E0C3
:106B80000120400504430CE00121090501E0032137
:106B900009050C437178814203D1012000052418B6
:106BA000761C761C307866280BD013DC58287DD0F4
:106BB00009DC00287BD04528F6D04628F4D04728A9
:106BC0001AD1A9E118E0632835D0642870D065286F
:106BD00012D1A1E170286CD008DC6728F1D06928B7
:106BE0007DD06E280DD06F2806D1BCE073282ED042
:106BF000752873D0782859D01A9A199990476D1C26
:106C000082E16002400F022809D003280DD0042839
:106C1000189801680DD00D60001D189074E1189847
:106C2000EA1701680D604A60F6E7189801680D8060
:106C3000F2E70D70F0E718986A4601781172001DAE
:106C400018900020507202A80090012005E01898CA
:106C500002C8189000200091C04361070ED50021A2
:106C600001E00199491C0191B94213DA8142F8DB34
:106C7000019A0099895C0029F3D10BE0002101E021
:106C80000199491C01918142FADB019A0099895CC2
:106C90000029F5D1019904981A9B471A21463846D4
:106CA000199A00F099FA4019019903E051E030E196
:106CB00015E050E0451807E0009800990078491C5D
:106CC00000911A9A199990470198401E0190401C12
:106CD000F2D1214638461A9B199A12E137E00A2070
:106CE0000021009001916002410F022907D0189AFB
:106CF00001CA1892C2179446032908D00AE01898CE
:106D0000C01DC108C90005C91891944607E000B22A
:106D1000C2179446042902D140B2C1178C46002202
:106D20006146944506DA0A460021404291418C466C
:106D30002D2102E0210504D52B216A461173012182
:106D400003E0E10701D02021F7E7029156E00A2095
:106D50000AE0102008E010200090002104200443E5
:106D60000191082703E008200021019100906002B2
:106D7000410F022907D0189A01CA1892002294469E
:106D8000032908D008E01898C01DC108C90005C92A
:106D90001891944603E080B2042900D1C0B20021CA
:106DA000029121072AD531780D91702906D0009AD9
:106DB0001021019B4A401A4305D00EE040216A464B
:106DC0001173012108E06146014306D030216A4673
:106DD00011730D99517302210291009A0821019BB0
:106DE0004A401A430AD16146014301D1610705D5E2
:106DF00030216A46117301217F1E02913178582992
:106E000004D02EA10E910DA90D910DE030A1F9E74E
:106E10006146019B009AF9F797F90E9B8C469B5CA3
:106E20000D9A521E0D92137061460143F0D10D98D8
:106E300005A9081A20300190600703D5012000043D
:106E4000844300E001270198874201DD381A00E001
:106E50000020019900904118029809180498401ADE
:106E60000490E00306D421461A9B199A049800F076
:106E7000B3F94519002706E003A81A9AC05D1999CD
:106E800090476D1C7F1C02988742F5DBE0030CD510
:106E900021461A9B199A049800F09EF9451904E0BE
:106EA0001A9A3020199990476D1C0099481E00903D
:106EB0000029F5DC1FE000000928010030313233E1
:106EC0003435363738396162636465660000000026
:106ED0003031323334353637383941424344454610
:106EE000000000000D980D990078491C0D911A9A28
:106EF000199990476D1C0199481E01900029F1DCF9
:106F00004DE100F059F94519761C3078002800D081
:106F1000DFE528461BB0F0BD600700D406271898AF
:106F2000C01DC108C90048680A680831C30FDB07E3
:106F30001891190001D09CA108E0210501D59BA161
:106F400004E0E10701D09AA100E09AA1430010916A
:106F500030785B0865280CD006DC452809D0462827
:106F60001DD0472841D141E0662818D067283CD180
:106F70003CE00021112F01DB112000E0781C019181
:106F8000009008A911A8FFF7E5FC139905910021CD
:106F9000119A15927F1C12980197009150E00120E0
:106FA000C00703900120019008A9009711A8FFF7DE
:106FB000D1FC139A149905920022119B0092129809
:106FC0001593059A0192002901D0104602E0791C20
:106FD00040180190381A01D5019804E04042401E43
:106FE0000090781C0190C01B029043E0012F00DA52
:106FF00001270021112F01DD112000E03846019109
:10700000009008A911A8FFF7A5FC13990591119A02
:107010000021129815920091019721070CD405992F
:10702000B94201DB019900E00191012904DD159AC3
:10703000491E515C302906D0B84201DA011D05DA3B
:107040000121029115E00199491EEDE7002805DCB8
:107050000099411800910199091A03E0019A411C15
:10706000914200DD01910099401A401C02900120DC
:10707000C0070390200706D402990198814202DBE1
:107080000020C043029000206946C87707AF012165
:1070900003980337C907884224D0022011902B207F
:1070A0001290039800280CDA404203902D20129091
:1070B00007E00A210398F9F71DF830317F1E03908D
:1070C00039701199481E11900029F2DC03980028AC
:1070D000EFD1791E12980870307820210840453091
:1070E000BF1E387006A8C01BC01D03901098007802
:1070F000002800D00120019941180298C0170918F2
:10710000039809180498401A401E0490E00306D41E
:1071100021461A9B199A049800F05EF845191098B8
:107120000078002803D01A9A199990476D1CE00343
:1071300024D521461A9B199A049800F04DF8451958
:107140001CE00098002807DB00990598884203DDC1
:107150001598405C199901E0199930201A9A9047C6
:1071600000986D1C401C00900298401E0290002860
:1071700004D11A9A2E20199990476D1C0199481E26
:1071800001900029DDDC05E038781A9A7F1C1999F6
:1071900090476D1C0399481E03900029F4DC21469A
:1071A0001A9B199A0498ACE62D0000002B000000F1
:1071B0002000000000000000F8B5044600251E462F
:1071C0001746880404D405E039462020B0476D1CDA
:1071D000641EF9D52846F8BDFFB50446002581B0E8
:1071E0001E46C80301D5302700E02027880404D5B7
:1071F00005E038460399B0476D1C641EF9D5284652
:1072000005B0F0BD4A68002A06D00A68531C0B601E
:1072100010704868401E486070470A68531C0B6035
:1072200010707047F0B587B000200590069003906D
:10723000334904A800F010FC0546294631A000F0AF
:10724000C3FC2F4903A800F0E3FA0546294634A001
:1072500000F0BAFC2A4905A800F054FE054629466C
:1072600035A000F0B1FC694614228A5E1011F9F7CE
:10727000C5FB074601218907F9F7B0F90646F9F77A
:10728000C8FBC1B231480170694616228A5E1011EE
:10729000F9F7B4FB074601218907F9F79FF906467C
:1072A000F9F7B7FBC1B229484170694618228A5ED6
:1072B0001011F9F7A3FB074601218907F9F78EF9A9
:1072C0000646F9F7A6FBC1B2204881702038406A13
:1072D00004990C1A1D482038049941621CA11DA074
:1072E000FDF77AF819482038406A00940190174851
:1072F00083784278017819A0FDF76EF807B0F0BDE9
:10730000A8130020626D61343536775F7374657041
:107310005F636F756E7465725F6F757470757400FE
:10732000626D61343536685F726561645F696E7481
:107330005F73746174757300626D61345F7265614F
:10734000645F616363656C5F78797A00540D002037
:107350004C4F47000A5B25735D000000436F6E765B
:1073600065727420583D2025642C20593D202564E9
:107370002C205A3D202564472C2053746570203DF5
:10738000202564202564000010B592B000201190E3
:1073900010900E900F9003220121464800F07CFDD2
:1073A0000446214644A000F00FFC424800F00CFACD
:1073B0000446214645A000F007FC3E49B62000F0F7
:1073C00022FF052002F06CFB3A4800F0C9FB04469E
:1073D000214643A000F0F8FB364910A800F0B8FCA5
:1073E0000446214645A000F0EFFB002C42D10521C8
:1073F00010A801700021C170417081702D4900F00A
:1074000067FE0446214645A000F0DEFB2949012025
:1074100000F0A8FE0446214648A000F0D5FB254810
:1074200002F024F8044621464CA000F0CDFB002CCD
:1074300020D1002108A80176012141760A21684661
:107440004187002108A801770121417719490EA839
:1074500000F04AFA0446214648A000F0B5FB002C93
:1074600008D1144911A800F04FF9044621464EA056
:1074700000F0AAFB002C09D10E4A0121C80200F03D
:10748000C7F80446214652A000F09EFB094901A816
:1074900000F00EFB0446074901A800F031FB04464A
:1074A00053A154A0FCF798FF54A0FCF795FF12B02D
:1074B00010BD0000A8130020626D61345F696E7416
:1074C0006572666163655F696E697400626D6134DF
:1074D0003536685F696E6974207374617475730002
:1074E000626D61343536685F77726974655F636FAA
:1074F0006E6669672073746174757300626D6134C0
:107500005F6765745F616363656C5F636F6E666917
:10751000672073746174757300000000626D6134DC
:107520005F7365745F616363656C5F636F6E6669EB
:10753000672073746174757300000000626D6134BC
:107540005F7365745F616363656C5F656E61626CD8
:107550006520737461747573000000006765745F63
:10756000616E795F6E6F5F6D6F745F636F6E66697A
:10757000672073746174757300000000626D61347C
:107580003536685F7365745F6175746F5F6C6F77B4
:107590005F706F7765725F636F6E66696720737483
:1075A0006174757300000000626D61343536685F88
:1075B0006765745F6175746F5F6C6F775F706F770D
:1075C00065725F73746174652073746174757300A0
:1075D000626D61343536685F666561747572655FCA
:1075E000656E61626C652073746174757300000070
:1075F0004C4F47000A5B25735D000000424D41344B
:10760000353620496E697420537563636573730062
:10761000FEB507460D4614460020019000260220C4
:107620000090002C1ED02078162818D1234601A9DE
:107630002820009A00F0F7FC0646002E14D1012DF8
:1076400006D1224601A9384601F0A8F806460BE00B
:10765000224601A9384601F070F8064604E00326E8
:10766000F64301E00026F6433046FEBDF0B59BB080
:1076700004460F4600201A90602102A8F8F737FE52
:1076800000250020019000900026002F36D0002C0D
:1076900034D03B46042202A95E2000F0C4FC1A90BC
:1076A0001A9800282DD102A8405D019002A9681CFB
:1076B000085C4007400D0090009901980843064679
:1076C00002A9681C085C08210840C008207102A9B2
:1076D000681C085C1021084000096071668002A9DE
:1076E000A81C085C0190E81C085CC006C00C009057
:1076F0000099019808430646268002E00020C04316
:107700001A901A981BB0F0BDF8B504460D46002635
:10771000002D0FD0002C0DD02B46012269462A20C7
:1077200000F081FC064668460078102108400009F8
:10773000207001E00026F6433046F8BDF0B59BB05E
:1077400004460E4600201A90602102A8F8F7CFFDEB
:1077500004250027002001900090002E2ED0002C40
:107760002CD03346082202A95E2000F05CFC1A905F
:107770001A98002825D102A8475D02A9681C085C58
:1077800000020190019838430090681C085C0821B1
:107790000840C008207100984005400D608002A993
:1077A000A81C0F5CE81C085C00020190019838439B
:1077B00000900098C004C00C208002E00020C0436C
:1077C0001A901A981BB0F0BD7CB504460F4903C946
:1077D00001910090204600F034FB0546002D12D1A7
:1077E000207816280DD1102020735E20A07503206C
:1077F000C00220860622694620461D30F8F75CFD4F
:1078000001E00325ED4328467CBD0000E4DD0008CF
:1078100070B505460C460026002C0DD0002D0BD06F
:107820002078162805D12146284600F0DBFB0646C5
:1078300004E00326F64301E00026F643304670BD1F
:10784000F0B599B004460E460027602101A8F8F76C
:107850004EFD0025002E41D0002C3FD0334604229F
:1078600001A95E2000F0DFFB0746002F38D1A07889
:1078700001A948556088FF2109020840010A01AAB0
:10788000681C115401A9681C085C082188432179EF
:10789000C90008221140084301AA691C505401A9DB
:1078A000681C085C1021884361790901102211408D
:1078B000084301AA691C50542178A81C115420883F
:1078C000FF2109020840010AE81C11543346042232
:1078D00001A95E2000F0FEFC074601E00027FF43FF
:1078E000384619B0F0BD0000F0B599B004460E4618
:1078F000602101A8F8F7FBFC582700200090002E1B
:107900005BD0002C59D03078162852D133465E22F5
:1079100001A9104600F087FB0090009800284FD185
:1079200001A8C05D01AA791C515C09020843054603
:10793000680840002178C907C90F08430546284652
:10794000022188436178490002221140084305461C
:1079500028461D490840618889001B4AD2431140CE
:1079600008430546284603214903884321794903F2
:107970000322520311400843054628460121C9034A
:1079800088436179C9030122D203114008430546A7
:1079900001A9CD55FF2000022840010A01AA781C48
:1079A000115433465E2201A9104600F093FC00906A
:1079B00006E00320C043009002E00020C043009096
:1079C000009819B0F0BD000003E0FFFFF0B599B0DA
:1079D00004460E460027602101A8F8F788FC04251C
:1079E000002E34D0002C32D03346082201A95E206C
:1079F00000F019FB0746002F2BD1A07801A94855AC
:107A00006088FF2109020840010A01AA681C11547C
:107A100001A9681C085C082188432179C900082253
:107A20001140084301AA691C50542178A81C115424
:107A30002088FF2109020840010AE81C115433463E
:107A4000082201A95E2000F045FC074601E000275E
:107A5000FF43384619B0F0BDF8B505460C46002086
:107A600000900026002C1FD0002D1DD02078162855
:107A700017D12346042269461E2000F0D4FA064698
:107A8000002E13D1694608784978090208436946EF
:107A90008978090408436946C978090608432860BB
:107AA00004E00326F64301E00026F6433046F8BD25
:107AB000F0B599B005460C46602101A8F8F717FC0F
:107AC00001AE0027002C16D0002D14D020781628E7
:107AD0000ED123465E2201A9104600F0A4FA074603
:107AE000002F0AD108363146284600F019FE04E07E
:107AF0000327FF4301E00027FF43384619B0F0BDDC
:107B0000F0B599B005460C46602101A8F8F7EFFBE7
:107B100008270026002C1DD0002D1BD02078162809
:107B200015D123465E2201A9104600F07CFA0646D4
:107B3000002E11D101AA3946284602F039FF23460A
:107B40005E2201A9104600F0C5FB064604E00326AC
:107B5000F64301E00026F643304619B0F0BD0000C0
:107B600070B504460025002C1FD02078162819D1A6
:107B7000A08A022813D3A08A0321C90288420EDCFE
:107B8000207DC007C00F002802D0A08A401EA0821E
:107B900008482061204600F047FB054607E009251C
:107BA000ED4304E00325ED4301E00025ED432846C5
:107BB00070BD00003FAD000870B504460D4620467C
:107BC000FBF7BCFC70BD000070B505460C46002CF0
:107BD00041D0294620A0FCF7FFFB601C002804D1FF
:107BE00021461EA0FCF7F8FB35E0A01C002804D1BC
:107BF000214621A0FCF7F0FB2DE0601D002804D1F8
:107C0000214627A0FCF7E8FB25E0A01D002804D1B1
:107C100021462EA0FCF7E0FB1DE0201D002804D12A
:107C2000214632A0FCF7D8FB15E02046083000289A
:107C300004D1214635A0FCF7CFFB0CE020460F30E5
:107C4000002804D121463848FCF7C6FB03E0214652
:107C500036A0FCF7C1FB70BD257309004572726F39
:107C600072205B25645D203A204E756C6C20706F2D
:107C7000696E7465720D0A004572726F72205B2521
:107C8000645D203A20436F6D6D756E696361746940
:107C90006F6E206661696C7572650D0A00000000E8
:107CA0004572726F72205B25645D203A20496E76C2
:107CB000616C696420636F6E66696775726174696F
:107CC0006F6E2073747265616D0D0A004572726F7C
:107CD00072205B25645D203A2053656C66207465D4
:107CE0007374206661696C65640D0A004572726F79
:107CF00072205B25645D203A2044657669636520C7
:107D00006E6F7420666F756E640D0A004572726F37
:107D100072205B25645D203A204F7574206F6620C9
:107D200052616E67650D0A0060E200084572726F6D
:107D300072205B25645D203A20556E6B6E6F776E06
:107D4000206572726F7220636F64650D0A00000017
:107D5000F8B504460D4600200090284601F04CFF7F
:107D60000646002E24D1002C22D02B460222694642
:107D7000402000F058F90646002E1BD168460078D6
:107D80000007000F20706846007870210840000945
:107D900060706846007880210840C009A07068467D
:107DA00040788007800FE070A1783220415501E0D3
:107DB0000026F6433046F8BDF8B504460D460020CF
:107DC0000090284601F018FF0646002E10D1002C26
:107DD0000ED02B46012269467C2000F024F906468D
:107DE000002E07D168460078C007C00F207001E060
:107DF0000026F6433046F8BDFEB504460D4616464D
:107E00001F4638780290B0B22B46012221460090DE
:107E10000298FCF7F9F840B201900198FEBDFEB55A
:107E200004460D4616461F46387802902B4601221E
:107E3000214600960298FCF78BF940B20190019818
:107E4000FEBD7CB50446002101910091204601F061
:107E5000D3FE0546002D1CD1207A002809D101202F
:107E6000E072234601226946002000F0DCF8054656
:107E700001E00020E072002D0BD12346012201A970
:107E8000002000F0D0F80546002D02D168460079A8
:107E9000207028467CBD0000F8B504460D46164605
:107EA0000027002C18D0012D0BD10DA0FCF794FA5F
:107EB000182010490870012020720F4860620F4896
:107EC000A06266730B4860600D48E0620820A082E3
:107ED00000213220015501E00027FF433846F8BD5C
:107EE0000A49324320496E74657266616365200AEF
:107EF00000000000A7000020F97D00081F7E000898
:107F0000B97B0008FEB504460D460027002002900C
:107F100000900190284601F06FFE0646002E5DD1CC
:107F2000002C5BD02B4606226946122000F07BF81D
:107F30000646002E54D1684640780290684607787D
:107F400002980002384300B220806846C078029050
:107F50006846877802980002384300B2608068461D
:107F6000407902906846077902980002384300B2CF
:107F7000A080287B0C2814D1A05FC117090F091815
:107F8000091121800220205EC117090F091809116B
:107F900061800420205EC117090F09180911A18012
:107FA00017E0287B0E2814D10020205EC117890F0E
:107FB0000918891021800220205EC117890F091835
:107FC000891061800420205EC117890F091889106B
:107FD000A1802946204601F0F4FA01E00026F6438C
:107FE0003046FEBDF8B504460D46002000902846F8
:107FF00001F002FE0646002E11D1002C0FD02B46B8
:10800000022269461C2000F00EF80646002E08D118
:1080100068460078208068464078607001E000265D
:10802000F6433046F8BDFFB581B00F4615461C46F5
:1080300000200090204601F0DFFD0646002E42D1D0
:10804000002F40D001985E2835D121466846FFF7C1
:10805000B3FE064668460078012804D12146002078
:1080600000F0ACF80646E807C00F002816D1A07D46
:10807000A84213D3002E11D1A08AA84206D22246CC
:108080002946384601F0E3FE064609E023462A4623
:1080900039465E2001F0A4FE064601E00926F643BB
:1080A000002E12D16846007801280ED1214600F03A
:1080B00085F8064609E023462A463946019801F02C
:1080C0008FFE064601E00026F643304605B0F0BDBF
:1080D000F8B504460D4600200090284601F08CFDBE
:1080E0000646002E39D1002C37D0A278617820784E
:1080F00002F0D0FC0646002E31D120780107090F8E
:1081000068460170017860780007000E01436846F8
:1081100001700178A078C007000E01436846017025
:10812000E0788107890F684641702B460122411C87
:10813000412000F0CFF80646002E10D12B46012238
:108140006946402000F0C6F806466846007880215F
:108150000840C1093220415501E00026F64330466F
:10816000F8BD0000F8B506460C46002000902046F9
:1081700001F042FD0546002D1CD12346012269462F
:108180007D20FFF750FF0546002D13D16946087882
:1081900004218843B1000422114008430090234683
:1081A000012269467D2000F095F805460248E26A02
:1081B000616890472846F8BDA8610000F8B50646FA
:1081C0000C4600200090204601F016FD0546002DCB
:1081D00017D12346012269467C20FFF724FF05467C
:1081E000002D0ED16946087840084000F107C90FFC
:1081F000084300902346012269467C2000F06AF87B
:1082000005462846F8BD73B50C46204601F0F4FC3F
:108210000546002D06D12346012269467E2000F046
:1082200059F8054628467CBD7CB5044600210191DD
:108230000026009121460020FFF7C0FF0546002DD3
:1082400046D12346012201A9592000F043F80546F2
:10825000002D3DD100BF09E0216988192246314631
:1082600002F041F90546A08A801986B2208EB042FC
:10827000F2DC002D2CD1012001902346012201A91E
:10828000592000F027F80546002D21D1962001F055
:1082900007FC2346012269462A20FFF7C4FE054653
:1082A000684600780107090F0091002D10D168463B
:1082B0000078012801D06D1F0AE021460120FFF758
:1082C0007DFF0546002D03D1204601F053F90546F8
:1082D00028467CBDFFB581B00F4615461C460020E0
:1082E0000090204601F088FC0646002E44D1002F65
:1082F00042D001985E2837D121466846FFF75CFDE1
:10830000064668460078012806D1002E04D1214691
:108310000020FFF753FF0646E807C00F002816D1DC
:10832000A07DA84213D3002E11D1A08AA84206D264
:1083300022462946384602F035FC064609E0234627
:108340002A4639465E2002F0F7FB064601E0092680
:10835000F643002E12D16846007801280ED121463E
:10836000FFF72CFF064609E023462A4639460198C6
:1083700002F0E2FB064601E00026F643304605B077
:10838000F0BD70B50446606880470546E078400758
:10839000400F002802DD2088401C2080E078C009C2
:1083A000A8421CD0E07838218843E1788906490F3B
:1083B000491CC900382211400843E0708006400F74
:1083C000032810DBE07880218843E90180221140F6
:1083D0000843E070E07838218843E07003E0E078FB
:1083E00038218843E070E0784007400F0300FEF733
:1083F000C0F906042858AEF3D0F3E078C009E1785C
:108400004906C90F884216D1A078F0218843A07090
:10841000A068002802D02046A1688847002020805C
:10842000A07800090001401CA070E078C008C000DE
:10843000401CE07004E0A078F02188438030A070F8
:10844000CAE0E078C009E1784906C90F884212D035
:10845000A078F02188431030A070E068002802D096
:108460002046E168884700202080E078C008C000EE
:10847000801CE07014E020884B21C90088420FDD89
:10848000A078F02188435030A070E069002802D025
:108490002046E1698847E078C008C000401DE070D0
:1084A0009AE0E078C009E1784906C90F884225D1F1
:1084B000A078F0218843A070A068002802D0204650
:1084C000A1688847A07800090001A178491C090724
:1084D000090F0843A070A078F02188432030A070D5
:1084E0002069002802D0204621698847002020808A
:1084F000E078C008C000C01CE07027E020883C285D
:1085000024DDA0780007000F01280BD1A078F0210E
:1085100088433030A0706069002813D0204661691C
:1085200088470FE0A0780007000F02280AD1A07842
:10853000F02188434030A070A069002802D0204676
:10854000A1698847E078C008C000E07044E0E078A6
:10855000C009E1784906C90F884219D0A078F021F6
:1085600088431030A070E068002802D02046E168FF
:10857000884720883C2807DA00202080E078C0085F
:10858000C000801CE07003E0E078C008C000E0702C
:1085900022E0E078C009E1784906C90F88420BD192
:1085A000A078F02188436030A070206A002812D0A3
:1085B0002046216A88470EE0A078F02188431030D9
:1085C000A070E068002802D02046E1688847E07883
:1085D000C008C000E07000BF00BF70BD10B5054806
:1085E000046803E02046FFF7CCFE646A002CF9D152
:1085F00010BD00005000002070B504460025032285
:1086000004492046F7F799FE002800D001252846A6
:1086100070BD000053AC0008FFB581B004461D4694
:10862000002C14D0002A12D0002D10D0029E002E53
:108630000DD02846EE0F361876107600AE1B06D108
:10864000EE0F761977100095029EB74202DD0020EA
:1086500005B0F0BD0021002300BF50E0505C612850
:1086600008DB505C662805DC505CC01F0007000E6C
:10867000E05418E0505C412808DB505C462805DCDB
:10868000505CC01F0007000EE0540CE0505C302826
:1086900007DB505C392804DC505C0007000EE05416
:1086A00001E00020D4E7481C81B2505C612808DB5F
:1086B000505C662805DCE05C565C80195738E05455
:1086C00019E0505C412808DB505C462805DCE05C82
:1086D000565C80193738E0540DE0505C302808DBD8
:1086E000505C392805DCE05C565C80193038E05479
:1086F00001E00020ACE7581C83B2481C81B2A942BB
:10870000ACDB1846A4E70000014603484843401389
:10871000024A801A7047000073550000C8AF00007D
:1087200010B50346012205E00C881C80891C9B1CA7
:10873000541CE2B2192AF7DD10BDF8B506460C4606
:108740001546002700200090002D25D0002C23D0B6
:10875000F04386B2E05D3040E055781C205CFF219C
:1087600009023140090A0840791C60542B46012255
:1087700021462820FFF7AEFD0090009800280BD17D
:10878000FF20C330EA6A696890472B460122611CCA
:108790002920FFF79FFD00900098F8BDF8B5074627
:1087A0000C461546002600200090002D24D0002CF9
:1087B00022D0A05DF9B20843A055701C205CFF21B7
:1087C00009023940090A0843711C60542B460122F2
:1087D00021462820FFF77EFD0090009800280BD14D
:1087E000FF20C330EA6A696890472B460122611C6A
:1087F0002920FFF76FFD00900098F8BD03B593B0F6
:108800001E20FE498871FEA11398F7F77BFD002812
:1088100034D01498182831D8149815282ED3FEA1D6
:108820001398F7F76FFD12901298401CF7F7C9FEE6
:1088300080B211902D2149011198884202DC1198D3
:108840000A2802DA1198002810D1EC491198088101
:10885000F2A1F3A0FBF7C0FDE848008901461090A3
:10886000F1A0FBF7B9FDFBF70FFA03E0F6A1ECA0CE
:10887000FBF7B2FDF6A0FBF7AFFDE0E3FEA1139816
:10888000F7F740FD002834D01498162831D81498F2
:1088900013282ED3E0A11398F7F734FD1290129805
:1088A000401CF7F78EFE80B211902D2149011198DE
:1088B000884202DC11980A2802DA1198002810D1A7
:1088C000CE4911980881F1A1D5A0FBF785FDCB48D1
:1088D000008901461090EEA0FBF77EFDFBF7D4F96E
:1088E00003E0EAA1CEA0FBF777FDF1A0FBF774FD52
:1088F000A5E3F7A11398F7F705FD00287ED0FF2127
:10890000F531F748F7F7F3FCF6488078002876D180
:10891000F5A1F348FDF7EAFEF148F7F707FDF04946
:1089200040181190F3480278F3A11198FDF7DEFE8C
:10893000EB48F7F7FBFCEA4940180022F3A111903D
:10894000FDF7D4FEE648F7F7F1FCE5494018119031
:10895000AA4800890246F1A110901198FDF7C6FEC1
:10896000DF48F7F7E3FCDE494018F1A2F2A11190CD
:10897000FDF7BCFEDA48F7F7D9FCD9494018119049
:10898000D848807AD749497AD64A127AD54BDB79CA
:108990000293039204910590D2488079D149497994
:1089A00000910190CF4800791090CE48C0780F9088
:1089B0000246E5A1109B1198FDF798FEC848F7F70D
:1089C000B5FCC74940181190C648817C407CC54A17
:1089D000127CC44BDB7B0293039205910490C14847
:1089E000807BC049497B00910190BE48007B10907C
:1089F000BC48C07A0F900246DEA101E09FE25BE036
:108A0000109B1198FDF772FEB548F7F78FFCB4493B
:108A100040181190B3481330C07BB24913318A7BA0
:108A2000497BB04BDB7F0A930C920B910D90AD48C4
:108A3000827F407FAB49097FAA4BDB7E0693099278
:108A400007910890A748807EA649497EA54A127ED4
:108A5000A44BDB7D0293039204910590A148807D95
:108A6000A049497D009101909E48007D10909D484D
:108A7000C07C0F900246CA49109B1198FDF736FE44
:108A80009748F7F753FC96494018C6A11190FDF797
:108A90002DFE9348F7F74AFC91494018C4A1119064
:108AA000FDF724FE8E48F7F741FC8D494018C3A11D
:108AB0001190FDF71BFE38E28BA18948FDF716FEE9
:108AC0008748F7F733FC86494018119089480278A7
:108AD00089A11198FDF70AFE8148F7F727FC804924
:108AE0004018002289A11190FDF700FE7C48F7F79D
:108AF0001DFC7B494018119040480089024687A11F
:108B000010901198FDF7F2FD7548F7F70FFC7449C6
:108B10004018ADA288A11190FDF7E8FD7048F7F765
:108B200005FC6F49401811906E48827A407A6D4971
:108B3000097A6C4BDB7902930592039104906948A2
:108B400080796849497900910190664800791090D0
:108B50006448C0780F9002467BA1109B1198FDF7E6
:108B6000C5FD5F48F7F7E2FB5D49401811905D488D
:108B7000807C5C494A7C097C5A4BDB7B02930492E3
:108B8000039105905748807B5649497B009101909D
:108B90005448007B10905348C07A0F90024675A14C
:108BA000109B1198FDF7A2FD4D48F7F7BFFB4C490C
:108BB000401811904B481330C17B807B494A1332D7
:108BC000527B484BDB7F0A930B920D910C904548EA
:108BD000817F427F007F434BDB7E069308920991A1
:108BE00007904048807E3F49497E3E4A127E3D4B79
:108BF000DB7D0293039204910590E9E0340D00209F
:108C0000536574205265706F727420496E7465727A
:108C100076616C3A000000003A0000004C4F4700BB
:108C20000A5B25735D000000526563762055617212
:108C300074205265706F727420496E74657276612B
:108C40006C3A2025646D00004552524F52000000DE
:108C5000526563762055617274205265706F72742C
:108C600020496E74657276616C20506172616D206E
:108C70004552524F52000000736574446174615351
:108C8000796E63506572696F643A000041434B002E
:108C90007365744461746153796E63506572696F72
:108CA000643A2025646D696E200D0A204F4B000048
:108CB0007365744461746153796E63506572696F52
:108CC0006420506172616D204552524F5200000085
:108CD000676574446576696365537461747565008E
:108CE000400B0020DC1300206465766963655374D3
:108CF00061746500000000202C62617474657279F3
:108D00005374617475733A25640000002C706F779A
:108D100065725374617475733A2564002C646174D0
:108D20006153796E63506572696F643A256400001F
:108D3000436C6173732041002C4C6F526157414E5C
:108D40004A6F696E3A2573002C4445564555493A99
:108D50002530327825303278253032782530327817
:108D60002530327825303278253032782530327807
:108D7000000000002C4150504555493A25303278CA
:108D800025303278253032782530327825303278E7
:108D900025303278253032782530327800000000D6
:108DA00088DE00082C444556414444523A000000F5
:108DB0002C415050534B45593A0000002C4E574B14
:108DC000534B45593A000000436C617373204300D4
:108DD0009C48807D9B49497D009101909948007D88
:108DE00010909848C07C0F9002469749109B1198AC
:108DF000FDF77CFC9548F7F799FA944940181190D3
:108E000090482330C0788F492331897800910190B0
:108E10008C482330407810908A482030C0780F90DA
:108E200002468BA1109B1198FDF760FC8748F7F76D
:108E30007DFA86494018119082482730C27B807B9A
:108E400080492731497B7F4B27331B7B0A930D9247
:108E50000B910C907B482730C17A827A407A794B0B
:108E600027331B7A0693089209910790754827309B
:108E7000C27981794079734B27331B79029303AB15
:108E800007C370482730C0786E4927318978009130
:108E900001906C482730407810906A482030C079A3
:108EA0000F9002467149109B1198FDF71FFC67480F
:108EB000F7F73CFA65494018119062483730C27B99
:108EC000817B407B5F4B37331B7B0A930BAB07C324
:108ED0005C483730C17A827A407A5A4B37331B7AF2
:108EE000069308920991079056483730C2798179E4
:108EF0004079544B37331B79029303AB07C3514876
:108F00003730C0784F4937318978009101904D480A
:108F10003730407810904B482030C07D0F9002468B
:108F20005349109B1198FDF7E1FB524908466C38F4
:108F3000FBF752FA454950A0FBF74EFA7FE04FA1EC
:108F40001398F7F7DFF900285ED051A11398F7F7CF
:108F5000D9F9401C11901198F7F733FB1090109835
:108F6000002850D0E121C90110984018109010A895
:108F7000F7F71AF90F900F984169464808184649C3
:108F800048610F98006908610F98C1684248C16044
:108F90000F988068404988600F98406848600F9833
:108FA000006808600846C0680E9008460069401CCA
:108FB0000D90084640690C900E9A0D9901F084FDC1
:108FC0003549886100F022FA2A497039081DFBF7FB
:108FD00003FA31480068304949682F4A9268009284
:108FE000019102902C48C0680E902B480069401CEB
:108FF0000D90294840690C90014628A00E9B0D9ABF
:10900000FBF7EAF900BF1AE031A11398F7F77AF9F4
:10901000002803D001203149087010E030A11398D6
:10902000F7F770F9002803D000202C49087006E0FB
:109030002F488079032802DA03202D49887115B062
:1090400000BD0000DC13002088DE0008400B00207B
:109050002C444556414444523A253032782530322A
:1090600078253032782530327800000020DF000883
:10907000D4DE00088C8C00082573000073796E63C1
:1090800044657669636554696D657374616D7000DC
:109090003A0000006C070000740D002052656376F2
:1090A00020556172742053796E632054696D652078
:1090B000434D44204F4B2C253034642D25303264F1
:1090C0002D253032642D25643A25643A256400004C
:1090D0006B6565704D61696E52756E001E000020F3
:1090E0006C656176654D61696E52756E00000000B9
:1090F000340D0020F3B581B007463846FFF77CFAFF
:10910000012810D16048C2880146FA395FA0FAF7F9
:10911000EDF960A160A0FBF75FF95B49FA3960A047
:10912000FBF75AF9FEBDF878C007C00F00285AD0E7
:10913000624E78213046F7F7DAF83146FF2001F029
:10914000E7F85F490870084600783618FF215D4847
:10915000F7F7CDF803225C495A48F7F7ADF800203D
:109160005849C87059480078087158480078401C20
:10917000564908705248027850495248401DF7F746
:109180009BF84F480078401D5149088000F030F9A5
:10919000002802D1012001F07DF9642000F080FC5C
:1091A0004B4801884748FCF7C9FC494802884549B3
:1091B00048A0FAF79BF9642000F072FC002001F04F
:1091C00069F934A134A0FBF707F944A0FBF704F9CF
:1091D00048493F48818048488079032802DA0320C3
:1091E0004549887100BF0298401FC4B229A12AA036
:1091F000FBF7F2F8214641A0FBF7EEF87D1D3DE0BC
:109200002878009023A124A0FBF7E6F845A0009958
:10921000FBF7E2F80098862827D168780002A97841
:10922000084306462D204001864201DC0A2E01DA61
:10923000002E0DD130480681FAF726FD15A116A0A3
:10924000FBF7CAF82C4801893DA0FBF7C5F808E0F8
:1092500010A111A0FBF7C0F82748018941A0FBF736
:10926000BBF8E01EC4B2ED1C00BFA01EC4B2AD1C12
:1092700000BF00BFC82C00DD02E000BF002CBFD142
:1092800000BF00BF4EE70000A00F00204C6F5261EE
:1092900057414E004C4F47000A5B25735D000000AC
:1092A000526563762055617274204C6F526157414C
:1092B0004E20446174613A2025730000C80A0020E2
:1092C0001C000020A00D002053AC00081F0000204F
:1092D000A00E002053656E64000000004C6F5261C8
:1092E0002053656E644461746120537563636573D4
:1092F0007300000088130000340D0020526563766F
:10930000204C6F526157414E20434D442C20546FE6
:1093100074616C2044617461204C656E203A202594
:10932000642C0000416E616C797369732044617430
:10933000612054797065203A202530327800000091
:10934000557064617465204465766963652053795E
:109350006E6320496E74657276616C3A2025646D87
:10936000696E0000557064617465204465766963B8
:10937000652053796E6320496E74657276616C2046
:109380004552524F523A2025646D696E000000002C
:1093900010B515480089002810D11348C08800284E
:1093A0000CD01148C188FA38FFF7A4FEFF210E48FF
:1093B000FA38F6F79CFF00210B48C1800B48008962
:1093C000002810D10948C08800280CD00748C1885F
:1093D000FA38FFF713FAFF210448FA38F6F787FF47
:1093E00000210248C18010BDA00F0020AA1100205A
:1093F00010B50121090305200007FBF71BF9002820
:1094000001D0012010BD0020FCE7000000B58BB0AA
:109410002C216846F6F76BFF114840691149401A44
:1094200005900F48006904900D48C06803900C48EF
:10943000806802900A4840680190094800680090DE
:109440000748806906900020C04308906846F6F7F8
:10945000EDFEE121C901401A034908600BB000BDCF
:10946000740D00206C0700003800002070B5054620
:1094700029461A48FEF7FAF80446214618A0FEF7D6
:10948000A3FB002C28D16420144948801D48088083
:1094900029461248FEF7D4F9044621461AA0FEF7E1
:1094A00093FB002C18D129460C48FEF747F90446D7
:1094B00021461EA0FEF788FB002C0DD1AA200749EB
:1094C00048800520088029460448FEF77FFA0446B4
:1094D00021461FA0FEF778FB204670BD4600002005
:1094E000626D61343536685F6765745F616E795FA0
:1094F0006D6F745F636F6E666967207374617475F6
:109500007300000004E00000626D61343536685F6E
:109510007365745F616E795F6D6F745F636F6E66A4
:10952000696720737461747573000000626D613443
:109530003536685F6765745F6E6F5F6D6F745F630C
:109540006F6E666967207374617475730000000044
:10955000626D61343536685F7365745F6E6F5F6D21
:109560006F745F636F6E666967207374617475737F
:10957000000000007CB505460021019100912846BD
:1095800000F03AFB0446002C19D12B46012201A918
:109590005B2000F025FC0446002C06D12B4601225E
:1095A00069465C2000F01CFC0446002C07D168468C
:1095B00000790007000FE875684601782976204693
:1095C0007CBD3CB50024009401940122931E0588C3
:1095D0006C462580458865808588A5802024645C4C
:1095E000002C07D14C7F64006D462C5B544324B2A1
:1095F000048006E04C7F64006D462C5B5C4324B223
:1096000004802124645C002C07D18C7F64006D46AB
:109610002C5B544324B2448006E08C7F64006D468A
:109620002C5B5C4324B244802224645C002C07D170
:10963000CC7F64006D462C5B544324B2848006E0EA
:10964000CC7F64006D462C5B5C4324B284803CBDBF
:109650000148006870470000280000207CB50546DE
:10966000002101910091284600F0C6FA0446002C22
:109670003CD12B46012201A95B2000F0B1FB04463E
:10968000002C07D12B46012269465C2000F0A8FB84
:10969000044601E00124E443002C25D1684600780B
:1096A0000101684600790007000F01430E46A88AB1
:1096B000C10F0918491089198EB23107090F01919C
:1096C0003005010E00912B46012201A95B2001F01B
:1096D00033FA0446002C09D12B46012269465C204E
:1096E00001F02AFA044601E00124E44320467CBD4F
:1096F0000149087070470000A600002000B58DB039
:109700002C2102A8F6F7F3FD1F48006801901F48BE
:109710000078C007C00F002808D11D4800681D4907
:109720000968884202D91A48006801901648006802
:109730000199884202D214480068019016480068D6
:109740000199884208D21448006812490968884281
:1097500002D91148006801900E4801990068C01CA8
:10976000814203D20B480068401D0190E121C901EC
:1097700001984018019002A901A8F6F71DFD02A862
:10978000FCF7ECFA0DB000BD18000020DC1300203F
:109790009C000020380000201400002010B5052295
:1097A00052020449044800F06BF80449024800F0F2
:1097B00003F910BDAC000020AC0A00202D9B00086E
:1097C0001CB5014600290DD0144B0868984209D1F8
:1097D000DB438869984205D14868002802D0886830
:1097E000002801D100201CBD08690190C8680090C4
:1097F000009B0198984201D18A680CE0019B009877
:10980000984203D9019B0098C21A04E08868009C22
:10981000019B1B1BC21A501EE5E70000EFBEADDE28
:109820001CB5014600290DD0144B0868984209D197
:10983000DB438869984205D14868002802D08868CF
:10984000002801D100201CBD08690190C868009063
:10985000009B0198984201D100220CE0009B0198E6
:10986000984203D9009B0198C21A04E08868019CC1
:10987000009B1B1BC21A1046E5E70000EFBEADDEE1
:1098800070B504460D461646002C03D0002D01D0BD
:10989000002E01D1002070BD1C212046F6F727FDC7
:1098A000A660656002482060C043A0610120F2E725
:1098B000EFBEADDEFEB504460F4615460097002C00
:1098C00011D02B49206888420DD1C943A069884234
:1098D00009D16068002806D0A068002803D0002FB6
:1098E00001D0002D01D10020FEBD2046FFF798FFDA
:1098F00002900298A84201D2029800E0284605464C
:10990000002D00D1F0E7E0680190A0680199401AAD
:10991000A84203D2A0680199401A00E028460646F2
:109920006068019A811832460098F6F7C5FC0198E4
:1099300080190190AD1B002D06D06168009A901926
:109940002A46F6F7B9FC0195A0680199884201D82A
:10995000002001900198E06000BF6069002804D0F9
:109960007219002120466369984700BF7019BBE750
:10997000EFBEADDE10B50446002C1AD00D492068AC
:10998000884216D1C943A069884212D16068002874
:109990000FD0A06800280CD000202061E06000BF3C
:1099A0006069002804D0002202212046636998479C
:1099B00000BF10BDEFBEADDE00280ED0074B026821
:1099C0009A420AD1DB4382699A4206D14268002A50
:1099D00003D08268002A00D041617047EFBEADDE3F
:1099E000FEB504460F4615460097002C11D02B49B2
:1099F000206888420DD1C943A069884209D16068B6
:109A0000002806D0A068002803D0002F01D0002D28
:109A100001D10020FEBD2046FFF7D2FE0290029841
:109A2000A84201D2029800E028460546002D00D148
:109A3000F0E720690190A0680199401AA84203D27A
:109A4000A0680199401A00E0284606466168019A1C
:109A5000881832460099F6F72FFC0198801901907A
:109A6000AD1B002D06D0009A91192A466068F6F7C2
:109A700023FC0195A0680199884201D8002001903B
:109A80000198206100BF6069002804D0721901218B
:109A900020466369984700BF7019BBE7EFBEADDE93
:109AA00001460022034B1A8000BF024A12888A42F4
:109AB000FBDB704734000020FCF7CCFCFCF722FBFA
:109AC00004217D20C000FCF7FDFCF9F78DFBF9F7C0
:109AD0002BFCF9F793FCFAF713FAF9F70DFF00F0F6
:109AE0004BFFFFF75BFEFCF7BBFA00F097F8FDF7C2
:109AF0004BFCFDF797FBF7F73FFCF7F767FBFBF72E
:109B000071FC00BFFBF7AEFE07480078C007C00F2E
:109B10000028F7D007E000F04FFEFBF7A3FEF9F7AF
:109B20001DFDFFF735FCF6E7DC13002070B5064697
:109B30000C461546002C0BD0012C12D0022C19D14A
:109B40000EA110A0FAF748FC10A0FAF745FC12E0AD
:109B50000AA10CA0FAF740FC294613A0FAF73CFC36
:109B600009E006A107A0FAF737FC294618A0FAF782
:109B700033FC00E000BF00BF70BD00004C575242F4
:109B8000000000000A5B25735D0000005B45565431
:109B90005D20427566666572207265736574206526
:109BA00076656E74210000005B4556545D20427559
:109BB000666665722072656164206576656E743ACA
:109BC0002025642062797465287329210000000033
:109BD0005B4556545D2042756666657220777269F2
:109BE0007465206576656E743A2025642062797408
:109BF000652873292100000001460020002908D0B3
:109C00004A6A002A05D08A6A002A02D0CA6A002A53
:109C100002D10020C04300E000207047FEB54D484F
:109C200000684D49096888427ED84B480068B430C6
:109C30004849086002A800F08CFC0746002F08D0B5
:109C400046A148A0FAF7C8FB394648A0FAF7C4FB7A
:109C500021E00298002803DB54480299816206E063
:109C6000029840420121C90508435049886250A129
:109C70003CA0FAF7B1FB0298F6F7C0FE4D49009000
:109C8000F6F7E9FC0190F6F7D8FE05462A460B46A2
:109C900049A0FAF7A1FB00F0C5FC4448846A4E488D
:109CA00084420FD30120C00584420BD23F48008973
:109CB000F02807D10F203D4908812748006847490F
:109CC00008600DE04448844203D30120C00584426B
:109CD00006D3364800890F2802D1F0203349088185
:109CE000029800280FDB0A210298F6F719FA81B2D0
:109CF0002E48827A807A401C2C4B9872520018466B
:109D00000C30815214E00A2102984042F6F708FA1A
:109D10000121C903084381B22448827A807A401C19
:109D2000224B9872520000E012E018460C3081522B
:109D30001E48807A05280ADB1C480089F02803D1D8
:109D400000201A49887202E005201849887200BF75
:109D5000FEBD000018000020380000204552524F80
:109D6000520000000A5B25735D0000004572726FAF
:109D70007220657865637574696E67205348543442
:109D800030582F5354533430204D656173757265CC
:109D90006D656E74204869676820507265636973E9
:109DA000696F6E3A2025640A00000000340D00201F
:109DB0004C4F470000007A445354533430205265CE
:109DC00061642054656D70657261747572653A20C6
:109DD00025302E3266430000C05D000014000020D4
:109DE000FFB5A1B00E461C462046FFF705FF2090A8
:109DF0002098002825D1002E23D0207A002803D1D6
:109E00008021219808432190E17A636823980A18F9
:109E10006946676A2198B8476072607A00280CD159
:109E2000002506E0E07A40196946085C7055681C18
:109E300085B223988542F5D306E00120C0432090E7
:109E400002E00020C0432090209825B0F0BDF7B577
:109E500084B006461446A18A0598F6F74BF903909C
:109E6000A18A0598F6F746F988B202900020019081
:109E7000204600F01CFB0546002D2DD1002715E0E3
:109E8000A28A0198311823465E20FFF7A9FF0546F4
:109E9000002D0AD12046FFF7E1FB0546002D04D135
:109EA000A18A0198081880B201907F1C039887420C
:109EB000E6D30298002809D0002D07D10198311867
:109EC00023465E20029AFFF78BFF0546002D03D143
:109ED000204600F0ECFA0546284607B0F0BD000029
:109EE00010B50022FF21013105200007FAF7AEFB73
:109EF0000520FBF711FE0122110205200007FAF7E9
:109F0000A5FB1920C001FBF707FE034800784008B5
:109F100040000149087010BDDC13002010B5FFF7A8
:109F200067FA002802D1012000F0B4FA03224C495C
:109F30004C48F6F7C1F900204A49C8704A480078F1
:109F4000087149480078401C474908704748027822
:109F500047494448401DF6F7AFF944480078401D92
:109F60004449088044480078401C4349087008462A
:109F70000078602849DB00200870F8F7CBF9F7F784
:109F800023FD002815D0F8F7D5F9FF20F530FFF7AD
:109F900087FD384801883348FBF7D0FD35480288F3
:109FA000304936A0F9F7A2FAFF20F530FFF778FD27
:109FB0003CE0FFF795FFFF20F530FBF7ADFDF8F72C
:109FC000B9F9002000F066FA2E48007840084000F9
:109FD0002C49087002212B484030C17100210172C8
:109FE000294800682949086029A12AA0FAF7F4F94C
:109FF0002648016829A0FAF7EFF93048807903284C
:10A0000002DA03202D49887110BD6420FFF748FD56
:10A01000184801881348FBF791FD1648028811493A
:10A0200016A0F9F763FA6420FFF73AFD002000F06C
:10A0300031FA17A117A0FAF7CFF921A0FAF7CCF956
:10A0400025480078002809D024490A4881801B4807
:10A050008079032802DA03201849887100BFD3E70A
:10A0600053AC0008A00D00201F0000201C000020A1
:10A07000C80A0020A00E00202000002053656E6456
:10A0800000000000DC130020380000209C000020AD
:10A090004C4F47000A5B25735D00000055706461FA
:10A0A0007465205265636F6E6E6563742054696DCC
:10A0B000657374616D703A20256C6400340D002066
:10A0C0004C6F52612053656E644461746120537516
:10A0D00063636573730000001000002088130000A4
:10A0E0000146087800024A78104370470146087814
:10A0F00000064A78120410438A7812021043CA7884
:10A100001043704770B505460E4614463146284642
:10A1100000F006F8A04201D0012070BD0020FCE74D
:10A1200070B502460B46FF20002114E0555C6840E4
:10A1300008240CE080250540002D04D04500312680
:10A140007540E8B201E04506280E651EECB2002C11
:10A15000F0DC4D1CA9B29942E8DB70BD70470000ED
:10A16000FEB506460F46144600BF1A48FAF71CFB18
:10A170000028FAD11748FAF74AFB002802D11548FF
:10A18000FAF779FA1448012149060091019070000C
:10A19000411C234600220F48FAF794FA00250BE0F1
:10A1A00000BF0C48FAF70DFB0028FAD000BF0948A1
:10A1B000406AC0B278556D1CA542F1DB00BF05486E
:10A1C000FAF70BFB0028FAD00248FAF74AFA002007
:10A1D000FEBD0000005400400024008070B504461D
:10A1E0007D21C9002046F5F785FF401C85B2284631
:10A1F000FFF756FC70BD0000FEB506460F4614463C
:10A2000000BF1B48FAF7D0FA0028FAD11848FAF72D
:10A21000FEFA002802D11648FAF72DFA1548010374
:10A22000009101907100234600221148FAF74AFA82
:10A2300000BF0F48FAF7DDFA0028FAD000250AE03F
:10A2400000BF0B48FAF7D5FA0028FAD0795D084824
:10A25000FAF7E7FA6D1CA542F2DB00BF0448FAF7F3
:10A26000BCFA0028FAD00248FAF7FBF90020FEBD3C
:10A270000054004000200080F7B582B00D4614461F
:10A28000E10F091949104A00891889B20091204646
:10A29000E10F091849104900611A02D0042005B0E5
:10A2A000F0BD2946009A0298FFF75AFF0746002F93
:10A2B00001D03846F3E700260020019019E0B11CD8
:10A2C0006A5CA8190221FFF71DFF0746002F01D085
:10A2D0003846E4E7AA5D0198411C89B201912A54ED
:10A2E000701C2A5C0198411C89B201912A54F01C0F
:10A2F00086B200988642E2DB0020D0E770B50446C3
:10A300000D461646324629462046FFF775FF70BDBA
:10A3100030B5034601200B704B2B5DD00CDC092BB4
:10A320001ED004DC012B14D0032B78D185E0492BFF
:10A3300060D04A2BF9D148E04E2B71D004DC4C2B75
:10A3400051D04D2BF1D11CE0862B7CD08B2BECD146
:10A3500068E010224A7009228A70821CD0B291E013
:10A36000494A926A1202120E4A70474A128D12042A
:10A37000120E8A70444A2032127ACA70C21CD0B2BD
:10A3800080E0414A927A4A70002210E055003E4C2B
:10A390000C34645B24125500AD1C4C5555003A4CEE
:10A3A0000C34655D5400E41C0D55541CE2B2364C6F
:10A3B000A47A9442EADC344A927A5200521C12186F
:10A3C000D0B20022304CA2725CE02F4A20321278C8
:10A3D0004A70421CD0B255E02B4A203252784A7063
:10A3E000421CD0B24EE0284A203292784A70421C79
:10A3F000D0B247E0244A526A120E4A70224A526A88
:10A400001202120E8A70204A928C1204120ECA7026
:10A410001D4A203212790A71021DD0B232E030E0BA
:10A420001BE010E0184A928E12124A70164A20322F
:10A43000127D8A70821CD0B224E0144A12784A70CD
:10A44000421CD0B21EE0104A128912124A700E4A03
:10A45000127A8A70821CD0B214E00D4A1268120E71
:10A460004A700B4A12681202120E8A70084A128849
:10A470001204120ECA70064A12780A71021DD0B276
:10A4800000BF00BF00BF30BD340D00200000002021
:10A490003800002010B5044622460121090305209A
:10A4A0000007FAF7D3F80520FBF736FB10BD70B5AF
:10A4B00004462046FFF7A0FB0546002D11D1234698
:10A4C0000122214617315B2000F036FB0546002DA6
:10A4D00007D123460122214618315C2000F02CFBD5
:10A4E0000546284670BDFEB507460C461546204673
:10A4F000E10F0918C9040A0E01922046E10F09185C
:10A50000C9060A0F00922846FFF776FB0646002E82
:10A510001BD1002F19D02B46012269465B20FDF785
:10A52000D9FE0646002E12D12B46012201A95C203D
:10A53000FDF7D0FE0646002E09D1AA8A2B463946E1
:10A540005E2000F0F9FA064601E00026F6433046A8
:10A55000FEBD38B50446684600F00CF80546002DEF
:10A5600001D0284638BD68460088FEF7CDF8206047
:10A570000020F7E7F8B505460026FD223146761C97
:10A58000684642540F49087832466946FFF7B6FEDE
:10A590000446002C01D02046F8BD0B48FFF71EFEF4
:10A5A0000849087802226946FFF766FE0446002C37
:10A5B00001D02046F0E76846FFF792FD2880002092
:10A5C000EAE70000A6000020102700007CB5054641
:10A5D000002689223146761C684642540F49087885
:10A5E00032466946FFF78AFE0446002C01D0204619
:10A5F0007CBD0B48FFF7F2FD084908780422694644
:10A60000FFF73AFE0446002C01D02046F0E76846EA
:10A61000FFF76CFD28600020EAE70000A60000209C
:10A620001027000038B50025942229466D1C684685
:10A630004254084908782A466946FFF75FFE0446F7
:10A64000002C01D0204638BD0348FFF7C7FD00208D
:10A65000F9E70000A60000201027000070B553485D
:10A66000FAF7B3FBF021084005110A2045434F4893
:10A67000FAF7ABFB0007000F2818C0B2072801D17A
:10A6800000200EE04948FAF7A0FBF0210840051130
:10A690000A2045434548FAF798FB0007000F2818A1
:10A6A000C0B2434988614148FAF796FBF02108405F
:10A6B00005110A2045433D48FAF78EFB0007000FBD
:10A6C0002818C0B27D21090140183949486137482E
:10A6D000FAF76AFBF021084005110A204543334888
:10A6E000FAF762FB0007000F2818C0B2401E30497D
:10A6F00008612E48FAF74CFBF021084005110A20AA
:10A7000045432A48FAF744FB0007000F2818C0B257
:10A710002749C86000BF25490968264A11400846F4
:10A72000032109050140090D09010F22120402400D
:10A73000120C11430904072212030240120B1201EA
:10A740000F231B0203401B0A1A43120211437022FB
:10A7500002401209120103071B0F1A430C4614434F
:10A7600000BF200CF021084000110A2148432103BA
:10A77000090F40180E498860200AF0210840001196
:10A780000A2148432105090F4018C0B20849486012
:10A79000F020204000110A2148432107090F4018EA
:10A7A000C0B203490860FEF731FE70BD00280040CA
:10A7B000740D00207F7F3F001FB556488088002819
:10A7C0007ED1554880790028FAD153480079400756
:10A7D000C00F0028F4D151480078C007C00F0028EE
:10A7E00009D04F480078002805D14B480079C006B1
:10A7F000C00F002809D049484030C0790228DFD175
:10A8000046484030007A0028DAD100BF0020FFF728
:10A8100041FE0121C90305200007F9F711FFFEF7EA
:10A820006DFF40484049096801433F4A116000BF3D
:10A830003948007908218843083037490871F8F70A
:10A84000FDFFF9F75DFB34480079C007C00F002811
:10A8500005D1314800798007C00F002825D02E4847
:10A860000079C007C00F00280CD02B4800794008A1
:10A870004000294908712DA12DA0F9F7ADFD2EA0AA
:10A88000F9F7AAFD244800798007C00F00280CD0F2
:10A8900026A127A0F9F7A0FD2DA0F9F79DFD1E48E0
:10A8A0000079022188431C490871FFF7D7FE1FA1D8
:10A8B0001FA0F9F791FD2D4803682D48016800E0BD
:10A8C00026E040682A4A926801AC0BC400922848EE
:10A8D000C3680069421C264841692648F9F77CFD97
:10A8E0000D4800794007C00F002805D00A480079BC
:10A8F0000421884308490871FFF790F90648807AD7
:10A90000052804DBFCF78EFCF6F760FC00E07DE731
:10A910001FBD0000A00E0020340D0020DC1300201D
:10A920001000002001000C00000401404C4F4700C3
:10A930000A5B25735D0000004465766963652057F6
:10A94000616B652055702046726F6D205254430034
:10A950004465766963652057616B652055702046B4
:10A96000726F6D20455854490000000038000020E7
:10A97000740D00206CDF000810B50B480B494861CE
:10A980000120C8600B2088600B46DA681B69591CDF
:10A99000064B586900F098F804498861FEF736FDC7
:10A9A000FBF7AEFA10BD0000E6070000740D0020B2
:10A9B000F0B503461846012410E006780D464F1CFA
:10A9C000F9B256550588FF26360235402E0A0D4647
:10A9D0004F1CF9B25655801C651CECB2192CECDDED
:10A9E00003264C25AE54AE54F0BD000070B586B0C1
:10A9F00003460A46002013A52E686C68AD680396CE
:10AA00000595049412A635687468B6680296009598
:10AA100001940B2A01D00C2A01D10E20C043002141
:10AA20000BE003AC645C944205D16C46645C9C42D0
:10AA300001DA0E20C0434C1CE1B20A29F1DB06B05A
:10AA400070BD00000102030405060708090A0000A2
:10AA5000070707070605040302010000024600205D
:10AA6000012904D1022A0BD90720C04308E000299C
:10AA700004D1072A04D90720C04301E00720C043BE
:10AA8000704701460020002901D00C2901D9072078
:10AA9000C0437047F8B506460F461446214638466F
:10AAA000FFF7DCFF0546002D03D13046FFF7E9FF35
:10AAB0000546002D06D1002C04D131463846FFF75B
:10AAC00095FF05462846F8BDF7B584B00E463746D3
:10AAD00006980390022F03DC0498401E04900C3764
:10AAE00064210498F5F71CFB044664210498F5F7EB
:10AAF00017FB0D46791C0D22514308460521F5F739
:10AB00000FFB0246E017810F081980106100401A00
:10AB10004019E9178B0F5919891040181118019520
:10AB2000009403980818401E029007210298F5F738
:10AB3000F7FA084607B0F0BDFFB581B005460E46EE
:10AB40001C462046FFF758F800900098002823D1B3
:10AB5000002E21D0207A002801D16D066D0EA76A43
:10AB6000636831462846039AB8476072607A0028C5
:10AB70000ED13220005D012804D10220E26A616812
:10AB800090470CE0FF20C330E26A6168904706E01E
:10AB90000120C043009002E00020C04300900098D4
:10ABA00005B0F0BDF7B584B006461446A18A0598F5
:10ABB000F5F7A0FA0390A18A0598F5F79BFA88B2F9
:10ABC000029000272046FFF772FC0546002D2CD18D
:10ABD000019014E0A28AF11923465E20FFF7ACFF32
:10ABE0000546002D08D12046FEF738FD0546002D0C
:10ABF00002D1A08AC01987B20198401C0190039924
:10AC000001988842E6D30298002808D0002D06D18A
:10AC1000F11923465E20029AFFF78EFF0546002DAC
:10AC200003D12046FFF743FC0546284607B0F0BD98
:10AC3000081C3044586C8000000000040004000030
:10AC400008000000080000080000000800000400E0
:10AC500008000C686B74081C3044586C80000000BD
:10AC600000040004000008000000080000080000C4
:10AC700000080000040008000C493243315F57729D
:10AC80006974654D756C7469706C654461746100BC
:10AC9000493243315F526561644D756C7469706C03
:10ACA000654461746100493243315F4D617374657D
:10ACB00072577269746500493243315F4D61737434
:10ACC0006572526561640000081C3044586C800055
:10ACD0000000000400040000080000000800000854
:10ACE000000000080000040008000C001F00000025
:10ACF0001C0000001F0000001E0000001F000000DC
:10AD00001E0000001F0000001F0000001E000000C9
:10AD10001F0000001E0000001F000000081C30443F
:10AD2000586C8000000000040004000008000000CF
:10AD300008000008000000080000040008000CC81B
:10AD40002E002EC82E002EC82E002EC82E002EC873
:10AD50002E002EC82E002EC82E002E802E92B0500F
:10AD600039212EB0F01030212E16F0802EF800255B
:10AD700050235201423B80413001423C80002E0171
:10AD8000400142212EFFAFB82E4B88802E18008044
:10AD90002E1800802E1800802E1800802E1800809B
:10ADA0002E1800802E1800802E1800802E1800808B
:10ADB0002E1800802E1800802E1800802E1800807B
:10ADC0002E1800802E1800802E1800802E1800806B
:10ADD0002E1800802E1800802E1800802E1800FDDE
:10ADE0002D00000000000000000000000003000330
:10ADF000006400000000000100000000007E00AAC6
:10AE0000000500AA0005002D01D47B3B01DB7A047C
:10AE1000003F7BCD6CC3048509C304ECE60C4601FE
:10AE200000270019009600A00001000C00F03C0073
:10AE3000010100030001000E0000000400EE06F214
:10AE400005808016F10202408088000000010000A9
:10AE500000000000000000000000000000000000F2
:10AE600000000000000000000000000000000000E2
:10AE700000000000000000000000000000000000D2
:10AE800000000000000000000000000000000000C2
:10AE900000000000000000000000000000000000B2
:10AEA00000000000000000000000000000000000A2
:10AEB0000000000000000000000000000000000092
:10AEC0000000000000000000000000000000000082
:10AED0000000000000000000000000000000000072
:10AEE0000000000000000000000000000000000062
:10AEF0000000000000000000000000012E55F0C01E
:10AF00002E212E55F01050FB7F2125982EEE00FBB0
:10AF10006F2125F05F1025802EC00183860130004F
:10AF200030944024180600530E4F02F92FB82E1A01
:10AF3000242600802E4101802E1800802E18009DAE
:10AF4000006000A60062005100AF00FF00EC00FFAF
:10AF5000B7000200B00580C9F00040FF7F00808884
:10AF60000080005EF059F089F05400002056F0880F
:10AF70000055005A005800FFFB52F0330933070018
:10AF800008900100F85D000180AF00FF1FA936ABFB
:10AF9000041D6CAD00590131D1717DE40C1202B376
:10AFA00000B4046203C0021FF8E107D30701E0B652
:10AFB00000C000C200BA00B900BC00B500BF00DE8E
:10AFC0000019520B506042003F0D54424269820FFB
:10AFD00054424242826B304240100850427E804BC5
:10AFE00042713201421050032E40F056900880F01A
:10AFF0007F31301F2F033017521154143506301390
:10B000005055321D1AE322181A1558E3220430D580
:10B0100040B50DE1BE6FBB8091A90D0189B523102C
:10B02000A1F72FDA0E1435EB2F012E2500701A0030
:10B03000302130482240B2062F232E59F0982EDEC0
:10B0400000002E002ED02EF06F013120260142107C
:10B0500030212E59F0982EDE0001500352982E1602
:10B06000B401500584133005506430075293428474
:10B0700042982E16B40550068071300142982E4237
:10B08000B1002E002ED02E982E78B0012E54000044
:10B09000B2122F0030212E54000950982E38B009DA
:10B0A00050982E4DB1982E48B509500152982E2730
:10B0B000B409500552982E27B4982EDE00E12D30A9
:10B0C0005000301B560530052CFB7F3EBED2BAB275
:10B0D000B96C0B530EF92F531A012F4D0EF52FD2C9
:10B0E0007F04301F2CE17FC501A303720E032F7272
:10B0F0001A0F2F790F0D2FE16F4F045FB9B1BFFA0F
:10B100000BD26F9606B12551BFEB7F0600B2252703
:10B1100003DB7FCFBF3EBF01B8D2BA41BAB2B90795
:10B120000A6E0BC090DF2F4091DD2FFB6FD05FB810
:10B130002E802E1800802E1800802E1800FD2D94D1
:10B1400001DD03C0AD0B2FC0A8032FC090072F80D7
:10B15000A6052F40A9122F4091012F00AB0E2FC042
:10B16000AC00301F52072FC0A9032FC091032F80BE
:10B17000A7012F40A1052FC02E17250625C02EF0B0
:10B180003F1D52B82E80A80325102F8090012F411B
:10B190000E0C2FF33F180505305D07150E032F55D4
:10B1A0001A022FCC0F002F58040125B82EB82E609C
:10B1B00050032E8500E07FF17FDB7F303021540A81
:10B1C0001A282F1A257A8200304330323005300495
:10B1D00030F66FF209FC13C2ABB309EF2380B3E67C
:10B1E0006FB701002E8B414B42032F4640861781DB
:10B1F0008D4642418B23BDB3BD03894182070C4379
:10B20000A3E62FE16FA26F5242002EB26F524200AE
:10B210002EC26F424203B2032E59F0F33D02320BAD
:10B22000088A0ADB6F0222A05F212E59F0B82E0790
:10B230002E00F0032E00F027509CBE02402352F453
:10B2400033DCBAD90F9408062F49AF042F510A02F4
:10B250003447A38A0A91223C80252E59F0014001EF
:10B2600042B82E6050C37FD47FE77FF67FB27FA5C0
:10B270007F3630072E01F0BEBDBEBB2958770509C9
:10B28000562B5427410641F8BFBE0BB511D64203D9
:10B29000895A0EF62F1230252E54000231252EB871
:10B2A000F0D46FC36FE76FB26FA56FF66FA05FC882
:10B2B0002E7050428ED47FF67F47251A182D52F1FA
:10B2C0000064250130390294418141E27FBEBBBD5B
:10B2D0008D02BDB57F8EB5BA0AC67FAB7F5125986A
:10B2E0002E00B0D56FE26F2A182D54B2010230C47F
:10B2F0006F7A0312417425D07F52BCD3416EBADEFF
:10B30000B6200BC77F917F982E00B0F26FD56FCA21
:10B31000165518DD18956FEA182D5A31257501015B
:10B3200030202539025EBA82BC8EB6210B982E00E1
:10B33000B0E26FB56F2A18E07FF17F04302D54F230
:10B34000007C02856FD06F0D176818E018906FC4ED
:10B350006FC518EB6FB2011B4302307A03FB6F3DE0
:10B360008F0B433EBA12BD52BC6EBBA20A9EB5DE25
:10B37000B6300BF77F982E00B0F56F3125D16F9264
:10B380006FAB6F50434343905F1D56802E23B01028
:10B3900050034019181F5619053625F77F4A1754D0
:10B3A00018EC18091701300C07E218DE00F26F974D
:10B3B000021B58DC009102BFB821BD8A0AC02E02D0
:10B3C00042F05F2F503130232E57000240510A21A6
:10B3D00042002E01400142B82E072E7D00502590DC
:10B3E0005032BC33BD1A25B4BD798E77883FBBFB84
:10B3F0007F0B308FB8AFB98B7F4090CB430B43E1CD
:10B400007FD37FC67F032F982E42B1E16F0B309E12
:10B410000A910A80B2902E08B2012E5C000190259C
:10B42000250E2F3152012E5900B47FA27F982E0E87
:10B43000B20430292E5C00E16FD36FA26FB46F0BA2
:10B4400030012E7D00572585BF06BFFFBBC0B36608
:10B45000BB94B1B67F172F395C06080F2E860033D8
:10B460005CFFBF9B43FFBB212E7D00C0918B430639
:10B470002F3B50002E1B421B421B420B42002E351D
:10B4800050002E1B420B42C0B2052F3350002E1627
:10B49000400B40767F8B7FD90A012E5900315237FD
:10B4A0005C982E5AB2946F00B30B2FC46F00B30890
:10B4B0002F335435589040104321308240024323AB
:10B4C0002E5EF0D46F00B32D2F052E86003350AFC3
:10B4D000BC746F826F14429FB802424090092F3BA8
:10B4E00050A8BCC8B91442590A1142A8B812420166
:10B4F00042002EC06F0090152F3552002E50404153
:10B50000402004510640AA042F40900B2FB16F48F1
:10B510000F082FB06F00B2052F3550213014422391
:10B520002E5EF00242002EE46F00B3132F092E5757
:10B5300000052E5800221A0D2F2F58252E570022B5
:10B54000434230004100430989002E0243032D1479
:10B5500030292E5C00FB6F705FB82E09861B54E407
:10B5600040C3809404C3401305054025058A177322
:10B570003073098C17F308E3004C821501B3B553FF
:10B58000428B1643B652424C1754425542534252D4
:10B5900042544245426D823D54524210503F5452F3
:10B5A00042FB7F22304156434244820B3052425B81
:10B5B000427C844B42358290808B420B4235800422
:10B5C000300B42378015306025982E4DB28B83FBAF
:10B5D0006F6542C02E4442F05F0580023051820206
:10B5E00042133041404B0843543E805114C02E0159
:10B5F00042002E4051D17F12250230424332308228
:10B6000043C67FE57FB47FA37F907F8B7F982EE337
:10B6100000C07E00AC012F1D50C07E002E906F092F
:10B620008AD16F757F4C826341657F117F002E64E4
:10B63000414485527F457F002EA6408040327F8264
:10B640008EC26E4541F07F277F027F982EB9B023CE
:10B650006FD16FC240F986237F80B2E07E0F2F3218
:10B660006F646F8240F27F5082426F506F736F85BC
:10B6700040C34004410640E26E982EB9B0E07EF32C
:10B6800031106F3680E16E0240717F51040230400C
:10B69000A891044A22891693084A0095B409188E85
:10B6A0001613309308216F607F4D860280B20041EF
:10B6B0004021B5507F437F982E28B1406F626F556F
:10B6C0006F134084400140454142BE1D184C043177
:10B6D0000F048AC06F1130022F002E032C01422369
:10B6E000300342002ED66F44418A87768B00B353D5
:10B6F0007F152F046F455E8B8DE701C0A584410146
:10B700002F00A1032FC0AD082F00A5062FC6408132
:10B710008D07303C05D642042CC442022C0730076A
:10B72000308686946FD77E0E8D00407489C74002A4
:10B73000B2F92945418641BE80214175238240C727
:10B7400042457F347F207F982E28B1316F606F246F
:10B750006F22400541434013014386AC0FD16F3047
:10B760007F002F4442488A4188E140137F047FF5DF
:10B770007E982E28B1116F606F346F424003409A5B
:10B780000404414382A20E036F002FC242002E41E7
:10B7900040726F982E28B1256F726F5341930ED16E
:10B7A0006F46801B3003300C2F044000914242084A
:10B7B0002FF66E446F8641B40E032F0288DB7E03A2
:10B7C000430B42468D44414780056F940F767F605E
:10B7D0007F022F4589424303434988A56F4091A4C6
:10B7E0007F1530E26FD36E032F04308342802EFE2C
:10B7F000B304402529044283424582946F0485C0E6
:10B80000B2902EEAB315873C8CC440467FC28607AF
:10B81000408641F4BF00B30C2F906F168046250080
:10B820004057250418AE0E103006307525462360AB
:10B830006F6425C440FA8600B3337F092F936FD815
:10B8400088536F0441C340DC0E13300430DC22B354
:10B850002540B3022F3B25C090052F916FD06F98E4
:10B860002E4DB24D2C04308D8843408240547FDAF7
:10B870000F0430082FC1804042C20F022F0030C099
:10B880007E1B2DC07E192DE1BC926F4F0490844029
:10B89000A8210583404C224B0EB6842130022F1183
:10B8A00030042CC17EE36FC17EC142002E00408176
:10B8B0004004BD406F982E28B1506F1130024051A6
:10B8C00008C36E038099150B40B16FD06FB67F5BD4
:10B8D0007F04300D540330112C1480556F064075D1
:10B8E0000158BB6A090542C18647405125BE015631
:10B8F00043002E4641F403B66F47435E0EED2F31F1
:10B900006F606F4240153002829508044252420235
:10B910002C444204303E8E916F4F8C02408341B5DF
:10B920008D930ED06F012F982E4DB2002EC0418105
:10B9300041C10FC06F012F0442002E706F3C820086
:10B94000404140891695084A0004BC91B4010EE0BC
:10B950006F072FA16F002E414040B2022FA16F054B
:10B96000424442002E8B6FC05EB82E098602301210
:10B9700042430EFC2F378013301342124212421200
:10B980004202420380418411420242B82E468A900C
:10B990005063414389F07FE37F428C0441052E864A
:10B9A0000000410DB8AFBFD07F00B2FFBBAEBDB647
:10B9B0007FBFB94041C77F902ECAB4512556408100
:10B9C00091A17F102F0130F06F4143002EB26F1311
:10B9D000409342002E13409342002E00408042BD0F
:10B9E00080C02E0142705FC0B30130475E3B5C0DEA
:10B9F0002FC0B20B2F00B2092F91439143D33F9335
:10BA000008D14391438143252E8600C143478B12C1
:10BA1000304641F36F8641044143BEC3BB65BF65F9
:10BA2000BA747F877F917F7B89D66F5115750940E6
:10BA3000B3D5400B2F0641AE050730FE0580A9B7F0
:10BA400023776F770F966FD623D66F977F0090007E
:10BA50002F05434182018943A2E72F936FA16F18FD
:10BA60001A022F0030382C40424340DA28846F43BA
:10BA7000425C0E302FC16F40B2192F00B2172F0356
:10BA80002E5D00475A418E57430130404101020D5F
:10BA90005278BA404308BF3B56660BF90901096961
:10BAA00009D74208B8D5424108D442C142002EE12C
:10BAB0006F40B2032F7F825114232E5EF0F06FB1DE
:10BAC0006F12405242002E12405242002E0040039C
:10BAD0002C404210304042705FB82E1F50501A0464
:10BAE0002F1D5641804B1A818441220030C02E8286
:10BAF000040A28FF80143020140A1808173000C0E8
:10BB0000B23C030B2FD0A0032FF0802010072C088D
:10BB10001705316B05651503122311050AC8162395
:10BB20001A042F4A0C1D54C02E9FB80A00B82E804C
:10BB3000A0173004303C2240A0BC23061A4A172F1D
:10BB4000081000305001B48817DB7F072F80A8034E
:10BB50002FF43F2004032CA6073804A60780B21454
:10BB60002FC917C0B242250B2FD0A0032FF086CBD0
:10BB700015072C0130023193048A12FB154B14FA7D
:10BB80000B8800FE02982EA5B7042D40ACF13F03B0
:10BB9000300B22DB6FD05F4952C02E010E08221FEE
:10BBA00056054069180D17E1181905162537254A5D
:10BBB000175418EC1804306407EA188E005F021B53
:10BBC0005693004C022FB991BC910A0242B82E0143
:10BBD0002E7E0001311050010800B2FB7F102F01B2
:10BBE0002E870001900030032F212E8700982E9B76
:10BBF000B7982E67B500B2062F8030212E5EF00375
:10BC00002D1030212E8700FB6FF05FB82E092EDC3F
:10BC10000000516F504D54095A57525556515E719C
:10BC20005CEB7F0091652F5928FF29B77FC17FD634
:10BC30007F9A895141080E01220A0F10224F541B8E
:10BC400052A47F957F807F982ECEB4B26F10259836
:10BC50002ECEB4826FE3301025982EDAB4A56FC8CB
:10BC60001651541B5250435343A57F982ECEB48295
:10BC70006FE3301025982EDAB4A16F481750424573
:10BC800042718A53541B52A57F982ECEB4C26F10B6
:10BC900025982ECEB4826FE3301025982EDAB4A505
:10BCA0006FC81655541B5250435343A57F982ECE50
:10BCB000B4826FE3301025982EDAB4A16FC81759FB
:10BCC0005650424742F37F7D82826F555A575853F0
:10BCD0005C5556A17F982EB9B0D36FA26FD0429019
:10BCE000882B52956F6F504D54D37F690EA12F1141
:10BCF0003001431A25708A0956C57FD57F11324B12
:10BD00005CB37F71000530B36F8741C440FC01977D
:10BD1000430C1787413C039443967FF57FA17F0036
:10BD20002ED640300E0622B37F320F902251584F4C
:10BD30005C5156982EB9B0C56FB26F5043C57F05A0
:10BD4000302B50500EA16F4482966F4D546F50DAD5
:10BD50002F7D5213304640F3284342C4A07152C194
:10BD60007F33304B582E2F1583595CB17FF67F748B
:10BD7000251641A47F977F002E0441CC17FB08F3C2
:10BD8000006503DEBEB2B95D0B280E05222A0F90B6
:10BD900022555A5758535C5556982EB9B00530C1A4
:10BDA0006F795650424B0EB06FC17F0482926FA4E0
:10BDB0006F85423330595C6F504D54B17F1543D578
:10BDC0002F2B2EB5007D524182C17F982EE300D1EA
:10BDD0006FB07F982EE3000952A07F982EE30000F9
:10BDE000A01D524823A26FB16F957FB330982EDA11
:10BDF000B4A26FA07FB3304152982EF8B4D16FC572
:10BE00006F0230D27FC07F817FB330424051417595
:10BE10007F982EDAB4D56F816F68294140C26FD503
:10BE20007FB330982EDAB4816F756F795450426ABF
:10BE30000EE92FB26F916F982ECEB41025B330213A
:10BE400025982EDAB420257F505B52982E30B57F8E
:10BE500054B56F5D5005049140080F9D8A82407370
:10BE600052082FBF8480A8252EC00002300B2F520D
:10BE7000420A2C4242818485A0252EC000523010F7
:10BE800030012F52424042002E226F5F52910F101C
:10BE90006F0130022F6156030F122F036FC0A88B62
:10BEA00005DE22635CDE0FC17F06300B2F655683F3
:10BEB0000E1630032F80A41630002F2630032CC618
:10BEC0007F3630C67F002E4241658B8090082F75EB
:10BED00054B8843032864290001B302D2EC2008B25
:10BEE0004278874241755A321A022F56430F2C412D
:10BEF000430B2EC30012306A2902322B2EC3002AB4
:10BF00000E042F7754898AC06F80424143002E056A
:10BF10002E5F00848CC740A5410D50C0B32809CCCA
:10BF200005C4888341F3BF828DB77F947F0A2F09B0
:10BF30002EC1000091062F6958847F81826B5A6B55
:10BF4000500C2C4B401809828458B8B8B94C04677F
:10BF50005EB3BE03BC8B4013BE877FB33086416D9A
:10BF600052A26F767F657F507F4B7F347F982EDAA9
:10BF7000B4D16F880E0130032F0B2EB90040B302ED
:10BF80002F232EBB000F2D052EBB001530952870DA
:10BF90006F08B8252EBB00100EC26F7950022F1506
:10BFA0004212420142B330A26F416F982EDAB4D1EF
:10BFB0006F080F032F032EB9004090032F01302389
:10BFC0002EBD00122D032EBD00756F0D5441826AE7
:10BFD00009232EBD000D0E072F7B524282053065CE
:10BFE0004212304542252EBC00916F7E8A40407C33
:10BFF000844541052883404042C3B2023000302BC3
:10C000002FC06F00B20030272F012EC1000090001A
:10C0100030052FC290032FC06F039000301C2F20DB
:10C020006F836F830E0030172F136F506F980F00C0
:10C0300030122FB06F980E00300E2F036F606F9884
:10C040000F0030092F306F980E0030052F40B300DD
:10C0500030022F252EB9001030414045AC012F0091
:10C06000B2042F7B524282252EBC004242002EEBAE
:10C070006F005FB82E4B50013081541142420EFCCC
:10C080002F1030C02E212EB9003050F37FC0ACE409
:10C090007FD57F032F00308204F36FC30640AD05C8
:10C0A0002FE06F05302804D16F6907E07F40A101C0
:10C0B00030202F132502250432063002300330AF22
:10C0C000BBB1BDDF0A9FBB21BD970A8FBB91BC01ED
:10C0D000BC4F0A6B0E042F6B1A072FE76F7A0F0401
:10C0E0002FE76F97041730070ADD06818D340EE6BF
:10C0F0002F002E0D2D6B0E0030052F6B1A072FE031
:10C100006F420F0030032FE06F9004DD061030F512
:10C110006FC37FB27F40AD062F0330B26F9A04C465
:10C120006FDC06B27FC37F002ED26FAA0C80AC02F8
:10C1300030012F10045106D05FB82E802E180080D9
:10C140002E1800802E1800802E1800802E180080D7
:10C150002E1800802E1800802E1800802E180080C7
:10C160002E1800802E1800802E1800802E180080B7
:10C170002E1800802E1800802E1800802E180080A7
:10C180002E1800802E1800802E1800802E18008097
:10C190002E1800802E1800802E1800802E18008087
:10C1A0002E1800802E1800802E1800802E18008077
:10C1B0002E1800802E1800802E1800802E18008067
:10C1C0002E1800802E1800802E1800802E18008057
:10C1D0002E1800802E1800802E1800802E18008047
:10C1E0002E1800802E1800802E1800802E18008037
:10C1F0002E1800802E1800802E1800802E18008027
:10C200002E1800802E1800802E1800802E18008016
:10C210002E1800802E1800802E1800802E18008006
:10C220002E1800802E1800802E1800802E180080F6
:10C230002E1800802E1800802E1800802E180080E6
:10C240002E1800802E1800802E1800802E180080D6
:10C250002E1800802E1800802E1800802E180080C6
:10C260002E1800802E1800802E1800802E180080B6
:10C270002E1800802E1800802E1800802E180080A6
:10C280002E1800802E1800802E1800802E18008096
:10C290002E1800802E1800802E1800802E18008086
:10C2A0002E1800802E1800802E1800802E18008076
:10C2B0002E1800802E1800802E1800802E18008066
:10C2C0002E1800802E1800802E1800802E18008056
:10C2D0002E1800802E1800802E1800802E18008046
:10C2E0002E1800802E1800802E1800802E18008036
:10C2F0002E1800802E1800802E1800802E18008026
:10C300002E1800802E1800802E1800802E18008015
:10C310002E1800802E1800802E1800802E18008005
:10C320002E1800802E1800802E1800802E180080F5
:10C330002E1800802E1800802E1800802E180080E5
:10C340002E1800802E1800802E1800802E180080D5
:10C350002E1800802E1800802E1800802E180080C5
:10C360002E1800802E1800802E1800802E180080B5
:10C370002E1800802E1800802E1800802E180080A5
:10C380002E1800802E1800802E1800802E18008095
:10C390002E1800802E1800802E1800802E18008085
:10C3A0002E1800802E1800802E1800802E18008075
:10C3B0002E1800802E1800802E1800802E18008065
:10C3C0002E1800802E1800802E1800802E18008055
:10C3D0002E1800802E1800802E1800802E18008045
:10C3E0002E1800802E1800802E1800802E18008035
:10C3F0002E1800802E1800802E1800802E18008025
:10C400002E1800802E1800802E1800802E18008014
:10C410002E1800802E1800802E1800802E18008004
:10C420002E1800802E1800802E1800802E180080F4
:10C430002E1800802E1800802E1800802E180080E4
:10C440002E1800802E1800802E1800802E180080D4
:10C450002E1800802E1800802E1800802E180080C4
:10C460002E1800802E1800802E1800802E180080B4
:10C470002E1800802E1800802E1800802E180080A4
:10C480002E1800802E1800802E1800802E18008094
:10C490002E1800802E1800802E1800802E18008084
:10C4A0002E1800802E1800802E1800802E18008074
:10C4B0002E1800802E1800802E1800802E18008064
:10C4C0002E1800802E1800802E1800802E18008054
:10C4D0002E1800802E1800802E1800802E18008044
:10C4E0002E1800802E1800802E1800802E18008034
:10C4F0002E1800802E1800802E1800802E18008024
:10C500002E1800802E1800802E1800802E18008013
:10C510002E1800802E1800802E1800802E18008003
:10C520002E1800802E1800802E1800802E180080F3
:10C530002E1800802E1800802E1800802E18000063
:10C5400000000000000000010203040607080900C3
:10C5500000000001020304030406080C1018203038
:10C56000081C3044586C80000000000400040000E7
:10C570000800000008000008000000080000040097
:10C5800008000C00FCDF000800E0000804E00008E0
:10C5900061742B727870726C656E3D6175746F2C6E
:10C5A00031353030000000000000000000000000C5
:10C5B000200000000000000000000000000000005B
:10C5C000000000000000000000000000000000006B
:10C5D000000000000000000000000000000000005B
:10C5E00000000000C82E002EC82E002EC82E002EDF
:10C5F000802EAE00802E6E01C82E002EC82E002E7A
:10C60000802E9A015035212EB0F01030212E16F0D8
:10C61000802EE7018B50795201423B80413001422C
:10C620003C80002E01400142212EFFAFB82E6D004C
:10C63000802E1800802E1800802E1800802E1800E2
:10C64000802E1800802E1800802E1800802E1800D2
:10C65000802E1800802E1800802E1800802E1800C2
:10C66000802E1800802E1800802E1800802E1800B2
:10C67000802E1800802E1800802E1800802E1800A2
:10C68000802E1800802E180000000000000000001E
:10C690000000000000000000040000000000000096
:10C6A000000001001E010100000000000300040161
:10C6B0000000000001000000000000000000000079
:10C6C000000000000000000000000000000000006A
:10C6D000000000000000000000000000000000005A
:10C6E000000000000000000000000000000000004A
:10C6F000000000000000000000000000000000003A
:10C700000000000000000000000000000000000029
:10C710000000000000000000000000000000000019
:10C720000000000000000000000000000000000009
:10C7300000000000212EB0F01030C02E212E16F087
:10C740009050E57FD77FF67F86307B5A002E474199
:10C750005743002E47414743002E4741BE092D2E27
:10C7600069000D2E69008091022F46302D2E5A004F
:10C770000D2E57F0473045416F09D2BA4091795A92
:10C78000B50967BB2D2E8C000E2FC47FB37FA27F0F
:10C79000917F807F7B7F982E33B5806F916FA26FE2
:10C7A000B36FC46F7B6F795A2B2EB9F0E56FD76FDB
:10C7B000F66F705FC82E012E58F00137010800B2E5
:10C7C0001030032F032E5A0044B2012F0030B82E30
:10C7D000B82E012E58F07952C02E010807B8802ECD
:10C7E0001800FD2DCC000500CC0064003301F67864
:10C7F0008500CD6C07009A7933735F05BE0A5F052B
:10C8000096E8EF4101000D000C004A00A000000076
:10C8100003003C0F000101000300010008000000BC
:10C820000600090082000600060008005000000013
:10C830004C04020003000000000000009141484049
:10C8400088006C005F006A00820057005400950069
:10C85000FC1F00E0FF1F0301010155F0800057F0AD
:10C8600039F058F089F00040FF7F008088005EF0CA
:10C8700059F0001000080020760000F8A000E8033E
:10C880000180B87EE17A7FFF26F09104F000FF007E
:10C8900000FF56F08E0062006600FFFB52F0330985
:10C8A00033079001C83B39C4913766020001020189
:10C8B0008C00AF00EC00FFB9000200B00580C9F0A9
:10C8C0007050F07FE17FDB7F982EE90000B2795055
:10C8D0001B30052F032E03F09DBC9FB84090042F02
:10C8E000372E6100212EBCF0102D69527D50C57F7E
:10C8F000B47FA37F927F982ED6011030212E520054
:10C90000926FA36FB46FC56F7950212EB8F0E16FAD
:10C91000F06FDB6F905FC82E8050E17FF07FDB7F90
:10C92000002E7F52002E6040414008BC410A40B2B8
:10C93000122F877F712567528150947FA27FB37F2A
:10C94000C57F982ED60110301725212E6B00C56F9C
:10C95000B36FA26F946F876F012E6B00010A00B254
:10C96000072F1B30372E530040900B30012F372EEE
:10C970006B00982EE90000B2022F7950212EBAF0F8
:10C980000B31372EB8F0E16FDB6FF06F805FC82E90
:10C99000052E01F02EBDAEB934304384E3042540AA
:10C9A0000440D8BE2C0B2311544203804A0EF62FAC
:10C9B000B82E1A242600802E00B0012E55F0C02E6D
:10C9C000212E55F01050FB7F2125982E7AB1FB6F58
:10C9D0002125F05F1025802E1EB1802E1800802E9C
:10C9E0001800FD2D1050982E00B86B50982EA800FE
:10C9F00077500480F07F002E002ED02E012E2C01C7
:10CA000001BC0EB8212E5B00982ED9B1982EA0B48F
:10CA1000012E530000B2902EB8B0012E5A0003A090
:10CA2000352F03B2062F75527350212E8B00232E03
:10CA300075001B2D052E0301012E5B0051300804EB
:10CA400023BDA3B8481240B212305122012E6A0011
:10CA50006F54715602084B08010A61546352212E2B
:10CA60006A00252E7500232E8B006750982E99B1F1
:10CA700067505F52982E0EB267506552982E0EB2D4
:10CA8000012E5A000490022F6750982E3EB5052EB5
:10CA90005A0082B2512F80B24F2F81B26D50412F78
:10CAA00083B2032E73002F2F8490532F052E69001D
:10CAB0008090032F0030212E5D004C2D072E890021
:10CAC000052E2C01C0B2062F1330D308C0B2022F9E
:10CAD0000330272E5A00072E6D00590A40B2022F4C
:10CAE0000130232E5D002130510840B2322F032E39
:10CAF0005D001008418202B8232E5D00480E292FE8
:10CB00000030212E5A00262D40B2232F1130403004
:10CB10000230232E6C00232E8200212E5A00252E57
:10CB20005D00182D012E5E003F80212E5E0000AAC0
:10CB3000102F3030212E5A000D2D032E5B000232B3
:10CB400010305110212E6C00212E8200212E5A000F
:10CB5000232E5E000230252E5300012E00F0092EF8
:10CB60002C01072E69004FBAC090032E5C00062FDF
:10CB700040B20030292F252E5C00272C0125409043
:10CB8000012F212E5C00032E5A0040B2122F449038
:10CB900000301A2F00B3012E5C00162F982EE900EA
:10CBA00000B27032112F9331982EF7000090903020
:10CBB0000C2C18220091012F212E5C0021332330F0
:10CBC000012E5B000100272E5A0000B2012F212EFA
:10CBD00000F0012E52000090032F012E610000B2E0
:10CBE000062F6950982E99B16950982E19B30230CA
:10CBF000252E5200012E55F0212E55F0F06F0331F5
:10CC00000140052E5A00CB0AF43E83904C084B227B
:10CC10000142002E012E55F0212E55F0802E09B034
:10CC20003050003083560530052CFB7F3EBED2BA13
:10CC3000B2B96C0B530EF92F531A012F4D0EF52F6D
:10CC4000D27F04301F2CE17FC501A303720E032F96
:10CC5000721A0F2F790F0D2FE16F4F045FB9B1BF1B
:10CC6000FA0BD26F9606B12551BFEB7F0600B225B5
:10CC70002703DB7FCFBF3EBF01B8D2BA41BAB2B9FA
:10CC8000070A6E0BC090DF2F4091DD2FFB6FD05F46
:10CC9000B82E9401DD03C0AD0B2FC0A8032FC090A8
:10CCA000072F80A6052F40A9122F4091012F00AB1E
:10CCB0000E2FC0AC00308752072FC0A9032FC091A0
:10CCC000032F80A7012F40A1052FC02E1725062571
:10CCD000C02EF03F8552B82E83860130003094403C
:10CCE00024180600530E4F02F92FB82E80A80325F2
:10CCF000102F8090012F410E0C2FF33F18050530A7
:10CD00005D07150E032F551A022FCC0F002F580464
:10CD10000125B82EB82E6050032E2E01E07FF17F42
:10CD2000DB7F303089540A1A282F1A257A82003086
:10CD30004330323005300430F66FF209FC13C2ABD9
:10CD4000B309EF2380B3E66FB701002E8B414B424E
:10CD5000032F46408617818D4642418B23BDB3BDCC
:10CD600003894182070C43A3E62FE16FA26F524271
:10CD7000002EB26F5242002EC26F424203B2032E07
:10CD800059F0F33D02320B088A0ADB6F0222A05FE2
:10CD9000212E59F0B82E032E00F0072E00F0BCBE55
:10CDA000052E2C018D50AFB90240F433DCBAC1B26C
:10CDB00094080E2F072E5A00C4900A2F7956CB0FD5
:10CDC000072F49AF052F7952510A023447A38A0A27
:10CDD00091223C80252E59F001400142B82E0A864E
:10CDE00002301242430EFC2F36801330134212429F
:10CDF0001242124202420480418411420242B82E81
:10CE000046868050E440C240F47F83B00B2E57F03A
:10CE10004288EE13E47F7430C28AFC090330434336
:10CE2000C0B3C77FD07F692F41255540B17F419165
:10CE30000E2F0343002EE16F12405242002E12408B
:10CE40005242002E004040427D80C02E0342805F4F
:10CE50000889113016410541A67F3989864145412F
:10CE6000D3BED3BA65BF957F65BB0530867F8B1572
:10CE7000BE0980B30A2F07400641FE050630C0A94F
:10CE8000B705FE23866F7E0F4D23C76F80B2062F36
:10CE9000A66F8F5E8641F709C0B3C76F012F0640AA
:10CEA0000643C18601800189C3A2E02FB06F2A1A10
:10CEB000022F0130252C014202409128936F02423B
:10CEC000530E1D2FF26F80B2032FBF848A14252EBC
:10CED0005EF0D46FE36F1241D24202301541D54269
:10CEE000002E0441C442C386A56F915845412C09C8
:10CEF000C14200B3042F002E032C024210304042E6
:10CF0000805FB82E7050428ED47FF67F47251A1866
:10CF10009352F10064250130390294418141E27F4E
:10CF2000BEBBBD8D02BDB57F8EB5BA0AC67FAB7FD5
:10CF30005125982E57B1D56FE26F2A189354B2013C
:10CF40000230C46F7A0312417425D07F52BCD341A2
:10CF50006EBADEB6200BC77F917F982E57B1F26F65
:10CF6000D56FCA165518DD18956FEA18935A3125F2
:10CF700075010130202539025EBA82BC8EB6210BC4
:10CF8000982E57B1E26FB56F2A18E07FF17F043019
:10CF90009354F2007C02856FD06F0D176818E0186B
:10CFA000906FC46FC518EB6FB2011B4302307A0358
:10CFB000FB6F3D8F0B433EBA12BD52BC6EBBA20A43
:10CFC0009EB5DEB6300BF77F982E57B1F56F312541
:10CFD000D16F926FAB6F50434343905F8556802E65
:10CFE00084B1105003401918875619053625F77F6C
:10CFF0004A175418EC18091701300C07E218DE0024
:10D00000F26F97028358DC009102BFB821BD8A0AF3
:10D01000C02E0242F05F032E58F002373050CA088B
:10D02000C090FB7F0E2F032E56F0323E4A08232E6F
:10D0300056F0E07FD37F982EEB011030212E610057
:10D04000E06FD36F032E6100409095521B2F052E89
:10D0500060008B88B4B903433025982E95B300B295
:10D06000E07F092F032E56F0323E02BC4A08010A27
:10D07000212E56F0982EEB01E06F00A61030082FFD
:10D08000212E5EF0062D03309550982E5AB3272E90
:10D090006100FB6FD05FB82E0C8202301242410E4D
:10D0A000FC2F358091521142002E97520142B82E2A
:10D0B0000788468E06413C8B321A4241C741162FE3
:10D0C0008091232F570F16300C2F0680002E004022
:10D0D00000B2042F4582002E4140D10F022F0630AE
:10D0E0000643464380B3112F03434743B82ED70E60
:10D0F0000C2F438217044140410F072F0343428303
:10D100004743002E4340C1864342B82EB82E88883C
:10D11000C050398D8881E27F02300540F27F41ABFB
:10D12000223095228641995E9A00044137186601A3
:10D130009B56EB00C17FB37FD57F48823980824008
:10D14000A07F917F8B7F0630835A9D588356982EFF
:10D1500090B2916F7B82C66F42408184424243828B
:10D16000838B424086897B828487717F80B2957FE2
:10D17000647F507F022FC540418BC542878967403D
:10D18000070F858B417F828D47403C2F8141010EE7
:10D19000E16F2D2F468C906F86410740FE0E022FC7
:10D1A000044100B3212F4482043041407100F90E44
:10D1B000362F464180A7013004300D2FE46F002E3A
:10D1C0000441740F0430072F8090002FC142038662
:10D1D0008184C2420142143042854143A142002E63
:10D1E000824080901C2F01421B2D0642192C0430D6
:10D1F000B26FBA04021E80431230C06F2330982EE3
:10D2000066B30E2C0430B26FC06FBA00516F018646
:10D210004A1CC1422230E16F1330982E66B30430AD
:10D22000526F9F52406FC47F982EFFB2416F706F54
:10D230004240A152982EFFB2416F706F42400140B0
:10D24000D36FD300CB1EA1521342B07F982EFFB2F2
:10D25000B06F3E84D16F824003405104591C01429B
:10D260000282A06F42400340D30F0030143060228E
:10D27000C56F4091012F530E262FE56F4785002E75
:10D280008340590F202F626F4A8F8540C7417F8DA1
:10D290006F0FA615173004300F2FE06F0B80002E94
:10D2A00007403E0800B20030062F591A042FFD1225
:10D2B000C09013304B2206257125C0B3042FA44221
:10D2C000A442838284424442002E8B6F405FB82E7A
:10D2D0008750501A042F855641804B1A8184412271
:10D2E0000030C02E82040A28FF80143020140A184F
:10D2F00008173000C0B23C030B2FD0A0032FF080E2
:10D300002010072C081705316B0565150312231132
:10D31000050AC816231A042F4A0C8554C02E9FB83C
:10D320000A00B82E20504A253E89072E8C00023074
:10D33000C0B20243FB7F302F072E8D00C0B2112FE9
:10D34000C1900D2F052E2A01072E2B01A132982EF8
:10D35000FFB4E36F0430272E2B01292E8D00132DEF
:10D36000122C0430A550A3321440114018B90040CB
:10D3700098BC610A900A982EF1B41430292E8D00C1
:10D38000212E2B0104307B56A354C1408A08C2428F
:10D39000FE86292E8C00C440C442002EFB6FE05F45
:10D3A000B82EA75800300C2C8A005540050C0530CB
:10D3B00001BF0FB80090340C418B062250A3F72F09
:10D3C0004A0EF22FB82E40500A253C80FB7F0142C6
:10D3D000D27FE37F32301025982EDFB4FB6FC05F21
:10D3E000B82E70500A253980F37F0342A17FC27F97
:10D3F000D17F03300343E47FBB7F22301025982E7A
:10D40000DFB4D26F02170408C16F0C09041A103080
:10D410000430202201B2142FA9581409F3309308C4
:10D4200024BD44BA940A0217F36F4C089A088A0A7A
:10D43000AD525108AB58940828BD98B8E46F510A12
:10D440000143002EBB6F905FB82EAF503130232EBA
:10D4500064000240510A2142002E01400142B82ED0
:10D460008050092E58F0F07F433023085A251130A0
:10D4700023307230798B6108E308A208073080B24C
:10D480004743EB7FD17FC07FB37F902EE0B5092E5D
:10D49000680000B3092FB152012E6500A57F982EB8
:10D4A000E6B52F2E6800B36FA56F032E1D0115BEC4
:10D4B0004FBA00B316BE46BA14B1A67F6125B35861
:10D4C000B550C16F02300E2FB75EB709B35E2D2E77
:10D4D0001D01D243C2430630B954AF5E9642570E87
:10D4E000FC2F164206422A25D90AB88C012E650067
:10D4F000F26FB152982E2AB6B35A906F544100B2CF
:10D500004541082FD06F00B2052FB550233014428B
:10D510000542272E5EF0B06F00B2AF502B2F0330C4
:10D52000B9520231C0B26425082FD0A0022FF08C6E
:10D53000052CAE13D305A313EF15B70B5642C886BF
:10D54000480EEF2FD36FC090152FB552002E5340C9
:10D550004140E304690640AA042F40900B2FA16FBD
:10D560004B0F082FA36FC0B2052FB5562130D44200
:10D57000C542232E5EF0C56F40B3162F856F092E6E
:10D5800064002C1A112F092E56F0C33F2B2E640075
:10D5900023096C0B25424530044004420988002EC3
:10D5A0000543032D15302B2E6800EB6F805FB82EDE
:10D5B00010505A84FB7F033053424A0EFC2F0986D9
:10D5C0008354E440C3809404C34013050640A60579
:10D5D0004A1773302B094E17EB0873017286D3B4C8
:10D5E000D1424917C542C3869400D14223B5C542F2
:10D5F000FD864A16D242C388C14212432D85BB56CE
:10D60000934201431330BD52914235829150804282
:10D61000BE804025982E1FB60B83FB6FC02E434261
:10D62000F05F0580023002425182BF5441403E808B
:10D630005114C02E0142002E3051D17F12250230EC
:10D64000424332308243C67FE57FB47FA37F907F21
:10D650008B7F982EF001D07E00AC012F8552D17EB9
:10D66000002E916F498AD16F757F4C826341657F2F
:10D67000117F002E64414485527F457F002EA640D5
:10D68000327F828E8040D26E4541F07F277F027FBD
:10D69000982E90B2236FD16FC240F986237F80B25B
:10D6A000E07E0F2F326F646F8240F27F5082426FB4
:10D6B000506F736F8540C34004410640E26E982E60
:10D6C00090B2E07E002E116F7682717F4280E26E12
:10D6D0004140607F527F982E76B41025B3302125CB
:10D6E000982E82B4216F4D8620254140606F437F84
:10D6F000982EFFB2746F606F1230C16F456F424257
:10D70000068352414341044100407A8BDC041018E7
:10D71000617F757FB30E022FC16F2030404205300C
:10D72000D16F4A80936FA26F407FD78680B21F2F40
:10D73000C04000B21C2F5582C55CC358C156026F51
:10D74000317FF57F982E90B2316F768200A44240EF
:10D75000012F80A0032F00AC092F80A4072F416F59
:10D760000530404001805042AA04022C424205305C
:10D77000002EC46F906F0E86716F0441E06F4240BF
:10D78000C34002B30542DA22646F10300241902890
:10D7900002430C8578828440202880427C88AE80B9
:10D7A0004140526F737F607F347F982EFFB2336F9A
:10D7B000626FBE80E1408240307F237F982EFFB2AF
:10D7C000216F606F346F224005414340130143864F
:10D7D000AC0FD16F207F002F4442488A4188E1403E
:10D7E000137F047FF57E982EFFB2116F636F404068
:10D7F000C340226F180482404D86900E016F002FA7
:10D800004042002E346FD66F1541516F906F1180DA
:10D8100086858D0E1F2FF56E8143002E4641776F52
:10D82000370F0640042F80910630152F4643142DE4
:10D83000854042B3042F80910B2F05300A2C85427E
:10D84000E66F1B308B43828A063046434C8B8B42FB
:10D850004643022C0630063005418D0F1389056FB3
:10D860002B30042F414345834E8A4B424643002EC2
:10D87000916F4F8A0441C340A30E757F062F00406D
:10D880000090032F8E8086420642002EA06F0090EB
:10D89000D06F032F8B6FD05E802E1FB6078413309E
:10D8A0008440232984424488E56FA27F0584414156
:10D8B000627F40B26B2F814040A611302D2FA06FA8
:10D8C000916F024046824F863C80414024BD537F89
:10D8D000347F207F982EFFB2506F1330014040B24A
:10D8E000028011300B2F916F5682246FA26F04417A
:10D8F000414082400C1824BD960E01305922004050
:10D9000000B2D06F626F346F0630062F916F588A65
:10D91000416F45414140CD0E5E224090032F916FF3
:10D92000982E1FB62F2D81400241CA0F082F606F1D
:10D93000418201424A0ED67E192F002E182CD17E2C
:10D940000380048202404040A1BC04BC480440A8BB
:10D9500031044822517FD37EB330C752982E82B40F
:10D96000516FC80F2130022FE06FD17E0142063087
:10D97000B16FD06E424010005042002E404006026F
:10D980004042002E616F4282438046420642002E92
:10D99000A16F706F434002409A0E35867E88916F6A
:10D9A000D06F012F982E1FB6002E0141C040C80F26
:10D9B000C16F002F4642002E8B6FD05EB82E802E96
:10D9C0001800802E1800802E1800802E1800802E3F
:10D9D0001800802E1800802E1800802E1800802E2F
:10D9E0001800FD2DDB50CF5221422050AB52014296
:10D9F0002980D15201420280013F02405108FB7F41
:10DA000011420B310B423E80F13201420980032E5C
:10DA100040F05690E07F31301F2F0330D952D3545D
:10DA200024350630D55055321D1AE322181AD7581E
:10DA3000E3220430D540B50DE1BE6FBB8091A90D46
:10DA40000189B52310A1F72FDA0E2435EB2F012E13
:10DA50002500701A00302130482240B2062F232EB4
:10DA600059F0982EEB01002E002ED02EE06F0131E0
:10DA7000202602407956930A224201421030212E7C
:10DA800059F0982EEB015F50C952982EFDB15F50AE
:10DA90000584143065505330CB5294428342982E03
:10DAA000FDB1CD5065540130868411426330FB6F67
:10DAB000E05F83420142802E33B5802E1800802E15
:10DAC0001800802E1800802E1800802E1800802E3E
:10DAD0001800802E1800802E1800802E1800802E2E
:10DAE0001800802E1800802E1800802E1800802E1E
:10DAF0001800802E1800802E1800802E1800802E0E
:10DB00001800802E1800802E1800802E1800802EFD
:10DB10001800802E1800802E1800802E1800802EED
:10DB20001800802E1800802E1800802E1800802EDD
:10DB30001800802E1800802E1800802E1800802ECD
:10DB40001800802E1800802E1800802E1800802EBD
:10DB50001800802E1800802E1800802E1800802EAD
:10DB60001800802E1800802E1800802E1800802E9D
:10DB70001800802E1800802E1800802E1800802E8D
:10DB80001800802E1800802E1800802E1800802E7D
:10DB90001800802E1800802E1800802E1800802E6D
:10DBA0001800802E1800802E1800802E1800802E5D
:10DBB0001800802E1800802E1800802E1800802E4D
:10DBC0001800802E1800802E1800802E1800802E3D
:10DBD0001800802E1800802E1800802E1800802E2D
:10DBE0001800802E1800802E1800802E1800802E1D
:10DBF0001800802E1800802E1800802E1800802E0D
:10DC00001800802E1800802E1800802E1800802EFC
:10DC10001800802E1800802E1800802E1800802EEC
:10DC20001800802E1800802E1800802E1800802EDC
:10DC30001800802E1800802E1800802E1800802ECC
:10DC40001800802E1800802E1800802E1800802EBC
:10DC50001800802E1800802E1800802E1800802EAC
:10DC60001800802E1800802E1800802E1800802E9C
:10DC70001800802E1800802E1800802E1800802E8C
:10DC80001800802E1800802E1800802E1800802E7C
:10DC90001800802E1800802E1800802E1800802E6C
:10DCA0001800802E1800802E1800802E1800802E5C
:10DCB0001800802E1800802E1800802E1800802E4C
:10DCC0001800802E1800802E1800802E1800802E3C
:10DCD0001800802E1800802E1800802E1800802E2C
:10DCE0001800802E1800802E1800802E1800802E1C
:10DCF0001800802E1800802E1800802E1800802E0C
:10DD00001800802E1800802E1800802E1800802EFB
:10DD10001800802E1800802E1800802E1800802EEB
:10DD20001800802E1800802E1800802E1800802EDB
:10DD30001800802E1800802E1800802E1800802ECB
:10DD40001800802E1800802E1800802E1800802EBB
:10DD50001800802E1800802E1800802E1800802EAB
:10DD60001800802E1800802E1800802E1800802E9B
:10DD70001800802E1800802E1800802E1800802E8B
:10DD80001800802E1800802E1800802E1800802E7B
:10DD90001800802E1800802E1800802E1800802E6B
:10DDA0001800802E1800802E1800802E1800802E5B
:10DDB0001800802E1800802E1800802E1800802E4B
:10DDC0001800802E1800802E1800802E1800802E3B
:10DDD0001800802E1800802E1800802E1800802E2B
:10DDE0001800FD2D0001020000001F1D1F1E1F1E38
:10DDF0001F1F1E1F1E1F1F1C1F1E1F1E1F1F1E1F3B
:10DE00001E1F004040404040404040404141414191
:10DE10004140404040404040404040404040404001
:10DE20004040400502020202020202020202020215
:10DE30000202022020202020202020202002020296
:10DE4000020202029090909090901010101010100A
:10DE500010101010101010101010101010100202DE
:10DE6000020202028888888888880808080808084A
:10DE7000080808080808080808080808080802022E
:10DE80000202400003DE00082C4150504B45593A35
:10DE90002530327825303278253032782530327886
:10DEA0002530327825303278253032782530327876
:10DEB0002530327825303278253032782530327866
:10DEC0002530327825303278253032782530327856
:10DED000000000002C4E574B534B45593A25303229
:10DEE0007825303278253032782530327825303236
:10DEF0007825303278253032782530327825303226
:10DF00007825303278253032782530327825303215
:10DF1000782530327825303278253032780000008C
:10DF20002C415050534B45593A25303278253032E8
:10DF300078253032782530327825303278253032E5
:10DF400078253032782530327825303278253032D5
:10DF500078253032782530327825303278253032C5
:10DF600078253032782530327800000055706461B1
:10DF700074652053797374696D65204E6F77203A0C
:10DF8000253034642D253032642D253032643A2515
:10DF90003032643A253032643A25303264202C2005
:10DFA00054696D657374616D70203A256C6400006E
:10DFB0004E6578742057616B652055702054696DEB
:10DFC000653A20253032643A253032643A253032C1
:10DFD000642C2054696D65204E6F773A20253034CB
:10DFE000642D253032642D253032643A2530326478
:10DFF0003A253032643A2530326400006100000076
:10E00000620000006300000043757272656E742048
:10E0100052583220697320616C72656164792063A3
:10E020006F6E666967757265642061732025642C64
:10E0300025642C206E6F206E65656420746F2063EC
:10E040006F6E6669677572650000000043757272D5
:10E05000656E74206A6F696E206D6F6465206973E8
:10E0600020616C726561647920257320616E642083
:10E07000636C6F7365642C206E6F206E6565642021
:10E08000746F20636F6E66696775726500000000CB
:10E0900061742B6E776B736B65793D6162702C25B3
:10E0A0003032782530327825303278253032782574
:10E0B0003032782530327825303278253032782564
:10E0C0003032782530327825303278253032782554
:10E0D0003032782530327825303278253032780069
:10E0E00061742B617070736B65793D6162702C2572
:10E0F0003032782530327825303278253032782524
:10E100003032782530327825303278253032782513
:10E110003032782530327825303278253032782503
:10E120003032782530327825303278253032780018
:10E1300061742B6170706B65793D253032782530C4
:10E1400032782530327825303278253032782530D3
:10E1500032782530327825303278253032782530C3
:10E1600032782530327825303278253032782530B3
:10E1700032782530327825303278000025303278F8
:10E180002530327825303278253032782530327893
:10E190002530327825303278253032782530327883
:10E1A0002530327825303278253032782530327873
:10E1B0002530327825303278253032780000000062
:10E1C0000D0A4E776B534B65793A253032782530FE
:10E1D0003278253032782530327825303278253043
:10E1E0003278253032782530327825303278253033
:10E1F0003278253032782530327825303278253023
:10E20000327825303278253032780D0A000000004F
:10E210000D0A417070534B65793A253032782530BC
:10E2200032782530327825303278253032782530F2
:10E2300032782530327825303278253032782530E2
:10E2400032782530327825303278253032782530D2
:10E25000327825303278253032780D0A00000000FF
:10E260004572726F72205B25645D203A20496E769C
:10E27000616C69642062616E6477696474682061AE
:10E280006E64204F445220636F6D62696E617469E1
:10E290006F6E20696E20416363656C204176657204
:10E2A0006167696E67206D6F64650D0A000000008C
:10E2B000D0E2000800000020AC0000003069000837
:10E2C0007CE30008AC000020CC1900004069000885
:10E2D00000000000000000000000000064000000DA
:10E2E000000000000000000000000000000000002E
:10E2F000000000000000000000000000000000001E
:10E30000000000000000000000000000000000000D
:10E3100000000000000000000000000000002000DD
:10E3200000000000083FBC00650000012D35C796C5
:10E330003275D743B4E73BEA91681A3B4164647194
:10E340002D35C7963275D743B4E73BEA91681A3B3F
:10E350002D35C7963275D743B4E73BEA91681A3B2F
:10E36000013224020A0213B3000000000000000082
:0CE370000000000000004600000000005B
:04000005080000D916
:00000001FF
