:020000040800F2
:10400000A81E0020A541000845B100082190000825
:1040100041B10008F56D0008E1C40008000000008F
:1040200000000000000000000000000031BB00089C
:10403000C56E000800000000E1B50008A3BE00083E
:10404000BF410008BF410008BF410008BF41000850
:10405000BF410008BF41000865760008BF41000865
:10406000ED760008BF4100081D770008BF41000839
:10407000BF410008BF410008BF410008BF41000820
:10408000BF410008BF410008BF410008BF41000810
:10409000BF410008BF410008BF410008C1770008C8
:1040A000BF410008D9C30008BF410008BF41000854
:1040B000BF4100080000000000000000BF410008F0
:1040C000BF410008BF410008BF410008BF410008D0
:1040D000BF41000801C40008BF41000865C40008D2
:1040E000AD760008D9B8000800000000000000000C
:1040F00000000000000000000000000000000000C0
:1041000000000000BF41000800000000BF4100089F
:104110000000000000000000BF410008BF4100088F
:10412000BF410008BF410008BF410008BF4100086F
:10413000BF41000800000000000000000000000077
:10414000BF410008E9A70008BF41000800000000C7
:10415000BF410008BF41000821A80008BF41000876
:10416000BF410008BF410008BF4100080000000037
:10417000BF410008BF41000800000000000000002F
:10418000BF410008BF410008BF410008DFF810D060
:1041900000F080FD00480047D1420108AFF30080E5
:1041A000A81E00200648804706480047FEE7FEE7B5
:1041B000FEE7FEE7FEE7FEE7FEE7FEE7FEE7FEE7D7
:1041C000F1BF00088D4100082DE9F05F0546002091
:1041D00092469B4688460646814640241BE0284678
:1041E00041464746224600F042FC53465A46C01A12
:1041F000914110D311461846224600F029FC2D1A91
:1042000067EB01084F4622460120002100F020FC08
:1042100017EB00094E41201EA4F10104DFDC4846E3
:1042200031462A46434600F000B830BCBDE8C09F86
:10423000014900F003B800007C16002010B50068AA
:104240003C22B0FBF2F302FB1303B0FBF2F00B6075
:10425000B0FBF2F302FB1303B0FBF2F018224B6049
:10426000B0FBF2F302FB1303B0FBF2F0021D8B6014
:104270000723B2FBF3F403FB1422800040F2B55392
:1042800000F66C308A61B0FBF3F2B0FBF3F403FB91
:104290001400443280084A61C8613B2802D3920767
:1042A00000D0401C0022074C13460A61E25C8242A7
:1042B00003D8801A5B1C0B61F8E7401CC8600846F5
:1042C00010BD0000A884010838B5D0E90221491EBC
:1042D00001EB410102EBC1014268C1EB011102EBAC
:1042E00081010268C1EB011102EB8102D0E90431C6
:1042F00001EB410103EB81013023A1F5527191FBE8
:10430000F3F4174D6C4302EBC41291FBF3F403FB7F
:10431000141100921A2902DB124B1A4400920C224B
:1043200091FBF2F3104C6343009C04EBC313009326
:1043300091FBF2F302FB13110C4A08E0491E40F214
:10434000A324535C6343009C04EBC3130093002934
:10435000F4DC01466846FFF771FF009838BD0000A5
:104360003F0C0F008051010067C20300B4840108B4
:1043700010B540EA01040346A40703D009E010C9C0
:10438000121F10C3042AFAD203E011F8014B03F8FC
:10439000014B521EF9D210BDD2B201E000F8012B40
:1043A000491EFBD270470022F6E710B513460A46B5
:1043B00004461946FFF7F0FF204610BD30B505460C
:1043C0002A460B4612F8010B13F8014B08B1A04224
:1043D000F8D01CB1002802D06D1CF1E7284630BD92
:1043E000421C10F8011B0029FBD1801A704710B540
:1043F000002200E0521C835C8C5CA34201D1002BA4
:10440000F8D1D8B2E1B2401A10BD30B50446002050
:10441000034600E05B1C934203D2E05CCD5C401B92
:10442000F8D030BD30B505460020034600E05B1CE7
:10443000934205D2EC5CC85C201A01D1002CF6D165
:1044400030BD000070B50F4D00B92868002412E09F
:104450000A4602E09E4203D0521C1378002BF9D189
:10446000DAB2224305D02BB124B1002100F8011BA0
:1044700004E00446401C0678002EE9D1286020465E
:1044800070BD0000540200200FB400B58DB010A91B
:1044900009900B9000914FF0FF300A9000200C9093
:1044A00005480690054807906A4609A80F9900F04C
:1044B00015FB0DB05DF814FBF94A0008174B000816
:1044C0002DE9FF5F1D464FF0FF3BD5E901469146C0
:1044D0005F464FF00008A9697F1C01988847296A48
:1044E000824688470028F6D1BAF1FF3F0CD024F469
:1044F000C064002E19DD600614D5BAF12B0F09D067
:10450000BAF12D0F0ED103E0584604B000F07EB88A
:1045100044F48064A9697F1C01988847761E82460E
:10452000002E02DDBAF1300F03D0B9F1000F26D012
:1045300032E0A969761E44F400747F1C0198884714
:104540008246002E05DDBAF1780F06D0BAF1580F79
:1045500003D0B9F1000F10D01EE0B9F1000F02D066
:10456000B9F1100F18D1A969761E24F400747F1CCC
:10457000019888478246102002E0082000E00A20C7
:10458000814609E008FB0908A969761E44F4007415
:104590007F1C019888478246002E05DD494650461B
:1045A00000F087FA0028EDDAE96901988847A0054C
:1045B00002D46FF00100A8E7E00725D1600613D50B
:1045C000600502D5C8F1000000E0404629680A1DD8
:1045D0002A600968220501D5087015E0220701D577
:1045E000088011E008600FE02868011D296000685C
:1045F000210502D580F8008006E0210702D5A0F849
:10460000008001E0C0F8008038467EE730BCBDE89D
:10461000C09F70B5064608F07FF8046805460A2278
:104620000021304600F088FA2C6070BD2DE9FE4F65
:10463000804681EA0300C00F0C46009021F0004143
:1046400023F00045B8EB0200A94105D240462146BF
:1046500090461C460B46024623F00040104347D0CC
:10466000270DC7F30A00C3F30A510290401A0190C4
:1046700040286BDAC3F3130040F4801B0098924685
:1046800020B10023D2EB030A63EB0B0B01985946D0
:10469000C0F14002504600F0DBF906460D46504698
:1046A0005946019A00F0F3F910EB0800614100242B
:1046B00087EA115284EAE7731A4340D0009A62B342
:1046C000019A012A4FEA075215DC001B61EB020137
:1046D0004FF0004202EA0752CDE90042001C41F5CA
:1046E000801132462B4600F06EFA03B000F045B858
:1046F00040462146F9E7001B61EB0201001C41F531
:10470000801300185B412018A2F5001747EB030146
:1047100040EAD570B6196D4111E06D084FEA3606D2
:1047200045EAC0754FEA0752001B61EB0201001C0D
:1047300041F5801149084FEA3000001951413246D5
:104740002B4603B000F01CB800F02EBA00980122EE
:1047500040000023D0EB020263EBE0730098214697
:104760004FEAE074B8EB000061EB0401E9E783F085
:1047700000435BE781F0004158E730BCBDE8C08FE3
:1047800030BCBDE8C04FFFF7DFBF2DE9FE4F81EA27
:10479000030404F0004421F0004100944FF0000BAA
:1047A00023F0004350EA01045ED052EA03045BD0D8
:1047B000C3F30A54C1F30A552C44A4F2F334019410
:1047C000A0FB0254C1F3130141F48011C3F313039E
:1047D00043F4801301FB024400FB034E840A970A52
:1047E00044EA815447EA8357A4FB076802958D0A7F
:1047F00005FB07854FEA932C04FB0C542705029D0B
:104800004FEA065847EA1637B5EB08056EEB070C7A
:10481000870E920E47EA811742EA8312A7FB020134
:10482000B6EB0B0164EB00042B0D43EA0C335E186E
:1048300044EB1C50DA465146E7FB0201C5F3130472
:104840004FEA0B3343EA14534FEA0432019C43EA24
:104850000603A4F10C040294009CCDE900B400F01E
:10486000B2F903B000F003B800200146F9E730BC0C
:10487000BDE8C08F2DE9F04D81EA030404F0004B40
:1048800021F0004514464FF0000A23F0004150EAA1
:10489000050220D054EA01021DD0C5F30A57024692
:1048A000C5F31303C1F31300C1F30A5640F4801596
:1048B00043F48013A7EB0608101BD64608F2FD3818
:1048C00073EB050002D308F1010801E092185B4187
:1048D000B8F1000F03DA00200146BDE8F08D00209A
:1048E0004FF48011064684460EE0171B73EB050754
:1048F00005D3121B63EB050306434CEA010C490880
:104900004FEA300092185B4150EA0107EDD152EABC
:10491000030012D082EA040083EA0501084305D0AF
:10492000101BAB4106D20122002306E000224FF00B
:10493000004302E06FF0010253101AEB06004CEB4B
:10494000085110EB0A0041EB0B01BDE8F04D00F0FF
:104950002BB90EB540F2334102910021CDE900118F
:104960000A460B4600F02FF903B000BDC1F30A520E
:1049700010B5C1F3130140F2FF3341F480119A42A4
:1049800001DA002010BD40F233439A42A2F23342D2
:1049900003DC524200F06BF810BD904010BD00F0F7
:1049A000004230F000400AD0C10D01F56071C0F343
:1049B000160042EA0151C208400711437047002027
:1049C0000146704730B5041E71F1000404DB4FF05E
:1049D0000044404264EB0101141E73F1000405DB46
:1049E0001C464FF00043524263EB04038B4208BF66
:1049F000824230BD30B5041E71F1000404DB4FF07B
:104A00000044404264EB0101141E73F1000405DB15
:104A10001C464FF00043524263EB0403994208BF27
:104A2000904230BD30B50B460146002020220124C3
:104A300009E021FA02F59D4205D303FA02F5491B6C
:104A400004FA02F52844151EA2F10102F1DC30BD82
:104A5000202A04DB203A00FA02F10020704791403E
:104A6000C2F1200320FA03F3194390407047202A33
:104A700004DB203A21FA02F00021704721FA02F308
:104A8000D040C2F120029140084319467047202AC5
:104A900006DBCB17203A41FA02F043EAE07306E066
:104AA00041FA02F3D040C2F1200291400843194676
:104AB00070473A2800D2303820F02002412A01D332
:104AC000A2F13700884201D34FF0FF307047000059
:104AD000026811441378016018467047D160044998
:104AE00051610449116200211161114600F0F2B8D0
:104AF000D14A0008C14C0008426842B1016811F86F
:104B0000013B23B1521EC0E9001218467047012133
:104B1000C160881E704742685AB1C368016843B9D2
:104B200083688B4205D0491E521CC0E90012002048
:104B300070474FF0FF3070472DE9F04791460F4620
:104B400080460446002614F8015B2DB100F0B4F84D
:104B50000068405DC007F6D12B2D02D02D2D18D056
:104B6000641E4A463946204600F04FFA27B139689C
:104B7000A14201D1C7F8008071054FF002040BD5A6
:104B80004042002803DD07F0C7FD0460A007BDE830
:104B9000F08746F48066E4E70028F8DA07F0BCFD09
:104BA00004606FF00040F2E710B5141E73F10004CA
:104BB00008DA401C41F1000192185B411A4301D10F
:104BC00020F0010010BD2DE9F04D92469B4611B139
:104BD000B1FA81F202E0B0FA80F220329046FFF79B
:104BE00037FF04460F4640EA0A0041EA0B015346EC
:104BF0005A46084313D0114653EA010019D0C8F1B0
:104C000040025046FFF733FF05460E4650465946D0
:104C10004246FFF71DFF084305D0012004E020466F
:104C20003946BDE8F08D0020054346EAE0762C4386
:104C300037430A986305E40AA0EB08000022FD0A46
:104C400044EA47540A3002D500200146E9E701054D
:104C500010196941DDE9084500196941BDE8F04DC9
:104C6000A2E7C1F30A52C1F3130140F2FF3341F44A
:104C700080119A4202DA00200146704740F2334325
:104C80009A42A2F2334202DC5242FFF7F0BEFFF733
:104C9000DFBE0000064C074D06E0E06840F001036F
:104CA00094E8070098471034AC42F6D3FFF772FA45
:104CB000E8920108089301080048704744850108FC
:104CC00010B50446FFF7F8FF0068005D00F0010032
:104CD00010BD00002DE9F34F8BB04FF0000801F13B
:104CE0000C000C464FF0010B46460DF1080A0190EE
:104CF0006269012101989047051E2DD0252D2CD0E9
:104D0000216A8847C0B16269012101989047216AF0
:104D100088470028F7D1411E62690198904700E05A
:104D2000761CA1690B988847216A88470028F7D12B
:104D3000E1690B988847DBE7A1690B98884707462C
:104D4000A84201D1761CD3E7E1690B9888477F1C04
:104D500002D1B8F1000F6FD047E1002762693D46EC
:104D60003946019890472A2804D1626901210198A7
:104D700090470125DFF888926269012101989047E8
:104D8000A0F130010A290AD24F45E5DC07EB870183
:104D900000EB4107303FDFD445F01005ECE7E906B2
:104DA00001D46FF000476C280AD04C2814D0682832
:104DB00015D06A280DD074281CD07A281AD01DE08E
:104DC00062690121019890476C2802D045F00405E2
:104DD00014E045F002050DE045F020050AE06269A7
:104DE000012101989047682802D045F0080505E0A8
:104DF00045F400656269012101989047C4E90157B3
:104E000065283DD019DC58287AD00CDC452837D0ED
:104E100004DC252826D0412831D131E046282FD086
:104E200047282CD12CE05B2877D0612828D0632834
:104E30007CD0642823D15AE0D1E06F2848D008DC28
:104E400066281DD067281BD0692821D06E2816D16E
:104E500027E0702845D0732868D0752847D0782877
:104E60000DD14DE0A1690B988847054625283FF4F0
:104E700069AFE1690B9888476D1C3FF46AAFB4E0F5
:104E800023466A466FF001000B99AFF300809FE064
:104E900045F040006060A80723464FF0000236D47A
:104EA0003EE0E8077FF447AF2068011D21600068FD
:104EB000290501D506701BE7290701D5068017E7EC
:104EC000A90703D5F117C0E9006111E706600FE7F4
:104ED00045F040006060A80723464FF0080216D452
:104EE0001EE040F60E0125EA0100606016E045F084
:104EF00040006060A80723464FF00A0207D40FE085
:104F000045F040006060A80708D5234610226FF0E6
:104F100001000B99AFF300805AE007E0234610220E
:104F20006FF001000B99FFF7CBFA51E04FF0000949
:104F30004F464B46632802D05B2807D041E02079DA
:104F4000C00601D40120A06001273AE06269012176
:104F5000019890475E2805D14FF0010962694946E2
:104F600001989047216939B900210A46534643F810
:104F70002120491C0829FADBB0B3216969B9C1179E
:104F800000EBD16253110AEB830122F01F02821A57
:104F900001200B68904003430B6062690121019876
:104FA00090475D28E8D1B9F1000F09D000205146A3
:104FB00051F82020D24341F82020401C0828F7DB7C
:104FC00002AB224600976FF001000B99AFF300800F
:104FD00000280CDA401C08D1BBF1000F05D04FF0BF
:104FE000FF300DB000F00EB8FFE74046F9E7E907E3
:104FF00001D108F1010806444FF0000B78E60000EB
:10500000CCCCCC0C30BCBDE8C08F2DE9F05F824623
:105010000078002715468B460AF10104B94630286E
:1050200001D09DB113E014F8010B0127782803D0BB
:10503000582801D045B10AE00DB1102D07D1002745
:10504000102514F8010B02E0082500E00A250026CF
:10505000B0460EE005FB080005FB06F1012701EB59
:1050600010461FFA80F8B6F5803F00D3B94614F811
:10507000010B2946FFF71DFD0028EBDABBF1000FFD
:1050800005D00FB1641E00E05446CBF80040B9F1E2
:10509000000F06D007F040FB02210160C81E00F09F
:1050A00003B848EA0640FAE730BCBDE8C09F70B5D7
:1050B0008C1810F8015B15F0070301D110F8013BC3
:1050C0002A1106D110F8012B03E010F8016B01F84A
:1050D000016B5B1EF9D12B0705D40023521E0DD4A2
:1050E00001F8013BFAE710F8013BCB1A921C03E0F0
:1050F00013F8015B01F8015B521EF9D5A142D8D328
:10510000002070BD10B52DED088B1E480068401CB6
:105110001C4908601C4988422ED81A4909681A4A55
:10512000501AFFF716FC41EC1B0B9FED180B53ECCC
:10513000102BFFF72AFB41EC1A0B9FED160B53ECDB
:10514000102BFFF797FB41EC190B9FED140B53EC61
:10515000102BFFF76BFA41EC180BFFF707FC114916
:1051600008700846007810490978884207D00D4831
:1051700000780D49087002E000200A490870BDEC73
:10518000088B10BD08000020F0490200000000005C
:105190000000594000000000804F02410000000064
:1051A0000000E03F000000200C0000202DE9F04747
:1051B00006460F4614464FF000084FF064090DF004
:1051C00023FD48B939A13BA004F09CF83BA004F0B2
:1051D00099F80020BDE8F0870DF044FD40B933A1F7
:1051E00034A004F08FF83AA004F08CF80020F1E726
:1051F000FF213D48FFF7D7F800203C49A1F80602FF
:10520000304605F02FFF3AA005F02CFF364D39A1AE
:105210002046FFF7D3F820B939A12046FFF7CEF892
:1052200000B1ED1D32E021A12846FFF7C7F848B1D3
:105230001EA120A004F066F8314634A004F062F804
:105240000020C7E737A12846FFF7B8F848B117A1F3
:1052500018A004F057F8314635A004F053F80020A8
:10526000B8E709FB08F0B84209DD38A111A004F045
:1052700049F8314637A004F045F80220AAE748462D
:1052800005F0EAFE08F101001FFA80F821462846E1
:10529000FFF794F80028C6D035A106A004F032F834
:1052A000314634A004F02EF8012093E74552524FC6
:1052B000520000000A5B25735D0000004C6F5261D4
:1052C00057414E204D6F6465204552524F45210095
:1052D0004C6F526157414E20537461747573204571
:1052E00052524F4521000000FE0B0020F80A00201A
:1052F0000D0A00002B4C494E4B20494E464F3A00B8
:105300002B52544320494E464F3A00002225732227
:1053100020617420636D6420657865632065727216
:105320006F720000424144205041524D0000000085
:105330002225732220617420636D64206578656383
:1053400020626164207061726D0000005741524E0E
:10535000000000002225732220617420636D642008
:10536000657865632074696D656F75740000000071
:105370004C4F47002225732220617420636D642006
:10538000657865632073756363657373000000005F
:10539000F0B587B0002560E032A240F2DC5132A0C7
:1053A000FFF704FF012852D132A133A003F0AAFF76
:1053B00033A13648FFF702F80746394634A003F018
:1053C000A1FF78213348FEF7EEFF2DA12F48FEF70D
:1053D000F5FF064600200690002406AB2D4A2EA1BC
:1053E000304609F0AAF80AE02A4B611C53F8212044
:1053F0002A4908190223012109F02CF8641C069996
:10540000481E06900029EFD11AA11BA003F07AFFD5
:1054100022480B38807C21490B39497C1F4A0B3AC2
:10542000127C1E4B0B3BDB7BCDE90132CDE9031037
:105430001A480B38807B009018480B38437B027B5E
:10544000C17A17A003F05EFF012007B0F0BD681C11
:1054500085B24FF47A7005F0FFFD032D9CDB002030
:10546000F3E700004F4B000041542B41505045558D
:10547000493F00004C4F47000A5B25735D00000068
:105480002B4150504555493A00000000FE0B0020CA
:105490002573000098130020200000001B1400203A
:1054A0004150504555493A20253032782025303238
:1054B0007820253032782025303278202530327817
:1054C000202530327820253032782025303278007F
:1054D000F0B58FB000257EE041A240F2DC5141A042
:1054E000FFF764FE012870D141A142A003F00AFF3A
:1054F00042A14548FEF762FF0746394643A003F044
:1055000001FF78214248FEF74EFF3CA13E48FEF7DE
:1055100055FF064600200E9000240EAB3C4A3DA1EC
:10552000304609F00AF80AE0394B611C53F8212093
:10553000394908190223012108F08CFF641C0E99D7
:10554000481E0E900029EFD129A12AA003F0DAFE0F
:105550003148133890F822002F49133991F821105F
:105560002D4A133A92F820202B4B133BDB7FCDE9D9
:105570000932CDE90B1028481338807F26491339AA
:105580004A7F097F244B133BDB7ECDE90531CDE912
:10559000072021481338817E427E007E1E4B133B3C
:1055A000DB7DCDE90130CDE903211B481338807D37
:1055B000009019481338437D027DC17C174803F0E1
:1055C000A1FE01200FB0F0BDFFE7681C85B24FF4CB
:1055D0007A7005F041FD032DFFF67EAF0020F1E764
:1055E0004F4B000041542B4150504B45593F000058
:1055F0004C4F47000A5B25735D0000002B41505063
:105600004B45593A00000000FE0B002025730000B6
:105610009813002020000000231400208C8501082E
:10562000F0B58FB000258BE048A240F2DC5148A0D5
:10563000FFF7BCFD01287DD148A149A003F062FE1F
:1056400049A14C48FEF7BAFE074639464AA003F086
:1056500059FE78214948FEF7A6FE43A14548FEF7CA
:10566000ADFE064600200E9000240EAB434A44A136
:10567000304608F062FF0AE0404B611C53F82120DD
:10568000404908190223012108F0E4FE641C0E9928
:10569000481E0E900029EFD130A131A003F032FE58
:1056A0003848273890F836003649273991F83510B0
:1056B000344A273A92F83420324B273B93F8333060
:1056C000CDE90932CDE90B102E48273890F8320089
:1056D0002C49273991F8312091F83010294B273B7C
:1056E00093F82F30CDE90531CDE90720254827383B
:1056F00090F82E1090F82D2090F82C00214B273B8D
:1057000093F82B30CDE90130CDE903211D4827382E
:1057100090F82A0000901B48273890F8293090F81C
:10572000282090F82710184803F0ECFD01200FB056
:10573000F0BDFFE7681C85B24FF47A7005F08CFC71
:10574000032DFFF671AF0020F1E700004F4B000082
:1057500041542B415050534B45593F004C4F47004B
:105760000A5B25735D0000002B415050534B455997
:105770003A000000FE0B0020257300009813002063
:1057800020000000371400204086010870B5002476
:105790001CE010A240F2DC510FA0FFF707FD01282A
:1057A0000ED110A110A003F0ADFD11A11248FEF71B
:1057B00005FE0546294611A003F0A4FD012070BD99
:1057C000601C84B24FF47A7005F046FC032CE0DBD9
:1057D0000020F4E74F4B000041542B42414E443F20
:1057E000000000004C4F47000A5B25735D0000007D
:1057F0002B42414E44000000FE0B002025730000A8
:1058000070B500241CE010A240F2DC510FA0FFF79D
:10581000CDFC01280ED110A110A003F073FD11A141
:105820001248FEF7CBFD0546294611A003F06AFD9C
:10583000012070BD601C84B24FF47A7005F00CFC3E
:10584000032CE0DB0020F4E74F4B000041542B43D6
:10585000484D41534B3F00004C4F47000A5B2573B6
:105860005D0000002B43484D41534B00FE0B0020D0
:105870002573000070B500241CE010A240F2DC513A
:105880000FA0FFF793FC01280ED110A110A003F088
:1058900039FD11A11248FEF791FD0546294611A0D8
:1058A00003F030FD012070BD601C84B24FF47A70AB
:1058B00005F0D2FB032CE0DB0020F4E74F4B0000A7
:1058C00041542B434C4153533F0000004C4F470081
:1058D0000A5B25735D0000002B434C4153533A0093
:1058E000FE0B00202573000070B500241CE010A200
:1058F00040F2DC510FA0FFF759FC01280ED110A196
:1059000010A003F0FFFC11A11348FEF757FD054658
:10591000294612A003F0F6FC012070BD601C84B281
:105920004FF47A7005F098FB032CE0DB0020F4E7DD
:105930004F4B000041542B434F4E4649524D3F00C0
:105940004C4F47000A5B25735D0000002B434F4E10
:105950004649524D3A000000FE0B0020257300001E
:105960002DE9FC41002554E02CA240F2DC512CA092
:10597000FFF71CFC012846D12CA12DA003F0C2FC8E
:105980002DA13048FEF71AFD074639462EA003F038
:10599000B9FC78212D48FEF706FD27A12948FEF71E
:1059A0000DFD064600200190002401AB274A28A1E6
:1059B000304608F0C2FD0AE0244B611C53F8212058
:1059C000244908190223012108F044FD641C0199AF
:1059D000481E01900029EFD114A115A003F092FCFC
:1059E0001C48233890F8260000901A48233890F875
:1059F000253090F8242090F8231017A003F082FCA3
:105A00000120BDE8FC81681C85B24FF47A7005F076
:105A100023FB032DA8DB0020F3E700004F4B000021
:105A200041542B444556414444523F004C4F47009B
:105A30000A5B25735D0000002B44455641444452E7
:105A40003A000000FE0B0020257300009813002090
:105A50002000000033140020444556414444523A8B
:105A600020253032782025303278202530327820B9
:105A70002530327800000000F0B587B0002560E0E6
:105A800032A240F2DC5134A0FFF790FB012852D142
:105A900034A135A003F036FC2CA13548FEF78EFC6E
:105AA0000746394633A003F02DFC78213248FEF733
:105AB0007AFC26A12E48FEF781FC064600200690BF
:105AC000002406AB2C4A2DA1304608F036FD0AE032
:105AD000294B611C53F8212029490819022301216F
:105AE00008F0B8FC641C0699481E06900029EFD106
:105AF0001CA11DA003F006FC2148C01E807A20498D
:105B0000C91E497A1E4AD21E127A1D4BDB1EDB7952
:105B1000CDE90132CDE903101948C01E807900900B
:105B20001748C01E43790279C17816A003F0EAFB3A
:105B3000012007B0F0BD681C85B24FF47A7005F003
:105B40008BFA032D9CDB0020F3E700002B44455625
:105B50004555493A0000000041542B4445564555EF
:105B6000493F00004C4F47000A5B25735D00000071
:105B7000FE0B002025730000981300202000000079
:105B8000131400204465764555493A202530327873
:105B90002025303278202530327820253032782088
:105BA0002530327820253032782025303278202573
:105BB0003032780070B500241CE010A240F2DC51B5
:105BC0000FA0FFF7F3FA01280ED111A111A003F0E5
:105BD00099FB12A11448FEF7F1FB0546294613A0D4
:105BE00003F090FB012070BD601C84B24FF47A700A
:105BF00005F032FA032CE0DB0020F4E74F4B000005
:105C000041542B44415441524154453F000000004F
:105C10004C4F47000A5B25735D0000002B44415444
:105C200041524154453A0000FE0B0020257300000C
:105C300070B500241CE010A240F2DC510FA0FFF769
:105C4000B5FA01280ED110A110A003F05BFB11A141
:105C50001248FEF7B3FB0546294611A003F052FB9C
:105C6000012070BD601C84B24FF47A7005F0F4F925
:105C7000032CE0DB0020F4E74F4B000041542B469F
:105C80005245513F000000004C4F47000A5B25730E
:105C90005D0000002B465245513A0000FE0B0020EB
:105CA00025730000F0B58FB000258BE048A240F2CC
:105CB000DC5148A0FFF77AFA01287DD148A149A01C
:105CC00003F020FB49A14C48FEF778FB0746394614
:105CD0004AA003F017FB78214948FEF764FB43A173
:105CE0004548FEF76BFB064600200E9000240EABE5
:105CF000434A44A1304608F020FC0AE0404B611CB6
:105D000053F82120404908190223012108F0A2FB81
:105D1000641C0E99481E0E900029EFD130A131A0CD
:105D200003F0F0FA3848373890F8460036493739EA
:105D300091F84510344A373A92F84420324B373BB9
:105D400093F84330CDE90932CDE90B102E483738AE
:105D500090F842002C49373991F8412091F84010D1
:105D6000294B373B93F83F30CDE90531CDE907208A
:105D70002548373890F83E1090F83D2090F83C00C8
:105D8000214B373B93F83B30CDE90130CDE903217E
:105D90001D48373890F83A0000901B48373890F883
:105DA000393090F8382090F83710184803F0AAFAE4
:105DB00001200FB0F0BDFFE7681C85B24FF47A7088
:105DC00005F04AF9032DFFF671AF0020F1E700005E
:105DD0004F4B000041542B4E574B534B45593F00FE
:105DE0004C4F47000A5B25735D0000002B4E574B5C
:105DF000534B45593A000000FE0B0020257300006C
:105E0000981300202000000047140020E4850108BA
:105E100070B500241CE010A240F2DC510FA0FFF787
:105E2000C5F901280ED110A110A003F06BFA11A141
:105E30001248FEF7C3FA0546294611A003F062FA9C
:105E4000012070BD601C84B24FF47A7005F004F933
:105E5000032CE0DB0020F4E74F4B000041542B50B3
:105E60004F52543F000000004C4F47000A5B25731F
:105E70005D0000002B504F52543A0000FE0B0020F2
:105E80002573000070B500241CE010A240F2DC5124
:105E90000FA0FFF78BF901280ED10FA10FA003F07F
:105EA00031FA10A11148FEF789FA0546294610A0DB
:105EB00003F028FA012070BD601C84B24FF47A70A0
:105EC00005F0CAF8032CE0DB0020F4E74F4B00009C
:105ED00041542B5258323F004C4F47000A5B257308
:105EE0005D0000002B5258323A000000FE0B0020EB
:105EF0002573000070B500241CE010A240F2DC51B4
:105F000011A0FFF753F901280ED112A112A003F03E
:105F1000F9F90AA11248FEF751FA0546294611A0DF
:105F200003F0F0F9012070BD601C84B24FF47A7068
:105F300005F092F8032CE0DB0020F4E72B535441EA
:105F40005455533A0000000041542B5354415455CA
:105F5000533F00004C4F47000A5B25735D00000073
:105F6000FE0B00202573000070B500241CE010A279
:105F700040F2DC5110A0FFF719F901280ED110A151
:105F800010A003F0BFF90AA11048FEF717FA054662
:105F900029460FA003F0B6F9012070BD601C84B241
:105FA0004FF47A7005F058F8032CE0DB0020F4E79A
:105FB0002B5645520000000041542B5645523F00DD
:105FC0004C4F47000A5B25735D000000FE0B00206C
:105FD0002573000010B500241AE00FA240F2DC5136
:105FE0000EA0FFF7E3F801280CD10F48007820F04D
:105FF00001000D49087000BF0CF0E4FD0028FBD043
:10600000012010BD601C84B24FF47A7005F024F8B2
:10601000032CE2DB0020F4E74F4B000041542B46F9
:106020004143544F525900001014002010B5002471
:106030000EE009A240F2DC5108A0FFF7B7F80128F2
:1060400000D110BD601C84B24FF47A7005F004F8E2
:10605000032CEEDB0020F4E74F4B000041542B53A0
:106060004156450010B590B00024242218A107A87D
:10607000FEF77EF91F48807C1E49497C1D4A127C30
:106080001C4BDB7BCDE90232CDE904101948807B43
:106090001849497BCDE900101648037BC27A16A146
:1060A00007A806F039FA0FE020A240F2DC5107A859
:1060B000FFF77CF8012801D110B010BD601C84B23C
:1060C0004FF47A7004F0C8FF032CEDDB0020F3E7F7
:1060D00041542B4150504555493D204646204646A7
:1060E00020464520303020303020303020303020E5
:1060F000303100001014002041542B4150504555C0
:10610000493D202530327820253032782025303224
:1061100078202530327820253032782025303278AA
:106120002025303278202530327800004F4B000097
:1061300010B59EB00024402225A10EA8FEF718F944
:10614000334890F82200324991F82110304A92F8F1
:1061500020202F4BDB7FCDE90A32CDE90C102C48F3
:10616000807F2B49497F2A4A127F294BDB7ECDE96C
:106170000632CDE908102648827E407E2449097EF9
:10618000234BDB7DCDE90231CDE904022048807D3F
:106190001F49497DCDE900101D48037DC27C1D4982
:1061A0000EA806F0B9F90FE01BA240F2DC510EA8D0
:1061B000FEF7FCFF012801D11EB010BD601C84B2A7
:1061C0004FF47A7004F048FF032CEDDB0020F3E776
:1061D00041542B4150504B45593D203242203745C8
:1061E00020313520313620323820414520443220BC
:1061F0004136204142204637203135203838203082
:10620000392043462034462033432C300000000020
:1062100010140020548A01084F4B00003EB504467C
:10622000002522460BA1684606F076F90EE00CA286
:1062300040F6C4116846FEF7B9FF012800D13EBD03
:10624000681C85B24FF47A7004F006FF032DEEDB74
:106250000020F4E741542B42414E443D25640000A8
:106260004F4B000030B585B0044600251421684628
:10627000FEF799F822460CA1684606F04DF90FE0AA
:106280000DA240F6C4116846FEF790FF012801D127
:1062900005B030BD681C85B24FF47A7004F0DCFEA6
:1062A000032DEDDB0020F3E741542B43484D4153D0
:1062B0004B3D2530345800004F4B00003EB504469E
:1062C00000250EA207CA8DE8070022460EA16846E7
:1062D00006F022F90EE00FA240F2DC516846FEF70C
:1062E00065FF012800D13EBD681C85B24FF47A706D
:1062F00004F0B2FE032DEEDB0020F4E741542B4303
:106300004C4153533D30000041542B434C415353B7
:106310003D2564004F4B00007FB504460D46002626
:106320000FA30FCB8DE80F002B46224610A1684625
:1063300006F0F2F80FE013A240F2DC516846FEF7D7
:1063400035FF012801D104B070BD701C86B24FF436
:106350007A7004F081FE032EEDDB0020F3E70000ED
:1063600041542B434F4E4649524D3D312C33000092
:1063700041542B434F4E4649524D3D25642C2564D4
:10638000000000004F4B000010B5002417E00EA2E3
:1063900040F2DC510DA0FEF709FF012809D1FF21D1
:1063A0000F48FEF700F800200E49A1F80602012070
:1063B00010BD601C84B24FF47A7004F04DFE032CC3
:1063C000E5DB0020F4E700004F4B000041542B4A6E
:1063D0004F494E3D312C312C31322C3130000000F0
:1063E000FE0B0020F80A002010B500240EE009A2E0
:1063F00040F2DC5108A0FEF7D9FE012800D110BD03
:10640000601C84B24FF47A7004F026FE032CEEDB9D
:106410000020F4E74F4B000041542B4F5441413DC5
:10642000312C30003EB5044600250EA207CA8DE887
:10643000070022460EA1684606F06EF80EE010A294
:1064400040F2DC516846FEF7B1FE012800D13EBDA6
:10645000681C85B24FF47A7004F0FEFD032DEEDB6C
:106460000020F4E741542B504F52543D323000008D
:1064700041542B504F52543D2530327800000000DB
:106480004F4B000030B58DB0182107A8FDF78BFFEA
:10649000182101A8FDF787FF00204049096821F471
:1064A000406101433D4A883AC2F8881000BF01208C
:1064B0001146C96D0143D1651146C96D0140009176
:1064C00000BF00BF022002F0C7FF4FF44060019000
:1064D00002200290032003900020049001200590E8
:1064E0000820069001A92E4803F058F906F090F80C
:1064F00005460022114604F047FE04462146462088
:1065000006F0B6F8462006F069F84FF4E13007903F
:106510000020089009900A900C200B9000200C900D
:1065200007A9204803F0AEFA1E4800BF00BF00BF15
:1065300050E8002F42F0200140E80012002AF7D175
:1065400000BF00BF174800BF00BF00BF50E8002FCA
:1065500042F4807140E80012002AF7D100BF00BF6A
:1065600000BF01200F49086200BF00BF0846006855
:1065700040F00100086000BF00BF00BF0948C069CB
:10658000C0F340500028F8D000BF0648C069C0F3EF
:1065900080500028F1D00DB030BD000088100240BE
:1065A000000400480080004000B589B00EF01EF9DC
:1065B000002006900790089018216846FDF7F3FE2A
:1065C000012002F03BFF022002F038FF042002F01D
:1065D00035FF0120019003200290002003900490D9
:1065E0004FF4004000906946F54803F0D7F81020BA
:1065F00000906946F24803F0D1F801200090694606
:10660000EF4803F0CBF8022000906946EC4803F015
:10661000C5F8082000906946EA4803F0BFF8022058
:1066200000906946E74803F0B9F8042000906946F5
:10663000E44803F0B3F84FF4804000906946E04826
:1066400003F0ACF84FF4805000906946DC4803F04A
:10665000A5F84FF4005000906946D94803F09EF821
:10666000082000906946D64803F098F84FF48070EF
:1066700000906946D24803F091F84FF40070009002
:106680006946CF4803F08AF80220009069464FF02F
:10669000904003F083F84FF40041C94803F019F922
:1066A0004FF40041C64803F014F90121C44803F037
:1066B00010F90221C24803F00CF90821C14803F087
:1066C00008F90221BF4803F004F90421BD4803F092
:1066D00000F94FF48041BA4803F0FBF84FF48051C1
:1066E000B74803F0F6F84FF40051B54803F0F1F85D
:1066F0000821B34803F0EDF84FF48071B04803F07F
:10670000E8F84FF40071AE4803F0E3F802214FF0CF
:10671000904003F0DEF800200190049001200090EA
:1067200069464FF0904003F039F8022004900420AD
:1067300000906946A24803F031F800200490402000
:10674000009069464FF0904003F028F880200090B8
:1067500069464FF0904003F021F810200090694600
:106760004FF0904003F01AF82020009069464FF057
:10677000904003F013F88021924803F0B4F84021D0
:10678000904803F0B0F84FF480714FF0904003F060
:10679000AAF8802000900120019000200290039030
:1067A00004906946874802F0F9FF4020009069464E
:1067B000844802F0F3FF4FF48070009069464FF078
:1067C000904002F0EBFF4FF48070009000200190A9
:1067D000049069467B4802F0E1FF4FF4007000909E
:1067E0006946784802F0DAFF4FF47021002003F088
:1067F000D9FD002201214FF0904003F08EF80022D5
:1068000001214FF0904003F074F8012006908DF8BC
:10681000200000208DF8210003208DF8220006A81A
:1068200002F0F8FE4FF07061012003F0BBFD022280
:106830000421634803F071F800220421604803F04A
:1068400058F80420069001208DF8200000208DF8D3
:10685000210003208DF8220006A802F0DBFE5A4931
:10686000002003F09FFD012240214FF0904003F0F3
:1068700054F8002240214FF0904003F03AF84020B5
:10688000069001208DF8200000208DF821000320C3
:106890008DF8220006A802F0BDFE4C49002003F04E
:1068A00081FD012280214FF0904003F036F8002254
:1068B00080214FF0904003F01CF8802006900120CA
:1068C0008DF8200000208DF8210003208DF8220093
:1068D00006A802F09FFE3E49002003F063FD02225D
:1068E00010214FF0904003F018F8002210214FF0D3
:1068F000904002F0FEFF1020069001208DF820004D
:1069000000208DF8210002208DF8220006A802F058
:1069100081FE3049002003F045FD022220214FF086
:10692000904002F0FAFF002220214FF0904002F048
:10693000E0FF2020069001208DF8200000208DF837
:10694000210002208DF8220006A802F063FE00213B
:10695000062005F065FE062005F01EFE0021082039
:1069600005F05EFE082005F017FE00210A2005F064
:1069700057FE0A2005F010FE0021172005F050FEFA
:10698000172005F009FE01221349144807F01DF9EC
:10699000134A0321114806F0FDFF104807F02EF9B5
:1069A00001221049104807F010F9104A03210E483F
:1069B00006F0F0FF0C4807F021F909B000BD000017
:1069C00000040048000800480100000F010000F02A
:1069D00001000F000100F000D1480108540A002016
:1069E000D1B40008DD4801087C0A002059B5000830
:1069F00030B58FB01C2108A8FDF7D5FC182102A8DE
:106A0000FDF7D1FC4FF4403003F09AF94FF4804089
:106A10002749096E0143264A11661146096E014055
:106A2000019100BF00BF012002F016FD4FF4C060CD
:106A30000290022003900320049000200590012082
:106A400006900720079002A94FF0904002F0A6FEA2
:106A500005F0DEFD05460122002104F095FB044609
:106A60002146252005F004FE252005F0B7FD4FF452
:106A700016500890002009900A900B900C200C9062
:106A800000200D900E9008A90A4803F029FE09483D
:106A900003F0C7FD074803F005FE064803F013FEA8
:106AA000044803F004FE034803F0B8FD0FB030BD06
:106AB000001002400038014030B58FB01C2108A8FA
:106AC000FDF771FC182102A8FDF76DFC4FF4401092
:106AD00003F036F94FF480202E49896D01432D4A89
:106AE00091651146896D0140019100BF00BF0420EE
:106AF00002F0B2FC302002900220039003200490A8
:106B000000200590012006900720079002A9224846
:106B100002F044FE05F07CFD05460022012104F050
:106B200033FB04462146272005F0A2FD272005F06F
:106B300055FD4FF4E1300890002009900A900B9029
:106B40000C200C9000200D900E9008A9134803F023
:106B5000C7FD124803F065FD00BF1048806840F48F
:106B600080500E49886000BF00BF0846806820F44E
:106B70000050886000BF084603F094FD074803F00A
:106B8000A2FD064803F093FD044803F047FD0FB053
:106B900030BD0000001002400008004800480040DE
:106BA00000B587B0224803F045FD00BF20480068CB
:106BB00020F001001E49086000BF4FF480201D49ED
:106BC000896C81431B4A916400BF2720002817DB92
:106BD00000F01F0201219140174A430942F8231097
:106BE00000BF00BF00BFBFF34F8F00BF00BF00BF9B
:106BF00000BF00BF00BFBFF36F8F00BF00BF00BF6B
:106C000000BF182101A8FDF7CEFB042002F024FCF0
:106C100030200190032002900020059001A9074830
:106C200002F0BCFD30200549886200BF07B000BDFE
:106C3000004800400010024080E100E000080048E9
:106C400030B595B004460D46142110A8FDF7ABFBF6
:106C5000202108A8FDF7A7FB182102A8FDF7A3FB38
:106C6000012002F023FC681E80B2ADF84000002035
:106C70001190601E12900020139010A94FF08040D8
:106C800003F00CFC00BF4FF08040006820F0800053
:106C90004FF08041086000BF002089682A4A1140F7
:106CA00001434FF08042916000BF602008900120B6
:106CB000099000200A900B900C9008AA10218806D9
:106CC00003F068FC1021880603F02AFC00204FF036
:106CD0008041496821F0700101434FF080425160CA
:106CE00000BF00BF1046806820F080001146886019
:106CF00000BF01201549C96C0143144AD1641146F3
:106D0000C96C0140019100BF00BF022002900390B6
:106D1000032004900020059006900120079002A90E
:106D20004FF0904002F03AFD01211C2005F08CFC50
:106D30001C2005F042FC10208106096A01438206EE
:106D4000116200BF15B030BDF8BFFEFF0010024059
:106D50002DE9F04105460E464FF4FA6404FB06F0B7
:106D60006421B0FBF1F720460421FFF769FF3846A4
:106D7000A106886300BF084603F086FBA00603F067
:106D800088FBA8B20DF098FA00BFA006C06820F0FA
:106D90000400A106C86000BF084603F025FB0220DE
:106DA0004FF09041886200BFBDE8F08170B50446A5
:106DB0002046FDF715FB85B22946204600F002F873
:106DC00070BD0000F0B5002205460EE0084B1646E7
:106DD000571CBAB2AC5D1C8500BF00BF00BF044B9E
:106DE000DB69C3F38013002BF8D08A42EEDBF0BDE1
:106DF0000080004000BFFEE72DE9F04105460E4649
:106E000000240027A046002002E0295C0C44401C1E
:106E1000711E8142F9DC2046E11704EB1161091271
:106E2000A4EB0121CFB2701E285CB8420BD007A1A1
:106E300008A002F067FA701E2A5C394607A002F02B
:106E400061FA4FF001084046BDE8F0815741524ECB
:106E5000000000000A5B25735D00000063616C2088
:106E60006572726F722073756D5B25642D25645D8C
:106E7000000000002DE9F04105460E461746294660
:106E800008A002F03FFA002404E0315D0AA002F0FD
:106E900039FA641CBC42F8DB09A002F033FABDE801
:106EA000F08100000A556172742044617461205BB6
:106EB00025735D3A00000000202530327800000084
:106EC0000A000000704701B5002106E0642100BF00
:106ED000081EA1F1010291B2FAD1BDF80000421ED4
:106EE00092B200920028F1D108BD000010B5AA4866
:106EF0000079C0F38010002836D0A748007920F030
:106F00004000A549087108468079C0F3C000A34934
:106F10000968C1F38001884226D014200DF0CCF915
:106F20009D488079C0F3C0009C490968C1F3800185
:106F3000884219D09948006880089749897960F398
:106F4000C30195488171807B052802DA05209249AA
:106F5000887393A193A002F0D5F98F488079C0F38C
:106F6000C00192A002F0CEF98B480079C0F3001066
:106F700000283FD08848007920F010008649087129
:106F800008468079C0F300104FF090410969C1F3C1
:106F9000801188422ED014200DF08EF97E48807921
:106FA000C0F300104FF090410969C1F3801188428D
:106FB00020D04FF09040006980097749897960F3CB
:106FC000041175488171807920F00100401C7249DC
:106FD00088710846807B052801DA0520887370A136
:106FE00070A002F08FF96C488079C0F3001177A08F
:106FF00002F088F968480079C0F3401000283FD0BB
:107000006548007920F020006349087108468079BE
:10701000C0F340104FF090410969C1F3C01188429C
:107020002ED014200DF048F95B488079C0F3401051
:107030004FF090410969C1F3C011884220D04FF050
:1070400090400069C0095449897960F3451152485C
:107050008171807920F00100401C4F4988710846F9
:10706000807B052801DA052088734DA14DA002F030
:1070700049F949488079C0F340115DA002F042F916
:1070800045488079C0F300104FF090410969C1F381
:107090008011884206D04048007920F0100010305E
:1070A0003D4908713C488079C0F340104FF0904151
:1070B0000969C1F3C011884206D03748007920F031
:1070C00020002030344908713348807A002838D0B5
:1070D00031488079C0F3001020B92F488079C0F37F
:1070E0004010C0B12C488079C0F38000002828D11E
:1070F0002948807920F00400001D2749887128A1C3
:1071000028A002F0FFF824488079C0F3800141A054
:1071100002F0F8F815E020488079C0F3800080B1D3
:107120001D48807920F004001B4988711CA11DA016
:1071300002F0E8F818488079C0F3800135A002F029
:10714000E1F83B4800683B490968884210D812487A
:10715000408AC0EB00103749096801EB80003449D0
:1071600008600D48807920F00100401C0A498871B0
:107170000948C07A78B100200749C87208A109A05F
:1071800002F0C0F82CA002F0BDF80CF093FA002039
:1071900001498882C88210BD340A002010040048CA
:1071A0004C4F47000A5B25735D000000424C4520B0
:1071B000436F6E6E65637420537461746520436819
:1071C000616E676520546F2025640000496E736509
:1071D00072743120436F6E6E6563742053746174F2
:1071E00065204368616E676520546F202564000048
:1071F000496E736572743220436F6E6E65637420DE
:107200005374617465204368616E676520546F2014
:1072100025640000506F7765722053746174652097
:107220004368616E676520546F202564000000008C
:107230001400002044000020446576696365205AEC
:1072400065726F204576656E7400000010B52848A1
:10725000007800F00100002844D02648B0F804016E
:1072600000283FD12448007828B3FF212148FDF7AA
:107270009AF8DC212148FDF796F8204C012220499C
:1072800020480CF035FF1E48027821461D480CF0BE
:107290002FFF0EF00DFC18480078401EC0B21649B2
:1072A000087038B94FF47A711748FDF77CF8154823
:1072B0000CF078FF16E01548807900F0010088B1E5
:1072C0001248807920F001001049887100F024F8FC
:1072D0000E48408AC0EB00100D49096801EB8000A0
:1072E0000C49086001F060F9FFF700FE10BD0000D6
:1072F00010140020F80A002010000020640700206D
:107300001C000020440600205C020020340A0020FB
:10731000440000201400002070B5474D0024DC21FB
:107320002846FDF740F8002044490870294601200E
:107330000EF0EEFC044625444048007820443F49C6
:107340000870294603200EF0E3FC044625443B4820
:10735000007820443949087029463C200EF0D8FCBA
:1073600004462544354800782044344908702946AD
:1073700040200EF0CDFC04462544304800782044DF
:107380002E490870294641200EF0C2FC04462544CF
:107390002A480078204429490870294642200EF0E6
:1073A000B7FC04462544254800782044234908704A
:1073B000294643200EF0ACFC044625441F480078C3
:1073C00020441E490870294686200EF0A1FC044680
:1073D00025441A48007820441849087029468A2014
:1073E0000EF096FC044625441448007820441349C6
:1073F000087013480CF00CFE064610480078401C3C
:10740000864210DB01220D490D480CF0FBFE0B48B3
:10741000027809490A480CF0F5FE0A480078401C39
:107420000849087006E008A109A001F06BFF0AA056
:1074300001F068FF70BD0000640700201C00002000
:1074400044060020100000204552524F5200000018
:107450000A5B25735D0000004C77726220416C72FC
:10746000656164792046756C6C0000002DE9F0417F
:1074700002250026DC216D48FCF795FF00206C49B1
:1074800008706C480CF0C4FD07463D206749087041
:107490000024A4E004EB4401674800EB8100007A7B
:1074A00000287DD0701CC6B204EB4401624810F87D
:1074B00021202846691CCDB25C490A5404EB4401E2
:1074C0005D4800EB810042782846691CCDB25749DF
:1074D0000A5404EB4401584800EB810082782846A6
:1074E000691CCDB251490A5404EB4401524800EBE7
:1074F00081004089020A2846691CCDB24B490A54D2
:1075000004EB44014C4800EB8100827A2846691C58
:10751000CDB246490A5404EB4401474800EB8100D0
:10752000C2782846691CCDB240490A5404EB440194
:10753000414800EB810002792846691CCDB23B49E5
:107540000A5404EB44013C4800EB81004279284690
:10755000691CCDB235490A5404EB4401364800EBAE
:10756000810082792846691CCDB230490A5404EB67
:107570004401314800EB8100C2792846691CCDB234
:107580002A490A54042E28D1084646702848057016
:1075900028480CF03DFD074625480078401C00E0D7
:1075A0001BE0874210DB0122214922480CF02AFE11
:1075B0001F4802781D491F480CF024FE1F48007820
:1075C000401C1E49087006E01DA11FA001F09AFE94
:1075D0001FA001F097FE02250026601CC4B2102CEB
:1075E000FFF658AF002E1FDD10484670104805709A
:1075F0000078401C874210DB01220D490D480CF039
:1076000001FE0B48027809490A480CF0FBFD0B48C3
:107610000078401C0949087006E009A10AA001F0A1
:1076200071FE0BA001F06EFEBDE8F0816407002042
:107630001C000020440600206406002010000020EA
:107640004552524F520000000A5B25735D00000056
:107650004C77726220416C72656164792046756C6A
:107660006C00000010B5012002F08CF8D0B10120B0
:1076700001F06AFF0C484079C0F3400058B10A4855
:10768000407920F00200084948710846007920F04E
:107690000200801C08710448807B052802DA05205E
:1076A0000149887310BD0000340A002010B54FF462
:1076B000006002F067F8B0B14FF4006001F044FFE1
:1076C00009484079C0F3400030B10748407920F0C4
:1076D0000100401C044948710348807B052802DAF8
:1076E00005200149887310BD340A002010B504201C
:1076F00002F048F878B1042001F026FF064800792E
:1077000020F040004030044908710846807B05287D
:1077100001DA0520887310BD340A002010B510204E
:1077200002F030F8002843D0102001F00DFF21486E
:107730004079C0F34000A0B31E48407920F0020019
:107740001C4948710846007920F00400001D0871AA
:1077500019480068408958B117480068407A0128E4
:1077600006D11548B0F8E800401C1349A1F8E8001C
:107770001248807838B11148808820B10F48C088FD
:10778000401C0E49C8800B48007A00F0010020B967
:107790000848808A401C074988824FF4FA700549DE
:1077A00008820448807B052802DA05200149887395
:1077B00010BD0000340A002060060020540700209D
:1077C00010B5202001F0DEFF002843D0202001F07A
:1077D000BBFE35484079C0F34000A0B33248407941
:1077E00020F00200304948710846007920F0080076
:1077F000083008712D480068408958B12B4800684E
:10780000407A012806D12948B0F8E800401C2749F1
:10781000A1F8E8002648807838B12548808820B152
:107820002348C088401C2249C8801F48007A00F0C5
:10783000020020B91C48C08A401C1B49C8824FF472
:10784000FA70194908821848807B052802DA052059
:1078500015498873402001F095FF78B1402001F070
:1078600073FE1148007920F0100010300E490871A5
:107870000846807B052801DA05208873802001F006
:1078800081FF78B1802001F05FFE0748007920F089
:1078900020002030044908710846807B052801DA61
:1078A0000520887310BD0000340A00206006002007
:1078B0005407002008B54FF080501349896D0143EB
:1078C000114A91651146896D0140009100BF00BFCA
:1078D00040131146896821F400410143916000BFC3
:1078E00002200A49096821F007010143074A116093
:1078F00000BF00BF0648006840F00400044908606B
:1079000000BF30BF08BD0000001002400070004002
:1079100010ED00E030B587B00025164C1649002068
:10792000CDE90410012204A9204600F0ABFADDE9FC
:10793000041070EA010119D000200090019002901B
:107940000390009001200190A4F10060C00A029011
:107950000120039001F03AFB00BF06A9684601F040
:10796000ADF90028F9D101F099FA00BF284607B017
:1079700030BD000000F80308785634121B49087F18
:10798000012801D0032816D11949096821F4007192
:10799000174A116000BF1146096841F40061116087
:1079A0001146096821F40061116000BF11460968A1
:1079B00041F400711160022801D0032811D100BFE9
:1079C0000B49096841F48051094A11601146096860
:1079D00021F48051116000BF1146096841F48061B3
:1079E00011600021014A11777047000064010020F6
:1079F0000020024000F0010129B10649496941F027
:107A00000401044A51610349496941F48031014A42
:107A1000516170470020024070B54FF00064057856
:107A200005F0010575B10B4D6D6AC5F30E0304EB4E
:107A3000C3050D60074DAD6AC5F30E0304EBC30526
:107A4000ED1D1560034E0568B66A06F00046354325
:107A5000056070BD002002400648006AC1B2AA2934
:107A600003D0CC2901D0BB2070470248006AC0B2C5
:107A7000FAE70000002002400249086A20F0FF00F7
:107A8000704700000020024050B90C4BDB6A03F045
:107A90007F030B60094BDB6AC3F3064313600BE003
:107AA000012809D1054B1B6B03F07F030B60034BCF
:107AB0001B6BC3F3064313607047000000200240B5
:107AC0002DE9F04704460E4617464CF2503000F0C0
:107AD0009DFB8046B8F1000F30D14FF0006504F0F7
:107AE0000100A0B1701B4FEAD0091648406A6FF33D
:107AF0000E0040EA090013494862781B4FEAD0099A
:107B00000846806A6FF30E0040EA090088620D485B
:107B1000816A204661F31E000A498862084640696E
:107B200040F4003048614CF2503000F06FFB80466A
:107B30000448406920F40030024948614046BDE8ED
:107B4000F08700000020024070B504464CF250302F
:107B500000F05CFB0546B5B90C48006A20F0FF0058
:107B600020430A4908620846406940F400304861F1
:107B70004CF2503000F04AFB05460448406920F4BE
:107B8000003002494861284670BD000000200240D4
:107B90002DE9F04104460D46002600274CF25030F6
:107BA00000F034FB8046B8F1000F7FD104F00100F3
:107BB00020B105F4E060064347F4E06704F00200FA
:107BC00020B105F48050064347F4805704F00400C8
:107BD00020B105F40050064347F4005704F48050E8
:107BE00020B105F48040064347F4804704F00800C4
:107BF00020B105F48030064347F4803704F01000CC
:107C000020B105F40030064347F4003704F02000AB
:107C100020B105F48020064347F4802704F040009B
:107C200020B105F40020064347F4002704F4007057
:107C300020B105F40000064347F4000704F4806017
:107C400020B105F08070064347F0807704F40060AF
:107C500020B105F00070064347F0007704F40050AF
:107C600020B105F08060064347F0806704F480404F
:107C700020B105F00060064347F000670D48006A38
:107C8000B84330430B4908620846406940F400306D
:107C900048614CF2503000F0B9FA8046054840691E
:107CA00020F40030034900E000E048614046BDE8B0
:107CB000F0810000002002402DE9F04104460D460D
:107CC00016464CF2503000F0A1FA074637BB4CB9CB
:107CD0001448C06A20F07F1045EA06410843114964
:107CE000C8620AE0012C08D10E48006B20F07F101A
:107CF00045EA064108430B4908630A48406940F4D5
:107D00000030084948614CF2503000F07FFA0746D5
:107D10000448406920F40030024948613846BDE813
:107D2000F081000000200240094A526922F47E726C
:107D3000C3B242EAC302064B5A611A46526942F084
:107D400002025A611A46526942F480325A617047FF
:107D50000020024010B50849496941F00101064C74
:107D60006161026000BF00BF00BFBFF36F8F00BF43
:107D700000BF00BF436010BD00200240F0B50246C6
:107D8000402314460D460C4E766946F480260A4F71
:107D90007E6100BFEFF31086304672B600BF2E68DA
:107DA0002660241D2D1D5E1EF3B2002BF7D100BFEF
:107DB00080F3108800BFF0BD0020024010B596B0DF
:107DC0001D4C0A2202A9204600F05CF81A23DDE9C6
:107DD0000210594001430FD118490498C871069800
:107DE0000872089848720A98887289790C9860F32A
:107DF0008201124881710CE000201049C87108729C
:107E000028204872002088720846807920F00400FB
:107E100088710BA10CA001F075FA08488079C0F3B5
:107E2000800000900548437A027AC179084801F041
:107E300069FA16B010BD000000100308340A0020D3
:107E4000464C4153480000000A5B25735D0000006A
:107E5000E888010810B5094C18220949204600F0AD
:107E600011F80748001F0079FF2803D1C0210448FA
:107E7000FCF799FA0BF01EFC10BD00000008030887
:107E800064060020F0B503461C46002006E0256885
:107E9000666801EBC00760C70834401C9042F6DBFF
:107EA000F0BD000010B52DA001F02CFA3BA001F0B0
:107EB00029FA4AA001F026FA0D22114657A001F036
:107EC00021FA00F01DF90DF0EBFC0DF0B3F90FF005
:107ED000CDFA00F0D3F8FFF7BDFFFFF76FFFFFF714
:107EE00019FD10225D495E48FCF742FA5C480838EB
:107EF0005C490A680260496841600B385A49096860
:107F0000C0F82310102259492730FCF731FA10220B
:107F1000574953482430FCF72BFA56488079C0F370
:107F2000800020B101204E49133981F8480000201B
:107F3000514908704F48007920F0400040304D49C9
:107F400008710846007920F01000103008710846CA
:107F5000007920F020002030087110BD0A2A2A2A5A
:107F60002A2A2A2A2A2A2A2A2A2A2A2A2A2A2A2A71
:107F70002A2A2A2A2A2A2A2A2A2A2A2A2A2A2A2A61
:107F80002A2A2A2A2A2A2A2A2A2A2A2A2A2A2A2A51
:107F90002A2A2A2A2A2A2A2A2A0A00002A2A2A2AB5
:107FA0002A2A2A2A2A2A2A2A2A2A2A2A2A2A2A2A31
:107FB0002A2A2A2A2A2A2A2A2A2A2A2A2A2A2A2A21
:107FC0002A2A2A2A2A2A2A2A2A2A2A2A2A2A2A2A11
:107FD0002A2A2A2A2A2A2A2A0A0000002A2A2A2A9F
:107FE0002A2A2A2A2A2A2A2A2A2A20484B543A208C
:107FF000536F6C656E6F69642056616C76652043C3
:108000006F6E74726F6C6C6572202A2A2A2A2A2A73
:108010002A2A2A2A2A2A2A2A0A0000002A2A2A2A5E
:108020002A2A2A2A2A2048415244574152455F565B
:1080300045523A20307825303258202C534F465440
:10804000574152455F5645523A20307825303258D4
:10805000202A2A2A2A2A2A2A2A2A0A001401002047
:10806000231400200C0100202401002028010020FE
:1080700038010020340A00201D0000201CB50F4CE0
:10808000012269462046FFF7FDFE0D49009848820F
:108090000846408AB0F5B46F03DC0846408A0128E0
:1080A00002DA3C200649488206A108A001F02AF91C
:1080B0000348418A07A001F025F91CBD0000030810
:1080C000340A0020464C4153480000000A5B2573E7
:1080D0005D0000005265616420466C617368204455
:1080E0006576696365205265706F727420496E749D
:1080F000657276616C203A2025646D696E0D0A0008
:1081000030B52DED028B83B0244D012269462846FF
:10811000FFF7B8FE009C1A2C05DDB2EE000A2048DD
:1081200080ED060A22E0192C05D1B0EE0C0A1C489D
:1081300080ED060A1AE01A2C05D1B1EE060A18489D
:1081400080ED060A12E00D2C07DA00EE104AB8EEB8
:10815000C00A134880ED060A08E0C4F10C0000EEE6
:10816000100AB8EEC00A0E4880ED060A0DA10FA055
:1081700001F0C8F80A4890ED060A10EE101A0846F9
:10818000FCF70DFC41EC180B53EC182B09A001F087
:10819000B9F803B0BDEC028B30BD00000018030835
:1081A000340A0020464C4153480000000A5B257306
:1081B0005D0000005265616420466C617368205464
:1081C000696D65205A6F6E653A20252E3166000074
:1081D00010B53C200B4948820020C8710872282045
:1081E000487200208872F4210748FCF7DCF8002070
:1081F0000549086000F0F2F800F09AF800F04EF837
:1082000010BD0000340A00206006002070B505464D
:1082100000F0F4FE064608E0681C30B100F0EEFE07
:10822000801BA84201D3032070BD1948006900F4E7
:1082300080300028F0D116480069164900EA010490
:10824000CCB11548406820431349486000BF04F092
:10825000404030B10E48806904F0404108430C4969
:10826000886124F0404018B124F04040084908617A
:1082700000BF0120D8E70648006900F0010020B1E6
:1082800000BF01200249086100BF0020CCE70000C8
:1082900000200240FAC302006401002030B59BB008
:1082A0000025214C502106A8FCF77DF81A2100205A
:1082B000CDE906101D48C0790021CDE908011B4811
:1082C000007ACDE90A011948407ACDE90C01174836
:1082D000807ACDE90E0115488079C0F38000CDE9A0
:1082E0001001002001900290039004900190012061
:1082F0000290A4F10060C00A03900120049000F0F5
:1083000065FE00BF05A901A800F0D8FC0028F9D13E
:108310000A2206A9204600F035F8054600F0BEFD09
:1083200028461BB030BD000000100308340A0020AE
:1083300030B585B00025114C0020009001900290CE
:108340000390009001200190A4F10060C00A029007
:108350000120039000F03AFE00BF04A9684600F037
:10836000ADFC0028F9D118220549204600F00AF892
:10837000054600F093FD284605B030BD000803080F
:10838000640600202DE9F05F81460D4692464FF0CD
:10839000000B4E4600241AE005EBC400D0E9007340
:1083A0003A463146002000F0B1FD8346BBF1000F94
:1083B00008D13168706805EBC4030CCB51405840BC
:1083C000014302D0012000F006B80836641C544571
:1083D000E2DB0020F7E730BCBDE8C09F30B589B0D4
:1083E0000025144C1448408A0021CDE906010020E4
:1083F0000190029003900490019001200290A4F15A
:108400000060C00A03900120049000F0DFFD00BF6F
:1084100005A901A800F052FC0028F9D1012206A903
:108420002046FFF7AFFF054600F038FD284609B0AB
:1084300030BD000000000308340A002070B52DEDA7
:10844000028B88B000263B4D00243B4890ED060A85
:1084500010EE101A0846FCF7A2FA41EC180B9FED3B
:10846000370B53EC102BFCF7ADFA01D119243BE08C
:10847000314890ED060A10EE101A0846FCF78FFA04
:1084800041EC180B9FED2F0B53EC102BFCF79AFAD5
:1084900001D11A2428E0284890ED060AF2EE0A0AD3
:1084A000B4EEE00AF1EE10FA07D290ED060ABCEE47
:1084B000C00A10EE100AC4B216E01F4890ED060A7A
:1084C000F3EE080AB4EEE00AF1EE10FA0CD290EDE9
:1084D000060AF2EE080A30EE600AB1EE400ABCEE7F
:1084E000C00A10EE100AC4B20020CDE90640019087
:1084F000029003900490019001200290A5F1006089
:10850000C00A03900120049000F060FD00BF05A99F
:1085100001A800F0D3FB0028F9D1012206A92846C2
:10852000FFF730FF064600F0B9FC304608B0BDEC5E
:10853000028B70BD00180308340A00200000000000
:1085400000000C40000000000000164030B589B06B
:108550000025134C13490020CDE90610019002902C
:1085600003900490019001200290A4F10060C00AE1
:1085700003900120049000F029FD00BF05A901A887
:1085800000F09CFB0028F9D1012206A92046FFF744
:10859000F9FE054600F082FC284609B030BD000017
:1085A00000F803087856341210B5FE488079C0F3FD
:1085B0004000002879D1FB484079C0F3C00060B189
:1085C000F848407920F00800F6494871F6A000F01C
:1085D00099FE4FF47A70FC490880F2484079C0F364
:1085E0000010A0B1EF48407920F01000ED4948712B
:1085F000F6A000F087FEFD48007800F0010030B1E1
:10860000E848807920F00100401CE6498871E5487F
:108610004079C0F3401048B3E248407920F0200090
:10862000E0494871F2A000F06DFEDE488079C0F3A9
:10863000800058B1DB48807920F00400D949887166
:10864000322140F6B830FEF783FB0FE0D548807941
:1086500020F00400001DD349887132214FF47A7054
:10866000FEF776FB0120E14981F84800CD484079CA
:10867000C0F3801050B3CB48407920F04000C94986
:108680004871E2A000F03EFEC6488079C0F3800049
:1086900060B1C448807920F00400C2498871322159
:1086A00040F6B830FEF754FB10E04BE0BD4880794F
:1086B00020F00400001DBB49887132214FF47A700C
:1086C000FEF746FB0120C94981F84800B5484079CA
:1086D000C0F3801048B3B348407920F04000B1495E
:1086E0004871CAA000F00EFEAE488079C0F3800049
:1086F00058B1AC48807920F00400AA498871322131
:1087000040F6B830FEF724FB0FE0A648807920F051
:108710000400001DA349887132214FF47A70FEF7DE
:1087200017FB0120B14981F848009E484079C009F3
:1087300040B19C48407920F080009A494871B9A026
:1087400000F0E0FD97484079C0F38000D0B1954833
:10875000407920F0040093494871B9A000F0D2FD9F
:10876000FFF736FD40F6B830974908803221C8201F
:10877000FEF7EEFA4FF4FA700BF09EFD3221C8209E
:10878000FEF7E6FA8748007A00287DD08548007A0F
:1087900081287AD006DC012809D0022832D00328AB
:1087A00074D158E0822872D08328F9D1C9E17D487C
:1087B0008079C0F380104FF090410969C1F3001136
:1087C00088421ED04FF4FA700BF076FD7548807920
:1087D000C0F380104FF090410969C1F30011884245
:1087E0000FD04FF09040006900096E49897960F31D
:1087F00086116C488171807920F00100401C694924
:1088000088714DE24FF090400069C0F34010654917
:108810008979B0EBD11F1DD04FF4FA700BF04CFDED
:108820004FF090400069C0F340105E498979B0EB89
:10883000D11F0FD04FF09040006940095949897904
:1088400060F3C71157488171807920F00100401C06
:108850005449887124E253488079C0F380104FF066
:1088600090410969C1F30011884223D04FF4FA7096
:108870000BF022FD4B488079C0F380104FF09041FF
:108880000969C1F3001103E00BE23CE007E2FAE002
:1088900088420FD04FF09040006900094149897922
:1088A00060F386113F488171807920F00100401CFF
:1088B0003C4988714FF090400069C0F3401039493D
:1088C0008979B0EBD11F1DD04FF4FA700BF0F4FC96
:1088D0004FF090400069C0F3401032498979B0EB05
:1088E000D11F0FD04FF09040006940092D49897980
:1088F00060F3C7112B488171807920F00100401C82
:1089000028498871CCE14FF090400069C0F3001015
:1089100050490978884207D122488079C0F38010F5
:108920004C490978884202D003201E4988734FF0D1
:1089300090400069C0F3001046490978884212D07F
:1089400014200BF0B9FC4FF090400069C0F3001008
:1089500040490978884206D04FF090400069C0F342
:1089600000103C4908700AF0D9F93B49096888426F
:1089700076D90AF0D3F900F57A70374908600948CA
:108980008079C0F380103349097888427AD033481F
:108990000078401CC0B2314908700249497A8842C7
:1089A00070DB5EE0340A00200A427574746F6E203A
:1089B00050726573732053686F72742048616E64DF
:1089C0006C65720A00000000200000200A427574E5
:1089D000746F6E20507265737320446F75626C659E
:1089E0002048616E646C65720A000000101400205B
:1089F0000A427574746F6E205072657373204C6FE9
:108A00006E672048616E646C65720A000A53656E79
:108A10007365204C6F6E672048616E646C65720AE6
:108A2000000000000A427574746F6E205072657306
:108A30007320486F6C642048616E646C65720A0034
:108A40000A4465766963652044656661756C740ADD
:108A500000000000320000202C0000203000002028
:108A600010E0904801789048807961F386108E4933
:108A700088710846807920F00100401C8871002030
:108A80008A4908700CE14FF090400069C0F3401033
:108A900087490978884206D18348807984490978D2
:108AA000B1EBD01F02D003207F4988734FF0904074
:108AB0000069C0F340107E490978884212D0142022
:108AC0000BF0FAFB4FF090400069C0F3401078497A
:108AD0000978884206D04FF090400069C0F34010FA
:108AE000734908700AF01AF972490968884227D94F
:108AF0000AF014F900F57A706E4908606A488079C6
:108B00006B490978B1EBD01F1AD06B480078401C34
:108B1000C0B2694908706449497A884210DB6448E8
:108B200001786148807961F3C7105F498871084610
:108B3000807920F00100401C887100205E49087097
:108B4000AEE04FF090400069C0F30010554909783D
:108B5000884217D154488079C0F380105149097870
:108B600088420FD14FF090400069C0F34010504947
:108B70000978884206D14C4880794D490978B1EB93
:108B8000D01F02D00320484988734FF090400069FD
:108B9000C0F3001043490978884212D014200BF02A
:108BA0008BFB4FF090400069C0F300103D490978FD
:108BB000884206D04FF090400069C0F30010394958
:108BC00008704FF090400069C0F3401038490978B0
:108BD000884212D014200BF06FFB4FF090400069D8
:108BE000C0F3401032490978884206D04FF09040D7
:108BF0000069C0F340102E4908700AF08FF82D4923
:108C0000096888424AD90AF089F800F57A7029493A
:108C1000086025488079C0F380102249097888428D
:108C20001AD022480078401CC0B2204908701E4962
:108C3000497A884210DB1B4801781B48807961F330
:108C40008610194988710846807920F00100401C7F
:108C500088710020154908701348807914490978F3
:108C6000B1EBD01F1AD014480078401CC0B2124992
:108C700008700D49497A884210DB0D4801780A488E
:108C8000807961F3C710084988710846807920F01F
:108C90000100401C887100200749087000E000BFF7
:108CA00000BF10BD32000020340A00203000002038
:108CB000330000202C000020310000202DE9F0417D
:108CC00004460F4600BF3C480078012802D102202C
:108CD000BDE8F08101203849087000BF4CF25030E7
:108CE000FFF794FA0646002E5ED1334948603348B8
:108CF000006800F4007090B13048006800F48060B3
:108D000048B12E48006820F480602C490860032098
:108D10002949087715E001202749087711E02748FD
:108D2000006800F4806048B12448006820F4806046
:108D30002249086002202049087702E000201E49ED
:108D40000877206801280ED16068FEF753FE4CF2C8
:108D50005030FFF75BFA06461848406920F00400DF
:108D6000164948611EE04FF0FF303860A56813E0F7
:108D700028466168FEF7D8FF4CF25030FFF746FAFC
:108D800006460E48406940F2FA3188430B49486173
:108D90000EB13D6005E06D1CD4E902010844A84213
:108DA000E6D800BFFEF7EAFD00BF002002490870C8
:108DB00000BF30468CE70000640100200020024024
:108DC00010B5044606202060606810B16068012874
:108DD00009D1206840F00100206004F10C02111F4D
:108DE0006068FEF751FEFEF737FE2061FEF744FE95
:108DF000A061E069012809D1206840F008002060E6
:108E000004F12402111F081FFEF706FE10BD00002A
:108E100070B50446002500BF1F480078012801D125
:108E2000022070BD01201C49087000BF002048606E
:108E3000207800F0010028B1201D07C8FEF73CFF94
:108E400000B10125207800F0020020B12069FEF772
:108E50007BFE00B10125207800F0040028B1D4E9A0
:108E60000501FEF795FE00B10125207800F008000D
:108E700050B1D4E90801884206D0D4E90812E0696B
:108E8000FEF71EFE00B1012500BF00200249087058
:108E900000BF2846C5E70000640100200348406980
:108EA00040F0004001494861002070470020024026
:108EB00010B50548406940F00060034948614CF234
:108EC0005030FFF7A3F910BD00200240034840696D
:108ED00040F0804001494861002070470020024076
:108EE0000748406900F0804028B106480449C8603E
:108EF0000548C86001E0012070470020FCE7000041
:108F0000002002403B2A19087F6E5D4C2DE9F04796
:108F10000446884615461E464FF0000900BF294802
:108F20000078012802D10220BDE8F0870120254900
:108F3000087000BF4CF25030FFF768F90746002F69
:108F400038D1204948602048006800F4806048B16A
:108F50001D48006820F480601B4908600220194900
:108F6000087702E00020174908773CB92A463346C3
:108F70004046FEF7EFFE4FF001090BE0012C01D057
:108F8000022C07D129464046FEF7F8FE022C01D1FB
:108F90004FF480294CF25030FFF738F90746B9F109
:108FA000000F05D00848406920EA090006494861D9
:108FB000FEF7E4FC00BF00200249087000BF3846FD
:108FC000B2E70000640100200020024000200849B0
:108FD000496901F0004151B10649054A91600649CD
:108FE00091601146496901F0004101B101207047CB
:108FF0000020024023016745AB89EFCD014800689E
:1090000070470000580100200348006803490978B0
:1090100008440149086070475801002060010020A1
:1090200000BFFEE710B58EB01C2107A8FBF7BBF907
:10903000182101A8FBF7B7F94FF44020344A02EB9E
:1090400010610A68040C0323A3409A43C3B2040CC2
:10905000A3401A430A6000BF022000F019FA4FF43F
:1090600000102B498839896D0143294A883A916556
:109070001146896D0140009100BF00BFC0200190E2
:10908000022002900320039001200490002005900C
:109090000420069001A91F4800F080FB00BF1E4875
:1090A000406840F000701C49486000BF00BF08469F
:1090B000C06820F40040C86000BF00BF08460068D8
:1090C00020F40020086000BF00BF0846006820F4BC
:1090D0000030086000BF0020079010480890002072
:1090E00009900A900B900C900D9007A90A4800F087
:1090F00052FC00210846084AD26840F2FE739A43A7
:1091000041EA00031A43044BDA6000BF0EB010BD01
:109110008810024000040048005400405B3D3000CD
:109120002DE9FC4104460E4615461F46DDF8208019
:1091300000BF224800F073FC0028FAD11F4800F05D
:1091400087FC10B91D4800F001FC1D480021CDE945
:10915000001061002B460022184800F0FCFB00BF05
:10916000164800F06BFC0028FAD02946304600F083
:1091700093F800BF00BF11488069C0F38010002839
:10918000F8D010484FF00071CDE90010012000EB3D
:10919000440143460022094800F0DDFB41463846C1
:1091A00000F062F800BF054800F043FC0028FAD048
:1091B000024800F0C6FBBDE8FC81000000540040FE
:1091C00000200080002400802DE9FC4104460E466A
:1091D00015461F46DDF8208000BF214800F01FFC27
:1091E0000028FAD11E4800F033FC10B91C4800F0EA
:1091F000ADFB1C48C102CDE9001061002B460022E6
:10920000174800F0A8FB00BF154800F017FC002825
:10921000FAD02946304600F03FF800BF00BF1048A2
:109220008069C0F3C0100028F8D000204FF0007112
:10923000CDE90010610043460246094800F08BFB6F
:109240004146384600F048F800BF054800F0F1FB01
:109250000028FAD0024800F074FBBDE8FC81000051
:10926000005400400020008070B505460E460024E2
:109270000CE000BF074800F0D7FB0028FAD000BF81
:109280000448406AC0B22855601CC4B2B442F0DB46
:1092900070BD0000005400402DE9F04104460D4629
:1092A000E6B2C4F30727012D04D13146094800F086
:1092B000D4FB0DE03946074800F0CFFB00BF05485E
:1092C00000F0C1FB0028FAD03146024800F0C5FB8F
:1092D000BDE8F0810054004070B505460E460024FC
:1092E0000BE000BF064800F0AEFB0028FAD0295D75
:1092F000034800F0B2FB601CC4B2B442F1DB70BDA5
:10930000005400400FB438B5049818B10498FBF726
:1093100067F810B938BC5DF814FB05A80090074841
:10932000009A049903F026F9054600200090034CAA
:10933000A9B2204600F004F800BFEBE716110020A8
:109340002DE9F04104460D46002627460CE0304644
:10935000721C96B2395C064801F044FA00BF04481A
:1093600001F036FA0028FAD0AE42F0DBBDE8F08119
:109370000048004000B58BB000BF4CF6CC402C49F3
:10938000086000BF00BF45F25550086000BF0620CE
:10939000486000BF4FF6FF70C0F30B01244A916094
:1093A00000BF00BF00BF2248C06800F0070008B936
:1093B000012000E000200128F4D100BF4AF6AA20D5
:1093C0001B49086000BF1B48806840F400601949D1
:1093D00088600846806840F48050886001A8FFF7E4
:1093E000EFFC079800F4403000B3042001901820EF
:1093F0000690079820F440300790FFF7E7FD00BF84
:109400004FF400400C49086100BFFFF769FD01A857
:10941000FFF7FEFC08B103F05FF9FFF749FD08B163
:1094200003F05AF9FFF752FDFFF738FD0BB000BD0E
:1094300000300040002004E00020024008B505494B
:10944000C96C0143034AD1641146C96C01400091C3
:1094500000BF08BD0010024008B50549C96C0143B2
:10946000034AD1641146C96C0140009100BF08BD98
:109470000010024008B50549C96C0143034AD16494
:109480001146C96C0140009100BF08BD00100240A8
:1094900008B50549C96C0143034AD1641146C96C3A
:1094A0000140009100BF08BD0010024008B5054909
:1094B000896D0143034A91651146896D0140009110
:1094C00000BF08BD001002400249896B0143014AF8
:1094D00091637047001002400249896B0143014AC1
:1094E00091637047001002400249896B0143014AB1
:1094F00091637047001002400249896B8143014A21
:1095000091637047001002400249896B8143014A10
:1095100091637047001002400249896B8143014A00
:1095200091637047001002400249096C0143014AEF
:1095300011647047001002400249096C8143014ADE
:109540001164704700100240014908607047000034
:1095500014040140024909688143014A11607047BF
:1095600004040140024909688143014A11607047BF
:1095700024040140024909688143014A116070478F
:1095800000040140024909688143014A11607047A3
:1095900020040140024909680143014A11607047F3
:1095A00004040140024909680143014A11607047FF
:1095B00024040140024909680143014A11607047CF
:1095C0000C040140024909680143014A11607047D7
:1095D0002C040140024909680143014A11607047A7
:1095E00000040140024909680143014A11607047C3
:1095F00020040140024909680143014A1160704793
:1096000008040140024909680143014A116070479A
:109610002804014070B504460025207A00287BD03C
:10962000206800284BD0607A20B1012809D0022898
:1096300015D10DE02068FFF78DFF2068FFF7CAFF06
:109640000FE02068FFF796FF2068FFF7A3FF08E010
:109650002068FFF7BFFF2068FFF79CFF01E00125AE
:1096600000BF00BFA07A50B3A07A012804D002281E
:109670000DD003281FD117E02068414909688143B4
:109680003F4A116000BF2068FFF7B4FF16E0206872
:109690003B49091F09688143394A121F116000BF05
:1096A0002068FFF787FF09E02068FFF7A3FF206825
:1096B000FFF780FF02E045F0020500BF00BF6068D1
:1096C00000285AD0607A20B1012809D0022815D18B
:1096D0000DE06068FFF746FF6068FFF783FF10E06A
:1096E0006068FFF74FFF6068FFF75CFF09E06068A4
:1096F000FFF778FF6068FFF755FF02E045F00405CB
:1097000000BF00BFA07A58B3A07A012805D0022874
:1097100010D0032822D11AE023E0606818492031D4
:1097200009688143164A2032116000BF6068FFF764
:1097300069FF15E0606812491C3109688143104ACD
:109740001C32116000BF6068FFF73CFF08E06068F2
:10975000FFF758FF6068FFF735FF01E0012500BF04
:109760000BE02068FFF706FF2068FFF7F3FE606854
:10977000FFF708FF6068FFF7F5FE284670BD0000A0
:109780000C0401400146044800680840884201D1A9
:10979000012070470020FCE714040140F0B50246A8
:1097A0000B46186890FAA0F0B0FA80F487E0012028
:1097B000A0401D6805EA000100297FD058680128F3
:1097C00002D0586802281DD19868956891FAA1F6D0
:1097D000B6FA86F677000326BE40B54391FAA1F6A5
:1097E000B6FA86F6760000FA06F63543956000BFB5
:1097F000DD6818685668864300FB05F73E435660EF
:1098000000BF00BF1869D56891FAA1F6B6FA86F6CE
:1098100077000326BE40B54391FAA1F6B6FA86F664
:10982000760000FA06F63543D56000BF5868022876
:109830002DD1FF2914D85869156A91FAA1F6B6FA04
:1098400086F6B7000F26BE40B54391FAA1F6B6FAE8
:1098500086F6B60000FA06F63543156200BF16E03C
:109860005869556A0E0A96FAA6F6B6FA86F6B70051
:109870000F26BE40B5430E0A96FAA6F6B6FA86F64D
:10988000B60000FA06F63543556200BF00BF5868BF
:10989000156891FAA1F6B6FA86F677000326BE405F
:1098A000B54391FAA1F6B6FA86F6760000FA06F606
:1098B0003543156000BF00E000E000BF641C18687D
:1098C000E04000287FF473AFF0BD81627047816291
:1098D0007047816270478162704781627047816121
:1098E0007047816170478161704781617047816114
:1098F000704730B5036891FAA1F4B4FA84F46500B6
:109900000324AC40A34391FAA1F4B4FA84F46400B4
:1099100002FA04F42343036030BD30B5C36891FA02
:10992000A1F4B4FA84F465000324AC40A34391FA93
:10993000A1F4B4FA84F4640002FA04F42343C3608B
:1099400030BDC16941F02001C1617047016841F03B
:10995000010101607047F0B5DDE9055446684FF438
:10996000806707EA545740F6FF3C47EA0C0747F484
:10997000C04747F0807747F47F0747F0007747F408
:109980008057BE4341EA020747EA03472F43274374
:109990003E434660F0BD30B5024600BF106820F07F
:1099A0000100106000BFD1E90203146824F4F854E8
:1099B00040EA03252C43146000BF4868106100BFD3
:1099C00000BF106840F00100106000BF00BF906849
:1099D00020F40040906000BF8B69086994686FF3C1
:1099E0000A0440EA03052C43946000BF086930B1C3
:1099F00000BF906840F40040906000BF00BF08685E
:109A0000136823F440130343136000BF486953688D
:109A100023F400430343536000BF002030BD0146E0
:109A20008869C0F3C030704701468869C0F3800080
:109A3000704701468869C0F3401070470146886945
:109A400000F00100704701468869C0F3400070478C
:109A50000146086800F001007047816270474FF4CA
:109A60007A71B0FBF1F2521E4FF0E0235A610022EE
:109A70009A6105221A6100BF7047416841F00201F6
:109A8000416070472DE9F05F04460D464FF0010B31
:109A900000BF206800F00100002838D1E96868683C
:109AA00008432969084321681A4A11400843206085
:109AB000A868616821F440510143616000BF686992
:109AC000A16821F440710143A16000BF4FF44060E0
:109AD00000F028F88146B9F1000F18D02868B0B11D
:109AE0004FF0000BCA462E687EB14FF48070AAFB7F
:109AF000003071085F1840F10001324600233846FB
:109B0000FAF762FB04490840E06000BF00BF584616
:109B100000F004B8F3E9FFEFFFFF0F0030BCBDE831
:109B2000C09F00002DE9F0410446002500BF164803
:109B300000682040C0B1B0F5806F06D0B0F5006F6E
:109B400007D0B0F5406F19D108E001F07FFD054660
:109B500015E000F0B5F800B10C4D10E000F0B8F8D9
:109B600008B14FF400450AE001F070FD074601F02E
:109B700039FD064601F046FD054600E000BF00BF86
:109B80002846BDE8F0810000881002400024F4005F
:109B90002DE9F04104460025032C29D1204600F090
:109BA00085F8B0F5403F17D06FF44031084420B13C
:109BB000012806D0022819D108E001F047FD05462A
:109BC00015E000F07DF800B1374D10E000F080F8AE
:109BD00008B14FF400450AE001F038FD074601F0F6
:109BE00001FD064601F020FD054600E000BF57E0FC
:109BF0000C2C29D1204600F059F8B0F5402F17D091
:109C0000A0F54020001F20B1042806D0082819D153
:109C100008E001F01BFD054615E000F051F800B129
:109C2000214D10E000F054F808B14FF400450AE06F
:109C300001F00CFD074601F0D5FC064601F0E2FC00
:109C4000054600E000BF2BE0302C29D1204600F073
:109C50002DF8B0F5401F17D0A0F54010103820B1F6
:109C6000102806D0202819D108E001F0EFFC0546A5
:109C700015E000F025F800B10B4D10E000F028F8D9
:109C800008B14FF400450AE001F0E0FC074601F09E
:109C9000A9FC064601F0B6FC054600E000BF00BF87
:109CA0002846BDE8F08100000024F4000146034886
:109CB0000068084040EA01407047000088100240F8
:109CC00002480068C0F38020704700000010024086
:109CD00002480068C0F34000704700009010024046
:109CE0000248006800F0F0007047000000100240D9
:109CF0000248006800F47060704700009410024051
:109D000002480068C0F3C000704700000010024025
:109D10000248C06800F07000704700000010024068
:109D20000248C06800F003007047000000100240C5
:109D30000248C068C0F306207047000000100240CF
:109D40000549096821EA104182B21143024A883A62
:109D5000C2F888107047000088100240F0B5059CDA
:109D6000002502F0F006360402F00F0746EA074627
:109D70000E4303F0F0073F0203F00F0C47EA0C27F5
:109D80003E4304F0F00704F00F0C47EA0C0746EAE4
:109D90000705C669024F3E402E43C661F0BD000074
:109DA000808080FF816821F48071816070472DE997
:109DB000F84305460E4614465EB9284600F080F981
:109DC00000B102E00020206000BFE06800B90CE0B4
:109DD0000BE0284600F074F900B102E0002020609A
:109DE00000BFE06800B900E000BF284600F039F984
:109DF000E068E8B900BFE86920F08040E86100BF92
:109E000026B1217C284600F069F820E0207C0A2158
:109E1000B0FBF1F201FB1200217C0A22B1FBF2F14E
:109E200040EA0110C7B23946284600F057F80EE064
:109E300000BFE86940F08040E86100BF207CE9692C
:109E400021F0706141EA0061E96100BF00BF46B1E5
:109E5000A07900906379227928462168FFF77EFF78
:109E60002FE0A0790A21B0FBF1F201FB1200A179E9
:109E70000A22B1FBF2F140EA0110C7B26079114643
:109E8000B0FBF1F201FB120061790A22B1FBF2F1A1
:109E900040EA011000F0FF0820791146B0FBF1F212
:109EA00001FB120021790A22B1FBF2F140EA011014
:109EB00000F0FF09009743464A4628462168FFF70D
:109EC0004DFFA068E96901F07F310143E96100BFFE
:109ED000284600F0CBF80020BDE8F88301F0F0023E
:109EE000120601F00F0342EA0362C36923F07C53B8
:109EF0001A43C2617047C16801F0800161F4C0710A
:109F0000C1607047F0B5059C002504F0F0063604EA
:109F100004F00F0746EA074646EA413603F0F00729
:109F20003F0203F00F0C47EA0C273E4302F0F00714
:109F300002F00F0C47EA0C0746EA07054668024F95
:109F40003E402E434660F0BDC00000FF0146486819
:109F500000F03F00704701464868C0F30420704796
:109F600001464868C0F34230704701464868C0F374
:109F7000074070472DE9F84F06460D461446012765
:109F80004DB9607800F01000102804D1607820F0FE
:109F900010000A30607005B900E000BF304600F0E4
:109FA00060F8304600F065F8012848D045B1E07807
:109FB00000906378A27821783046FFF7A3FF31E064
:109FC000E0780A21B0FBF1F201FB1200E1780A22ED
:109FD000B1FBF2F140EA011000F0FF086078114691
:109FE000B0FBF1F201FB120061780A22B1FBF2F141
:109FF00040EA011000F0FF09A0781146B0FBF1F231
:10A0000001FB1200A1780A22B1FBF2F140EA011033
:10A0100000F0FF0ACDF8008021784B4652463046CA
:10A02000FFF770FF304600F013F8304600F057F8A5
:10A0300020B9304600F0EFF8074600E00027304630
:10A0400000F014F8384600F000B818BCBDE8E08F06
:10A050006FF08001C1607047CA21416253214162A3
:10A060007047CA214162532141627047FF2141621A
:10A070007047F8B505464FF47A70009000262846E0
:10A0800000F023F8D0B900BF701EE86000BF28467A
:10A0900000F01BF804460DE000F09AF9012802D107
:10A0A0000098401E0090284600F00FF804460098E3
:10A0B00000B90126009808B1012CEDD13046F8BD59
:10A0C0000146886800F0400070470146C868C0F348
:10A0D000801070470146C868C0F3401070470146C1
:10A0E0008868C0F340107047F0B5059C002502F069
:10A0F000F006360402F00F0746EA07460E4303F067
:10A10000F0073F0203F00F0C47EA0C273E4304F030
:10A11000F00704F00F0C47EA0C0746EA070506684B
:10A12000024F3E402E430660F0BD0000808080FF5D
:10A130002DE9F84F06460D461446012745B930462D
:10A14000FFF7BEFF00B102E00020206000BF08E082
:10A150003046FFF7B5FF00B102E00020206000BFED
:10A1600000BF3046FFF77DFF3046FFF782FF012832
:10A1700048D045B1A07900906379227930462168B2
:10A18000FFF7B2FF31E0A0790A21B0FBF1F201FB49
:10A190001200A1790A22B1FBF2F140EA011000F0AD
:10A1A000FF0860791146B0FBF1F201FB1200617902
:10A1B0000A22B1FBF2F140EA011000F0FF09207918
:10A1C0001146B0FBF1F201FB120021790A22B1FB2A
:10A1D000F2F140EA011000F0FF0ACDF800804B4692
:10A1E000524630462168FFF77FFF3046FFF730FFC9
:10A1F0003046FFF774FF20B9304600F00CF80746F0
:10A2000000E000273046FFF731FF384600F000B885
:10A2100018BCBDE8E08FF8B504464FF47A700090A2
:10A22000002500BFE06800F0800060F0A000E06062
:10A2300000BF2046FFF74EFF06460DE000F0C8F8CD
:10A24000012802D10098401E00902046FFF742FFEF
:10A250000646009800B90125009808B1002EEDD1FE
:10A26000012D19D04FF47A7000902046FFF732FF8D
:10A2700006460DE000F0ACF8012802D10098401E1F
:10A2800000902046FFF726FF0646009800B90125FA
:10A29000009808B1012EEDD12846F8BD70B50446EE
:10A2A0000125134884420DD180141249096C0143E1
:10A2B000104A116400BF00BF1146096C814311644C
:10A2C00000BF00250C48844206D10014FFF7FCF8BB
:10A2D0002014FFF711F900250848844206D1C01365
:10A2E000FFF7F2F8E013FFF707F90025284670BDE5
:10A2F000003001400010024000380040003C0040A7
:10A3000030B50246012300BF1068C0F38010A0BB27
:10A31000D1E900042043CC6820430C6920434C69F8
:10A3200020438C692043CC6920430C6A2043146885
:10A330004FF6BF75AC43204310604C69886840EA13
:10A340001440546840F60475AC432043506088685C
:10A35000B0F5006F07D21803546824F48054044306
:10A36000546000BF00BF086AB0F5005F04D1486ABE
:10A3700084B2146100BF00BF0023184630BD0146FF
:10A380008868C0F3C01070470146886800F001007B
:10A39000704701468868C0F34000704700F10C0226
:10A3A0001170704710B5094ACBB252F8232022EA47
:10A3B00011420B0C93FAA3F3B3FA83F300FA03F3FD
:10A3C0001A43024BCCB243F8242010BD08000140D0
:10A3D0004FF0E0200069C0F3004070470149086079
:10A3E000704700000401002070B504460025214894
:10A3F000844206D1C014FFF797F8E014FFF79CF8E9
:10A4000036E0B4F1804F06D10120FFF765F8012056
:10A41000FFF77AF82CE01848844206D11020FFF7A5
:10A420005BF81020FFF770F822E01448844206D150
:10A430002020FFF751F82020FFF766F818E01048B9
:10A44000844208D14FF48030FFF76EF84FF480302B
:10A45000FFF772F80CE00B48844208D14FF400304B
:10A46000FFF762F84FF40030FFF766F800E00125CF
:10A47000284670BD002C0140001000400014004030
:10A480000040014000440140016841F0800101604A
:10A490007047016841F001010160704710B5024644
:10A4A00013681C48824202D0B2F1804F04D123F0DD
:10A4B00070004C6840EA04031648824208D0B2F1AA
:10A4C000804F05D01448824202D01448824204D101
:10A4D00023F44070CC6840EA040313608868D062BB
:10A4E00000BF0888906200BF0A48824205D00A482F
:10A4F000824202D00948824203D10869106300BF3A
:10A5000000BF00BF506940F00100506100BF002053
:10A5100010BD0000002C01400040014000440140FB
:10A5200070B50246012901D1002420E0042901D19F
:10A5300001241CE0102901D1022418E0402901D196
:10A54000032414E0B1F5807F01D104240FE0B1F5BC
:10A55000806F01D105240AE0B1F5805F01D10624A6
:10A5600005E0B1F5803F01D1072400E0082423462F
:10A57000064CE55C02F1180428190468044DEE5CF1
:10A580000425B5402C43046070BD00004B780108E1
:10A59000547801082DE9F04106460C46154601277E
:10A5A000B4F5805F21D007DC012C0CD0102C10D02A
:10A5B000B4F5807F2BD112E0B4F5803F1BD0B4F509
:10A5C000801F24D11DE02946304600F0FDFD0746DE
:10A5D0001EE02946304600F03FFE074618E02946B7
:10A5E000304600F087FE074612E02946304600F06C
:10A5F000C9FE07460CE02946304600F0FBFE074640
:10A6000006E02946304600F02DFF074600E000BF77
:10A6100000BF3846BDE8F0818163704701210162C7
:10A620007047416821F490414160816821F02A011E
:10A630008160704770B504460025164884420ED1EB
:10A640004FF480401449096C0143134A116400BF60
:10A6500000BF1146096C8143116400BF18E00F4828
:10A66000844208D14FF40030FEF73EFF4FF4003033
:10A67000FEF752FF0CE00A48844208D14FF48020D4
:10A68000FEF732FF4FF48020FEF746FF00E0012581
:10A69000284670BD003801400010024000440040D0
:10A6A00000480040016841F001010160704700BFAF
:10A6B00000BF50E8002F42F4807140E80012002AE9
:10A6C000F7D100BF704700BF00BF50E8002F42F035
:10A6D000200140E80012002AF7D100BF70470000B7
:10A6E0002DE9F04104460D4601270026204600F0E2
:10A6F00074F8002857D1E968686808432969084355
:10A70000A96908432168294A114008432060A868C4
:10A71000616821F440510143616000BF6869A1682C
:10A7200021F440710143A16000BF2148844204D15B
:10A730000320FFF72DFA06460EE01E48844204D19E
:10A740000C20FFF725FA064606E01B48844203D199
:10A750003020FFF71DFA06462EB3286818B30027ED
:10A760003146AB692868B3F5004F12D14FEA410872
:10A7700008EB5008B8FBF0F81FFA88F24FF6F078B3
:10A7800002EA080CC2F342084CEA080CC4F80CC0F8
:10A7900007E001EB5008B8FBF0F81FFA88F8C4F89E
:10A7A0000C8000BF00BF3846BDE8F081F369FFEFC1
:10A7B0000038014000440040004800400146C8699C
:10A7C00000F0010070470146C869C0F340107047AF
:10A7D0000146C869C0F3801070470146086800F060
:10A7E000010070470185704710B500BF0A48006836
:10A7F000C0F3400070B10848FFF73FF907484079BF
:10A80000C0F3400030B10548007920F0800080306E
:10A810000249087110BD0000007C0040340A00208D
:10A8200000BF2148C069C0F3401020B300BF1E49DB
:10A83000898CC9B208461D49B1F80612FE290FDA03
:10A840001A49B1F80622B1F80612491C174BA3F8B1
:10A85000061203F58371885432211A46A2F80812B1
:10A860001349897B052902DA0521114A91733221A6
:10A87000104A118000BF00BF0B48C06900F0010002
:10A8800028B100BF01200849086200BF00BF00BF17
:10A890000548C069C0F3C00028B100BF08200249C4
:10A8A000086200BF00BF7047008000400C0F00200E
:10A8B000340A00202000002010B521488079C0F320
:10A8C000C00020B902211F48FFF701F823E01E480D
:10A8D000007800F00100D0B91C480088401C1B49DA
:10A8E0000880084600884FF4FA7190FBF1F201FBF2
:10A8F000120080B90220134A516920EA010201EADC
:10A90000000342EA03420F4B9A6100BF03E00221B9
:10A910000C48FEF7E6FF0E48008878B1012109488F
:10A92000FEF7D5FF0A480088401E094908800846FE
:10A93000008818B901210348FEF7D3FF10BD0000BD
:10A94000340A0020000400481014002022000020D7
:10A950002000002030B593B0A0A207CA10AB07C3F7
:10A96000A1A103C9CDE90E0101200BF0E1FA0120FC
:10A970000BF0CCFA0BF046F8142000F06DFBFBF75F
:10A9800029FBFBF779F8FBF7EFFA99490846D0F86D
:10A990000700C1F823001022964995481330F9F7B3
:10A9A000E7FC93480B3094490A68026049684160AB
:10A9B0000B3892490968C0F82310102290492730BB
:10A9C000F9F7D6FC10228F4989483730F9F7D0FCC7
:10A9D000FBF70AFDFBF746FBFBF7AAFB0020FBF7A2
:10A9E0006DFC0A20FBF71EFD03210120FBF794FC00
:10A9F000FBF7CAFC5B20FBF711FC4FF47F40FBF731
:10AA000031FCFBF713FB142000F026FBFAF7F8FEED
:10AA1000FAF75EFDFAF7BCFCFAF7A2FFFAF700FEC0
:10AA2000FBF740F9FAF726FFFBF7F2F9FBF7C2F85C
:10AA3000FBF7FEF8FBF726FAFAF756FFFAF7A6FE41
:10AA4000FBF7F4FA142000F007FB00200BF070FA7B
:10AA50006DA20A2110A801F045FD63A205210EA8F0
:10AA600001F040FD6AA0FEF74DFC00F023FB044618
:10AA700073A0C17972A08079303800EB800001EBBF
:10AA80004000A0F130016EA002796DA0C07830388E
:10AA900000EB800002EB4000A0F1300268A0437898
:10AAA00067A00078303800EB800003EB4000A0F195
:10AAB000300366A04579303D64A00079202801D19B
:10AAC000002002E061A00079303800EB800005EB47
:10AAD0004000CDE90532079104905CA0017A5BA0AB
:10AAE000C079303800EB800001EB4000303800EBDB
:10AAF000800156A0407A303800EB410000EB800125
:10AB000052A0807A303800EB410053A10EAA10AB5E
:10AB1000CDE90204CDE900210D2211464FA0FEF738
:10AB2000F1FB3348807A32494A7A097A304BDB7933
:10AB3000CDE90131CDE903202D48807900902C48E2
:10AB400043790279C17853A0FEF7DCFB284890F8DE
:10AB5000222090F8211090F82000254BDB7FCDE9D2
:10AB60000930CDE90B122248827F407F2049097FBE
:10AB70001F4BDB7ECDE90531CDE907021C48827E03
:10AB8000407E1B49097E1A4BDB7DCDE90131CDE9C1
:10AB900003021748807D00901548437D027DC17CEB
:10ABA0004748FEF7AFFB1248807C1149497C104AA8
:10ABB000127C0F4BDB7BCDE90132CDE903100C4851
:10ABC000807B00900A48437B027BC17A3DA0FEF760
:10ABD00099FB0FA0FEF796FB13B030BD41533932FD
:10ABE000335F4153320000004F54414100000000E8
:10ABF00010140020140100200C010020240100206A
:10AC0000280100203801002041553931350000006D
:10AC10000D0A2A2A2A2A2A2A2A2A2A2A2A2A2A2AD1
:10AC20002A2A2A2A2A2A2A2A2A2A2A2A2A2A2A2A84
:10AC30002A2A2A2A2A2A2A2A2A2A0D0A0000000059
:10AC400032313A30353A3137000000004D61792019
:10AC50002039203230323600410000000D0A536F97
:10AC600066745665723A5625642E25645F25735FB7
:10AC700025735F436C61737325735F4C49525F2585
:10AC8000642E25642E25645F25643A25643A256484
:10AC90000D0A00000D0A4465764575693A25303283
:10ACA00078253032782530327825303278253032A8
:10ACB000782530327825303278253032780D0A0008
:10ACC000B48A01080D0A4170704575693A25303221
:10ACD0007825303278253032782530327825303278
:10ACE000782530327825303278253032780D0A00D8
:10ACF00010B508F013F897490968884200D210BDD2
:10AD000008F00CF800F5FA7092490860924890F843
:10AD10004800052877D2DFE800F0031A3977BD0034
:10AD20008E4800688E49096888420FD88A4890F892
:10AD3000480058B9884890F84700022806D10120F9
:10AD4000854981F84800962086498873FFE082484B
:10AD5000007820F001008049087001200BF0E8F82D
:10AD600001200BF0D3F80AF04DFE142000F074F926
:10AD700000200BF0CBF8642000F06EF900207A4937
:10AD800008800220744981F84800E0E007F01AFFCB
:10AD900090B107F05FFF78B103206F4981F8480058
:10ADA0007248007800282DD071A172A0FEF7AAFA8F
:10ADB00072A0FEF7A7FA25E06B480088401C6A499C
:10ADC00008807CA16BA0FEF79DFA674801887AA0F5
:10ADD000FEF798FA64480088F02813DB00206249E7
:10ADE00008807DA163A0FEF78DFA7DA0FEF78AFAA8
:10ADF0000220594981F84700042081F848000520C5
:10AE000058498873A3E0A1E05848007888B1002031
:10AE1000564908704FF47A7000F01EF954A155A0FD
:10AE2000FEF770FA76A0FEF76DFA4FF4FA7000F0B4
:10AE300013F91E214FF4FA70FBF78AFF4FF4FA70F2
:10AE400000F00AF91E214FF4FA70FBF781FFC820C9
:10AE500000F002F91E214FF47A70FBF779FF3E48AB
:10AE6000007820F00100401C3B4908700020704928
:10AE700008703D490880384981F8480081F847004A
:10AE80000520384988730846807920F00100401C6D
:10AE900088715CE005203349887300202E4981F8D1
:10AEA0004800022081F847002C4800682C490968B6
:10AEB000884247D85E480078401C5D4908700846C3
:10AEC0000078052801DD052008705948007806281B
:10AED00027D2DFE800F026030A11181F2048006877
:10AEE00000F5E1601D49086022E01D48006800F59A
:10AEF00061601A4908601BE01948006800F5E150DC
:10AF00001649086014E01648006800F5E14013494E
:10AF100008600DE012480068464908440F4908607F
:10AF200006E00F480068434908440C49086000BF28
:10AF300000BF20A10FA0FEF7E5F9084801683EA078
:10AF4000FEF7E0F900200AF0F3FF00E000BF00BFC9
:10AF500000BFD4E650010020101400204C01002056
:10AF600044000020340A0020540100201D0000206D
:10AF700041434B000A5B25735D000000666163740A
:10AF80006F72794D6F64652053564320436F6E7422
:10AF9000726F6C6C657220537465703A4C6F5261BD
:10AFA00020526567697374657220537563636573B6
:10AFB000730000004C4F47004C6F526157414E20C8
:10AFC0005761697420456E74657220496E204E6524
:10AFD00074202564000000005741524E000000001C
:10AFE0004C6F526157414E20456E74657220496E18
:10AFF000204E65742054696D656F757421000000E2
:10B00000666163746F72794D6F6465204169722067
:10B010004D6F6E69746F72696E672053656E736FE2
:10B020007220537465703A46696E69736800000057
:10B030004801002080510100557064617465205200
:10B0400065636F6E6E6563742054696D65737461BA
:10B050006D703A20256C640010B50446A0B209F06A
:10B060002BF910BD70B504462046F9F7B9F985B241
:10B070002946204600F002F870BD00002DE9F0419D
:10B0800004460D46002627460CE03046721C96B258
:10B09000395C0748FFF7A6FB00BF0548FFF798FBA0
:10B0A0000028FAD0AE42F0DBFAF72CF8BDE8F081C8
:10B0B000003801401FA1897870292ED00CDC672947
:10B0C00029D004DC622918D063292ED12BE06C2909
:10B0D0001FD06E2929D108E0722910D074291ED002
:10B0E00076291ED0792920D111E012A14978612951
:10B0F00001D1012000E0062019E0022017E00DA197
:10B100004978612901D1032000E004200FE00520E7
:10B110000DE007200BE0082009E0092007E00A20E5
:10B1200005E00B2003E00C2001E0002000BF00BF81
:10B13000704700004D6179202039203230323600CE
:10B1400000BFFEE700BFFEE7F0B503460C4603F084
:10B150000701C1F10700042801D9042001E0C1F171
:10B1600007000646081D072801D2002000E0C81E7F
:10B1700005460120B040401E2040A8400127AF40B6
:10B180007F1E17403843F0BDF0B503460C4603F070
:10B190000701C1F10700042801D9042001E0C1F131
:10B1A00007000646081D072801D2002000E0C81E3F
:10B1B00005460120B040401E2040A8400127AF4076
:10B1C0007F1E17403843F0BD70B50246106A20F06C
:10B1D00001001062136A5568946924F003041A4E42
:10B1E00004EA06000E6840EA060423F002000E6935
:10B1F00040EA060323F001004E6840EA06031348C4
:10B20000824205D01248824202D01248824213D1B3
:10B2100023F008004E6940EA860323F004008E689C
:10B2200040EA860325F480708E6940EA060525F41D
:10B230000070CE6940EA460555609461C868506365
:10B2400000BF1362002070BD8FFFFEFF002C014085
:10B2500000400140004401402DE9F04104460D4604
:10B26000206A20F010002062266AD4F80480A769C2
:10B2700027F440771B483840296840EA012726F028
:10B280002000296940EA011626F01000696840EAAA
:10B2900001161548844205D01448844202D014484F
:10B2A000844213D126F08000696940EA811626F0B5
:10B2B0004000A96840EA811628F48060A96940EA44
:10B2C000810828F40060E96940EAC108C4F80480F4
:10B2D000A7612046E968FFF79FF926620020BDE8D4
:10B2E000F0810000FF8FFFFE002C01400040014074
:10B2F0000044014070B50246106A20F4807010626C
:10B30000136A5568D46924F003041A4E04EA06004F
:10B310000E6840EA060423F400700E6940EA062332
:10B3200023F480704E6840EA06231348824205D019
:10B330001248824202D01248824213D123F40060A4
:10B340004E6940EA862323F480608E6840EA8623B3
:10B3500025F480508E6940EA061525F40050CE6928
:10B3600040EA46155560D461C868D06300BF1362D7
:10B37000002070BD8FFFFEFF002C01400040014007
:10B380000044014070B50246106A20F480501062FB
:10B39000146A5568D36923F44073124818400E6844
:10B3A00040EA062324F400500E6940EA063424F4EF
:10B3B00080504E6840EA06340B48824205D00B4864
:10B3C000824202D00A48824204D125F480408E692C
:10B3D00040EA86155560D361C868106400BF1462E6
:10B3E000002070BDFF8FFFFE002C01400040014097
:10B3F0000044014030B50246106A20F480301062EB
:10B40000136A546D134D04EA05000D6840EA050403
:10B4100023F400300D8A40EA054323F480308D8800
:10B4200040EA05430C48824205D00C48824202D0D3
:10B430000B48824206D1506820F480308D6940EA82
:10B44000052050605465C868956D906500BF136213
:10B45000002030BD8FFFFEFF002C01400040014066
:10B460000044014030B50246106A20F4801010629A
:10B47000136A546D124820400D6840EA052423F4F5
:10B4800000100D8A40EA055323F480108D8840EAAD
:10B4900005530C48824205D00B48824202D00B482B
:10B4A000824206D1506820F480208D6940EA8520D0
:10B4B00050605465C868D06500BF1362002030BD7D
:10B4C000FF8FFFFE002C014000400140004401407E
:10B4D00010B51948008A00B110BD184800684089AD
:10B4E00080B116480068407A01280BD11248007AD2
:10B4F00000F0010030B91148B0F8E800401C0F49D5
:10B50000A1F8E8000E48807838B10D48808820B155
:10B510000B48C088401C0A49C8800748007A00F0E0
:10B52000010020B90448808A401C0349888205A094
:10B53000FDF7E8FE00BFCFE7340A002060060020D8
:10B54000540700200D0A70756C73653120636C69B7
:10B55000636B0D0A0000000010B51948008A00B1A5
:10B5600010BD18480068408980B116480068407ACC
:10B5700001280BD11248007A00F0020030B91148BE
:10B58000B0F8E800401C0F49A1F8E8000E488078A8
:10B5900038B10D48808820B10B48C088401C0A494A
:10B5A000C8800748007A00F0020020B90448C08A29
:10B5B000401C0349C88205A0FDF7A4FE00BFCFE7E9
:10B5C000340A002060060020540700200D0A707520
:10B5D0006C73653220636C69636B0D0A00000000B8
:10B5E00070470000014600BF0448806800F0F0008A
:10B5F0000009034A125C21FA02F070470010024071
:10B600001C790108014600BF0548806800F4E0602D
:10B61000044A02EB1020027821FA02F07047000081
:10B62000001002402C790108014600BF05488068DF
:10B6300000F46050044A02EBD020027821FA02F0B4
:10B6400070470000001002402C79010810B500BFBF
:10B650002948806800F00C0030B1042822D0082866
:10B6600022D00C2826D121E0FEF74AFB60B9FEF774
:10B6700047FB10B1FEF734FB01E0FEF739FB000A8F
:10B680001E4951F820000BE0FEF73AFB10B1FEF71F
:10B6900027FB01E0FEF72CFB0009184951F82000B8
:10B6A000044625E0164C23E0164C21E000F02CF86F
:10B6B00004461DE0FEF724FB60B9FEF721FB10B144
:10B6C000FEF70EFB01E0FEF713FB000A0B4951F8F1
:10B6D00020000BE0FEF714FB10B1FEF701FB01E0C8
:10B6E000FEF706FB0009054951F82000044600BF9B
:10B6F00000BF204610BD0000001002403479010850
:10B700000024F40000127A0070B5FEF709FB05462C
:10B71000012D04D0022D20D0032D22D11FE0FEF7F1
:10B72000EFFA60B9FEF7ECFA10B1FEF7D9FA01E0D2
:10B73000FEF7DEFA000A254951F820000BE0FEF77B
:10B74000DFFA10B1FEF7CCFA01E0FEF7D1FA0009FA
:10B750001E4951F82000044621E01D4C1FE01D4CFD
:10B760001DE0FEF7CDFA60B9FEF7CAFA10B1FEF798
:10B77000B7FA01E0FEF7BCFA000A144951F82000BC
:10B780000BE0FEF7BDFA10B1FEF7AAFA01E0FEF7F2
:10B79000AFFA00090D4951F82000044600BF00BF70
:10B7A000FEF7B6FA012101EB1010B4FBF0F6FEF73C
:10B7B000BFFA46430848C06800F0C060012101EBB1
:10B7C00050604000B6FBF0F070BD00003479010815
:10B7D0000024F40000127A000010024010B58CB072
:10B7E00004463648FEF738FC3448FEF7DBFA00BF63
:10B7F000FF203249486200BF00200790207A8DF870
:10B80000200020798DF8210020788DF8220008058D
:10B81000099040080A9001208DF82C0007AA002109
:10B820002648FEF7C4FA2548FEF716FC00BF234859
:10B83000806840F480702149886000BF0846FEF7A8
:10B840005AFB00BF1D48806840F480501B49886047
:10B8500000BF00BFFF20486200BF4FF4802018499E
:10B8600009680143164A116000BF00BF144908313E
:10B8700009680143124A0832116000BF11A112A0E9
:10B88000FDF740FD1248006811494968104A926866
:10B890000F4BDB68CDE90232CDE904100C4800699A
:10B8A000401C0B494969CDE900100A48D4E900322F
:10B8B000A168FDF727FD0CB010BD00000028004076
:10B8C000000401404C4F47000A5B25735D000000F7
:10B8D000CC0A0020BC89010810B500BF144880685C
:10B8E000C0F30030E8B100BF1148C068C0F30020C9
:10B8F000B8B11048007920F00100401C0D490871D2
:10B90000052088730A48FEF7F6FA0948FEF7A4FBFB
:10B910000748FEF747FA00BFFF200549486200BF0D
:10B9200000BF4FF480200449086000BF10BD000034
:10B9300000280040340A0020140401402DE9FE4391
:10B94000002002900090019000BF5148006800F470
:10B950004070B0F5007F1ED000BF4D48006840F435
:10B9600080304B499039C1F8900000BF00BF0846B5
:10B97000D0F8900020F48030C1F8900000BF481546
:10B980004349096821F440710143414A903AC2F8A1
:10B99000901000BF00BF00BF3D48006840F4004069
:10B9A0003B499039C1F8900000BF2921394B1B68F1
:10B9B000C3F30220002425460346C3F1070CBCF163
:10B9C000040F02D94FF0040C01E0C3F1070C6746E5
:10B9D00003F1040CBCF1070F02D24FF0000C01E0A0
:10B9E000A3F1030C66464FF0010C0CFA07FCACF116
:10B9F000010C0CEA040C0CFA06FC4FF0010808FAE2
:10BA000006F8A8F1010808EA05084CEA080200BF98
:10BA1000002904DB1007030E1F48435407E01007FA
:10BA2000040E1C480C3001F00F031B1FC45400BF50
:10BA3000292000280DDB00BF00BF00F01F020121FC
:10BA400091404209920002F1E022C2F8001100BFC9
:10BA500000BF00BF00201149896821F04001014367
:10BA60000E4A916000BF7F201146096921F4FE0152
:10BA700041EA0041116100BFFF20114609696FF3DF
:10BA80000E010143116100BF00F00EF800F008B88C
:10BA9000901002400CED00E000E400E000280040BF
:10BAA00006BCBDE8F88300003EB50020029000907F
:10BAB00001901D48007E8DF808001B48007B8DF822
:10BAC0000A001948007C401CC0B28DF809001648D5
:10BAD000007DA0F5FA60C0B28DF80B0002AA00212B
:10BAE0001248FEF747FA002000900F48007A8DF8C0
:10BAF00004000D4800798DF805000B4800788DF89A
:10BB000006006A4600210948FEF712FB074B002099
:10BB100043F2F221002203F1500202EB8002116095
:10BB200000BF0BF0B5F93EBDCC0A00200028004054
:10BB30007047000000B587B00C48FEF7AFFB182235
:10BB40000B4901A8F8F714FC0420FDF793FC4FF40F
:10BB5000E050019001A90748FDF720FE4FF4E051A5
:10BB60000448FDF7B8FE07B000BD0000003C0040EF
:10BB7000AC7801080008004800B591B0282107A85A
:10BB8000F8F711FC182101A8F8F70DFC4FF400405C
:10BB90003949896D0143384A91651146896D0140E3
:10BBA000009100BF00BF0120FDF764FC0420FDF7F9
:10BBB00061FC4FF4004001900120029003200390AB
:10BBC00000200490059001A94FF09040FDF7E6FD9C
:10BBD0001020019001A92948FDF7E0FD1021274818
:10BBE000FDF779FE4FF400414FF09040FDF77DFEE8
:10BBF0004FF4E050019002200290032003900020B7
:10BC0000049005900620069001A91D48FDF7C6FD89
:10BC1000002007904FF4827008904FF4E060099084
:10BC200000200A900B904FF400700C9010200D90A3
:10BC300000200E900F900720109007A91148FEF7E2
:10BC40005FFB00200F49496821F0100101430D4AB4
:10BC5000516000BF00BF1046406820F00800114648
:10BC6000486000BF00BF0846006840F04000086020
:10BC700000BF11B000BD00000010024000040048E9
:10BC800000080048003C00402DE9F05F82468846ED
:10BC900093469946C825C826C8274FF400414FF05F
:10BCA0009040FDF718FE10215B48FDF71EFEB8F12D
:10BCB000000F4ED0002432E000BF5848FEF769FB69
:10BCC00000B106E00120FBF7FEF8281EA5F10105F2
:10BCD000F3D100BF1AF804105048FEF75FFB00BF15
:10BCE0004E48FEF74CFB00B906E00120FBF7EBF8ED
:10BCF000301EA6F10106F3D100BF00BF4748FEF792
:10BD000043FB00B106E00120FBF7DDF8381EA7F188
:10BD10000107F3D100BF00BF4048007B641C4445CD
:10BD2000CADB35B93D48083001683D4A3DA0FDF702
:10BD3000E9FA36B9394808300168394A43A0FDF7B5
:10BD4000E1FA37B9354808300168354A49A0FDF7AE
:10BD5000D9FAC825C826C827B9F1000F4FD000244A
:10BD600033E000BF2D48FEF714FB00B106E00120D0
:10BD7000FBF7A9F8281EA5F10105F3D100BF0021AA
:10BD80002648FEF70BFB00BF2448FEF7F8FA00B97F
:10BD900006E00120FBF797F8301EA6F10106F3D16B
:10BDA00000BF00BF1D48FEF7EFFA00B106E001201A
:10BDB000FBF789F8381EA7F10107F3D100BF00BFD8
:10BDC0001648007B0BF80400641C4C45C9DB35B9F0
:10BDD000124808300168124A12A0FDF793FA36B9EA
:10BDE0000E48083001680E4A18A0FDF78BFA37B9E3
:10BDF0000A48083001680A4A1EA0FDF783FA4FF48A
:10BE000000414FF09040FDF770FD10210248FDF712
:10BE100062FD00F043B8000000040048003C004010
:10BE2000C47801080A205772697465205478205438
:10BE3000696D656F757420535049332D3E53522000
:10BE4000253034782025730A000000000A2057723C
:10BE5000697465204273792054696D656F7574202B
:10BE6000535049332D3E53522025303478202573CA
:10BE70000A0000000A2057726974652052656376D3
:10BE80002054696D656F757420535049332D3E53AE
:10BE90005220253034782025730A000030BCBDE8DC
:10BEA000C09F704710B500204D49096821F0070177
:10BEB00001434B4A116000BF00BF00BF4848006803
:10BEC00000F007000028F8D14FF4007045490968D8
:10BED00021F4C0610143434A116000BF00BF4248E2
:10BEE000006840F480704049086000BF00BF00BF98
:10BEF0003D480068C0F380200028F8D010203A495F
:10BF0000496821F0F85141EA0061374A516000BFA9
:10BF100000BF35489430006840F001001146C1F878
:10BF2000940000BF00BF00BF2F4894300068C0F3EA
:10BF300040000028F7D000BF2A48006840F4807015
:10BF40002849086000BF00BF27489030006840F4CF
:10BF500080302549C1F8900000BF00BF0846D0F8E6
:10BF6000900020F48030C1F8900000BF0120896863
:10BF700021F0030101431C4A916000BF00BF00BFD4
:10BF80001948806800F00C000428F8D100201649F8
:10BF9000896821F0F0010143134A916000BF00BF9E
:10BFA0001146896821F4E0610143916000BF00BF40
:10BFB0001146896821F460510143916000BF0B482C
:10BFC000FDF74DFD0948FEF709FA4FF40040064918
:10BFD000896821F400410143034A916000BF10BD0C
:10BFE0000020024000700040001002400024F400D5
:10BFF00005480649086005488030006840F4700034
:10C0000002498031086070470040000808ED00E0F8
:10C010003C480068401C3B4908603B480068401CA5
:10C0200039490860374800683B2869DD00203549F8
:10C03000086008464068401C4860084640683B2845
:10C040005EDD0020486008468068401C8860084625
:10C050008068172854DD002088600846C068401CAE
:10C06000C86008468069401C886101202749C87261
:10C0700024488069062802DD002022498861214881
:10C080000069234911F82000224908701D494869B8
:10C09000C11700EB91718910A0EB810139B91949E1
:10C0A0004969642291FBF2F302FB131141B915496E
:10C0B00049694FF4C87291FBF2F302FB131141B9C5
:10C0C00010480069012804D112480078401C114929
:10C0D00008700C48C0680F490978884210DD0120BB
:10C0E0000849C86008460069401C086108460069A4
:10C0F0000B2805DD0020086108464069401C4861A6
:10C1000070470000CC0A002044000020340A0020C0
:10C11000147801084800002010B543480068401C0E
:10C120004149086041480088401C40490880404817
:10C130000068401C3E4908603E480068401C3D497C
:10C1400008603D48B0F8080230B13B48B0F808023A
:10C15000401E3949A1F808023848B0F8080230B149
:10C160003648B0F80802401E3449A1F808023348A6
:10C17000B0F8040130B13148B0F80401401E2F4935
:10C18000A1F804012E48B0F8080230B12C48B0F8EC
:10C190000802401E2A49A1F808022A48008820B156
:10C1A00028480088401E2749088022480068B0F5CA
:10C1B0007A7F07D300201F49086023480068401C8D
:10C1C0002149086021480078401C20490870084631
:10C1D0000078052803DD0020087001F025FD1C48CB
:10C1E000008A20B11A48008A401E194908820E4868
:10C1F0000068B0F57A7F13D300200B490860FFF781
:10C2000007FF0E48B0F8040150B91148807B38B1DF
:10C210001048007820B90E48807B401E0C49887376
:10C22000FEF74AFB10BD00004C000020400000203B
:10C23000340000203C000020020D0020F80A0020FD
:10C240000C0F0020020000203800002050000020C9
:10C25000340A00201D0000202DE9F8410120344956
:10C26000096E0143324A11661146096E0140009180
:10C2700000BF00BF00071146896D0143916511465B
:10C28000896D0140009100BF00BF03200246294B89
:10C2900019684FF6FF031940274B0B4343EA02216D
:10C2A000244B196000BF011F1B68C3F302200F2439
:10C2B00000250346C3F1070CBCF1040F02D94FF06F
:10C2C000040C01E0C3F1070C674603F1040CBCF158
:10C2D000070F02D24FF0000C01E0A3F1030C6646F9
:10C2E0004FF0010C0CFA07FCACF1010C0CEA040C49
:10C2F0000CFA06FC4FF0010808FA06F8A8F101084C
:10C3000008EA05084CEA080200BF002904DB100710
:10C31000030E0A48435407E01007040E05480C308A
:10C3200001F00F031B1FC45400BFBDE8F8810000DB
:10C33000001002400CED00E00000FA0500E400E00F
:10C34000F0B587B004460D46142102A8F8F72BF883
:10C350004FF400301E49096E01431D4A1166114613
:10C36000096E0140019100BF00BF00F049F9074686
:10C3700001221146FEF7E8FE06463146192000F07C
:10C3800063F9192000F019F9681E80B2ADF80800B1
:10C3900000200390601E049002A90E48FEF77EF86C
:10C3A0000C48FEF771F800BF0A48006820F0020050
:10C3B0000849086000BF00BF0846C06840F001009F
:10C3C000C86000BF0846FEF764F807B0F0BD000083
:10C3D000001002400044014010B500BF074800694A
:10C3E00000F0010048B100BF6FF00100034908618F
:10C3F00000BFFFF791FEFCF707FE10BD00440140AF
:10C4000010B51548FEF7DFF9E8B100BF1249898C75
:10C41000C9B208461149B1F80612FF290FDA0F49CF
:10C42000B1F80622B1F80612491C0C4BA3F806120B
:10C4300003F58371885414211A46A2F80812322198
:10C44000074A118000BF0448FEF7B8F910B102484E
:10C45000FEF7E4F810BD000000380140F80A0020A3
:10C460002000002010B51B48FEF7ADF9E8B100BF71
:10C470001849898CC9B208461749B1F80612FF2934
:10C480000FDA1549B1F80622B1F80612491C124B11
:10C49000A3F8061203F58371885414211A46A2F8F2
:10C4A000081232210D4A118000BF0A48FEF786F9B2
:10C4B00010B10848FEF7B2F800BF0648C069C0F3E3
:10C4C000C00028B100BF08200249086200BF00BFB9
:10C4D00010BD000000480040020D00202000002098
:10C4E00000BFFEE70FB47CB50C0009AD01D0611EA2
:10C4F00000E00021CDE90001064B6A462946089874
:10C5000000F0B0FC002C02D0009A002111707CBC1D
:10C510005DF814FB71D500080FB4084B10B504A9E1
:10C5200002AA039800F09EFC044602A9002001F034
:10C530002AF8204610BC5DF814FB000087D50008DF
:10C540007CB50C001D461646014601D0601E00E079
:10C550000020CDE90010064B6A462946304600F01F
:10C5600081FC002C02D0009A002111707CBD0000DB
:10C5700071D5000837B514460846064B6A46214671
:10C5800000F070FC04466946002000F0FCFF2046E5
:10C590003EBD000087D5000800280DDB00BF00BFAE
:10C5A00000F01F02012191404209920002F1E022B5
:10C5B000C2F8001100BF00BF704700280DDB00BFAC
:10C5C00000BF00F01F02012191404209920002F1D8
:10C5D000E022C2F8001100BF00BF704700280DDB49
:10C5E00000BF00BF00F01F020121914042099200EC
:10C5F00002F1E022C2F8001100BF00BF7047000046
:10C6000002480068C0F30220704700000CED00E013
:10C6100002480068C0F30220704700000CED00E003
:10C6200010B5002804DB0A07130E054A135406E070
:10C630000A07140E034A00F00F031B1FD45410BD49
:10C6400000E400E018ED00E010B5002804DB0A0764
:10C65000130E054A135406E00A07140E034A00F0AD
:10C660000F031B1FD45410BD00E400E018ED00E0E0
:10C6700010B5002804DB0A07130E054A135406E020
:10C680000A07140E034A00F00F031B1FD45410BDF9
:10C6900000E400E018ED00E000BF00BF00BFBFF302
:10C6A0004F8F00BF00BF00BF0948006800F4E06082
:10C6B00008490843001D0649086000BF00BF00BFCD
:10C6C000BFF34F8F00BF00BF00BF00BF00BFFDE73B
:10C6D0000CED00E00000FA0500BF00BF00BFBFF393
:10C6E0004F8F00BF00BF00BF0948006800F4E06042
:10C6F00008490843001D0649086000BF00BF00BF8D
:10C70000BFF34F8F00BF00BF00BF00BF00BFFDE7FA
:10C710000CED00E00000FA050048704758020020C8
:10C7200002E008C8121F08C1002AFAD170477047FA
:10C73000002001E001C1121F002AFBD170472DE942
:10C74000F04104460D4616460027607D10B10120D9
:10C75000BDE8F08132462946A06802F07FF9002842
:10C7600000DA01273846F3E72DE9F04104460D468B
:10C7700016461F464FF00008607D10B10220BDE84C
:10C78000F0813B4632462946A06802F085FA00282F
:10C7900001DA4FF002084046F1E72DE9F047044680
:10C7A0000D4616461F46DDF820904FF00008607DCC
:10C7B00010B10220BDE8F0873B4632462946A0680A
:10C7C00002F02EFB002801DA4FF003084046F1E7A3
:10C7D00070B502460023481E014604460AE002EBFB
:10C7E000D100007801F0070680253541284000B9C6
:10C7F00004E05B1C081EA1F10101F0D100BFE01AAA
:10C8000070BD00002DE9F04704460E4615469846D7
:10C81000DDF82090002C11D15AA0FCF773FD5CA02C
:10C82000FCF770FD1B225BA165A0FCF76BFD674A5E
:10C8300067A168A0FCF766FD00BFFEE7002E11D1DE
:10C8400050A0FCF75FFD52A0FCF75CFD1C2251A13B
:10C850005BA0FCF757FD5D4A66A15EA0FCF752FDA8
:10C8600000BFFEE7002D11D146A0FCF74BFD48A00C
:10C87000FCF748FD1D2247A151A0FCF743FD534A98
:10C880005EA154A0FCF73EFD00BFFEE7207D10B185
:10C890000020BDE8F087266084F80480C4F820906A
:10C8A000607D002839D102F04FF8284602F08EF959
:10C8B000A06058B933A0FCF725FD35A0FCF722FD98
:10C8C000294650A0FCF71EFD0420E2E7A16801F113
:10C8D0001C0001F047FF076AE06808B9E76018E04C
:10C8E000E068B0FBF7F107FB1100002811D025A08C
:10C8F000FCF708FD26A0FCF705FD452225A130A088
:10C90000FCF700FD314A48A132A0FCF7FBFC00BF58
:10C91000FEE7A068806B206100BFD4E90310B0FB84
:10C92000F1F201FB1200002811D016A0FCF7EAFC7E
:10C9300017A0FCF7E7FC4D2216A121A0FCF7E2FCB2
:10C94000224A41A123A0FCF7DDFC00BFFEE7D4E9A9
:10C950000310B0FBF1F0022811D20AA0FCF7D2FCC0
:10C960000BA0FCF7CFFC4F220AA115A0FCF7CAFCD4
:10C97000164A3EA117A0FCF7C5FC00BFFEE7002049
:10C9800087E700005B466C61736844425D0000000D
:10C99000200000002E2E5C436F6D70656E74735C1A
:10C9A0004D6F64756C65735C466C61736844422DB1
:10C9B000312E312E325C7372635C6664622E6300CA
:10C9C0002825733A25642920000000009879010881
:10C9D00064620000282573292068617320617373E5
:10C9E000657274206661696C6564206174202573CA
:10C9F0002E0A00006E616D650000000070617468B1
:10CA0000000000004572726F723A205061727469C2
:10CA100074696F6E2028257329206E6F7420666FED
:10CA2000756E642E0A00000064622D3E7365635FBC
:10CA300073697A65202520626C6F636B5F73697A16
:10CA400065203D3D2030000064622D3E6D61785FC1
:10CA500073697A6520252064622D3E7365635F7378
:10CA6000697A65203D3D20300000000064622D3E63
:10CA70006D61785F73697A65202F2064622D3E7343
:10CA800065635F73697A65203E3D203200000000D7
:10CA900070B504460D469DB90120207512480078F6
:10CAA000002820D111A0FCF72DFC13A0FCF72AFCD4
:10CAB00012A114A0FCF726FC01200B49087012E01B
:10CAC000A07D80B909A0FCF71DFC0BA0FCF71AFCA7
:10CAD0002079226808B914A000E015A001462B4671
:10CAE00015A0FCF70FFC70BD840100205B466C6153
:10CAF000736844425D00000020000000312E312E9A
:10CB000032000000466C6173684442205625732051
:10CB1000697320696E697469616C697A65207375DF
:10CB200063636573732E0A004B5644420000000095
:10CB300054534442000000004572726F723A20253F
:10CB400073202825732920697320696E69746961CF
:10CB50006C697A65206661696C20282564292E0A33
:10CB6000000000002DE9F04105460E4614464FF046
:10CB7000FF37F01DC108FF222846F7F70DFC44B12E
:10CB8000601EC708E85D04F00702FF21114108405C
:10CB9000E8553846BDE8F0812DE9F84F81460F464B
:10CBA00015461E46DDE90A8A4FF0000BB04511D349
:10CBB0001DA0FCF7A7FB21A0FCF7A4FB8D2220A160
:10CBC0002CA0FCF79FFB2E4A2EA135A0FCF79AFB68
:10CBD00000BFFEE7002D11D113A0FCF793FB17A0B7
:10CBE000FCF790FB8E2216A122A0FCF78BFB244AB7
:10CBF00033A12BA0FCF786FB00BFFEE7424631467F
:10CC00002846FFF7AFFF0446601C10B9002000F073
:10CC10005FB82A19391901234846CDF800A0FFF75B
:10CC2000BCFD83465846F2E75B466C61736844423C
:10CC30005D5B7574696C735D00000000200000008E
:10CC40002E2E5C436F6D70656E74735C4D6F6475F2
:10CC50006C65735C466C61736844422D312E312ED5
:10CC6000325C7372635C6664625F7574696C732EA8
:10CC7000630000002825733A256429200000000085
:10CC8000647E01087374617475735F696E6465789E
:10CC9000203C207374617475735F6E756D000000C5
:10CCA000282573292068617320617373657274206D
:10CCB0006661696C65642061742025732E0A00002A
:10CCC0007374617475735F7461626C650000000059
:10CCD00018BCBDE8E08F00002DE9FF5F82B00021A5
:10CCE000DDE90430020DDDF840B0034318D044F60E
:10CCF0001050A2F2FF3242431514119801281FD0A0
:10CD0000A5EB0B00401C5FEA000A4FF000064E4FF7
:10CD1000DFF83891B046504615D5CAF1000413E04B
:10CD2000119801244AA3012801D16FEA0B0102984E
:10CD3000119AC0E90031C0E9024206B000F08EB895
:10CD4000CBF10000DFE704460021404A491842EBDE
:10CD50000450CDE9001012E0E00707D032463B4610
:10CD600040464946F7F711FD8046894632463B4624
:10CD700010461946F7F709FD06460F466410002CC9
:10CD8000EAD1DDE90401DDE90023BAF1000F06DA9A
:10CD9000F7F7FBFC42464B46F7F7F7FC05E0F7F7E1
:10CDA00069FD42464B46F7F765FD04460E460022F4
:10CDB000284BF7F71FFE03D84FF0FF30014607E07E
:10CDC0000022254B20463146F7F730FCF7F749FFA4
:10CDD000102409E0002C0ADB0A220023F7F7F4F9FB
:10CDE000039B30321A55641E50EA0102F2D1641CD2
:10CDF000039AC4F111031444119A012A03D00122A9
:10CE000008430DD10AE0084304D000204FF0110B75
:10CE1000119072E7A3EB0B056D1E0DE05B4504DD81
:10CE20004FF0000205F1010504E003DA4FF00002C3
:10CE3000A5F10105002AECD002981199C0E9023150
:10CE4000C0E9004579E70000000014400000F03F11
:10CE5000300000000000F0430000E03F30BCBDE8BF
:10CE6000C09F00002DE9FF4F95B09A4688460646C0
:10CE70000025EEE1252877D100242746F94A012133
:10CE8000039400E0044316F8013F203B01FA03F04D
:10CE90001042F7D130782A2811D06FF02F03307864
:10CEA000A0F13002092A16D8039A44F0020402EBDA
:10CEB000820203EB42021044761C0390EFE758F81D
:10CEC000042B0392002A03DA504244F400540390E6
:10CED00044F00204761C30782E2816D116F8010F83
:10CEE00044F004042A280DD06FF02F023078A0F10E
:10CEF0003003092B09D807EB870302EB4303C7185C
:10CF0000761CF3E758F8047B761C30786C280FD039
:10CF100006DC4C2817D068280DD06A2814D104E00C
:10CF2000742810D07A280FD10DE044F400140AE0E0
:10CF300044F4801401E044F440147278824202D137
:10CF400004F58014761C761C307866280BD013DC30
:10CF5000582877D009DC002875D04528F6D0462817
:10CF6000F4D047281AD193E118E0632835D064281B
:10CF700079D0652812D18BE1702873D008DC67283E
:10CF8000F1D069286FD06E280DD06F2806D1ACE0A3
:10CF900073282CD0752874D0782853D0524617990E
:10CFA00090476D1C54E1C4F30250022809D00328B5
:10CFB0000DD0D8F8001004280DD00D6008F1040839
:10CFC00046E1D8F80010EA17C1E90052F6E7D8F8B0
:10CFD00000100D80F2E70D70F0E718F8041B8DF8D3
:10CFE000001000208DF80100EB46012003E058F806
:10CFF00004BB4FF0FF3061074FF0000102D40DE099
:10D0000009F101018946B9420FDA8145F8DB1BF8C5
:10D0100009100029F4D108E009F101018946814293
:10D02000FADB1BF809100029F6D103985346A0EB50
:10D03000090721463846179A00F083FA284400EB86
:10D04000090507E044E008E10DE01BF8010B52463A
:10D0500017999047B9F10109F7D25346214638464E
:10D06000179AF2E039E00A21C4F302524FF0000BA4
:10D070000091022A06D058F8040BC117032A09D0E0
:10D080000AE023E008F1070020F00702F2E80201BD
:10D09000904605E000B2C117042A01D140B2C11781
:10D0A000002906DA0A460021404261EB02012D22E6
:10D0B00002E0220504D52B228DF80420012203E092
:10D0C000E20701D02022F7E7914657E00A2100E06D
:10D0D00010214FF0000B00910BE010214FF0000BDE
:10D0E00044F004040827009103E008204FF0000BEF
:10D0F0000090C4F30252022A05D058F8040B002114
:10D10000032A08D008E008F1070020F00702F2E83F
:10D110000201904603E080B2042A00D1C0B24FF071
:10D12000000922072AD53278702A07D0DDF800C01E
:10D130008CF0100C5CEA0B0C05D00EE040228DF850
:10D140000420012208E050EA010306D030238DF8C4
:10D1500004308DF8052002229146009B83F00803DD
:10D1600053EA0B030AD150EA010201D1620705D547
:10D1700030228DF804204FF001097F1E3278582AA2
:10D1800004D039A20C920CAA02920BE03BA2F9E760
:10D190005B46009AF7F718F80C9B9B5C029A521EAC
:10D1A0000292137050EA0102F2D1029804A9081AFF
:10D1B00000F1200B600702D524F4803400E0012741
:10D1C0005F4502DDA7EB0B0000E0002000EB0B0148
:10D1D000009003984944401A0390E00306D4534654
:10D1E0002146179A039800F0ACF90544002706E0A1
:10D1F00001A85246C05D179990476D1C7F1C4F4592
:10D20000F6DBE0030CD553462146179A039800F04D
:10D2100098F9054404E030205246179990476D1C58
:10D220000099481E00900029F5DC08E00298029958
:10D2300052460078491C0291179990476D1CBBF12A
:10D240000001ABF1010BF1DC5BE100F068F9054492
:10D25000761C307800287FF40DAE19B0284600F017
:10D260005BB90000092801003031323334353637DC
:10D270003839616263646566000000003031323322
:10D2800034353637383941424344454600000000C2
:10D29000600700D4062708F1070020F00700F0E837
:10D2A0000223804603F0004C5FEA0C0001D097A0F7
:10D2B00009E0200501D596A005E0E00701D095A082
:10D2C00001E0AFF24C001390307823F00043652862
:10D2D0000CD006DC452809D046281DD047287FD130
:10D2E0003BE0662818D067287AD136E00021112F5C
:10D2F00001DB112000E0781CCDE9000104A90CA895
:10D30000FFF7EAFCDDE90D010C9A4FF0000B07F185
:10D310000109109200914EE04FF000400097CDE9D6
:10D32000011004A90CA8FFF7D7FCDDE90D020C9B46
:10D330000F994FF0000B91461093009211B9791C90
:10D3400000EB0109B7EB090003D4C0F1FF3B07F183
:10D350000109A9EB0700019042E0012F00DA012743
:10D360000021112F01DD112000E03846CDE9000138
:10D3700004A90CA8FFF7B0FCDDE90D010C9A00919F
:10D380004FF0000BB946109221070FD4009A4A457E
:10D3900003DA914601E0A9F10109B9F1010F05DDB8
:10D3A000109AA9F10101515C3029F4D0B84202DA97
:10D3B00010F1040F03DA0121CDE9011010E000287B
:10D3C00003DC8344A9EB000102E0411C494500DD78
:10D3D0008946A0EB0B00401C01904FF000400290EA
:10D3E000200705D40198484502DB4FF0FF3001903B
:10D3F00000208DF84B0002980DF14B07B0F1004F63
:10D4000025D002200C902B200D90029800280CDAD9
:10D41000404202902D200D9007E00A210298F7F774
:10D4200001FB3031029007F8011D0C99481E0C9049
:10D430000029F2DC02980028EFD1791E0D980870BF
:10D44000307800F0200040F0450007F8020D11A8E8
:10D45000C01BC01D02901398007800B1012000EBA2
:10D460000901019801EBE071029801440398401A08
:10D47000401E0390E00306D453462146179A0398B2
:10D4800000F05FF805441398007818B152461799D8
:10D4900090476D1CE00323D553462146179A039805
:10D4A00000F04FF805441BE0BBF1000F07DB0098CC
:10D4B000584504DD1098179910F80B0001E01799F2
:10D4C00030205246904701980BF1010B401E05F1A8
:10D4D0000105019004D12E205246179990476D1CEA
:10D4E000B9F10001A9F10109DEDC05E017F8010B33
:10D4F0005246179990476D1C0299481E02900029C8
:10D50000F4DC53462146179A03989EE62D0000004E
:10D510002B0000002000000030BCBDE8C08F2DE9CA
:10D52000F041044600251E461746880404D405E051
:10D5300039462020B0476D1C641EF9D52846BDE849
:10D54000F0812DE9F041044600251E469046C803AF
:10D5500001D5302700E02027880404D505E04146A6
:10D560003846B0476D1C641EF9D52846BDE8F081E9
:10D570004A68002A06D00A68531C0B60107048687D
:10D58000401E486070470A68531C0B60107070475B
:10D590002DE9FE4F0646894617461C46002506F132
:10D5A00020084FF0010B56B9534854A355A240F23E
:10D5B000B92100905BA009F0B7F800BFFEE796F82C
:10D5C000340050B94C4864A34EA240F2BA210090F6
:10D5D00054A009F0A9F800BFFEE709EB0701306984
:10D5E000814205D960A009F0C3F8052000F0E6B833
:10D5F000D8F8080018B14046D8F80810884709F054
:10D60000010070B12046641C494609F1010901235B
:10D610001A460090304606F0BDFF054605B15CE0B5
:10D620007F1E0121304608F0D1FD054605B154E0CA
:10D63000AD208DF804003DE0BBF1000F18D00DF1D6
:10D6400005024946304606F093FE96F8350008B1CB
:10D65000052000E004208246207801A901F80A0094
:10D66000617801AA0AF1010011544FF0000B07E0A4
:10D670004FF0010A20788DF8050060788DF80600DB
:10D680000020009003460AF1020201A94046D8F8A2
:10D6900004C0E04705461DB13DA009F069F81CE053
:10D6A000304609F057FF054605B116E0BF1E09F1E7
:10D6B0000209A41C022FBFD20021304608F086FDCB
:10D6C00005464DB9012F07D101231A464946304678
:10D6D000009406F05FFF054600BF1DB100213046F3
:10D6E00008F074FDD8F80C0018B14046D8F80C10BA
:10D6F000884728467AE7000069830108666C6173F1
:10D700006800000028257329206861732061737305
:10D71000657274206661696C65642061742025738C
:10D720002E0000002E2E5C436F6D70656E74735C6E
:10D730004D6F64756C65735C466C61736844422D13
:10D74000312E312E325C736675645C7372635C7368
:10D750006675642E63000000666C6173682D3E6917
:10D760006E69745F6F6B00004572726F723A20468B
:10D770006C617368206164647265737320697320DF
:10D780006F7574206F6620626F756E642E000000E6
:10D790004572726F723A20466C61736820777269C5
:10D7A00074652053504920636F6D6D756E696361B8
:10D7B0007465206572726F722E0000001EBCBDE899
:10D7C000E08F000010B53548C07920B1012808D09D
:10D7D000022811D10BE04FF400713148FCF783F8B7
:10D7E0000BE04FF480712E48FCF77DF805E008212E
:10D7F0002B48FCF778F800E000BF00BF642006F07B
:10D800005BFD4FF400412648FCF76DF840F6B83058
:10D8100006F052FD08212348FCF75BF8022121485D
:10D82000FCF757F804211F48FCF75DF84FF47A70B5
:10D8300006F042FD02211B48FCF74BF80421194871
:10D84000FCF747F84FF400411548FCF742F813483D
:10D85000C07920B1012808D0022811D10BE04FF483
:10D8600000710F48FCF735F80BE04FF480710C485D
:10D87000FCF72FF805E008210948FCF72AF800E03A
:10D8800000BF00BF0548007A00F0010028B9034836
:10D89000807920F040000149887110BD340A0020D1
:10D8A000000400480008004810B53848C07920B18D
:10D8B000012808D0022811D10BE04FF40071344840
:10D8C000FCF711F80BE04FF480713148FCF70BF8CE
:10D8D00005E008212E48FCF706F800E000BF00BF75
:10D8E000642006F0E9FC4FF400412948FBF7FBFFF8
:10D8F00040F6B83006F0E0FC4FF480412448FBF7D6
:10D90000E8FF4FF480512248FBF7E3FF4FF400514A
:10D910001F48FBF7E8FF4FF47A7006F0CDFC4FF498
:10D9200080511B48FBF7D5FF4FF400511848FBF717
:10D93000D0FF4FF400411648FBF7CBFF1348C079E6
:10D9400020B1012808D0022811D10BE04FF400715A
:10D950000F48FBF7BEFF0BE04FF480710C48FBF75C
:10D96000B8FF05E008210A48FBF7B3FF00E000BF5D
:10D9700000BF0648007A00F00200012805D00348E5
:10D98000807920F080000149887110BD340A0020A0
:10D990000004004800F1080343F82120704770B5E7
:10D9A0000446606880470546E07800F007000028DC
:10D9B00002DD2088401C2080E078B5EBD01F13D01A
:10D9C000E078C008401CE17860F3C501E170C1F364
:10D9D000C20003280CDBE07865F3C710E070E07844
:10D9E00020F03800E07003E0E07820F03800E070CC
:10D9F000E07800F00700062826D2DFE800F00326D2
:10DA000053A2E4C3E078C0F38010E178B0EBD11FFB
:10DA100015D1A07820F0F000A070A06810B12046C9
:10DA2000A168884700202080A07820F00F00401CCB
:10DA3000A070E07820F00700401CE07004E0A078BF
:10DA400020F0F0008030A070BDE0E078C0F38010DE
:10DA5000E178B0EBD11F11D0A07820F0F0001030A9
:10DA6000A070E06810B12046E1688847002020805F
:10DA7000E07820F00700801CE07012E02088B0F50C
:10DA8000167F0EDDA07820F0F0005030A070E06925
:10DA900010B12046E1698847E07820F00700401D7A
:10DAA000E07090E0E078C0F38010E178B0EBD11F37
:10DAB00020D1A07820F0F000A070A06810B120461E
:10DAC000A1688847A078401CA17860F30301A17089
:10DAD000A07820F0F0002030A070206910B120461E
:10DAE0002169884700202080E07820F00700C01CD2
:10DAF000E07025E020883C2822DDA07800F00F00AF
:10DB000001280AD1A07820F0F0003030A0706069C0
:10DB100090B12046616988470EE0A07800F00F00C0
:10DB2000022809D1A07820F0F0004030A070A06950
:10DB300010B12046A1698847E07820F00700E07026
:10DB400041E0E078C0F38010E178B0EBD11F18D04D
:10DB5000A07820F0F0001030A070E06810B12046EE
:10DB6000E168884720883C2807DA00202080E07898
:10DB700020F00700801CE07003E0E07820F0070050
:10DB8000E07020E0E078C0F38010E178B0EBD11FC6
:10DB90000AD1A07820F0F0006030A070206A88B12F
:10DBA0002046216A88470DE0A07820F0F000103070
:10DBB000A070E06810B12046E1688847E07820F066
:10DBC0000700E07000BF00BF70BD70B504460D4691
:10DBD000164628212046F6F7E6FBA07820F0F00054
:10DBE0008030A070656060688047E17860F3C7119D
:10DBF000E170E07866F38610E07070BD0146094878
:10DC0000026805E08A4202D14FF0FF307047526A45
:10DC1000002AF7D1034800684862024801600020EA
:10DC2000F4E700000801002010B50548046803E08F
:10DC30002046FFF7B4FE646A002CF9D110BD000045
:10DC40000801002070B51F4C0025DC212046F6F7A6
:10DC5000AAFB00201C4908702146FF2008F058F854
:10DC600005462C441848007828441749087017487E
:10DC700017490A8802808978817000201349C8708A
:10DC800014480078087113480078401C1149087046
:10DC90000D4802780B490D48401DF6F769FB0A480C
:10DCA0000078401D0949A1F800010846B0F80011AC
:10DCB000F9F788F80548B0F80021014606A0F9F701
:10DCC000D9F870BD640700201C0000200C0F002054
:10DCD000907701081F000020424C4553656E640098
:10DCE00070B5244C0025DC212046F6F75CFB0020B3
:10DCF00021490870FB2021460870641C1E480078EA
:10DD0000401C1D49087021463C2008F001F80546DA
:10DD10002C441948007828441749087017481849B6
:10DD20000A8802808978817000201449C8701548DB
:10DD30000078087113480078401C124908700E489A
:10DD400002780C490D48401DF6F712FB0A4800788E
:10DD5000401D0A49A1F800010846B0F80011F9F782
:10DD600031F80648B0F80021014607A0F9F782F81B
:10DD700070BD0000640700201C0000200C0F002074
:10DD8000907701081F000020424C4553656E6400E7
:10DD900010B5DC214D48F6F706FB00204C49087011
:10DDA0000024FC214A4802780078401C484B187037
:10DDB000464881544748007800F00101184602782F
:10DDC0000078401C1870414881544248806D020E12
:10DDD000184601780078401C18703C4842543D4871
:10DDE000806DC0F30742184601780078401C187017
:10DDF000364842543748B0F85800C0F30721184657
:10DE000002780078401C187030488154314890F8EE
:10DE10005820184601780078401C18702B4842544E
:10DE20002C48406D010E184602780078401C18708E
:10DE3000264881542748406DC0F3074218460178B0
:10DE40000078401C1870214842542248B0F8540011
:10DE5000C0F30722184601780078401C18701B4850
:10DE600042541C4890F85420184601780078401C11
:10DE7000187016484254184818490A880280897850
:10DE8000817000201449C870154800780871144842
:10DE90000078401C12490870184602780B490E4859
:10DEA000401DF6F765FA0A480078401D0A49A1F8B6
:10DEB00000010846B0F80011F8F784FF0648B0F8F2
:10DEC0000021014607A0F8F7D5FF10BD6407002028
:10DED0001C000020101400200C0F00209077010877
:10DEE0001F000020424C4553656E640070B51F4C06
:10DEF0000025DC212046F6F756FA00201C49087060
:10DF000021468D2007F004FF05462C441848007870
:10DF1000284417490870174817490A8802808978E9
:10DF2000817000201349C8701448007808711348A4
:10DF30000078401C114908700D4802780B490D48C3
:10DF4000401DF6F715FA0A480078401D0949A1F866
:10DF500000010846B0F80011F8F734FF0548B0F8A2
:10DF60000021014606A0F8F785FF70BD6407002078
:10DF70001C0000200C0F0020907701081F000020DB
:10DF8000424C4553656E640070B5514D0024DC2150
:10DF90002846F6F708FA00204E4908702946012065
:10DFA00007F0B6FE044625444A4800782044494913
:10DFB000087029468D2007F0ABFE044625444548ED
:10DFC00000782044434908702946032007F0A0FE4A
:10DFD000044625443F48007820443E4908702946BD
:10DFE0003C2007F095FE044625443A48007820443A
:10DFF000384908702946402007F08AFE0446254427
:10E00000344800782044334908702946412007F0FD
:10E010007FFE044625442F48007820442D4908708F
:10E020002946422007F074FE04462544294800781A
:10E030002044284908702946432007F069FE044619
:10E0400025442448007820442249087029468A2023
:10E0500007F05EFE044625441E48007820441D4912
:10E0600008702946862007F053FE044625441948C7
:10E070000078204417490870174818490A88028018
:10E080008978817000201449C8701548007808719B
:10E0900013480078401C124908700E4802780C4959
:10E0A0000D48401DF6F764F90A480078401D0A49FA
:10E0B000A1F800010846B0F80011F8F783FE064801
:10E0C000B0F80021014607A0F8F7D4FE70BD0000AB
:10E0D000640700201C0000200C0F0020907701082E
:10E0E0001F000020424C4553656E640070B5294CFA
:10E0F0000025DC212046F6F756F900202649087055
:10E10000FA2021460870641C23480078401C2249EC
:10E11000087022480068000E611E48701F480068A1
:10E12000000C88701D480088000AC8701B480078E1
:10E130000871241D18480078001D174908701848F8
:10E1400018490A8802808978817000201449C870B3
:10E1500015480078087114480078401C124908706E
:10E160000D480278611F0E48401DF6F701F90A4874
:10E170000078401D0A49A1F800010846B0F80011D6
:10E18000F8F720FE0648B0F80021014607A0F8F78E
:10E1900071FE70BD640700201C00002044000020B8
:10E1A0000C0F0020907701081F000020424C4553BF
:10E1B000656E640070B50446214D0026DC212846BA
:10E1C000F6F7F1F800201F490870F9202946087079
:10E1D0006D1C1C480078401C1A490870681E0471A8
:10E1E0002D1D08460078001D0870174817490A8839
:10E1F00002808978817000201349C8701448007823
:10E20000087113480078401C114908700D480278C5
:10E21000691F0D48401DF6F7ABF80A480078401D0D
:10E220000949A1F800010846B0F80011F8F7CAFD45
:10E230000548B0F80021014606A0F8F71BFE70BDA6
:10E24000640700201C0000200C0F002090770108BC
:10E250001F000020424C4553656E640070B50446B3
:10E260000025032203492046F6F7CFF800B1012527
:10E27000284670BD907701082DE9F04105460F460C
:10E28000002600243AE005EB841101F11C0000F0A7
:10E2900069FA06467EB98B221A491BA0FBF732F8B1
:10E2A00005EB841000F11C011CA0FBF72BF826A045
:10E2B000FBF728F821E005EB8410406BF1698842F8
:10E2C00017DB91220F4921A0FBF71CF805EB841006
:10E2D000F369426B05EB8410011D2348FBF712F82C
:10E2E00022A0FBF70FF8002022490860401EBDE87D
:10E2F000F081214840F8246000BF641CBC42C2D3B6
:10E300000020F4E7DC7F01085B442F46414C5D2090
:10E310002825733A25642920000000005761726E99
:10E32000696E673A20446F204E4F5420666F756EB9
:10E33000642074686520666C617368206465766922
:10E340006365282573292E000A0000001B5B33310A
:10E350003B32326D5B452F46414C5D202825733A98
:10E360002564292000000000388C01081B5B306DFB
:10E370000A000000D0010020C80100202DE9F04172
:10E3800004460F4690463D462E68207870B91FA07F
:10E39000FAF7B8FF21A03168FAF7B4FF21A061684D
:10E3A000FAF7B0FF01202871BDE8F08160780228FB
:10E3B00016D1F06A401C30B93822214606F12800F7
:10E3C000F5F7D6FF20E011A0FAF79CFF13A0316803
:10E3D000FAF798FF1E48FAF795FF01202871E3E746
:10E3E0006078012810D1A868401CA8606068E860C7
:10E3F000A868012808D1F06A401C28B938222146B3
:10E4000006F12800F5F7B4FF0020CDE75B466C610C
:10E41000736844425D5B74736C5D00005B25735DE3
:10E4200020000000536563746F7220283078253017
:10E430003858292068656164657220696E666F20AE
:10E44000697320696E636F72726563742E0A0000CF
:10E45000488B0108F0B504460E461D4694B18AB1BA
:10E4600085B17EB1284605EBD07C4FEA6C0CA5EB5C
:10E470004C0CBCF1000F05D105EBD57C4FEA6C0CC0
:10E48000B44501DD0020F0BD0021002300BF50E0B5
:10E49000505C612808DB505C662805DC505CC01FBE
:10E4A0000007000EE05418E0505C412808DB505C87
:10E4B000462805DC505CC01F0007000EE0540CE04D
:10E4C000505C302807DB505C392804DC505C0007C6
:10E4D000000EE05401E00020D5E7481C81B2505CFA
:10E4E000612808DB505C662805DCE05C575C38443A
:10E4F0005738E05419E0505C412808DB505C46284E
:10E5000005DCE05C575C38443738E0540DE0505C83
:10E51000302808DB505C392805DCE05C575C384467
:10E520003038E05401E00020ADE7581C83B2481CAD
:10E5300081B2A942ACDB1846A5E72DE9F0470746B2
:10E540000D46164698464FF000091FB13846F5F7BC
:10E5500047FF08B9BDE8F0871DB12846F5F740FF31
:10E5600000B9F7E729463846F5F76CFF044607E09F
:10E5700010C609F1010929460020F5F763FF04469A
:10E58000002CF5D1C8F8009000BFE3E72DE9F04773
:10E5900007460D4600263C463846F5F721FF00F0B9
:10E5A000FF0923E04FF000081EE02078302804DB4C
:10E5B0002078392801DC2078A8552078412804DB10
:10E5C00020785A2801DC2078A8552078612804DBBF
:10E5D00020787A2801DC2078A855641C701CC6B20B
:10E5E00008F1010000F0FF08C845DEDB20780028B4
:10E5F000D8D1BDE8F087000010B52DED028B8AB0B0
:10E60000294890ED060ADFED290A60EE200A284825
:10E6100090ED000AB8EE400A9FED241A00EE810A40
:10E62000BCEEC00A8DED090A09A8F5F701FE044603
:10E630002C2221461F48F5F79BFE1E48406900F238
:10E640006C701C4948611CA11CA0FAF75BFE1648BF
:10E6500090ED060A10EE101A0846F6F7A0F941EC04
:10E66000180B134803681348806912490968114A56
:10E670005268CDE90603CDE904210E4880680D49B2
:10E68000C9680C4A1269521C0A4B5B69CDE9003219
:10E69000CDE9021053EC182B0A48FAF733FE0AB002
:10E6A000BDEC028B10BD0000340A00200000704257
:10E6B00044000020CC0A00204C4F47000A5B257321
:10E6C0005D0000005489010870B505460C461248EB
:10E6D000006830B9114A12A114A0FAF713FE00BF66
:10E6E000FEE70D48006890F8340030B90B4A17A1D6
:10E6F0000EA0FAF707FE00BFFEE71948806941192E
:10E7000022460548006807F0F3FE10B14FF0FF30D5
:10E7100070BD2046FCE7000088010020607F0108F2
:10E72000736675645F6465760000000028257329B0
:10E730002068617320617373657274206661696C0F
:10E7400065642061742025732E0A00007366756469
:10E750005F6465762D3E696E69745F6F6B000000C3
:10E760008C01002070B505461248007830B9124A75
:10E7700012A114A0FAF7C6FD00BFFEE735B90E4A94
:10E7800018A110A0FAF7BEFD00BFFEE700240CE0C0
:10E79000164850F8241018222846F5F743FE18B9F9
:10E7A000124850F8240070BD641C002CF0D00020EA
:10E7B000F9E70000860100200B7F0108696E69748B
:10E7C0005F6F6B0028257329206861732061737364
:10E7D000657274206661696C6564206174202573BC
:10E7E0002E0A00006E616D6500000000F87E0108D1
:10E7F0003EB52E48007808B100203EBD00244DE013
:10E800002B4850F82400806A30B92A4A2AA131A046
:10E81000FAF778FD00BFFEE7254850F82400C06AEB
:10E8200030B9244A33A12BA0FAF76CFD00BFFEE7F4
:10E830001F4850F82400006B30B91E4A34A125A0AF
:10E84000FAF760FD00BFFEE7194850F82400406A5F
:10E8500020B1174951F82410486A80472F221549E2
:10E8600032A0FAF74FFD124850F82400006A104910
:10E8700051F82410C9690E4A52F824209269CDE952
:10E88000002102900A4850F82430182211462C48E2
:10E89000FAF738FD2BA0FAF735FD641C002CAFD039
:10E8A0000120024908700020A7E70000860100202F
:10E8B000F87E0108FC7E01086465766963655F7413
:10E8C00061626C655B695D2D3E6F70732E72656170
:10E8D0006400000028257329206861732061737328
:10E8E000657274206661696C6564206174202573AB
:10E8F0002E0A00006465766963655F7461626C6509
:10E900005B695D2D3E6F70732E77726974650000D0
:10E910006465766963655F7461626C655B695D2DD2
:10E920003E6F70732E657261736500005B442F4605
:10E93000414C5D202825733A256429200000000001
:10E94000DC8B01080A00000010B5FFF751FF0446F8
:10E95000002C00DA03E000F079F9044600BF002C37
:10E9600010DD1248007868B901201049087010A025
:10E97000FAF7C8FC13A115A0FAF7C4FC20A0FAF717
:10E98000C1FC10E0002C0EDC002008490870302289
:10E990001D491EA0FAF7B6FC0AA123A0FAF7B2FCA3
:10E9A00017A0FAF7AFFC204610BD0000850100203B
:10E9B0001B5B33323B32326D5B492F46414C5D204D
:10E9C00000000000302E352E39390000466C61738E
:10E9D00068204162737472616374696F6E204C6168
:10E9E00079657220285625732920696E69746961DA
:10E9F0006C697A6520737563636573732E0000001C
:10EA00001B5B306D0A000000BB7E01081B5B3331CD
:10EA10003B32326D5B452F46414C5D202825733AD1
:10EA20002564292000000000466C61736820416263
:10EA3000737472616374696F6E204C6179657220C2
:10EA4000285625732920696E697469616C697A6535
:10EA5000206661696C65642E000000002DE9F041BC
:10EA600004460D4616460027B84634B9264A27A163
:10EA700028A0FAF747FC00BFFEE7A819A16B88425F
:10EA80000FD940F2EF1220492AA0FAF73BFC30A040
:10EA9000FAF738FC3CA0FAF735FC4FF0FF30BDE840
:10EAA000F081204600F000FE8046B8F1000F11D141
:10EAB0004FF4FB7214491FA0FAF724FC221D04F145
:10EAC0001C013348FAF71EFC2FA0FAF71BFC4FF08D
:10EAD000FF30E4E7616B48193146D8F830209047A1
:10EAE0000746002F0DDA40F2FD12074911A0FAF790
:10EAF00009FC04F11C0127A0FAF704FC22A0FAF794
:10EB000001FC3846CBE70000818001087061727417
:10EB10000000000028257329206861732061737349
:10EB2000657274206661696C656420617420257368
:10EB30002E0A00001B5B33313B32326D5B452F46A2
:10EB4000414C5D202825733A2564292000000000EF
:10EB5000506172746974696F6E20657261736520AB
:10EB60006572726F722120506172746974696F6E80
:10EB70002061646472657373206F7574206F662002
:10EB8000626F756E642E00001B5B306D0A00000022
:10EB9000208D0108506172746974696F6E2065720E
:10EBA000617365206572726F722120466C617368B3
:10EBB0002064657669636528257329206572617311
:10EBC00065206572726F72210000000070B5054605
:10EBD0001048007830B9104A10A112A0FAF792FB41
:10EBE00000BFFEE700240EE01648006800EB84102A
:10EBF000011D2846F5F7FBFB20B91248006800EB21
:10EC0000841070BD641C104800688442ECD300205E
:10EC1000F7E70000CC010020F87F0108696E6974F5
:10EC20005F6F6B00282573292068617320617373FF
:10EC3000657274206661696C656420617420257357
:10EC40002E0A0000C4010020D001002010B50E489B
:10EC5000007810B10D48006810BD0D480D490860DE
:10EC600001200A490860084601680A480068FFF761
:10EC700003FB00B103E001200349087000BF00F06E
:10EC800095F902480068E7E7CC010020D001002098
:10EC90009C7F0108C40100202DE9F04704460D4681
:10ECA00016461F464FF00008C14634B92B4A2CA126
:10ECB0002DA0FAF727FB00BFFEE736B9274A32A19D
:10ECC00029A0FAF71FFB00BFFEE7E819A16B8842F5
:10ECD0000FD940F29F1221492CA0FAF713FB32A062
:10ECE000FAF710FB3EA0FAF70DFB4FF0FF30BDE83E
:10ECF000F087204600F0D8FC8146B9F1000F11D111
:10ED00004FF4D372154921A0FAF7FCFA221D04F141
:10ED10001C013548FAF7F6FA31A0FAF7F3FA4FF08A
:10ED2000FF30E4E7616B48193A463146D9F828309C
:10ED300098478046B8F1000F0DDA40F2AD1207494E
:10ED400012A0FAF7DFFA04F11C0128A0FAF7DAFAA8
:10ED500023A0FAF7D7FA4046C9E700005A80010815
:10ED600070617274000000002825732920686173A7
:10ED700020617373657274206661696C65642061DB
:10ED8000742025732E0A0000627566001B5B333108
:10ED90003B32326D5B452F46414C5D202825733A4E
:10EDA0002564292000000000506172746974696F45
:10EDB0006E2072656164206572726F7221205061ED
:10EDC00072746974696F6E20616464726573732014
:10EDD0006F7574206F6620626F756E642E00000080
:10EDE0001B5B306D0A000000D48C01085061727406
:10EDF0006974696F6E2072656164206572726F72EA
:10EE00002120466C617368206465766963652825F6
:10EE100073292072656164206572726F722100002F
:10EE20002DE9F04704460D4616461F464FF00008F0
:10EE3000C14634B92B4A2CA12DA0FAF763FA00BFC2
:10EE4000FEE736B9274A32A129A0FAF75BFA00BFDC
:10EE5000FEE7E819A16B88420FD94FF4E47221490B
:10EE60002CA0FAF74FFA32A0FAF74CFA3EA0FAF7C4
:10EE700049FA4FF0FF30BDE8F087204600F014FC5F
:10EE80008146B9F1000F11D140F2CF12154921A0EE
:10EE9000FAF738FA221D04F11C013548FAF732FA64
:10EEA00031A0FAF72FFA4FF0FF30E4E7616B481911
:10EEB0003A463146D9F82C3098478046B8F1000FD1
:10EEC0000DDA4FF4EB72074912A0FAF71BFA04F1BE
:10EED0001C0128A0FAF716FA23A0FAF713FA404605
:10EEE000C9E700006D8001087061727400000000C5
:10EEF00028257329206861732061737365727420FB
:10EF00006661696C65642061742025732E0A0000B7
:10EF1000627566001B5B33313B32326D5B452F46B9
:10EF2000414C5D202825733A25642920000000000B
:10EF3000506172746974696F6E20777269746520AC
:10EF40006572726F722120506172746974696F6E9C
:10EF50002061646472657373206F7574206F66201E
:10EF6000626F756E642E00001B5B306D0A0000003E
:10EF7000888C0108506172746974696F6E207772B1
:10EF8000697465206572726F722120466C617368C6
:10EF90002064657669636528257329207772697412
:10EFA00065206572726F7221000000002DE9F04348
:10EFB00085B03EA70FF2FC083846F5F711FA8146F6
:10EFC0004046F5F70DFA06463D480068F0B10025C9
:10EFD00018E03C48006800EB8514201DF5F700FAA6
:10EFE000484503D9201DF5F7FBF9814604F11C00C3
:10EFF000F5F7F6F9B04204D904F11C00F5F7F0F981
:10F0000006466D1C2E4800688542E2D32EA0FAF712
:10F0100079F932A0FAF776F940A0FAF773F92AA045
:10F02000FAF770F918203B4602464946CDE9010837
:10F0300000963CA0FAF766F938A0FAF763F922A027
:10F04000FAF760F943A0FAF75DF934A0FAF75AF934
:10F0500000251AE01B48006800EB85141AA0FAF797
:10F0600051F904F11C021823D4E90D10CDE9006315
:10F07000CDE902210490231D1822494645A0FAF744
:10F0800041F926A0FAF73EF96D1C0D48006885424B
:10F09000E0D30DA0FAF736F948A0FAF733F91FA02C
:10F0A000FAF730F905B0BDE8F08300006E616D65D8
:10F0B00000000000666C6173685F646576000000A4
:10F0C000D0010020C40100201B5B33323B32326D83
:10F0D0005B492F46414C5D20000000003D3D3D3D19
:10F0E0003D3D3D3D3D3D3D3D3D3D3D3D3D3D3D3D50
:10F0F0002046414C20706172746974696F6E20748F
:10F1000061626C65203D3D3D3D3D3D3D3D3D3D3DAC
:10F110003D3D3D3D3D3D3D3D3D0000001B5B306DB7
:10F120000A0000007C20252D2A2E2A73207C202511
:10F130002D2A2E2A73207C2020206F66667365742A
:10F140002020207C202020206C656E6774682020A1
:10F150007C0000002D2D2D2D2D2D2D2D2D2D2D2D17
:10F160002D2D2D2D2D2D2D2D2D2D2D2D2D2D2D2DCF
:10F170002D2D2D2D2D2D2D2D2D2D2D2D2D2D2D2DBF
:10F180002D2D2D2D2D2D2D2D2D2D2D2D2D2D2D2DAF
:10F190002D0000007C20252D2A2E2A73207C20257E
:10F1A0002D2A2E2A73207C2030782530386C782048
:10F1B0007C20307825303878207C00003D3D3D3D76
:10F1C0003D3D3D3D3D3D3D3D3D3D3D3D3D3D3D3D6F
:10F1D0003D3D3D3D3D3D3D3D3D3D3D3D3D3D3D3D5F
:10F1E0003D3D3D3D3D3D3D3D3D3D3D3D3D3D3D3D4F
:10F1F0003D3D3D3D3D3D3D3D3D00000070B504467B
:10F200000E461546002C13D145A0FAF77BF848A00E
:10F210002168FAF777F840F2A62247A153A0FAF73F
:10F2200071F8554A55A156A0FAF76CF800BFFEE7F1
:10F230000C2E72D2DFE806F0062023252742467105
:10F24000714B5657207D002813D035A0FAF75AF895
:10F2500037A02168FAF756F840F2AB2236A143A056
:10F26000FAF750F8444A4EA145A0FAF74BF800BF10
:10F27000FEE72868E06050E0E06828604DE0A561A6
:10F280004BE0E56149E0207D012813D024A0FAF786
:10F2900039F827A02168FAF735F840F2B92226A1FB
:10F2A00032A0FAF72FF8344A44A135A0FAF72AF829
:10F2B00000BFFEE7287884F874002EE094F874000C
:10F2C00028702AE0D4E91801C5E9000125E014A05E
:10F2D000FAF718F816A02168FAF714F83E48FAF77A
:10F2E00011F81AE019E0207D002813D00CA0FAF7DD
:10F2F00009F80FA02168FAF705F84FF435720EA14E
:10F300001AA0F9F7FFFF1C4A25A11DA0F9F7FAFF83
:10F3100000BFFEE72878A07500BF00BF70BD0000E9
:10F320005B466C61736844425D5B74736C5D0000A6
:10F330005B25735D200000002E2E5C436F6D7065B1
:10F340006E74735C4D6F64756C65735C466C617351
:10F350006844422D312E312E325C7372635C6664D8
:10F36000625F747364622E63000000002825733AA4
:10F3700025642920000000000F7A01086462000063
:10F380002825732920686173206173736572742066
:10F390006661696C65642061742025732E0A000023
:10F3A00064622D3E706172656E742E696E69745F61
:10F3B0006F6B203D3D2066616C73650064622D3E7D
:10F3C000706172656E742E696E69745F6F6B203D3B
:10F3D0003D20747275650000908B01082DE9F04F97
:10F3E000A1B00446884691461D46DDE92A7A0026EA
:10F3F00000200E900F90109011900E94002D13D1BC
:10F400005DA0F9F77FFF60A02168F9F77BFF4FF45B
:10F410003B725FA16BA0F9F775FF6D4A6DA170A0FB
:10F42000F9F770FF00BFFEE701234A464146204638
:10F43000CDF800A0FDF7E6F9064606B194E0A56612
:10F44000E766012084F87400801E20670146E162AF
:10F45000E068B84213D848A0F9F754FF4AA02168E1
:10F46000F9F750FF40F2FA2249A156A0F9F74AFFF6
:10F47000574A63A15AA0F9F745FF00BFFEE70020F5
:10F4800013900120654900220EABCDE900210290C6
:10F4900012A9204606F0D0FA9DF83C0038B1A07DB4
:10F4A00008B1022660E0204608F00EF818E0109936
:10F4B00009B1119808E094F8741009B1E06A03E00A
:10F4C000D4E90321881AE062E1680144226991428B
:10F4D00002D30021216702E0E1680144216700BFF7
:10F4E00025A0F9F70FFF28A02168F9F70BFF40F2DC
:10F4F0001B3227A133A0F9F705FF4948E36A226FC1
:10F500002168F9F7FFFE012304F128022046E16A91
:10F5100005F002FF2920005D022804D1D4E9100182
:10F52000C4E918011FE02920005D01281BD1216FCB
:10F53000E06A814217D0D4F82CB0BBF1000F04D19F
:10F54000D4E90310A0EB010B02E0E068ABEB000B89
:10F5500000236A465946204605F0DEFEDDE9060135
:10F56000C4E9180100BF00BF31462046FDF790FAFC
:10F57000304621B000F056B85B466C617368444277
:10F580005D5B74736C5D00005B25735D20000000A3
:10F590002E2E5C436F6D70656E74735C4D6F647579
:10F5A0006C65735C466C61736844422D312E312E5C
:10F5B000325C7372635C6664625F747364622E6350
:10F5C000000000002825733A25642920000000006F
:10F5D000207A01086765745F74696D65000000003A
:10F5E0002825732920686173206173736572742004
:10F5F0006661696C65642061742025732E0A0000C1
:10F600006D61785F6C656E203C2064625F7365633A
:10F610005F73697A65286462290000007DE3000851
:10F62000008B010830BCBDE8C08F00001CB504F0A1
:10F630006BFF07F0ADFB002080210D4B0DA2CDE943
:10F6400000100FA11248FFF7C9FE0446114A062117
:10F650000F48FFF7D3FD07E04FF47A7004F02CFE5B
:10F660000D490EA0F9F74EFE002CF5D11CBD00008F
:10F67000292D01086664625F7473646200000000F3
:10F680006F66666C696E655F64617461000000009E
:10F6900018130020B40000200B7901080A257320FC
:10F6A0004661696C0A00000010B504461148006804
:10F6B000844206D2104A11A116A0F9F723FE00BF1A
:10F6C000FEE71C480068401E0A49096801EB8010EB
:10F6D000A04206D2084A18A10EA0F9F713FE00BFF7
:10F6E000FEE704480068201A8011204951F82000E4
:10F6F00010BD0000C40100200B800108706172740D
:10F70000203E3D20706172746974696F6E5F746130
:10F71000626C65002825732920686173206173730A
:10F72000657274206661696C65642061742025735C
:10F730002E0A0000D001002070617274203C3D2030
:10F7400026706172746974696F6E5F7461626C6552
:10F750005B706172746974696F6E5F7461626C650D
:10F760005F6C656E202D20315D000000C801002017
:10F770002DE9F04104460D4617462E463046616895
:10F7800000F004F80020BDE8F081000070B590B0F2
:10F7900004460E460025E068B6FBF0F100FB116060
:10F7A000002812D01DA0F9F7ADFD20A02168F9F7BF
:10F7B000A9FDE7221FA12CA0F9F7A4FD2D4A2EA137
:10F7C00034A0F9F79FFD00BFFEE731462046E2680E
:10F7D000FCF7B5FF0546FDB900BF012000900423EA
:10F7E00002AA314601902046FDF7D6F9054615B12B
:10F7F000284610B070BD00BF2E48039000BF012006
:10F80000042303AA311D00902046FCF7C6FF0546DD
:10F810000DB12846EDE700BF2846EAE75B466C617C
:10F82000736844425D5B74736C5D00005B25735DBF
:10F83000200000002E2E5C436F6D70656E74735C4B
:10F840004D6F64756C65735C466C61736844422DE2
:10F85000312E312E325C7372635C6664625F747346
:10F8600064622E63000000002825733A2564292075
:10F8700000000000F67901086164647220252064AC
:10F88000625F7365635F73697A6528646229203DEE
:10F890003D2030002825732920686173206173732F
:10F8A000657274206661696C6564206174202573DB
:10F8B0002E0A000054534C3010B53648C07920B1A0
:10F8C000012808D0022811D10BE04FF40071324812
:10F8D000FAF709F80BE04FF480712F48FAF703F8B4
:10F8E00005E008212C48F9F7FEFF00E000BF00BF4B
:10F8F000642004F0E1FC4FF400412748F9F7F3FFDE
:10F9000040F6B83004F0D8FC08212448F9F7E1FFAC
:10F9100002212248F9F7E7FF04212048F9F7D9FF2F
:10F920004FF47A7004F0C8FC02211C48F9F7D1FFAB
:10F9300004211A48F9F7CDFF4FF400411648F9F7B2
:10F94000C8FF1448C07920B1012808D0022811D17D
:10F950000BE04FF400711048F9F7BBFF0BE04FF4D8
:10F9600080710D48F9F7B5FF05E008210A48F9F75D
:10F97000B0FF00E000BF00BF0648007A00F00100C1
:10F9800030B90448807920F0400040300149887146
:10F9900010BD0000340A00200004004800080048A0
:10F9A00010B53948C07920B1012808D0022811D1FA
:10F9B0000BE04FF400713548F9F795FF0BE04FF479
:10F9C00080713248F9F78FFF05E008212F48F9F7D9
:10F9D0008AFF00E000BF00BF642004F06DFC4FF41C
:10F9E00000412A48F9F77FFF40F6B83004F064FC84
:10F9F0004FF480412548F9F76CFF4FF480512348BC
:10FA0000F9F771FF4FF400512048F9F762FF4FF406
:10FA10007A7004F051FC4FF480511C48F9F759FFFB
:10FA20004FF400511948F9F754FF4FF400411748BB
:10FA3000F9F74FFF1448C07920B1012808D00228F7
:10FA400011D10BE04FF400711048F9F742FF0BE0C1
:10FA50004FF480710D48F9F73CFF05E008210B4891
:10FA6000F9F737FF00E000BF00BF0748007A00F059
:10FA70000200012806D00448807920F08000803000
:10FA80000149887110BD0000340A002000040048BC
:10FA900003B591B0FBA11198F4F790FC002831D088
:10FAA000129818282ED8129816282BD3FBA111983B
:10FAB000F4F784FC10901098401CF4F7AAFD80B273
:10FAC0000F900F98B0F5B46F13DC0F980A2810DB75
:10FAD000F3490F984882F3A1F3A0F9F713FCF0481B
:10FAE000408A01460E90F2A0F9F70CFCF8F776FC7C
:10FAF00003E0F7A1ECA0F9F705FCF7A0F9F702FC89
:10FB000001F0F1B8FEA11198F4F758FC48B34FF496
:10FB1000FA71FE48F4F747FCFD48807AFC49497ABF
:10FB2000FB4A127AFA4BDB79CDE90232CDE90410B7
:10FB3000F7488079F6494979CDE90010F448007911
:10FB40001090F348C0780F900246F2A1EF48109B46
:10FB5000FCF7E2FCED48F7F729F9642004F0ACFB70
:10FB6000CEE7F6A11198F4F729FC80B14FF4FA71B1
:10FB7000E648F4F718FCF5A2F6A1E448FCF7CCFC43
:10FB8000E248F7F713F9642004F096FBB8E7F5A113
:10FB90001198F4F713FC00286CD0C0A11198F4F769
:10FBA0000DFC401C10901098F4F733FD0F900F9847
:10FBB00000285ED0BA4890ED060ADFEDEF0A60EE4D
:10FBC000200A9DED0F0AB8EE400A9FEDEB1A00EEF9
:10FBD000810ABCEEC00A8DED0F0A0FA8F4F728FBCE
:10FBE0000E900E98406900F26C70E44948610E98DE
:10FBF000006908610E98C068C8600E9880688860C7
:10FC00000E98406848600E98006808600846C06812
:10FC10000D9008460069401C0C90084640690B9006
:10FC2000DDE90C1207F00EFDD449886103F020F8DD
:10FC300006F036FAFBF738FF9AA19BA0F9F762FBB2
:10FC4000CE4801684068CD4A9268CDE90020029113
:10FC5000CA48C0680D90C9480069401C0C90C7484C
:10FC600040690B900146C6A0DDE90C23F9F74AFB79
:10FC700000BF45E7CEA11198F4F7A0FB50B1119851
:10FC80004079012806D1F8F761FC642004F014FBE8
:10FC9000FCF702FDC7A11198F4F790FB20B1C7A0B3
:10FCA000F7F784F8FCF7F8FCC7A11198F4F786FB86
:10FCB000A8B17B488079C0F3800060B9784880792A
:10FCC00020F00400001D764988710120904981F8D8
:10FCD0004800F8F7E3FAC0A0F7F768F810E7C0A10A
:10FCE0001198F4F76BFB80B16D488079C0F3800008
:10FCF00038B16B48807920F0040069498871F8F7C1
:10FD0000CDFABBA0F7F752F8FAE6BCA11198F4F7C8
:10FD100055FB00287DD04FF4FA717C48F4F743FB83
:10FD20000D231A46B9A17948FCF7F6FB7748F7F797
:10FD30003DF8642004F0C0FA4FF4FA717348F4F708
:10FD400032FBBD480278BDA17048FCF7E5FB6F4867
:10FD5000F7F72CF8642004F0AFFA4FF4FA716B480F
:10FD6000F4F721FB4E488079C0F380000246B8A129
:10FD700010906648FCF7D0FB6448F7F717F864204A
:10FD800004F09AFA4FF4FA716048F4F70CFB444817
:10FD9000408A0246B2A110905C48FCF7BDFB5B486C
:10FDA000F7F704F8642004F087FA4FF4FA71574823
:10FDB000F4F7F9FAAFA2B1A15448FCF7ADFB5348F0
:10FDC000F6F7F4FF642004F077FA4FF4FA714F4825
:10FDD000F4F7E9FA4E48827A407A4D49097A4C4B59
:10FDE000DB79CDE90231CDE90402494880794849FF
:10FDF0004979CDE900104648007910904448C07810
:10FE00000F900246A1A14148109BFCF785FB3F489B
:10FE100000E0EDE1F6F7CAFF642004F04DFA4FF47C
:10FE2000FA713A48F4F7BFFA3948827C417C007C89
:10FE3000374BDB7BCDE90230CDE904123448807BBF
:10FE40003349497BCDE900103148007B10903048A0
:10FE5000C07A0F90024698A12C48109BFCF75CFBDF
:10FE60002A48F6F7A3FF642004F026FA4FF4FA714B
:10FE70002648F4F798FA264890F82200244991F889
:10FE800021102FE1536574205265706F7274204900
:10FE90006E74657276616C3A000000003A000000F2
:10FEA000340A00204C4F47000A5B25735D000000B8
:10FEB000526563762055617274205265706F72745A
:10FEC00020496E74657276616C203A2025646D005D
:10FED0004552524F520000005265637620556172C0
:10FEE00074205265706F727420496E746572766109
:10FEF0006C20506172616D204552524F52000000DB
:10FF00006765744465764575690000004008002007
:10FF1000101400204445564555493A25303258259D
:10FF20003032582530325825303258253032582555
:10FF300030325825303258253032580067657450B9
:10FF4000726F63744E616D6500000000535643315B
:10FF50003030000050726F63744E616D653A2573E6
:10FF60000000000073796E634465766963655469C7
:10FF70006D657374616D700000007042CC0A0020E2
:10FF80005265637620424C452053796E6320546954
:10FF90006D6520434D442C20253034642D253032AE
:10FFA000642D253032642D25643A25643A25640099
:10FFB000686B74007265626F6F7400007265626FC7
:10FFC0006F74206F6E000000737769746368506F00
:10FFD0007765724F4E000000506F7765724F4E008C
:10FFE000737769746368506F7765724F4646000097
:10FFF000506F7765724F4646000000006765744495
:020000040801F1
:100000006576696365537461747573004841524441
:10001000574152455F5645523A2030782530325884
:10002000202C534F4654574152455F5645523A2073
:10003000307825303258000000000020626174746E
:100040006572794C6576656C3A2025640000000085
:10005000706F7765725374617475733A202564000C
:100060006461746153796E63506572696F643A209C
:1000700025640000436C6173732041004C6F526132
:1000800057414E4A6F696E3A2025730044455645E4
:1000900055493A202530327825303278253032786B
:1000A0002530327825303278253032782530327854
:1000B00025303278000000004150504555493A2023
:1000C0002530327825303278253032782530327834
:1000D0002530327825303278253032782530327824
:1000E00000000000FD4A92F82020FC4BDB7FCDE9A8
:1000F0000A32CDE90C10F948827F417F007FF74B2F
:10010000DB7ECDE90630CDE90812F448827E417EDF
:10011000007EF24BDB7DCDE90230CDE90412EF48E1
:10012000807DEE49497DCDE90010EC48007D1090BE
:10013000EA48C07C0F900246E949EA48109BFCF768
:10014000EBF9E848F6F732FE642004F0B5F84FF416
:10015000FA71E448F4F727F9E048007800F001006C
:100160000246E1A11090DF48FCF7D6F9DD48F6F72A
:100170001DFE642004F0A0F84FF4FA71D948F4F79A
:1001800012F9DD48808A0090DB488079C0F30010C6
:100190001090D9488079C0F380100F900246D7A103
:1001A000D048109BFCF7B8F9CE48F6F7FFFD642065
:1001B00004F082F84FF4FA71CA48F4F7F4F8CE4824
:1001C000C08A0090CC488079C0F340101090CA4893
:1001D0008079C0090F900246D2A1C248109BFCF75B
:1001E0009BF9C048F6F7E2FD642004F065F887E467
:1001F000AFF244211198F4F7E1F800287DD011986E
:100200004079052803D011984079092875D1CFA0ED
:10021000DDE91112F6F72EFE1198807910901198F1
:100220008079FF2802D1FDF7AFFEDEE111988079D9
:10023000FC2802D1FDF7ACFDD7E111988079FB28AD
:1002400002D1FDF74DFDD0E111988079092803D046
:10025000119880790A2838D11198807909281BD102
:10026000A5488079C0F3800088B9A348807920F040
:100270000400001DA0498871F8F710F8AFF2DC31D6
:10028000AFF2DC30F9F73EF8B2A0F9F73BF8012104
:10029000924880F8481015E097488079C0F38000B4
:1002A00080B19548807920F0040193488171F7F777
:1002B000F5FFAFF21041AFF21040F9F723F8AAA012
:1002C000F9F720F8FDF712FE8FE111988079F928EF
:1002D00056D11198807A012829D14102A748F9F70F
:1002E000FEFA4FF40041A548F9F7F9FA0821A448AD
:1002F000F9F7EBFA0221A24800E077E1F9F7EFFA0B
:1003000004219F48F9F7E1FA4FF480419B48F9F73F
:10031000DCFA4FF480519948F9F7E1FA4FF40051B3
:100320009648F9F7D2FA0120FDF744FF5DE1082174
:100330009348F9F7CAFA02219148F9F7C6FA04215D
:100340008F48F9F7C2FA4FF480418C48F9F7BDFAAB
:100350004FF480518948F9F7B8FA4FF400518748B3
:10036000F9F7B3FA4FF400418448F9F7AEFA4FF4C5
:1003700000718248F9F7A9FA0020FDF71BFF34E16C
:1003800011988079FA2878D11198C07901061198CE
:10039000007A41EA00411198407A41EA002011991F
:1003A000897A08430F900F98002863D0524890ED47
:1003B000060ADFED740A60EE200A9DED0F0AB8EE22
:1003C000400A9FED701A00EE810ABCEEC00A8DED66
:1003D0000F0A0FA8F3F72CFF0E900E98406900F259
:1003E0006C70694948610E98006908610E98C1688F
:1003F0006548C1600E988068634988600E984068BF
:1004000048600E98006808600846C0680D9008466D
:100410000069401C0C90084640690B90DDE90C1205
:1004200007F010F95849886102F022FC05F038FE07
:10043000FBF73AFBAFF29451AFF29450F8F762FF3A
:1004400051480168426880684F4BDB68CDE9003055
:10045000CDE902214C480069401C0D904A48406992
:100460000C90024600E008E048A00D9B0F99F8F7B9
:1004700049FF00BFFDF73AFEB7E011988079FE28EA
:100480002BD11198807A012812D11B488079C0F3B2
:100490008000E8B91848807920F00400001D164952
:1004A000887101200D4981F84800F7F7F7FE0FE049
:1004B0001198807A60B910488079C0F3800038B113
:1004C0000D48807920F004000B498871F7F7E6FEAB
:1004D000AFF23061AFF2306070E07BE010140020CA
:1004E0009C860108400800204A6F696E20537461A1
:1004F00074653A2025640000340A002056616C754A
:1005000065312053746174655B25645D20496E73A9
:10051000657274315B25645D2050756C7365315B69
:1005200025645D0056616C75653220537461746595
:100530005B25645D20496E73657274325B25645D72
:100540002050756C7365325B25645D0052657642A0
:100550004C4500005265637620424C4520506F7731
:100560006572204F4E0000005265637620424C4574
:1005700020506F776572204F464600000004004807
:100580000008004800007042CC0A002052656376E3
:1005900020424C452053796E632054696D655B257C
:1005A000645D2C20253034642D253032642D2530B7
:1005B00032642D25643A25643A256400F8F7A2FEDA
:1005C0001198807A01460F90FEA0F8F79BFEFDF788
:1005D00039FB0AE01198C079012806D1F7F7B6FF78
:1005E000642003F069FEFCF757F87CE3AFF240614A
:1005F0001198F3F7E3FE50B111984079012806D124
:10060000F7F7A4FF642003F057FEFCF745F8AFF2BC
:1006100060611198F3F7D2FE00287DD011984079DF
:1006200004287CD111988079062878D11198C07956
:1006300001061198007A41EA00411198407A41EA96
:1006400000201199897A084310901098002865D0ED
:10065000E34890ED060A5FED350A60EE200A9DED55
:10066000100AB8EE400A1FED391A00EE810ABCEEFE
:10067000C00A8DED100A10A8F3F7DAFD0F900F985D
:10068000406900F26C70D74948610F9800690861B1
:100690000F98C068C8600F98806888600F9840689D
:1006A00048600F98006808600846C0680E900846C9
:1006B0000069401C0D90084640690C90DDE90D1260
:1006C00006F0C0FFC749886102F0D2FA05F0E8FCE5
:1006D000FBF7EAF9FDF7B6FAAFF63801AFF63800E6
:1006E000F8F710FEBF4801684068BE4A9268BD4BEB
:1006F000DB68CDE90032CDE90201BA480069401C4F
:100700000E90B84840690D900246AFF280100E9BE3
:100710001099F8F7F7FD00E001E000BFE3E2AFF267
:1007200070711198F3F74AFE00287DD01198407936
:10073000082879D1119880790228FAD11198C079C6
:1007400010901198007A0F901198407A0E9011989D
:10075000807A0D901198C07A0C901198417B007BA3
:1007600041EA00200B900C981A280BDDAFF6A0018F
:10077000AFF6CC00F8F7C6FD9BA00C99F8F7C2FDC8
:1007800013B000BD0B98012803DB0B98B0F5B46FD4
:1007900002DD0B9800286FD191490B984882109880
:1007A000C8710F9808720E9848720D988872F7F702
:1007B00075FDF7F713FE0C98192805D1B0EE0C0A59
:1007C000874880ED060A1DE00C981A2805D1B1EE85
:1007D000060A834880ED060A14E00C980D2807DA13
:1007E0009DED0C0AB8EE400A7D4880ED060A09E04E
:1007F0000C98C0F10C0000EE100AB8EEC00A784860
:1008000080ED060AAFF66411AFF66410F8F77AFDD2
:10081000734880690790F4F7C2F8CDE908019DEDAF
:10082000080B53EC102B00E036E076A0F8F76AFDD9
:10083000FDF7E2FE05F034FCFBF736F9F7F7FEFDB5
:10084000764800687649086002F034FF6448807991
:1008500020F00100401C62498871AFF6B811AFF674
:10086000B810F8F74FFD5E48408A01460A906DA027
:10087000F8F748FD0DE0FFE7AFF6AC11AFF6D81082
:10088000F8F740FD5648408A01460A906EA0F8F7F6
:1008900039FDFDF7D7F926E2AFF6EC011198F3F731
:1008A0008DFD00287DD011984079072879D11198C5
:1008B0008079032875D16F480068407A0128EAD012
:1008C000FDF7C0F96C480021016041608160C160A2
:1008D0001198801D10901098407867490870109802
:1008E0008078487010980179C07841EA0020624908
:1008F00088601098407901041098807941EA0020BE
:100900001099C97908435C4988800846806838B1E5
:10091000084680684149096808445749C86002E0B0
:1009200000205549C86000205349C88001208870C4
:100930005248F8F7E7FC50484078A0B94E48007894
:1009400050B1012802D002280BD102E0FCF73AFF97
:1009500008E0FCF7A9FF05E0FCF734FFFCF7A4FF73
:1009600000E000BF15E04448007850B1012802D0F3
:1009700002280CD102E0FEF79FFF09E0FFF710F814
:1009800006E0FEF799FFFFF70BF801E009E000BF72
:1009900000BF1348807920F00100401C1049887185
:1009A000A1E1AFF6F4111198F3F708FD002867D024
:1009B000119840790B2863D1119880790428FAD1D5
:1009C00000205EE05265637620424C4520506F77F0
:1009D000657220434D44205B253032585D00000095
:1009E000340A0020CC0A0020436F6E6669672054E9
:1009F000696D65205A6F6E65204572725B25645D76
:100A000000000000436F6E6669672054696D6520C1
:100A10005A6F6E65205B252E31665D004400002014
:100A20001400002055706461746520446576696324
:100A3000652053796E6320496E74657276616C3AF5
:100A40002025646D696E00005570646174652044F2
:100A500065766963652053796E6320496E746572AB
:100A600076616C204552524F523A2025646D696E72
:100A7000000000006006002054070020488501089F
:100A8000E3E010901198C01D0F9000200C900D9085
:100A90000E900F9800788DF830000F9840788DF800
:100AA00031000F9880788DF832000F980179C07866
:100AB00041EA0020ADF83A000F988179407941EA87
:100AC000002010903C21109890FBF1F0C0B28DF8FE
:100AD0003300109890FBF1F201FB1200C0B28DF8C8
:100AE00034000F98017AC07941EA002010903C212F
:100AF000109890FBF1F0C0B28DF83500109890FB83
:100B0000F1F201FB1200C0B28DF836000F98407A66
:100B10008DF837009DF83000102802DC9DF8300079
:100B200068B9AFF65441AFF68040F8F7EBFB9DF89B
:100B3000300001460B906DA0F8F7E4FB20E69DF82D
:100B40003100022811DDAFF67841AFF6A440F8F786
:100B5000D9FB9DF831000B909DF830000A900146BA
:100B600066A00B9AF8F7CEFB0AE69DF83200012842
:100B700011DDAFF6A441AFF6D040F8F7C3FB9DF806
:100B800032000B909DF830000A90014661A00B9A4C
:100B9000F8F7B8FBF4E59DF8330017280BDC9DF857
:100BA00034003B2807DC9DF83500172803DC9DF84E
:100BB00036003B281BDDAFF6E841AFF61450F8F7DE
:100BC000A1FB9DF836009DF83510CDE900109DF889
:100BD00034000B909DF833000A909DF83000099086
:100BE000014652A0DDE90A23F8F78CFBC8E59DF821
:100BF00037007F2811DDAFF62851AFF65450F8F7D3
:100C000081FB9DF837000B909DF830000A9001465B
:100C10004EA00B9AF8F776FBB2E501208DF838006C
:100C20009DF83000401E00EB40014E4800EB810073
:100C30000C9901600D9941600E99816002F03AFDB6
:100C4000F7F776FBFCF7FEFF4DE0AFF69C411198FD
:100C5000F3F7B4FBA0B311984079022843D111985F
:100C6000807905283FD11198C079109010981028EC
:100C700002DD1098FF2801D1109850B9AFF6B0519D
:100C8000AFF6DC50F8F73EFB37A01099F8F73AFBC7
:100C900076E51098FF2808D01098401E00EB400120
:100CA000304800EB8100407A08B102F003FD109853
:100CB000FF2806D1F4212B48001FF3F774FB0BE04B
:100CC00011E01098401E00EB4001264800EB810027
:100CD000002101604160816002F0ECFCF7F728FB25
:100CE000FCF7B0FF00BF00BF4AE500005461736B22
:100CF0005B25645D20494420457272005461736B2A
:100D00005B25645D2056616C7565204572725B25BC
:100D1000645D00005461736B5B25645D20537461F6
:100D20007465204572725B25645D00005461736BCD
:100D30005B25645D2054696D65204572725B256496
:100D40003A25642D25643A25645D00005461736B77
:100D50005B25645D20526570656174204572725B2D
:100D600025645D006406002044656C65746520544C
:100D700061736B5B25645D204944204572720000FD
:100D800003B595B01E20FC498873FCA11598F3F7B4
:100D900015FB002833D01698182830D81698152837
:100DA0002DD3FCA11598F3F709FB14901498401C5F
:100DB000F3F72FFC80B213901398B0F5B46F02DCF8
:100DC00013980A2801DA139880B9EB4913984882DE
:100DD000F1A1F2A0F8F796FAE748408A014612908E
:100DE000F0A0F8F78FFAF7F7F9FA03E0F5A1EBA016
:100DF000F8F788FAF5A0F8F785FA01F06FB8FDA1C9
:100E00001598F3F7DBFA002832D0169816282FD859
:100E1000169813282CD3DFA11598F3F7CFFA149066
:100E20001498401CF3F7F5FB80B213901398B0F5BB
:100E3000B46F02DC13980A2801DA139880B9CE49FE
:100E400013984882F0A1D5A0F8F75CFACA48408A06
:100E500001461290EDA0F8F755FAF7F7BFFA03E054
:100E6000E9A1CEA0F8F74EFAF0A0F8F74BFAC4E7E4
:100E7000F6A11598F3F7A2FA00287AD0F6A11598F2
:100E8000F3F79CFA0028F8D0F6A11598F3F796FA34
:100E90000028F2D07821F648F3F785FAF5A11598E5
:100EA000F3F78CFA139000201290119012ABF04AD5
:100EB000F4A11398FDF741FB129808287CD1D2A128
:100EC000B6A0F8F71FFAF0A0F8F71CFAE848006897
:100ED000B0A11090F3F772FA14901498401CF3F735
:100EE0007FFAB8B11498401CF3F77AFA032811D8A6
:100EF0001498401CF3F78DFBE8494870C2A1A7A0E5
:100F0000F8F700FAE548407801461090E4A0F8F7B9
:100F1000F9F903E0BCA1A1A0F8F7F4F9E7A0F8F70C
:100F2000F1F9D34840689BA11090F3F747FA149069
:100F30001498401CF3F754FA06281FD1E6A0006865
:100F40001090149B5B1CE5A2032110A8FBF7CAFAC2
:100F500010A8F3F75EFB4FF47A714843CF49C86499
:100F6000A9A18EA0F8F7CEF9CC48C06C01460F902D
:100F700000E09EE3DAA0F8F7C5F903E0A2A187A09C
:100F8000F8F7C0F9CDA0F8F7BDF9B948806881A19C
:100F90001090F3F713FA14901498401CF3F720FA0A
:100FA000072819D1D5A11498401CF3F707FA20B1EE
:100FB0000020BA49887003E071E30220B7498870C5
:100FC00091A176A0F8F79EF9B44880780146109078
:100FD000CBA0F8F797F903E08BA170A0F8F792F98E
:100FE000CEA0F8F78FF9A248C0686AA11090F3F775
:100FF000E5F9401C14901498F3F7F2F908283DD154
:10100000002011900DE0A5480B3011990844109074
:10101000149808440F901099FDF7B8FA1198401CE5
:10102000119011980828EEDB5BA15CA0F8F76AF933
:101030009A48807C9949497C984A127C974BDB7B83
:10104000CDE90132CDE903109448807B00909348AC
:10105000407B10909148007B0F909048C07C0E9090
:101060000146B5A0DDE90F23F8F74CF966A14BA0C6
:10107000F8F748F9BCA0F8F745F903E062A147A0EA
:10108000F8F740F9BEA0F8F73DF97948006941A1A9
:101090001090F3F793F9401C14901498F3F7A0F90B
:1010A000102855D1002011900DE07C481330119983
:1010B00008441090149808440F901099FDF766FAB0
:1010C0001198401C119011981028EEDB32A133A02A
:1010D000F8F718F9714890F8221090F821006F4A3B
:1010E00092F820206D4BDB7FCDE90932CDE90B0171
:1010F0006A48817F407F694A127F684BDB7ECDE979
:101100000532CDE907016548817E407E634A127E43
:10111000624BDB7DCDE90132CDE903015F48807D83
:1011200000905E48407D10905C48007D0F905B48C9
:10113000C07C0E9001469A48DDE90F23F8F7E2F8EB
:1011400031A116A0F8F7DEF896A0F8F7DBF803E077
:101150002DA112A0F8F7D6F898A0F8F7D3F84448D4
:1011600040690CA11090F3F729F9401C14901498D1
:10117000F3F736F9042831E1340A0020536574206E
:101180005265706F727420496E74657276616C3A44
:10119000000000003A0000004C4F47000A5B257336
:1011A0005D000000526563762055617274205265BF
:1011B000706F727420496E74657276616C3A202586
:1011C000646D00004552524F520000005265637634
:1011D0002055617274205265706F727420496E746C
:1011E000657276616C20506172616D204552524F7C
:1011F000520000007365744461746153796E6350EA
:101200006572696F643A000041434B007365744432
:1012100061746153796E63506572696F643A202519
:10122000646D696E200D0A204F4B00007365744495
:1012300061746153796E63506572696F64205061A7
:1012400072616D204552524F520000004C6F526146
:1012500057414E506F7274004C6F526157414E4669
:10126000726571004C6F526157414E4A6F696E0052
:10127000981300204C6F526157414E506F72743A70
:10128000000000002C0000007365744C6F52615721
:10129000414E506172616D204F4B000010140020D0
:1012A0007365744C6F526157414E506F72743A209F
:1012B0002564200D0A204F4B000000007365744C1C
:1012C0006F526157414E506F727420506172616D60
:1012D000204552524F520000383638002573000026
:1012E0007365744C6F526157414E467265713A2076
:1012F0002564200D0A204F4B000000004100000033
:101300007365744C6F526157414E4A6F696E3A2053
:101310002564200D0A204F4B000000007365744CBB
:101320006F526157414E4A6F696E20506172616D14
:10133000204552524F5200004170704555493A20A5
:10134000253032782025303278202530327820251B
:101350003032782025303278202530327820253000
:1013600032782025303278007365744C6F526157A3
:10137000414E415050455549200D0A204F4B000029
:101380007365744C6F526157414E417070455549B9
:1013900020506172616D204552524F520000000092
:1013A0008C8501087365744C6F526157414E4150F2
:1013B000504B4559200D0A204F4B00007365744C6B
:1013C0006F526157414E4150504B45592050617208
:1013D000616D204552524F52000000003CD1002068
:1013E00011900CE0FD48119908441090149808449D
:1013F0000F901099FDF7CAF81198401C11901198A0
:101400000428EFDBAFF27021AFF27020F7F77AFF1C
:10141000F248233890F826000090F048233890F8DE
:1014200025001090ED48233890F824000F90EB48E9
:10143000233890F823000E900146E9A0DDE90F2340
:10144000F7F760FFAFF24021AFF2B020F7F75AFF95
:10145000EBA0F7F757FF05E0AFF25421AFF2C4203D
:10146000F7F750FFECA0F7F74DFFF3488069AFF2B4
:10147000DC211090F2F7A2FF401C14901498F2F7B0
:10148000AFFF102872D1002011900DE0D348001D4D
:10149000119908441090149808440F901099FDF782
:1014A00075F81198401C119011981028EEDBAFF2DE
:1014B0001831AFF21830F7F725FFC848233890F8F5
:1014C000361090F8352090F83400C44B233B93F845
:1014D0003330CDE90930CDE90B21C048233890F8ED
:1014E0003200BE49233991F8312091F83010BB4BBE
:1014F000233B93F82F30CDE90531CDE90720B748DC
:10150000233890F82E1090F82D00B44A233A92F820
:101510002C20B24B233B93F82B30CDE90132CDE99F
:101520000301AE48233890F82A000090AB482338D6
:1015300090F829001090A948233890F828000F90BF
:10154000A648233890F827000E900146BB48DDE9F5
:101550000F23F7F7D7FEAFF25031AFF2C030F7F7F5
:10156000D1FEB7A0F7F7CEFE06E0FFE7AFF2683195
:10157000AFF2D830F7F7C6FEB7A0F7F7C3FEAE4814
:10158000C069AFF2F0311090F2F718FF401C1490D0
:101590001498F2F725FF102872D1002011900DE069
:1015A0008E481430119908441090149808440F90F4
:1015B0001099FCF7EBFF1198401C1190119810281E
:1015C000EEDBAFF22C41AFF22C40F7F79BFE8348E5
:1015D000233890F8462090F845008049233991F847
:1015E00044107E4B233B93F84330CDE90931CDE9DC
:1015F0000B027A48233890F8421090F84100774A5D
:10160000233A92F84020754B233B93F83F30CDE9C5
:101610000532CDE907017148233890F83E2090F853
:101620003D1090F83C006D4B233B93F83B30CDE9E7
:101630000130CDE903126948233890F83A00009050
:101640006648233890F8390010906448233890F8A1
:1016500038000F906148233890F837000E9001460B
:101660008548DDE90F23F7F74DFEAFF26441AFF295
:10167000D440F7F747FE81A0F7F744FE06E0FFE706
:10168000AFF27C41AFF2EC40F7F73CFE81A0F7F7F8
:1016900039FE01205149233981F8480005E0AFF2B5
:1016A0009841AFF20850F7F72DFE82A0F7F72AFE17
:1016B00029E385A11598F2F781FE00287ED04FF42A
:1016C000FA718548F2F76FFE444823388078002885
:1016D00075D182A18048FAF71FFF7F48F2F780FE9C
:1016E0007D49084413908048027880A11398FAF746
:1016F00013FF7948F2F774FE77490844002280A16D
:101700001390FAF709FF7448F2F76AFE7249084429
:1017100013907F48408A02467EA112901398FAF7F0
:10172000FBFE6D48F2F75CFE6B4908447EA280A187
:101730001390FAF7F1FE6848F2F752FE6649084442
:10174000139026482338817A407A244A233A127A21
:10175000224B233BDB79CDE90232CDE904011F485E
:10176000233880791D4923394979CDE900101B4878
:1017700023380079129019482338C0781190024616
:101780006FA1DDE91230FAF7C7FE5348F2F728FEE1
:1017900051490844139011482338817C407C0F4AFA
:1017A000233A127C0D4B233BDB7BCDE90232CDE9A2
:1017B00004010A482338807B084901E0A4E231E1B2
:1017C0002339497BCDE9001004482338007B12906F
:1017D00002482338C07A11900246C7E03314002033
:1017E000444556414444523A202530327820253031
:1017F0003278202530327820253032780000000001
:101800007365744C6F526157414E44455641444490
:1018100052200D0A204F4B007365744C6F52615774
:10182000414E4445564144445220506172616D20FE
:101830004552524F52000000981300204086010884
:101840007365744C6F526157414E415050534B4534
:1018500059200D0A204F4B007365744C6F5261572D
:10186000414E415050534B455920506172616D209B
:101870004552524F52000000E48501087365744CD4
:101880006F526157414E4E574B534B4559200D0AED
:10189000204F4B007365744C6F526157414E4E5749
:1018A0004B534B455920506172616D204552524F48
:1018B000520000004C6F526157414E20504152413E
:1018C0004D204552524F52006765744465766963F6
:1018D000655374617475730040080020646576690F
:1018E0006365537461746500000000202C626174AC
:1018F000746572795374617475733A2564000000DD
:101900002C706F7765725374617475733A25640037
:10191000340A00202C6461746153796E63506572DF
:10192000696F643A25640000436C61737320410061
:101930002C4C6F526157414E4A6F696E3A257300C5
:101940002C4445564555493A253032782530327871
:10195000253032782530327825303278253032788B
:10196000253032782530327800000000F5A1DDE91D
:101970001230FAF7D1FDFE48F2F732FDFC49084477
:101980001390FC4890F8222090F82100F94991F832
:101990002010F84BDB7FCDE90A31CDE90C02F54888
:1019A000817F407FF34A127FF24BDB7ECDE9063226
:1019B000CDE90801EF48827E417E007EED4BDB7D64
:1019C000CDE90230CDE90412EA48807DE949497D3C
:1019D000CDE90010E748007D1290E648C07C1190E8
:1019E0000246E549DDE91230FAF796FDE048F2F7E4
:1019F000F7FCDF490844E1A11390FAF78DFDDC48BC
:101A0000F2F7EEFCDA490844DFA11390FAF784FDFF
:101A1000D748F2F7E5FCD6490844DEA11390FAF75F
:101A20007BFD65E1AFF24C11D148FAF775FDD04866
:101A3000F2F7D6FCCE4908441390D9480278AFF2A9
:101A400054111398FAF768FDC948F2F7C9FCC84960
:101A500008440022AFF258111390FAF75DFDC44814
:101A6000F2F7BEFCC24908441390CE48408A0246B1
:101A7000AFF2601112901398FAF74EFDBC48F2F7DE
:101A8000AFFCBB490844C8A2AFF25C111390FAF74F
:101A900043FDB748F2F7A4FCB54908441390B54894
:101AA000807AB4494A7A097AB24BDB79CDE90231BE
:101AB000CDE90420AF488079AE494979CDE90010DD
:101AC000AC4800791290AB48C07811900246AFF252
:101AD0009011DDE91230FAF71FFDA548F2F780FCFE
:101AE000A34908441390A348807CA249497CA14A99
:101AF000127CA04BDB7BCDE90232CDE904109D487E
:101B0000807B9C49497BCDE900109A48007B12906C
:101B10009848C07A119002468AA1DDE91230FAF79E
:101B2000FBFC9348F2F75CFC914908441390914800
:101B300090F822008F4991F821108E4A92F82020C7
:101B40008C4BDB7FCDE90A32CDE90C108948827FCE
:101B5000417F007F874BDB7ECDE90630CDE908125F
:101B60008448817E407E834A127E824BDB7DCDE9B4
:101B70000232CDE904017F48807D7E49497DCDE96F
:101B800000107C48007D12907A48C07C119002467B
:101B90007949DDE91230FAF7BFFC7548F2F720FC0D
:101BA000734908441390734890F82600714991F8DE
:101BB0002510CDE900106F4890F8240012906D4870
:101BC00090F823001190024679A1DDE91230FAF76E
:101BD000A3FC6748F2F704FC654908441390654884
:101BE00090F8362090F83500624991F83410614B36
:101BF00093F83330CDE90A31CDE90C025D4890F815
:101C0000322090F831005B4991F83010594B93F82D
:101C10002F30CDE90631CDE90802564890F82E2044
:101C200090F82D1090F82C00524B93F82B30CDE902
:101C30000230CDE904124F4890F82A004D4991F83E
:101C40002910CDE900104B4890F82800129049481F
:101C500090F82700119002465C49DDE91230FAF74E
:101C60005BFC4348F2F7BCFB4149084413904148F0
:101C700090F8462090F8451090F844003D4B93F8BA
:101C80004330CDE90A30CDE90C123A4890F84220B1
:101C900090F8411090F84000364B93F83F30CDE972
:101CA0000630CDE90812334890F83E00314991F8EA
:101CB0003D2091F83C102F4B93F83B30CDE9023199
:101CC000CDE904202B4890F83A002A4991F83910C0
:101CD000CDE90010274890F838001290254890F878
:101CE0003700119002463A49DDE91230FAF714FC48
:101CF000AFF6EC21AFF65C30F7F704FB1C49AFF60A
:101D00002420F7F7FFFAE9E032A11598F2F756FB25
:101D1000002816D01BA11598F2F750FB401C139019
:101D20001398F2F776FC1290129800287ED01D4886
:101D300090ED060ADFED2C0A60EE200A9DED120AF6
:101D400054E0B6E02C4150504555493A25303278A0
:101D50002530327825303278253032782530327887
:101D60002530327825303278253032780000000076
:101D70004008002010140020E88601082C44455635
:101D8000414444523A0000002C415050534B4559B5
:101D90003A0000002C4E574B534B45593A00000077
:101DA00000000020340A0020436C6173732043005C
:101DB0002C444556414444523A253032782530323D
:101DC000782530327825303278000000808701088D
:101DD0003487010873796E63446576696365546975
:101DE0006D657374616D700000007042B8EE400A5A
:101DF0001FED031A00EE810ABCEEC00A8DED120A37
:101E000012A8F2F715FA11901198406900F26C705F
:101E1000334948611198006908611198C068C86029
:101E20001198806888601198406800E040E0486040
:101E30001198006808600846C0681090084600695C
:101E4000401C0F90084640690E90DDE90F1205F026
:101E5000F9FB2349886100F00BFF04F021F9AFF68C
:101E6000C841AFF6C840F7F74DFA1D4800681C4955
:101E700049681B4A9268CDE9002102901848C06861
:101E8000109017480069401C0F90154840690E904B
:101E9000014614A0DDE90F23F7F734FA01F00AFC3C
:101EA0001D48807920F00100401C1B49887100BF4B
:101EB00014E01AA11598F2F781FA18B101201A4915
:101EC00008700BE019A11598F2F778FA18B1002004
:101ED0001549087002E005200F49887317B000BD4E
:101EE000CC0A0020526563762055617274205379C4
:101EF0006E632054696D6520434D44204F4B2C2563
:101F00003034642D253032642D253032642D256423
:101F10003A25643A25640000340A00206B65657038
:101F20004D61696E52756E001E0000206C65617611
:101F3000654D61696E52756E000000002DE9F04F2D
:101F40002DED028B85B0074688463846FCF786F9AA
:101F5000012806D100F0E0FD05B0BDEC028B00F0D9
:101F600049BDF87800F0020068B141463846F4F700
:101F700043FF012807D1FBA1FCA0F7F7C3F9FDA09F
:101F8000F7F7C0F9E8E7F87800F0010000287DD005
:101F9000FE4EDC213046F2F706FA3146FF2003F010
:101FA000B7FEFB490870084600780644FF21F9484F
:101FB000F2F7F9F9F748F8490A88028089788170C0
:101FC0000020F449C870F54800780871F34800789B
:101FD000401CF2490870EE480278EC49ED48401D7B
:101FE000F2F7C6F9EA480078401DEA49A1F8000175
:101FF000F3F788F800F008FE012802D1002003F072
:1020000085FF00F02FFE10B9012003F091FF00BF03
:1020100000F0D8FD0028FBD0142002F04DF9DD4877
:10202000B0F80011F9F72AF8DA48B0F800210146B3
:10203000DBA0F4F71FFF142002F03EF900F0CAFD08
:1020400038B1D9A1C9A0F7F75DF9D9A0F7F75AF9C6
:1020500004E000F0E1FD002835D000BFD2A1C3A00C
:10206000F7F750F9D8A0F7F74DF9CC480078401EA3
:10207000CA490870DE48007B401CDD4908730846E9
:10208000007B05281EDB0020087300E032E0D94801
:10209000007820F00100D7490870022081F847003D
:1020A000002081F84800D448006800F5E160D34979
:1020B0000860D3A1ADA0F7F725F9D0480168D1A0F9
:1020C000F7F720F948E70020C9490873CCA1A7A079
:1020D000F7F718F9D3A0F7F715F941F28830AD49B1
:1020E000A1F80401C248807B052802DA0520C04916
:1020F000887300BFA8F10500C5B2C1A19BA0F7F786
:1021000001F92946CDA0F7F7FDF87C1DEAE394F824
:102110000090BBA195A0F7F7F5F84946D1A0F7F7D5
:10212000F1F84846B9F1420F6FD00ADCA0F13D004A
:1021300005286BD2DFE810F091007102A8021003AD
:10214000270385280AD004DC432878D080285DD175
:1021500019E086285BD08A28F9D15BE36678012EE6
:1021600005D10120A34981F84800F6F731F8A81EEF
:10217000C5B2A41C8CA17DA0F7F7C4F83146C0A05D
:10218000F7F7C0F8A9E3607800F5FA60C54948613F
:10219000A0780861E078C86020798860607948603C
:1021A000A07908600B46DA681B69591CBD4B586959
:1021B00005F048FABB49886103F072FF00F058FD52
:1021C000F9F772FCE81FC5B2E41D8DA167A0F7F70F
:1021D00099F8B4480068B3494968B24A9268CDE9B1
:1021E00000210290AF48C3680069421CAD484169B4
:1021F000ADA0F7F787F801F05DFA7D48807920F00F
:102200000100401C7A49887167E3D5E261E3A07858
:10221000617840EA0126B6F5B46F01DC0A2E00DAD7
:1022200076B973484682F6F7D9F875A14FA0F7F74B
:1022300069F86F48418AA9A0F7F764F809E0D2E28B
:102240006FA14AA0F7F75EF86948418AACA0F7F79A
:1022500059F8E81EC5B2E41C3FE394F801A0A61C9F
:10226000012D02D1F5F702F976E6BAF1040F02DC8E
:10227000BAF1010F08DA3BA13CA0F7F743F8514649
:10228000AAA0F7F73FF867E64FF0000BB1E1002096
:1022900002900390049030788DF8080070788DF8E3
:1022A0000900B0788DF80A003079F17840EA012011
:1022B000ADF8120070798DF80B00B0798DF80C0034
:1022C000F0798DF80D00307A8DF80E00707A8DF867
:1022D0000F000A369DF80800102802DC9DF808005F
:1022E00048B920A121A0F7F70DF89DF8081094A097
:1022F000F7F708F830E69DF8090002280BDD19A170
:102300001AA0F6F7FFFF9DF809209DF8081090A08D
:10231000F6F7F8FF20E69DF80A0001280BDD11A171
:1023200012A0F6F7EFFF9DF80A209DF808108EA086
:10233000F6F7E8FF10E69DF80B0017280BDC9DF878
:102340000C003B2807DC9DF80D00172803DC9DF8E6
:102350000E003B2804DD03A104A0F6F7D3FF0FE134
:102360001EE100004552524F520000000A5B2573E7
:102370005D0000004461746120436865636B205315
:10238000756D204552524F52210000006407002015
:102390001C000020F80A0020907701081F00002090
:1023A00053656E64000000005741524E000000006B
:1023B00057616974204275737920494F2054696DC3
:1023C000656F7574000000004C6F52612053656E9C
:1023D0006444617461204661696C2C205772697491
:1023E00065204461746520546F2043616368650013
:1023F000340A002010140020440000204C0100206A
:102400004C4F4700557064617465205265636F6E70
:102410006E6563742054696D657374616D703A20E4
:10242000256C64004C6F52612053656E6444617486
:1024300061205375636365737300000052656376B2
:10244000204C6F526157414E20434D442C20546F15
:1024500074616C2044617461204C656E203A2025C3
:10246000642C0000416E616C79736973204461745F
:10247000612054797065203A2025303278000000C0
:10248000526563762044657669636520526573748E
:1024900020466163746F727920434D44203A2025B1
:1024A00064000000CC0A00205265637620536572F8
:1024B0007665722053796E632054696D6520434DB3
:1024C000442C253034642D253032642D253032647F
:1024D0002D25643A25643A25640000005570646136
:1024E0007465204465766963652053796E6320497D
:1024F0006E74657276616C3A2025646D696E0000B9
:10250000557064617465204465766963652053790C
:102510006E6320496E74657276616C204552524F2D
:10252000523A2025646D696E000000005461736B9F
:10253000204E756D204572725B25645D00000000C1
:102540005461736B5B25645D2049442045727200C1
:102550005461736B5B25645D2056616C7565204525
:1025600072725B25645D00005461736B5B25645D72
:10257000205374617465204572725B25645D0000B0
:102580009DF80E009DF80D10CDE900109DF80C305F
:102590009DF80B209DF80810D9A0F6F7B3FEDBE4F8
:1025A0009DF80F007F2803DC9DF80F0001280BDA4F
:1025B000AFF25021AFF24C20F6F7A4FE9DF80F10B9
:1025C000D7A0F6F79FFEC7E401208DF810009DF814
:1025D0000800401E00EB4001D74800EB8100029943
:1025E000016003994160049981600BF1010000F0E2
:1025F000FF0BD345FFF64BAE01F05CF8F5F798FE04
:102600000AEB8A00032101EB4000281AC5B20AEB4D
:102610008A0001EB400004445FE16678102E01DD82
:10262000FF2E00D156B9AFF2C421AFF2C020F6F7A9
:1026300069FE3146C1A0F6F765FE8DE4FF2E07D096
:10264000701E00EB4001BC4800EB8100407A08B1ED
:1026500001F030F8FF2E05D1F421B748001FF1F743
:10266000A2FE09E0701E00EB4001B34800EB8100C0
:10267000002101604160816001F01CF8F5F758FE0F
:10268000A81EC5B2A41C28E1AB48001F0068407A10
:1026900001285CD0AF480021016041608160C160C9
:1026A0006078AC490870A07848702079E17840EAF9
:1026B0000120A849886060790004A17940EA0120DE
:1026C000E1790843A34988800846806838B1084604
:1026D0008068A149096808449E49C86002E000205A
:1026E0009C49C86000209B49C880012088709B4895
:1026F000F6F708FE97484078A0B99648007850B1A0
:10270000012802D002280BD102E0FBF75BF808E0B9
:10271000FBF7CAF805E0FBF755F8FBF7C5F800E052
:1027200000BF14E08B48007850B1012802D0022885
:102730000BD102E0FDF7C0F808E0FDF731F905E044
:10274000FDF7BAF8FDF72CF900E000BF00BFA5F1D6
:102750000800C5B20834C0E06678022E0ADDAFF288
:10276000FC31AFF2F830F6F7CDFD31467CA0F6F73C
:10277000C9FD07E48148C671012080494873A81E3D
:10278000C5B2A41CA9E0667806F0780000280ADD2E
:10279000AFF23041AFF22C40F6F7B4FD314678A0ED
:1027A000F6F7B0FD8EE47548067201207349487350
:1027B000A81EC5B2A41C90E06678012E0ADAAFF21A
:1027C0005C41AFF25840F6F79DFD314674A0F6F734
:1027D00099FD77E469484672012068494873A81E4C
:1027E000C5B2A41C79E06678012E0ADDAFF28C41F7
:1027F000AFF28840F6F786FD314669A0F6F782FD14
:1028000060E45E48867201205C494873A81EC5B228
:10281000A41C62E066781A2E0ADDAFF2B841AFF26E
:10282000B440F6F76FFD314664A0F6F76BFD49E45E
:10283000192E05D1B0EE0C0A504880ED060A1AE0B8
:102840001A2E05D1B1EE060A4C4880ED060A12E0B8
:102850000D2E07DA00EE106AB8EE400A474880ED08
:10286000060A08E0C6F10C0000EE100AB8EEC00A35
:10287000424880ED060AAFF27841AFF21050F6F709
:1028800041FD3E4890ED060A10EE101A0846F2F798
:1028900086F841EC180B53EC182B4FA0F6F732FDDD
:1028A000FBF7AAFE03F0FCFBF9F7FEF8F5F7C6FD0F
:1028B000294800684E49086000F0FCFE2F488079E6
:1028C00020F00100401C2D498871A81EC5B2A41C2F
:1028D00003E0A81EC5B2A41C00BF00BFC82D00DDC8
:1028E00003E000BF002D7FF412AC00BF2348407B03
:1028F00020B1002021494873F5F7D0FC00BFB3E4B4
:102900005461736B5B25645D2054696D652045726D
:10291000725B25643A25642D25643A25645D0000C8
:102920005461736B5B25645D205265706561742032
:102930004572725B25645D006406002044656C6529
:102940007465205461736B5B25645D2049442045A8
:1029500072720000540700204400002048850108DE
:10296000436F6E666967204F757450757420566F9B
:102970006C204572725B25645D000000340A002003
:10298000436F6E66696720506F72742046756E6380
:1029900074696F6E204572725B25645D00000000F3
:1029A000436F6E66696720537461626C6520546979
:1029B0006D65204572725B25645D0000436F6E6635
:1029C00069672054696D65205A6F6E652045727283
:1029D0005B25645D00000000436F6E6669672054EC
:1029E000696D65205A6F6E65205B252E31665D002E
:1029F0001400002030BCBDE8C08F000010B52F4887
:102A0000B0F80802002822D12C48B0F806020028AD
:102A10001DD02A48B0F8062200F5837128A0F4F7EB
:102A200029FA2BA12BA0F6F76DFC2C492CA0F6F768
:102A300069FC2248B0F806122848FFF77FFAFF2108
:102A40002648F1F7B0FC00201C49A1F806022B48EB
:102A5000B0F80802D0B92948B0F80602B0B127484A
:102A6000B0F8062200F5837125A0F4F703FA234895
:102A7000B0F8061200F58370FDF70AF8FF2123482D
:102A8000F1F791FC00201D49A1F806022048B0F89A
:102A9000080290B91E48B0F8060270B11C48B0F8A0
:102AA000061200F58370FEF76BF9FF211948F1F764
:102AB0007AFC00201649A1F8060210BDF80A002091
:102AC0004C6F526157414E20526563760000000002
:102AD0004C4F47000A5B25735D000000FE0B002091
:102AE000526563762055617274204C6F5261574174
:102AF0004E20446174613A20257300000C0F0020C1
:102B0000424C452052656376000000001210002000
:102B1000020D0020080E002070B5AAB01B4EF3F77E
:102B2000E9F900282FD01AA13046F1F747FC002818
:102B300029D001AB02AA19A106F10900FBF7FDFC9F
:102B400001980E281FDD0E9800F08AFA05461098AD
:102B500000F086FA0446681C48B111A111A0F6F7EE
:102B6000D1FB294611A0F6F7CDFB12488565601C04
:102B700048B10BA10BA0F6F7C5FB21460EA0F6F756
:102B8000C1FB0C4844652AB070BD0000FE0B00205C
:102B90002B5354415455533A0000000020000000CC
:102BA0004C4F47000A5B25735D000000534E523ABC
:102BB0002025640010140020525353493A20256404
:102BC0000000000002480068C0F3002070470000C9
:102BD0001008004870B5002510E04FF47A70F8F73F
:102BE0003BFAFFF7EFFF04460CB1002070BD00BFB9
:102BF0004AF6AA200349086000BF6D1C0F2DECDBCC
:102C00000120F3E70030004002480068C0F3C01024
:102C1000704700001408004870B54FF47A70F8F758
:102C20001BFA002510E000F015F804460CB1002056
:102C300070BD4FF47A70F8F70FFA00BF4AF6AA2079
:102C40000349086000BF6D1C062DECDB0120EFE797
:102C50000030004002480068C0F340207047000088
:102C6000100800484FF090404069C0F300207047C2
:102C700010B58CB02C2101A8F1F795FB184890ED08
:102C8000060ADFED180A20EE200ADFED160A20EE14
:102C9000200ABCEEC00A10EE104A13484069A0F2A8
:102CA0006C7006901048006905900F48C068049049
:102CB0000D48806803900C48406802900A480068FC
:102CC00001900948806907904FF0FF30099001A8F2
:102CD000F1F7FAFA001B054908600CB010BD0000BE
:102CE000340A002000007042CC0A0020440000207A
:102CF00010B50346D86810441C69A0420BD8486838
:102D0000DC6820441C69A04203D24868DC68204487
:102D100010BD0020FCE74FF0FF30F9E701480068E4
:102D2000704700003400002001480068002170470F
:102D300044000020F8B5044600264CB97C487DA329
:102D40007EA2FC21009085A003F0EEFC00BFFEE710
:102D5000204603F00FFF06460EB13046F8BD606A0C
:102D600050B973488AA375A240F2091100907BA064
:102D700003F0DAFC00BFFEE7206930B1A08A20B181
:102D8000A06910B1207F00287AD1204602F0D0F946
:102D900006460EB13046E1E7204603F0C1FD60B3C0
:102DA0000020A060216D21614820005B012802D134
:102DB0000221A18201E00121A182616DA16194F84B
:102DC00058102177012515E004F1540050F8350022
:102DD00078B104F1540050F83500A169814208D956
:102DE00004F1540050F83510A16100EBC5000179E1
:102DF00021776D1C042DE7D342E000253DE005EB73
:102E00004500674901EBC0000179207B814233D145
:102E100005EB4500624901EBC0004179607B8142CE
:102E20002AD105EB45005E4901EBC0008179A07B0A
:102E3000814221D105EB4500594951F83000A0608D
:102E400005EB450001EBC0008168216105EB450001
:102E5000534901EBC0008189A18205EB450050492F
:102E600001EBC0000169A16105EB45004C4901EB94
:102E7000C000017D217702E06D1C152DBFD300BF7E
:102E8000206928B1A08A18B1A06908B1207F20B9B3
:102E900044A003F06DFC012060E7002700250BE053
:102EA0004E4800EBC5000179207B814203D14B489D
:102EB00050F8357002E06D1C102DF1D300BF47B102
:102EC000A06830B1394646A02369A26803F050FCDF
:102ED0000AE02FB139464DA0226903F049FC03E016
:102EE00055A0216903F044FC00BF204602F0E8FC35
:102EF00006460EB1304631E7207D00F0040040B1B7
:102F000000220121204603F07BFE06460EB130462A
:102F100024E72069B0F1807F05D90121204603F024
:102F20001BF8064602E0002084F83500304615E71D
:102F300010830108666C61736800000028257329FE
:102F40002068617320617373657274206661696CB7
:102F500065642061742025732E0000002E2E5C43D2
:102F60006F6D70656E74735C4D6F64756C65735CCA
:102F7000466C61736844422D312E312E325C73668B
:102F800075645C7372635C736675642E6300000025
:102F9000666C6173682D3E7370692E777200000055
:102FA000188101085761726E696E673A205468692A
:102FB0007320666C61736820646576696365206957
:102FC00073206E6F7420666F756E64206F72206E52
:102FD0006F7420737570706F72742E009880010882
:102FE00046696E64206120257320257320666C611C
:102FF000736820636869702E2053697A652069734D
:1030000020256C642062797465732E0046696E64B5
:10301000206120257320666C617368206368697085
:103020002E2053697A6520697320256C64206279AB
:103030007465732E0000000046696E64206120668E
:103040006C61736820636869702E2053697A65200B
:10305000697320256C642062797465732E0000000A
:1030600038B504466A4609A12046F1F70DFA0098E2
:10307000C0B20090009800F0800028B10098401E77
:10308000C043C0B240420090009838BD257800008F
:10309000F8B506460F4614461D46E8B223460122FF
:1030A000394600903046F6F73BF80020F8BDF8B5F9
:1030B00006460F4614461D46E8B22346012239460D
:1030C00000903046F6F780F80020F8BD09480A491C
:1030D00008600846006810B94FF0FF307047064896
:1030E0000068806905490862034800680069C86192
:1030F0000020F3E7E0010020880100208C0100207F
:10310000F0B58DB0FE4890ED060ADFEDFE0A20EE28
:10311000200ADFEDFC0A20EE200ABCEEC00A10EE09
:10312000106AF9480068407A01287DD1F6480068A5
:10313000002879D0F448D0F8F000F44909688842B2
:103140000CD9F148B0F8E800EF490968498988428C
:103150006BDBED4800684089002866DD0020EA4905
:1031600009684872E849A1F8E800E9A0F6F7CAF84A
:10317000E54800688078A8B9E3480068407850B115
:10318000012802D002280BD102E0FCF795FB08E0F1
:10319000FCF706FC05E0FCF78FFBFCF701FC00E008
:1031A00000BF15E0D8480068407850B1012802D02F
:1031B00002280BD102E0FAF705FB08E0FAF774FBEE
:1031C00005E0FAF7FFFAFAF76FFB00E000BF00BF77
:1031D000CB48807920F00100401CC9498871CA4859
:1031E00090F8C600401CC4B2C74880F8C64097E0BB
:1031F000C54890F8C610D730405C00287DD0C24842
:1032000080F8C640D730005D401E00EB4001BE484C
:10321000001D00EB8100BC49086008460068007A88
:1032200000287AD02C2101E091E08FE002A8F1F78C
:10323000BAF8C6484069A0F26C700790C3480069AC
:103240000690C248C0680590AF480068C0780490F6
:10325000AD4800680079039000200290BB48806967
:1032600008904FF0FF300A9002A8F1F72DF80546BC
:10327000A81BA549C1F8EC000846006840790490F5
:10328000084600688079039002A8F1F71DF805460A
:10329000A81B9D49C1F8F000AD48F6F733F89A48ED
:1032A0000068C079984909684989CDE900109648B5
:1032B00000688378944800684278934800680178F1
:1032C000A4A0F6F71FF89048006802798E480068BD
:1032D000C178AEA0F6F716F88B48006882798A4864
:1032E00000684179AFA0F6F70DF88748D0F8F000F4
:1032F00000908548D0F8EC3001E00FE00DE090F848
:10330000C670D730C25DD73890F8C610ABA0F5F7BD
:10331000F9FFB848F5F7F6FF08E000BF601CC4B23B
:10332000794890F8C500A0423FF762AF00BF7648E9
:1033300090F8C500A04209DCAFA0F5F7E3FF00203C
:103340007149C1F8EC00C1F8F0000860ADE1B9487E
:103350008078002855D0B748C0686C490968884211
:1033600002D8B448C06848B9B248C088B149898811
:103370008842EBDBAF4880880028E7DDAD48C18894
:10338000ADA0F5F7BFFFAB484078A0B9A9480078D9
:1033900050B1012802D002280BD102E0FCF78CFAD0
:1033A00008E0FCF7FDFA05E0FCF786FAFCF7F8FA0E
:1033B00000E000BF14E09F48007850B1012802D01F
:1033C00002280BD102E0FAF7FDF908E0FAF76CFAEF
:1033D00005E0FAF7F7F9FAF767FA00E000BF00BF77
:1033E00094480021016041608160C1604448807957
:1033F00020F00100401C4249887197A0F5F782FF38
:1034000053E14148D0F8EC004049096888429DD812
:103410003D48D0F8EC00002898D001203A490968CE
:103420004872394800688078A8B937480068407801
:1034300050B1012802D002280BD102E0FAF7C2F9FC
:1034400008E0FAF731FA05E0FAF7BCF9FAF72CFAD6
:1034500000E000BF15E02C480068407850B101281A
:1034600002D002280BD102E0FCF726FA08E0FCF7B4
:1034700097FA05E0FCF720FAFCF792FA00E000BFAB
:1034800000BF1F48807920F00100401C1C49887152
:103490008148F5F737FF1C480068C0791A49096868
:1034A0004989CDE9001018480068837816480068FB
:1034B000427815480068017826A0F5F723FF1248E6
:1034C0000068027910480068C17830A0F5F71AFF4B
:1034D0000D48006882790C480068417931A0F5F701
:1034E00011FF0948D0F8F00000900748D0F8EC3000
:1034F00090F8C670D730C25DD73890F8C610CDE0CE
:10350000340A0020000070426006002044000020C1
:103510000D0A2A2A2A2A2A2A2A2A2A2A2A2A2A2A48
:103520002A2A2A2A2A2A2A2A20456E6420546173CC
:103530006B202A2A2A2A2A2A2A2A2A2A2A2A2A2AB4
:103540002A2A2A2A2A2A2A2A0D0A0000CC0A00201E
:103550001088010849445B25645D2C2056616C7518
:10356000655B25645D2C2053746174655B25645D27
:103570002C2050756C73655B25645D2C2052657042
:103580006561745B25645D0A00000000537461721C
:10359000742054696D653A20253032642D2530320F
:1035A000640A00004F7665722054696D653A2025E3
:1035B0003032642D253032640A0000005461736B90
:1035C00020496E6465785B25645D2C205461736BC3
:1035D00020536F72745B25645D2C205461736B20E3
:1035E00054696D657374616D705B25642D25645D30
:1035F00000000000548801080D0A2A2A2A2A2A2AD3
:103600002A2A2A2A2A2A2A2A2A2A2A2A2A2A2A2A1A
:10361000204E6F205461736B202A2A2A2A2A2A2AD4
:103620002A2A2A2A2A2A2A2A2A2A2A2A2A2A2A0D17
:103630000A000000540700200D0A207265616C200A
:1036400074696D652070756C736520636F75742087
:1036500025640D0A000000000D0A2A2A2A2A2A2AB7
:103660002A2A2A2A2A2A2A2A2A2A2A2A2A2A2A2ABA
:1036700020456E64205265616C205461736B202A72
:103680002A2A2A2A2A2A2A2A2A2A2A2A2A2A2A2A9A
:103690002A2A2A2A2A0D0A00CC870108AFF2E40060
:1036A000F5F730FE0248F5F72DFE0DB0F0BD000035
:1036B000548801082DE9F041BEB0F84890ED060AA3
:1036C000DFEDF70A20EE200ADFEDF50A20EE200AF2
:1036D000BCEEC00A10EE107AC0210EA8F0F763FE0F
:1036E000C022F0490EA8F0F743FE1021ED48D33078
:1036F000F0F759FE1021EB48C330F0F754FEE948CB
:10370000001F0068407A012843D1E648001F006886
:1037100000283ED00020E349091F09684872E149AA
:10372000091FA1F8E800E0A0F5F7ECFDDD48001F57
:1037300000688078B0B9DB48001F0068407850B15D
:10374000012802D002280BD102E0FCF7B5F808E00E
:10375000FCF726F905E0FCF7AFF8FCF721F900E0EB
:1037600000BF16E0CF48001F0068407850B1012824
:1037700002D002280BD102E0FAF724F808E0FAF7A9
:1037800093F805E0FAF71EF8FAF78EF800E000BFAC
:1037900000BF0020C349091F81F8C400A1F8E80058
:1037A00081F8C60081F8C5000025002410E004EB74
:1037B0004401BC4810F8210040B1BA48001F90F8FD
:1037C000C400401CB749091F81F8C400601CC4B282
:1037D000102CECDB4FF00108002465E04FF00108ED
:1037E000002557E005EB45000EA901EB80000079AC
:1037F00005EB45010EAA02EB8101C978C1EB01116D
:1038000000EB8101681C00EB400002EB80000279B4
:10381000681C00EB40000EAB03EB8000C078C0EBEF
:10382000001002EB8000814207DC05EB45000EA989
:1038300001EB8000007A01282AD005EB45000EA993
:1038400001EB800001680B9141680C9180680D903C
:1038500005EB45000EA901EB8001681C00EB400060
:103860000EAA02EB800002680A6042684A60806823
:103870008860681C00EB40000EA901EB80000B99EA
:1038800001600C9941600D9981604FF0000800BF04
:10389000681CC5B2C4F10F00A842A3DCB8F1000F48
:1038A00000D003E0601CC4B2102C97DB00BF0025E1
:1038B000002411E004EB44000EA911F8200048B1E7
:1038C00004EB440011F820202846691CCDB275494C
:1038D000C3310A54601CC4B2102CEBDB81A0F5F795
:1038E00011FD002448E004EB440C6E4800EB8C0012
:1038F000837804EB440C6B4800EB8C00427804EBBB
:10390000440C684810F82C1086A0F5F7FBFC04EB7B
:103910004403644800EB8300027904EB44036148EC
:1039200000EB8300C17887A0F5F7ECFC04EB4403BF
:103930005C4800EB8300827904EB4403594800EBB8
:103940008300417985A0F5F7DDFC04EB440C554874
:1039500000EB8C00438904EB440C524800EB8C00D4
:10396000027A04EB440C4F4800EB8C00C17981A033
:10397000F5F7C8FC601CC4B2102CB4DB86A0F5F7C8
:10398000C1FC002407E04748C330015D85A0F5F77E
:10399000B9FC601CC4B2102CF5DB83A0F5F7B2FCB7
:1039A0000025002457E03F48C330005D401E00EB77
:1039B00040013C4800EB8100007AE8B33948C3304D
:1039C000005D401E00EB4001364800EB8100C179EC
:1039D0007648806910B17548806900E00720401E74
:1039E000014101F0010038B32E48C330005D401E94
:1039F00000EB40012B4800EB810001792948C330DE
:103A0000005D401E00EB4002264800EB8200C078BB
:103A1000C0EB001001EB800064494968634A92687A
:103A2000C2EB021201EB8201884212DB1D48C33057
:103A3000025D2846691C00E00BE0CDB21949D33184
:103A40000A54A1F1D70090F8C500401CD73981F87D
:103A5000C500601CC4B2102CA5DB55A0F5F752FCC4
:103A6000002407E00F48D330015D4EA0F5F74AFC73
:103A7000601CC4B2102CF5DB4BA0F5F743FC0948E1
:103A8000001F90F8C52090F8C41050A0F5F73AFC3C
:103A90005A48F5F737FC0024D8E00000340A00202B
:103AA00000007042640600200D0A2A2A2A2A2A2AC7
:103AB0002A2A2A2A2A2A2A2A2A2A2A2A2A2A2A2A66
:103AC00020456E64205461736B202A2A2A2A2A2AF0
:103AD0002A2A2A2A2A2A2A2A2A2A2A2A2A2A2A2A46
:103AE0000D0A00000D0A2A2A2A2A2A2A2A2A2A2A04
:103AF0002A2A2A2A2A2A2A2A2A2A2A2A204C6F6390
:103B0000616C205461736B20496E666F202A2A2AEB
:103B10002A2A2A2A2A2A2A2A2A2A2A2A2A2A2A2A05
:103B20002A2A2A000A49445B25645D2C2056616CD0
:103B300075655B25645D2C2053746174655B256439
:103B40005D0A000053746172742054696D653A20F7
:103B5000253032642D253032640A00004F766572BC
:103B60002054696D653A20253032642D2530326449
:103B70000A0000005265706561745B25645D2C204D
:103B80005661696C645B25645D2C2050756C7365AF
:103B90005B25645D0A0000000A494420536F72747B
:103BA0005B000000256420005D0D0A00CC0A0020A7
:103BB00053696E676C65204461792056616C696455
:103BC00020494420536F72745B000000546F74618D
:103BD0006C205461736B20436F756E745B25645D5C
:103BE0002C2053696E676C652044617920546173A1
:103BF0006B20436F756E745B25645D00548801080B
:103C00006448005D401E00EB40016248D33800EB81
:103C100081006049D739086008460068007A98B189
:103C20000846006800790968C978C1EB011100EB0A
:103C3000810059494968584A9268C2EB021201EB67
:103C40008201884200DB07E0601CC4B25148D738CB
:103C500090F8C500A042D3DC00BF4E48D73890F89A
:103C6000C500A0427EDD2C2103A8F0F79CFB4A484A
:103C70004069A0F26C700890474800690790464878
:103C8000C06806904348D7380068C078059041481E
:103C9000D738006800790490002003903E4880697E
:103CA00009904FF0FF300B9003A8F0F70DFB06468C
:103CB000F01B3849D739C1F8EC0008460068407954
:103CC0000590084600688079049003A8F0F7FCFA94
:103CD0000646F01B2F49D739C1F8F0002F48F5F7F9
:103CE00011FB2C48D7380068C0792A49D7390968B0
:103CF0004989CDE900102748D738006883782548DE
:103D0000D738006842782348D7380068017824A063
:103D1000F5F7F8FA1F48D738006802791D48D738F8
:103D20000068C178AFF2E410F5F7ECFA1948D7381B
:103D3000006882791748D73800684179AFF2E410FB
:103D4000F5F7E0FA1348D738D0F8F00000901148A2
:103D5000D738D0F8EC3090F8C6C0D73010F80C2027
:103D6000D73800E008E090F8C6101BA0F5F7CAFAB3
:103D70002748F5F7C7FA0AE000200649D739C1F805
:103D8000EC00C1F8F000086022A0F5F7BBFA3EB0E5
:103D9000BDE8F08137070020CC0A00201088010818
:103DA00049445B25645D2C2056616C75655B256418
:103DB0005D2C2053746174655B25645D2C20507507
:103DC0006C73655B25645D2C205265706561745B66
:103DD00025645D0A000000005461736B20496E6425
:103DE00065785B25645D2C205461736B20536F7282
:103DF000745B25645D2C205461736B2054696D6580
:103E00007374616D705B25642D25645D0000000096
:103E1000548801080D0A2A2A2A2A2A2A2A2A2A2A02
:103E20002A2A2A2A2A2A2A2A2A2A2A2A204E6F209D
:103E30005461736B202A2A2A2A2A2A2A2A2A2A2A01
:103E40002A2A2A2A2A2A2A2A2A2A2A0D0A0000008D
:103E500030B597B02C210CA8F0F7A5FA59480068A6
:103E60000B9001F0E7F9F7F71FFE5748D0F8EC0088
:103E700010B35548D0F8EC000B9988420BD2524849
:103E8000D0F8EC0051490968884204D94E48D0F86E
:103E9000EC000B9010E04C48D0F8F0000B998842F1
:103EA0000AD24948D0F8F00048490968884203D945
:103EB0004548D0F8F0000B904548807868B14448F8
:103EC000C0680B99884208D24148C0683F490968D8
:103ED000884202D93E48C0680B903A4800680B9966
:103EE00088420CD23B48408A002808DD35480068EB
:103EF00036490968884202D9324800680B90364832
:103F0000007800F0010090B932488079C0F3800059
:103F100068B1324800682D490968884207D92F499D
:103F20000B980968884202D92C4800680B902C2114
:103F30006846F0F738FA274890ED060ADFED280AC0
:103F400020EE200ADFED260A20EE200ABCEEC00A91
:103F500010EE104A69461D48F0F770F900200290F3
:103F6000019000906846F0F7AFF90546281B1D49FF
:103F700008600846006815490968884205D2194852
:103F800000681949084417490860164800680B99E9
:103F900088420BD2134800680C490968884205D949
:103FA000104800680B9001200A49C8720B98204401
:103FB0000B900CA90BA8F0F741F90CA8F7F70EFC31
:103FC00017B030BD1400002060060020440000201F
:103FD00054070020340A0020101400204C01002057
:103FE00000007042180000208051010010B54FF40D
:103FF0007A720449044800F063F80449024800F06A
:10400000EFF810BD5C020020440600204144010886
:104010001CB5014659B1134B0868984207D1DB43E0
:104020008869984203D1486808B1886808B90020B7
:104030001CBD08690190C8680090DDE90030984215
:1040400001D18A680CE0DDE90003984203D9DDE97B
:104050000003C21A04E08868DDE900431B1BC21A92
:10406000501EE5E7EFBEADDE1CB5014659B1134B5E
:104070000868984207D1DB438869984203D14868B1
:1040800008B1886808B900201CBD08690190C8689B
:104090000090DDE90030984201D100220CE0DDE91A
:1040A0000030984203D9DDE90030C21A04E0886884
:1040B000DDE900341B1BC21A1046E5E7EFBEADDE9A
:1040C00070B504460D4616460CB105B10EB9002078
:1040D00070BD1C212046F0F766F9A66065600348B4
:1040E0002060C043A0610120F2E70000EFBEADDE1A
:1040F0002DE9F84304460F461546B9466CB12849E8
:104100002068884209D1C943A069884205D1606806
:1041100018B1A06808B107B115B90020BDE8F8834F
:104120002046FFF7A1FF8046A84501D2404600E0A7
:10413000284605460DB90020F0E7E0680090A06829
:104140000099401AA84203D2A0680099401A00E0E2
:10415000284606466068009A811832464846F0F7BD
:1041600007F9009830440090AD1B35B109EB06000B
:104170002A466168F0F7FCF80095A068009988422B
:1041800001D8002000900098E06000BF606920B175
:104190007219002120466369984700BF7019BDE776
:1041A000EFBEADDE10B50446BCB10C4920688842B4
:1041B00013D1C943A06988420FD1606868B1A06873
:1041C00058B100202061E06000BF606920B100228A
:1041D000022120466369984700BF10BDEFBEADDEE7
:1041E00060B1074B02689A4208D1DB4382699A4268
:1041F00004D1426812B1826802B141617047000087
:10420000EFBEADDE2DE9F84304460F461546B9462C
:104210006CB128492068884209D1C943A069884205
:1042200005D1606818B1A06808B107B115B90020C0
:10423000BDE8F8832046FFF7EBFE8046A84501D293
:10424000404600E0284605460DB90020F0E7206909
:104250000090A0680099401AA84203D2A068009973
:10426000401A00E0284606466168009A88183246DF
:104270004946F0F77DF8009830440090AD1B35B109
:1042800009EB06012A466068F0F772F80095A0680D
:104290000099884201D8002000900098206100BF5A
:1042A000606920B17219012120466369984700BFF7
:1042B0007019BDE7EFBEADDE01460022034B1A8048
:1042C00000BF024A12888A42FBDB70474000002090
:1042D000F7F7C2FFF7F7E6FDF2F766F9F2F788FBAA
:1042E000F2F7D0F8F2F7E8FBF7F746FCF4F79AFE9E
:1042F00010214FF47A70F8F723F862B6F5F73AF820
:10430000F3F7D0FDFBF792F9FFF770FEF6F722FB0B
:104310003221C820F2F71CFD00BF4AF6AA2010493E
:10432000086000BFFF210F48F0F73DF8FF210E485D
:10433000F0F739F800200D49887310E002F036FEDE
:10434000F6F7D6FCF2F782FFFEF758FBFEF7D8FE31
:1043500000BF4AF6AA200249086000BF00BFEDE78F
:104360000030004012100020FE0B0020340A002014
:104370002DE9F84305460F46164655B9164817A3CA
:1043800018A24FF4787100901EA002F0CDF900BF82
:10439000FEE756B9104828A312A240F2E13100907E
:1043A00018A002F0C1F900BFFEE795F8350008B18A
:1043B000042000E003208046002408E0601CA8EBF5
:1043C0000000C00027FA00F03055601CC4B244451C
:1043D000F4DBBDE8F8830000CC830108666C6173F0
:1043E00068000000282573292068617320617373B9
:1043F000657274206661696C656420617420257340
:104400002E0000002E2E5C436F6D70656E74735C21
:104410004D6F64756C65735C466C61736844422DC6
:10442000312E312E325C736675645C7372635C731B
:104430006675642E6300000061727261790000008D
:1044400070B506460C4615465CB1012C12D0022C04
:1044500019D10EA10FA0F4F755FF10A0F4F752FFE9
:1044600012E00AA10BA0F4F74DFF294612A0F4F7C1
:1044700049FF09E005A107A0F4F744FF294618A069
:10448000F4F740FF00E000BF00BF70BD4C57524240
:10449000000000000A5B25735D0000005B45565478
:1044A0005D2042756666657220726573657420656D
:1044B00076656E74210000005B4556545D204275A0
:1044C000666665722072656164206576656E743A11
:1044D000202564206279746528732921000000007A
:1044E0005B4556545D204275666665722077726939
:1044F0007465206576656E743A202564206279744F
:1045000065287329210000001CB50020019000904F
:10451000AB208DF8040001236A46042101A8F7F7B7
:10452000B3FB90208DF8040002236A46042101A801
:10453000F7F7AAFB05A106A0F4F7E4FE9DF8012019
:104540009DF8001004A0F4F7DDFE1CBD4C4F4700A1
:104550000A5B25735D0000005265616420503235AE
:10456000513430204D616E7566616374203078255A
:104570003032782C204944203078253032780000C1
:1045800008B5B920009000231A4601216846F7F7C4
:104590007BFB08BD2DE9F84F06460F4615461C4625
:1045A0004FF0000A06F1200856B9524852A354A20F
:1045B00040F2622100905AA002F0B6F800BFFEE778
:1045C000012C0DD0B4F5807F0AD04A4861A34CA2DB
:1045D0004FF41971009052A002F0A6F800BFFEE758
:1045E00096F8340050B9434864A345A240F26621CE
:1045F00000904BA002F098F800BFFEE779193069EF
:10460000814205D961A002F0B3F8052000F0EAB8B4
:10461000D8F8080018B14046D8F80810884758E084
:104620000121304601F0D2FD8246BAF1000F00D0E0
:1046300052E002205F4908704A1C39463046FFF7B5
:1046400097FE96F8350008B1052000E00420834667
:10465000B7FBF4F004FB107078B1B7FBF4F004FB87
:104660001070201AA84206D2B7FBF4F004FB1070B9
:10467000A4EB000906E0A94604E0A54201D9A14641
:1046800000E0A946A5EB09054F444A4901EB0B00A0
:104690004A460A99EFF76CFE00200BEB09020090E6
:1046A000034644494046D8F804C0E0478246BAF180
:1046B000000F03D040A002F05BF80DE0304602F09E
:1046C00049FF8246BAF1000F00D005E00A9848443D
:1046D0000A90002DA4D100BF0021304601F076FDE4
:1046E000D8F80C0018B14046D8F80C10884750464E
:1046F0008CE7000051830108666C6173680000005C
:104700002825732920686173206173736572742092
:104710006661696C65642061742025732E00000059
:104720002E2E5C436F6D70656E74735C4D6F647597
:104730006C65735C466C61736844422D312E312E7A
:10474000325C736675645C7372635C736675642E49
:104750006300000077726974655F6772616E203D67
:104760003D2031207C7C2077726974655F677261BF
:104770006E203D3D2032353600000000666C6173CE
:10478000682D3E696E69745F6F6B00004572726FD1
:10479000723A20466C617368206164647265737359
:1047A000206973206F7574206F6620626F756E6468
:1047B0002E000000741400204572726F723A204679
:1047C0006C61736820777269746520535049206367
:1047D0006F6D6D756E6963617465206572726F725D
:1047E0002E00000018BCBDE8E08F000000B587B0C7
:1047F0001822314901A8EFF7BBFD8F20F4F71EFE08
:104800000320019001A92D48F4F7C8FF03212B488C
:10481000F5F75FF842F20F00019001A92848F4F77C
:10482000BDFF42F20F012648F5F753F8932001909F
:1048300001A94FF09040F4F7B1FF93214FF0904061
:10484000F5F747F847F20C00019001A91D48F4F76D
:10485000A5FF47F20C011B48F5F73BF84FF4C05099
:10486000019001A94FF09040F4F798FF4FF4C05128
:104870004FF09040F5F72DF80420019001A912485F
:10488000F4F78CFF04211048F5F723F84FF4487033
:10489000019001A90B48F4F781FF4FF448710948D2
:1048A000F5F717F88F200949C96C8143074AD1648D
:1048B00000BF07B000BD0000C8770108001C004819
:1048C0000008004800040048000C004800100240A6
:1048D0004FF090400069C0F3001070474FF09040D7
:1048E0000069C0F34010704770B504460D46164687
:1048F0001048006830B9104A10A113A0F4F702FD67
:1049000000BFFEE70B48006890F8340030B90A4A4F
:1049100015A10DA0F4F7F6FC00BFFEE7174880696B
:1049200001192B4632460348006801F03DFF30462E
:1049300070BD000088010020557F01087366756412
:104940005F64657600000000282573292068617384
:1049500020617373657274206661696C656420619F
:10496000742025732E0A0000736675645F64657693
:104970002D3E696E69745F6F6B0000008C01002032
:1049800070B586B005460C460826002004900590B8
:104990004DB92E482EA330A29621009036A001F0EA
:1049A000C3FE00BFFEE74CB9284841A32AA29721C5
:1049B000009031A001F0B8FE00BFFEE7082304AA72
:1049C0003146284600F0D2FD28B13DA001F0D0FECE
:1049D000002006B070BD9DF8100020709DF81100F9
:1049E00060709DF81200A0709DF81300E0709DF8B3
:1049F00014009DF8151040EA01209DF8161040EAB9
:104A000001406060A078012806DD6278A1783A480C
:104A100001F0AEFE0020DCE7E078092805DAE17855
:104A2000364801F0A5FE0020D3E7E1786278A3784C
:104A30006068CDE90032CDE902102378304AAD211B
:104A40000DA001F071FE0120C3E7000015840108EC
:104A5000666C617368000000282573292068617303
:104A600020617373657274206661696C656420618E
:104A7000742025732E0000002E2E5C436F6D706530
:104A80006E74735C4D6F64756C65735C466C6173BA
:104A90006844422D312E312E325C736675645C732E
:104AA00072635C736675645F736664702E63000086
:104AB00062617369635F686561646572000000002C
:104AC0004572726F723A2043616E2774207265617D
:104AD00064204A4544454320626173696320666CE3
:104AE00061736820706172616D65746572206865BC
:104AF000616465722E000000F49001087C92010848
:104B0000209001082DE9F0478EB08046894608F1D3
:104B10004404D9F804A0242105A8EFF744FCB8F117
:104B2000000F09D1CD48CEA3CFA2C2210090D6A0BC
:104B300001F0FAFD00BFFEE7B9F1000F09D1C74847
:104B4000DFA3C9A2C3210090CFA001F0EDFD00BFFB
:104B5000FEE7242305AA5146404600F007FD30B188
:104B6000DBA001F005FE00200EB0BDE8F087E6A254
:104B7000CB21C5A001F0D8FDEDA2CC21C2A001F04F
:104B8000D3FD00251FE005A810F82500012101EB49
:104B9000850105AA515C022202EB850205AB9A5CF5
:104BA000032303EB85030DF1140C1CF80330CDE94E
:104BB0000032CDE902106B1CE4A2CE21B2A001F0BC
:104BC000B3FD681CC5B2092DDDDB9DF81500E07151
:104BD0009DF8140000F00300012802D0032811D131
:104BE00008E00120A071E379E14AD721A6A001F0F5
:104BF0009BFD0CE00020A071DEA2DB21A2A001F051
:104C000093FD04E0E8A001F0B3FD0020ACE700BF95
:104C10009DF81400C0F3800010B1012811D107E005
:104C20000120A080EEA2E62197A001F07DFD08E022
:104C30004FF48070A080F2A2EA2193A001F074FDED
:104C400000BF00BF9DF81400C0F3C00010B10128E0
:104C50002AD107E001202072F4A2F5218AA001F0F8
:104C600063FD21E000202072FC4AFA2186A001F0B9
:104C70005BFD9DF81400C0F3001010B1012811D1A4
:104C800007E050206072F64AFF217FA001F04CFD42
:104C900008E006206072F34A4FF482717AA001F0B6
:104CA00043FD00BF00BF00BF00BF9DF81600C0F36A
:104CB000410020B101280DD0022820D114E00120AC
:104CC000A0720020E072E8A240F20F116EA001F085
:104CD0002BFD1CE00120A072E072E9A24FF48A7162
:104CE00069A001F021FD12E00020A0720120E07215
:104CF000EAA240F2191164A001F016FD07E00020BD
:104D0000A072E072EBA001F033FD00202CE700BFA1
:104D10009DF81B0000069DF81A1040EA01409DF81E
:104D2000191040EA01209DF8181040EA01079DF88B
:104D30001B00C00910B1012815D104E0012000EBCF
:104D4000D700E0600FE027F00047232F06D90020AE
:104D5000E060E14801F00CFD002005E7F81E0121AC
:104D60008140E16000BF00BFDCA240F2311146A0EB
:104D7000E36801F0D9FC002500262BE068001C3018
:104D800005A9085C20B368001C30095C012088403C
:104D900004F1100141F8360068001D3005A9095CD6
:104DA00004F1100000EBC600017104F1100000EBEB
:104DB000C6000079009004F1100050F83600830A14
:104DC000CCA240F2371130A001F0AEFC701CC6B28C
:104DD000681CC5B2042DD1DB0025002637E004F1A4
:104DE000100050F8350080B3681CC6B22BE004F107
:104DF000100050F8360020B304F1100050F83510C0
:104E000050F8360081421CD904F1100252F83510D6
:104E100002EBC502107904F1100252F8363042F864
:104E2000353002EBC602137904F1100202EBC50221
:104E3000137104F1100242F8361002EBC602107131
:104E400000BF701CC6B2042ED1DB681CC5B2042D95
:104E5000C5DB0120207000BF86E600002784010822
:104E6000666C6173680000002825732920686173EF
:104E700020617373657274206661696C656420617A
:104E8000742025732E0000002E2E5C436F6D70651C
:104E90006E74735C4D6F64756C65735C466C6173A6
:104EA0006844422D312E312E325C736675645C731A
:104EB00072635C736675645F736664702E63000072
:104EC00062617369635F6865616465720000000018
:104ED0005761726E696E673A2043616E2774207263
:104EE000656164204A4544454320626173696320DB
:104EF000666C61736820706172616D6574657220A3
:104F00007461626C652E00004A454445432062612D
:104F100073696320666C61736820706172616D658E
:104F2000746572207461626C6520696E666F3A0008
:104F30004D53422D4C53422020332020202032203C
:104F40002020203120202020300000005B2530343C
:104F5000645D203078253032582030782530325842
:104F600020307825303258203078253032580000F3
:104F7000DC8F0108556E69666F726D2034204B42DC
:104F800020657261736520697320756E6176616951
:104F90006C61626C6520666F72207468697320644E
:104FA00065766963652E00004572726F723A20550E
:104FB0006E69666F726D2034204B4220657261739A
:104FC0006520737570706F7274656420696E666FAA
:104FD000726D6174696F6E206572726F722E00005F
:104FE0005772697465206772616E756C617269745D
:104FF00079206973203120627974652E00000000E9
:105000005772697465206772616E756C617269743C
:1050100079206973203634206279746573206F7249
:10502000206C61726765722E000000005461726727
:10503000657420666C617368207374617475732085
:105040007265676973746572206973206E6F6E2D67
:10505000766F6C6174696C652E00000048910108E0
:105060008C91010804920108332D42797465206FF8
:105070006E6C792061646472657373696E672E006B
:10508000332D206F7220342D427974652061646461
:1050900072657373696E672E00000000342D4279CB
:1050A0007465206F6E6C79206164647265737369D6
:1050B0006E672E004572726F723A205265616420ED
:1050C00061646472657373206279746573206572BC
:1050D000726F722100000000AC90010843617061A2
:1050E0006369747920697320256C64204279746542
:1050F000732E0000466C6173682064657669636591
:1051000020737570706F72747320256C644B42202D
:10511000626C6F636B2065726173652E20436F6DE7
:105120006D616E64206973203078253032582E000E
:105130002DE9FF410446002504F1200654B9194821
:1051400019A31BA240F25531009021A001F0ECFA06
:1051500000BFFEE79F2003900320009002AB0122D6
:1051600003A930467768B8470546A5B99DF80810E9
:1051700021739DF8091061739DF80A10A173A07B3B
:10518000617BCDE90010237B1E4A40F25D3110A007
:1051900001F0CAFA02E01CA001F0EAFA284604B0C5
:1051A000BDE8F08179830108666C617368000000D6
:1051B00028257329206861732061737365727420D8
:1051C0006661696C65642061742025732E0000009F
:1051D0002E2E5C436F6D70656E74735C4D6F6475DD
:1051E0006C65735C466C61736844422D312E312EC0
:1051F000325C736675645C7372635C736675642E8F
:10520000630000006C8D01084572726F723A205283
:1052100065616420666C61736820646576696365A6
:10522000204A45444543204944206572726F722EDE
:10523000000000001FB50020009001900290039034
:105240000F236A4600215120FDF722FF9DF802003E
:1052500000F00F009DF80210C1F3021101EB810173
:1052600000EB41002B4908609DF8030000F00F009F
:105270009DF80310C1F3021101EB810100EB410025
:10528000244948609DF8040000F00F009DF80410C8
:10529000C1F3011101EB810100EB41001D49886060
:1052A0009DF8050000F00F009DF80510C1F30111F5
:1052B00001EB810100EB41001649C8609DF8060032
:1052C00000F00700002100EB4100124988619DF8C1
:1052D000070000F00F009DF80710C1F3011101EB6A
:1052E000810100EB4100401E0A4908619DF8080059
:1052F00000F00F009DF80810090901EB810100EB97
:105300004100C0B200F5FA6002494861FDF7B0FC07
:105310001FBD0000CC0A00202DE9F04196B00546E3
:105320000E4614461F464FF00008002C12D15EA016
:10533000F3F7E8FF60A02968F3F7E4FFA62260A175
:105340006CA0F3F7DFFF6E4A6EA170A0F3F7DAFFEF
:1053500000BFFEE7382308AA31462846F7F704FACB
:1053600066600998A0607149A068884205D0002055
:105370002070082016B0BDE8F081012020700421C3
:1053800008A8F7F725FA6070DDE90A01C4E904010D
:1053900006210FA8F7F71CFA84F82400062113A8A9
:1053A000F7F716FAC1B22520015594F82400022817
:1053B00006D1DDE90C01C4E906010E98206225E062
:1053C0002520005D022806D1DDE91001C4E90601AF
:1053D000129820621AE094F82400012816D12520A2
:1053E000005D012812D130A0F3F78CFF32A02968AC
:1053F000F3F788FFC02232A13EA0F3F783FF404AB3
:105400004BA142A0F3F77EFF00BFFEE76068383093
:10541000E0626068E96808442063D4E90B10401A30
:10542000A062607802283CD1002F3AD0E06A059053
:105430002FE09DF8000000B931E0DDE90201C4E988
:10544000060105982062E06A1830E062216B04983A
:10545000081A2063059818300590A16A049818303E
:10546000814205D9A16A04981830081AA06210E098
:105470000DA0F3F747FF10A02968F3F743FF2DA015
:10548000DDE90421F3F73EFF0020A0624FF002089F
:1054900005E06946284600F0DBF90028C9D000BFC6
:1054A00000BF404666E700005B466C61736844429B
:1054B0005D5B74736C5D00005B25735D2000000014
:1054C0002E2E5C436F6D70656E74735C4D6F6475EA
:1054D0006C65735C466C61736844422D312E312ECD
:1054E000325C7372635C6664625F747364622E63C1
:1054F000000000002825733A2564292000000000E0
:10550000E5790108736563746F72000028257329BB
:105510002068617320617373657274206661696CC1
:1055200065642061742025732E0A000054534C30AA
:10553000300000004572726F723A207468697320FF
:1055400054534C2028307825303858292073697AF4
:10555000652028257529206973206F7574206F6672
:1055600020626F756E642E0A00000000FEB50446CE
:105570000D4616461F4625A103C9CDE90101280C99
:105580008DF80500280A8DF80600E8B28DF80700AE
:1055900054B9204820A322A24FF4AD71009028A056
:1055A00001F0C2F800BFFEE7B5F1807F0AD31948C9
:1055B00031A31BA240F25B11009021A001F0B4F8CE
:1055C00000BFFEE756B913482FA315A24FF4AE71E2
:1055D00000901BA001F0A8F800BFFEE7606A50B978
:1055E0000C482CA30EA240F25D11009014A001F013
:1055F0009BF800BFFEE700973346052201A904F19E
:105600002000D4F824C0E047FEBD00005A0000008E
:10561000FF00000038840108666C617368000000B8
:105620002825732920686173206173736572742063
:105630006661696C65642061742025732E0000002A
:105640002E2E5C436F6D70656E74735C4D6F647568
:105650006C65735C466C61736844422D312E312E4B
:10566000325C736675645C7372635C736675645FE9
:10567000736664702E63000061646472203C2031A4
:105680004C203C3C20323400726561645F62756678
:1056900000000000666C6173682D3E7370692E77A0
:1056A000720000007FB5054605F144040026002085
:1056B000029003904DB9264826A328A26D210090A0
:1056C0002EA001F031F800BFFEE700202070082373
:1056D00002AA31462846FFF749FF28B135A001F05C
:1056E00047F8002004B070BD9DF8080053280BD186
:1056F0009DF80900462807D19DF80A00442803D1E7
:105700009DF80B00502806D0324A7A211BA001F0E8
:105710000BF80020E6E79DF80C00A0709DF80D0046
:1057200060706078012806DDA27861782AA001F017
:105730001FF80020D6E79DF80E00A178CDE90010F3
:10574000637833A283210DA000F0EEFF0120C9E7AA
:1057500004840108666C61736800000028257329C1
:105760002068617320617373657274206661696C6F
:1057700065642061742025732E0000002E2E5C438A
:105780006F6D70656E74735C4D6F64756C65735C82
:10579000466C61736844422D312E312E325C736643
:1057A00075645C7372635C736675645F7366647062
:1057B0002E6300004572726F723A2043616E277447
:1057C00020726561642053464450206865616465B9
:1057D000722E0000348F01084572726F723A2054A5
:1057E00068697320726576657273696F6E285625D5
:1057F000642E2564292053464450206973206E6F1F
:105800007420737570706F727465642E00000000F0
:10581000436865636B205346445020686561646546
:1058200072206973204F4B2E205468652072657674
:10583000657273696F6E206973205625642E256426
:105840002C204E504E2069732025642E000000004D
:1058500030B587B005460C4618236A46284661696C
:10586000F6F782FF06216846F6F7B2FF207020782F
:10587000012801D0207840B9E86E20614FF0FF3157
:10588000A1610021A160E16007E004982061059911
:10589000A161DDE90201C4E90201002007B030BDC9
:1058A0001FB5002000900190029003908DF8000039
:1058B00001236A460D215120FDF7F9FB1FBD0000B1
:1058C0002DE9FC410546002405F1200655B9214883
:1058D00021A323A240F23531009029A000F024FF3B
:1058E00000BFFEE766208DF804000020009003460C
:1058F000012201A930467768B847044624B92846F2
:1059000001F028FE044605E02AA000F031FF204601
:10591000BDE8FC8199208DF8050000200090034629
:1059200001220DF1050130467768B84704461CB9DD
:10593000284601F00FFE044634B927A24FF45271F5
:105940000FA000F0F1FE02E01AA000F011FF2046C7
:10595000DEE7000073830108666C61736800000075
:105960002825732920686173206173736572742020
:105970006661696C65642061742025732E000000E7
:105980002E2E5C436F6D70656E74735C4D6F647525
:105990006C65735C466C61736844422D312E312E08
:1059A000325C736675645C7372635C736675642ED7
:1059B000630000004572726F723A20466C61736832
:1059C000206465766963652072657365742066611D
:1059D000696C65642E000000466C61736820646524
:1059E000766963652072657365742073756363659A
:1059F00073732E004FF4966000BF011EA0F10100EA
:105A0000FBD1704710B540210948F3F766FF052028
:105A1000F5F722FB40210648F3F769FFC820F5F7A8
:105A20001BFB0448007820F001000249087010BDFB
:105A300000080048101400202DE9F84F06460C46D7
:105A400015461F46DDE90B8BDDF828A06068009045
:105A50004FF0000900BF0023224630460099FFF7AF
:105A60005BFC15B16078A84212D1BBF1000F05D0E4
:105A70000123224630460099FFF74EFCB8F1000F93
:105A800006D0524639462046C04708B100F00DB84E
:105A9000F06881444A4621463046FDF729F90090D6
:105AA000401C0028D7D100BFF0E718BCBDE8E08F4C
:105AB00010B5FDF7A9F8012802D1002000F026FA60
:105AC000FDF7D0F810B9012000F032FA00BFFDF761
:105AD00079F80028FBD0EFF715FB564856490A889D
:105AE00002808978817000205249C870534800783C
:105AF000087152480078401C50490870504802789C
:105B000050494C48401DEEF733FC4D480078401D8D
:105B10004849A1F800011420FEF7CEFB4548B0F833
:105B20000011F5F7ABFA4348B0F80021014646A052
:105B3000F1F7A0F91420FEF7BFFBFDF74BF838B1E1
:105B400043A145A0F3F7DEFB45A0F3F7DBFB04E040
:105B5000FDF762F8002854D000BF3DA13EA0F3F746
:105B6000D1FB45A0F3F7CEFB4D48FEF751FA0446B2
:105B700033480078401C844210DB012230494848F9
:105B8000FEF740FB2E4802782E494548FEF73AFBC7
:105B900044480078401C4349087006E042A12EA00A
:105BA000F3F7B0FB42A0F3F7ADFB24480078401EAA
:105BB000224908704348007B401C4249087308464C
:105BC000007B05281CDB002008733F48007820F08C
:105BD00001003D490870022081F84700002081F84B
:105BE00048003A48006800F5E1603949086039A189
:105BF00019A0F3F787FB3648016837A0F3F782FB5B
:105C000010BD00202F49087332A113A0F3F77AFBCF
:105C100039A0F3F777FB41F288300649A1F8040177
:105C20002848807B052802DA05202649887300BFB2
:105C3000E6E70000F80A0020907701081F00002026
:105C40001C0000206407002053656E640000000003
:105C50005741524E000000000A5B25735D000000B2
:105C600057616974204275737920494F2054696DDA
:105C7000656F7574000000004C6F52612053656EB3
:105C80006444617461204661696C2C2057726974A8
:105C900065204461746520546F204361636865002A
:105CA00044060020100000204552524F52000000D0
:105CB0004C77726220416C72656164792046756C24
:105CC0006C000000340A0020101400204400002062
:105CD0004C0100204C4F47005570646174652052A0
:105CE00065636F6E6E6563742054696D657374616E
:105CF0006D703A20256C64004C6F52612053656EC4
:105D000064446174612053756363657373000000BC
:105D10002DE9F0412DED028B06460C46012526703B
:105D2000422E6DD00EDC3C2E39D006DC012E16D072
:105D3000022E1AD0032E6FD121E0402E54D0412ED6
:105D4000F9D157E08A2E69D004DC432E5ED0862E2E
:105D5000F1D11AE08D2E75D0FF2EECD1BBE00D20D5
:105D60006070A070A81CC5B2BBE061480168C4F8AF
:105D700001108088A4F80500A81DC5B2B1E05D48F7
:105D800000786070681CC5B2ABE05B48408A0012C6
:105D900060705948807CA070A81CC5B2A1E056482C
:105DA0008079C0F38010607053488079C0F3001090
:105DB000A0705148808A0012E0704F48007D207129
:105DC0004D488079C00960714B488079C0F340101C
:105DD000A0714948C08A0012E0714748807D207256
:105DE00005F10800C5B27CE04348C0796070681CCA
:105DF000C5B276E04048007A6070681CC5B270E0B9
:105E00003D48407A6070681CC5B26AE03A48807AC2
:105E10006070681CC5B264E062E0FFE700273648A6
:105E200090ED060A10EE101A0846EEF7B8FD41ECA8
:105E3000180B9FED320B53EC102BEEF7C3FD02D184
:105E400019273CE03FE02C4890ED060A10EE101AAE
:105E50000846EEF7A4FD41EC180B9FED2A0B53EC1E
:105E6000102BEEF7AFFD01D11A2728E0224890ED64
:105E7000060AF2EE0A0AB4EEE00AF1EE10FA07D2D0
:105E800090ED060ABCEEC00A10EE100AC7B216E08A
:105E9000194890ED060AF3EE080AB4EEE00AF1EEB6
:105EA00010FA0CD290ED060AF2EE080A30EE600A03
:105EB000B1EE400ABCEEC00A10EE100AC7B267701D
:105EC000681CC5B20DE00C488079C0F3800060709A
:105ED000681CC5B205E0FF206070681CC5B200E018
:105EE00000BF00BF2846BDEC028BBDE8F08100007A
:105EF0001514002000000020340A002000000000DB
:105F000000000C40000000000000164010B50446E0
:105F100024B980210548F3F7E0FC03E08021034821
:105F2000F3F7E5FC0520F5F797F810BD00080048E9
:105F300010B5044634B94FF480714FF09040F3F738
:105F4000CCFC05E04FF480714FF09040F3F7CFFCAC
:105F50000520F5F781F810BD2DE9FC4104460D46FA
:105F6000002654B91E481FA320A240F29B31009086
:105F700026A000F0D9FB00BFFEE70121204600F07B
:105F800025F9064616B13046BDE8FC8115B1B720AB
:105F9000019001E0E92001900020009003460122D9
:105FA00001A904F12000676AB84706466EB984F873
:105FB00035500DB122A000E023A0034624A240F2F8
:105FC000AD3112A000F0B0FB07E00DB11CA000E065
:105FD0001DA0014627A000F0CBFB3046D4E700000F
:105FE00099830108666C6173680000002825732995
:105FF0002068617320617373657274206661696CD7
:1060000065642061742025732E0000002E2E5C43F1
:106010006F6D70656E74735C4D6F64756C65735CE9
:10602000466C61736844422D312E312E325C7366AA
:1060300075645C7372635C736675642E6300000044
:10604000456E7465720000004578697400000000B8
:10605000257320342D427974652061646472657300
:1060600073696E67206D6F64652073756363657314
:10607000732E00004572726F723A20257320342D02
:10608000427974652061646472657373696E672018
:106090006D6F6465206661696C65642E00000000A8
:1060A0001FB500200090019002900390464BDA68E3
:1060B0001B69591C444B586901F0C4FA4249886174
:1060C00008464069A0F5FA600A21B0FBF1F201FB35
:1060D00012013D484069A0F5FA600A22B0FBF2F0D7
:1060E00041EA0010C0B28DF8080037480069401C32
:1060F0000A21B0FBF1F201FB120133480069401C98
:106100000A22B0FBF2F041EA0010C0B28DF807009D
:106110002D4880690A21B0FBF1F201FB12002A49E7
:1061200089690A22B1FBF2F140EA0110C0B28DF890
:1061300006002548C0680A21B0FBF1F201FB1200FD
:106140002149C9680A22B1FBF2F140EA0110C0B24C
:106150008DF805001C4880680A21B0FBF1F201FBB4
:106160001200194989680A22B1FBF2F140EA0110D4
:10617000C0B28DF80400144840680A21B0FBF1F267
:1061800001FB1200104949680A22B1FBF2F140EA12
:106190000110C0B28DF803000B4800680A21B0FB63
:1061A000F1F201FB1200084909680A22B1FBF2F181
:1061B00040EA0110C0B28DF802000F236A460021A8
:1061C0005120FCF774FF1FBDCC0A0020FEB5044629
:1061D0000D46002654B91D481DA31FA240F272317E
:1061E000009025A000F0A0FA00BFFEE715B1062040
:1061F000029001E00420029000200090034601225A
:1062000002A904F12000676AB847064626B901A929
:10621000204600F0DBFB0646AEB94DB19DF8040008
:1062200000F0020020B921A000F0A2FA0220FEBD79
:106230004DB99DF8040000F0020020B124A000F048
:1062400097FA0220F3E73046F1E700008783010860
:10625000666C6173680000002825732920686173EB
:1062600020617373657274206661696C6564206176
:10627000742025732E0000002E2E5C436F6D706518
:106280006E74735C4D6F64756C65735C466C6173A2
:106290006844422D312E312E325C736675645C7316
:1062A00072635C736675642E630000004572726FE2
:1062B000723A2043616E277420656E61626C6520BE
:1062C0007772697465207374617475732E000000B1
:1062D0004572726F723A2043616E2774206469734D
:1062E00061626C652077726974652073746174757E
:1062F000732E00002DE9FC410546002605F120041F
:1063000055B92F482FA331A240F2C111009037A0F8
:1063100000F00AFA00BFFEE795F8340050B92848AB
:106320003FA32AA240F2C311009030A000F0FCF974
:1063300000BFFEE7A06810B12046A1688847012190
:106340002846FFF743FF064606B12CE0C7208DF82C
:106350000400287D00F0080090B194208DF805001D
:1063600080208DF806009A208DF80700002000900C
:106370000346042201A920466768B847064608E09C
:10638000002000900346012201A920466768B84713
:1063900006461EB126A000F0EBF904E0284601F005
:1063A000D9F8064600BF00212846FFF70FFFE06836
:1063B00010B12046E16888473046BDE8FC81000006
:1063C00036830108666C6173680000002825732914
:1063D0002068617320617373657274206661696CF3
:1063E00065642061742025732E0000002E2E5C430E
:1063F0006F6D70656E74735C4D6F64756C65735C06
:10640000466C61736844422D312E312E325C7366C6
:1064100075645C7372635C736675642E6300000060
:10642000666C6173682D3E696E69745F6F6B000006
:106430004572726F723A20466C61736820636869B6
:10644000702065726173652053504920636F6D6DD4
:10645000756E6963617465206572726F722E0000DB
:1064600070B5044600252046FCF764FC05461DB9BE
:10647000204600F049FC05463DB9012084F834006F
:1064800006A0216800F074F906E0002084F83400CA
:106490000CA0216800F06CF9284670BD25732066B9
:1064A0006C6173682064657669636520697320692F
:1064B0006E697469616C697A65207375636365736D
:1064C000732E00004572726F723A20257320666C3D
:1064D0006173682064657669636520697320696EFD
:1064E000697469616C697A65206661696C2E000067
:1064F0002DE9FF5F04460E4617464FF0000904F1F0
:10650000200854B9554856A357A240F2FD110090F7
:106510005DA000F009F900BFFEE794F8340050B91F
:106520004E4866A350A240F2FF11009056A000F022
:10653000FBF800BFFEE7F1192069814206D963A08C
:1065400000F016F9052004B000F0EAB836B9206969
:10655000B84203D12046FFF7CDFEF4E7D8F8080093
:1065600018B14046D8F80810884766E094F844000F
:1065700070B13A463146204600F084FA824604F172
:10658000540101EBCA0090F804B051F83A5002E00F
:1065900094F81CB0A56901212046FFF717FE81463B
:1065A000B9F1000F00D04BE08DF808B00DF10902F1
:1065B00031462046FDF7DCFE94F8350008B1052091
:1065C00000E004200190002000900346D8F804C0A9
:1065D00002A94046019AE0478146B9F1000F03D075
:1065E00044A000F0C5F82BE0204600F0B3FF814640
:1065F000B9F1000F00D023E0B6FBF5F005FB106009
:10660000A0B1B6FBF5F005FB1060281AB8420CD219
:10661000B6FBF5F005FB1060281A3F1AB6FBF5F043
:1066200005FB1060281A064406E009E0AF4202D9D3
:106630007F1B2E4400E003E000BF002F96D100BF77
:1066400000212046FFF7C2FDD8F80C0018B14046E3
:10665000D8F80C108847484675E7000046830108C3
:10666000666C6173680000002825732920686173D7
:1066700020617373657274206661696C6564206162
:10668000742025732E0000002E2E5C436F6D706504
:106690006E74735C4D6F64756C65735C466C61738E
:1066A0006844422D312E312E325C736675645C7302
:1066B00072635C736675642E63000000666C6173C0
:1066C000682D3E696E69745F6F6B00004572726F72
:1066D000723A20466C6173682061646472657373FA
:1066E000206973206F7574206F6620626F756E6409
:1066F0002E0000004572726F723A20466C6173681A
:106700002065726173652053504920636F6D6D750C
:106710006E6963617465206572726F722E0000008D
:1067200030BCBDE8C09F00000FB438B504460D462C
:1067300007A800904FF480710748009B069AF5F770
:10674000FFFE00200090044B2A46214603A0F2F7EA
:10675000D9FD38BC5DF814FB791500200D0A5B5398
:106760004655445D2825733A256C6429202573001D
:106770000FB408B503A800904FF480710648009B41
:10678000029AF5F7DDFE00200090034903A0F2F71E
:10679000B9FD01B05DF814FB791500200D0A5B53BB
:1067A0004655445D202573002DE9FE4F04460F46F3
:1067B000164698464FF0000904F1200554B92E48BA
:1067C0002EA330A24FF4C871009036A0FFF7ACFFA3
:1067D00000BFFEE7B8F1000F0AD127483EA329A267
:1067E00040F2911100902FA0FFF79EFF00BFFEE73F
:1067F00094F8340050B9204839A322A240F29311F2
:10680000009028A0FFF790FF00BFFEE7B9192069AC
:10681000814205D936A0FFF7ABFF052000F07CB818
:10682000A86810B12846A9688847204600F092FE63
:106830008146B9F1000F18D103208DF804000DF145
:10684000050239462046FDF793FD94F8350008B15E
:10685000052000E00420824600964346524601A9E6
:106860002846D5F804C0E0478146E86810B12846BC
:10687000E96888474846D1E72C830108666C617354
:1068800068000000282573292068617320617373F4
:10689000657274206661696C65642061742025737B
:1068A0002E0000002E2E5C436F6D70656E74735C5D
:1068B0004D6F64756C65735C466C61736844422D02
:1068C000312E312E325C736675645C7372635C7357
:1068D0006675642E6300000064617461000000004E
:1068E000666C6173682D3E696E69745F6F6B000042
:1068F0004572726F723A20466C61736820616464FD
:1069000072657373206973206F7574206F662062DF
:106910006F756E642E0000001EBCBDE8E08F0000A5
:106920003EB504464CB90F480FA311A25121009067
:1069300017A0FFF7F9FE00BFFEE72046FEF7B2FE04
:1069400048B101A92046FEF71BF820B101A9204655
:10695000FEF7D8F83EBD1C482168FFF709FF00206C
:10696000F8E70000F5830108666C617368000000B9
:106970002825732920686173206173736572742000
:106980006661696C65642061742025732E000000C7
:106990002E2E5C436F6D70656E74735C4D6F647505
:1069A0006C65735C466C61736844422D312E312EE8
:1069B000325C736675645C7372635C736675645F86
:1069C000736664702E630000808F01087CB50446F6
:1069D0000D460520019054B9104811A312A24FF49E
:1069E0007071009018A0FFF79FFE00BFFEE755B939
:1069F0000A4822A30CA240F2C131009012A0FFF776
:106A000093FE00BFFEE7012000902B46024601A93D
:106A100004F12000666AB0477CBD0000B183010824
:106A2000666C617368000000282573292068617313
:106A300020617373657274206661696C656420619E
:106A4000742025732E0000002E2E5C436F6D706540
:106A50006E74735C4D6F64756C65735C466C6173CA
:106A60006844422D312E312E325C736675645C733E
:106A700072635C736675642E6300000073746174E6
:106A8000757300002DE9F84305460E4617464FF092
:106A9000000895F8440000280AD1194819A31FA23C
:106AA0004FF4B771009025A0FFF73EFE00BFFEE750
:106AB000686DB6FBF0F100FB116010B10020BDE87D
:106AC000F883032400BF05F1540050F8340080B16E
:106AD00005F1540050F83400B8420AD805F15400CA
:106AE00050F83400B6FBF0F100FB116008B9A04685
:106AF00003E004B901E0641EE5E700BF4046DEE7BD
:106B000047840108666C6173682D3E736664702E5D
:106B1000617661696C61626C6500000028257329EB
:106B20002068617320617373657274206661696C9B
:106B300065642061742025732E0000002E2E5C43B6
:106B40006F6D70656E74735C4D6F64756C65735CAE
:106B5000466C61736844422D312E312E325C73666F
:106B600075645C7372635C736675645F736664708E
:106B70002E63000070B504460025084800F006F9B1
:106B8000074961620749A1620749E162034921633C
:106B90000648A0630649E163284670BDD401002081
:106BA000B16D0108A96D0108AD6D0108F559010825
:106BB000C02709002DE9F84304460E4617461D4636
:106BC0004FF00008207D00F0010048B14FF48073C1
:106BD0003A46314620460095FDF7DCFC80460CE045
:106BE000207D00F0040038B12B463A46314620465D
:106BF000F6F7CEFC804600E000BF4046BDE8F883D3
:106C00002DE9FC4104460F469046002504F120067C
:106C100054B91B481BA31DA24FF47E71009023A002
:106C2000FFF782FD00BFFEE76FB150208DF8040032
:106C3000002000900346012201A93046D6F804C086
:106C4000E047054604E001212046FFF7BFFA05466C
:106C500075B901208DF804008DF8058000200090A2
:106C60000346022201A93046D6F804C0E047054693
:106C700015B11BA0FFF77CFD2846BDE8FC81000094
:106C8000E3830108666C617368000000282573299E
:106C90002068617320617373657274206661696C2A
:106CA00065642061742025732E0000002E2E5C4345
:106CB0006F6D70656E74735C4D6F64756C65735C3D
:106CC000466C61736844422D312E312E325C7366FE
:106CD00075645C7372635C736675642E6300000098
:106CE0004572726F723A2057726974655F7374618E
:106CF0007475732072656769737465722066616963
:106D00006C65642E0000000038B50446002554B9B7
:106D1000064807A308A24FF4BE7100900EA0FFF72B
:106D200003FD00BFFEE7284638BD00001E830108B2
:106D3000666C617368000000282573292068617300
:106D400020617373657274206661696C656420618B
:106D5000742025732E0000002E2E5C436F6D70652D
:106D60006E74735C4D6F64756C65735C466C6173B7
:106D70006844422D312E312E325C736675645C732B
:106D800072635C736675642E6300000070470000D8
:106D900010B50448FFF764FB08B9002010BD4FF0A0
:106DA000FF30FBE7E001002072B6704762B6704723
:106DB0002DE9F84F80460D4616461C460A9F4FF0B7
:106DC0000009D8F810A0002E0AD04DB9114812A31E
:106DD00014A2492100901BA0FFF7A6FC00BFFEE70C
:106DE00057B14CB90B4825A30EA24D21009015A018
:106DF000FFF79AFC00BFFEE7FF2239462046EDF779
:106E0000CBFABBB2B1B222462846F4F73DFF484662
:106E100000F03AB89984010877726974655F627509
:106E20006600000028257329206861732061737350
:106E3000657274206661696C6564206174202573D5
:106E40002E0000002E2E5C436F6D70656E74735CB7
:106E50004D6F64756C65735C466C61736844422D5C
:106E6000312E312E325C736675645C706F72745CA7
:106E7000736675645F706F72742E6300726561640F
:106E80005F6275660000000018BCBDE8E08F00007E
:106E900070B54348F3F764F800F00F054048F3F786
:106EA0005FF8C0F3031000EB800005EB4000C0B2B8
:106EB0003C4988613A48F3F758F800F00F05384824
:106EC000F3F753F8C0F3031000EB800005EB40002C
:106ED000C0B200F5FA60334948613148F3F73BF836
:106EE00000F00F052E48F3F736F8C0F3031000EB5F
:106EF000800005EB4000C0B2401E2A4908612848C6
:106F0000F3F724F800F00F052548F3F71FF8C0F356
:106F1000031000EB800005EB4000C0B22149C860BF
:106F200000BF00201E4909681F4A01EA0200C0F3A1
:106F30000341020D41EA02110904C0F30322C0F328
:106F4000023342EA031241EA0221C0F3021302466D
:106F500063F31F1211430C46C4F30340210D01EBF0
:106F6000810100EB41000F498860C4F30320C4F3A2
:106F70000721090901EB810100EB4100C0B2094979
:106F8000486004F00F00C4F3031101EB810100EB32
:106F90004100C0B203490860FBF76AFE70BD000003
:106FA00000280040CC0A00207F7F3F0000B585B05C
:106FB000D0488079C0F3C00008B105B000BDCD480D
:106FC0000079C0F3801000287DD1CB48B0F80401CF
:106FD0000028F9D1C748807B0028F5D1C748007840
:106FE0000028F1D1C64800780028EDD1C148407989
:106FF000C0F340100028E7D1BE488079C0F3C0003C
:107000000028E1D1BF48007800F0010038B1BE4847
:10701000007820B9B748807900F0010070B1B94814
:1070200090F84700022803D1B64890F8480028B1EC
:10703000B0488079C0F380000028C5D1FBF712FE6C
:10704000012802D10020FEF773FFFDF799FAA94845
:107050008079C0F3800010B1FCF7FAFE15E0ABA117
:10706000ABA0F2F74FF9AC480068AB494968AA4AAF
:107070009268CDE900210290A748C3680069421CCC
:10708000A5484169A5A0F2F73DF9B448F3F7ACF97A
:10709000EFF786FDF4F74EFD0821B148F2F717FC33
:1070A0004FF48041AF48F2F712FC0221AC48F2F7EE
:1070B0000EFC0421AA48F2F70AFC4FF48051A948BB
:1070C000F2F705FC00E012E14FF40051A548F2F799
:1070D000FEFB4FF40041A348F2F7F9FB0121A14860
:1070E000F2F7FFFB02219F48F2F7FBFB02214FF072
:1070F0009040F2F7ECFB10219A48F2F7E8FB7D484C
:10710000407920F00200801C7A49487108460079D5
:1071100020F0020008710846007920F00100087193
:107120000846007920F080000871F0F7C3FBEFF704
:10713000C3FC10214FF47A70F5F702F9F4F71CFD47
:1071400000BF4AF6AA208849086000BF6948007954
:1071500000F0010068B16748007920F0010065493E
:1071600008716AA16AA0F2F7CDF880A0F2F7CAF818
:1071700095E060480079C0F34000E8B163A164A0E5
:10718000F2F7C0F87FA0F2F7BDF85A48007920F076
:107190000200584908715B48007800F0010000289F
:1071A0007DD108468079C0F38000002877D0012087
:1071B000544981F8480072E04E480079C0F38000DD
:1071C00068B152A152A0F2F79DF874A0F2F79AF8B4
:1071D0004848007920F00400464908715FE04548BE
:1071E0000079C0F3C00068B148A149A0F2F78AF85D
:1071F00071A0F2F787F83F48007920F008003D4978
:1072000008714CE03B480079C0F3001068B13FA121
:107210003FA0F2F777F86FA0F2F774F835480079DD
:1072200020F010003349087139E032480079C0F38A
:10723000401068B135A136A0F2F764F86CA0F2F7FF
:1072400061F82C48007920F020002A49087126E0D6
:1072500028480079C0F3801038B12CA12CA0F2F797
:1072600051F86AA0F2F74EF819E02248407900F090
:10727000010068B11F48407920F001001D494871A4
:1072800022A123A0F2F73EF866A0F2F73BF806E051
:107290001EA11FA0F2F736F86AA0F2F733F81548DE
:1072A0008079C0F3800020B94FF4FA706C490880EF
:1072B0001DE0FDF7BFFF15A115A0F2F723F86948FF
:1072C00003681548806914490968134A5268CDE972
:1072D0000303CDE901211048806800900E48C3687F
:1072E0000069421C0C4841695F48F2F70BF800BF87
:1072F00063E60000340A0020F80A00201D00002088
:107300001E00002010140020100000204C4F4700E9
:107310000A5B25735D000000CC0A0020456E746591
:10732000722044656570536C656570204D6F6465AF
:107330002C2054696D65204E6F773A2025303464D7
:107340002D253032642D253032643A253032643AAE
:10735000253032643A253032640000000044014098
:107360000008004800040048003000404465766989
:1073700063652057616B652055702046726F6D20E4
:10738000525443004465766963652057616B6520FC
:1073900055702046726F6D205643530044657669E0
:1073A00063652057616B652055702046726F6D20B4
:1073B00050756C73653100004465766963652057CC
:1073C000616B652055702046726F6D2050756C732F
:1073D000653200004465766963652057616B6520FE
:1073E00055702046726F6D20496E7365727431005E
:1073F0004465766963652057616B6520557020464A
:10740000726F6D20496E73657274320044657669DF
:1074100063652057616B652055702046726F6D2043
:10742000424C45004465766963652057616B652071
:1074300055702046726F6D204C6F5261204D6F6405
:10744000650000004465766963652057616B6520BF
:1074500055702046726F6D20556E6B6E6F776E00A3
:1074600020000020440000209888010810B513482F
:107470000068134988421DD22C211248ECF793FF73
:1074800040F2E7700F4948610A2008611D20C8607A
:107490000B208860062048600B46DA681B69591C7F
:1074A000084B586900F0CEF806498861FBF7E0FB0D
:1074B000FEF7F6FDF4F742FA10BD0000440000208C
:1074C000805CB063CC0A002010B592B00446002066
:1074D00005901149CDE900012346024604A9029016
:1074E0002046FEF7A9FA002020670021E16221660C
:1074F0006166002304F128022046E16AFDF70CFFD3
:1075000006A0F1F7FFFE09A02168F1F7FBFE09A034
:10751000F1F7F8FE12B010BD71F700085B466C6120
:10752000736844425D5B74736C5D00005B25735D42
:1075300020000000416C6C20736563746F722066DC
:107540006F726D61742066696E69736865642E0A76
:10755000000000002DE9FC4104460025E76B54B90A
:10756000164817A318A240F2CB3100901EA0FFF7D7
:10757000DBF800BFFEE713E001A92046FFF726FA7B
:1075800005462DB99DF8040000F0010000B908E09F
:10759000A66B0FB9042504E006B1B0477F1E00BFFB
:1075A000EAE700BF25B99DF8040000F0010010B122
:1075B0001AA0FFF7DDF82846BDE8FC81C283010868
:1075C000666C617368000000282573292068617368
:1075D00020617373657274206661696C65642061F3
:1075E000742025732E0000002E2E5C436F6D706595
:1075F0006E74735C4D6F64756C65735C466C61731F
:107600006844422D312E312E325C736675645C7392
:1076100072635C736675642E630000004572726F5E
:10762000723A20466C6173682077616974206275D4
:1076300073792068617320616E206572726F722E9B
:10764000000000002DE9F04F03460C461646254683
:10765000B046022D01DC5B1E0C35642093FBF0F17B
:1076600093FBF0FC00FB1C3205F1010909EB890AD0
:107670000AEBC9094FF0050A99FBFAF94FEAE17ADA
:1076800001EB9A7A4FEAAA0A4FF0020B0BFB11AA00
:1076900092444FEAE27B02EB9B7B0AEBAB0AD144BC
:1076A000C144A9F10107072097FBF0FC00FB1C7007
:1076B00000F000B830BCBDE8C08F000070B50446D3
:1076C0000D4616461248006830B9124A12A115A09C
:1076D000F1F718FE00BFFEE70D48006890F834008F
:1076E00030B90C4A17A10FA0F1F70CFE00BFFEE75E
:1076F0001948806901192B46324605480068FFF792
:1077000059FA10B14FF0FF3070BD3046FCE7000071
:10771000880100205A7F0108736675645F6465768E
:1077200000000000282573292068617320617373AD
:10773000657274206661696C6564206174202573CC
:107740002E0A0000736675645F6465762D3E696E6F
:1077500069745F6F6B0000008C010020081C3044CE
:10776000586C80000000000404043C3C0000080049
:1077700000000800080000080000000800000002E7
:107780000406080A0C101400010203040506080A86
:10779000686B7400081C3044586C800000000004C2
:1077A00004043C3C00000800000008000800000839
:1077B00000000008000000020406080A0C10140073
:1077C000010203040506080AFFFF00000300000091
:1077D00002000000000000000000000000000000A7
:1077E000081C3044586C80000000000404043C3C39
:1077F0000000080000000800080000080000000861
:10780000000000020406080A0C1014000102030420
:107810000506080A1F0000001C0000001F000000F1
:107820001E0000001F0000001E0000001F000000DE
:107830001F0000001E0000001F0000001E000000CE
:107840001F000000081C3044586C80000000000439
:1078500004043C3C00000800000008000800000888
:1078600000000008000000020406080A0C101400C2
:10787000010203040506080A081C3044586C800005
:107880000000000404043C3C000008000000080064
:107890000800000800000008000000020406080AB2
:1078A0000C101400010203040506080AFFFF000083
:1078B00003000000020000000000000000000000C3
:1078C0000000000053706933577269746552656136
:1078D000644E4279746500081C3044586C80000086
:1078E00000000404043C3C000008000000080008FC
:1078F00000000800000008000000020406080A0C4E
:10790000101400010203040506080A666C6173681E
:107910005F64625F696E697400000000000000002F
:10792000000000000102030406070809000000002F
:1079300001020304A0860100400D0300801A060026
:1079400000350C0040420F0080841E0000093D00FD
:1079500000127A000024F40000366E010048E801AD
:10796000006CDC02081C3044586C800000000004ED
:1079700004043C3C00000800000008000800000867
:1079800000000008000000020406080A0C101400A1
:10799000010203040506080A5F6664625F696E6996
:1079A000745F6578005F6664625F6465696E6974C0
:1079B00000081C3044586C80000000000404043CA3
:1079C0003C0000080000000800080000080000005B
:1079D00008000000020406080A0C1014000102034B
:1079E000040506080A726561645F736563746F72EB
:1079F0005F696E666F00666F726D61745F73656359
:107A0000746F720074736C5F617070656E64006691
:107A100064625F747364625F636F6E74726F6C0034
:107A20006664625F747364625F696E69740000000B
:107A3000081C3044586C80000000000404043C3CE6
:107A4000000008000000080008000008000000080E
:107A5000000000020406080A0C10140001020304CE
:107A60000506080A00000000963007772C610EEE2C
:107A7000BA51099919C46D078FF46A7035A563E985
:107A8000A395649E3288DB0EA4B8DC791EE9D5E0AC
:107A900088D9D2972B4CB609BD7CB17E072DB8E7AB
:107AA000911DBF906410B71DF220B06A4871B9F300
:107AB000DE41BE847DD4DA1AEBE4DD6D51B5D4F439
:107AC000C785D38356986C13C0A86B647AF962FD9E
:107AD000ECC9658A4F5C0114D96C0663633D0FFAEB
:107AE000F50D088DC8206E3B5E10694CE44160D5F1
:107AF000727167A2D1E4033C47D4044BFD850DD2DB
:107B00006BB50AA5FAA8B5356C98B242D6C9BBDBED
:107B100040F9BCACE36CD832755CDF45CF0DD6DCE8
:107B2000593DD1ABAC30D9263A00DE518051D7C88F
:107B30001661D0BFB5F4B42123C4B3569995BACF1A
:107B40000FA5BDB89EB802280888055FB2D90CC63B
:107B500024E90BB1877C6F2F114C6858AB1D61C1B4
:107B60003D2D66B69041DC760671DB01BC20D298D3
:107B70002A10D5EF8985B1711FB5B606A5E4BF9F60
:107B800033D4B8E8A2C9077834F9000F8EA8099653
:107B900018980EE1BB0D6A7F2D3D6D08976C6491BE
:107BA000015C63E6F4516B6B62616C1CD8306585D7
:107BB0004E0062F2ED95066C7BA5011BC1F40882B4
:107BC00057C40FF5C6D9B06550E9B712EAB8BE8BF5
:107BD0007C88B9FCDF1DDD62492DDA15F37CD38C7E
:107BE000654CD4FB5861B24DCE51B53A7400BCA37C
:107BF000E230BBD441A5DF4AD795D83D6DC4D1A4AE
:107C0000FBF4D6D36AE96943FCD96E34468867AD84
:107C1000D0B860DA732D0444E51D03335F4C0AAA23
:107C2000C97C0DDD3C710550AA41022710100BBE26
:107C300086200CC925B56857B3856F2009D466B96D
:107C40009FE461CE0EF9DE5E98C9D9292298D0B0A2
:107C5000B4A8D7C7173DB359810DB42E3B5CBDB74F
:107C6000AD6CBAC02083B8EDB6B3BF9A0CE2B603D0
:107C70009AD2B1743947D5EAAF77D29D1526DB0485
:107C80008316DC73120B63E3843B64943E6A6D0DD0
:107C9000A85A6A7A0BCF0EE49DFF099327AE000A1B
:107CA000B19E077D44930FF0D2A3088768F2011EAE
:107CB000FEC206695D5762F7CB67658071366C1945
:107CC000E7066B6E761BD4FEE02BD3895A7ADA1066
:107CD000CC4ADD676FDFB9F9F9EFBE8E43BEB71747
:107CE000D58EB060E8A3D6D67E93D1A1C4C2D838D1
:107CF00052F2DF4FF167BBD16757BCA6DD06B53F37
:107D00004B36B248DA2B0DD84C1B0AAFF64A033675
:107D1000607A0441C3EF60DF55DF67A8EF8E6E31F4
:107D200079BE69468CB361CB1A8366BCA0D26F253D
:107D300036E2685295770CCC03470BBBB91602228A
:107D40002F260555BE3BBAC5280BBDB2925AB42B9F
:107D5000046AB35CA7FFD7C231CFD0B58B9ED92CB4
:107D60001DAEDE5BB0C2649B26F263EC9CA36A7519
:107D70000A936D02A906099C3F360EEB85670772D0
:107D800013570005824ABF95147AB8E2AE2BB17B37
:107D9000381BB60C9B8ED2920DBED5E5B7EFDC7CBE
:107DA00021DFDB0BD4D2D38642E2D4F1F8B3DD6815
:107DB0006E83DA1FCD16BE815B26B9F6E177B06F10
:107DC0007747B718E65A0888706A0FFFCA3B0666FD
:107DD0005C0B0111FF9E658F69AE62F8D3FF6B618A
:107DE00045CF6C1678E20AA0EED20DD75483044E2C
:107DF000C2B30339612667A7F71660D04D476949BA
:107E0000DB776E3E4A6AD1AEDC5AD6D9660BDF40CC
:107E1000F03BD83753AEBCA9C59EBBDE7FCFB2477F
:107E2000E9FFB5301CF2BDBD8AC2BACA3093B35364
:107E3000A6A3B4240536D0BA9306D7CD2957DE546D
:107E4000BF67D9232E7A66B3B84A61C4021B685D46
:107E5000942B6F2A37BE0BB4A18E0CC31BDF055ABF
:107E60008DEF022D5F6664625F77726974655F7380
:107E70007461747573005F6664625F726561645FEC
:107E800073746174757300081C3044586C80000072
:107E900000000404043C3C00000800000008000846
:107EA00000000800000008000000020406080A0C98
:107EB000101400010203040506080A66616C5F697C
:107EC0006E697400081C3044586C80000000000487
:107ED00004043C3C00000800000008000800000802
:107EE00000000008000000020406080A0C1014003C
:107EF000010203040506080A8C01002066616C5F1C
:107F0000666C6173685F696E69740066616C5F6658
:107F10006C6173685F6465766963655F66696E64EA
:107F200000081C3044586C80000000000404043C2D
:107F30003C000008000000080008000008000000E5
:107F400008000000020406080A0C101400010203D5
:107F5000040506080A726561640077726974650039
:107F60006572617365000000081C3044586C800025
:107F70000000000404043C3C00000800000008006D
:107F80000800000800000008000000020406080ABB
:107F90000C101400010203040506080A3031504594
:107FA0006664625F74736462000000000000000099
:107FB00000000000000000006E6F72666C61736864
:107FC0003000000000000000000000000000000081
:107FD0000000000000000800000000006368656306
:107FE0006B5F616E645F7570646174655F70617210
:107FF000745F63616368650066616C5F7061727471
:108000006974696F6E5F66696E6400666C6173683F
:108010005F6465766963655F66696E645F62795FF8
:10802000706172740066616C5F6765745F70617225
:10803000746974696F6E5F7461626C650066616C0F
:108040005F7365745F706172746974696F6E5F7479
:1080500061626C655F74656D700066616C5F706114
:1080600072746974696F6E5F726561640066616CD9
:108070005F706172746974696F6E5F77726974653D
:108080000066616C5F706172746974696F6E5F65C0
:108090007261736500000000188F01080100000084
:1080A000208F010804000000648E01081C000000FD
:1080B000F08E01081F000000088F0108200000005A
:1080C0003C8E010837000000108F0108620000009C
:1080D000F88E010889000000748E01088C000000F1
:1080E000008F0108A1000000E88E0108AD0000002B
:1080F0007C8E0108BF000000DC8E0108C800000073
:10810000508E0108D5000000D48E0108EF00000059
:10811000288F0108C2000000448E01081F260000BD
:10812000000020000A0000000002000081000000A2
:10813000808E0108EF4013000000080001000000DD
:108140000010000020000000988E0108EF4015008C
:1081500000002000010000000010000020000000CE
:108160008C8E0108EF401600000040000100000066
:108170000010000020000000B08E0108EF40170042
:10818000000080000100000000100000200000003E
:10819000C88E0108EF601700000080000100000099
:1081A0000010000020000000A48E0108EF4018001D
:1081B000000000010100000000100000200000008D
:1081C000BC8E0108EF401900000000020100000011
:1081D0000010000020000000F48D0108BF258E0073
:1081E0000000100006000000001000002000000049
:1081F000248E0108BF254100000020000600000079
:108200000010000020000000E48D0108202016006E
:10821000000040000100000000000100D800000044
:10822000DC8D010820201400000010000100000077
:1082300000000100D8000000CC8D010820201300B0
:10824000000008000100000000000100D80000004C
:10825000008E01081C3016000000400001000000E4
:1082600000100000200000000C8E0108C84017001C
:10827000000080000100000000100000200000004D
:10828000308E0108C84015000000200001000000E9
:108290000010000020000000588E01080140150069
:1082A000000020000100000000100000200000007D
:1082B000688E010801021500000040000100000066
:1082C0000010000020000000D48D01083730140099
:1082D000000010000100000000100000200000005D
:1082E000EC8D01088C20130000000800060000003F
:1082F0000010000020000000188E0108BF2541007A
:108300000000200006000000001000002000000017
:1083100068617264776172655F696E697400736F1A
:108320006674776172655F696E69740073667564FF
:108330005F7265616400736675645F636869705F2E
:10834000657261736500736675645F6572617365FC
:1083500000706167653235365F6F725F315F6279D9
:1083600074655F7772697465006161695F777269CE
:10837000746500726573657400726561645F6A6537
:108380006465635F6964007365745F7772697465BF
:108390005F656E61626C6564007365745F345F6213
:1083A0007974655F616464726573735F6D6F646532
:1083B00000736675645F726561645F737461747580
:1083C0007300776169745F62757379006D616B65C5
:1083D0005F6164726573735F627974655F61727205
:1083E000617900736675645F77726974655F737431
:1083F0006174757300736675645F726561645F7341
:1084000066647000726561645F736664705F68655E
:108410006164657200726561645F62617369635F64
:1084200068656164657200726561645F6261736949
:10843000635F7461626C6500726561645F7366643A
:10844000705F6461746100736675645F7366647005
:108450005F6765745F7375697461626C655F65728F
:108460006173657200081C3044586C800000000085
:108470000404043C3C000008000000080008000060
:108480000800000008000000020406080A0C10148E
:1084900000010203040506080A7370695F777269B8
:1084A00074655F72656164001F1D1F1E1F1E1F1F04
:1084B0001E1F1E1F1F1C1F1E1F1E1F1F1E1F1E1FD5
:1084C00000404040404040404040414141414140E7
:1084D000404040404040404040404040404040409C
:1084E000400502020202020202020202020202022B
:1084F0000220202020202020202020020202020230
:108500000202909090909090101010101010101087
:108510001010101010101010101010100202020293
:1085200002028888888888880808080808080808D7
:1085300008080808080808080808080802020202D3
:1085400040000000C18401080D0A2A2A2A2A2A2A8A
:108550002A2A2A2A2A2A2A2A2A2A2A2A2A2A2A2A7B
:10856000205374617274205265616C205461736B86
:10857000202A2A2A2A2A2A2A2A2A2A2A2A2A2A2A65
:108580002A2A2A2A2A2A2A0D0A0000004150504B82
:1085900045593A2025303278202530327820253050
:1085A000327820253032782025303278202530323C
:1085B00078202530327820253032782025303278E6
:1085C000202530327820253032782025303278202E
:1085D0002530327820253032782025303278202519
:1085E000303278004E574B534B45593A20253032A4
:1085F00078202530327820253032782025303278A6
:1086000020253032782025303278202530327820ED
:1086100025303278202530327820253032782025D8
:1086200030327820253032782025303278202530BD
:108630003278202530327820253032780000000052
:10864000415050534B45593A20253032782025303F
:10865000327820253032782025303278202530328B
:108660007820253032782025303278202530327835
:10867000202530327820253032782025303278207D
:108680002530327820253032782025303278202568
:108690003032782025303278000000004150504BB5
:1086A00045593A20253032782530327825303278D5
:1086B00025303278253032782530327825303278BE
:1086C00025303278253032782530327825303278AE
:1086D000253032782530327825303278253032789E
:1086E00025303278000000002C4150504B45593A5B
:1086F000253032782530327825303278253032787E
:10870000253032782530327825303278253032786D
:10871000253032782530327825303278253032785D
:10872000253032782530327825303278253032784D
:10873000000000002C4E574B534B45593A25303220
:10874000782530327825303278253032782530322D
:10875000782530327825303278253032782530321D
:10876000782530327825303278253032782530320D
:108770007825303278253032782530327800000084
:108780002C415050534B45593A25303278253032E0
:1087900078253032782530327825303278253032DD
:1087A00078253032782530327825303278253032CD
:1087B00078253032782530327825303278253032BD
:1087C0007825303278253032780000000D0A2A2AC8
:1087D0002A2A2A2A2A2A2A2A2A2A2A2A2A2A2A2AF9
:1087E0002A2A2A2A2043757272656E742054617396
:1087F0006B20496E666F202A2A2A2A2A2A2A2A2AC8
:108800002A2A2A2A2A2A2A2A2A2A2A2A2A0D0A002F
:108810000D0A2A2A2A2A2A2A2A2A2A2A2A2A2A2AF5
:108820002A2A2A2A2A2A2A2A204E65787420546164
:10883000736B20496E666F202A2A2A2A2A2A2A2A3E
:108840002A2A2A2A2A2A2A2A2A2A2A2A2A2A0D0AC5
:10885000000000000D0A2A2A2A2A2A2A2A2A2A2A5D
:108860002A2A2A2A2A2A2A2A2A2A2A2A2A2A2A2A68
:108870002A2A2A2A2A2A2A2A2A2A2A2A2A2A2A2A58
:108880002A2A2A2A2A2A2A2A2A2A2A2A2A2A2A2A48
:108890002A2A2A0D0A00000052746320546F2053C4
:1088A000797374696D65204E6F77203A2530346492
:1088B0002D253032642D253032643A253032643A29
:1088C000253032643A253032642C207765656B3A66
:1088D00020253032642C2054696D657374616D708D
:1088E000203A256C640000005265616420466C618A
:1088F00073682044657669636520506172616D20FC
:10890000566F6C20436F6E74726F6C2053573A2011
:1089100025642C20506F7274204D6F64653A2025B9
:10892000642C20537461626C652054696D653A2033
:1089300025732C20506F776572204D6F64653A2047
:1089400025642C20506F776572204F4E3A202564A5
:108950000000000054696D657A6F6E655B25645D8B
:1089600020436F6E7665722054696D657374616D16
:108970007020546F2053797374696D65204E6F7742
:10898000203A253034642D253032642D2530326470
:108990003A253032643A253032643A253032642C3C
:1089A000207765656B3A20253032642C2054696D40
:1089B000657374616D70203A256C64004E6578743F
:1089C0002057616B652055702054696D653A2025EC
:1089D0003032643A253032643A253032642C2054E7
:1089E000696D65204E6F773A20253034642D25302F
:1089F00032642D253032643A253032643A253032E3
:108A0000643A253032640000313233343536373839
:108A100000000000686B745F736D6172746861724E
:108A20006400000070617373776F7264000000006F
:108A3000757365726E616D6500000000626F6F7422
:108A40005F74696D65000000626F6F745F636F75BE
:108A50006E74000041542B4150504B45593D202528
:108A60003032782025303278202530327820253079
:108A70003278202530327820253032782025303267
:108A80007820253032782025303278202530327811
:108A90002025303278202530327820253032782059
:108AA00025303278202530327820253032782C302D
:108AB000000000000D0A4170704B65793A25303294
:108AC00078253032782530327825303278253032AA
:108AD000782530327825303278253032782530329A
:108AE000782530327825303278253032782530328A
:108AF000782530327825303278253032780D0A00EA
:108B0000545344422028257329206F6C6465737484
:108B100020736563746F7273206973203078253019
:108B200038582C2063757272656E74207573696E87
:108B30006720736563746F72206973203078253005
:108B400038582E0A000000005761726E696E673A4D
:108B500020536563746F7220737461747573206938
:108B6000732077726F6E672C207468657265206160
:108B70007265206D756C7469706C652073656374C3
:108B80006F727320696E207573652E0A00000000F5
:108B90004572726F723A207365742066696C652045
:108BA0006D6F6465204661696C65642E20506C654C
:108BB00061736520646566696E656420746865200C
:108BC0004644425F5553494E475F46494C455F4DC9
:108BD0004F4445206D6163726F2E0000466C6173D7
:108BE0006820646576696365207C20252A2E2A73B7
:108BF000207C20616464723A2030782530386C78AB
:108C0000207C206C656E3A20307825303878207CC6
:108C100020626C6B5F73697A653A20307825303852
:108C200078207C696E697469616C697A6564206614
:108C3000696E6973682E0000496E697469616C69B8
:108C40007A65206661696C6564212050617274697F
:108C500074696F6E28257329206F666673657420AA
:108C60006164647265737328256C6429206F757460
:108C7000206F6620666C61736820626F756E642871
:108C80003C2564292E000000506172746974696F7C
:108C90006E207772697465206572726F7221202070
:108CA000446F6E277420666F756E6420666C617306
:108CB000682064657669636528257329206F6620BE
:108CC00074686520706172746974696F6E282573A9
:108CD000292E0000506172746974696F6E2072658C
:108CE0006164206572726F722120446F6E27742058
:108CF000666F756E6420666C617368206465766962
:108D0000636528257329206F66207468652070616B
:108D100072746974696F6E282573292E0000000033
:108D2000506172746974696F6E2065726173652039
:108D30006572726F722120446F6E277420666F75A2
:108D40006E6420666C61736820646576696365286B
:108D5000257329206F6620746865207061727469BC
:108D600074696F6E282573292E00000054686520F1
:108D7000666C61736820646576696365206D616EF9
:108D80007566616374757265722049442069732049
:108D90003078253032582C206D656D6F72792074D3
:108DA0007970652049442069732030782530325825
:108DB0002C20636170616369747920494420697370
:108DC000203078253032582E000000004D323550CA
:108DD000343000004132354C303830004D3235509F
:108DE000383000004D323550333200004632354CB9
:108DF0003030340053535432355646303830420008
:108E0000454E32355133324200000000474432357E
:108E1000513634420000000050435432355646303B
:108E200031364200535354323556463031364200C3
:108E3000474432355131364200000000414D49432C
:108E400000000000415434354442313631450000C1
:108E50004953534900000000533235464C323136F5
:108E60004B000000454F4E00533235464C303332F4
:108E70005000000045534D5400000000535354006F
:108E800057323551343042560000000057323551C8
:108E900033324256000000005732355131364256C7
:108EA0000000000057323551313238425600000080
:108EB0005732355136344356000000005732355191
:108EC0003235364656000000573235513634445755
:108ED0000000000057696E626F6E64004769676149
:108EE00044657669636500004879756E6461690060
:108EF00041746D656C000000496E74656C00000083
:108F0000467564616E0000004D6963726F6E00000B
:108F100053616E796F00000043797072657373005E
:108F200046756A69747375004D6963726F6E69780E
:108F3000000000004572726F723A20436865636BEF
:108F40002053464450207369676E617475726520C2
:108F50006572726F722E2049742773206D75737459
:108F60002062652035303434343635336828275351
:108F700027202746272027442720275027292E004F
:108F80005761726E696E673A20526561642053467C
:108F9000445020706172616D65746572206865610E
:108FA00064657220696E666F726D6174696F6E20A0
:108FB0006661696C65642E2054686520257320699C
:108FC00073206E6F7420737570706F7274204A45D1
:108FD00044454320534644502E00000034204B4269
:108FE00020457261736520697320737570706F72AC
:108FF000746564207468726F7567686F7574207427
:109000006865206465766963652E20436F6D6D61C8
:109010006E64206973203078253032582E000000AD
:10902000436865636B204A45444543206261736928
:109030006320666C61736820706172616D65746530
:109040007220686561646572206973204F4B2E2021
:10905000546865207461626C6520696420697320BE
:1090600025642C20726576657273696F6E20697352
:10907000205625642E25642C206C656E677468204C
:1090800069732025642C20706172616D657465724E
:10909000207461626C6520706F696E7465722069FE
:1090A000732030782530366C582E00004572726F70
:1090B000723A2054686520666C6173682063617041
:1090C00061636974792069732067726174657220C5
:1090D0007468616E2033322047622F20342047426B
:1090E00021204E6F7420537570706F727465642EFA
:1090F000000000004572726F723A20546869732054
:10910000726576657273696F6E285625642E2564C4
:1091100029204A4544454320626173696320666C97
:1091200061736820706172616D6574657220686535
:1091300061646572206973206E6F7420737570703E
:109140006F727465642E0000426C6F636B20507206
:109150006F74656374206269747320696E2064653E
:109160007669636527732073746174757320726503
:109170006769737465722061726520736F6C656CCA
:109180007920766F6C6174696C652E00466C617332
:1091900068206465766963652072657175697265BA
:1091A0007320696E737472756374696F6E203530E5
:1091B0006820617320746865207772697465206522
:1091C0006E61626C65207072696F7220746F2070BE
:1091D0006572666F726D696E67206120766F6C6173
:1091E00074696C6520777269746520746F20746887
:1091F0006520737461747573207265676973746533
:10920000722E0000466C6173682064657669636540
:1092100020726571756972657320696E73747275F9
:109220006374696F6E2030366820617320746865DE
:1092300020777269746520656E61626C652070725A
:10924000696F7220746F20706572666F726D696EDF
:1092500067206120766F6C6174696C652077726934
:10926000746520746F2074686520737461747573FD
:109270002072656769737465722E00004572726FA3
:10928000723A20546865204A454445432062617320
:10929000696320666C61736820706172616D6574CA
:1092A0006572207461626C65206C656E67746820FD
:1092B000286E6F7720697320256429206572726F8C
:1092C000722E00006E6F72666C6173683000000071
:1092D0005350493200000000573235583430434C67
:1092E0005353494700000000089301080000002084
:1092F0005C020000AE500008BC9301085C02002034
:109300004C1C000030C70008C1024F643201320219
:10931000021B031E308A01081404411A24085A084B
:109320000C1A480822543320041A3C0C1A580C0218
:109330001A28B57061726BB56D6F64658F74616D5D
:109340007065720F2D696D6573148153093D1408A2
:109350003FBC1937E816012D35C7963275D743B48F
:10936000E73BEA91681A3B4164647214E910011406
:10937000321002130109121441000A156E6F726651
:109380006C617368303A403A100FCD300108E948FB
:109390000108BD760108C9E60A13084C3A3C2D12B3
:1093A00048228045C49201081AD8082CEF4017E6DD
:0C93B0004980199D32205AD02001540041
:040000050800418D21
:00000001FF
