:020000040800F2
:10400000D8290020A5410008F9BE00081D9E00081F
:10401000F5BE00080D7D00087DD4000800000000FA
:1040200000000000000000000000000065C600085D
:10403000617D0008000000007DBF000867CC00081B
:10404000BF410008BF410008BF410008BF41000850
:10405000BF410008BF410008A5840008BF41000817
:10406000ED840008BF410008BF410008BF410008BF
:10407000BF410008BF410008BF410008BF41000820
:10408000BF410008BF41000875560008BF41000845
:10409000BF410008BF410008BF4100081D8500085E
:1040A000BF410008EDD10008BF410008BF41000832
:1040B000BF4100080000000000000000BF410008F0
:1040C000BF410008BF410008BF410008BF410008D0
:1040D000BF41000835D30008A1D300080DD4000863
:1040E000BF410008DDC20008000000000000000021
:1040F00000000000000000000000000000000000C0
:1041000000000000BF41000800000000BF4100089F
:104110000000000000000000BF41000811D20008AC
:10412000BF410008BF410008BF410008BF4100086F
:10413000BF41000800000000000000000000000077
:10414000BF41000845B60008BF410008000000005C
:10415000BF410008BF4100087DB60008BF4100080C
:10416000BF410008BF410008BF4100080000000037
:10417000BF410008BF41000800000000000000002F
:10418000BF410008BF410008BF410008DFF810D060
:1041900001F03AF8004800475D530108AFF3008092
:1041A000D82900200648804706480047FEE7FEE77A
:1041B000FEE7FEE7FEE7FEE7FEE7FEE7FEE7FEE7D7
:1041C000CDCD00088D4100082DE9F05F05460020A7
:1041D00092469B4688460646814640241BE0284678
:1041E00041464746224600F094FC53465A46C01AC0
:1041F000914110D311461846224600F07BFC2D1A3F
:1042000067EB01084F4622460120002100F072FCB6
:1042100017EB00094E41201EA4F10104DFDC4846E3
:1042200031462A46434600F000B830BCBDE8C09F86
:1042300000487047589B010810B50446FFF7F8FF87
:104240000068005D00F0010010BD0000014900F0B1
:1042500003B80000AC1F002010B500683C22B0FB82
:10426000F2F302FB1303B0FBF2F00B60B0FBF2F3CE
:1042700002FB1303B0FBF2F018224B60B0FBF2F329
:1042800002FB1303B0FBF2F0021D8B600723B2FBAD
:10429000F3F403FB1422800040F2B55300F66C30B7
:1042A0008A61B0FBF3F2B0FBF3F403FB1400443279
:1042B00080084A61C8613B2802D3920700D0401CA5
:1042C0000022074C13460A61E25C824203D8801A3E
:1042D0005B1C0B61F8E7401CC860084610BD00007D
:1042E0005C9B010838B5D0E90221491E01EB410170
:1042F00002EBC1014268C1EB011102EB81010268CE
:10430000C1EB011102EB8102D0E9043101EB410163
:1043100003EB81013023A1F5527191FBF3F4174DAA
:104320006C4302EBC41291FBF3F403FB14110092F3
:104330001A2902DB124B1A4400920C2291FBF2F371
:10434000104C6343009C04EBC313009391FBF2F306
:1043500002FB13110C4A08E0491E40F2A324535CEF
:104360006343009C04EBC31300930029F4DC014673
:104370006846FFF771FF009838BD00003F0C0F0042
:104380008051010067C20300689B010810B540EA34
:1043900001040346A40703D009E010C9121F10C38B
:1043A000042AFAD203E011F8014B03F8014B521E24
:1043B000F9D210BDD2B201E000F8012B491EFBD2A8
:1043C00070470022F6E710B513460A460446194620
:1043D000FFF7F0FF204610BD30B505462A460B46D4
:1043E00012F8010B13F8014B08B1A042F8D01CB130
:1043F000002802D06D1CF1E7284630BD421C10F8A1
:10440000011B0029FBD1801A704710B5002200E083
:10441000521C835C8C5CA34201D1002BF8D1D8B232
:10442000E1B2401A10BD30B504460020034600E05A
:104430005B1C934203D2E05CCD5C401BF8D030BDE6
:1044400030B505460020034600E05B1C934205D2D0
:10445000EC5CC85C201A01D1002CF6D130BD000004
:1044600070B50F4D00B92868002412E00A4602E03A
:104470009E4203D0521C1378002BF9D1DAB22243AA
:1044800005D02BB124B1002100F8011B04E0044643
:10449000401C0678002EE9D12860204670BD00003F
:1044A000780200200FB400B58DB010A909900B90D0
:1044B00000914FF0FF300A9000200C9005480690C4
:1044C000054807906A4609A80F9900F00DFD0DB048
:1044D0005DF814FB054F0008234F00082DE9FF5F2E
:1044E0001D464FF0FF3BD5E9014691465F464FF030
:1044F0000008A9697F1C01988847296A8246884775
:104500000028F6D1BAF1FF3F0CD024F4C064002E8D
:1045100019DD600614D5BAF12B0F09D0BAF12D0FB1
:104520000ED103E0584604B000F07EB844F4806435
:10453000A9697F1C01988847761E8246002E02DDFD
:10454000BAF1300F03D0B9F1000F26D032E0A969DB
:10455000761E44F400747F1C019888478246002E22
:1045600005DDBAF1780F06D0BAF1580F03D0B9F1D2
:10457000000F10D01EE0B9F1000F02D0B9F1100FFA
:1045800018D1A969761E24F400747F1C019888470D
:104590008246102002E0082000E00A20814609E05F
:1045A00008FB0908A969761E44F400747F1C019871
:1045B00088478246002E05DD4946504600F0CBFA7A
:1045C0000028EDDAE96901988847A00502D46FF068
:1045D0000100A8E7E00725D1600613D5600502D5E4
:1045E000C8F1000000E0404629680A1D2A600968F9
:1045F000220501D5087015E0220701D5088011E0D9
:1046000008600FE02868011D29600068210502D5B7
:1046100080F8008006E0210702D5A0F8008001E0C4
:10462000C0F8008038467EE730BCBDE8C09F70B55A
:10463000064609F043F8046805460A220021304680
:1046400000F0CEFC2C6070BD2DE9FE4F804681EA63
:104650000300C00F0C46009021F0004123F00045FC
:10466000B8EB0200A94105D24046214690461C46BF
:104670000B46024623F00040104347D0270DC7F3F6
:104680000A00C3F30A510290401A019040286BDAE5
:10469000C3F3130040F4801B0098924620B100231E
:1046A000D2EB030A63EB0B0B01985946C0F14002B1
:1046B000504600F01FFA06460D4650465946019AEC
:1046C00000F037FA10EB08006141002487EA11522C
:1046D00084EAE7731A4340D0009A62B3019A012A30
:1046E0004FEA075215DC001B61EB02014FF000425C
:1046F00002EA0752CDE90042001C41F58011324622
:104700002B4600F0EBFC03B000F045B840462146D4
:10471000F9E7001B61EB0201001C41F58013001852
:104720005B412018A2F5001747EB030140EAD57062
:10473000B6196D4111E06D084FEA360645EAC075BD
:104740004FEA0752001B61EB0201001C41F580118A
:1047500049084FEA30000019514132462B4603B058
:1047600000F01CB800F0ABBC009801224000002310
:10477000D0EB020263EBE073009821464FEAE0744D
:10478000B8EB000061EB0401E9E783F000435BE76D
:1047900081F0004158E730BCBDE8C08F30BCBDE8B7
:1047A000C04FFFF7DFBF2DE9FE4F81EA030404F09D
:1047B000004421F0004100944FF0000B23F000432F
:1047C00050EA01045ED052EA03045BD0C3F30A54FA
:1047D000C1F30A552C44A4F2F3340194A0FB025413
:1047E000C1F3130141F48011C3F3130343F48013A5
:1047F00001FB024400FB034E840A970A44EA8154F9
:1048000047EA8357A4FB076802958D0A05FB0785D5
:104810004FEA932C04FB0C542705029D4FEA0658DF
:1048200047EA1637B5EB08056EEB070C870E920EBC
:1048300047EA811742EA8312A7FB0201B6EB0B019C
:1048400064EB00042B0D43EA0C335E1844EB1C5060
:10485000DA465146E7FB0201C5F313044FEA0B3376
:1048600043EA14534FEA0432019C43EA0603A4F1DD
:104870000C040294009CCDE900B400F02FFC03B0BE
:1048800000F003B800200146F9E730BCBDE8C08F56
:104890002DE9F04D81EA030404F0004B21F00045BE
:1048A00014464FF0000A23F0004150EA050220D0E0
:1048B00054EA01021DD0C5F30A570246C5F313039B
:1048C000C1F31300C1F30A5640F4801543F480137A
:1048D000A7EB0608101BD64608F2FD3873EB05005F
:1048E00002D308F1010801E092185B41B8F1000F12
:1048F00003DA00200146BDE8F08D00204FF480115E
:10490000064684460EE0171B73EB050705D3121B02
:1049100063EB050306434CEA010C49084FEA3000FB
:1049200092185B4150EA0107EDD152EA030012D020
:1049300082EA040083EA0501084305D0101BAB415D
:1049400006D20122002306E000224FF0004302E0DD
:104950006FF0010253101AEB06004CEB085110EBFC
:104960000A0041EB0B01BDE8F04D00F0A8BB30B4EC
:10497000044696230800214604D0B62330BC00220A
:1049800000F06FBB20460021F8E70EB5C10F80EAAA
:10499000E0700844CA07002140F233438DE80E005E
:1049A0000A460B4600F09AFB03B000BD20F0004021
:1049B000C20DC0F3160040F400007F2A02DA002086
:1049C000014670470021962A03DCC2F19602D040CE
:1049D0007047963A00F08EB8C1F30A5210B5C1F391
:1049E000130140F2FF3341F480119A4201DA0020B2
:1049F00010BD40F233439A42A2F2334203DC5242EA
:104A000000F087F810BD904010BD00F0004230F07B
:104A100000400AD0C10D01F56071C0F3160042EAF2
:104A20000151C208400711437047002001467047FA
:104A300030B5041E71F1000404DB4FF00044404225
:104A400064EB0101141E73F1000405DB1C464FF0FA
:104A50000043524263EB04038B4208BF824230BDE5
:104A600030B5041E71F1000404DB4FF000444042F5
:104A700064EB0101141E73F1000405DB1C464FF0CA
:104A80000043524263EB0403994208BF904230BD99
:104A900001F0004330B421F0004150EA010206D099
:104AA0000A0DA2F56072C1F31301002A02DC30BCCA
:104AB00000207047440F44EAC104C100E01830BC34
:104AC00000EBC25000F0C4BA30B50B4601460020DE
:104AD0002022012409E021FA02F59D4205D303FAC0
:104AE00002F5491B04FA02F52844151EA2F1010241
:104AF000F1DC30BD202A04DB203A00FA02F100206C
:104B000070479140C2F1200320FA03F3194390400B
:104B10007047202A04DB203A21FA02F00021704776
:104B200021FA02F3D040C2F1200291400843194615
:104B30007047202A06DBCB17203A41FA02F043EAFD
:104B4000E07306E041FA02F3D040C2F12002914046
:104B50000843194670473A2800D2303820F0200226
:104B6000412A01D3A2F13700884201D34FF0FF3030
:104B7000704700002DE9FF4F087883B09946FF2861
:104B800005D0491C2D2804D00024002008E0002076
:104B90000BE00124F9E700EB800003EB4000491C27
:104BA0000B78FF2BF7D104B1404200230293147815
:104BB00019461D462D2C01D02B2C04D1521C2D2C16
:104BC00013D000240294AA461478FF2C0FD00A2593
:104BD000A3FB057801FB05814FF0000C03FB0C11D2
:104BE000521CE3194AEB0101EEE70124EAE7814494
:104BF00053EA010002D019F5C87F06DA03980021B4
:104C0000C0E9001107B000F065B90025AE4E2F468F
:104C1000DFF8B882184600F0F6FCCDE90001B9F1E2
:104C2000000002DAC9F1000400E004460023A74AAC
:104C30001AEB030B42EB045A12E0E00707D02A46B6
:104C4000334638464146FFF7AEFD074688462A46BA
:104C5000334610461946FFF7A6FD05460E4664107A
:104C6000002CEAD1DDE90001B9F1000F5A465346A4
:104C700006DAFFF70DFE3A464346FFF709FE05E068
:104C8000FFF791FD3A464346FFF78DFD029A0AB1C0
:104C900081F00041039AC2E90001B3E72DE9FF4F1B
:104CA0001F468DB0D7E901464FF0FF382E2045460C
:104CB0004FF000090B90B9696D1C0E988847396A4E
:104CC000824688470028F6D1BAF1FF3F0AD024F483
:104CD000D064002E11DDBAF12B0F08D0BAF12D0FE0
:104CE0000BD102E0404611B08DE744F48064B9690D
:104CF0006D1C0E9888478246761E6946600501D570
:104D00002D2000E02B208DF8000001F1010B0DF1AA
:104D1000200809E0B9696D1C0E98884782460F98F3
:104D200044F40074761E0560002E02DDBAF1300FE7
:104D3000F0D00B998A453ED144F0800406E00F99EB
:104D4000681CA9F1010944F400740860B9696D1C7C
:104D5000761E0E98884782463028F0D02BE00B99BB
:104D60008A4505D1200603D444F08004761E18E05D
:104D7000504609F07EFC08B30DF11301761E44F491
:104D800000748B4508D2AAF130000BF8010B200605
:104D900007D5A9F1010003E0200602D409F10100C2
:104DA0008146A00502D50F99681C0860B9696D1C81
:104DB0000E9888478246002ED1DC53E0002E51DD4C
:104DC000BAF1650F02D0BAF1450F4BD1A00549D514
:104DD000B9696D1C24F44074761E0E98884782468B
:104DE000002E0CDD2B2804D0BAF12D0F07D144F48E
:104DF0008074B9696D1C0E9888478246761EE0055E
:104E000001D52D2100E02B2108F8011BCDF82C80C5
:104E100021E00DF12901761E44F4007488450CD27E
:104E2000AAF1300010F0FF0088F8000002D10B99C1
:104E3000884509D908F1010806E0E00501D52448B4
:104E400001E042F20F708146B9696D1C0E988847E7
:104E500082460F980560002E04DD504609F009FCDB
:104E60000028D6D1F9690E988847FF208BF80000FA
:104E700088F800000020069007904B466A4608A973
:104E800006A8FFF777FEA00502D46FF001002AE71D
:104E900014F0240F0AD0E00714D1DDE906123868B7
:104EA000031D3B600068C0E900120BE0DDE906016C
:104EB000FFF7EEFD0146E00704D13868021D3A60B5
:104EC0000068016028460EE7000014400000F03F33
:104ED000F1D8FFFF30BCBDE8C08F0000026811446C
:104EE0001378016018467047D16004495161044944
:104EF000116200211161114600F098B9DD4E0008E1
:104F000039420008426842B1016811F8013B23B1FF
:104F1000521EC0E90012184670470121C160881E68
:104F2000704742685AB1C368016843B983688B42CD
:104F300005D0491E521CC0E90012002070474FF0F6
:104F4000FF3070470FB4002300B589B00CA9009161
:104F50000B996FF00042CB601E4B06931E4B0793DC
:104F60000423CDE901321D4A089202466B46002017
:104F7000FFF794FE09B05DF814FB70B586B00646E5
:104F80004FF0FF300091CDE90101002015460C469D
:104F900004903246694604A8FFF7D4FF02460498FD
:104FA000211825B108B1084600E020462860049881
:104FB00000280DD0002A02DD0098884208D0081B86
:104FC0000094CDE901043246694604A8FFF7BAFF10
:104FD00006B070BD054F0008234F00083942000895
:104FE0002DE9F04791460F4680460446002614F806
:104FF000015B2DB1FFF71CF90068405DC007F6D1D9
:105000002B2D02D02D2D18D0641E4A46394620463D
:1050100000F0A7FA27B13968A14201D1C7F8008092
:1050200071054FF002040BD54042002803DD08F063
:1050300045FB0460A007BDE8F08746F48066E4E71E
:105040000028F8DA08F03AFB04606FF00040F2E75D
:105050000029A8BF7047401C490008BF20F001008C
:10506000704710B4B0FA80FC00FA0CF050EA01046A
:1050700004BF10BC704749B1CCF1200421FA04F4FC
:1050800011FA0CF118BF012121430843A3EB0C01D5
:10509000CB1D4FEA00614FEA102042BF002010BC38
:1050A000704700EBC35010440029A4BF10BC7047E8
:1050B000401C490008BF20F0010010BC704710B52B
:1050C000141E73F1000408DA401C41F1000192182B
:1050D0005B411A4301D120F0010010BD2DE9F04DD4
:1050E00092469B4611B1B1FA81F202E0B0FA80F229
:1050F00020329046FFF7FEFC04460F4640EA0A00C5
:1051000041EA0B0153465A46084313D0114653EA6D
:10511000010019D0C8F140025046FFF7FAFC0546DD
:105120000E46504659464246FFF7E4FC084305D078
:10513000012004E020463946BDE8F08D00200543FB
:1051400046EAE0762C4337430A986305E40AA0EB6D
:1051500008000022FD0A44EA47540A3002D5002024
:105160000146E9E7010510196941DDE90845001923
:105170006941BDE8F04DA2E7C1F30A52C1F3130142
:1051800040F2FF3341F480119A4202DA00200146D6
:10519000704740F233439A42A2F2334202DC524259
:1051A000FFF7B7BCFFF7A6BC70B5044601F0004599
:1051B0000020054304D14FF00045644265EB010136
:1051C00003F00045284305D118464FF000435242F2
:1051D00063EB0003101B73EB010002D24FF00040A1
:1051E00009E082EA040283EA01034FF000501A4307
:1051F00001D14FF0C0404FEA2062EFF3008162F32B
:105200001F6181F3008870BD064C074D06E0E06821
:1052100040F0010394E8070098471034AC42F6D3FD
:10522000FEF7B8FF14A9010834A901082DE9F34FCE
:105230008BB04FF0000801F10C000C464FF0010B51
:1052400046460DF1080A01906269012101989047D4
:10525000051E2DD0252D2CD0216A8847C0B162694A
:10526000012101989047216A88470028F7D1411E03
:1052700062690198904700E0761CA1690B98884705
:10528000216A88470028F7D1E1690B988847DBE756
:10529000A1690B9888470746A84201D1761CD3E73D
:1052A000E1690B9888477F1C02D1B8F1000F6FD0DD
:1052B00047E1002762693D463946019890472A2810
:1052C00004D162690121019890470125DFF8889295
:1052D0006269012101989047A0F130010A290AD2A0
:1052E0004F45E5DC07EB870100EB4107303FDFD49A
:1052F00045F01005ECE7E90601D46FF000476C2893
:105300000AD04C2814D0682815D06A280DD07428EB
:105310001CD07A281AD01DE06269012101989047BB
:105320006C2802D045F0040514E045F002050DE0BC
:1053300045F020050AE0626901210198904768283C
:1053400002D045F0080505E045F4006562690121D9
:1053500001989047C4E9015765283DD019DC5828C9
:105360007AD00CDC452837D004DC252826D041280B
:1053700031D131E046282FD047282CD12CE05B28B2
:1053800077D0612828D063287CD0642823D15AE0C4
:10539000D1E06F2848D008DC66281DD067281BD0D4
:1053A000692821D06E2816D127E0702845D07328AF
:1053B00068D0752847D078280DD14DE0A1690B98A9
:1053C0008847054625283FF469AFE1690B9888476F
:1053D0006D1C3FF46AAFB4E023466A466FF00100EB
:1053E0000B99FFF75BFC9FE045F040006060A80769
:1053F00023464FF0000236D43EE0E8077FF447AF83
:105400002068011D21600068290501D506701BE791
:10541000290701D5068017E7A90703D5F117C0E9C9
:10542000006111E706600FE745F040006060A807E3
:1054300023464FF0080216D41EE040F60E0125EA7E
:105440000100606016E045F040006060A807234658
:105450004FF00A0207D40FE045F040006060A80753
:1054600008D5234610226FF001000B99AFF300809E
:105470005AE007E0234610226FF001000B99FFF776
:105480002DF851E04FF000094F464B46632802D0FB
:105490005B2807D041E02079C00601D40120A0603C
:1054A00001273AE062690121019890475E2805D101
:1054B0004FF001096269494601989047216939B95D
:1054C00000210A46534643F82120491C0829FADBEB
:1054D000B0B3216969B9C11700EBD16253110AEB6E
:1054E000830122F01F02821A01200B6890400343BF
:1054F0000B6062690121019890475D28E8D1B9F1FC
:10550000000F09D00020514651F82020D24341F825
:105510002020401C0828F7DB02AB224600976FF0E2
:1055200001000B99AFF3008000280CDA401C08D171
:10553000BBF1000F05D04FF0FF300DB000F00EB8FA
:10554000FFE74046F9E7E90701D108F10108064401
:105550004FF0000B78E60000CCCCCC0C30BCBDE8A2
:10556000C08F2DE9F05F82460078002715468B46F4
:105570000AF10104B946302801D09DB113E014F8B6
:10558000010B0127782803D0582801D045B10AE043
:105590000DB1102D07D10027102514F8010B02E0E2
:1055A000082500E00A250026B0460EE005FB0800AD
:1055B00005FB06F1012701EB10461FFA80F8B6F54E
:1055C000803F00D3B94614F8010B2946FFF7C3FA10
:1055D0000028EBDABBF1000F05D00FB1641E00E02C
:1055E0005446CBF80040B9F1000F06D008F066F839
:1055F00002210160C81E00F003B848EA0640FAE73D
:1056000030BCBDE8C09F0EB540F23342029200228A
:10561000CDE900221346FFF761FD03B000BD70B570
:105620008C1810F8015B15F0070301D110F8013B4D
:105630002A1106D110F8012B03E010F8016B01F8D4
:10564000016B5B1EF9D12B0705D40023521E0DD42C
:1056500001F8013BFAE710F8013BCB1A921C03E07A
:1056600013F8015B01F8015B521EF9D5A142D8D3B2
:10567000002070BD00BF09480068C0F3C00058B1E9
:1056800000BF0648006C80B20549086000BF0820D2
:105690000249086000BF00BF7047000000000450CE
:1056A000040000202DE9F04790B006F069FC0020CE
:1056B0000D900E900F90182107A8FEF782FE002093
:1056C000069018216846FEF77CFECA4804F0EAFC02
:1056D0004FF08050C849096821F040510143C64A43
:1056E000883AC2F8881000BFC01304F035FE0120CC
:1056F00004F032FE802000900320019000200490EE
:1057000069464FF0904004F0F1FF1221BB4B1B683B
:10571000C3F30220002637460346C3F10709B9F157
:10572000040F02D94FF0040901E0C3F10709C8468C
:1057300003F10409B9F1070F02D24FF0000901E0AB
:10574000A3F10309CC464FF0010909FA08F9A9F1C0
:10575000010909EA060909FA0CF94FF0010A0AFAE7
:105760000CFAAAF1010A0AEA070A49EA0A0200BF8A
:10577000002904DB1007030EA148435407E010077B
:10578000060E9E480C3001F00F031B1FC65400BFCD
:10579000122000280DDB00BF00BF00F01F02012116
:1057A00091404209920002F1E022C2F8001100BFCC
:1057B00000BF00BF00200D900E900F900DA98D48E6
:1057C00004F071FD00200790089009900A900B905A
:1057D0000C9007A9874804F083FD4FF480100690D1
:1057E00006A9884804F048FC00208649896821F011
:1057F000E0710143834A916000BF00BF7D4880682B
:10580000814908407B49886000BF00BF0846806826
:105810007E49084040F080507649886000BF7C484F
:1058200000687C49B0FBF1F000EB800080000A21A9
:10583000B0FBF1F400E0641E002CFCD16D490620A1
:10584000754A01F13006070A06EB87031E681F2719
:105850008740BE43970E87403E431E6000BF104600
:10586000042201F11406C0F3406706EB87031E68AB
:10587000C0F3045C072707FA0CF7BE43C0F30457D4
:1058800002FA07F73E431E6000BF7F21594AB0323B
:105890001268C0F312039A4301F018065F4BF340FD
:1058A00003401A43534BC3F8B02000BF7F20194672
:1058B00089685B4A1140C20711431A46916000BFD4
:1058C00000BF00BF4B488068C00F0028F9D04020BF
:1058D0004FF09041886100BF00BF08204549086033
:1058E00000BF00BF0846406840F00800486000BFA5
:1058F00000BF0846806845490840401C3D49886013
:1059000000BF00BF00BF3B48006800F00100002856
:10591000F8D000204349086000BF042035490860E2
:1059200000BF00BF0846806838490840001D314963
:10593000886000BF00BF3B4800680028FBD000BF64
:105940002C48006C80B23749086000BF2948806845
:105950002E49084040F010002649886000BF00BF73
:105960000846806829490840801C2249886000BF99
:1059700000BF084680682C4908401E49886000BF67
:1059800040204FF09041886200BF00BF1A4888381D
:10599000006920F0807018498839086100BF00BF95
:1059A0000846006820F08060086000BF80200090FA
:1059B000002001900220049069464FF0904004F0CE
:1059C00095FE184800684FF461614843400040F676
:1059D000FF71B0FBF1F05C3085B21448058514A16D
:1059E00014A004F09DFA294614A004F099FA10B00E
:1059F000BDE8F08700000450881002400CED00E084
:105A000000E400E000030450C0FFFF5FC0FFFF7F21
:105A100024010020400D030000106032FFFF07004A
:105A2000C0FFFF3F04000020C0FFFF6F500A0020AE
:105A30004C4F47000A5B25735D00000047657420EA
:105A40004261747465727920566F6C746167653A4F
:105A50002025646D560A00002DE9F04706460F46E2
:105A600014464FF000084FF064090EF08FFB48B960
:105A700039A13BA004F054FA3BA004F051FA0020F5
:105A8000BDE8F0870EF0B0FB40B933A134A004F0BC
:105A900047FA3AA004F044FA0020F1E7FF213D481C
:105AA000FEF78FFC00203C49A1F80602304606F0C4
:105AB000B5F93AA006F0B2F9364D39A12046FEF705
:105AC0008BFC20B939A12046FEF786FC00B1ED1D04
:105AD00032E021A12846FEF77FFC48B11EA120A09C
:105AE00004F01EFA314634A004F01AFA0020C7E789
:105AF00037A12846FEF770FC48B117A118A004F0A2
:105B00000FFA314635A004F00BFA0020B8E709FB84
:105B100008F0B84209DD38A111A004F001FA3146BD
:105B200037A004F0FDF90220AAE7484606F068F91C
:105B300008F101001FFA80F821462846FEF74CFCC8
:105B40000028C6D035A106A004F0EAF9314634A0F9
:105B500004F0E6F9012093E74552524F520000004D
:105B60000A5B25735D0000004C6F526157414E2067
:105B70004D6F6465204552524F4521004C6F526174
:105B800057414E20537461747573204552524F45EE
:105B900021000000EA0B0020E40A00200D0A0000AA
:105BA0002B4C494E4B20494E464F3A002B52544302
:105BB00020494E464F3A000022257322206174206E
:105BC000636D642065786563206572726F72000092
:105BD000424144205041524D0000000022257322D2
:105BE00020617420636D6420657865632062616460
:105BF000207061726D0000005741524E000000009D
:105C00002225732220617420636D642065786563AA
:105C10002074696D656F7574000000004C4F47007B
:105C20002225732220617420636D6420657865638A
:105C3000207375636365737300000000F0B587B06F
:105C4000002560E032A240F2DC5132A0FFF704FFF1
:105C5000012852D132A133A004F062F933A13648B1
:105C6000FEF7BAFB0746394634A004F059F978210B
:105C70003348FEF7A6FB2DA12F48FEF7ADFB0646E5
:105C800000200690002406AB2D4A2EA130460AF0D3
:105C900014FB0AE02A4B611C53F821202A490819F9
:105CA000022301210AF096FA641C0699481E069008
:105CB0000029EFD11AA11BA004F032F922480B38B9
:105CC000807C21490B39497C1F4A0B3A127C1E4BC0
:105CD0000B3BDB7BCDE90132CDE903101A480B38D1
:105CE000807B009018480B38437B027BC17A17A059
:105CF00004F016F9012007B0F0BD681C85B24FF41E
:105D00007A7006F07DF8032D9CDB0020F3E700009D
:105D10004F4B000041542B4150504555493F000026
:105D20004C4F47000A5B25735D0000002B4150502B
:105D30004555493A00000000EA0B00202573000099
:105D4000C81C0020200000004B1D00204150504581
:105D500055493A20253032782025303278202530B8
:105D600032782025303278202530327820253032A4
:105D7000782025303278202530327800F0B58FB089
:105D800000257EE041A240F2DC5141A0FFF764FE15
:105D9000012870D141A142A004F0C2F842A14548B7
:105DA000FEF71AFB0746394643A004F0B9F87821FC
:105DB0004248FEF706FB3CA13E48FEF70DFB0646B7
:105DC00000200E9000240EAB3C4A3DA130460AF064
:105DD00074FA0AE0394B611C53F82120394908193B
:105DE000022301210AF0F6F9641C0E99481E0E9058
:105DF0000029EFD129A12AA004F092F831481338E4
:105E000090F822002F49133991F821102D4A133AA6
:105E100092F820202B4B133BDB7FCDE90932CDE9F3
:105E20000B1028481338807F264913394A7F097F91
:105E3000244B133BDB7ECDE90531CDE9072021481A
:105E40001338817E427E007E1E4B133BDB7DCDE905
:105E50000130CDE903211B481338807D009019489B
:105E60001338437D027DC17C174804F059F80120A6
:105E70000FB0F0BDFFE7681C85B24FF47A7005F0F3
:105E8000BFFF032DFFF67EAF0020F1E74F4B000070
:105E900041542B4150504B45593F00004C4F470057
:105EA0000A5B25735D0000002B4150504B45593A69
:105EB00000000000EA0B002025730000C81C002031
:105EC00020000000531D0020189C0108F0B58FB081
:105ED00000258BE048A240F2DC5148A0FFF7BCFD52
:105EE00001287DD148A149A004F01AF849A14C48E5
:105EF000FEF772FA074639464AA004F011F87821F5
:105F00004948FEF75EFA43A14548FEF765FA0646A2
:105F100000200E9000240EAB434A44A130460AF004
:105F2000CCF90AE0404B611C53F821204049081984
:105F3000022301210AF04EF9641C0E99481E0E90AE
:105F40000029EFD130A131A003F0EAFF384827380B
:105F500090F836003649273991F83510344A273AF7
:105F600092F83420324B273B93F83330CDE9093295
:105F7000CDE90B102E48273890F832002C492739EC
:105F800091F8312091F83010294B273B93F82F30AE
:105F9000CDE90531CDE907202548273890F82E10A6
:105FA00090F82D2090F82C00214B273B93F82B30B4
:105FB000CDE90130CDE903211D48273890F82A00AA
:105FC00000901B48273890F8293090F8282090F846
:105FD0002710184803F0A4FF01200FB0F0BDFFE721
:105FE000681C85B24FF47A7005F00AFF032DFFF6A6
:105FF00071AF0020F1E700004F4B000041542B41EE
:106000005050534B45593F004C4F47000A5B257396
:106010005D0000002B415050534B45593A000000A1
:10602000EA0B002025730000C81C0020200000009F
:10603000671D0020CC9C010870B500241CE010A254
:1060400040F2DC510FA0FFF707FD01280ED110A18F
:1060500010A003F065FF11A11248FEF7BDF9054637
:10606000294611A003F05CFF012070BD601C84B2C2
:106070004FF47A7005F0C4FE032CE0DB0020F4E757
:106080004F4B000041542B42414E443F0000000062
:106090004C4F47000A5B25735D0000002B42414EC8
:1060A00044000000EA0B00202573000070B50024B6
:1060B0001CE010A240F2DC510FA0FFF7CDFC01283C
:1060C0000ED110A110A003F02BFF11A11248FEF772
:1060D00083F90546294611A003F022FF012070BD77
:1060E000601C84B24FF47A7005F08AFE032CE0DB6A
:1060F0000020F4E74F4B000041542B43484D4153DF
:106100004B3F00004C4F47000A5B25735D000000C9
:106110002B43484D41534B00EA0B002025730000F0
:1061200070B500241CE010A240F2DC510FA0FFF774
:1061300093FC01280ED110A110A003F0F1FE11A1D3
:106140001248FEF749F90546294611A003F0E8FE7A
:10615000012070BD601C84B24FF47A7005F050FECF
:10616000032CE0DB0020F4E74F4B000041542B43AD
:106170004C4153533F0000004C4F47000A5B2573CE
:106180005D0000002B434C4153533A00EA0B0020C2
:106190002573000070B500241CE010A240F2DC5111
:1061A0000FA0FFF759FC01280ED110A110A003F099
:1061B000B7FE11A11348FEF70FF90546294612A0B4
:1061C00003F0AEFE012070BD601C84B24FF47A7003
:1061D00005F016FE032CE0DB0020F4E74F4B000037
:1061E00041542B434F4E4649524D3F004C4F4700C0
:1061F0000A5B25735D0000002B434F4E4649524D0C
:106200003A000000EA0B0020257300002DE9FC4154
:10621000002554E02CA240F2DC512CA0FFF71CFC1E
:10622000012846D12CA12DA003F07AFE2DA13048E3
:10623000FEF7D2F8074639462EA003F071FE78210A
:106240002D48FEF7BEF827A12948FEF7C5F80646F7
:1062500000200190002401AB274A28A130460AF013
:106260002CF80AE0244B611C53F82120244908191A
:106270000223012109F0AEFF641C0199481E019020
:106280000029EFD114A115A003F04AFE1C482338C1
:1062900090F8260000901A48233890F8253090F89E
:1062A000242090F8231017A003F03AFE0120BDE847
:1062B000FC81681C85B24FF47A7005F0A1FD032DB6
:1062C000A8DB0020F3E700004F4B000041542B44B3
:1062D0004556414444523F004C4F47000A5B2573EA
:1062E0005D0000002B444556414444523A000000F2
:1062F000EA0B002025730000C81C002020000000CD
:10630000631D0020444556414444523A2025303212
:1063100078202530327820253032782025303278A8
:1063200000000000F0B587B0002560E032A240F226
:10633000DC5134A0FFF790FB012852D134A135A0E5
:1063400003F0EEFD2CA13548FEF746F80746394626
:1063500033A003F0E5FD78213248FEF732F826A19C
:106360002E48FEF739F8064600200690002406ABBA
:106370002C4A2DA1304609F0A0FF0AE0294B611CF0
:1063800053F82120294908190223012109F022FF8D
:10639000641C0699481E06900029EFD11CA11DA07F
:1063A00003F0BEFD2148C01E807A2049C91E497AEB
:1063B0001E4AD21E127A1D4BDB1EDB79CDE901325B
:1063C000CDE903101948C01E807900901748C01EFF
:1063D00043790279C17816A003F0A2FD012007B02D
:1063E000F0BD681C85B24FF47A7005F009FD032DED
:1063F0009CDB0020F3E700002B4445564555493A05
:106400000000000041542B4445564555493F0000CB
:106410004C4F47000A5B25735D000000EA0B00202B
:1064200025730000C81C002020000000431D002030
:106430004465764555493A2025303278202530325A
:106440007820253032782025303278202530327877
:1064500020253032782025303278202530327800DF
:1064600070B500241CE010A240F2DC510FA0FFF731
:10647000F3FA01280ED111A111A003F051FD12A1D0
:106480001448FDF7A9FF0546294613A003F048FD6F
:10649000012070BD601C84B24FF47A7005F0B0FC2E
:1064A000032CE0DB0020F4E74F4B000041542B4469
:1064B000415441524154453F000000004C4F4700B9
:1064C0000A5B25735D0000002B4441544152415446
:1064D000453A0000EA0B00202573000070B5002447
:1064E0001CE010A240F2DC510FA0FFF7B5FA012822
:1064F0000ED110A110A003F013FD11A11248FDF759
:106500006BFF0546294611A003F00AFD012070BD6E
:10651000601C84B24FF47A7005F072FC032CE0DB4F
:106520000020F4E74F4B000041542B465245513FA9
:10653000000000004C4F47000A5B25735D0000001F
:106540002B465245513A0000EA0B0020257300000B
:10655000F0B58FB000258BE048A240F2DC5148A096
:10656000FFF77AFA01287DD148A149A003F0D8FCB1
:1065700049A14C48FDF730FF074639464AA003F0D1
:10658000CFFC78214948FDF71CFF43A14548FDF7A2
:1065900023FF064600200E9000240EAB434A44A180
:1065A000304609F08AFE0AE0404B611C53F8212076
:1065B000404908190223012109F00CFE641C0E99C0
:1065C000481E0E900029EFD130A131A003F0A8FCA5
:1065D0003848373890F846003649373991F8451031
:1065E000344A373A92F84420324B373B93F84330E1
:1065F000CDE90932CDE90B102E48373890F842002A
:106600002C49373991F8412091F84010294B373BFC
:1066100093F83F30CDE90531CDE9072025483738DB
:1066200090F83E1090F83D2090F83C00214B373B0D
:1066300093F83B30CDE90130CDE903211D483738CF
:1066400090F83A0000901B48373890F8393090F8AD
:10665000382090F83710184803F062FC01200FB082
:10666000F0BDFFE7681C85B24FF47A7005F0C8FBF7
:10667000032DFFF671AF0020F1E700004F4B000043
:1066800041542B4E574B534B45593F004C4F4700FD
:106690000A5B25735D0000002B4E574B534B455949
:1066A0003A000000EA0B002025730000C81C0020FF
:1066B00020000000771D0020709C010870B50024A8
:1066C0001CE010A240F2DC510FA0FFF7C5F9012831
:1066D0000ED110A110A003F023FC11A11248FDF768
:1066E0007BFE0546294611A003F01AFC012070BD6F
:1066F000601C84B24FF47A7005F082FB032CE0DB5F
:106700000020F4E74F4B000041542B504F52543FB0
:10671000000000004C4F47000A5B25735D0000003D
:106720002B504F52543A0000EA0B00202573000012
:1067300070B500241CE010A240F2DC510FA0FFF75E
:106740008BF901280ED10FA10FA003F0E9FB10A1D6
:106750001148FDF741FE0546294610A003F0E0FB75
:10676000012070BD601C84B24FF47A7005F048FBC4
:10677000032CE0DB0020F4E74F4B000041542B5288
:1067800058323F004C4F47000A5B25735D00000004
:106790002B5258323A000000EA0B0020257300000B
:1067A00070B500241CE010A240F2DC5111A0FFF7EC
:1067B00053F901280ED112A112A003F0B1FB0AA1D6
:1067C0001248FDF709FE0546294611A003F0A8FB73
:1067D000012070BD601C84B24FF47A7005F010FB8C
:1067E000032CE0DB0020F4E72B5354415455533A7B
:1067F0000000000041542B5354415455533F0000B6
:106800004C4F47000A5B25735D000000EA0B002037
:106810002573000070B500241CE010A240F2DC518A
:1068200010A0FFF719F901280ED110A110A003F054
:1068300077FB0AA11048FDF7CFFD054629460FA0BA
:1068400003F06EFB012070BD601C84B24FF47A70BF
:1068500005F0D6FA032CE0DB0020F4E72B56455276
:106860000000000041542B5645523F004C4F47005A
:106870000A5B25735D000000EA0B00202573000011
:1068800010B500241AE00FA240F2DC510EA0FFF771
:10689000E3F801280CD10F48007820F001000D49E1
:1068A000087000BF0DF050FC0028FBD0012010BD87
:1068B000601C84B24FF47A7005F0A2FA032CE2DB7C
:1068C0000020F4E74F4B000041542B464143544F06
:1068D00052590000401D002010B500240EE009A20E
:1068E00040F2DC5108A0FFF7B7F8012800D110BD35
:1068F000601C84B24FF47A7005F082FA032CEEDB50
:106900000020F4E74F4B000041542B534156450003
:1069100010B590B00024242218A107A8FDF736FD79
:106920001F48807C1E49497C1D4A127C1C4BDB7B26
:10693000CDE90232CDE904101948807B1849497B22
:10694000CDE900101648037BC27A16A107A806F00D
:10695000B1FD0FE020A240F2DC5107A8FFF77CF860
:10696000012801D110B010BD601C84B24FF47A70C0
:1069700005F046FA032CEDDB0020F3E741542B41F0
:1069800050504555493D2046462046462046452024
:106990003030203030203030203030203031000096
:1069A000401D002041542B4150504555493D202564
:1069B000303278202530327820253032782025304A
:1069C0003278202530327820253032782025303238
:1069D00078202530327800004F4B000010B59EB073
:1069E0000024402225A10EA8FDF7D0FC334890F8E2
:1069F0002200324991F82110304A92F820202F4B82
:106A0000DB7FCDE90A32CDE90C102C48807F2B4981
:106A1000497F2A4A127F294BDB7ECDE90632CDE938
:106A200008102648827E407E2449097E234BDB7D68
:106A3000CDE90231CDE904022048807D1F49497D1E
:106A4000CDE900101D48037DC27C1D490EA806F04B
:106A500031FD0FE01BA240F2DC510EA8FEF7FCFF57
:106A6000012801D11EB010BD601C84B24FF47A70B1
:106A700005F0C6F9032CEDDB0020F3E741542B4170
:106A800050504B45593D203242203745203135206A
:106A900031362032382041452044322041362041D1
:106AA00042204637203135203838203039204346BF
:106AB0002034462033432C3000000000401D0020CD
:106AC00080A001084F4B00003EB504460025224639
:106AD0000BA1684606F0EEFC0EE00CA240F6C411D5
:106AE0006846FEF7B9FF012800D13EBD681C85B29B
:106AF0004FF47A7005F084F9032DEEDB0020F4E703
:106B000041542B42414E443D256400004F4B000050
:106B100030B585B00446002514216846FDF751FCC8
:106B200022460CA1684606F0C5FC0FE00DA240F617
:106B3000C4116846FEF790FF012801D105B030BDB1
:106B4000681C85B24FF47A7005F05AF9032DEDDB1D
:106B50000020F3E741542B43484D41534B3D253032
:106B6000345800004F4B00003EB5044600250EA2ED
:106B700007CA8DE8070022460EA1684606F09AFC77
:106B80000EE00FA240F2DC516846FEF765FF0128D7
:106B900000D13EBD681C85B24FF47A7005F030F923
:106BA000032DEEDB0020F4E741542B434C415353BB
:106BB0003D30000041542B434C4153533D2564006C
:106BC0004F4B00007FB504460D4600260FA30FCBA8
:106BD0008DE80F002B46224610A1684606F06AFC9D
:106BE0000FE013A240F2DC516846FEF735FF0128A2
:106BF00001D104B070BD701C86B24FF47A7005F0FC
:106C0000FFF8032EEDDB0020F3E7000041542B4397
:106C10004F4E4649524D3D312C33000041542B43D9
:106C20004F4E4649524D3D25642C2564000000001E
:106C30004F4B000010B5002417E00EA240F2DC51CB
:106C40000DA0FEF709FF012809D1FF210F48FDF72C
:106C5000B8FB00200E49A1F80602012010BD601CFF
:106C600084B24FF47A7005F0CBF8032CE5DB0020FA
:106C7000F4E700004F4B000041542B4A4F494E3D72
:106C8000312C312C31322C3130000000EA0B002045
:106C9000E40A002010B500240EE009A240F2DC5105
:106CA00008A0FEF7D9FE012800D110BD601C84B2F7
:106CB0004FF47A7005F0A4F8032CEEDB0020F4E723
:106CC0004F4B000041542B4F5441413D312C30007B
:106CD0003EB5044600250EA207CA8DE807002246ED
:106CE0000EA1684606F0E6FB0EE010A240F2DC5171
:106CF0006846FEF7B1FE012800D13EBD681C85B292
:106D00004FF47A7005F07CF8032DEEDB0020F4E7F9
:106D100041542B504F52543D3230000041542B50BF
:106D20004F52543D25303278000000004F4B000098
:106D300010B52DED088B98B0FE484079C0F3401097
:106D400018B108F04DF908F0B9FAFB4800680DF0E9
:106D5000B5FF80F0010414A9F74800680DF021FF89
:106D600080F0010004401CB118B0BDEC088B10BDD0
:106D70003221F248006809F0ABF900B9F4E70DF0F0
:106D80007DFAEE490860BDF85000ED4991F84410D5
:106D900001EB4101EA4A22F81100BDF85200114608
:106DA00091F8441001EB410102EB41014880BDF82C
:106DB0005400114691F8441001EB410102EB4101EE
:106DC0008880104690F84400401C114681F8440029
:106DD000084690F8440009287DDB00201BE000EB0A
:106DE0004001D74A32F811100DAA22F8101000EB1A
:106DF0004001D34A02EB4101498808AA22F8101049
:106E000000EB4001CE4A02EB4101898803AA22F837
:106E10001010411CC8B20A28E1DB0020C84981F8E3
:106E20004400092200210DA80EF048FF092200218C
:106E300008A80EF043FF0922002103A80EF03EFF30
:106E40000A210DA80DF018F9ADF848000A2108A88C
:106E50000DF012F9ADF84A000A2103A80DF00CF963
:106E6000ADF84C00BDF94800001100EE100AB8EE74
:106E7000C00AF7EE000A20EE200ABDEEC00A10EEAE
:106E8000100A00B2ADF85800BDF94A00001100EE3A
:106E9000100AB8EEC00AF7EE000A20EE200ABDEE96
:106EA000C00A10EE100A00B2ADF85A00BDF94C004D
:106EB000001100EE100AB8EEC00AF7EE000A20EE4C
:106EC000200ABDEEC00A10EE100A00B2ADF85C0058
:106ED000BDF95C0000E099E1FDF757FD41EC1A0BAC
:106EE000BDF9580000EE100AB8EEC00A10EE101AF4
:106EF0000846FDF78AFD41EC1B0BB0EE4A1AF0EE96
:106F00006A1AB0EE4B0AF0EE6B0A06F075FDB0EEB1
:106F1000409AF0EE609A9FED8B0B53EC102B51ECE6
:106F2000190BFDF740FC41EC180BFDF7B1FD84494E
:106F3000C863BDF95C00FDF728FD41EC1A0BBDF9F3
:106F40005A0000EE100AB8EEC00A10EE101A0846F9
:106F5000FDF75BFD41EC1B0BB0EE4A1AF0EE6A1A2E
:106F6000B0EE4B0AF0EE6B0A06F046FDB0EE409A2A
:106F7000F0EE609A9FED730B53EC102B51EC190B54
:106F8000FDF711FC41EC180BFDF782FD6C4908641C
:106F9000084690ED0F0AB5EEC00AF1EE10FA07D2DE
:106FA00090ED0F0ADFED690A30EE200A80ED0F0A3E
:106FB000634890ED100AB5EEC00AF1EE10FA07D260
:106FC00090ED100ADFED610A30EE200A80ED100A24
:106FD0005B4890ED0F0A574880ED0B0A5C4890ED36
:106FE000060AB5EEC00AF1EE10FA07D290ED060AD5
:106FF000DFED560A30EE200A80ED060A544890ED87
:10700000070AB5EEC00AF1EE10FA07D290ED070AB2
:10701000DFED4E0A30EE200A80ED070A454890ED7C
:107020000B0A4B48D0ED060A30EE600A10EE101A3B
:107030000846FDF7EAFC41EC190BB0EE490AF0EE08
:10704000690A06F0F5FDB0EE408AF0EE608A9FED29
:10705000410B53EC102B51EC180BFDF701FD67D2DF
:10706000344890ED0B0A3A48D0ED060A30EE600A3B
:1070700010EE101A0846FDF7C8FC41EC190BB0EEF3
:10708000490AF0EE690A06F0D3FDB0EE408AF0EE50
:10709000608A9FED320B53EC102B51EC180BFDF76F
:1070A000C7FC6CD22F480088401C2E49088021481C
:1070B00090ED0B0A2C48D0ED000A30EE600A10EE7D
:1070C000101A0846FDF7A1FC41EC190BB0EE490A75
:1070D000F0EE690A06F0ACFDB0EE408AF0EE608A90
:1070E0009FED220B53EC102B51EC180BFDF7B8FC65
:1070F0006CD21C480088062868DB0E48C079C0B9ED
:1071000001200C49C87108464079C0F3401028B1ED
:107110000846407920F00400001D4871054890EDB4
:107120000B0A114880ED000A40F6B830114923E0FF
:1071300025E04BE0500A0020040100200801002057
:10714000981A002000C2631ADCA54C400000B4432A
:10715000E01A0020000000000000344000000000A1
:10716000004075400C0100201001002000000000CC
:1071700000001440E40A0020A1F8040126E024489D
:10718000008818B322480088401E2149088008461C
:107190000088D8B91F48C079C0B100201D49C87106
:1071A00008464079C0F3401028B10846407920F0E5
:1071B0000400001D4871174890ED0B0A164880ED39
:1071C000000A40F6B8301549A1F8040110480088BB
:1071D000062802DB06200E49088011A111A002F04A
:1071E0009FFE0C4890ED0B0A10EE101A0846FDF7B2
:1071F0000CFC41EC180B064801880648C07953EC9A
:10720000182BCDE9000109A002F08AFE00BFABE512
:107210000C010020500A002010010020E40A002088
:107220004C4F47000A5B25735D000000636F6E766C
:1072300065727420616E676C6520252E32662C2085
:10724000736C616E745B25645D2C20636F756E7466
:107250005B25645D0000000000B589B03A48006815
:1072600028B9002119200DF0BBFC374908603648C9
:107270000068002866D035A135A002F051FE36A086
:1072800002F04EFE02208DF818000A208DF8190039
:1072900001208DF81A008DF81B008DF81C008DF868
:1072A0001D008DF81E008DF81F0000208DF82100B4
:1072B0008DF820000090019003460246014602909E
:1072C000214800680DF0BAFA1F4800680DF09CFBD9
:1072D000002211461C4800680DF0F0FA00211A48FF
:1072E00000680DF0DBFD0120009003460022042120
:1072F0000190154800680DF067FD00231A46032130
:10730000114800680DF0FBFA00200590049005A9D3
:107310000D4800680DF08FFB002204A90A480068A0
:107320000DF0CCFB12484079C0F3401048B9012061
:1073300000900346002201460190034800680DF0CA
:1073400043FD00BF09B000BD040100204C4F4700C1
:107350000A5B25735D0000004163632053656E7313
:107360006F7220496E69742053756363657373008F
:10737000500A002010B52DED0C8B86B07B480068BC
:107380000DF09CFC80F0010402A9784800680DF023
:1073900008FC80F0010004401CB106B000F00AB9FE
:1073A00010BDBDF90800001100EE100AB8EEC00AC9
:1073B000F7EE000A20EE200ABDEEC00A10EE100A19
:1073C00000B2ADF81000BDF90A00001100EE100A7D
:1073D000B8EEC00AF7EE000A20EE200ABDEEC00AA1
:1073E00010EE100A00B2ADF81200BDF90C00001149
:1073F00000EE100AB8EEC00AF7EE000A20EE200AEE
:10740000BDEEC00A10EE100A00B2ADF81400BDF9CE
:107410001400FDF7BAFA41EC1C0BBDF9100000EEA8
:10742000100AB8EEC00A10EE101A0846FDF7EDFA81
:1074300041EC1D0BB0EE4C1AF0EE6C1AB0EE4D0A9A
:10744000F0EE6D0A06F0D8FAB0EE40BAF0EE60BA8F
:107450009FED470B53EC102B51EC1B0BFDF7A3F9E1
:1074600041EC1A0BFDF714FB08EE100ABDF91400ED
:10747000FDF78BFA41EC1C0BBDF9120000EE100A6F
:10748000B8EEC00A10EE101A0846FDF7BEFA41EC3D
:107490001D0BB0EE4C1AF0EE6C1AB0EE4D0AF0EE89
:1074A0006D0A06F0A9FAB0EE40BAF0EE60BA9FEDB0
:1074B000300B53EC102B51EC1B0BFDF774F941EC26
:1074C0001A0BFDF7E5FA08EE900AB5EEC08AF1EE68
:1074D00010FA05D29FED280A38EE000AB0EE408A75
:1074E000F5EEC08AF1EE10FA05D29FED230A38EED0
:1074F000800AF0EE408AB0EE489A204890ED000AEB
:1075000039EE400A10EE101A0846FDF77EFA41ECFB
:107510001B0BB0EE4B0AF0EE6B0A06F089FBB0EEE7
:1075200040AAF0EE60AA9FED160B53EC102B51EC25
:107530001A0BFDF795FA02D20320134988720F48FF
:1075400080ED009A11A112A002F0EAFC19EE100AD7
:10755000FDF75BFA41EC1A0B0F4853EC1A2B009025
:107560000EA002F0DDFC00BF17E7000004010020C0
:1075700000C2631ADCA54C400000B4431401002093
:107580000000000000001440500A00204C4F47004B
:107590000A5B25735D000000348F01085265737526
:1075A0006C743A20252E32662C2046756E633A2084
:1075B00025730000BDEC088BBDEC04CBFFF7F0BEDB
:1075C00030B58DB0182107A8FCF7FBFE182101A8E3
:1075D000FCF7F7FE00204049096821F440610143AF
:1075E0003D4A883AC2F8881000BF01201146C96D93
:1075F0000143D1651146C96D0140009100BF00BF34
:10760000022002F0C5FE4FF440600190022002907B
:10761000032003900020049001200590082006908C
:1076200001A92E4803F062F805F0E4FF05460022A8
:10763000114604F083FC04462146462006F00AF871
:10764000462005F0BDFF4FF4E13007900020089080
:1076500009900A900C200B9000200C9007A920485C
:1076600003F0B4F91E4800BF00BF00BF50E8002F70
:1076700042F0200140E80012002AF7D100BF00BF0D
:10768000174800BF00BF00BF50E8002F42F48071D0
:1076900040E80012002AF7D100BF00BF00BF012060
:1076A0000F49086200BF00BF0846006840F00100B3
:1076B000086000BF00BF00BF0948C069C0F3405068
:1076C0000028F8D000BF0648C069C0F380500028E9
:1076D000F1D00DB030BD0000881002400004004819
:1076E0000080004000B589B00EF056F900200690E9
:1076F0000790089018216846FCF763FE012002F00D
:1077000039FE022002F036FE042002F033FE012092
:10771000019003200290002003900490022000902A
:1077200069468D4802F0E2FF02218B4803F077F8AA
:10773000C02000906946894802F0D8FF4021874860
:1077400003F06DF88021854803F069F8042000906B
:107750006946814802F0CAFF04217F4803F05FF8C0
:107760004020009069464FF0904002F0BFFF40215A
:107770004FF0904003F053F801200090694677489D
:1077800002F0B4FF0121754803F049F81020009081
:107790006946724802F0AAFF1021704803F049F8C8
:1077A0000020019001200490009069464FF0904025
:1077B00002F09CFF202000900020049069464FF0CA
:1077C000904002F093FF022004900420009069464C
:1077D000624802F08BFF80215F4803F02AF84021C5
:1077E0005D4803F026F84FF480714FF0904003F0AD
:1077F00020F880200090012001900020029003904A
:1078000004906946544802F071FF40200090694698
:10781000514802F06BFF4FF48070009069464FF0C2
:10782000904002F063FF4FF48070009000200190C0
:1078300004906946484802F059FF4FF400700090E8
:107840006946454802F052FF4FF47021002003F0D2
:1078500079FD012211464FF0904003F006F8002216
:1078600001214FF0904002F0ECFF012006908DF8CE
:10787000200000208DF8210002208DF8220006A8AB
:1078800002F070FE3649002003F05CFD002220214A
:107890004FF0904002F0E9FF002220214FF090408D
:1078A00002F0CFFF2020069001208DF8200000205C
:1078B0008DF8210001208DF8220006A802F052FE6A
:1078C0004FF07061012003F03DFD022204212348A6
:1078D00002F0CBFF00220421204802F0B2FF042076
:1078E000069001208DF8200000208DF82100032053
:1078F0008DF8220006A802F035FE0021062005F0D2
:1079000081FE062005F03AFE0021082005F07AFEEF
:10791000082005F033FE0021172005F073FE172024
:1079200005F02CFE00220F490F4808F029F80F4AF5
:1079300003210D4807F009FF0D4A04210A4807F00A
:1079400004FF0C4A0521084807F0FFFE064808F02E
:1079500037F809B000BD00000008004800040048E6
:107960000100F000B3F90008900A00207D7C0008B7
:10797000057C0008197C000830B58FB01C2108A8D0
:10798000FCF71FFD182102A8FCF71BFD4FF4403047
:1079900003F082F94FF480402749096E0143264ADB
:1079A00011661146096E0140019100BF00BF012020
:1079B00002F0EEFC4FF4C06002900220039003201E
:1079C000049000200590012006900720079002A94E
:1079D0004FF0904002F08AFE05F00CFE05460122B1
:1079E000002104F0ABFA04462146252005F032FEC2
:1079F000252005F0E5FD4FF4165008900020099071
:107A00000A900B900C200C9000200D900E9008A96D
:107A10000A4803F08DFD094803F05AFD074803F0BA
:107A20006AFD064803F078FD044803F069FD034849
:107A300003F04BFD0FB030BD001002400038014094
:107A400030B58DB01C2106A8FCF7BBFC1821684698
:107A5000FCF7B7FC4FF4402003F01EF94FF4003060
:107A600002F0C0FC012002F093FC0C2000900220E8
:107A70000190032002900020039001200490072031
:107A8000059069464FF0904002F030FE05F0B2FDDF
:107A900005460022012104F051FA04462146262021
:107AA00005F0D8FD262005F08BFD4FF4165006900A
:107AB00000200790089009900C200A9000200B905D
:107AC0000C9006A90C4803F033FD0B4803F000FDB1
:107AD000094803F00BFD084803F003FD064803F0D6
:107AE0000AFD054803F018FD034803F009FD0248AC
:107AF00003F0EBFC0DB030BD0044004030B58DB05C
:107B00001C2106A8FCF75DFC18216846FCF759FC0F
:107B10004FF4401003F0C0F84FF4802002F062FCF4
:107B2000042002F035FC3020009002200190032058
:107B300002900020039001200490072005906946E0
:107B40001C4802F0D3FD05F055FD05460022012139
:107B500004F0F4F904462146272005F07BFD272098
:107B600005F02EFD4FF41650069000200790089067
:107B700009900C200A9000200B900C9006A90E484A
:107B800003F0D6FC0C4803F0A3FC0B4803F0AEFC5A
:107B9000094803F0A6FC084803F0ADFC064803F0D2
:107BA000BBFC054803F0ACFC034803F08EFC0DB0B1
:107BB00030BD0000000800480048004070B5044691
:107BC0002046FCF71BFC85B22946204600F002F84F
:107BD00070BD0000F0B5002205460EE0084B1646C9
:107BE000571CBAB2AC5D1C8500BF00BF00BF044B80
:107BF000DB69C3F38013002BF8D08A42EEDBF0BDC3
:107C0000008000400348407920F00100401C0149F9
:107C100048717047500A002014484079C0F3401062
:107C200080B11248407920F0200010494871104876
:107C3000007820F001000E4908704FF47A700D4969
:107C400008800EE00948407920F0200020300749E4
:107C500048710120064981F8480040F6B8300549CE
:107C6000088001200449087070470000500A002075
:107C7000401D002018000020290000201E48007927
:107C800020F0800080301C49087108464079C0F31C
:107C9000401018B14FF4FA7018490880184801785C
:107CA0000078401C164A107021B9164800680A3046
:107CB000154908601348006813490968884206D9C5
:107CC0000F48007818B100200D49087012E00A48EA
:107CD0004079C0F3401068B109480078072809DBF3
:107CE0000020074908700448407920F01000103047
:107CF0000149487170470000500A00201800002018
:107D000028000020440000202C00002000BFFEE7D7
:107D10002DE9F04105460E461746294608A002F017
:107D2000FFF8002404E0315D0AA002F0F9F8641CB9
:107D3000BC42F8DB09A002F0F3F8BDE8F0810000D6
:107D40000A556172742044617461205B25735D3A49
:107D50000000000020253032780000000A000000FA
:107D6000704701B5002106E0642100BF081EA1F1A3
:107D7000010291B2FAD1BDF80000421E92B2009207
:107D80000028F1D108BD000010B525480079C0F3E6
:107D9000C000002836D02248007920F00800204991
:107DA000087108464079C0F380101E490968C1F384
:107DB0008001884226D014200DF0C4FA184840797A
:107DC000C0F3801017490968C1F38001884219D0B7
:107DD0001448006880081249497960F386111048F8
:107DE0004171807A032802DA03200D4988720EA1BE
:107DF0000EA002F095F80A484079C0F380110DA05A
:107E000002F08EF81348006813490968884206D8C2
:107E10000348407920F00400001D0149487110BD5D
:107E2000500A0020100400484C4F47000A5B25739D
:107E30005D000000424C4520436F6E6E6563742008
:107E40005374617465204368616E676520546F20C8
:107E5000256400000C0000204400002010B501F053
:107E600073FBFFF791FF3048007800F0010060B32A
:107E70002E48B0F8040140BB2D48007828B3FF21FC
:107E80002A48FCF79EFADC212A48FCF79AFA294C8A
:107E90000122294929480DF071F927480278214625
:107EA00026480DF06BF90FF053F821480078401E7A
:107EB000C0B21F49087038B94FF480612048FCF700
:107EC00080FA1E480DF0B4F900BF1E484079C0F397
:107ED000800088B11B48407920F00400194948719E
:107EE00008468089C0EB00101749096801EB800043
:107EF0001649086000F0B8F812484079C0F3C00095
:107F000088B11048407920F008000E4948710846B1
:107F1000C089C0EB00100C49096801EB80000C49D6
:107F2000086000F017F810BD401D0020E40A002092
:107F300008000020A406002014000020880600206D
:107F400088020020500A0020440000200C0000207D
:107F500018010020F8B5364D0024DC212846FCF736
:107F600030FA002033490870294610200FF064FAD7
:107F7000044625442F48007820442E49087029469D
:107F800011200FF059FA044625442A48007820446D
:107F9000284908700020009027480DF07FF8064619
:107FA00024480078401C864210DB012221492248E7
:107FB0000DF06EF91F4802781D491F480DF068F951
:107FC0001E480078401C1D49087030E01CA11EA00E
:107FD00001F0A6FF1EA001F0A3FF00BF1748007824
:107FE000401E164908700122694613480DF0C6F874
:107FF0009DF800201B4910480DF0C0F80E480DF008
:108000004DF806460B480078401C8642E6DB01220C
:10801000084909480DF03CF9064802780449064829
:108020000DF036F905480078401C04490870F8BD89
:10803000A40600201400002088060020080000206C
:108040004552524F520000000A5B25735D0000004C
:108050004C77726220416C72656164792046756C60
:108060006C00000080070020F8B56F4D0024DC2173
:108070002846FCF7A6F900206C4908702946012023
:108080000FF0DAF90446254468480078204467492F
:10809000087029468B200FF0CFF904462544634829
:1080A0000078204461490870294609200FF0C4F97E
:1080B000044625445D48007820445C490870294600
:1080C0000A200FF0B9F904462544584800782044A6
:1080D0005649087029460E200FF0AEF90446254493
:1080E00052480078204451490870294644200FF036
:1080F000A3F9044625444D48007820444B490870B4
:10810000294628200FF098F904462544474800786E
:10811000204446490870294645200FF08DF9044651
:108120002544424800782044404908704048C079BE
:10813000A8B9294646200FF07FF9044625443B485C
:108140000078204439490870294647200FF074F917
:1081500004462544354800782044344908702946AF
:1081600048200FF069F9044625443048007820443F
:108170002E490870294686200FF05EF904462544F2
:108180002A48007820442949087000200090294896
:108190000CF084FF064625480078401C864210DB20
:1081A0000122224923480DF073F8204802781E4925
:1081B00020480DF06DF820480078401C1E490870DA
:1081C00030E01EA11FA001F0ABFE20A001F0A8FE30
:1081D00000BF19480078401E1749087001226946FF
:1081E00014480CF0CBFF9DF800201D4911480CF0FD
:1081F000C5FF10480CF052FF06460C480078401CA2
:108200008642E6DB012209490A480DF041F8074899
:108210000278054907480DF03BF807480078401CF4
:1082200005490870F8BD0000A406002014000020D5
:10823000500A002088060020080000204552524FB6
:10824000520000000A5B25735D0000004C777262EB
:1082500020416C72656164792046756C6C00000089
:108260008007002030B52DED048B85B0694800688B
:1082700000F596706849086008F0B8F80446674849
:10828000C07900284CD1601C00B9002463490C82DD
:108290000846008A1E2805DB0846008A41F2941130
:1082A000884206DDFF205E49087000205B49088295
:1082B0001AE05A48008A5949498A884203DA01205B
:1082C0005749087010E05548008A5449898A884205
:1082D00007DD5248808A002803DD022050490870DB
:1082E00002E000204E4908704C48007A4C49097859
:1082F00088420BD04A4800784849087208464079BD
:1083000020F00400001D48710320887245A146A09A
:1083100001F006FE4148027A214645A001F000FE28
:1083200003A904A808F028F800286FD104980028B1
:1083300003DB3A490498886105E00498404240F420
:1083400000003649886135490398C8614CF25031C4
:108350000498884214DB31488079C0F3400078B932
:108360002E48407920F00400001D2C494871084631
:10837000807920F00200801C88710320887217E049
:108380004CF250310498884212DA24488079C0F3C4
:10839000400068B12148407920F00400001D1F49C9
:1083A00048710846807920F00200887103208872A5
:1083B0001CA11DA001F0B4FD9DED030AB8EEC00A9A
:1083C000DFED270A80EE201A11EE105A2846FCF73E
:1083D0001CFB41EC180B9DED040AB8EEC00ADFED62
:1083E000200A80EE201A11EE105A2846FCF70DFBE9
:1083F00041EC190B09488079C0F3400002908DEDE3
:10840000008B53EC192B17A001F08AFD05B0BDECD1
:10841000048B30BD4400002010000020500A0020D2
:10842000240000204C4F47000A5B25735D000000CC
:10843000436F6E766572742055442044697374618D
:108440006E63653A2025646D6D2C205468726573E7
:10845000686F6C642053746174653A202564000071
:1084600000007A44436F6E766572742054656D70B7
:10847000657261747572653A2025302E3266432C20
:108480002048756D69646974793A2025302E32660A
:108490002552482C20485420416C61726D3A2025A9
:1084A0006400000010B5012002F014F9D0B10120E1
:1084B00001F0F2FF0C480079C0F3401058B10A48AF
:1084C000007920F02000084908710846007920F062
:1084D0000200801C08710448807A032802DA032015
:1084E0000149887210BD0000500A002010B5042018
:1084F00002F0F0F878B1042001F0CEFF06480079D0
:1085000020F008000830044908710846807A0328E2
:1085100001DA0320887210BD500A002010B5202017
:1085200002F0D8F878B1202001F0B6FF06480079B3
:1085300020F00400001D044908710846807A0328D1
:1085400001DA0320887210BD500A002010B54FF0E8
:10855000805001F063FF4FF400400D49896821F419
:10856000004101430A4A916000BF0220094909689D
:1085700021F007010143074A116000BF00BF064810
:10858000006840F004000449086000BF30BF10BD1F
:10859000001002400070004010ED00E030B587B0E0
:1085A0000025164C16490020CDE90410012204A92B
:1085B000204600F0E3FBDDE9041070EA010119D068
:1085C0000020009001900290039000900120019003
:1085D000A4F10060C00A02900120039001F0F4FBB6
:1085E00000BF06A9684601F067FA0028F9D101F03A
:1085F00053FB00BF284607B030BD000000F8030859
:10860000785634121B49087F012801D0032816D15F
:108610001949096821F40071174A116000BF114619
:10862000096841F4006111601146096821F4006194
:10863000116000BF1146096841F400711160022801
:1086400001D0032811D100BF0B49096841F48051C2
:10865000094A11601146096821F48051116000BF78
:108660001146096841F4806111600021014A1177C7
:1086700070470000840100200020024000F001014A
:1086800029B10649496941F00401044A516103498D
:10869000496941F48031014A51617047002002402C
:1086A00070B54FF00064057805F0010575B10B4D0C
:1086B0006D6AC5F30E0304EBC3050D60074DAD6A8B
:1086C000C5F30E0304EBC305ED1D1560034E0568ED
:1086D000B66A06F000463543056070BD00200240D2
:1086E0000648006AC1B2AA2903D0CC2901D0BB2018
:1086F00070470248006AC0B2FAE70000002002405A
:108700000249086A20F0FF00704700000020024084
:1087100050B90C4BDB6A03F07F030B60094BDB6A3B
:10872000C3F3064313600BE0012809D1054B1B6B13
:1087300003F07F030B60034B1B6BC3F30643136013
:1087400070470000002002402DE9F04704460E4625
:1087500017464CF2503000F0E3FC8046B8F1000FB1
:1087600030D14FF0006504F00100A0B1701B4FEA5A
:10877000D0091648406A6FF30E0040EA0900134919
:108780004862781B4FEAD0090846806A6FF30E00F2
:1087900040EA090088620D48816A204661F31E00A4
:1087A0000A4988620846406940F4003048614CF24A
:1087B000503000F0B5FC80460448406920F4003099
:1087C000024948614046BDE8F087000000200240B1
:1087D00070B504464CF2503000F0A2FC0546B5B925
:1087E0000C48006A20F0FF0020430A49086208464E
:1087F000406940F4003048614CF2503000F090FC89
:1088000005460448406920F4003002494861284682
:1088100070BD0000002002402DE9F04104460D46E5
:10882000002600274CF2503000F07AFC8046B8F168
:10883000000F7FD104F0010020B105F4E060064391
:1088400047F4E06704F0020020B105F480500643CD
:1088500047F4805704F0040020B105F400500643AB
:1088600047F4005704F4805020B105F480400643DB
:1088700047F4804704F0080020B105F48030064337
:1088800047F4803704F0100020B105F400300643AF
:1088900047F4003704F0200020B105F4802006439F
:1088A00047F4802704F0400020B105F4002006437F
:1088B00047F4002704F4007020B105F400000643DB
:1088C00047F4000704F4806020B105F0807006438F
:1088D00047F0807704F4006020B105F00070064393
:1088E00047F0007704F4005020B105F080600643A3
:1088F00047F0806704F4804020B105F00060064333
:1089000047F000670D48006AB84330430B490862DE
:108910000846406940F4003048614CF2503000F0A5
:10892000FFFB80460548406920F40030034900E021
:1089300000E048614046BDE8F081000000200240B0
:108940002DE9F04104460D4616464CF2503000F039
:10895000E7FB074637BB4CB91448C06A20F07F10CC
:1089600045EA064108431149C8620AE0012C08D1D2
:108970000E48006B20F07F1045EA064108430B4982
:1089800008630A48406940F40030084948614CF2E5
:10899000503000F0C5FB07460448406920F4003021
:1089A000024948613846BDE8F081000000200240DD
:1089B000094A526922F47E72C3B242EAC302064BEC
:1089C0005A611A46526942F002025A611A465269C5
:1089D00042F480325A6170470020024010B50849C5
:1089E000496941F00101064C6161026000BF00BFAE
:1089F00000BFBFF36F8F00BF00BF00BF436010BD5B
:108A000000200240F0B50246402314460D460C4EAD
:108A1000766946F480260A4F7E6100BFEFF3108628
:108A2000304672B600BF2E682660241D2D1D5E1EC6
:108A3000F3B2002BF7D100BF80F3108800BFF0BD68
:108A40000020024070B52DED108BA2B050210EA871
:108A5000FBF7B7FC794C0A220EA9204600F08EF9EC
:108A60004FF47A720023DDE90E512846FBF7ACFB88
:108A70000022D0F101008A4104D220217048FBF786
:108A8000A0FC6FE0DDE90E211046FBF770FF00EE61
:108A9000100ADFED6C0A80EE201A694880ED001A9A
:108AA000DDE910211046FBF762FF00EE100ADFED52
:108AB000650A80EE201A624880ED011ADDE9122174
:108AC0001046FBF754FF00EE100ADFED5E0A80EE61
:108AD000201A5B4880ED021ADDE914211046FBF7ED
:108AE00046FF00EE100ADFED570A80EE201A5448C8
:108AF00080ED031ADDE916211046FBF738FF00EE82
:108B0000100ADFED500A80EE201A4D4880ED041A5D
:108B1000DDE918211046FBF72AFF00EE100ADFED11
:108B2000490A80EE201A464880ED051ADDE91A212F
:108B30001046FBF71CFF00EE100ADFED420A80EE44
:108B4000201A3F4880ED061ADDE91C211046FBF78C
:108B50000EFF00EE100ADFED3B0A80EE201A3848C7
:108B600080ED071A38A13AA001F0DAF9344890ED07
:108B7000070A10EE101A0846FBF747FF41EC180BE6
:108B80002F4890ED060A10EE101A0846FBF73DFF3D
:108B900041EC190B2A4890ED050A10EE101A084610
:108BA000FBF733FF41EC1A0B254890ED040A10EE59
:108BB000101A0846FBF729FF41EC1B0B204890EDEB
:108BC000030A10EE101A0846FBF71FFF41EC1C0BBE
:108BD0001B4890ED020A10EE101A0846FBF715FF2D
:108BE00041EC1D0B164890ED010A10EE101A0846D4
:108BF000FBF70BFF41EC1E0B114890ED000A10EE45
:108C0000101A0846FBF701FF41EC1F0B8DED0C8B92
:108C10008DED0A9B8DED08AB8DED06BB8DED04CB84
:108C20008DED02DB8DED00EB53EC1F2B0A4801F0BC
:108C300077F922B000F012B870BD000000100308F0
:108C4000E01A002000007A44464C415348000000DE
:108C50000A5B25735D000000589E0108BDEC088B7F
:108C6000BDEC08CBFFF7E8BF10B594B0134C0A2257
:108C70006946204600F082F81A23DDE900105940C9
:108C8000014307D10E4949790A9860F345110C4810
:108C9000417105E00A48407920F0200008494871F8
:108CA00008A10AA001F03CF905484079C0F3401141
:108CB00008A001F035F914B010BD00000020030831
:108CC000500A0020464C4153480000000A5B2573BF
:108CD0005D0000005265616420466C617368204449
:108CE000657669636520506172616D20506F7765AC
:108CF00072204F4E3A202564000000001CB5114C34
:108D000001226946204600F039F80F490098C881D1
:108D10000846C089B0F5B46F06DC0846C0890A2849
:108D200006DA0846C08918B14FF4B4600649C88114
:108D300006A108A001F0F4F80348C18907A001F0DA
:108D4000EFF81CBD00080308500A0020464C4153B0
:108D5000480000000A5B25735D00000052656164F5
:108D600020466C6173682047707320506572696F8C
:108D7000643A2025646D696E00000000F0B503467A
:108D80001C46002006E02568666801EBC00760C746
:108D90000834401C9042F6DBF0BD000010B52FA057
:108DA00001F0BEF83DA001F0BBF84CA001F0B8F80E
:108DB0000A22022159A001F0B3F80FF05BFEFFF781
:108DC00053FF00F0EFF8FFF799FFFFF73BFE00F0CD
:108DD0002BF9FFF7E3FB102260496148FBF7D6FA55
:108DE0005F4808385F490A680260496841600B388B
:108DF0005D490968C0F8231010225C492730FBF751
:108E0000C5FA10225A4956482430FBF7BFFA594890
:108E10004079C0F3401020B101205149133981F845
:108E2000480000205449087054480068800851499F
:108E3000497960F386114F484171007920F00800AC
:108E40004C4908714EA14FA001F06AF84948407999
:108E5000C0F380114DA001F063F810BD0A2A2A2A40
:108E60002A2A2A2A2A2A2A2A2A2A2A2A2A2A2A2A62
:108E70002A2A2A2A2A2A2A2A2A2A2A2A2A2A2A2A52
:108E80002A2A2A2A2A2A2A2A2A2A2A2A2A2A2A2A42
:108E90002A2A2A2A2A2A2A2A2A0A00002A2A2A2AA6
:108EA0002A2A2A2A2A2A2A2A2A2A2A2A2A2A2A2A22
:108EB0002A2A2A2A2A2A2A2A2A2A2A2A2A2A2A2A12
:108EC0002A2A2A2A2A2A2A2A2A2A2A2A2A2A2A2A02
:108ED0002A2A2A2A2A2A2A2A0A0000002A2A2A2A90
:108EE0002A2A2A2A2A2A2A2A2A20484B543A204C5B
:108EF0006F526157414E20556C747261736F6E6989
:108F0000632044697374616E6365202A2A2A2A2AC1
:108F10002A2A2A2A2A2A2A2A0A0000002A2A2A2A4F
:108F20002A2A2A2A2048415244574152455F564531
:108F3000523A20307825303258202C534F4654571F
:108F40004152455F5645523A2030782530325820FC
:108F50002A2A2A2A2A2A2A2A0A0000003401002062
:108F6000531D00202C010020440100204801002056
:108F700058010020500A002015000020100400486D
:108F80004C4F47000A5B25735D000000424C4520B2
:108F9000436F6E6E6563742053746174652025643D
:108FA000000000001CB50F4C012269462046FFF767
:108FB000E5FE0D490098888108468089B0F5B46FB8
:108FC00003DC08468089012802DA1E2006498881D0
:108FD00006A108A000F0A4FF0348818907A000F0C3
:108FE0009FFF1CBD00000308500A0020464C41535F
:108FF000480000000A5B25735D0000005265616453
:1090000020466C617368204465766963652052650B
:10901000706F727420496E74657276616C203A20AC
:1090200025646D696E00000010B594B0502168464B
:10903000FBF7C7F9124C0A2269462046FFF79EFE4D
:1090400041F294130020DDE900219A1A884105D2EB
:1090500064200C4948820020888204E00949009875
:1090600048820298888208A109A000F059FF0548AB
:10907000828A418A08A000F053FF14B010BD00009E
:1090800000180308500A0020464C415348000000D5
:109090000A5B25735D0000005265616420466C61C7
:1090A0007368205564205265666572656E63653A23
:1090B000206C6F77207468726573686F6C645B25D1
:1090C000646D6D5D2C207468726573686F6C645B91
:1090D00025646D6D5D00000010B5F0200E4988819B
:1090E0004FF4B460C88164204882002088820872EE
:1090F0000846407920F00400001D487148210748C7
:10910000FBF75FF900F08AF900F02CF900F050F855
:1091100000F0B4F910BD0000500A0020981A002099
:1091200070B5054600F068FE064608E0681C30B1E0
:1091300000F062FE801BA84201D3032070BD1948D5
:10914000006900F480300028F0D116480069164903
:1091500000EA0104CCB11548406820431349486037
:1091600000BF04F0404030B10E48806904F0404137
:1091700008430C49886124F0404018B124F0404075
:109180000849086100BF0120D8E70648006900F0DF
:10919000010020B100BF01200249086100BF00208A
:1091A000CCE7000000200240FAC302008401002046
:1091B00030B59BB000254B4C502106A8FBF701F9B8
:1091C000494890ED000ADFED490A20EE200A10EE32
:1091D000101A0846FBF7EAFBCDE90601424890ED7C
:1091E000010ADFED420A20EE200A10EE101A0846AE
:1091F000FBF7DCFBCDE908013B4890ED020ADFED0F
:109200003B0A20EE200A10EE101A0846FBF7CEFBB0
:10921000CDE90A01344890ED030ADFED340A20EE6F
:10922000200A10EE101A0846FBF7C0FBCDE90C012E
:109230002D4890ED040ADFED2D0A20EE200A10EEF5
:10924000101A0846FBF7B2FBCDE90E01264890ED57
:10925000050ADFED260A20EE200A10EE101A084655
:10926000FBF7A4FBCDE910011F4890ED060ADFEDE6
:109270001F0A20EE200A10EE101A0846FBF796FB94
:10928000CDE91201184890ED070ADFED180A20EE2B
:10929000200A10EE101A0846FBF788FBCDE91401EE
:1092A0000020019002900390049001900120029010
:1092B000A4F10060C00A03900120049000F084FD36
:1092C00000BF05A901A800F0F7FB0028F9D10A2288
:1092D00006A9204600F076F8054600F0DDFC284699
:1092E0001BB030BD00100308E01A002000007A44D3
:1092F00030B59BB00025194C502106A8FBF761F84A
:109300001A210020CDE9061015484079C0F340101D
:109310000021CDE9100100200190029003900490FB
:10932000019001200290A4F10060C00A0390012086
:10933000049000F049FD00BF05A901A800F0BCFBA6
:109340000028F9D10A2206A9204600F03BF805467C
:1093500000F0A2FC28461BB030BD0000002003082E
:10936000500A002030B589B00025144C1448C0893B
:109370000021CDE9060100200190029003900490A5
:10938000019001200290A4F10060C00A0390012026
:10939000049000F019FD00BF05A901A800F08CFBA6
:1093A0000028F9D1012206A9204600F00BF8054655
:1093B00000F072FC284609B030BD00000008030828
:1093C000500A00202DE9F05F81460D4692464FF08D
:1093D000000B4E4600241AE005EBC400D0E90073F0
:1093E0003A463146002000F08FFC8346BBF1000F67
:1093F00008D13168706805EBC4030CCB514058406C
:10940000014302D0012000F006B80836641C544520
:10941000E2DB0020F7E730BCBDE8C09F30B589B083
:109420000025144C144880890021CDE90601002054
:109430000190029003900490019001200290A4F109
:109440000060C00A03900120049000F0BDFC00BF42
:1094500005A901A800F030FB0028F9D1012206A9D6
:109460002046FFF7AFFF054600F016FC284609B07E
:1094700030BD000000000308500A002030B59BB04A
:109480000025184C502106A8FAF79BFF1648408A81
:109490000021CDE906011448808ACDE908010020A9
:1094A0000190029003900490019001200290A4F199
:1094B0000060C00A03900120049000F085FC00BF0A
:1094C00005A901A800F0F8FA0028F9D10A2206A996
:1094D0002046FFF777FF054600F0DEFB28461BB06D
:1094E00030BD000000180308500A002030B589B0D4
:1094F0000025134C13490020CDE90610019002907D
:1095000003900490019001200290A4F10060C00A31
:1095100003900120049000F057FC00BF05A901A8AA
:1095200000F0CAFA0028F9D1012206A92046FFF767
:1095300049FF054600F0B0FB284609B030BD0000E9
:1095400000F803087856341210B526484079C0F365
:109550000010002827D123480079C00960B12148B4
:10956000007920F080001F4908711FA000F0D8FC8E
:109570004FF47A70244908801A48407900F00100BD
:10958000C8B11848407920F00100164948711FA061
:1095900000F0C6FC254800781249497960F3820141
:1095A0001048417107E00F48407920F010000D4944
:1095B0004871FFF791FD0B480079C0F3800040B17E
:1095C0000848007920F004000649087118A000F04E
:1095D000A7FC1B48007820B1002019490870FFF74C
:1095E00087FE10BD500A00200A427574746F6E2009
:1095F00050726573732053686F72742048616E6493
:109600006C65720A00000000180000200A427574A0
:10961000746F6E20507265737320446F75626C6551
:109620002048616E646C65720A000000401D0020D5
:109630000A41636320496E74204576656E740A00A2
:109640002900002010B52DED048BF3484079C0F3BC
:10965000401010B1F048C08910B9BDEC048B10BDAA
:109660004FF4FA71ED48006806F032FD00B9F4E7F6
:109670000AF004FEE9490860E9480068E949096818
:10968000884222D8E448C089C0EB0010E549096847
:1096900001EB8000E24908600221E34801F0CDF8C7
:1096A0009FEDE20BE34880ED040B80ED020BB4204C
:1096B000E1490870E1A1E2A000F032FCD94802685B
:1096C000D7480168E0A000F02BFCDB4800780028B8
:1096D0007ED0D9480078401ED7490870CE48807A9D
:1096E000032802DA0320CC498872D4A1D4A000F068
:1096F00017FCD1480178E4A000F012FCCD4890EDB1
:10970000021BB0EE410AF0EE610A9FEDC81B53EC5C
:10971000112B51EC100BFBF78BF911D0C54890EDD4
:10972000041BB0EE410AF0EE610A9FEDC01B53EC42
:10973000112B51EC100BFBF77BF901D0012000E05D
:1097400000200446BC48007808B1002C7ED0B24806
:10975000C0893C282BDAD3480078E8B9B6480078AD
:10976000002819DDD0480078401CC0B2CE490870EE
:109770001E2810DB0120CB4908700020CA49087060
:10978000AD480078A02801DAA02001E0AA480078BE
:10979000A949087000E060E74CB1A74800788C2820
:1097A00001DA002001E0BF480078BE4908700020BF
:1097B000A149087002219C4801F035F89FA1A0A0A2
:1097C00000F0AEFB9748026895480168B74800E092
:1097D00074E000F0A5FB9048407920F008000830C4
:1097E0008D4948719CB3934890ED041BB0EE410A3B
:1097F000F0EE610A04F01CFAB0EE409AF0EE609AC6
:109800009FEDAB0B53EC102B51EC190BFAF7CBFF80
:1098100041EC180BFBF7E0F87F494862854890ED72
:10982000021BB0EE410AF0EE610A04F001FAB0EE5C
:10983000409AF0EE609A9FED9E0B53EC102B51EC8A
:10984000190BFAF7B0FF41EC180B01E030E030E003
:10985000FBF7C2F870490862764890ED041BB0EE41
:10986000410AF0EE610A9FED711B53EC112B51EC94
:10987000100BFBF7DDF805D26748406A40F0004066
:10988000654948626B4890ED021BB0EE410AF0EE6C
:10989000610A9FED661B53EC112B51EC100BFBF78B
:1098A000C7F80AD25C48006A40F000405A49086292
:1098B00003E00020584948620862AAE0564840790F
:1098C000C0F38010002874D0574814300068C0F3EB
:1098D000400050B90221544800F0AFFF9FED530BF8
:1098E000544880ED040B80ED020B524890ED021BB2
:1098F000B0EE410AF0EE610A9FED4C1B53EC112BC8
:1099000051EC100BFBF794F811D04A4890ED041B72
:10991000B0EE410AF0EE610A9FED441B53EC112BAF
:1099200051EC100BFBF784F801D0012000E000207F
:109930000446ECB33F4890ED041BB0EE410AF0EE54
:10994000610A04F075F9B0EE409AF0EE609A9FED6E
:10995000580B53EC102B51EC190BFAF724FF41EC88
:10996000180BFBF739F82C494862324890ED021B7E
:10997000B0EE410AF0EE610A04F05AF9B0EE409AF6
:10998000F0EE609A9FED4A0B53EC102B51EC190B43
:10999000FAF709FF41EC180BFBF71EF81E490862A5
:1099A000244890ED041BB0EE410AF0EE610A01E09C
:1099B00026E02AE09FED1D1B53EC112B51EC100B00
:1099C000FBF736F805D21448406A40F000401249CF
:1099D0004862184890ED021BB0EE410AF0EE610AB1
:1099E0009FED121B53EC112B51EC100BFBF720F8E1
:1099F0000AD20948006A40F000400749086203E0C3
:109A0000002005494862086203E00221064800F090
:109A10000AFF00BF21E60000500A00201C010020C0
:109A20001801002044000020000800480000000049
:109A300000000000681B0020200100204C4F470060
:109A40000A5B25735D0000004F70656E20477073E0
:109A5000204D6F646520506F7765722C204E6578BD
:109A60007420526561642054696D657374616D7012
:109A70003A2025642C204E6F772054696D657374ED
:109A8000616D703A202564005761697420477073D6
:109A9000204D6F646520526573756C743A2025649F
:109AA000000000002101002022010020A09F0108E9
:109AB0000000000080842E412DE9F04104460F464D
:109AC00000BF3C480078012802D10220BDE8F081A7
:109AD00001203849087000BF4CF25030FFF720FBDE
:109AE0000646002E5ED1334948603348006800F4D2
:109AF000007090B13048006800F4806048B12E4892
:109B0000006820F480602C49086003202949087708
:109B100015E001202749087711E02748006800F484
:109B2000806048B12448006820F4806022490860C1
:109B300002202049087702E000201E4908772068AB
:109B400001280ED16068FEF799FD4CF25030FFF706
:109B5000E7FA06461848406920F0040016494861B3
:109B60001EE04FF0FF303860A56813E028466168BA
:109B7000FEF71EFF4CF25030FFF7D2FA06460E48B1
:109B8000406940F2FA3188430B4948610EB13D60AB
:109B900005E06D1CD4E902010844A842E6D800BFE4
:109BA000FEF730FD00BF00200249087000BF3046BC
:109BB0008CE70000840100200020024010B504461C
:109BC00006202060606810B16068012809D1206813
:109BD00040F00100206004F10C02111F6068FEF7E4
:109BE00097FDFEF77DFD2061FEF78AFDA061E0692B
:109BF000012809D1206840F00800206004F1240207
:109C0000111F081FFEF74CFD10BD000070B5044683
:109C1000002500BF1F480078012801D1022070BD37
:109C200001201C49087000BF00204860207800F027
:109C3000010028B1201D07C8FEF782FE00B10125F2
:109C4000207800F0020020B12069FEF7C1FD00B1CC
:109C50000125207800F0040028B1D4E90501FEF7C1
:109C6000DBFD00B10125207800F0080050B1D4E9F7
:109C70000801884206D0D4E90812E069FEF764FDC5
:109C800000B1012500BF00200249087000BF28462E
:109C9000C5E70000840100200348406940F000400F
:109CA00001494861002070470020024010B5054876
:109CB000406940F00060034948614CF25030FFF7C2
:109CC0002FFA10BD002002400348406940F0804058
:109CD0000149486100207047002002400748406960
:109CE00000F0804028B106480449C8600548C860B3
:109CF00001E0012070470020FCE700000020024046
:109D00003B2A19087F6E5D4C2DE9F04704468846D2
:109D100015461E464FF0000900BF2948007801286B
:109D200002D10220BDE8F08701202549087000BF5C
:109D30004CF25030FFF7F4F90746002F38D1204994
:109D400048602048006800F4806048B11D48006801
:109D500020F480601B49086002201949087702E05E
:109D60000020174908773CB92A4633464046FEF79B
:109D700035FE4FF001090BE0012C01D0022C07D178
:109D800029464046FEF73EFE022C01D14FF48029C1
:109D90004CF25030FFF7C4F90746B9F1000F05D077
:109DA0000848406920EA090006494861FEF72AFC94
:109DB00000BF00200249087000BF3846B2E700002B
:109DC000840100200020024000200849496901F078
:109DD000004151B10649054A91600649916011461A
:109DE000496901F0004101B10120704700200240A3
:109DF00023016745AB89EFCD01480068704700003B
:109E000078010020034800680349097808440149A3
:109E100008607047780100208001002000BFFEE745
:109E200010B58EB01C2107A8FAF7CBFA182101A8AB
:109E3000FAF7C7FA4FF44020354A02EB10610A687E
:109E4000040C0323A3409A43C3B2040CA3401A4357
:109E50000A6000BF022000F0B7FA4FF400102C494E
:109E60008839896D01432A4A883A91651146896D7E
:109E70000140009100BF00BF4FF4407001900220EC
:109E800002900320039001200490002005900420FC
:109E9000069001A91F4800F029FC00BF1E48406839
:109EA00040F000701C49486000BF00BF0846C06811
:109EB00020F40040C86000BF00BF0846006820F4DE
:109EC0000020086000BF00BF0846006820F4003092
:109ED000086000BF002007901048089000200990FB
:109EE0000A900B900C900D9007A90B4800F0FBFC1A
:109EF00000210846084AD26840F2FE739A4341EABC
:109F000000031A43044BDA6000BF0EB010BD00001E
:109F10008810024000040048005400405B3D3000BF
:109F20000FB438B5049818B10498FAF767FA10B965
:109F300038BC5DF814FB05A800900748009A049906
:109F400003F0E6FA054600200090034CA9B2204633
:109F500000F004F800BFEBE7161800202DE9F041EF
:109F600004460D46002627460CE03046721C96B289
:109F7000395C064801F063FB00BF044801F055FB63
:109F80000028FAD0AE42F0DBBDE8F0810048004086
:109F900000B587B0182101A8FAF713FA022000F0E3
:109FA000E9F901200290032003900020049005901D
:109FB000C020019001A90A4800F098FB4021084800
:109FC00000F02DFC8021064800F029FC40200549C6
:109FD00009688143034A116000BF07B000BD00005B
:109FE000000400480004014000B58BB001A8FFF751
:109FF000E5FD079800F4003090B104200190102096
:10A00000069000200790FFF7DFFEFFF767FE01A82C
:10A01000FFF7FCFDFFF758FEFFF73EFEFFF746FE99
:10A0200000BF4CF6CC401349086000BF00BF45F2AA
:10A030005550086000BF0620486000BF40F6C410BD
:10A04000886000BF00BF00BF0A48C06800F007007A
:10A0500008B9012000E000200128F4D140F6FF708B
:10A060000449086100BF00BF4AF6AA20086000BF8B
:10A070000BB000BD0030004070B504460D46002610
:10A08000074800F027F938B92868A16821F47C1145
:10A090000143A16000BF00E00126304670BD000012
:10A0A00000000450F8B5044600250020009020462A
:10A0B00000F010F9012868D10020E16821F47C61EA
:10A0C0000143E16000BF00BFA068C0F3800060B141
:10A0D000204600F03BF940B900BFA068674908403E
:10A0E00040F01000A06000BF00BF0020E16C21F034
:10A0F000FC010143E16400BF00BFA068C0F3C000E1
:10A1000060B1204600F0CAF840B900BFA0685B49C2
:10A11000084040F02000A06000BF00BF4FF40040A6
:10A12000009006E00098401E0090009808B90125B4
:10A1300009E0204600F00AF90646204600F0AEF895
:10A140000643012EEED000BF4FF40010E1684C4AE8
:10A1500011400143E16000BF00BFA06847490840CB
:10A16000801CA06000BF4FF40040009006E0009803
:10A17000401E0090009808B9012505E000BFA068C6
:10A18000C0F340000028F2D100BFA06800F03F00FB
:10A19000002870D160686FF30A006060206840F2A8
:10A1A000FF7108432060A06820F0A040A060A06874
:10A1B00040F00050A060E0683249084040F00040A4
:10A1C000E06020696FF30A00206160692E49084051
:10A1D0006061A06900F07840A061206A00F0F02082
:10A1E0002A4908432062606A00F0FF2040F47F00A3
:10A1F0006062A06A00F0FF2040F47F00A062206B44
:10A20000234908402063606B21491039084060638E
:10A21000A06B0840A063E06B40F2DF718843E0630D
:10A22000E06C1C490840E064206E1B490840206631
:10A23000606E08406066A06E0840A066E06E084050
:10A24000E066D4F8A0006FF31200C4F8A000D4F8C0
:10A25000A4006FF31200C4F8A400D4F8B0006FF3A8
:10A260001200C4F8B000D4F8B40020F07F10C4F895
:10A27000B40001E0FFE701252846F8BDC0FFFF7FDD
:10A28000FFFFDF7F04800080070000C00000FF0F99
:10A29000300882E00020088200F0FF030146886851
:10A2A000C0F34010704770B505460C46002628469E
:10A2B00000F010F858B9D4E900010843A168084338
:10A2C000E96844F2380291430843E86000E001265F
:10A2D000304670BD0146886800F0010070470000FC
:10A2E00070B505460C460026606800B100BF2846E0
:10A2F000FFF7F0FF20BB606870B1A16820680843D9
:10A30000E16808432169084361690843E9680E4A26
:10A3100011400843E8600BE0E168206808432169C8
:10A32000084361690843E968074A11400843E86047
:10A330006068296B21F00F010143296300BF00E031
:10A340000126304670BD00003CC0F0FF0146886821
:10A35000C0F300107047000008B50549C96C0143FF
:10A36000034AD1641146C96C0140009100BF08BD89
:10A370000010024008B50549C96C0143034AD16485
:10A380001146C96C0140009100BF08BD0010024099
:10A3900008B50549C96C0143034AD1641146C96C2B
:10A3A0000140009100BF08BD0010024008B50549FA
:10A3B000C96C0143034AD1641146C96C0140009144
:10A3C00000BF08BD0010024008B50549C96C014333
:10A3D000034AD1641146C96C0140009100BF08BD19
:10A3E0000010024008B50549896D0143034A916593
:10A3F0001146896D0140009100BF08BD0010024068
:10A4000008B50549896D0143034A91651146896D77
:10A410000140009100BF08BD0010024008B5054989
:10A42000896D0143034A91651146896D0140009190
:10A4300000BF08BD001002400249896B0143014A78
:10A4400091637047001002400249896B0143014A41
:10A4500091637047001002400249896B8143014AB1
:10A4600091637047001002400249896B8143014AA1
:10A4700091637047001002400249096C0143014A90
:10A4800011647047001002400249096C8143014A7F
:10A4900011647047001002400149086070470000D5
:10A4A00014040140024909688143014A1160704760
:10A4B00004040140024909688143014A1160704760
:10A4C00024040140024909688143014A1160704730
:10A4D00000040140024909688143014A1160704744
:10A4E00020040140024909680143014A1160704794
:10A4F00004040140024909680143014A11607047A0
:10A5000024040140024909680143014A116070476F
:10A510000C040140024909680143014A1160704777
:10A520002C040140024909680143014A1160704747
:10A5300000040140024909680143014A1160704763
:10A5400020040140024909680143014A1160704733
:10A5500008040140024909680143014A116070473B
:10A560002804014070B504460025207A00287BD0DD
:10A57000206800284BD0607A20B1012809D0022839
:10A5800015D10DE02068FFF78DFF2068FFF7CAFFA7
:10A590000FE02068FFF796FF2068FFF7A3FF08E0B1
:10A5A0002068FFF7BFFF2068FFF79CFF01E001254F
:10A5B00000BF00BFA07A50B3A07A012804D00228BF
:10A5C0000DD003281FD117E0206841490968814355
:10A5D0003F4A116000BF2068FFF7B4FF16E0206813
:10A5E0003B49091F09688143394A121F116000BFA6
:10A5F0002068FFF787FF09E02068FFF7A3FF2068C6
:10A60000FFF780FF02E045F0020500BF00BF606871
:10A6100000285AD0607A20B1012809D0022815D12B
:10A620000DE06068FFF746FF6068FFF783FF10E00A
:10A630006068FFF74FFF6068FFF75CFF09E0606844
:10A64000FFF778FF6068FFF755FF02E045F004056B
:10A6500000BF00BFA07A58B3A07A012805D0022815
:10A6600010D0032822D11AE023E060681849203175
:10A6700009688143164A2032116000BF6068FFF705
:10A6800069FF15E0606812491C3109688143104A6E
:10A690001C32116000BF6068FFF73CFF08E0606893
:10A6A000FFF758FF6068FFF735FF01E0012500BFA5
:10A6B0000BE02068FFF706FF2068FFF7F3FE6068F5
:10A6C000FFF708FF6068FFF7F5FE284670BD000041
:10A6D0000C0401400146044800680840884201D14A
:10A6E000012070470020FCE714040140F0B5024649
:10A6F0000B46186890FAA0F0B0FA80F487E00120C9
:10A70000A0401D6805EA000100297FD05868012893
:10A7100002D0586802281DD19868956891FAA1F670
:10A72000B6FA86F677000326BE40B54391FAA1F645
:10A73000B6FA86F6760000FA06F63543956000BF55
:10A74000DD6818685668864300FB05F73E4356608F
:10A7500000BF00BF1869D56891FAA1F6B6FA86F66F
:10A7600077000326BE40B54391FAA1F6B6FA86F605
:10A77000760000FA06F63543D56000BF5868022817
:10A780002DD1FF2914D85869156A91FAA1F6B6FAA5
:10A7900086F6B7000F26BE40B54391FAA1F6B6FA89
:10A7A00086F6B60000FA06F63543156200BF16E0DD
:10A7B0005869556A0E0A96FAA6F6B6FA86F6B700F2
:10A7C0000F26BE40B5430E0A96FAA6F6B6FA86F6EE
:10A7D000B60000FA06F63543556200BF00BF586860
:10A7E000156891FAA1F6B6FA86F677000326BE4000
:10A7F000B54391FAA1F6B6FA86F6760000FA06F6A7
:10A800003543156000BF00E000E000BF641C18681D
:10A81000E04000287FF473AFF0BD81627047816231
:10A8200070478162704781627047816270478161C1
:10A8300070478161704781617047816170478161B4
:10A84000704730B5036891FAA1F4B4FA84F4650056
:10A850000324AC40A34391FAA1F4B4FA84F4640055
:10A8600002FA04F42343036030BD30B5C36891FAA3
:10A87000A1F4B4FA84F465000324AC40A34391FA34
:10A88000A1F4B4FA84F4640002FA04F42343C3602C
:10A8900030BDC16941F02001C1617047016841F0DC
:10A8A000010101607047F0B5DDE9055446684FF4D9
:10A8B000806707EA545740F6FF3C47EA0C0747F425
:10A8C000C04747F0807747F47F0747F0007747F4A9
:10A8D0008057BE4341EA020747EA03472F43274315
:10A8E0003E434660F0BD30B5024600BF106820F020
:10A8F0000100106000BFD1E90203146824F4F85489
:10A9000040EA03252C43146000BF4868106100BF73
:10A9100000BF106840F00100106000BF00BF9068E9
:10A9200020F40040906000BF8B69086994686FF361
:10A930000A0440EA03052C43946000BF086930B163
:10A9400000BF906840F40040906000BF00BF0868FE
:10A95000136823F440130343136000BF486953682E
:10A9600023F400430343536000BF002030BD014681
:10A970008869C0F3C030704701468869C0F3800021
:10A98000704701468869C0F34010704701468869E6
:10A99000C0F3400070470146086800F001007047AE
:10A9A000816270474FF47A71B0FBF1F2521E4FF0A2
:10A9B000E0235A6100229A6105221A6100BF7047A4
:10A9C000416841F002014160704700002DE9F05FED
:10A9D00004460D464FF0010B00BF206800F0010057
:10A9E000002838D1E9686868084329690843216864
:10A9F0001A4A114008432060A868616821F4405158
:10AA00000143616000BF6869A16821F4407101439E
:10AA1000A16000BF4FF4406000F030F88146B9F10A
:10AA2000000F18D02868B0B14FF0000BCA462E684E
:10AA30007EB14FF48070AAFB003071085F1840F1BE
:10AA40000001324600233846F9F7BEFB04490840AE
:10AA5000E06000BF00BF584600F004B8F3E9FFEF24
:10AA6000FFFF0F0030BCBDE8C09F00000248006837
:10AA7000C0F3002070470000007000402DE9F04155
:10AA80000446002500BF164800682040C0B1B0F55C
:10AA9000806F06D0B0F5006F07D0B0F5406F19D1C8
:10AAA00008E001F0D5FA054615E000F0B5F800B170
:10AAB0000C4D10E000F0B8F808B14FF400450AE082
:10AAC00001F0C6FA074601F08FFA064601F09CFA3B
:10AAD000054600E000BF00BF2846BDE8F081000049
:10AAE000881002400024F4002DE9F04104460025BE
:10AAF000032C29D1204600F085F8B0F5403F17D04F
:10AB00006FF44031084420B1012806D0022819D141
:10AB100008E001F09DFA054615E000F07DF800B16F
:10AB2000374D10E000F080F808B14FF400450AE01E
:10AB300001F08EFA074601F057FA064601F076FA60
:10AB4000054600E000BF57E00C2C29D1204600F05C
:10AB500059F8B0F5402F17D0A0F54020001F20B1C4
:10AB6000042806D0082819D108E001F071FA05463A
:10AB700015E000F051F800B1214D10E000F054F85C
:10AB800008B14FF400450AE001F062FA074601F00F
:10AB90002BFA064601F038FA054600E000BF2BE02C
:10ABA000302C29D1204600F02DF8B0F5401F17D0E9
:10ABB000A0F54010103820B1102806D0202819D157
:10ABC00008E001F045FA054615E000F025F800B16F
:10ABD0000B4D10E000F028F808B14FF400450AE0F2
:10ABE00001F036FA074601F0FFF9064601F00CFACB
:10ABF000054600E000BF00BF2846BDE8F081000028
:10AC00000024F400014603480068084040EA01407F
:10AC1000704700008810024002480068C0F380209E
:10AC2000704700000010024002480068C0F3400076
:10AC300070470000901002400248006800F0F000E9
:10AC400070470000001002400248006800F4706085
:10AC5000704700009410024002480068C0F3C00032
:10AC600070470000001002400248C06800F0700009
:10AC700070470000001002400248C06800F0030066
:10AC800070470000001002400248C068C0F3062070
:10AC900070470000001002400549096821EA104190
:10ACA00082B21143024A883AC2F888107047000005
:10ACB00088100240F0B5059C002502F0F00636042D
:10ACC00002F00F0746EA07460E4303F0F0073F0283
:10ACD00003F00F0C47EA0C273E4304F0F00704F0A2
:10ACE0000F0C47EA0C0746EA0705C669024F3E40CB
:10ACF0002E43C661F0BD0000808080FF816821F492
:10AD00008071816070472DE9F84305460E46144670
:10AD10005EB9284600F080F900B102E00020206012
:10AD200000BFE06800B90CE00BE0284600F074F9C1
:10AD300000B102E00020206000BFE06800B900E040
:10AD400000BF284600F039F9E068E8B900BFE869BB
:10AD500020F08040E86100BF26B1217C284600F049
:10AD600069F820E0207C0A21B0FBF1F201FB12001F
:10AD7000217C0A22B1FBF2F140EA0110C7B2394648
:10AD8000284600F057F80EE000BFE86940F0804028
:10AD9000E86100BF207CE96921F0706141EA00614F
:10ADA000E96100BF00BF46B1A079009063792279C4
:10ADB00028462168FFF77EFF2FE0A0790A21B0FB2B
:10ADC000F1F201FB1200A1790A22B1FBF2F140EA93
:10ADD0000110C7B260791146B0FBF1F201FB12001D
:10ADE00061790A22B1FBF2F140EA011000F0FF089C
:10ADF00020791146B0FBF1F201FB120021790A2201
:10AE0000B1FBF2F140EA011000F0FF090097434660
:10AE10004A4628462168FFF74DFFA068E96901F01E
:10AE20007F310143E96100BF284600F0CBF80020E4
:10AE3000BDE8F88301F0F002120601F00F0342EAC8
:10AE40000362C36923F07C531A43C2617047C1682F
:10AE500001F0800161F4C071C1607047F0B5059CDC
:10AE6000002504F0F006360404F00F0746EA074612
:10AE700046EA413603F0F0073F0203F00F0C47EAC1
:10AE80000C273E4302F0F00702F00F0C47EA0C07D4
:10AE900046EA07054668024F3E402E434660F0BD35
:10AEA000C00000FF0146486800F03F0070470146BF
:10AEB0004868C0F30420704701464868C0F3423038
:10AEC000704701464868C0F3074070472DE9F84FC6
:10AED00006460D46144601274DB9607800F0100073
:10AEE000102804D1607820F010000A30607005B995
:10AEF00000E000BF304600F060F8304600F065F832
:10AF0000012848D045B1E07800906378A278217894
:10AF10003046FFF7A3FF31E0E0780A21B0FBF1F201
:10AF200001FB1200E1780A22B1FBF2F140EA0110C4
:10AF300000F0FF0860781146B0FBF1F201FB12004F
:10AF400061780A22B1FBF2F140EA011000F0FF093A
:10AF5000A0781146B0FBF1F201FB1200A1780A22A1
:10AF6000B1FBF2F140EA011000F0FF0ACDF80080D9
:10AF700021784B4652463046FFF770FF304600F0CE
:10AF800013F8304600F057F820B9304600F0FEF8CC
:10AF9000074600E00027304600F014F8384600F07D
:10AFA00000B818BCBDE8E08F6FF08001C160704749
:10AFB000CA214162532141627047CA214162532133
:10AFC00041627047FF2141627047F8B505464FF472
:10AFD0007A7000900026284600F023F8D0B900BF10
:10AFE000701EE86000BF284600F01BF804460DE024
:10AFF00000F0BEF9012802D10098401E00902846BA
:10B0000000F00FF80446009800B90126009808B136
:10B01000012CEDD13046F8BD0146886800F04000B3
:10B0200070470146C868C0F3801070470146C86881
:10B03000C0F34010704701468868C0F34010704765
:10B04000F0B5059C002502F0F006360402F00F076B
:10B0500046EA07460E4303F0F0073F0203F00F0CE9
:10B0600047EA0C273E4304F0F00704F00F0C47EAD0
:10B070000C0746EA07050668024F3E402E4306606D
:10B08000F0BD0000808080FF01460868C0F30540E5
:10B09000704701460868C0F30620704701460868FB
:10B0A00000F07F0070472DE9F84F06460D46144624
:10B0B000012745B93046FFF7AFFF00B102E000209D
:10B0C000206000BF08E03046FFF7A6FF00B102E0B5
:10B0D0000020206000BF00BF3046FFF76EFF304603
:10B0E000FFF773FF012848D045B1A079009063793C
:10B0F000227930462168FFF7A3FF31E0A0790A21C9
:10B10000B0FBF1F201FB1200A1790A22B1FBF2F1CE
:10B1100040EA011000F0FF0860791146B0FBF1F23F
:10B1200001FB120061790A22B1FBF2F140EA011041
:10B1300000F0FF0920791146B0FBF1F201FB12008B
:10B1400021790A22B1FBF2F140EA011000F0FF0A76
:10B15000CDF800804B46524630462168FFF770FF1D
:10B160003046FFF721FF3046FFF765FF20B9304634
:10B1700000F00CF8074600E000273046FFF722FFFA
:10B18000384600F000B818BCBDE8E08FF8B50446BA
:10B190004FF47A700090002500BFE06800F0800056
:10B1A00060F0A000E06000BF2046FFF73FFF0646CA
:10B1B0000DE000F0DDF8012802D10098401E00905B
:10B1C0002046FFF733FF0646009800B90125009896
:10B1D00008B1002EEDD1012D19D04FF47A700090F6
:10B1E0002046FFF723FF06460DE000F0C1F80128D6
:10B1F00002D10098401E00902046FFF717FF064638
:10B20000009800B90125009808B1012EEDD128461B
:10B21000F8BD000070B504460125134884420DD1E5
:10B2200080141249096C0143104A116400BF00BF29
:10B230001146096C8143116400BF00250C4884420B
:10B2400006D10014FFF7F8F82014FFF705F90025E0
:10B250000848844206D1C013FFF7EEF8E013FFF769
:10B26000FBF80025284670BD003001400010024068
:10B2700000380040003C0040416821F00801416076
:10B280007047016841F040010160704730B50246E7
:10B29000012300BF1068C0F38010A0BBD1E90004F7
:10B2A0002043CC6820430C6920434C6920438C69BF
:10B2B0002043CC6920430C6A204314684FF6BF75C5
:10B2C000AC43204310604C69886840EA14405468DD
:10B2D00040F60475AC43204350608868B0F5006FB9
:10B2E00007D21803546824F480540443546000BF08
:10B2F00000BF086AB0F5005F04D1486A84B21461E7
:10B3000000BF00BF0023184630BD01468868C0F367
:10B31000C01070470146886800F001007047014680
:10B320008868C0F3400070470146087B7047426858
:10B3300022F010020A434260704700F10C021170C3
:10B340007047000010B5094ACBB252F8232022EA18
:10B3500011420B0C93FAA3F3B3FA83F300FA03F34D
:10B360001A43024BCCB243F8242010BD0800014020
:10B370004FF0E0200069C0F30040704701490860C9
:10B38000704700002401002070B5044600252148C4
:10B39000844206D1C014FFF76FF8E014FFF774F889
:10B3A00036E0B4F1804F06D10120FFF74DF80120BF
:10B3B000FFF75AF82CE01848844206D11020FFF716
:10B3C00043F81020FFF750F822E01448844206D1D9
:10B3D0002020FFF739F82020FFF746F818E0104842
:10B3E000844208D14FF48030FFF746F84FF48030A4
:10B3F000FFF74AF80CE00B48844208D14FF40030C4
:10B40000FFF73AF84FF40030FFF73EF800E001256F
:10B41000284670BD002C0140001000400014004080
:10B420000040014000440140016841F00101016019
:10B430007047C16841F00101C160704710B5024614
:10B4400013681C48824202D0B2F1804F04D123F02D
:10B4500070004C6840EA04031648824208D0B2F1FA
:10B46000804F05D01448824202D01448824204D151
:10B4700023F44070CC6840EA040313608868D0620B
:10B4800000BF0888906200BF0A48824205D00A487F
:10B49000824202D00948824203D10869106300BF8A
:10B4A00000BF00BF506940F00100506100BF0020A4
:10B4B00010BD0000002C014000400140004401404C
:10B4C0000146086900F001007047012101627047E0
:10B4D000416821F490414160816821F02A01816036
:10B4E0007047816821F4005181607047816841F4A0
:10B4F000805181607047016841F00101016070472F
:10B5000000BF00BF50E8002F42F4807140E80012F5
:10B51000002AF7D100BF704700BF00BF50E8002FDE
:10B5200042F0200140E80012002AF7D100BF704726
:10B530002DE9F04104460D4601270026204600F083
:10B5400079F8002857D1E9686868084329690843F1
:10B55000A96908432168294A114008432060A86866
:10B56000616821F440510143616000BF6869A168CE
:10B5700021F440710143A16000BF2148844204D1FD
:10B580000320FFF7B1FA06460EE01E48844204D1BC
:10B590000C20FFF7A9FA064606E01B48844203D1B7
:10B5A0003020FFF7A1FA06462EB3286818B300270B
:10B5B0003146AB692868B3F5004F12D14FEA410814
:10B5C00008EB5008B8FBF0F81FFA88F24FF6F07855
:10B5D00002EA080CC2F342084CEA080CC4F80CC09A
:10B5E00007E001EB5008B8FBF0F81FFA88F8C4F840
:10B5F0000C8000BF00BF3846BDE8F081F369FFEF63
:10B600000038014000440040004800400146C8693D
:10B61000C0F3C00070470146C86900F001007047E0
:10B620000146C869C0F3401070470146C869C0F3BD
:10B63000801070470146086800F0010070470185DE
:10B640007047000010B500BF0A480068C0F3400012
:10B6500070B10848FFF7B4F907480079C0F340100B
:10B6600030B10548007920F010001030024908710F
:10B6700010BD0000007C0040500A002000BF1C48A4
:10B68000C069C0F34010D0B100BF1949898CC9B25C
:10B6900008461849B1F80612FE290FDA1549B1F823
:10B6A0000622B1F80612491C124BA3F8061203F544
:10B6B0008371885432211A46A2F8081200BF00BFD5
:10B6C0000B48C06900F0010028B100BF0120084903
:10B6D000086200BF00BF00BF0548C069C0F3C000DA
:10B6E00028B100BF08200249086200BF00BF7047B0
:10B6F000008000400211002010B521484079C0F3BD
:10B70000801020B901211F48FFF791F823E01E485F
:10B71000007800F00100D0B91C480088401C1B498B
:10B720000880084600884FF4FA7190FBF1F201FBA3
:10B73000120080B90120134A516920EA010201EA8E
:10B74000000342EA03420F4B9A6100BF03E001216C
:10B750000C48FFF762F80E48008878B101210948CB
:10B76000FFF75BF80A480088401E09490880084630
:10B77000008818B901210348FFF759F810BD0000EF
:10B78000500A002000040048401D00201C0000203A
:10B790001800002030B593B0A0A207CA10AB07C3B1
:10B7A000A1A103C9CDE90E0101200BF053FF012037
:10B7B0000BF03EFF0BF076FB142000F021FBFBF7B3
:10B7C0005FF8FAF7AFFDFBF725F899490846D0F87E
:10B7D0000700C1F823001022964995481330F8F766
:10B7E000D5FD93480B3094490A680260496841606E
:10B7F0000B3892490968C0F823101022904927306D
:10B80000F8F7C4FD10228F4989483730F8F7BEFD9C
:10B81000FBF740FAFBF77CF8FBF7E0F80020FBF7BA
:10B82000A3F90A20FBF754FA03210120FBF7CAF918
:10B83000FBF700FA5B20FBF747F9FF20FBF768F9FD
:10B84000FBF74AF8142000F0DBFAFAF72FFCFAF7BE
:10B8500095FAFAF7F3F9FAF7D9FCFAF737FBFAF7A2
:10B8600077FEFAF75DFCFAF729FFFAF7F9FDFAF728
:10B8700035FEFAF75DFFFAF78DFCFAF7DDFBFBF713
:10B880002BF8142000F0BCFA00200BF0E3FE6EA2AF
:10B890000A2110A801F0F4FD63A205210EA801F011
:10B8A000EFFD6BA0FEF73CFB00F0DEFA044674A04F
:10B8B000C17973A08079303800EB800001EB400043
:10B8C000A0F130016EA002796DA0C078303800EB95
:10B8D000800002EB4000A0F1300269A0437868A02C
:10B8E0000078303800EB800003EB4000A0F130031B
:10B8F00066A04579303D65A00079202801D100205F
:10B9000002E062A00079303800EB800005EB4000D7
:10B91000CDE90532079104905CA0017A5BA0C07963
:10B92000303800EB800001EB4000303800EB800144
:10B9300056A0407A303800EB410000EB800153A064
:10B94000807A303800EB410053A10EAA10ABCDE94C
:10B950000204CDE900210A22022150A0FEF7E0FAFC
:10B960003348807A32494A7A097A314BDB79CDE91A
:10B970000131CDE903202E48807900902C4843798D
:10B980000279C17853A0FEF7CBFA294890F822201B
:10B9900090F8211090F82000254BDB7FCDE909308D
:10B9A000CDE90B122248827F407F2149097F204B3D
:10B9B000DB7ECDE90531CDE907021D48827E407E60
:10B9C0001B49097E1A4BDB7DCDE90131CDE903022C
:10B9D0001748807D00901648437D027DC17C484811
:10B9E000FEF79EFA1248807C1149497C104A127C6D
:10B9F0000F4BDB7BCDE90132CDE903100C48807B96
:10BA000000900B48437B027BC17A3EA0FEF788FA88
:10BA10000FA0FEF785FA13B030BD00004153393254
:10BA2000335F4153320000004F5441410000000099
:10BA3000401D0020340100202C0100204401002082
:10BA400048010020580100204155393135000000DF
:10BA50000D0A2A2A2A2A2A2A2A2A2A2A2A2A2A2A83
:10BA60002A2A2A2A2A2A2A2A2A2A2A2A2A2A2A2A36
:10BA70002A2A2A2A2A2A2A2A2A2A0D0A000000000B
:10BA800031383A30313A3230000000004A756E20C9
:10BA90003234203230323600410000000D0A536F3C
:10BAA00066745665723A5625642E25645F25735F69
:10BAB00025735F436C61737325735F4C49525F2537
:10BAC000642E25642E25645F25643A25643A256436
:10BAD0000D0A00000D0A4465764575693A25303235
:10BAE000782530327825303278253032782530325A
:10BAF000782530327825303278253032780D0A00BA
:10BB0000E0A001080D0A4170704575693A25303290
:10BB10007825303278253032782530327825303229
:10BB2000782530327825303278253032780D0A0089
:10BB300010B54FF4FA718548006804F0C9FA00B9ED
:10BB400010BD08F09BFB81490860814890F84800CF
:10BB5000052877D2DFE800F0031A39779A007D488C
:10BB600000687D49096888420FD8794890F84800F4
:10BB700058B9774890F84700022806D10120744947
:10BB800081F84800962075498872DCE0704800789A
:10BB900020F001006E49087001200BF05BFD0120D0
:10BBA0000BF046FD0BF07EF9142000F029F900207F
:10BBB0000BF03EFD642000F023F900206849088066
:10BBC0000220634981F84800BDE008F0BDFA90B159
:10BBD00008F002FB78B103205D4981F84800614814
:10BBE000007800282DD060A160A0FEF799F961A02F
:10BBF000FEF796F925E05A480088401C584908800D
:10BC000062A15AA0FEF78CF95548018860A0FEF7A2
:10BC100087F953480088F02813DB0020504908803A
:10BC200063A152A0FEF77CF963A0FEF779F9022028
:10BC3000474981F84700042081F84800032047491C
:10BC4000887280E07EE001200BF0F2FC08F026FA1A
:10BC500000200BF0EDFC3E48007820F00100401C75
:10BC60003B49087000205C4908703D49088038490C
:10BC700081F8480081F84700032038498872084657
:10BC8000407920F00400001D48715CE00320334936
:10BC9000887200202E4981F84800022081F8470070
:10BCA0002C4800682C490968884247D84A480078DF
:10BCB000401C4949087008460078052801DD052028
:10BCC000087045480078062827D2DFE800F02603F0
:10BCD0000A11181F2048006800F5E1601D4908603E
:10BCE00022E01D48006800F561601A4908601BE009
:10BCF0001948006800F5E1501649086014E016483C
:10BD0000006800F5E140134908600DE01248006842
:10BD1000324908440F49086006E00F4800682F497F
:10BD200008440C49086000BF00BF18A10FA0FEF72F
:10BD3000F7F8084801682AA0FEF7F2F800200BF097
:10BD400089FC00E000BF00BF00BFF9E670010020E1
:10BD5000401D00206C01002044000020500A0020FB
:10BD6000740100201500002041434B000A5B25733D
:10BD70005D0000004C6F5261205265676973746505
:10BD80007220537563636573730000004C4F470066
:10BD90004C6F526157414E205761697420456E7453
:10BDA000657220496E204E657420256400000000F5
:10BDB0005741524E000000004C6F526157414E20D7
:10BDC000456E74657220496E204E65742054696D0D
:10BDD000656F75742100000068010020805101002A
:10BDE000557064617465205265636F6E6E6563742F
:10BDF0002054696D657374616D703A20256C640020
:10BE000010B5044600BF4AF6AA200349086000BFE7
:10BE1000A0B209F097FA10BD0030004070B504469A
:10BE20002046F8F7EBFA85B22946204600F002F8E2
:10BE300070BD00002DE9F04104460D46002627465E
:10BE40000CE03046721C96B2395C0648FFF7F7FBEF
:10BE500000BF0448FFF7E9FB0028FAD0AE42F0DB50
:10BE6000BDE8F081003801401FA1897870292ED0EB
:10BE70000CDC672929D004DC622918D063292ED173
:10BE80002BE06C291FD06E2929D108E0722910D02F
:10BE900074291ED076291ED0792920D111E012A153
:10BEA0004978612901D1012000E0062019E0022033
:10BEB00017E00DA14978612901D1032000E0042099
:10BEC0000FE005200DE007200BE0082009E0092025
:10BED00007E00A2005E00B2003E00C2001E0002031
:10BEE00000BF00BF704700004A756E203234203218
:10BEF0003032360000BFFEE700BFFEE7F0B5034674
:10BF00000C4603F00701C1F10700042801D9042001
:10BF100001E0C1F107000646081D072801D20020F4
:10BF200000E0C81E05460120B040401E2040A84049
:10BF30000127AF407F1E17403843F0BDF0B50346E0
:10BF40000C4603F00701C1F10700042801D90420C1
:10BF500001E0C1F107000646081D072801D20020B4
:10BF600000E0C81E05460120B040401E2040A84009
:10BF70000127AF407F1E17403843F0BD70470000D7
:10BF800030B50223002008210246154CE46824F055
:10BF9000730443EA00052C43114DEC602C462469E0
:10BFA000104D2C4042EA01252C430D4D2C6100BF61
:10BFB00000BF2846006940F080702946086100BF34
:10BFC00000BF0846006840F08060086000BF00BF06
:10BFD00000BF03480068C0F3C0600028F8D030BD3F
:10BFE00000100240FF80FFF9014600BF044880684E
:10BFF00000F0F0000009034A125C21FA02F07047D9
:10C0000000100240488F0108014600BF05488068C3
:10C0100000F4E060044A02EB1020027821FA02F0FA
:10C020007047000000100240588F0108014600BF11
:10C030000548806800F46050044A02EBD020027882
:10C0400021FA02F07047000000100240588F0108EA
:10C0500010B500BF2948806800F00C0030B10428FA
:10C0600022D0082822D00C2826D121E0FEF7F4FDAA
:10C0700060B9FEF7F1FD10B1FEF7DEFD01E0FEF75D
:10C08000E3FD000A1E4951F820000BE0FEF7E4FD35
:10C0900010B1FEF7D1FD01E0FEF7D6FD0009184909
:10C0A00051F82000044625E0164C23E0164C21E010
:10C0B00000F02CF804461DE0FEF7CEFD60B9FEF757
:10C0C000CBFD10B1FEF7B8FD01E0FEF7BDFD000AA3
:10C0D0000B4951F820000BE0FEF7BEFD10B1FEF752
:10C0E000ABFD01E0FEF7B0FD0009054951F8200065
:10C0F000044600BF00BF204610BD000000100240F3
:10C10000608F01080024F40000127A0070B5FEF779
:10C11000B3FD0546012D04D0022D20D0032D22D1E0
:10C120001FE0FEF799FD60B9FEF796FD10B1FEF72E
:10C1300083FD01E0FEF788FD000A254951F8200043
:10C140000BE0FEF789FD10B1FEF776FD01E0FEF78A
:10C150007BFD00091E4951F82000044621E01D4CDA
:10C160001FE01D4C1DE0FEF777FD60B9FEF774FD82
:10C1700010B1FEF761FD01E0FEF766FD000A14490B
:10C1800051F820000BE0FEF767FD10B1FEF754FDFB
:10C1900001E0FEF759FD00090D4951F82000044661
:10C1A00000BF00BFFEF760FD012101EB1010B4FBE2
:10C1B000F0F6FEF769FD46430848C06800F0C0602D
:10C1C000012101EB50604000B6FBF0F070BD0000B3
:10C1D000608F01080024F40000127A000010024071
:10C1E00010B58CB004463648FEF7E2FE3448FEF740
:10C1F00085FD00BFFF203249486200BF0020079044
:10C20000207A8DF8200020798DF8210020788DF893
:10C2100022000805099040080A9001208DF82C00A2
:10C2200007AA00212648FEF76EFD2548FEF7C0FE4E
:10C2300000BF2348806840F480702149886000BFB7
:10C240000846FEF704FE00BF1D48806840F4805099
:10C250001B49886000BF00BFFF20486200BF4FF449
:10C260008020184909680143164A116000BF00BFC9
:10C270001449083109680143124A0832116000BFAD
:10C2800011A112A0FDF74CFE12480068114949683F
:10C29000104A92680F4BDB68CDE90232CDE90410F9
:10C2A0000C480069401C0B494969CDE900100A4857
:10C2B000D4E90032A168FDF733FE0CB010BD0000D8
:10C2C00000280040000401404C4F47000A5B2573E2
:10C2D0005D000000B80A0020089F010810B500BFEB
:10C2E00014488068C0F30030E8B100BF1148C0684E
:10C2F000C0F30020B8B11048007920F00100401CC4
:10C300000D490871032088720A48FEF7A0FD09480C
:10C31000FEF74EFE0748FEF7F1FC00BFFF2005497F
:10C32000486200BF00BF4FF480200449086000BF8E
:10C3300010BD000000280040500A002014040140F5
:10C340002DE9FE43002002900090019000BF774845
:10C35000006800F44070B0F5807F69D000244FF091
:10C36000805072499039896D0140814201D101218B
:10C3700000E00021012904D04FF08050FEF74EF874
:10C380000124FEF773FB01280CD000BF6848006849
:10C3900040F480706649086000BF00BFFEF766FB8E
:10C3A0000028FBD000BF6148006840F480305F493E
:10C3B0009039C1F8900000BF00BF0846D0F8900047
:10C3C00020F48030C1F8900000BF00205749096870
:10C3D00021F018010143554A903AC2F8901000BF6D
:10C3E00000BF1046D0F8900040F001001146C1F89F
:10C3F000900000BF00BF00BF4C480068C0F3400081
:10C400000028F8D04FF480704849096821F4407141
:10C410000143464A903AC2F8901000BF012C06D161
:10C4200000051146896D8143916500BF00BF00BFC3
:10C4300000BF3E48006840F400403C499039C1F8D4
:10C44000900000BF29213B4B1B68C3F3022000244E
:10C4500025460346C3F1070CBCF1040F02D94FF087
:10C46000040C01E0C3F1070C674603F1040CBCF1B6
:10C47000070F02D24FF0000C01E0A3F1030C664657
:10C480004FF0010C0CFA07FCACF1010C0CEA040CA7
:10C490000CFA06FC4FF0010808FA06F8A8F10108AA
:10C4A00008EA05084CEA080200BF002904DB10076F
:10C4B000030E2148435407E01007040E1D480C30BA
:10C4C00001F00F031B1FC45400BF292000280DDBFF
:10C4D00000BF00BF00F01F020121914042099200FD
:10C4E00002F1E022C2F8001100BF00BF00BF00202F
:10C4F0001249896821F040010143104A916000BF50
:10C500007F201146096921F4FE0141EA00411161D1
:10C5100000BFFF20114609696FF30E01014311614D
:10C5200000BF00F011F800F00BB8000090100240BE
:10C53000007000400CED00E000E400E00028004046
:10C5400006BCBDE8F88300003EB5002002900090D4
:10C5500001901D48007E8DF808001B48007B8DF877
:10C560000A001948007C401CC0B28DF8090016482A
:10C57000007DA0F5FA60C0B28DF80B0002AA002180
:10C580001248FEF7A3FC002000900F48007A8DF8B7
:10C5900004000D4800798DF805000B4800788DF8EF
:10C5A00006006A4600210948FEF77DFD074B002082
:10C5B00043F2F221002203F1500202EB80021160EB
:10C5C00000BF0BF0E5FF3EBDB80A00200028004088
:10C5D00038B500240AF057FE0BF0F9FE68460BF060
:10C5E000D2FE044644B10AA10BA0FDF799FC2146F6
:10C5F0000BA0FDF795FC07E012A107A0FDF790FC4A
:10C6000011A00099FDF78CFC09F0E6FB38BD000095
:10C610004552524F520000000A5B25735D00000036
:10C62000534854343058204765742053657269610B
:10C630006C204E756D626572204552524F523A2001
:10C64000256400004C4F4700534854343058205361
:10C65000657269616C204E756D6265723A20256461
:10C66000000000007047000000B591B0282107A825
:10C67000F7F7A7FE182101A8F7F7A3FE4FF48040B3
:10C68000FDF7BEFE0220FDF791FE4FF480500190B1
:10C69000012002900320039000200490059001A93E
:10C6A0001E48FEF723F84FF480511C48FEF7C3F8EC
:10C6B0004FF460400190022002900320039000207C
:10C6C000049005900520069001A91448FEF70EF885
:10C6D000002007904FF4827008904FF4E0600990BA
:10C6E00000200A900B904FF400700C9018200D90D1
:10C6F00000200E900F900720109007A90848FEF721
:10C70000C5FD00210648FEF712FE0548FEF7B4FD00
:10C710000348FEF7B6FD11B000BD0000000400485C
:10C72000003800402DE9F05F8246884693469946DE
:10C73000C825C826C8274FF480515948FEF771F81C
:10C74000B8F1000F4ED0002432E000BF5548FEF78C
:10C75000E6FD00B106E00120FBF703FB281EA5F172
:10C760000105F3D100BF1AF804104E48FEF7E5FDAD
:10C7700000BF4C48FEF7C9FD00B906E00120FBF7F9
:10C78000F0FA301EA6F10106F3D100BF00BF454804
:10C79000FEF7C0FD00B106E00120FBF7E2FA381E0B
:10C7A000A7F10107F3D100BF00BF3E48007B641C26
:10C7B0004445CADB35B93B48083001683A4A3BA0DA
:10C7C000FDF7AEFB36B9374808300168364A41A05C
:10C7D000FDF7A6FB37B9334808300168324A47A055
:10C7E000FDF79EFBC825C826C827B9F1000F4FD01A
:10C7F000002433E000BF2B48FEF791FD00B106E0B6
:10C800000120FBF7AEFA281EA5F10105F3D100BF08
:10C8100000212448FEF791FD00BF2248FEF775FD78
:10C8200000B906E00120FBF79CFA301EA6F10106D4
:10C83000F3D100BF00BF1B48FEF76CFD00B106E05E
:10C840000120FBF78EFA381EA7F10107F3D100BFD4
:10C850001448FEF769FD0BF80400641C4C45C9DB65
:10C8600035B91048083001680F4A10A0FDF758FB91
:10C8700036B90C48083001680B4A16A0FDF750FB8A
:10C8800037B9084808300168074A1CA0FDF748FB83
:10C890004FF480510248FDF7CEFF00F043B800008E
:10C8A0000004004800380040988E01080A205772A2
:10C8B0006974652054782054696D656F75742053D0
:10C8C0005049322D3E535220253034782025730AAA
:10C8D000000000000A2057726974652042737920B5
:10C8E00054696D656F757420535049322D3E535213
:10C8F00020253034782025730A0000000A20577262
:10C9000069746520526563762054696D656F75742E
:10C9100020535049322D3E53522025303478202563
:10C92000730A000030BCBDE8C09F000000B587B0AE
:10C930000C48FEF76FFC18220B4901A8F7F726FDFB
:10C940000420FDF733FD4FF4E050019001A90748A2
:10C95000FDF7CCFE4FF4E0510448FDF762FF07B04D
:10C9600000BD0000003C0040808E01080008004827
:10C9700000B591B0282107A8F7F723FD182101A8D9
:10C98000F7F71FFD4FF40040FDF73AFD0120FDF7DA
:10C990000DFD0420FDF70AFD4FF400400190012039
:10C9A00002900320039000200490059001A94FF00D
:10C9B0009040FDF79BFE1020019001A92048FDF753
:10C9C00095FE10211E48FDF72CFF4FF400414FF05B
:10C9D0009040FDF730FF4FF4E050019002200290AC
:10C9E000032003900020049005900620069001A9E2
:10C9F0001448FDF77BFE002007904FF482700890EA
:10CA00004FF4E060099000200A900B904FF4007002
:10CA10000C9010200D9000200E900F900720109089
:10CA200007A90948FEF732FC00210748FEF77FFC02
:10CA30000548FEF721FC0448FEF723FC11B000BDB9
:10CA40000004004800080048003C00402DE9F05F69
:10CA50008246884693469946C825C826C8274FF47B
:10CA600000414FF09040FDF7DCFE10215B48FDF7E0
:10CA7000E2FEB8F1000F4ED0002432E000BF58486B
:10CA8000FEF74DFC00B106E00120FBF76AF9281E15
:10CA9000A5F10105F3D100BF1AF804105048FEF7C4
:10CAA0004CFC00BF4E48FEF730FC00B906E0012008
:10CAB000FBF757F9301EA6F10106F3D100BF00BF06
:10CAC0004748FEF727FC00B106E00120FBF749F9D3
:10CAD000381EA7F10107F3D100BF00BF4048007B1B
:10CAE000641C4445CADB35B93D48083001683D4AFD
:10CAF0003DA0FDF715FA36B9394808300168394AC2
:10CB000043A0FDF70DFA37B9354808300168354ABA
:10CB100049A0FDF705FAC825C826C827B9F1000FB6
:10CB20004FD0002433E000BF2D48FEF7F8FB00B1E2
:10CB300006E00120FBF715F9281EA5F10105F3D148
:10CB400000BF00212648FEF7F8FB00BF2448FEF78F
:10CB5000DCFB00B906E00120FBF703F9301EA6F16B
:10CB60000106F3D100BF00BF1D48FEF7D3FB00B1A3
:10CB700006E00120FBF7F5F8381EA7F10107F3D115
:10CB800000BF1748FEF7D0FB0BF80400641C4C45AF
:10CB9000C9DB35B9124808300168124A12A0FDF706
:10CBA000BFF936B90E48083001680E4A18A0FDF7E3
:10CBB000B7F937B90A48083001680A4A1EA0FDF7DC
:10CBC000AFF94FF400414FF09040FDF734FE1021D3
:10CBD0000248FDF726FE00F043B8000000040048BC
:10CBE000003C0040AB8E01080A2057726974652032
:10CBF00054782054696D656F757420535049332DF6
:10CC00003E535220253034782025730A000000005E
:10CC10000A205772697465204273792054696D65E2
:10CC20006F757420535049332D3E535220253034B4
:10CC3000782025730A0000000A2057726974652065
:10CC4000526563762054696D656F75742053504941
:10CC5000332D3E535220253034782025730A0000AE
:10CC600030BCBDE8C09F704710B50020534909682B
:10CC700021F007010143514A116000BF00BF00BF0E
:10CC80004E48006800F007000028F8D14FF400700B
:10CC90004B49096821F4C0610143494A116000BF52
:10CCA00000BF4848006840F480704649086000BFF3
:10CCB00000BF00BF43480068C0F380200028F8D0C0
:10CCC00010204049496821F0F85141EA00613D4A8D
:10CCD000516000BF00BF3B489430006840F0010045
:10CCE0001146C1F8940000BF00BF00BF3548943022
:10CCF0000068C0F340000028F7D000BF304800684B
:10CD000040F480702E49086000BF00202D4990310A
:10CD1000096821F0180101432A4AC2F8901000BFA7
:10CD200000BF1046D0F8900040F001001146C1F855
:10CD3000900000BF00BF00BF224890300068C0F3E1
:10CD400040000028F7D001201E49896821F0030126
:10CD500001431C4A916000BF00BF00BF19488068B2
:10CD600000F00C000428F8D100201649896821F051
:10CD7000F0010143134A916000BF00BF114689686A
:10CD800021F4E0610143916000BF00BF1146896852
:10CD900021F460510143916000BF0B48FDF702FE92
:10CDA0000948FEF7EBFA4FF400400649896821F480
:10CDB00000410143034A916000BF10BD00200240C2
:10CDC00000700040001002400024F40005480649AD
:10CDD000086005488030006840F4700002498031E6
:10CDE000086070470040000808ED00E03A4800681D
:10CDF000401C3949086039480068401C37490860C0
:10CE0000354800683B2865DD002033490860084646
:10CE10004068401C4860084640683B285ADD0020B6
:10CE2000486008468068401C88600846806817286B
:10CE300050DD002088600846C068401CC860084675
:10CE40008069401C886108468069062801DD002051
:10CE5000886121480069224911F8200021490870A1
:10CE60001D494869C11700EB91718910A0EB810140
:10CE700039B919494969642291FBF2F302FB131194
:10CE800041B9154949694FF4C87291FBF2F302FBAD
:10CE9000131141B910480069012804D111480078E4
:10CEA000401C104908700C48C0680E490978884237
:10CEB00010DD01200849C86008460069401C08616F
:10CEC000084600690B2805DD002008610846406916
:10CED000401C486170470000B80A00204400002050
:10CEE000048E01084800002010B551480068401C1D
:10CEF0004F4908604F480088401C4E4908804E4802
:10CF00000068401C4C4908604C480068401C4B4974
:10CF100008604B48B0F8080230B14948B0F8080240
:10CF2000401E4749A1F808024648B0F8080230B14F
:10CF30004448B0F80802401E4249A1F8080241489E
:10CF4000B0F8040130B13F48B0F80401401E3D493B
:10CF5000A1F804013C48B0F8080230B13A48B0F8F2
:10CF60000802401E3849A1F808023848B0F8080500
:10CF700030B13648B0F80805401E3449A1F808051C
:10CF80003348B0F8080230B13148B0F80802401E0A
:10CF90002F49A1F808022F48008820B12D480088A9
:10CFA000401E2C49088025480068B0F57A7F07D3D9
:10CFB00000202249086028480068401C2649086073
:10CFC00026480078401C2549087008460078052846
:10CFD00003DD0020087002F009FD15480068B0F577
:10CFE0007A7F21D3002012490860FFF7FFFE154821
:10CFF000B0F8040150B91A48807A38B1194800785D
:10D0000020B91748807A401E154988721448407923
:10D01000C0F3801018B100201349088004E01248C2
:10D020000088401C10490880FEF766FB10BD000018
:10D030004C00002040000020340000203C00002074
:10D04000EE0C0020E40A0020021100200C13002046
:10D05000F80E0020000000203800002050000020C2
:10D06000500A0020150000201A0000202DE9F84188
:10D0700001203449096E0143324A11661146096E96
:10D080000140009100BF00BF00071146896D0143B8
:10D0900091651146896D0140009100BF00BF0320DA
:10D0A0000246294B19684FF6FF031940274B0B43E3
:10D0B00043EA0221244B196000BF011F1B68C3F320
:10D0C00002200F2400250346C3F1070CBCF1040F16
:10D0D00002D94FF0040C01E0C3F1070C674603F1DD
:10D0E000040CBCF1070F02D24FF0000C01E0A3F1D9
:10D0F000030C66464FF0010C0CFA07FCACF1010C76
:10D100000CEA040C0CFA06FC4FF0010808FA06F8C9
:10D11000A8F1010808EA05084CEA080200BF002946
:10D1200004DB1007030E0A48435407E01007040EFF
:10D1300005480C3001F00F031B1FC45400BFBDE8AD
:10D14000F8810000001002400CED00E00000FA053C
:10D1500000E400E0F0B587B004460D46142102A8B3
:10D16000F7F72FF94FF400301E49096E01431D4AAD
:10D1700011661146096E0140019100BF00BF00F029
:10D1800031FA074601221146FEF7B8FE064631463F
:10D19000192000F04BFA192000F001FA681E80B245
:10D1A000ADF8080000200390601E049002A90E480C
:10D1B000FEF744F900BF0C48006840F080000A49BF
:10D1C000086000BF00BF0846006820F00200086049
:10D1D00000BF0846FEF72DF90348FEF725F907B012
:10D1E000F0BD0000001002400044014010B50748A7
:10D1F000FEF766F948B100BF6FF00100034908610E
:10D2000000BFFFF771FEFCF7FDFD10BD00440140BB
:10D2100010B53548FEF754F9002863D000BF6FF011
:10D2200001003149086100BF30480078401C2F4997
:10D23000087008460078092839D140202C4909682F
:10D2400001432B4A116000BF00BF2748006820F04F
:10D2500001002549086000BF00BF0846C06820F0F3
:10D260000100C86000BF0020486200BF0846FEF70A
:10D27000E0F81D48FEF7D8F81E48B0F80605FF286C
:10D2800011DA1D4801781B48B0F80625B0F80605EC
:10D29000401C184BA3F8060503F583708154322017
:10D2A0001946A1F8080500201349087010BD13485D
:10D2B0000068C0F3C01058B10C480078401E01212E
:10D2C00001FA00F00C49097808430B49087009E09D
:10D2D00006480078401E01218140074800788843B5
:10D2E0000549087000BFE1E700140040300000204D
:10D2F000000401400C1300205100002010040048DD
:10D300002DE9F04104460D46002627460CE0304644
:10D31000721C96B2395C0648FEF791F900BF0448CA
:10D32000FEF783F90028FAD0AE42F0DBBDE8F081C9
:10D330000044004010B51748FEF772F908B300BF6B
:10D340001449898CC9B208461349B1F80612FF295D
:10D350000FDA1149B1F80622B1F80612491C0E4B3A
:10D36000A3F8061203F58371885414211A46A2F813
:10D3700008120A49897A032902DA0321074A9172BD
:10D3800000BF0448FEF747F910B10248FEF79DF8C8
:10D3900010BD000000380140E40A0020500A0020BF
:10D3A00010B51848FEF73CF9D0B100BF1549898C7B
:10D3B000C9B208461449B1F80612FF290FDA12491A
:10D3C000B1F80622B1F80612491C0F4BA3F8061259
:10D3D00003F58371885414211A46A2F8081200BF7D
:10D3E0000848FEF718F910B10648FEF76EF8054830
:10D3F000FEF70CF928B100BF08200249086200BFFF
:10D4000000BF10BD00440040F80E002010B51948C0
:10D41000FEF706F9D8B100BF1649898CC9B2084693
:10D420001549B1F80615B1F5806F0FDA1249B1F858
:10D430000625B1F80615491C0F4BA3F8061503F590
:10D440008371885432211A46A2F8081500BF094892
:10D45000FEF7E1F810B10748FEF737F80548FEF788
:10D46000D5F828B100BF08200249086200BF00BFFC
:10D4700010BD0000004800400C13002000BFFEE774
:10D480000FB47CB50C0009AD01D0611E00E0002195
:10D49000CDE90001064B6A462946089801F0F0F8EC
:10D4A000002C02D0009A002111707CBC5DF814FBA6
:10D4B0008DED00080FB4084B10B504A902AA03981B
:10D4C00001F0DEF8044602A9002001F06AFC2046C3
:10D4D00010BC5DF814FB0000A3ED00087CB50C0047
:10D4E0001D461646014601D0601E00E00020CDE931
:10D4F0000010064B6A462946304601F0C1F8002C60
:10D5000002D0009A002111707CBD00008DED000852
:10D5100037B514460846064B6A46214601F0B0F876
:10D5200004466946002001F03CFC20463EBD000058
:10D53000A3ED000803B401984100009850EAC1200F
:10D5400018BF04204A0D18BF40F0010040F2FF72DE
:10D55000B2EB515F08BF40F00200012808BF052070
:10D5600002B0704713B50198C0F30A5040F2FF7142
:10D57000884201D001201CBD0020FCE700280DDB03
:10D5800000BF00BF00F01F0201219140420992003C
:10D5900002F1E022C2F8001100BF00BF704700286E
:10D5A0000DDB00BF00BF00F01F02012191404209C6
:10D5B000920002F1E022C2F8001100BF00BF7047E4
:10D5C00000280DDB00BF00BF00F01F0201219140C9
:10D5D0004209920002F1E022C2F8001100BF00BF30
:10D5E0007047000002480068C0F302207047000046
:10D5F0000CED00E002480068C0F302207047000014
:10D600000CED00E010B5002804DB0A07130E054AF4
:10D61000135406E00A07140E034A00F00F031B1F01
:10D62000D45410BD00E400E018ED00E010B500286F
:10D6300004DB0A07130E054A135406E00A07140E0A
:10D64000034A00F00F031B1FD45410BD00E400E098
:10D6500018ED00E010B5002804DB0A07130E054A98
:10D66000135406E00A07140E034A00F00F031B1FB1
:10D67000D45410BD00E400E018ED00E000BF00BF8E
:10D6800000BFBFF34F8F00BF00BF00BF0948006855
:10D6900000F4E06008490843001D0649086000BF27
:10D6A00000BF00BFBFF34F8F00BF00BF00BF00BF70
:10D6B00000BFFDE70CED00E00000FA0500487047F0
:10D6C0008402002030B528B1144C031F00202168CB
:10D6D0000A4605E0084630BD9A4203D81046526813
:10D6E000002AF9D1002800D041680BD00468A3EBD0
:10D6F0000005A54204D11B681C440346046002E0F7
:10D70000436000E023603AB11C68D51AA54203D1FA
:10D7100015682C441C6052685A6030BD7C020020A1
:10D7200070B59B482DED020B2DED068B079D25F066
:10D730000044A04218DC9748844202DC0AD10698D3
:10D7400040B19DED060BBDEC068B02B0BDE870400C
:10D7500000F0BEBB002DCCBF9FED8F0B9FED900B5B
:10D76000BDEC068B02B070BD8F48A04215DD8F481E
:10D77000A042D8BF4FF0FF3458DD9DED060B51ECB1
:10D78000100BFFF7D7FE042808BF00F0B5FB9DED96
:10D79000060BBDEC068B02B070BD9DED060B51EC87
:10D7A000100B02F09FFFCDE9060181489FED828BAF
:10D7B000A0423CDD8248A0421FDD00249FED82ABE9
:10D7C0009DED060B53EC1A2B51EC100BF6F73CFFBA
:10D7D0009DED060B41EC190B53EC1A2B51EC100B81
:10D7E000F6F7E1FF53EC182BF6F7CFFF53EC192BAC
:10D7F000F7F74EF8CDE9060149E09DED060B01244F
:10D8000053EC182B51EC100BF6F71EFF9DED060B99
:10D8100041EC190B53EC182B51EC100BF6F7B5FF3C
:10D8200053EC192BF7F734F8CDE906012FE06848DF
:10D83000A0421FDD02249FED689B9DED060B53EC7B
:10D84000192B51EC100BF6F7AEFF53EC182BF6F733
:10D85000FBFE9DED060B41EC180B53EC192B51EC24
:10D86000100BF6F792FF53EC182BF7F711F8CDE9F0
:10D8700006010CE09DED060B032453EC102B9FEDED
:10D88000580B51EC100BF7F703F8CDE906019DEDAD
:10D89000060B53EC102B51EC100BF6F784FF41EC08
:10D8A000180B53EC182BF6F77EFF41EC190B4E4882
:10D8B0000621B0EE490AF0EE690A784400F064FAF5
:10D8C00053EC182B51EC100BF6F76DFF41EC180BD5
:10D8D0004648B0EE490AF0EE690A0521784400F0A6
:10D8E00053FA53EC192B51EC100BF6F75CFF41EC9B
:10D8F000100B51EC180B53EC102B002C0EDAF6F732
:10D90000A3FE9DED061B53EC112BF6F74CFF9DED8E
:10D91000061B53EC112BF6F73BFF35E0F6F794FEB0
:10D920009DED061B53EC112BF6F73DFF41EC100B60
:10D930002F48784400EBC40090ED001B51EC100B15
:10D9400053EC112BF6F721FF9DED061B53EC112B29
:10D95000F6F71BFF41EC100B2648784400EBC4009F
:10D9600090ED001B51EC100B53EC112BF6F710FF50
:10D9700041EC100B002DA2BFBDEC068B02B070BDB8
:10D9800051EC100B81F0004141EC100B01E700005D
:10D99000000010440000F07F182D4454FB21F93F93
:10D9A000182D4454FB21F9BF0000DC3F0000203E4D
:10D9B0000000F33F00000000000000000000F03F06
:10D9C0000000E63F000000000000000000000040F2
:10D9D0000080034000000000000000000000F83F4D
:10D9E000000000000000F0BF22C30000D8C2000009
:10D9F00062C200001AC2000070B56F4E2DED040B1C
:10DA00002DED048B82B0DDF824C0DDE907235C42F4
:10DA10002CF000411C4341EAD474069D22F00040E2
:10DA2000B44205D86C422C4340EAD474B4420BD9BA
:10DA30009DED081B9DED060B02B0BDEC048B04B000
:10DA4000BDE8704000F04EBAACF14054A4F17F64E0
:10DA50001C430BD0022404EAAC7444EAD27405439C
:10DA60009FED578B9FED582B07D015E09DED060BD2
:10DA700051EC100B01F061FE42E0002C11BF012CB3
:10DA80009DED060B02B0BDEC048B04BF04B070BD6D
:10DA9000022C38D0032C3BD00B439FED4D1B9FED48
:10DAA0004E0B0AD0B14218D1B04209D121F08041C9
:10DAB00020F08040099107900FE0002A15DA10E06D
:10DAC000474B7B44002C08BF93ED000B0DD0012C7D
:10DAD00010D0022C17D0032C1AD0B0421DD1002A2E
:10DAE00003DAB0EE410AF0EE610A02B0BDEC048B3D
:10DAF00004B070BD93ED000B51EC100B81F00041B0
:10DB000041EC100BF1E7B0EE480AF0EE680AECE7E2
:10DB1000B0EE420AF0EE620AE7E7401A00159FED08
:10DB2000329B3C28C8BF8DED000B17DCBCF1000F09
:10DB3000BCBF10F13C0F8DED009B0FDB9DED080B82
:10DB400053EC102B9DED060B51EC100BF6F7A0FEDD
:10DB500002F0C8FD01F0F1FDCDE90001B4B1012CE6
:10DB600010D0022C9FED220B53EC102B9DED000BDF
:10DB700051EC100B19D0F6F708FE53EC182BF6F702
:10DB800004FEBDE7019880F0004001909DED000B80
:10DB900053EC192B51EC100BF6F74AFF04BF02208F
:10DBA00000F0D0F99DED000B9FE7F6F7EEFD53EC8A
:10DBB000182BF6F7EDFDA3E70000F07F0000000052
:10DBC000182D4454FB210940182D4454FB2109C051
:10DBD000182D4454FB21F9BF182D4454FB21F93F63
:10DBE0004AC100000000000000000000000000002A
:10DBF000075C143326A6A13C30B583B0044600F080
:10DC00008BF99FED090B05468DED000B0022214697
:10DC10006846F7F7B2F9284600F094F99DED000B3D
:10DC200003B030BD00000000000000000000000054
:10DC30002DED020B019820F0004001909DED000BAE
:10DC400002B0704700B52DED048BB0EE418AF0EEC6
:10DC5000618AB0EE409AF0EE609A83B053EC182BD4
:10DC600051EC190BF7F7A0FA00F07040B0F1004F3B
:10DC70001AD018EE101A18EE900A8DED008B0029BC
:10DC800018BF0121084320F00040C0F17F6000F17F
:10DC9000E040C00F01BFB0EE480AF0EE680A03B0E2
:10DCA000BDEC048B08BF00BDB0EE490A03B0F0EE36
:10DCB000690ABDEC048B00BD31B52DED020BDDE929
:10DCC00000C2BCF1000F14BF0121002141EA420152
:10DCD00011F5001F07D99DED000B80ED000B9DEDA8
:10DCE000000B03B030BDC2F30A510024A1F2FF3192
:10DCF00002F0004314291EDA0029B8BFC0E900432E
:10DD000029DB204D25FA01F102EA010555EA0C0C48
:10DD10001BD022EA0101C0E9004190ED000B53EC59
:10DD2000102B9DED000B51EC100BF6F72EFD03B000
:10DD300041EC100B30BD332907DC4FF0FF351439AF
:10DD400025FA01F11CEA010F09D19DED000B80EDD0
:10DD5000000BCDE900439DED000B03B030BD2CEA74
:10DD60000101C0E9001290ED000B53EC102B9DED6A
:10DD7000000B51EC100BF6F708FD03B041EC100B53
:10DD800030BD0000FFFF0F0070B504462DED028B83
:10DD90004D1E00EBC500B0EE408AF0EE608A90EDBB
:10DDA000000B35F0060017D053EC182B51EC100B7C
:10DDB000F6F7F9FC41EC100B6D1E04EBC50090ED7D
:10DDC000001B51EC100B53EC112BF6F73DFC41EC12
:10DDD000100B35F00600E7D1022D36D0042D1CD0F3
:10DDE000062D1CBFBDEC028B70BD53EC182B51EC03
:10DDF000100BF6F7D8FC94ED0A1B53EC112BF6F739
:10DE000023FC53EC182BF6F7CEFC94ED081B53ECD7
:10DE1000112BF6F719FC41EC100B53EC182B51ECBD
:10DE2000100BF6F7C0FC94ED061B53EC112BF6F724
:10DE30000BFC53EC182BF6F7B6FC94ED040B53ECEB
:10DE4000102BF6F701FC41EC100B53EC182B51ECA6
:10DE5000100BF6F7A8FC94ED021B53EC112BF6F710
:10DE6000F3FB53EC182BF6F79EFC94ED001B53ECE0
:10DE7000112BF6F7E9FBBDEC028B41EC100B70BDEA
:10DE80002DE9F04782460F4C10480D4E0E4F001BF7
:10DE90004FF0000820F007054FF00109002211465D
:10DEA000504606F0A3FC002802D1306810B10020D3
:10DEB000BDE8F0873C60C4E90058C6F80090EDE783
:10DEC00080020020DC1F00207C020020D8210020DE
:10DED00010B553EC102B51EC100BF6F7B5FB41ECE1
:10DEE000100B10BD10B553EC112B51EC100BF6F7C5
:10DEF000ABFB41EC100B10BD9FED050B10B553ECC7
:10DF0000102B51EC100BF6F74EFC41EC100B10BD32
:10DF10000000000000000010014800687047000089
:10DF20008402002002E008C8121F08C1002AFAD1AA
:10DF300070477047002001E001C1121F002AFBD189
:10DF4000704700000149086070470000840200200B
:10DF50002DE9F04104460D4616460027607D10B1BC
:10DF60000120BDE8F08132462946A06802F042FD5A
:10DF7000002800DA01273846F3E72DE9F04104468E
:10DF80000D4616461F464FF00008607D10B1022076
:10DF9000BDE8F0813B4632462946A06802F048FEC3
:10DFA000002801DA4FF002084046F1E72DE9F0477A
:10DFB00004460D4616461F46DDF820904FF0000837
:10DFC000607D10B10220BDE8F0873B46324629460D
:10DFD000A06802F0F1FE002801DA4FF00308404685
:10DFE000F1E770B502460023481E014604460AE0E8
:10DFF00002EBD100007801F007068025354128406A
:10E0000000B904E05B1C081EA1F10101F0D100BFC2
:10E01000E01A70BD2DE9F04704460E4615469846B5
:10E02000DDF82090002C11D15AA0FBF779FF5CA0FD
:10E03000FBF776FF1B225BA165A0FBF771FF674A28
:10E0400067A168A0FBF76CFF00BFFEE7002E11D1AF
:10E0500050A0FBF765FF52A0FBF762FF1C2251A105
:10E060005BA0FBF75DFF5D4A66A15EA0FBF758FF72
:10E0700000BFFEE7002D11D146A0FBF751FF48A0DD
:10E08000FBF74EFF1D2247A151A0FBF749FF534A62
:10E090005EA154A0FBF744FF00BFFEE7207D10B156
:10E0A0000020BDE8F087266084F80480C4F8209042
:10E0B000607D002839D102F013FC284602F052FDA1
:10E0C000A06058B933A0FBF72BFF35A0FBF728FF62
:10E0D000294650A0FBF724FF0420E2E7A16801F1E4
:10E0E0001C0002F00BFB076AE06808B9E76018E063
:10E0F000E068B0FBF7F107FB1100002811D025A064
:10E10000FBF70EFF26A0FBF70BFF452225A130A051
:10E11000FBF706FF314A48A132A0FBF701FF00BF21
:10E12000FEE7A068806B206100BFD4E90310B0FB5C
:10E13000F1F201FB1200002811D016A0FBF7F0FE4F
:10E1400017A0FBF7EDFE4D2216A121A0FBF7E8FE7C
:10E15000224A41A123A0FBF7E3FE00BFFEE7D4E97A
:10E160000310B0FBF1F0022811D20AA0FBF7D8FE91
:10E170000BA0FBF7D5FE4F220AA115A0FBF7D0FE9E
:10E18000164A3EA117A0FBF7CBFE00BFFEE700201A
:10E1900087E700005B466C61736844425D000000E5
:10E1A000200000002E2E5C436F6D70656E74735CF2
:10E1B0004D6F64756C65735C466C61736844422D89
:10E1C000312E312E325C7372635C6664622E6300A2
:10E1D0002825733A2564292000000000C48F010817
:10E1E00064620000282573292068617320617373BD
:10E1F000657274206661696C6564206174202573A2
:10E200002E0A00006E616D65000000007061746888
:10E21000000000004572726F723A2050617274699A
:10E2200074696F6E2028257329206E6F7420666FC5
:10E23000756E642E0A00000064622D3E7365635F94
:10E2400073697A65202520626C6F636B5F73697AEE
:10E2500065203D3D2030000064622D3E6D61785F99
:10E2600073697A6520252064622D3E7365635F7350
:10E27000697A65203D3D20300000000064622D3E3B
:10E280006D61785F73697A65202F2064622D3E731B
:10E2900065635F73697A65203E3D203200000000AF
:10E2A00070B504460D469DB90120207512480078CE
:10E2B000002820D111A0FBF733FE13A0FBF730FE9E
:10E2C00012A114A0FBF72CFE01200B49087012E0EC
:10E2D000A07D80B909A0FBF723FE0BA0FBF720FE71
:10E2E0002079226808B914A000E015A001462B4649
:10E2F00015A0FBF715FE70BDA40100205B466C6104
:10E30000736844425D00000020000000312E312E71
:10E3100032000000466C6173684442205625732029
:10E32000697320696E697469616C697A65207375B7
:10E3300063636573732E0A004B564442000000006D
:10E3400054534442000000004572726F723A202517
:10E3500073202825732920697320696E69746961A7
:10E360006C697A65206661696C20282564292E0A0B
:10E37000000000002DE9F04105460E4614464FF01E
:10E38000FF37F01DC108FF222846F6F713F844B105
:10E39000601EC708E85D04F00702FF211141084034
:10E3A000E8553846BDE8F0812DE9F84F81460F4623
:10E3B00015461E46DDE90A8A4FF0000BB04511D321
:10E3C0001DA0FBF7ADFD21A0FBF7AAFD8D2220A12A
:10E3D0002CA0FBF7A5FD2E4A2EA135A0FBF7A0FD32
:10E3E00000BFFEE7002D11D113A0FBF799FD17A088
:10E3F000FBF796FD8E2216A122A0FBF791FD244A81
:10E4000033A12BA0FBF78CFD00BFFEE7424631464F
:10E410002846FFF7AFFF0446601C10B9002000F04B
:10E420005FB82A19391901234846CDF800A0FFF733
:10E43000BDFD83465846F2E75B466C617368444213
:10E440005D5B7574696C735D000000002000000066
:10E450002E2E5C436F6D70656E74735C4D6F6475CA
:10E460006C65735C466C61736844422D312E312EAD
:10E47000325C7372635C6664625F7574696C732E80
:10E48000630000002825733A25642920000000005D
:10E49000909401087374617475735F696E64657834
:10E4A000203C207374617475735F6E756D0000009D
:10E4B0002825732920686173206173736572742045
:10E4C0006661696C65642061742025732E0A000002
:10E4D0007374617475735F7461626C650000000031
:10E4E00018BCBDE8E08F00002DE9FF5F82B000217D
:10E4F000DDE90430020DDDF840B0034318D044F6E6
:10E500001050A2F2FF3242431514119801281FD077
:10E51000A5EB0B00401C5FEA000A4FF000064E4FCF
:10E52000DFF83891B046504615D5CAF1000413E023
:10E53000119801244AA3012801D16FEA0B01029826
:10E54000119AC0E90031C0E9024206B000F08EB86D
:10E55000CBF10000DFE704460021404A491842EBB6
:10E560000450CDE9001012E0E00707D032463B46E8
:10E5700040464946F6F717F98046894632463B46FB
:10E5800010461946F6F70FF906460F466410002CA0
:10E59000EAD1DDE90401DDE90023BAF1000F06DA72
:10E5A000F6F701F942464B46F6F7FDF805E0F6F7B7
:10E5B0006FF942464B46F6F76BF904460E460022C9
:10E5C000284BF6F74DFA03D84FF0FF30014607E02D
:10E5D0000022254B20463146F6F736F8F6F7CCFDFB
:10E5E000102409E0002C0ADB0A220023F5F7ECFDD9
:10E5F000039B30321A55641E50EA0102F2D1641CAA
:10E60000039AC4F111031444119A012A03D0012280
:10E6100008430DD10AE0084304D000204FF0110B4D
:10E62000119072E7A3EB0B056D1E0DE05B4504DD59
:10E630004FF0000205F1010504E003DA4FF000029B
:10E64000A5F10105002AECD002981199C0E9023128
:10E65000C0E9004579E70000000014400000F03FE9
:10E66000300000000000F0430000E03F30BCBDE897
:10E67000C09F30380A2801D201207047002070471F
:10E680002DE9FF4F95B09A46884606460025EEE1F3
:10E69000252877D100242746F94A0121039400E078
:10E6A000044316F8013F203B01FA03F01042F7D172
:10E6B00030782A2811D06FF02F033078A0F1300283
:10E6C000092A16D8039A44F0020402EB820203EBF3
:10E6D00042021044761C0390EFE758F8042B039293
:10E6E000002A03DA504244F40054039044F0020438
:10E6F000761C30782E2816D116F8010F44F0040449
:10E700002A280DD06FF02F023078A0F13003092BAA
:10E7100009D807EB870302EB4303C718761CF3E71E
:10E7200058F8047B761C30786C280FD006DC4C2817
:10E7300017D068280DD06A2814D104E0742810D0AE
:10E740007A280FD10DE044F400140AE044F4801458
:10E7500001E044F440147278824202D104F580143E
:10E76000761C761C307866280BD013DC582877D0BE
:10E7700009DC002875D04528F6D04628F4D0472873
:10E780001AD193E118E0632835D0642879D0652840
:10E7900012D18BE1702873D008DC6728F1D069288A
:10E7A0006FD06E280DD06F2806D1ACE073282CD026
:10E7B000752874D0782853D05246179990476D1C0D
:10E7C00054E1C4F30250022809D003280DD0D8F830
:10E7D000001004280DD00D6008F1040846E1D8F8B7
:10E7E0000010EA17C1E90052F6E7D8F800100D80D2
:10E7F000F2E70D70F0E718F8041B8DF80010002008
:10E800008DF80100EB46012003E058F804BB4FF0FF
:10E81000FF3061074FF0000102D40DE009F1010162
:10E820008946B9420FDA8145F8DB1BF80910002947
:10E83000F4D108E009F1010189468142FADB1BF8B5
:10E8400009100029F6D103985346A0EB0907214689
:10E850003846179A00F083FA284400EB090507E0D0
:10E8600044E008E10DE01BF8010B52461799904770
:10E87000B9F10109F7D2534621463846179AF2E01A
:10E8800039E00A21C4F302524FF0000B0091022A32
:10E8900006D058F8040BC117032A09D00AE023E078
:10E8A00008F1070020F00702F2E80201904605E0B7
:10E8B00000B2C117042A01D140B2C117002906DAFB
:10E8C0000A460021404261EB02012D2202E02205AE
:10E8D00004D52B228DF80420012203E0E20701D0A9
:10E8E0002022F7E7914657E00A2100E010214FF07F
:10E8F000000B00910BE010214FF0000B44F00404DA
:10E900000827009103E008204FF0000B0090C4F3AB
:10E910000252022A05D058F8040B0021032A08D01D
:10E9200008E008F1070020F00702F2E80201904633
:10E9300003E080B2042A00D1C0B24FF000092207E0
:10E940002AD53278702A07D0DDF800C08CF0100C80
:10E950005CEA0B0C05D00EE040228DF80420012269
:10E9600008E050EA010306D030238DF804308DF81A
:10E97000052002229146009B83F0080353EA0B0313
:10E980000AD150EA010201D1620705D530228DF883
:10E9900004204FF001097F1E3278582A04D039A292
:10E9A0000C920CAA02920BE03BA2F9E75B46009A9C
:10E9B000F5F70AFC0C9B9B5C029A521E02921370A4
:10E9C00050EA0102F2D1029804A9081A00F1200BC2
:10E9D000600702D524F4803400E001275F4502DDA2
:10E9E000A7EB0B0000E0002000EB0B010090039868
:10E9F0004944401A0390E00306D453462146179A2F
:10EA0000039800F0ACF90544002706E001A852463F
:10EA1000C05D179990476D1C7F1C4F45F6DBE003E6
:10EA20000CD553462146179A039800F098F90544EF
:10EA300004E030205246179990476D1C0099481EFB
:10EA400000900029F5DC08E002980299524600780F
:10EA5000491C0291179990476D1CBBF10001ABF165
:10EA6000010BF1DC5BE100F068F90544761C3078BD
:10EA700000287FF40DAE19B0284600F05BB9000005
:10EA80000928010030313233343536373839616284
:10EA90006364656600000000303132333435363748
:10EAA000383941424344454600000000600700D425
:10EAB000062708F1070020F00700F0E8022380464F
:10EAC00003F0004C5FEA0C0001D097A009E020059C
:10EAD00001D596A005E0E00701D095A001E0AFF2D6
:10EAE0004C001390307823F0004365280CD006DCEE
:10EAF000452809D046281DD047287FD13BE066280D
:10EB000018D067287AD136E00021112F01DB1120BF
:10EB100000E0781CCDE9000104A90CA8FFF7E4FC93
:10EB2000DDE90D010C9A4FF0000B07F1010910927D
:10EB300000914EE04FF000400097CDE9011004A98C
:10EB40000CA8FFF7D1FCDDE90D020C9B0F994FF0EB
:10EB5000000B91461093009211B9791C00EB01094A
:10EB6000B7EB090003D4C0F1FF3B07F10109A9EBA2
:10EB70000700019042E0012F00DA01270021112F48
:10EB800001DD112000E03846CDE9000104A90CA800
:10EB9000FFF7AAFCDDE90D010C9A00914FF0000B84
:10EBA000B946109221070FD4009A4A4503DA9146DC
:10EBB00001E0A9F10109B9F1010F05DD109AA9F1F0
:10EBC0000101515C3029F4D0B84202DA10F1040F8F
:10EBD00003DA0121CDE9011010E0002803DC8344B1
:10EBE000A9EB000102E0411C494500DD8946A0EB8C
:10EBF0000B00401C01904FF000400290200705D40C
:10EC00000198484502DB4FF0FF30019000208DF85D
:10EC10004B0002980DF14B07B0F1004F25D00220B8
:10EC20000C902B200D90029800280CDA40420290A4
:10EC30002D200D9007E00A210298F5F745FF3031AD
:10EC4000029007F8011D0C99481E0C900029F2DC77
:10EC500002980028EFD1791E0D980870307800F0E6
:10EC6000200040F0450007F8020D11A8C01BC01D90
:10EC700002901398007800B1012000EB090101987F
:10EC800001EBE071029801440398401A401E039082
:10EC9000E00306D453462146179A039800F05FF824
:10ECA00005441398007818B15246179990476D1C87
:10ECB000E00323D553462146179A039800F04FF8F6
:10ECC00005441BE0BBF1000F07DB0098584504DD4D
:10ECD0001098179910F80B0001E017993020524650
:10ECE000904701980BF1010B401E05F101050190C1
:10ECF00004D12E205246179990476D1CB9F100019E
:10ED0000A9F10109DEDC05E017F8010B524617995D
:10ED100090476D1C0299481E02900029F4DC53466E
:10ED20002146179A03989EE62D0000002B00000054
:10ED30002000000030BCBDE8C08F2DE9F041044642
:10ED400000251E461746880404D405E039462020D5
:10ED5000B0476D1C641EF9D52846BDE8F0812DE949
:10ED6000F041044600251E469046C80301D53027D1
:10ED700000E02027880404D505E041463846B04726
:10ED80006D1C641EF9D52846BDE8F0814A68002A4A
:10ED900006D00A68531C0B6010704868401E48601B
:10EDA00070470A68531C0B60107070472DE9FE4FC6
:10EDB0000646894617461C46002506F120084FF0F6
:10EDC000010B56B9534854A355A240F2B921009003
:10EDD0005BA008F0A5FF00BFFEE796F8340050B92D
:10EDE0004C4864A34EA240F2BA21009054A008F00F
:10EDF00097FF00BFFEE709EB07013069814205D9A3
:10EE000060A008F0B1FF052000F0E6B8D8F80800CF
:10EE100018B14046D8F80810884709F0010070B1D1
:10EE20002046641C494609F1010901231A46009055
:10EE3000304606F085FC054605B15CE07F1E0121E9
:10EE4000304608F0BFFC054605B154E0AD208DF812
:10EE500004003DE0BBF1000F18D00DF1050249465A
:10EE6000304606F0D1FA96F8350008B1052000E0EA
:10EE700004208246207801A901F80A00617801AADD
:10EE80000AF1010011544FF0000B07E04FF0010AA6
:10EE900020788DF8050060788DF80600002000903D
:10EEA00003460AF1020201A94046D8F804C0E0472F
:10EEB00005461DB13DA008F057FF1CE0304609F0A3
:10EEC00041FE054605B116E0BF1E09F10209A41C6A
:10EED000022FBFD20021304608F074FC05464DB920
:10EEE000012F07D101231A4649463046009406F007
:10EEF00027FC054600BF1DB10021304608F062FC2A
:10EF0000D8F80C0018B14046D8F80C1088472846AD
:10EF10007AE7000095990108666C6173680000004B
:10EF200028257329206861732061737365727420CA
:10EF30006661696C65642061742025732E00000091
:10EF40002E2E5C436F6D70656E74735C4D6F6475CF
:10EF50006C65735C466C61736844422D312E312EB2
:10EF6000325C736675645C7372635C736675642E81
:10EF700063000000666C6173682D3E696E69745FA2
:10EF80006F6B00004572726F723A20466C61736855
:10EF90002061646472657373206973206F757420D7
:10EFA0006F6620626F756E642E0000004572726F8E
:10EFB000723A20466C6173682077726974652053D9
:10EFC000504920636F6D6D756E696361746520656E
:10EFD00072726F722E0000001EBCBDE8E08F000050
:10EFE00070B52DED108B82B09E48807900F0010045
:10EFF00018B902B000F04EB970BD9FED9B8B9FED2C
:10F000009C9B9FED99AB9FED9ABB9FED97CB9FED9E
:10F0100098DB05F033F9054619E19748006805F0DB
:10F020004DFE00287ED069469348006805F0B9FD82
:10F030000028F7D0BDF90000F5F7A7FC41EC1E0B46
:10F0400053EC182BF5F7F4FC07D2BDF90000F5F7E7
:10F050009CFC41EC180B012611E0BDF90000F5F70E
:10F0600094FC41EC1E0B53EC192BF5F7F9FC06D27E
:10F07000BDF90000F5F789FC41EC190B0126BDF93B
:10F080000200F5F782FC41EC1E0B53EC1A2BF5F74E
:10F09000CFFC07D2BDF90200F5F777FC41EC1A0B63
:10F0A000012611E0BDF90200F5F76FFC41EC1E0BE3
:10F0B00053EC1B2BF5F7D4FC06D2BDF90200F5F793
:10F0C00064FC41EC1B0B0126BDF90400F5F75DFC67
:10F0D00041EC1E0B53EC1C2BF5F7AAFC07D2BDF933
:10F0E0000400F5F752FC41EC1C0B012611E0BDF9C0
:10F0F0000400F5F74AFC41EC1E0B53EC1D2BF5F711
:10F10000AFFC06D2BDF90400F5F73FFC41EC1D0B46
:10F1100001261EB1002605F0B1F8044605F0AEF850
:10F12000054600E088E0281B002801DB014600E0DE
:10F13000414241F2883291427FDD53EC192B51EC70
:10F14000180BF5F781FA41EC1F0B9FED4C0B53ECBC
:10F15000102BF5F79DFB41EC1E0BF5F799FC494987
:10F16000086053EC1B2B51EC1A0BF5F76DFA41ECD0
:10F170001F0B9FED420B53EC102BF5F789FB41EC75
:10F180001E0BF5F785FC3F49486053EC1D2B51ECF5
:10F190001C0BF5F759FA41EC1F0B9FED380B53ECA4
:10F1A000102BF5F775FB41EC1E0BF5F771FC35499B
:10F1B000886053EC182B51EC190BF5F7E6FA41EC8B
:10F1C0001F0B53EC1F2B9FED300B51EC100BF5F781
:10F1D0005FFB41EC1E0BF5F75BFC2A49C86053EC62
:10F1E0001A2B51EC1B0BF5F7D0FA41EC1F0B53EC2B
:10F1F0001F2B9FED250B51EC100BF5F749FB41EC54
:10F200001E0BF5F745FC1F49086153EC1C2B51EC14
:10F210001D0BF5F7BAFA41EC1F0B53EC1F2B9FEDBA
:10F220001A0B51EC100BF5F733FB41EC1E0BF5F705
:10F230002FFC144948610BE0FFE7142006F082F828
:10F2400000BF4AF6AA201249086000BF00BFE4E6EA
:10F2500000BF0448807920F001000249887100BF96
:10F26000C7E60000500A00200000000080FFCF40E9
:10F270000000000080FFCFC004010020000000005B
:10F2800000000040E01A0020000000000000F03FF5
:10F2900000300040BDEC088BBDEC08CBFFF7ACBEE6
:10F2A0001CB501200090034600220146019002484F
:10F2B000006805F089FD1CBD040100202DE9F04F18
:10F2C0002DED088B8BB0ED484079C00920B90BB00B
:10F2D000BDEC088B00F02EBA4FF0010A04F0CEFF0F
:10F2E0000646E7A0FAF71CFE98E132210A9800F0E2
:10F2F000EFFE00B992E1E848006805F0DFFC80F01D
:10F30000010B08A9E448006805F04BFC80F00100FF
:10F310000BEA000BBBF1000F00D07FE104F0AEFF61
:10F320000A9000BF4AF6AA20DC49086000BFBDF978
:10F330002000001100EE100AB8EEC00AF7EE000A35
:10F3400020EE200ABDEEC00A10EE100A00B2ADF8A1
:10F350001800BDF92200001100EE100AB8EEC00A34
:10F36000F7EE000A20EE200ABDEEC00A10EE100AE9
:10F3700000B2ADF81A00BDF92400001100EE100A29
:10F38000B8EEC00AF7EE000A20EE200ABDEEC00A71
:10F3900010EE100A00B2ADF81C00BDF91C30BDF92A
:10F3A0001A20BDF91810BEA0FAF7BAFDBDF9240065
:10F3B000F5F7EBFA41EC1A0BBDF9200000EE100A4C
:10F3C000B8EEC00A10EE101A0846F5F71EFB41EC25
:10F3D0001B0BB0EE4A1AF0EE6A1AB0EE4B0AF0EED2
:10F3E0006B0AFEF709FBB0EE409AF0EE609A9FEDD3
:10F3F000B10B53EC102B51EC190BF5F7D4F941EC90
:10F40000180BF5F745FBAD498861BDF92400F5F708
:10F41000BCFA41EC1A0BBDF92200404200EE100A82
:10F42000B8EEC00A10EE101A0846F5F7EEFA41ECF5
:10F430001B0BB0EE4A1AF0EE6A1AB0EE4B0AF0EE71
:10F440006B0AFEF7D9FAB0EE409AF0EE609A9FEDA3
:10F45000990B53EC102B51EC190BF5F7A4F941EC77
:10F46000180BF5F715FB9549C861084690ED060A9B
:10F4700010EE101A0846F5F7C8FA41EC190BB0EE79
:10F48000490AF0EE690A06F0D3F8B0EE408AF0EED1
:10F49000608A51EC180BF5F7FBFA88498861084639
:10F4A00090ED070A10EE101A0846F5F7AEFA41EC97
:10F4B000190BB0EE490AF0EE690A06F0B9F8B0EEA1
:10F4C000408AF0EE608A51EC180BF5F7E1FA7B49BF
:10F4D000C8612046F5F799FA41EC190B774890ED91
:10F4E000060A10EE101A0846F5F78FFA41EC1A0BCF
:10F4F000B0EE491AF0EE691AB0EE4A0AF0EE6A0A66
:10F5000005F0EAFFB0EE408AF0EE608A9FED6C0BEA
:10F5100053EC102B51EC180BF5F7A2FA01D2012095
:10F5200000E0002007462846F5F76FFA41EC190B7A
:10F53000624890ED070A10EE101A0846F5F765FAD2
:10F5400041EC1A0BB0EE491AF0EE691AB0EE4A0A15
:10F55000F0EE6A0A05F0C0FFB0EE408AF0EE608A75
:10F560009FED590B53EC102B51EC180BF5F778FA73
:10F5700001D2012000E0002080460FB14F4884698D
:10F58000B8F1000F01D04D48C56917B9B8F1000FA7
:10F5900001D0012000E000208246BAF1000F2DD0FA
:10F5A0004FF0000A04F06AFE81462846F5F72DFA6E
:10F5B00041EC180B414890ED070A10EE101A08466E
:10F5C000F5F723FA41EC190B2046F5F71EFA41EC4A
:10F5D0001A0B3A4890ED060A10EE101A0846F5F795
:10F5E00014FA41EC1B0B8DED048B8DED029B8DED20
:10F5F00000AB53EC1B2B36A0FAF792FC04F03EFE56
:10F600000646A6EB0900002801DB014600E0414266
:10F6100040F6B832914200DD01E000BF65E600BF70
:10F62000264890ED070A10EE101A0846F5F7EDF996
:10F6300041EC180B214890ED060A10EE101A08460E
:10F64000F5F7E3F941EC190B8DED008B53EC192B19
:10F6500028A0FAF765FC0948407920F080000749A6
:10F660004871F9F7A5FD05484079C0F3801010B145
:10F670002BA0F8F7A3FA00BF29E60000500A0020EB
:10F680000A456E746572204361726C6972617469B7
:10F690006F6E204D6F646500040100200030004053
:10F6A0000A783D2025642C20793D2025642C207A81
:10F6B0003D25640000C2631ADCA54C40E01A00201E
:10F6C00000000000000000400000000000000840B2
:10F6D0000A726F6C6C5B252E32665D5B252E32667E
:10F6E0005D2C20706974685B252E32665D5B252E6B
:10F6F00032665D000A616363207265666572656EDD
:10F7000063653A20726F6C6C5B252E32665D2C202F
:10F7100020706974685B252E32665D0A0000000067
:10F7200043616C6962726174696F6E20446F6E65CB
:10F730000000000030BCBDE8C08F10B541EC100BDC
:10F74000FDF7EEFF51EC100B10BD00F1080343F87C
:10F750002120704770B50446606880470546E07810
:10F7600000F00700002802DD2088401C2080E0789F
:10F77000B5EBD01F13D0E078C008401CE17860F3EF
:10F78000C501E170C1F3C20003280CDBE07865F32A
:10F79000C710E070E07820F03800E07003E0E07817
:10F7A00020F03800E070E07800F00700062826D24C
:10F7B000DFE800F0032653A2E4C3E078C0F3801032
:10F7C000E178B0EBD11F15D1A07820F0F000A07047
:10F7D000A06810B12046A168884700202080A0784A
:10F7E00020F00F00401CA070E07820F00700401CC3
:10F7F000E07004E0A07820F0F0008030A070BDE060
:10F80000E078C0F38010E178B0EBD11F11D0A07880
:10F8100020F0F0001030A070E06810B12046E168E0
:10F82000884700202080E07820F00700801CE070EE
:10F8300012E02088B0F5167F0EDDA07820F0F000F1
:10F840005030A070E06910B12046E1698847E07847
:10F8500020F00700401DE07090E0E078C0F38010D9
:10F86000E178B0EBD11F20D1A07820F0F000A0709B
:10F87000A06810B12046A1688847A078401CA178F4
:10F8800060F30301A170A07820F0F0002030A07098
:10F89000206910B120462169884700202080E07847
:10F8A00020F00700C01CE07025E020883C2822DD05
:10F8B000A07800F00F0001280AD1A07820F0F00015
:10F8C0003030A070606990B12046616988470EE0D1
:10F8D000A07800F00F00022809D1A07820F0F000F5
:10F8E0004030A070A06910B12046A1698847E07837
:10F8F00020F00700E07041E0E078C0F38010E1788C
:10F90000B0EBD11F18D0A07820F0F0001030A0701C
:10F91000E06810B12046E168884720883C2807DA73
:10F9200000202080E07820F00700801CE07003E0D9
:10F93000E07820F00700E07020E0E078C0F380106D
:10F94000E178B0EBD11F0AD1A07820F0F000603050
:10F95000A070206A88B12046216A88470DE0A0780F
:10F9600020F0F0001030A070E06810B12046E1688F
:10F970008847E07820F00700E07000BF00BF70BD4E
:10F9800070B504460D46164628212046F4F719FDA9
:10F99000A07820F0F0008030A0706560606880473B
:10F9A000E17860F3C711E170E07866F38610E070EB
:10F9B00070BD4FF09040006900F0010070470000FA
:10F9C00001460948026805E08A4202D14FF0FF3043
:10F9D0007047526A002AF7D103480068486202481B
:10F9E00001600020F4E700002801002010B5054860
:10F9F000046803E02046FFF7ADFE646A002CF9D1ED
:10FA000010BD00002801002070B51F4C0025DC212E
:10FA10002046F4F7D6FC00201C4908702146FF2040
:10FA200007F00AFD05462C44184800782844174979
:10FA30000870174817490A88028089788170002069
:10FA40001349C87014480078087113480078401CA6
:10FA5000114908700D4802780B490D48401DF4F714
:10FA600095FC0A480078401D0949A1F800010846A4
:10FA7000B0F80011F8F7AEF80548B0F800210146DB
:10FA800006A0F8F745F970BDA40600201400002078
:10FA900002110020808D010817000020424C4553C0
:10FAA000656E640070B5474D0024DC212846F4F7EC
:10FAB00088FC002044490870F5F7F4FDF8F7D2FB04
:10FAC000FB20294608706D1C3F480078401C3E49C9
:10FAD000087029468B2007F0AFFC044625443A48BD
:10FAE00000782044384908702946092007F0A4FC12
:10FAF0000446254434480078204433490870294698
:10FB00000A2007F099FC044625442F480078204439
:10FB10002D49087029460E2007F08EFC0446254426
:10FB2000294800782044284908702946462007F0D3
:10FB300083FC044625442448007820442249087068
:10FB40002946102007F078FC044625441E4800781A
:10FB500020441D4908702946112007F06DFC044619
:10FB60002544194800782044174908701748184957
:10FB70000A8802808978817000201449C87015486D
:10FB80000078087113480078401C124908700E482C
:10FB900002780C490D48401DF4F7F8FB0A4800783C
:10FBA000401D0A49A1F800010846B0F80011F8F715
:10FBB00011F80648B0F80021014607A0F8F7A8F8A8
:10FBC00070BD0000A40600201400002002110020D7
:10FBD000808D010817000020424C4553656E64007B
:10FBE00010B5DC214D48F4F7ECFB00204C490870BF
:10FBF0000024FC214A4802780078401C484B1870C9
:10FC0000464881544748007800F0010118460278C0
:10FC10000078401C1870414881544248806D020EA3
:10FC2000184601780078401C18703C4842543D4802
:10FC3000806DC0F30742184601780078401C1870A8
:10FC4000364842543748B0F85800C0F307211846E8
:10FC500002780078401C187030488154314890F880
:10FC60005820184601780078401C18702B484254E0
:10FC70002C48406D010E184602780078401C187020
:10FC8000264881542748406DC0F307421846017842
:10FC90000078401C1870214842542248B0F85400A3
:10FCA000C0F30722184601780078401C18701B48E2
:10FCB00042541C4890F85420184601780078401CA3
:10FCC000187016484254184818490A8802808978E2
:10FCD000817000201449C8701548007808711448D4
:10FCE0000078401C12490870184602780B490E48EB
:10FCF000401DF4F74BFB0A480078401D0A49A1F863
:10FD000000010846B0F80011F7F764FF0648B0F8A4
:10FD10000021014607A0F7F7FBFF10BDA406002055
:10FD200014000020401D002002110020808D0108D9
:10FD300017000020424C4553656E640070B51F4C9F
:10FD40000025DC212046F4F73CFB00201C4908700C
:10FD500021468D2007F070FB05462C44184800789A
:10FD6000284417490870174817490A88028089787B
:10FD7000817000201349C870144800780871134836
:10FD80000078401C114908700D4802780B490D4855
:10FD9000401DF4F7FBFA0A480078401D0949A1F814
:10FDA00000010846B0F80011F7F714FF0548B0F855
:10FDB0000021014606A0F7F7ABFF70BDA4060020A6
:10FDC0001400002002110020808D0108170000207F
:10FDD000424C4553656E640070B56E4D0024DC21C5
:10FDE0002846F4F7EEFA00206B490870F5F75AFC44
:10FDF000F8F738FA2946012007F01EFB044625448F
:10FE00006548007820446449087029468D2007F031
:10FE100013FB044625446048007820445E4908707E
:10FE200029468B2007F008FB044625445A480078F1
:10FE30002044594908702946092007F0FDFA044674
:10FE400025445548007820445349087029460A2023
:10FE500007F0F2FA044625444F48007820444E4902
:10FE6000087029460E2007F0E7FA044625444A4860
:10FE700000782044484908702946442007F0DCFAFD
:10FE800004462544444800782044434908702946E4
:10FE9000282007F0D1FA044625443F480078204442
:10FEA0003D4908702946452007F0C6FA0446254416
:10FEB000394800782044384908702946462007F020
:10FEC000BBFA04462544344800782044324908707F
:10FED0002946472007F0B0FA044625442E4800780A
:10FEE00020442D4908702946482007F0A5FA044609
:10FEF000254429480078204427490870294686204F
:10FF000007F09AFA04462544234800782044224901
:10FF100008702946102007F08FFA044625441E4831
:10FF2000007820441C4908702946112007F084FA03
:10FF3000044625441848007820441749087017489B
:10FF400017490A8802808978817000201349C87097
:10FF500014480078087113480078401C1149087053
:10FF60000D4802780B490D48401DF4F70FFA0A4876
:10FF70000078401D0949A1F800010846B0F80011B9
:10FF8000F7F728FE0548B0F80021014606A0F7F76C
:10FF9000BFFE70BDA4060020140000200211002046
:10FFA000808D010817000020424C4553656E6400A7
:10FFB00070B504460025032203492046F4F733FABE
:10FFC00000B10125284670BD808D01082DE9F04162
:10FFD00005460F46002600243AE005EB841101F1A6
:10FFE0001C0000F08BFB06467EB98B221A491BA031
:10FFF000F9F796FF05EB841000F11C011CA0F9F73E
:020000040801F1
:100000008FFF26A0F9F78CFF21E005EB8410406BF1
:10001000F169884217DB91220F4921A0F9F780FF8F
:1000200005EB8410F369426B05EB8410011D234836
:10003000F9F776FF22A0F9F773FF00202249086044
:10004000401EBDE8F081214840F8246000BF641CD8
:10005000BC42C2D30020F4E7089601085B442F4657
:10006000414C5D202825733A2564292000000000BA
:100070005761726E696E673A20446F204E4F54206C
:10008000666F756E642074686520666C61736820A5
:10009000646576696365282573292E000A000000CF
:1000A0001B5B33313B32326D5B452F46414C5D204B
:1000B0002825733A256429200000000064A2010865
:1000C0001B5B306D0A000000F0010020E8010020F9
:1000D00010B502460B4604F0D1F80146914201D317
:1000E000881A03E0C2F1FF300844401C04469C42D9
:1000F00001D3012010BD0020FCE700002DE9F041F4
:1001000004460F4690463D462E68207870B91FA0E1
:10011000F9F706FF21A03168F9F702FF21A0616815
:10012000F9F7FEFE01202871BDE8F0816078022811
:1001300016D1F06A401C30B93822214606F1280059
:10014000F4F724F920E011A0F9F7EAFE13A03168D2
:10015000F9F7E6FE1E48F9F7E3FE01202871E3E710
:100160006078012810D1A868401CA8606068E86029
:10017000A868012808D1F06A401C28B93822214615
:1001800006F12800F4F702F90020CDE75B466C6128
:10019000736844425D5B74736C5D00005B25735D46
:1001A00020000000536563746F722028307825307A
:1001B0003858292068656164657220696E666F2011
:1001C000697320696E636F72726563742E0A000032
:1001D00074A10108F0B504460E461D4694B18AB1DB
:1001E00085B17EB1284605EBD07C4FEA6C0CA5EBBF
:1001F0004C0CBCF1000F05D105EBD57C4FEA6C0C23
:10020000B44501DD0020F0BD0021002300BF50E017
:10021000505C612808DB505C662805DC505CC01F20
:100220000007000EE05418E0505C412808DB505CE9
:10023000462805DC505CC01F0007000EE0540CE0AF
:10024000505C302807DB505C392804DC505C000728
:10025000000EE05401E00020D5E7481C81B2505C5C
:10026000612808DB505C662805DCE05C575C38449C
:100270005738E05419E0505C412808DB505C4628B0
:1002800005DCE05C575C38443738E0540DE0505CE6
:10029000302808DB505C392805DCE05C575C3844CA
:1002A0003038E05401E00020ADE7581C83B2481C10
:1002B00081B2A942ACDB1846A5E72DE9F047074615
:1002C0000D46164698464FF000091FB13846F4F720
:1002D00095F808B9BDE8F0871DB12846F4F78EF807
:1002E00000B9F7E729463846F4F7BAF8044607E0BC
:1002F00010C609F1010929460020F4F7B1F80446B7
:10030000002CF5D1C8F8009000BFE3E72DE9F047D5
:1003100007460D4600263C463846F4F76FF800F0D5
:10032000FF0923E04FF000081EE02078302804DBAE
:100330002078392801DC2078A8552078412804DB72
:1003400020785A2801DC2078A8552078612804DB21
:1003500020787A2801DC2078A855641C701CC6B26D
:1003600008F1010000F0FF08C845DEDB2078002816
:10037000D8D1BDE8F087000070B505460E4631467D
:10038000284607F0BDFF04463CB106A107A0F9F7D7
:10039000C7FD214607A0F9F7C3FD08F018F820466D
:1003A00070BD00004552524F520000000A5B257399
:1003B0005D0000004572726F722065786563757428
:1003C000696E6720534854343058204D6561737509
:1003D00072656D656E742048696768205072656348
:1003E0006973696F6E3A2025640A0000F8B5FF2032
:1003F0000090002564260027FF212948F3F7E1FF3C
:1004000000202849A1F8060200BF4AF6AA20264982
:10041000086000BF43E02348B0F8080260BB2148F1
:10042000B0F8060240B31F4890F80601FF281BD120
:100430001C4890F8062190F807010244194890F8EA
:1004400008011118CAB2174890F8090182420AD16E
:10045000144890F8082190F8070142EA0024002C83
:1004600001DD2046F8BD00BFFF210D48F3F7A9FFCD
:1004700000200C49A1F806020A2D02DD4FF0FF30E2
:10048000F0E731463846FFF723FE40B101216846C8
:10049000FCF736FF681C85B203F0F0FE0746BAE7AA
:1004A000FE0F0020F80E002000300040014645F20B
:1004B000735048434AF6C872C2EB60307047014639
:1004C00043F60950484341F27072C2EB6030704706
:1004D00030B52DED0A8B83B004460D4620680078B8
:1004E00040B16068007828B1A068007810B1E06879
:1004F000007820B9012003B000F0A0B830BD20681A
:10050000FDF77AFBB0EE409AF0EE609A9FED470B54
:1005100053EC102B51EC190BF4F7BAF941EC1C0B0E
:100520006846B0EE4C0AF0EE6C0AFDF7C5FBB0EE83
:1005300040BAF0EE60BA9FED3D0B53EC102B51EC3E
:100540001B0BF4F730F941EC1A0B9FED3A0B53EC0F
:10055000102B51EC1A0BF4F79BF941EC1B0B9DEDA2
:10056000000B53EC102BF4F76FF841EC190B60689B
:100570000078532805D151EC190B81F0004141EC72
:10058000190BA068FDF738FBB0EE408AF0EE608AE8
:100590009FED260B53EC102B51EC180BF4F778F968
:1005A00041EC1C0B6846B0EE4C0AF0EE6C0AFDF70D
:1005B00083FBB0EE40BAF0EE60BA9FED1C0B53EC3B
:1005C000102B51EC1B0BF4F7EEF841EC1A0B9FEDDE
:1005D000190B53EC102B51EC1A0BF4F759F941ECB1
:1005E0001B0B9DED000B53EC102BF4F72DF841EC99
:1005F000180BE0680078572805D151EC180B81F0F2
:10060000004141EC180B51EC190BFCF7ABFF20B18A
:1006100051EC180BFCF7A6FF08B902206BE785ED3B
:10062000029B85ED048B002065E7000000000000C0
:10063000000059400000000000004E40BDEC088B57
:10064000BDEC02CBFFF75ABF70B505460C46124809
:10065000006830B9114A12A114A0F9F761FC00BF7B
:10066000FEE70D48006890F8340030B90B4A17A136
:100670000EA0F9F755FC00BFFEE719488069411943
:1006800022460548006807F02FFA10B14FF0FF30FE
:1006900070BD2046FCE70000A80100208C950108F1
:1006A000736675645F646576000000002825732911
:1006B0002068617320617373657274206661696C70
:1006C00065642061742025732E0A000073667564CA
:1006D0005F6465762D3E696E69745F6F6B00000024
:1006E000AC01002082B0CDE9000121F00040019072
:1006F0009DED000B02B051EC100B704770B5054634
:100700001248007830B9124A12A114A0F9F708FC77
:1007100000BFFEE735B90E4A18A110A0F9F700FC9A
:1007200000BFFEE700240CE0164850F82410182201
:100730002846F3F785FE18B9124850F8240070BD1A
:10074000641C002CF0D00020F9E70000A601002076
:1007500037950108696E69745F6F6B0028257329EE
:100760002068617320617373657274206661696CBF
:1007700065642061742025732E0A00006E616D652A
:1007800000000000249501083EB52E48007808B10D
:1007900000203EBD00244DE02B4850F82400806A24
:1007A00030B92A4A2AA131A0F9F7BAFB00BFFEE707
:1007B000254850F82400C06A30B9244A33A12BA040
:1007C000F9F7AEFB00BFFEE71F4850F82400006BAE
:1007D00030B91E4A34A125A0F9F7A2FB00BFFEE7FD
:1007E000194850F82400406A20B1174951F82410E4
:1007F000486A80472F22154932A0F9F791FB124829
:1008000050F82400006A104951F82410C9690E4AB2
:1008100052F824209269CDE9002102900A4850F84C
:100820002430182211462C48F9F77AFB2BA0F9F74F
:1008300077FB641C002CAFD0012002490870002017
:10084000A7E70000A60100202495010828950108CB
:100850006465766963655F7461626C655B695D2D73
:100860003E6F70732E726561640000002825732945
:100870002068617320617373657274206661696CAE
:1008800065642061742025732E0A00006465766912
:1008900063655F7461626C655B695D2D3E6F70734B
:1008A0002E777269746500006465766963655F74AC
:1008B00061626C655B695D2D3E6F70732E65726160
:1008C000736500005B442F46414C5D202825733A38
:1008D000256429200000000008A201080A00000089
:1008E00010B5FFF751FF0446002C00DA03E000F0DA
:1008F00079F9044600BF002C10DD1248007868B971
:1009000001201049087010A0F9F70AFB13A115A0E7
:10091000F9F706FB20A0F9F703FB10E0002C0EDC32
:1009200000200849087030221D491EA0F9F7F8FA86
:100930000AA123A0F9F7F4FA17A0F9F7F1FA204673
:1009400010BD0000A50100201B5B33323B32326D2D
:100950005B492F46414C5D2000000000302E352EB3
:1009600039390000466C61736820416273747261AA
:100970006374696F6E204C61796572202856257307
:100980002920696E697469616C697A652073756381
:10099000636573732E0000001B5B306D0A0000005E
:1009A000E79401081B5B33313B32326D5B452F46C8
:1009B000414C5D202825733A256429200000000061
:1009C000466C617368204162737472616374696F0D
:1009D0006E204C6179657220285625732920696E36
:1009E000697469616C697A65206661696C65642EF9
:1009F000000000002DE9F04104460D461646002790
:100A0000B84634B9264A27A128A0F9F789FA00BFC9
:100A1000FEE7A819A16B88420FD940F2EF122049D6
:100A20002AA0F9F77DFA30A0F9F77AFA3CA0F9F795
:100A300077FA4FF0FF30BDE8F081204600F000FE6D
:100A40008046B8F1000F11D14FF4FB7214491FA07A
:100A5000F9F766FA221D04F11C013348F9F760FA30
:100A60002FA0F9F75DFA4FF0FF30E4E7616B48190A
:100A70003146D8F8302090470746002F0DDA40F273
:100A8000FD12074911A0F9F74BFA04F11C0127A048
:100A9000F9F746FA22A0F9F743FA3846CBE7000007
:100AA000AD9601087061727400000000282573295A
:100AB0002068617320617373657274206661696C6C
:100AC00065642061742025732E0A00001B5B33319E
:100AD0003B32326D5B452F46414C5D202825733AF1
:100AE0002564292000000000506172746974696FE8
:100AF0006E206572617365206572726F722120507D
:100B00006172746974696F6E206164647265737375
:100B1000206F7574206F6620626F756E642E000002
:100B20001B5B306D0A0000004CA301085061727419
:100B30006974696F6E206572617365206572726F8A
:100B4000722120466C61736820646576696365284C
:100B5000257329206572617365206572726F722139
:100B60000000000070B505461048007830B9104A02
:100B700010A112A0F9F7D4F900BFFEE700240EE09F
:100B80001648006800EB8410011D2846F3F73DFC71
:100B900020B91248006800EB841070BD641C104836
:100BA00000688442ECD30020F7E70000EC0100204D
:100BB00024960108696E69745F6F6B00282573299C
:100BC0002068617320617373657274206661696C5B
:100BD00065642061742025732E0A0000E401002062
:100BE000F001002010B50E48007810B10D480068E3
:100BF00010BD0D480D49086001200A4908600846EB
:100C000001680A480068FFF7E1F900B103E001203C
:100C10000349087000BF00F095F902480068E7E753
:100C2000EC010020F0010020C8950108E40100203B
:100C30002DE9F04704460D4616461F464FF00008C2
:100C4000C14634B92B4A2CA12DA0F9F769F900BF90
:100C5000FEE736B9274A32A129A0F9F761F900BFAA
:100C6000FEE7E819A16B88420FD940F29F12214993
:100C70002CA0F9F755F932A0F9F752F93EA0F9F78F
:100C80004FF94FF0FF30BDE8F087204600F0D8FC68
:100C90008146B9F1000F11D14FF4D372154921A04B
:100CA000F9F73EF9221D04F11C013548F9F738F92E
:100CB00031A0F9F735F94FF0FF30E4E7616B4819DF
:100CC0003A463146D9F8283098478046B8F1000FA7
:100CD0000DDA40F2AD12074912A0F9F721F904F13B
:100CE0001C0128A0F9F71CF923A0F9F719F94046CF
:100CF000C9E7000086960108706172740000000068
:100D000028257329206861732061737365727420CC
:100D10006661696C65642061742025732E0A000089
:100D2000627566001B5B33313B32326D5B452F468B
:100D3000414C5D202825733A2564292000000000DD
:100D4000506172746974696F6E20726561642065A8
:100D500072726F722120506172746974696F6E20B3
:100D600061646472657373206F7574206F662062AE
:100D70006F756E642E0000001B5B306D0A00000072
:100D800000A30108506172746974696F6E20726506
:100D90006164206572726F722120466C61736820F5
:100DA000646576696365282573292072656164200E
:100DB0006572726F722100002DE9F04704460D46FE
:100DC00016461F464FF00008C14634B92B4A2CA1E5
:100DD0002DA0F9F7A5F800BFFEE736B9274A32A1E2
:100DE00029A0F9F79DF800BFFEE7E819A16B88423A
:100DF0000FD94FF4E47221492CA0F9F791F832A0F1
:100E0000F9F78EF83EA0F9F78BF84FF0FF30BDE808
:100E1000F087204600F014FC8146B9F1000F11D193
:100E200040F2CF12154921A0F9F77AF8221D04F1FA
:100E30001C013548F9F774F831A0F9F771F84FF053
:100E4000FF30E4E7616B48193A463146D9F82C3057
:100E500098478046B8F1000F0DDA4FF4EB7207495E
:100E600012A0F9F75DF804F11C0128A0F9F758F871
:100E700023A0F9F755F84046C9E700009996010804
:100E80007061727400000000282573292068617366
:100E900020617373657274206661696C656420619A
:100EA000742025732E0A0000627566001B5B3331C7
:100EB0003B32326D5B452F46414C5D202825733A0D
:100EC0002564292000000000506172746974696F04
:100ED0006E207772697465206572726F722120507E
:100EE0006172746974696F6E206164647265737392
:100EF000206F7574206F6620626F756E642E00001F
:100F00001B5B306D0A000000B4A2010850617274CE
:100F10006974696F6E207772697465206572726F8B
:100F2000722120466C617368206465766963652868
:100F3000257329207772697465206572726F72213A
:100F4000000000002DE9F04385B03EA70FF2FC0839
:100F50003846F3F753FA81464046F3F74FFA064610
:100F60003D480068F0B1002518E03C48006800EBFF
:100F70008514201DF3F742FA484503D9201DF3F7E5
:100F80003DFA814604F11C00F3F738FAB04204D967
:100F900004F11C00F3F732FA06466D1C2E48006877
:100FA0008542E2D32EA0F8F7BBFF32A0F8F7B8FFD6
:100FB00040A0F8F7B5FF2AA0F8F7B2FF18203B468B
:100FC00002464946CDE9010800963CA0F8F7A8FF83
:100FD00038A0F8F7A5FF22A0F8F7A2FF43A0F8F782
:100FE0009FFF34A0F8F79CFF00251AE01B4800681B
:100FF00000EB85141AA0F8F793FF04F11C021823E4
:10100000D4E90D10CDE90063CDE902210490231D40
:101010001822494645A0F8F783FF26A0F8F780FF7D
:101020006D1C0D4800688542E0D30DA0F8F778FFED
:1010300048A0F8F775FF1FA0F8F772FF05B0BDE8EC
:10104000F08300006E616D6500000000666C6173E6
:10105000685F646576000000F0010020E401002074
:101060001B5B33323B32326D5B492F46414C5D2076
:10107000000000003D3D3D3D3D3D3D3D3D3D3D3D94
:101080003D3D3D3D3D3D3D3D2046414C2070617222
:10109000746974696F6E207461626C65203D3D3DBA
:1010A0003D3D3D3D3D3D3D3D3D3D3D3D3D3D3D3D70
:1010B0003D0000001B5B306D0A0000007C20252DE8
:1010C0002A2E2A73207C20252D2A2E2A73207C206C
:1010D00020206F66667365742020207C20202020ED
:1010E0006C656E67746820207C0000002D2D2D2D0E
:1010F0002D2D2D2D2D2D2D2D2D2D2D2D2D2D2D2D20
:101100002D2D2D2D2D2D2D2D2D2D2D2D2D2D2D2D0F
:101110002D2D2D2D2D2D2D2D2D2D2D2D2D2D2D2DFF
:101120002D2D2D2D2D2D2D2D2D0000007C20252D3C
:101130002A2E2A73207C20252D2A2E2A73207C20FB
:1011400030782530386C78207C203078253038781D
:10115000207C00003D3D3D3D3D3D3D3D3D3D3D3D17
:101160003D3D3D3D3D3D3D3D3D3D3D3D3D3D3D3DAF
:101170003D3D3D3D3D3D3D3D3D3D3D3D3D3D3D3D9F
:101180003D3D3D3D3D3D3D3D3D3D3D3D3D3D3D3D8F
:101190003D00000070B504460E461546002C13D1E4
:1011A00045A0F8F7BDFE48A02168F8F7B9FE40F267
:1011B000A62247A153A0F8F7B3FE554A55A156A061
:1011C000F8F7AEFE00BFFEE70C2E72D2DFE806F0A5
:1011D0000620232527424671714B5657207D002853
:1011E00013D035A0F8F79CFE37A02168F8F798FED9
:1011F00040F2AB2236A143A0F8F792FE444A4EA13A
:1012000045A0F8F78DFE00BFFEE72868E06050E0DB
:10121000E06828604DE0A5614BE0E56149E0207D94
:10122000012813D024A0F8F77BFE27A02168F8F747
:1012300077FE40F2B92226A132A0F8F771FE344AB7
:1012400044A135A0F8F76CFE00BFFEE7287884F8CB
:1012500074002EE094F8740028702AE0D4E9180194
:10126000C5E9000125E014A0F8F75AFE16A0216890
:10127000F8F756FE3E48F8F753FE1AE019E0207DD5
:10128000002813D00CA0F8F74BFE0FA02168F8F748
:1012900047FE4FF435720EA11AA0F8F741FE1C4A22
:1012A00025A11DA0F8F73CFE00BFFEE72878A07539
:1012B00000BF00BF70BD00005B466C6173684442B4
:1012C0005D5B74736C5D00005B25735D2000000046
:1012D0002E2E5C436F6D70656E74735C4D6F64751C
:1012E0006C65735C466C61736844422D312E312EFF
:1012F000325C7372635C6664625F747364622E63F3
:10130000000000002825733A256429200000000011
:101310003B900108646200002825732920686173EE
:1013200020617373657274206661696C6564206105
:10133000742025732E0A000064622D3E7061726570
:101340006E742E696E69745F6F6B203D3D2066611F
:101350006C73650064622D3E706172656E742E69F7
:101360006E69745F6F6B203D3D207472756500007F
:10137000BCA101082DE9F04FA1B004468846914672
:101380001D46DDE92A7A002600200E900F9010906D
:1013900011900E94002D13D15DA0F8F7C1FD60A04F
:1013A0002168F8F7BDFD4FF43B725FA16BA0F8F721
:1013B000B7FD6D4A6DA170A0F8F7B2FD00BFFEE762
:1013C00001234A4641462046CDF800A0FCF722FE04
:1013D000064606B194E0A566E766012084F874002D
:1013E000801E20670146E162E068B84213D848A039
:1013F000F8F796FD4AA02168F8F792FD40F2FA222C
:1014000049A156A0F8F78CFD574A63A15AA0F8F7F6
:1014100087FD00BFFEE700201390012065490022F0
:101420000EABCDE90021029012A9204605F054FD33
:101430009DF83C0038B1A07D08B1022660E020464E
:1014400007F03AFB18E0109909B1119808E094F8F8
:10145000741009B1E06A03E0D4E90321881AE0625C
:10146000E16801442269914202D30021216702E030
:10147000E1680144216700BF25A0F8F751FD28A0CD
:101480002168F8F74DFD40F21B3227A133A0F8F791
:1014900047FD4948E36A226F2168F8F741FD0123BF
:1014A00004F128022046E16A05F096F92920005D42
:1014B000022804D1D4E91001C4E918011FE0292051
:1014C000005D01281BD1216FE06A814217D0D4F85A
:1014D0002CB0BBF1000F04D1D4E90310A0EB010B39
:1014E00002E0E068ABEB000B00236A465946204659
:1014F00005F072F9DDE90601C4E9180100BF00BF7B
:1015000031462046FCF7CCFE304621B000F056B8FC
:101510005B466C61736844425D5B74736C5D000094
:101520005B25735D200000002E2E5C436F6D70659F
:101530006E74735C4D6F64756C65735C466C61733F
:101540006844422D312E312E325C7372635C6664C6
:10155000625F747364622E63000000002825733A92
:1015600025642920000000004C9001086765745F25
:1015700074696D6500000000282573292068617377
:1015800020617373657274206661696C65642061A3
:10159000742025732E0A00006D61785F6C656E20E3
:1015A0003C2064625F7365635F73697A6528646277
:1015B00029000000FD0001082CA1010830BCBDE895
:1015C000C08F00001CB504F075F806F05BFF00202A
:1015D00080210D4B0DA2CDE900100FA11248FFF79D
:1015E000C9FE0446114A06210F48FFF7D3FD07E064
:1015F0004FF47A7003F0A6FE0D490EA0F8F790FCA8
:10160000002CF5D11CBD0000894201086664625FB0
:1016100074736462000000006F66666C696E655FDB
:101620006461746100000000181A0020B4000020FA
:10163000F28E01080A2573204661696C0A000000D9
:1016400010B5044611480068844206D2104A11A120
:1016500016A0F8F765FC00BFFEE71C480068401EB6
:101660000A49096801EB8010A04206D2084A18A175
:101670000EA0F8F755FC00BFFEE704480068201AEA
:101680008011204951F8200010BD0000E401002025
:101690003796010870617274203E3D20706172744B
:1016A0006974696F6E5F7461626C650028257329C7
:1016B0002068617320617373657274206661696C60
:1016C00065642061742025732E0A0000F00100205B
:1016D00070617274203C3D20267061727469746977
:1016E0006F6E5F7461626C655B706172746974695E
:1016F0006F6E5F7461626C655F6C656E202D20316A
:101700005D000000E80100202DE9F04104460D468F
:1017100017462E463046616800F004F80020BDE808
:10172000F081000070B590B004460E460025E068D8
:10173000B6FBF0F100FB1160002812D01DA0F8F7F5
:10174000EFFB20A02168F8F7EBFBE7221FA12CA0FC
:10175000F8F7E6FB2D4A2EA134A0F8F7E1FB00BF15
:10176000FEE731462046E268FCF7F2FB0546FDB98C
:1017700000BF01200090042302AA314601902046B8
:10178000FCF712FE054615B1284610B070BD00BF2B
:101790002E48039000BF0120042303AA311D0090AE
:1017A0002046FCF703FC05460DB12846EDE700BFD7
:1017B0002846EAE75B466C61736844425D5B74737C
:1017C0006C5D00005B25735D200000002E2E5C43E5
:1017D0006F6D70656E74735C4D6F64756C65735C72
:1017E000466C61736844422D312E312E325C737227
:1017F000635C6664625F747364622E630000000061
:101800002825733A25642920000000002290010851
:101810006164647220252064625F7365635F73692D
:101820007A6528646229203D3D20300028257329EF
:101830002068617320617373657274206661696CDE
:1018400065642061742025732E0A000054534C30C7
:101850002DE9F0478EB004468846F7A12046F2F7FE
:10186000BBFD002829D0B8F1180F26D8B8F1160F03
:1018700023D3F7A12046F2F7AFFD0646701CF2F71E
:10188000D6FE85B2B5F5B46F0FDC0A2D0DDBF1483D
:101890008581F1A1F1A0F8F743FBEE488189F1A021
:1018A000F8F73EFBF7F7BAFD03E0F6A1EBA0F8F777
:1018B00037FBF6A0F8F734FB0FE3FEA12046F2F762
:1018C0008BFD002830D04FF4FA71FD48F2F779FD16
:1018D000FC48807AFB494A7A097AFA4BDB79CDE9F0
:1018E0000231CDE90420F7488079F6494979CDE9FC
:1018F0000010F4480379C278F3A1F148FBF7DAFD50
:10190000D5A1D6A0F8F70CFBED49F9A0F8F708FB34
:10191000F8A1EB48F2F760FD10B9E948F6F74EF987
:10192000642003F00FFDC7E7F8A12046F2F754FD4D
:1019300080B14FF4FA71E248F2F743FDF7A2F9A142
:10194000DF48FBF7B7FDDE48F6F738F9642003F00F
:10195000F9FCB1E7F7A12046F2F73EFD002858D088
:10196000BBA12046F2F738FD461C3046F2F75FFE79
:101970000D900D9800284BD00D9800F5E1400D908A
:101980000DA8F2F763FC0546686900F26C70EE4939
:10199000486128690861E868C860A8688860686864
:1019A0004860286808600B46DA681B69591CE64BDA
:1019B000586907F03FF9E449886102F01BFCFAF727
:1019C000C3FDA448407920F00400001DA1494871DE
:1019D000DE480068DE490860DC48006800F5967063
:1019E000DC4908609CA19DA0F8F79AFAD6480168E6
:1019F0004068D54A9268CDE900200291D248C36878
:101A00000069421CD0484169D3A0F8F789FA00BFA9
:101A100052E7DDA12046F2F7DFFCC8B18D484079DE
:101A2000C0F3401080B98B48407920F0200020306E
:101A30008849487140F6B830D74908800120A1494B
:101A400081F84800F7F754FCD4A0F6F7B7F833E76D
:101A5000D4A12046F2F7C0FCA0B17E484079C0F383
:101A6000401058B17B48407920F0200079494871F6
:101A70004FF47A70C8490880F7F73AFCCDA0F6F722
:101A80009DF8FCE3CEA12046F2F7A6FC00286FD01B
:101A90004FF4FA718A48F2F794FC0A230222CCA18F
:101AA0008748FBF707FD8648F6F788F8642003F0BF
:101AB00049FC4FF4FA718248F2F783FC6548028DC5
:101AC000CEA17F48FBF7F6FC7D48F6F777F8642057
:101AD00003F038FC4FF4FA717948F2F772FC5D4874
:101AE0004079C0F34012C9A17548FBF7E3FC744884
:101AF000F6F764F8642003F025FC4FF4FA7170489F
:101B0000F2F75FFC53488289C4A16D48FBF7D2FC11
:101B10006B48F6F753F8642003F014FC4FF4FA71A5
:101B20006748F2F74EFCC2A2C3A16548FBF7C2FCAE
:101B30006348F6F743F8642003F004FC4FF4FA71AD
:101B40005F48F2F73EFC5F48827A407A5D49097A45
:101B50005C4BDB79CDE90231CDE90402594880794B
:101B600058494979CDE9001056480379C27800E018
:101B7000B4E1B5A15248FBF79DFC5148F6F71EF8B9
:101B8000642003F0DFFB4FF4FA714D48F2F719FCC3
:101B90004C48817C427C007C4A4BDB7BCDE90230A7
:101BA000CDE904214748807B4649497BCDE90010B7
:101BB0004448037BC27AAFA14148FBF77BFC404815
:101BC000F5F7FCFF642003F0BDFB4FF4FA713C48CD
:101BD000F2F7F7FB3B4890F8222090F821003949B2
:101BE00091F82010374BDB7FCDE90A31CDE90C02AB
:101BF0003448807F3349497F324A127F314BDB7E44
:101C0000CDE90632CDE908102E48807E2D494A7E66
:101C1000097E2C4BDB7DCDE90231CDE9042029483A
:101C2000807D2849497DCDE900102648037DC27C8E
:101C30009B49234836E10000536574205265706F5C
:101C4000727420496E74657276616C3A000000000F
:101C50003A000000500A00204C4F47000A5B2573F1
:101C60005D000000526563762055617274205265F4
:101C7000706F727420496E74657276616C203A20C0
:101C800025646D004552524F520000005265637644
:101C90002055617274205265706F727420496E74A1
:101CA000657276616C20506172616D204552524FB1
:101CB0005200000067657444657645756900000050
:101CC0005C080020401D00204445564555493A25F2
:101CD0003032582530325825303258253032582588
:101CE000303258253032582530325825303258009D
:101CF000257300004445564555493A303030303060
:101D00003030303030303030303030006765745033
:101D1000726F63744E616D6500000000554453316D
:101D20003030000050726F63744E616D653A2573F8
:101D30000000000073796E634465766963655469D9
:101D40006D657374616D7000B80A00204400002056
:101D500018010020100000205265637620424C4597
:101D60002053796E632054696D6520434D442C20C7
:101D7000253034642D253032642D253032642D25F4
:101D8000643A25643A256400737769746368506F18
:101D90007765724F4E00000018000020506F776585
:101DA000724F4E00737769746368506F7765724F36
:101DB00046460000506F7765724F464600000000AF
:101DC00067657444657669636553746174757300FF
:101DD00048415244574152455F5645523A20307867
:101DE00025303258202C534F4654574152455F56A8
:101DF00045523A20307825303258000062617474C0
:101E00006572793A2025644D76000000706F776521
:101E1000725374617475733A20256400646174614F
:101E200053796E63506572696F643A2025640000CF
:101E3000436C6173732041004C6F526157414E4AAD
:101E40006F696E3A202573004445564555493A203E
:101E50002530327825303278253032782530327886
:101E60002530327825303278253032782530327876
:101E7000000000004150504555493A202530327845
:101E80002530327825303278253032782530327856
:101E90002530327825303278253032780000000045
:101EA000289D0108FBF706FBF648F5F787FE64203E
:101EB00003F048FA4FF4FA71F248F2F782FAF24866
:101EC000007800F00102F1A1EE48FBF7F3FAED48CB
:101ED000F5F774FE642003F035FAD0E1EFA1204657
:101EE000F2F77AFA48B16079012806D1F7F7FEFADD
:101EF000642003F027FAFBF7C1FBE9A12046F2F7C3
:101F00006BFA08B1FBF7BAFBE4A12046F2F764FADA
:101F10000028E2D06079052802D060790928DCD158
:101F200042462146E0A0F5F7F3FE94F806A0A0791A
:101F3000FF2802D1FDF750FFA0E1A079FC2802D1D3
:101F4000FDF74EFE9AE1A079FB2802D1FDF7AAFD2C
:101F500094E1A079092802D0A0790A2837D1A07984
:101F600009281BD1D2484079C0F3401060BBD0484B
:101F7000407920F020002030CD4948710120C2492D
:101F800081F84800F7F7B4F9AFF23431AFF23430EA
:101F9000F7F7C6FFC7A0F7F7C3FF15E0C4484079BD
:101FA000C0F3401080B1C248407920F02000C04901
:101FB0004871F7F79DF9AFF26031AFF26030F7F793
:101FC000AFFFC1A0F7F7ACFFFDF7B8FE56E1A0796F
:101FD000FE2839D1A07A012816D1B5484079C0F33E
:101FE000401020BBB248407920F020002030B0499A
:101FF000487140F6B830B94908800120A24981F8FB
:102000004800F7F775F912E0A07A80B9A84840793E
:10201000C0F3401058B1A648407920F02000A449F0
:1020200048714FF47A70AD490880F7F761F9AFF263
:10203000D831AFF2D830F7F773FFA17AA8A0F7F73D
:102040006FFFFDF7E1FC19E1A079FD2812D1984856
:10205000407920F08000803095494871AFF2084106
:10206000AFF20840F7F75CFFA4A0F7F759FFFDF7C0
:10207000CBFC03E1A079022872D160790928FBD159
:10208000207AE17940EA0129B9F5B46F19DCB9F198
:10209000010F16DB8648A0F80C90407920F0040070
:1020A000001D83494871F7F7B9F9AFF25441AFF217
:1020B0005440F7F735FF7E48818997A0F7F730FF46
:1020C0000AE0AFF24041AFF26C40F7F729FF7848E1
:1020D00081899AA0F7F724FFA07A617A40EA012665
:1020E000B6F5B46F01DC0A2E00DA9EB97048C681DD
:1020F0009D4800689D490860F7F734F9AFF2A841A0
:10210000AFF2A840F7F70CFF6948C18998A0F7F72C
:1021100007FF0AE0AFF2C041AFF2C040F7F700FF9F
:102120006348C1899BA0F7F7FBFE207BE17A40EA78
:102130000127A07B617B40EA01251E2F03DB41F2D2
:10214000941087420DDDAFF2C441AFF2F040F7F7D3
:10215000E7FE394699A0F7F7E3FE0EB0BDE8F08739
:1021600024E01E2D00DA1DB941F2941085420ADDEB
:10217000AFF2F041AFF21C50F7F7D2FE29469CA017
:10218000F7F7CEFEE9E74A4847828582F7F776F906
:10219000AFF23C51AFF23C50F7F7C2FE2A46394647
:1021A000A0A0F7F7BDFEFDF72FFC67E0E07901285E
:1021B00006D1F7F79BF9642003F0C4F8FBF75EFA49
:1021C00036A12046F2F708F9002857D06079042894
:1021D00054D1A079062851D1E0790006217A40EA4D
:1021E0000140617A40EA0120A17A08430D900D98E0
:1021F000E8B30D9800F5E1400D900DA8F2F726F830
:102200000546686900F26C70944948612869086164
:10221000E868C860A86888606868486028680860DE
:102220000B46DA681B69591C8C4B586906F002FD95
:102230008A49886101F0DEFFFAF786F9FDF7E4FBD1
:10224000AFF2EC51AFF2EC50F7F76AFE8348016849
:102250004068824A9268814BDB68CDE90032CDE963
:1022600002017E480069431C7C48426900E004E0AA
:102270007BA00D99F7F754FE00BF00BF00BF00BF61
:102280006BE700005C080020401D00204A6F696E6B
:102290002053746174653A2025640000686B7400F3
:1022A0007265626F6F740000526576424C450000A3
:1022B000500A00205265637620424C4520506F77CB
:1022C0006572204F4E0000005265637620424C45F7
:1022D00020506F776572204F46460000180000209E
:1022E0005265637620424C4520506F7765722043DB
:1022F0004D44205B253032585D0000005265637606
:1023000020424C4520416363205265666572656ECC
:10231000636520434D44000055706461746520443A
:1023200065766963652053796E6320496E746572C2
:1023300076616C3A2025646D696E000055706461A9
:102340007465204465766963652053796E6320491E
:102350006E74657276616C204552524F523A202558
:10236000646D696E00000000440000201801002028
:1023700055706461746520446576696365204770B3
:102380007320496E74657276616C3A2025646D69BC
:102390006E00000055706461746520446576696361
:1023A000652047707320496E74657276616C2045B4
:1023B00052524F523A2025646D696E00436F6E662B
:1023C000696720446576696365204C6F772054689F
:1023D000726573686F6C642044697374616E6365C1
:1023E000204552524F523A2025646D696E0000001C
:1023F000436F6E6669672044657669636520486946
:102400006768205468726573686F6C6420446973F0
:1024100074616E6365204552524F523A2025646DB7
:10242000696E000055706461746520446576696367
:1024300065205468726573686F6C642044697374B6
:10244000616E6365204C6F775B25646D6D5D204820
:102450006967685B25646D6D5D000000B80A002047
:102460005265637620424C452053796E632054694F
:102470006D655B25645D2C20253034642D2530325C
:10248000642D253032642D25643A25643A25640094
:10249000F8B505460E460020009078212148F1F756
:1024A00090FF6B461F4A20A12846FDF706FF002437
:1024B00032E01C4951F824001CA1F1F78DFF50B304
:1024C000184951F82400F1F799FF64280DD21549F5
:1024D00051F82400F1F792FF0746124850F82410F3
:1024E0003A461348F1F752FF06E00E4850F8241020
:1024F00064220F48F1F74AFF78210A48F1F761FF9B
:102500006B46084A0BA10A48FDF7D7FE0A49054861
:1025100003F09AFA03E0641C00988442C9DB00BF10
:10252000F8BD0000C81C002024000000524D4300EC
:10253000001B00202C000000681B002003B595B094
:102540001E20FD498872FDA11598F1F745FF00286E
:1025500033D01698182830D8169815282DD3FDA1F9
:102560001598F1F739FF14901498401CF2F75FF8B2
:1025700080B213901398B0F5B46F02DC13980A2858
:1025800001DA139880B9EC4913988881F2A1F3A07D
:10259000F7F7C6FCE848808901461290F1A0F7F7EA
:1025A000BFFCF6F73BFF03E0F6A1ECA0F7F7B8FCA1
:1025B000F6A0F7F7B5FC01F058B8FEA11598F1F7B1
:1025C0000BFF002832D0169816282FD816981328FB
:1025D0002CD3E0A11598F1F7FFFE14901498401C3D
:1025E000F2F725F880B213901398B0F5B46F02DCBF
:1025F00013980A2801DA139880B9CF491398888173
:10260000F1A1D6A0F7F78CFCCB4880890146129047
:10261000EEA0F7F785FCF6F701FF03E0EAA1CFA0F3
:10262000F7F77EFCF1A0F7F77BFCC4E7F7A115985C
:10263000F1F7D2FE00287AD0F7A11598F1F7CCFE79
:102640000028F8D0F7A11598F1F7C6FE0028F2D0BF
:102650007821F748F1F7B5FEF6A11598F1F7BCFE21
:10266000139000201290119012ABF14AF5A113982B
:10267000FDF723FE129808287CD1D3A1B7A0F7F765
:102680004FFCF1A0F7F74CFCE9480068B1A11090AD
:10269000F1F7A2FE14901498401CF1F7AFFEB8B108
:1026A0001498401CF1F7AAFE032811D81498401C76
:1026B000F1F7BDFFE9494870C3A1A8A0F7F730FCC6
:1026C000E648407801461090E5A0F7F729FC03E0C2
:1026D000BDA1A2A0F7F724FCE8A0F7F721FCD4489D
:1026E00040689CA11090F1F777FE14901498401C5C
:1026F000F1F784FE06281FD1E7A000681090149B14
:102700005B1CE6A2032110A8FAF7BAFE10A8F1F7A5
:102710008EFF4FF47A714843D049C864AAA18FA0B4
:10272000F7F7FEFBCD48C06C01460F9000E0A5E333
:10273000DBA0F7F7F5FB03E0A3A188A0F7F7F0FB18
:10274000CEA0F7F7EDFBBA48806882A11090F1F7B0
:1027500043FE14901498401CF1F750FE072819D13D
:10276000D6A11498401CF1F737FE20B10020BB49D8
:10277000887003E078E30220B849887092A177A0BE
:10278000F7F7CEFBB548807801461090CCA0F7F75C
:10279000C7FB03E08CA171A0F7F7C2FBCFA0F7F74E
:1027A000BFFBA348C0686BA11090F1F715FE401C59
:1027B00014901498F1F722FE08283DD100201190C2
:1027C0000DE0A6480B301199084410901498084465
:1027D0000F901099FDF79AFD1198401C11901198D7
:1027E0000828EEDB5CA15DA0F7F79AFB9B48807C94
:1027F0009A49497C994A127C984BDB7BCDE901329E
:10280000CDE903109548807B00909448407B109060
:102810009248007B0F909148C07C0E900146B6A074
:10282000DDE90F23F7F77CFB67A14CA0F7F778FBF6
:10283000BDA0F7F775FB03E063A148A0F7F770FBB5
:10284000BFA0F7F76DFB7A48006942A11090F1F73D
:10285000C3FD401C14901498F1F7D0FD102856D1F8
:10286000002011900DE07D4813301199084410901C
:10287000149808440F901099FDF748FD1198401CDA
:10288000119011981028EEDB33A134A0F7F748FB24
:10289000724890F82200714991F821106F4A92F81D
:1028A00020206E4BDB7FCDE90932CDE90B106B4860
:1028B000817F407F694A127F684BDB7ECDE905321C
:1028C000CDE907016548817E407E644A127E634BF4
:1028D000DB7DCDE90132CDE903016048807D0090C8
:1028E0005E48407D10905D48007D0F905B48C07C45
:1028F0000E9001469A48DDE90F23F7F711FB32A14C
:1029000016A0F7F70DFB97A0F7F70AFB03E02EA13F
:1029100012A0F7F705FB99A0F7F702FB44484069BE
:102920000CA11090F1F758FD401C14901498F1F789
:1029300065FD042832E10000500A00205365742030
:102940005265706F727420496E74657276616C3A6C
:10295000000000003A0000004C4F47000A5B25735E
:102960005D000000526563762055617274205265E7
:10297000706F727420496E74657276616C3A2025AE
:10298000646D00004552524F52000000526563765C
:102990002055617274205265706F727420496E7494
:1029A000657276616C20506172616D204552524FA4
:1029B000520000007365744461746153796E635012
:1029C0006572696F643A000041434B00736574445B
:1029D00061746153796E63506572696F643A202542
:1029E000646D696E200D0A204F4B000073657444BE
:1029F00061746153796E63506572696F64205061D0
:102A000072616D204552524F520000004C6F52616E
:102A100057414E506F7274004C6F526157414E4691
:102A2000726571004C6F526157414E4A6F696E007A
:102A3000C81C00204C6F526157414E506F72743A5F
:102A4000000000002C0000007365744C6F52615749
:102A5000414E506172616D204F4B0000401D0020BF
:102A60007365744C6F526157414E506F72743A20C7
:102A70002564200D0A204F4B000000007365744C44
:102A80006F526157414E506F727420506172616D88
:102A9000204552524F52000038363800257300004E
:102AA0007365744C6F526157414E467265713A209E
:102AB0002564200D0A204F4B00000000410000005B
:102AC0007365744C6F526157414E4A6F696E3A207C
:102AD0002564200D0A204F4B000000007365744CE4
:102AE0006F526157414E4A6F696E20506172616D3D
:102AF000204552524F5200004170704555493A20CE
:102B00002530327820253032782025303278202543
:102B10003032782025303278202530327820253028
:102B200032782025303278007365744C6F526157CB
:102B3000414E415050455549200D0A204F4B000051
:102B40007365744C6F526157414E417070455549E1
:102B500020506172616D204552524F5200000000BA
:102B6000189C01087365744C6F526157414E415077
:102B7000504B4559200D0A204F4B00007365744C93
:102B80006F526157414E4150504B45592050617230
:102B9000616D204552524F52000000003CD1002090
:102BA00011900CE0FB4811990844109014980844C7
:102BB0000F901099FDF7AAFB1198401C11901198E5
:102BC0000428EFDBAFF27021AFF27020F7F7A8F91D
:102BD000F048233890F826000090EE48233890F80B
:102BE00025001090EB48233890F824000F90E94816
:102BF000233890F823000E900146E7A0DDE90F236B
:102C0000F7F78EF9AFF24021AFF2B020F7F788F96D
:102C1000E9A0F7F785F905E0AFF25421AFF2C4203F
:102C2000F7F77EF9EAA0F7F77BF9F1488069AFF290
:102C3000DC211090F1F7D0FB401C14901498F1F7B0
:102C4000DDFB102878D1002011900DE0D148001D47
:102C5000119908441090149808440F901099FDF7AA
:102C600055FB1198401C119011981028EEDBAFF223
:102C70001831AFF21830F7F753F9C648233890F8F7
:102C8000361090F83500C34A233A92F83420C14BED
:102C9000233B93F83330CDE90932CDE90B01BD4830
:102CA000233890F83200BB49233991F83110B94AE2
:102CB000233A92F83020B74B233B93F82F30CDE9DD
:102CC0000532CDE90710B348233890F82E00B149FA
:102CD000233991F82D10AF4A233A92F82C20AD4BAE
:102CE000233B93F82B30CDE90132CDE90310A948FD
:102CF000233890F82A000090A648233890F829003D
:102D00001090A448233890F828000F90A148233849
:102D100090F827000E900146B648DDE90F23F7F73B
:102D2000FFF8AFF25C31AFF2CC30F7F7F9F8B2A0B0
:102D3000F7F7F6F806E0FFE7AFF27431AFF2E430F0
:102D4000F7F7EEF8B2A0F7F7EBF8A948C069AFF2D1
:102D5000FC311090F1F740FB401C14901498F1F7EF
:102D60004DFB102871D1002011900EE089481430DD
:102D70001199084410901499119808440F901099D3
:102D8000FDF7C4FA1198401C119011981028EDDB42
:102D9000AFF23C41AFF23C40F7F7C2F87D48233830
:102DA00090F8461090F8452090F84400794B233B6A
:102DB00093F84330CDE90930CDE90B21754823382C
:102DC00090F8422090F841007249233991F8401060
:102DD000704B233B93F83F30CDE90531CDE9070235
:102DE0006C48233890F83E1090F83D2090F83C0055
:102DF000684B233B93F83B30CDE90130CDE903210B
:102E00006448233890F83A0000906248233890F8DC
:102E1000390010905F48233890F838000F905D48D3
:102E2000233890F837000E9001468148DDE90F23E2
:102E3000F7F776F8AFF27041AFF2E040F7F770F8CD
:102E40007CA0F7F76DF806E0FFE7AFF28441AFF240
:102E5000F440F7F765F87DA0F7F762F801204D49D7
:102E6000233981F8480005E0AFF2A441AFF21450D5
:102E7000F7F756F87DA0F7F753F8F6E380A1159819
:102E8000F1F7AAFA28B982A11598F1F7A5FA002856
:102E90007DD04FF4FA718248F1F793FA3D48233818
:102EA0008078002874D17FA17D48FAF703FB7C4825
:102EB000F1F7A4FA7A49084400227DA11390FAF7A9
:102EC000F9FA7748F1F79AFA7549084413907C4863
:102ED000808902467BA112901398FAF7EBFA7048AA
:102EE000F1F78CFA6E4908447BA27DA11390FAF7A2
:102EF000E1FA6B48F1F782FA6949084413902548D2
:102F00002338827A407A23492339097A214B233B9B
:102F1000DB79CDE90231CDE904021E4823388079FE
:102F20001C4923394979CDE900101A482338007922
:102F3000129018482338C078119002466CA1DDE940
:102F40001230FAF7B7FA5648F1F758FA54490844DC
:102F5000139010482338827C417C007C0D4B233B2E
:102F6000DB7BCDE90230CDE904120A482338807BAF
:102F700008492339497BCDE9001006482338007BF6
:102F8000129004482338C07A11900246C6E085E2C8
:102F900021E10000631D0020444556414444523A5B
:102FA00020253032782025303278202530327820A4
:102FB00025303278000000007365744C6F52615701
:102FC000414E44455641444452200D0A204F4B0087
:102FD0007365744C6F526157414E444556414444A9
:102FE0005220506172616D204552524F52000000D4
:102FF000C81C0020CC9C01087365744C6F5261574B
:10300000414E415050534B4559200D0A204F4B0023
:103010007365744C6F526157414E415050534B454C
:103020005920506172616D204552524F520000008C
:10303000709C01087365744C6F526157414E4E5736
:103040004B534B4559200D0A204F4B007365744C70
:103050006F526157414E4E574B534B45592050616B
:1030600072616D204552524F520000004C6F526108
:1030700057414E20504152414D204552524F52002F
:10308000676574446576696365537461747565003A
:10309000676574446576696365537461747573001C
:1030A0005C0800206465766963655374617465002B
:1030B0002C706F7765725374617475733A25640070
:1030C000500A00202C6461746153796E63506572FC
:1030D000696F643A25640000436C6173732041009A
:1030E0002C4C6F526157414E4A6F696E3A257300FE
:1030F0002C4445564555493A2530327825303278AA
:1031000025303278253032782530327825303278C3
:10311000253032782530327800000000F5A1DDE955
:103120001230FAF7C7F9FE48F1F768F9FC4908448C
:103130001390FC4890F82200FA4991F8212091F868
:103140002010F84BDB7FCDE90A31CDE90C20F548A2
:10315000827F407FF349097FF24BDB7ECDE9063168
:10316000CDE90802EF48817E407EEE4A127EED4BAB
:10317000DB7DCDE90232CDE90401EA48807DE949F1
:10318000497DCDE90010E748007D1290E548C07CFC
:1031900011900246E449DDE91230FAF78BF9E04874
:1031A000F1F72CF9DE490844E0A11390FAF782F90F
:1031B000DB48F1F723F9DA490844DFA11390FAF765
:1031C00079F9D748F1F71AF9D5490844DDA11390E8
:1031D000FAF770F956E1AFF23411D148FAF76AF90B
:1031E000CF48F1F70BF9CE4908440022AFF2401165
:1031F0001390FAF75FF9CA48F1F700F9C849084493
:103200001390D34880890246AFF248111290139868
:10321000FAF750F9C248F1F7F1F8C1490844CDA2D4
:10322000AFF244111390FAF745F9BD48F1F7E6F80B
:10323000BB4908441390BB48827A417A007AB94B63
:10324000DB79CDE90230CDE90412B6488079B54981
:103250004979CDE90010B34800791290B148C0789F
:1032600011900246AFF27811DDE91230FAF722F937
:10327000AB48F1F7C3F8AA4908441390A948807CE9
:10328000A849497CA74A127CA64BDB7BCDE90232D8
:10329000CDE90410A348807BA249497BCDE9001009
:1032A000A048007B12909F48C07A1190024691A1DD
:1032B000DDE91230FAF7FEF89948F1F79FF89849DE
:1032C00008441390974890F82200964991F82120DD
:1032D00091F82010934BDB7FCDE90A31CDE90C202A
:1032E0009048827F407F8F49097F8E4BDB7ECDE9FE
:1032F0000631CDE908028B48817E427E007E894BF3
:10330000DB7DCDE90230CDE904218648807D854909
:10331000497DCDE900108348007D12908148C07C32
:10332000119002468049DDE91230FAF7C3F87C4873
:10333000F1F764F87A49084413907A4890F8260027
:10334000784991F82510CDE90010764890F82400CE
:103350001290744890F82300119002467FA1DDE995
:103360001230FAF7A7F86E48F1F748F86C490844AC
:1033700013906C4890F8361090F8352090F834008F
:10338000684B93F83330CDE90A30CDE90C2165481C
:1033900090F83200634991F83110624A92F8302077
:1033A000604B93F82F30CDE90632CDE908105D4827
:1033B00090F82E1090F82D2090F82C00594B93F88F
:1033C0002B30CDE90230CDE90421564890F82A008F
:1033D000544991F82910CDE90010524890F828007E
:1033E0001290504890F82700119002466249DDE99A
:1033F0001230FAF75FF84A48F1F700F848490844F4
:103400001390484890F8461090F8452090F84400F2
:10341000444B93F84330CDE90A30CDE90C214148C3
:1034200090F8422090F841003E4991F840103D4B01
:1034300093F83F30CDE90631CDE90802394890F8DC
:103440003E2090F83D1090F83C00364B93F83B300E
:10345000CDE90230CDE90412324890F83A00314902
:1034600091F83910CDE900102E4890F838001290EC
:103470002C4890F83700119002464049DDE912309F
:10348000FAF718F8AFF6C021AFF63030F6F748FD7E
:103490002349AFF6F810F6F743FDE6E038A115989A
:1034A000F0F79AFF002877D022A11598F0F794FF43
:1034B000401C13901398F1F7BAF812901298002854
:1034C0006BD0129800F5E140129012A8F0F7BEFE02
:1034D00011901198406900F26C702E494861119862
:1034E000006908611198C068C86011988068886098
:1034F000119853E02C4150504555493A25303278C7
:1035000025303278253032782530327825303278BF
:1035100025303278253032782530327800000000AE
:103520005C080020401D0020749D01082C44455675
:10353000414444523A0000002C415050534B4559ED
:103540003A0000002C4E574B534B45593A000000AF
:10355000500A0020436C6173732043002C4445568D
:10356000414444523A253032782530327825303281
:1035700078253032780000000C9E0108C09D0108BB
:1035800073796E6344657669636554696D657374B8
:10359000616D7000B80A00204BE049E04068486067
:1035A0001198006808600846C068109008460069D5
:1035B000401C0F90084640690E90DDE90F1205F09F
:1035C00039FB2B49886100F015FEF8F7BDFF29484B
:1035D000407920F00400001D264948712648016802
:1035E000264801602448006800F596702449086068
:1035F000AFF69C41AFF69C40F6F792FC1C48006881
:103600001B4949681A4A9268CDE90021029018487E
:10361000C068109016480069401C0F90144840691B
:103620000E90014617A0DDE90F23F6F779FC00BFE5
:103630001BE021A11598F0F7CFFE18B10120214918
:10364000087012E020A11598F0F7C6FE18B100200E
:103650001C49087009E020A11598F0F7BDFE08B1DB
:10366000FAF70CF803200349887217B000BD000078
:10367000B80A0020500A0020440000201801002051
:1036800010000020526563762055617274205379D2
:103690006E632054696D6520434D44204F4B2C25AB
:1036A0003034642D253032642D253032642D25646C
:1036B0003A25643A256400006B6565704D61696E5A
:1036C00052756E00160000206C656176654D61696B
:1036D0006E52756E000000007265626F6F740000BC
:1036E0002DE9FE4F804689464046FCF761FC0128E3
:1036F00011D1F248B0F8062200F58371F0A0F4F77A
:1037000007FBF1A1F1A0F6F70BFCF249F2A0F6F7E6
:1037100007FC00F087BB98F8030000F001000028C8
:103720007DD0F44EDC213046F0F74BFE3146FF20D1
:1037300003F082FEF0490870084600780644FF2135
:10374000DE48F0F73EFEDD48EC490A8802808978C1
:1037500081700020D949C870E94800780871E848AC
:103760000078401CE6490870E3480278E149D348F4
:10377000401DF0F70BFEE0480078401DCF49A1F84E
:10378000000100F003FD012802D1002003F050FFEA
:1037900000F02AFD10B9012003F05CFF00BF00F02B
:1037A000D3FC0028FBD0142001F0CCFDC348B0F8B6
:1037B0000011F8F73FFBC148B0F800210146D1A045
:1037C000F4F7A6FA142001F0BDFD00F0C5FC38B1F5
:1037D000CEA1BEA0F6F7A4FBCEA0F6F7A1FB04E0B5
:1037E00000F0DCFC002835D000BFC8A1B7A0F6F778
:1037F00097FBCEA0F6F794FBC1480078401EC04965
:103800000870D448407A401CD24948720846407A31
:1038100005281EDB00204872CF48007800E030E029
:1038200020F00100CC490870022081F847000020F8
:1038300081F84800C948006800F5E160C84908609F
:10384000A1A1A2A0F6F76CFBC5480168C5A0F6F7D8
:1038500067FB5EE70020BF4948729BA19BA0F6F77B
:103860005FFBC8A0F6F75CFB40F6B8309349A1F8BF
:103870000401B848807A032802DA0320B549887227
:1038800000BFA9F10500C5B28FA190A0F6F748FBD3
:103890002946C2A0F6F744FB08F105046EE294F84D
:1038A00000A089A189A0F6F73BFB5146C5A0F6F719
:1038B00037FBBAF1850F11D009DCBAF1450F7CD086
:1038C000BAF1480F7AD0BAF1800F78D130E0BAF16E
:1038D000860F7AD0BAF18C0FF7D114E06678012EFA
:1038E00005D101209C4981F84800F5F7F5FBA81E99
:1038F000C5B2A41C85A175A0F6F712FB3146B8A08D
:10390000F6F70EFB35E26678012E05D19148407935
:1039100066F3C7108F494871A81EC5B2A41C7BA1CD
:103920006AA0F6F7FDFA3146B6A0F6F7F9FA20E2FA
:10393000607800F5FA60BC494861A0780861E078D9
:10394000C8602079886060794860A07908600B467B
:10395000DA681B69591CB44B586905F06BF9B24918
:10396000886100F047FCF8F7EFFD7A48407920F0D5
:103970000400001D7749487178480068AB49086029
:103980007648006800F59670A9490860E81FC5B23E
:10399000E41D4DA14DA0F6F7C3FAA3480068A24963
:1039A0004968A14A9268CDE9002102909E48C36807
:1039B0000069421C9C48416903E030E058E0D7E1CF
:1039C00003E09CA0F6F7ACFAD3E1A078617840EA76
:1039D0000126B6F5B46F15DC012E13DB5D48868138
:1039E000407920F00400001D5A494871F5F716FD92
:1039F00035A136A0F6F794FA564881899AA0F6F7D1
:103A00008FFA08E0A1A131A0F6F78AFA514881891E
:103A1000A0A0F6F785FAE81EC5B2E41CA9E1A078DB
:103A2000617840EA0126B6F5B46F01DC0A2E00DAAF
:103A30008EB94848C681494800687C490860F5F756
:103A400091FC21A121A0F6F76BFA4248C1899CA004
:103A5000F6F766FA08E01CA11CA0F6F761FA3D48EB
:103A6000C189A0A0F6F75CFAE81EC5B2E41C80E1AB
:103A7000A078617840EA01272079E17840EA0126C0
:103A80001E2F03DB41F29410874208DD7FA10FA0B7
:103A9000F6F746FA39469DA0F6F742FA39E61E2EA9
:103AA00000DA1EB941F29410864205DD77A107A025
:103AB000F6F736FA314643E146E10000E40A002019
:103AC0004C6F526157414E004C4F47000A5B2573C3
:103AD0005D000000EA0B002052656376205561729C
:103AE00074204C6F526157414E20446174613A20FA
:103AF00025730000A406002014000020808D01081A
:103B00001700002053656E64000000005741524EBC
:103B10000000000057616974204275737920494F95
:103B20002054696D656F7574000000004C6F526120
:103B30002053656E6444617461204661696C2C2079
:103B40005772697465204461746520546F20436125
:103B500063686500500A0020401D002044000020DA
:103B60006C010020557064617465205265636F6E4E
:103B70006E6563742054696D657374616D703A206D
:103B8000256C64004C6F52612053656E644461740F
:103B9000612053756363657373000000526563763B
:103BA000204C6F526157414E20434D442C20546F9E
:103BB00074616C2044617461204C656E203A20254C
:103BC000642C0000416E616C7973697320446174E8
:103BD000612054797065203A202530327800000049
:103BE0005265637620446576696365205265737417
:103BF00020466163746F727920434D44203A20253A
:103C00006400000052656376204465766963652030
:103C1000416363205265666572656E636520434D3E
:103C200044203A2025640000B80A00201801002032
:103C3000100000205265637620536572766572200D
:103C400053796E632054696D6520434D442C2530B3
:103C500034642D253032642D253032642D25643AAC
:103C600025643A2564000000557064617465204441
:103C700065766963652053796E6320496E74657259
:103C800076616C3A2025646D696E00004552524F92
:103C90005200000055706461746520446576696364
:103CA000652053796E6320496E74657276616C206D
:103CB0004552524F523A2025646D696E0000000053
:103CC000557064617465204465766963652047704A
:103CD0007320496E74657276616C3A2025646D6953
:103CE0006E000000557064617465204465766963F8
:103CF000652047707320496E74657276616C20454B
:103D000052524F523A2025646D696E00436F6E66C1
:103D1000696720446576696365204C6F7720546835
:103D2000726573686F6C642044697374616E636557
:103D3000204552524F523A2025646D696E000000B2
:103D400016A0F6F7EDF8E4E4214847828682F5F7FD
:103D500095FBAFF28C21AFF28C20F6F7E1F83246FA
:103D600039461CA0F6F7DCF8681FC5B2641D00E0F8
:103D7000CFE400BFC82D00DD03E000BF002D7FF4BD
:103D80008EAD00BFAFF27C21AFF2C020F6F7C8F8CD
:103D90001EA0F6F7C5F800BFBBE40000436F6E66D7
:103DA00069672044657669636520486967682054BF
:103DB00068726573686F6C642044697374616E63C4
:103DC00065204552524F523A2025646D696E0000BD
:103DD000500A0020557064617465204465766963FB
:103DE00065205468726573686F6C642044697374ED
:103DF000616E6365204C6F775B25646D6D5D204857
:103E00006967685B25646D6D5D00000052656376CF
:103E1000204465766963652044617461204F757440
:103E2000000000001EBCBDE8E08F000010B5424855
:103E3000B0F8080290B94048B0F8060270B13E48A8
:103E4000B0F8061200F58370FFF74AFCFF213B48EB
:103E5000F0F7B7FA00203849A1F806023848B0F860
:103E60000802002821D13648B0F80602E8B13448EB
:103E7000B0F8062200F5837132A0F3F749FF34A1B0
:103E800034A0F6F74DF8354935A0F6F749F82C4837
:103E9000B0F806123148FDF7DBFCFF212F48F0F7A0
:103EA00090FA00202649A1F806023348B0F808022B
:103EB00090B93148B0F8060270B12F48B0F8061238
:103EC00000F5837000F064F8FF212C48F0F779FAD0
:103ED00000202949A1F806022948B0F8080598B938
:103EE0002748B0F8060578B12548B0F8061500F562
:103EF0008370FEF7CDFA4FF480612248F0F761FA43
:103F000000201F49A1F806051F48B0F8080290B923
:103F10001D48B0F8060270B11B48B0F8061200F553
:103F20008370FEF70BFBFF211848F0F74AFA0020D8
:103F30001549A1F8060210BDE40A0020EA0B002092
:103F400002110020424C45205265637600000000BB
:103F50004C4F47000A5B25735D00000008120020EB
:103F600052656376205561727420424C452044614D
:103F700074613A2025730000F80E0020FE0F002027
:103F80000C13002012140020EE0C0020F40D002071
:103F90002DE9F04104460F4600252078FF2849D13D
:103FA000207861780844A1784618F0B2E178884218
:103FB0003FD1A078617840EA01201F490882084675
:103FC000008A1E2805DB0846008A41F294118842C7
:103FD00004DDFF2500201849088214E01648008AF5
:103FE0001549498A884201DA01250CE01248008A05
:103FF0001149898A884205DD0F48808A002801DD41
:10400000022500E000250C48007AA84207D00A48A3
:104010000572407920F00400001D0749487107A18E
:1040200007A0F5F77DFF0448027A018A06A0F5F79C
:1040300077FF00BFBDE8F081500A00204C4F4700D9
:104040000A5B25735D000000436F6E766572742015
:1040500055442044697374616E63653A2025646D2C
:104060006D2C205468726573686F6C6420537461A2
:1040700074653A202564000010B502460B46002105
:10408000002004E0C41C32F914402144401C0628DE
:10409000F8DB062091FBF0F108B210BD70B5AAB0B4
:1040A0001B4EF2F77DFB00282FD01AA13046F0F707
:1040B00093F9002829D001AB02AA19A106F1090041
:1040C000FCF7FBF801980E281FDD0E9800F05CFB52
:1040D0000546109800F058FB0446681C48B111A131
:1040E00011A0F5F71DFF294611A0F5F719FF124899
:1040F0008565601C48B10BA10BA0F5F711FF2146A7
:104100000EA0F5F70DFF0C4844652AB070BD000005
:10411000EA0B00202B5354415455533A0000000041
:10412000200000004C4F47000A5B25735D00000033
:10413000534E523A20256400401D002052535349EB
:104140003A2025640000000002480068C0F3002007
:10415000704700001008004870B5002510E04FF4CB
:104160007A70F7F74DFEFFF7EFFF04460CB1002021
:1041700070BD00BF4AF6AA200349086000BF6D1C4D
:104180000F2DECDB0120F3E700300040024800680F
:10419000C0F3C010704700001408004870B54FF419
:1041A0007A70F7F72DFE002510E000F015F80446B0
:1041B0000CB1002070BD4FF47A70F7F721FE00BFFC
:1041C0004AF6AA200349086000BF6D1C062DECDBEF
:1041D0000120EFE70030004002480068C0F34020B3
:1041E00070470000100800484FF090404069C0F34D
:1041F0000020704700B58BB02C216846F0F7E1F83D
:1042000011484069A0F26C7005900F480069049055
:104210000D48C06803900C48806802900A484068C6
:1042200001900948006800900748806906904FF0A7
:10423000FF3008906846F0F755F8A0F5E1400349D3
:1042400008600BB000BD0000B80A00204400002048
:1042500010B50346D86810441C69A0420BD84868C2
:10426000DC6820441C69A04203D24868DC68204412
:1042700010BD0020FCE74FF0FF30F9E7014800686F
:10428000704700003400002001480068002170479A
:10429000440000202DE9F04704460D4614B90120E2
:1042A000BDE8F0874FF000090FE0EFF7C1FF0068AD
:1042B00014F80910405C202801D1012000E0002002
:1042C00008B90220ECE709F10109B9F1060FECD3B6
:1042D000A07908B10320E3E76079303821793039DB
:1042E00001EB810100EB410AE0783038A1783039E8
:1042F00001EB810100EB41066078303821783039DC
:1043000001EB810100EB41070AF5FA68B8F5026F8D
:1043100001DBA8F16408012E01DB0C2E09DD10A1E0
:1043200011A0F5F7FDFD214611A0F5F7F9FD0420D8
:10433000B6E7012F01DB1F2F09DD09A10AA0F5F760
:10434000EFFD214612A0F5F7EBFD0520A8E7A8F246
:104350006C706861701E2861EF600020A0E70000AB
:104360005741524E000000000A5B25735D000000BB
:104370006770735F64646D6D7979282573292C20CB
:104380006D616C666F726D6564206D6F6E74680030
:104390006770735F64646D6D7979282573292C20AB
:1043A0006D616C666F726D656420646179000000F8
:1043B00070B504460D460CB9012070BD002615E00D
:1043C000EFF736FF0068A15D405C202801D1012095
:1043D00000E0002048B915A116A0F5F7A1FD21467F
:1043E00016A0F5F79DFD0220E7E7761C062EE7DB19
:1043F000607830382178303901EB810100EB4100E1
:10440000A860E0783038A178303901EB810100EB09
:1044100041006860607930382179303901EB8101E1
:1044200000EB410028600020C7E700005741524ED2
:10443000000000000A5B25735D0000006770735F79
:1044400068686D6D7373282573292C206D616C6607
:104450006F726D65642074696D650000F8B504467F
:1044600000264CB97C487DA37EA2FC21009085A04B
:1044700003F056FC00BFFEE7204603F077FE064639
:104480000EB13046F8BD606A50B973488AA375A270
:1044900040F2091100907BA003F042FC00BFFEE750
:1044A000206930B1A08A20B1A06910B1207F002816
:1044B0007AD1204602F00EF906460EB13046E1E709
:1044C000204603F029FD60B30020A060216D21612A
:1044D0004820005B012802D10221A18201E00121D4
:1044E000A182616DA16194F858102177012515E032
:1044F00004F1540050F8350078B104F1540050F83C
:104500003500A169814208D904F1540050F83510F2
:10451000A16100EBC500017921776D1C042DE7D363
:1045200042E000253DE005EB4500674901EBC00096
:104530000179207B814233D105EB4500624901EBD3
:10454000C0004179607B81422AD105EB45005E497C
:1045500001EBC0008179A07B814221D105EB4500B0
:10456000594951F83000A06005EB450001EBC0004F
:104570008168216105EB4500534901EBC000818949
:10458000A18205EB4500504901EBC0000169A16122
:1045900005EB45004C4901EBC000017D217702E0AD
:1045A0006D1C152DBFD300BF206928B1A08A18B19A
:1045B000A06908B1207F20B944A003F0D5FB0120F9
:1045C00060E7002700250BE04E4800EBC5000179AD
:1045D000207B814203D14B4850F8357002E06D1CBE
:1045E000102DF1D300BF47B1A06830B1394646A0C5
:1045F0002369A26803F0B8FB0AE02FB139464DA049
:10460000226903F0B1FB03E055A0216903F0ACFB84
:1046100000BF204602F0A4FB06460EB1304631E74B
:10462000207D00F0040040B100220121204603F06B
:10463000E3FD06460EB1304624E72069B0F1807FE5
:1046400005D90121204603F019F8064602E00020B2
:1046500084F83500304615E73C990108666C6173B3
:104660006800000028257329206861732061737336
:10467000657274206661696C6564206174202573BD
:104680002E0000002E2E5C436F6D70656E74735C9F
:104690004D6F64756C65735C466C61736844422D44
:1046A000312E312E325C736675645C7372635C7399
:1046B0006675642E63000000666C6173682D3E733E
:1046C00070692E7772000000449701085761726E7E
:1046D000696E673A205468697320666C617368205C
:1046E000646576696365206973206E6F7420666FF8
:1046F000756E64206F72206E6F7420737570706FAA
:1047000072742E00C496010846696E6420612025EB
:104710007320257320666C61736820636869702E4E
:104720002053697A6520697320256C64206279744E
:1047300065732E0046696E64206120257320666CC7
:1047400061736820636869702E2053697A652069F7
:104750007320256C642062797465732E000000005C
:1047600046696E64206120666C61736820636869C5
:10477000702E2053697A6520697320256C6420624D
:10478000797465732E00000038B504466A4609A1A5
:104790002046EFF787FE0098C0B20090009800F026
:1047A000800028B10098401EC043C0B24042009033
:1047B000009838BD2578000009480A490860084675
:1047C000006810B94FF0FF307047064800688069F4
:1047D00005490862034800680069C8610020F3E7E2
:1047E00000020020A8010020AC0100202DE9F041CA
:1047F0000B3020F00706104D19E02068B04215D3A9
:10480000B0420AD9871B201DD4F80480EFF7BEFD03
:10481000A019C0E90078286004E060682860201DC5
:10482000EFF7B4FD201D2660BDE8F081251D2C6842
:10483000002CE2D10020F7E77C0200202DE9F84FA0
:1048400004460D4616461F46DDE90B9ADDF8288022
:1048500014B9002000F02FB8002020609DF800005F
:1048600065F3871000909DF8000066F30510009036
:104870009DF8000067F3C30000909DF8000068F306
:10488000820000909DF8000069F3000000909DF800
:1048900000006AF34100009001236A46212120466E
:1048A00000F045FA28B9206840F41060206000202C
:1048B000D0E70120CEE718BCBDE8E08FF8B504468C
:1048C0000D4616460CB90020F8BD0020206000906F
:1048D0000DB1802000E000209DF8001008430090FA
:1048E0000EB1402000E000209DF800100843009029
:1048F00001236A461F21204600F019FAE4E72DE95A
:10490000FC4705460E4617461C4615B9002000F028
:1049100078B80020286081461EB1012E01D0022EF9
:1049200004D10DF104094FF0220808E027B90DF178
:1049300004094FF0220802E0E9464FF02508012360
:104940004A464146284600F0E0F928B9286840F474
:10495000E06028600020DAE7062E3DD2DFE806F0AE
:1049600003090F15222F9DF8040064F30410019031
:1049700037E09DF8040064F38200019031E09DF877
:10498000040064F3410001902BE02FB99DF804006E
:1049900064F38610019004E09DF8000064F3861033
:1049A00000901EE02FB99DF8040064F345100190BB
:1049B00004E09DF8000064F34510009011E02FB969
:1049C0009DF8040064F3C710019004E09DF8000016
:1049D00064F3C710009004E04FF4A060286000204A
:1049E00095E700BF01234A464146284600F09FF95B
:1049F00028B9286840F4E0602860002087E701209B
:104A000085E70CBCBDE8F08738B504460CB900203A
:104A100038BD0020206001236A462621204600F090
:104A200074F928B9206840F4106020600020EFE796
:104A30009DF90000ECE73EB504460D4604B10DB902
:104A400000203EBD00202060012302AA2221204632
:104A500000F05BF968B1012301AA2721204600F08C
:104A600054F930B101236A462F21204600F04DF958
:104A700028B9206840F4006020600020E1E79DF83C
:104A80000400C0F3C0009DF80810C1F300110840F5
:104A900028709DF80800C0F380009DF8001000EA1F
:104AA000D11068709DF80000C0F380109DF80810C8
:104AB000C1F340010840A8700120C2E72DE9FC4184
:104AC00005460C46164605B114B90020BDE8FC8128
:104AD000002028600EB9302000E0342007460EB9CF
:104AE000312000E03520804601236A4641462846B1
:104AF00000F00BF930B1012301AA3946284600F035
:104B000004F928B9286840F4006028600020DDE737
:104B10009DF800008009217860F3000121709DF864
:104B200000009DF804100840217860F341012170D5
:104B30009DF8000040089DF8041000EA510021781B
:104B400060F3820121709DF8000080089DF8041038
:104B500000EA9100217860F3C30121709DF8000004
:104B6000C0089DF8041000EAD100217860F3041118
:104B700021709DF8000000099DF8041000EA111052
:104B8000217860F3451121709DF8000040099DF8DF
:104B9000041000EA5111207861F386102070012082
:104BA00094E770B504460D4604B10DB9002070BD00
:104BB00000202060E07920B14FF460602060002088
:104BC000F5E706232A462821204600F09EF828B95A
:104BD000206840F4407020600020E8E70120E6E70C
:104BE000F8B505460E460C20F9F74AF9041E00D127
:104BF000F8BD2571002020606071E07101202072F5
:104C0000204600F040F820B92046F8F75BFD002070
:104C1000EEE7204600F09DF820B92046F8F752FD57
:104C20000020E5E701236A462321204600F06DF8C5
:104C300008B90020DCE79DF8000020F0300000906B
:104C400001236A462321204600F071F808B90020AC
:104C5000CEE701236A462321204600F056F808B922
:104C60000020C5E79DF8000020F080008030009013
:104C700001236A462321204600F059F808B9002094
:104C8000B6E72046B4E738B504460CB9002038BD75
:104C90000020206001236A460F21204600F035F8ED
:104CA00008B90020F3E79DF80000332804D04FF442
:104CB000807020600020EAE70120E8E738B504466C
:104CC0000CB9002038BD00202060E07968B90123CC
:104CD0006A462721204600F018F808B90020F1E7BD
:104CE0009DF80000C0F3C000ECE701236A462F21C5
:104CF000204600F00AF808B90020E3E79DF800001C
:104D0000C0F3401080F00100DCE72DE9F0410446DB
:104D10000E4615461F4604B115B90020BDE8F081C6
:104D20003B462A463146204600F0DAF8F6E72DE900
:104D3000F04104460E4615461F4604B115B9002041
:104D4000BDE8F0813B462A463146204600F000F996
:104D5000F6E71CB504460CB900201CBD00202060FD
:104D60000090019008236A461F212046FFF7DFFFCD
:104D700001236A462E212046FFF7D9FF01236A4608
:104D800030212046FFF7D3FF02236A463221204616
:104D9000FFF7CDFF01236A4634212046FFF7C7FF06
:104DA00002236A4636212046FFF7C1FF01236A46E7
:104DB00038212046FFF7BBFF04236A463A212046EC
:104DC000FFF7B5FF0120C8E72DE9FC4704460E4672
:104DD00015461F46DDE90A9A14B9002000F05BB8B9
:104DE00000202060A571012301AA20212046FFF7A1
:104DF0008CFF08B90020F1E79DF804004FEA101875
:104E00009DF8040067F3000001909DF8040069F329
:104E1000410001909DF804006AF3820001909DF822
:104E2000040066F3071001900DB9012000E0002096
:104E30009DF8041060F3C301019101236A46232108
:104E40002046FFF762FF08B90020C7E7022D01D115
:104E5000012000E000209DF8001060F3C3010091E4
:104E600001236A4623212046FFF761FF08B900208D
:104E7000B4E7012301AA20212046FFF758FF08B913
:104E80000020ABE7B8F1000F03D116B10F2000F0FE
:104E900059FA0020A2E70CBCBDE8F08738B50446FB
:104EA0000D460CB9002038BD00202060657101233B
:104EB0006A4623212046FFF728FF08B90020F2E7C1
:104EC0009DF8000065F30510009001236A46232138
:104ED0002046FFF72CFF08B90020E4E70120E2E7B5
:104EE0002DE9F04104460F4615461E4604B115B99A
:104EF0000020BDE8F081402E05DB206840F0060070
:104F000020600020F5E707F03F0040F0C008FF22D6
:104F100040210D48EFF74EFAFF2240210B48EFF7F2
:104F200049FA094880F800803346084A0121F7F71A
:104F3000F9FB002003E00549095C2954401CB042FC
:104F4000F9DB0120D5E70000081C0020481C0020E8
:104F50002DE9F04104460E4617461D4604B117B927
:104F60000020BDE8F08106F03F0040F04008402DF1
:104F700005DB206840F0060020600020F1E706F025
:104F80007F060A4880F80080002004E03A5C074B66
:104F9000411C5A54401CA842F8DB681C81B2002313
:104FA0001A460248F7F7BEFB0120DAE7881C00200A
:104FB00000B58DB02C2102A8EFF703FA0020019074
:104FC0002648006801902648C08900280DDD254844
:104FD00000680199884208D222480068224909687D
:104FE000884202D91F480068019020480068019952
:104FF000884208D21D4800681B490968884202D9C6
:105000001A48006801901A48007800F0010068B959
:10501000184800680199884208D216480068124969
:105020000968884202D91348006801900E49019826
:105030000968884203D20C4800680A300190019840
:1050400000F5E140019002A901A8EFF705F9F7F793
:105050007BFA02A8F7F7C4F80DB000BD10000020DD
:10506000500A002018010020440000200C000020FD
:10507000401D00206C01002010B54FF480620449EF
:10508000044800F063F80449024800F0EFF810BD4E
:105090008802002088060020695501081CB50146D9
:1050A00059B1134B0868984207D1DB43886998428D
:1050B00003D1486808B1886808B900201CBD086998
:1050C0000190C8680090DDE90030984201D18A68FB
:1050D0000CE0DDE90003984203D9DDE90003C21AC0
:1050E00004E08868DDE900431B1BC21A501EE5E797
:1050F000EFBEADDE1CB5014659B1134B08689842AE
:1051000007D1DB438869984203D1486808B18868B1
:1051100008B900201CBD08690190C8680090DDE94D
:105120000030984201D100220CE0DDE900309842C5
:1051300003D9DDE90030C21A04E08868DDE90034F3
:105140001B1BC21A1046E5E7EFBEADDE70B5044684
:105150000D4616460CB105B10EB9002070BD1C21DC
:105160002046EFF72EF9A660656003482060C04333
:10517000A0610120F2E70000EFBEADDE2DE9F843AB
:1051800004460F461546B9466CB128492068884246
:1051900009D1C943A069884205D1606818B1A068E7
:1051A00008B107B115B90020BDE8F8832046FFF724
:1051B000A1FF8046A84501D2404600E028460546AA
:1051C0000DB90020F0E7E0680090A0680099401A4F
:1051D000A84203D2A0680099401A00E0284606467B
:1051E0006068009A811832464846EFF7CFF8009879
:1051F00030440090AD1B35B109EB06002A466168CA
:10520000EFF7C4F80095A0680099884201D8002003
:1052100000900098E06000BF606920B17219002121
:1052200020466369984700BF7019BDE7EFBEADDE49
:1052300010B50446BCB10C492068884213D1C9435B
:10524000A06988420FD1606868B1A06858B1002099
:105250002061E06000BF606920B100220221204689
:105260006369984700BF10BDEFBEADDE60B1074B6C
:1052700002689A4208D1DB4382699A4204D14268AB
:1052800012B1826802B1416170470000EFBEADDE2D
:105290002DE9F84304460F461546B9466CB1284936
:1052A0002068884209D1C943A069884205D1606855
:1052B00018B1A06808B107B115B90020BDE8F8839E
:1052C0002046FFF7EBFE8046A84501D2404600E0AD
:1052D000284605460DB90020F0E720690090A06837
:1052E0000099401AA84203D2A0680099401A00E031
:1052F000284606466168009A881832464946EFF704
:1053000045F8009830440090AD1B35B109EB06011B
:105310002A466068EFF73AF80095A068009988423D
:1053200001D8002000900098206100BF606920B182
:105330007219012120466369984700BF7019BDE7C3
:10534000EFBEADDE01460022034B1A8000BF024AC9
:1053500012888A42FBDB704740000020F7F786FE88
:10536000F7F782FCF6F70CFEF2F7BCF9F2F704FB54
:10537000F2F726F9F2F764FBF2F7C0FBF7F774F9DE
:10538000F7F7F6FAF4F74CFD10214FF47A70F7F7BF
:10539000E1FE62B6F4F728FEF3F700FDFCF712F920
:1053A000FFF76AFEF7F714F9F1F756FFF6F7F2F98F
:1053B000F0F778F9F2F756FFFF210F48EFF701F801
:1053C000FF210E48EEF7FDFF00200D49887212E024
:1053D00003F09CF9F6F7ACFBF4F734F9F1F7A8FC0D
:1053E000FEF724FDF2F73AFD00BF4AF6AA20054970
:1053F000086000BF00BFEBE708120020EA0B0020A6
:10540000500A0020003000402DE9F84305460F46C1
:10541000164655B9164817A318A24FF47871009094
:105420001EA002F07DFC00BFFEE756B9104828A37D
:1054300012A240F2E131009018A002F071FC00BF0E
:10544000FEE795F8350008B1042000E0032080460F
:10545000002408E0601CA8EB0000C00027FA00F060
:105460003055601CC4B24445F4DBBDE8F88300004D
:10547000F8990108666C617368000000282573299B
:105480002068617320617373657274206661696C52
:1054900065642061742025732E0000002E2E5C436D
:1054A0006F6D70656E74735C4D6F64756C65735C65
:1054B000466C61736844422D312E312E325C736626
:1054C00075645C7372635C736675642E63000000C0
:1054D000617272617900000010B52DED0A8BB0EE9B
:1054E000408AF0EE608AB0EE419AF0EE619A53EC99
:1054F000192B51EC180BEFF748F941EC1B0BB0EEF0
:105500004B0AF0EE6B0AF8F793FBB0EE40AAF0EE10
:1055100060AA53EC1A2B9FED0F0B51EC100BEFF719
:1055200034F941EC1C0BB0EE4C0AF0EE6C0AF8F7C3
:105530007FFBB0EE40BAF0EE60BAB0EE4B1AF0EE80
:105540006B1AB0EE4A0AF0EE6A0AF8F77BFB00F03D
:1055500005B810BD0000000000807640BDEC088B4F
:10556000BDEC02CBFFF7F5BF70B506460C461546FD
:105570005CB1012C12D0022C19D10EA10FA0F4F7AE
:10558000CFFC10A0F4F7CCFC12E00AA10BA0F4F7BA
:10559000C7FC294612A0F4F7C3FC09E005A107A047
:1055A000F4F7BEFC294618A0F4F7BAFC00E000BFEF
:1055B00000BF70BD4C575242000000000A5B2573CB
:1055C0005D0000005B4556545D204275666665725D
:1055D000207265736574206576656E742100000025
:1055E0005B4556545D204275666665722072656142
:1055F00064206576656E743A20256420627974654E
:1056000028732921000000005B4556545D20427537
:1056100066666572207772697465206576656E745A
:105620003A202564206279746528732921000000DE
:1056300010B52DED048BB0EE409AF0EE609AB0EE0E
:10564000498AF0EE698A09E09FED160B53EC102BA6
:1056500051EC180BEFF799F841EC180B9FED110B7B
:1056600053EC102B51EC180BEFF7FAF9ECD309E0DF
:105670009FED0C0B53EC102B51EC180BEEF7E4FFE5
:1056800041EC180B9FED090B53EC102B51EC180B50
:10569000EFF7CEF9ECD3B0EE490AF0EE690ABDECB3
:1056A000048B10BD00000000008076400000000068
:1056B000000000001CB5002001900090AB208DF888
:1056C000040001236A46042101A8F7F7BFF99020DE
:1056D0008DF8040002236A46042101A8F7F7B6F901
:1056E00005A106A0F4F71CFC9DF801209DF8001010
:1056F00004A0F4F715FC1CBD4C4F47000A5B257352
:105700005D00000052656164205032355134302014
:105710004D616E7566616374203078253032782C67
:1057200020494420307825303278000008B5B9206F
:10573000009000231A4601216846F7F787F908BD53
:105740002DE9F84F06460F4615461C464FF0000A55
:1057500006F1200856B9524852A354A240F26221E1
:1057600000905AA002F0DCFA00BFFEE7012C0DD039
:10577000B4F5807F0AD04A4861A34CA24FF4197156
:10578000009052A002F0CCFA00BFFEE796F8340079
:1057900050B9434864A345A240F2662100904BA053
:1057A00002F0BEFA00BFFEE779193069814205D9DF
:1057B00061A002F0D9FA052000F0EAB8D8F8080094
:1057C00018B14046D8F80810884758E00121304603
:1057D00001F0F8FF8246BAF1000F00D052E002203B
:1057E0005F4908704A1C39463046FFF70DFE96F8AF
:1057F000350008B1052000E004208346B7FBF4F033
:1058000004FB107078B1B7FBF4F004FB1070201AA1
:10581000A84206D2B7FBF4F004FB1070A4EB000919
:1058200006E0A94604E0A54201D9A14600E0A94648
:10583000A5EB09054F444A4901EB0B004A460A997A
:10584000EEF7A4FD00200BEB09020090034644494B
:105850004046D8F804C0E0478246BAF1000F03D0B2
:1058600040A002F081FA0DE0304603F06BF9824669
:10587000BAF1000F00D005E00A9848440A90002DC4
:10588000A4D100BF0021304601F09CFFD8F80C00E5
:1058900018B14046D8F80C10884750468CE70000F5
:1058A0007D990108666C61736800000028257329E2
:1058B0002068617320617373657274206661696C1E
:1058C00065642061742025732E0000002E2E5C4339
:1058D0006F6D70656E74735C4D6F64756C65735C31
:1058E000466C61736844422D312E312E325C7366F2
:1058F00075645C7372635C736675642E630000008C
:1059000077726974655F6772616E203D3D2031205A
:105910007C7C2077726974655F6772616E203D3DA3
:105920002032353600000000666C6173682D3E69D8
:105930006E69745F6F6B00004572726F723A204639
:105940006C6173682061646472657373206973208D
:105950006F7574206F6620626F756E642E00000094
:10596000A41D00204572726F723A20466C61736804
:105970002077726974652053504920636F6D6D758F
:105980006E6963617465206572726F722E0000002B
:1059900018BCBDE8E08F000000B587B0182224498C
:1059A00001A8EEF7F3FC8F20F4F7E4FC032001904C
:1059B00001A92048F4F79AFE03211E48F4F72FFFAF
:1059C00042F20900019001A91B48F4F78FFE42F250
:1059D00009011948F4F723FF41F61200019001A9CB
:1059E0008006F4F783FE41F612018806F4F717FFEC
:1059F0002A20019001A91148F4F778FE2A210F48C6
:105A0000F4F70DFF0420019001A90D48F4F76EFE94
:105A100004210B48F4F703FF8F200A49C96C814326
:105A2000084AD16400BFF4F7B3FA07B000BD000024
:105A3000B88D0108001C0048000800480004004818
:105A4000000C004800100240F0B52DED028B91B023
:105A500005460C46A8680678412E08D0442E05D08D
:105A6000562E00D000BF0020606000E100BF6868D3
:105A70000078002864D0686A0078002860D006A901
:105A80006868FEF795FC002859D106A9686AFEF7F8
:105A900001FC002853D106A8EEF724FC77490860E2
:105AA0000846006800F5E140059005A8EEF7CEFB3A
:105AB00007462C2239467248EEF768FC7048406968
:105AC00000F26C706E4948610B46DA681B69591C1C
:105AD0006B4B586903F0AEF86949886169A16AA007
:105AE000F4F71EFA654803686548806964490968E7
:105AF000634A5268CDE90303CDE90121604880681B
:105B000000905F48C3680069421C5D484169604875
:105B1000F4F706FAFEF76EFBF6F716FD5D48C0894E
:105B2000C0EB00105549096801EB80005A49086034
:105B30005248006800F596705849086000BF00BFE1
:105B4000214605F10C00FAF7C3FC20B902202060C1
:105B50000120606001E001202060E869007880B1E8
:105B6000E869F8F749F8B0EE408AF0EE608A9FEDF8
:105B70004C0B53EC102B51EC180BEEF714FEC4E950
:105B80000801286A007820B1286AF8F735F884ED12
:105B9000060BA86A0078D0B3E86A0078B8B3A86AA0
:105BA000F8F72AF884ED0C0BE86A0078452802D053
:105BB00057280ED100E011E094ED0C1BB0EE410A25
:105BC000F0EE610A51EC100B81F00041C4E90C01C8
:105BD00004E09FED350B84ED0C0B00BF00BF94ED8E
:105BE0000C1BB0EE410AF0EE610A51EC100BF7F716
:105BF000B9FCB0B194ED0C1BB0EE410AF0EE610AB5
:105C0000F8F716F8B0EE408AF0EE608A00E00CE09B
:105C10009FED270B53EC102B51EC180BEEF708FF00
:105C200003D89FED210B84ED0C0B16A116A0F4F701
:105C300077F960680C9094ED0C0B8DED0A0B2068E1
:105C4000089094ED060B8DED060B94ED080B8DED91
:105C5000040B94ED040B8DED020B94ED020B8DED16
:105C6000000B15486A68696AF4F75AF900BF00BF6B
:105C7000002011B0BDEC028BF0BD000044000020FC
:105C8000B80A00204C4F47000A5B25735D000000F6
:105C900038A00108500A0020180100201000002040
:105CA000CF16AD2F5476E03F000000000000F87FD3
:105CB0000AD7A3703D0AB73FE49F01082DE9F043DE
:105CC00006460C461546A046A94636F91470AC4265
:105CD00001DBBDE8F08325E000E06D1EAC4203DA95
:105CE00036F91500B842F8DA36F91500B84206DA86
:105CF00006EB450106EB440002F043FC641C00E0A7
:105D0000641CAC4203DA36F91400B842F8DD36F907
:105D10001400B84206DD06EB450106EB440002F034
:105D200030FC6D1EAC42D7DB621E41463046FFF7A9
:105D3000C5FF4A46611C3046FFF7C0FF00BFC8E7F9
:105D400070B504460D4616461048006830B9104A32
:105D500010A113A0F4F7E4F800BFFEE70B480068B9
:105D600090F8340030B90A4A15A10DA0F4F7D8F81C
:105D700000BFFEE71748806901192B4632460348E9
:105D8000006802F00DF8304670BD0000A801002048
:105D900081950108736675645F6465760000000094
:105DA00028257329206861732061737365727420DC
:105DB0006661696C65642061742025732E0A000099
:105DC000736675645F6465762D3E696E69745F6F96
:105DD0006B000000AC01002030B52DED048B85B0C8
:105DE0002C4800682C49096888424FD82A48006826
:105DF000401C2849086003A904A802F081FA04465F
:105E000044B126A127A0F4F78BF8214627A0F4F788
:105E100087F838E00498002803DB32490498886149
:105E200005E00498404240F400002E4988612D4965
:105E30000398C8612CA11BA0F4F772F89DED030A2A
:105E4000B8EEC00ADFED290A80EE201A11EE105AD2
:105E50002846EEF7DAFD41EC180B9DED040AB8EE8A
:105E6000C00ADFED220A80EE201A11EE105A2846F1
:105E7000EEF7CBFD41EC190B8DED008B53EC192B9C
:105E80001BA0F4F74DF802F0A2FA00BF05B0BDEC7C
:105E9000048B30BD74020020440000204552524F54
:105EA000520000000A5B25735D0000004572726FAE
:105EB0007220657865637574696E67205348543441
:105EC0003058204D6561737572656D656E7420483C
:105ED00069676820507265636973696F6E3A20253F
:105EE000640A0000500A00204C4F470000007A442A
:105EF00053485434305820526561642054656D70A5
:105F0000657261747572653A2025302E3266432CB5
:105F10002048756D69646974793A2025302E32669F
:105F20002552480070B586B005460C46082600206C
:105F3000049005904DB92E482EA330A296210090D2
:105F400036A001F0EDFE00BFFEE74CB9284841A3A2
:105F50002AA29721009031A001F0E2FE00BFFEE7E7
:105F6000082304AA3146284600F060FD28B13DA070
:105F700001F0FAFE002006B070BD9DF81000207000
:105F80009DF8110060709DF81200A0709DF813003C
:105F9000E0709DF814009DF8151040EA01209DF86E
:105FA000161040EA01406060A078012806DD6278A2
:105FB000A1783A4801F0D8FE0020DCE7E078092813
:105FC00005DAE178364801F0CFFE0020D3E7E1782A
:105FD0006278A3786068CDE90032CDE902102378B9
:105FE000304AAD210DA001F09BFE0120C3E7000067
:105FF000419A0108666C61736800000028257329C6
:106000002068617320617373657274206661696CC6
:1060100065642061742025732E0000002E2E5C43E1
:106020006F6D70656E74735C4D6F64756C65735CD9
:10603000466C61736844422D312E312E325C73669A
:1060400075645C7372635C736675645F73666470B9
:106050002E63000062617369635F686561646572E5
:10606000000000004572726F723A2043616E27741F
:106070002072656164204A4544454320626173692A
:106080006320666C61736820706172616D65746510
:1060900072206865616465722E00000020A7010807
:1060A000A8A801084CA601082DE9F0478EB080464B
:1060B000894608F14404D9F804A0242105A8EEF784
:1060C00080F9B8F1000F09D1CD48CEA3CFA2C221EB
:1060D0000090D6A001F024FE00BFFEE7B9F1000F4A
:1060E00009D1C748DFA3C9A2C3210090CFA001F006
:1060F00017FE00BFFEE7242305AA5146404600F0E4
:1061000095FC30B1DBA001F02FFE00200EB0BDE801
:10611000F087E6A2CB21C5A001F002FEEDA2CC21C2
:10612000C2A001F0FDFD00251FE005A810F8250024
:10613000012101EB850105AA515C022202EB8502D7
:1061400005AB9A5C032303EB85030DF1140C1CF8DB
:106150000330CDE90032CDE902106B1CE4A2CE2160
:10616000B2A001F0DDFD681CC5B2092DDDDB9DF894
:106170001500E0719DF8140000F00300012802D022
:10618000032811D108E00120A071E379E14AD72169
:10619000A6A001F0C5FD0CE00020A071DEA2DB216D
:1061A000A2A001F0BDFD04E0E8A001F0DDFD0020AB
:1061B000ACE700BF9DF81400C0F3800010B10128C7
:1061C00011D107E00120A080EEA2E62197A001F006
:1061D000A7FD08E04FF48070A080F2A2EA2193A00E
:1061E00001F09EFD00BF00BF9DF81400C0F3C00089
:1061F00010B101282AD107E001202072F4A2F52174
:106200008AA001F08DFD21E000202072FC4AFA21D5
:1062100086A001F085FD9DF81400C0F3001010B1B8
:10622000012811D107E050206072F64AFF217FA0BB
:1062300001F076FD08E006206072F34A4FF48271A7
:106240007AA001F06DFD00BF00BF00BF00BF9DF848
:106250001600C0F3410020B101280DD0022820D142
:1062600014E00120A0720020E072E8A240F20F11B9
:106270006EA001F055FD1CE00120A072E072E9A2C1
:106280004FF48A7169A001F04BFD12E00020A0726A
:106290000120E072EAA240F2191164A001F040FD71
:1062A00007E00020A072E072EBA001F05DFD00208D
:1062B0002CE700BF9DF81B0000069DF81A1040EA6D
:1062C00001409DF8191040EA01209DF8181040EA9D
:1062D00001079DF81B00C00910B1012815D104E089
:1062E000012000EBD700E0600FE027F00047232FEC
:1062F00006D90020E060E14801F036FD002005E706
:10630000F81E01218140E16000BF00BFDCA240F225
:10631000311146A0E36801F003FD002500262BE0C3
:1063200068001C3005A9085C20B368001C30095CBB
:106330000120884004F1100141F8360068001D304A
:1063400005A9095C04F1100000EBC600017104F11D
:10635000100000EBC6000079009004F1100050F826
:106360003600830ACCA240F2371130A001F0D8FCED
:10637000701CC6B2681CC5B2042DD1DB00250026F6
:1063800037E004F1100050F8350080B3681CC6B245
:106390002BE004F1100050F8360020B304F1100097
:1063A00050F8351050F8360081421CD904F1100223
:1063B00052F8351002EBC502107904F1100252F8C0
:1063C000363042F8353002EBC602137904F1100280
:1063D00002EBC502137104F1100242F8361002EB11
:1063E000C602107100BF701CC6B2042ED1DB681C3F
:1063F000C5B2042DC5DB0120207000BF86E6000079
:10640000539A0108666C617368000000282573299F
:106410002068617320617373657274206661696CB2
:1064200065642061742025732E0000002E2E5C43CD
:106430006F6D70656E74735C4D6F64756C65735CC5
:10644000466C61736844422D312E312E325C736686
:1064500075645C7372635C736675645F73666470A5
:106460002E63000062617369635F686561646572D1
:10647000000000005761726E696E673A2043616EDA
:1064800027742072656164204A4544454320626157
:1064900073696320666C61736820706172616D65F9
:1064A000746572207461626C652E00004A45444533
:1064B0004320626173696320666C61736820706158
:1064C00072616D65746572207461626C6520696EBD
:1064D000666F3A004D53422D4C534220203320200A
:1064E00020203220202020312020202030000000D9
:1064F0005B253034645D2030782530325820307888
:1065000025303258203078253032582030782530E8
:106510003258000008A60108556E69666F726D203A
:1065200034204B4220657261736520697320756E5B
:10653000617661696C61626C6520666F7220746857
:106540006973206465766963652E00004572726F19
:10655000723A20556E69666F726D2034204B42206E
:10656000657261736520737570706F7274656420F5
:10657000696E666F726D6174696F6E206572726F9D
:10658000722E00005772697465206772616E756CB7
:106590006172697479206973203120627974652E83
:1065A000000000005772697465206772616E756C37
:1065B0006172697479206973203634206279746558
:1065C00073206F72206C61726765722E000000008C
:1065D00054617267657420666C61736820737461BE
:1065E00074757320726567697374657220697320AE
:1065F0006E6F6E2D766F6C6174696C652E00000095
:1066000074A70108B8A7010830A80108332D427902
:106610007465206F6E6C7920616464726573736950
:106620006E672E00332D206F7220342D42797465F1
:106630002061646472657373696E672E00000000E8
:10664000342D42797465206F6E6C792061646472B8
:10665000657373696E672E004572726F723A2052CD
:106660006561642061646472657373206279746526
:1066700073206572726F722100000000D8A60108B5
:10668000436170616369747920697320256C6420AB
:1066900042797465732E0000466C617368206465EE
:1066A0007669636520737570706F72747320256CE2
:1066B000644B4220626C6F636B2065726173652E60
:1066C00020436F6D6D616E642069732030782530D2
:1066D00032582E002DE9FF410446002504F1200622
:1066E00054B9194819A31BA240F25531009021A0BA
:1066F00001F016FB00BFFEE79F20039003200090EF
:1067000002AB012203A930467768B8470546A5B910
:106710009DF8081021739DF8091061739DF80A1007
:10672000A173A07B617BCDE90010237B1E4A40F260
:106730005D3110A001F0F4FA02E01CA001F014FB9E
:10674000284604B0BDE8F081A5990108666C617324
:106750006800000028257329206861732061737325
:10676000657274206661696C6564206174202573AC
:106770002E0000002E2E5C436F6D70656E74735C8E
:106780004D6F64756C65735C466C61736844422D33
:10679000312E312E325C736675645C7372635C7388
:1067A0006675642E6300000098A301084572726F3D
:1067B000723A205265616420666C6173682064657A
:1067C00076696365204A4544454320494420657203
:1067D000726F722E000000002DE9F04196B0054660
:1067E0000E4614461F464FF00008002C12D15EA042
:1067F000F3F796FB60A02968F3F792FBA62260A14D
:106800006CA0F3F78DFB6E4A6EA170A0F3F788FBC6
:1068100000BFFEE7382308AA31462846F7F7ADFB4C
:1068200066600998A0607149A068884205D0002080
:106830002070082016B0BDE8F081012020700421EE
:1068400008A8F7F7CEFB6070DDE90A01C4E904018E
:1068500006210FA8F7F7C5FB84F82400062113A82A
:10686000F7F7BFFBC1B22520015594F82400022898
:1068700006D1DDE90C01C4E906010E98206225E08D
:106880002520005D022806D1DDE91001C4E90601DA
:10689000129820621AE094F82400012816D12520CD
:1068A000005D012812D130A0F3F73AFB32A029682D
:1068B000F3F736FBC02232A13EA0F3F731FB404A8A
:1068C0004BA142A0F3F72CFB00BFFEE76068383015
:1068D000E0626068E96808442063D4E90B10401A5C
:1068E000A062607802283CD1002F3AD0E06A05907F
:1068F0002FE09DF8000000B931E0DDE90201C4E9B4
:10690000060105982062E06A1830E062216B049865
:10691000081A2063059818300590A16A0498183069
:10692000814205D9A16A04981830081AA06210E0C3
:106930000DA0F3F7F5FA10A02968F3F7F1FA2DA0EE
:10694000DDE90421F3F7ECFA0020A0624FF0020821
:1069500005E06946284600F0DBF90028C9D000BFF1
:1069600000BF404666E700005B466C6173684442C6
:106970005D5B74736C5D00005B25735D200000003F
:106980002E2E5C436F6D70656E74735C4D6F647515
:106990006C65735C466C61736844422D312E312EF8
:1069A000325C7372635C6664625F747364622E63EC
:1069B000000000002825733A25642920000000000B
:1069C00011900108736563746F72000028257329A4
:1069D0002068617320617373657274206661696CED
:1069E00065642061742025732E0A000054534C30D6
:1069F000300000004572726F723A2074686973202B
:106A000054534C2028307825303858292073697A1F
:106A1000652028257529206973206F7574206F669D
:106A200020626F756E642E0A00000000FEB50446F9
:106A30000D4616461F4625A103C9CDE90101280CC4
:106A40008DF80500280A8DF80600E8B28DF80700D9
:106A500054B9204820A322A24FF4AD71009028A081
:106A600001F05EF900BFFEE7B5F1807F0AD3194857
:106A700031A31BA240F25B11009021A001F050F95C
:106A800000BFFEE756B913482FA315A24FF4AE710D
:106A900000901BA001F044F900BFFEE7606A50B906
:106AA0000C482CA30EA240F25D11009014A001F03E
:106AB00037F900BFFEE700973346052201A904F12C
:106AC0002000D4F824C0E047FEBD00005A000000BA
:106AD000FF000000649A0108666C617368000000A2
:106AE000282573292068617320617373657274208F
:106AF0006661696C65642061742025732E00000056
:106B00002E2E5C436F6D70656E74735C4D6F647593
:106B10006C65735C466C61736844422D312E312E76
:106B2000325C736675645C7372635C736675645F14
:106B3000736664702E63000061646472203C2031CF
:106B40004C203C3C20323400726561645F627566A3
:106B500000000000666C6173682D3E7370692E77CB
:106B6000720000007FB5054605F1440400260020B0
:106B7000029003904DB9264826A328A26D210090CB
:106B80002EA001F0CDF800BFFEE700202070082302
:106B900002AA31462846FFF749FF28B135A001F087
:106BA000E3F8002004B070BD9DF8080053280BD115
:106BB0009DF80900462807D19DF80A00442803D112
:106BC0009DF80B00502806D0324A7A211BA001F014
:106BD000A7F80020E6E79DF80C00A0709DF80D00D6
:106BE00060706078012806DDA27861782AA001F043
:106BF000BBF80020D6E79DF80E00A178CDE9001083
:106C0000637833A283210DA001F08AF80120C9E73F
:106C1000309A0108666C61736800000028257329AA
:106C20002068617320617373657274206661696C9A
:106C300065642061742025732E0000002E2E5C43B5
:106C40006F6D70656E74735C4D6F64756C65735CAD
:106C5000466C61736844422D312E312E325C73666E
:106C600075645C7372635C736675645F736664708D
:106C70002E6300004572726F723A2043616E277472
:106C800020726561642053464450206865616465E4
:106C9000722E000060A501084572726F723A20548E
:106CA00068697320726576657273696F6E28562500
:106CB000642E2564292053464450206973206E6F4A
:106CC0007420737570706F727465642E000000001C
:106CD000436865636B205346445020686561646572
:106CE00072206973204F4B2E2054686520726576A0
:106CF000657273696F6E206973205625642E256452
:106D00002C204E504E2069732025642E0000000078
:106D100030B587B005460C4618236A462846616997
:106D2000F7F72BF906216846F7F75BF92070207812
:106D3000012801D0207840B9E86E20614FF0FF3182
:106D4000A1610021A160E16007E00498206105993C
:106D5000A161DDE90201C4E90201002007B030BDF4
:106D60002DE9FC410546002405F1200655B92148CE
:106D700021A323A240F23531009029A000F0D0FFDA
:106D800000BFFEE766208DF8040000200090034657
:106D9000012201A930467768B847044624B928463D
:106DA00001F0D0FE044605E02AA000F0DDFF2046F9
:106DB000BDE8FC8199208DF8050000200090034675
:106DC00001220DF1050130467768B84704461CB929
:106DD000284601F0B7FE044634B927A24FF4527199
:106DE0000FA000F09DFF02E01AA000F0BDFF2046BA
:106DF000DEE700009F990108666C6173680000007F
:106E0000282573292068617320617373657274206B
:106E10006661696C65642061742025732E00000032
:106E20002E2E5C436F6D70656E74735C4D6F647570
:106E30006C65735C466C61736844422D312E312E53
:106E4000325C736675645C7372635C736675642E22
:106E5000630000004572726F723A20466C6173687D
:106E60002064657669636520726573657420666168
:106E7000696C65642E000000466C6173682064656F
:106E800076696365207265736574207375636365E5
:106E900073732E004FF4966000BF011EA0F1010035
:106EA000FBD1704710B540210948F3F7BEFC05201F
:106EB000F4F7A6FF40210648F3F7C1FCC820F4F719
:106EC0009FFF0448007820F001000249087010BDBF
:106ED00000080048401D00202DE9F84F06460C46EA
:106EE00015461F46DDE90B8BDDF828A06068009091
:106EF0004FF0000900BF0023224630460099FFF7FB
:106F00006BFC15B16078A84212D1BBF1000F05D01F
:106F10000123224630460099FFF75EFCB8F1000FCE
:106F200006D0524639462046C04708B100F00DB899
:106F3000F06881444A4621463046FDF789F90090C1
:106F4000401C0028D7D100BFF0E718BCBDE8E08F97
:106F500038B5FDF71BF9012802D1002000F068FBCD
:106F6000FDF742F910B9012000F074FB00BFFDF7F6
:106F7000EBF80028FBD06D486D490A8802808978BB
:106F8000817000206949C8706A48007808716948B2
:106F90000078401C67490870674802786749634871
:106FA000401DEDF7F3F964480078401D5F49A1F8F2
:106FB00000011420FEF7C6F95C48B0F80011F4F7A0
:106FC00039FF5A48B0F8002101465DA0F0F7A0FE55
:106FD0001420FEF7B7F9FDF7BFF838B15AA15CA04D
:106FE000F2F79EFF5CA0F2F79BFF04E0FDF7D6F8F6
:106FF00000287DD000BF54A155A0F2F791FF5CA0FE
:10700000F2F78EFF002000906348FEF747F8044631
:1070100049480078401C844210DB012246495E4802
:10702000FEF736F94448027844495B48FEF730F9E8
:107030005A480078401C5949087030E058A144A0D3
:10704000F2F76EFF58A0F2F76BFF00BF53480078CD
:10705000401E52490870012269464F48FEF78EF8DB
:107060009DF8002055494C48FEF788F84A48FEF73D
:1070700015F8044630480078401C8442E6DB0122C3
:107080002D494548FEF704F92B4802782B49424820
:10709000FEF7FEF841480078401C4049087025483A
:1070A0000078401E234908704548407A401C4449F6
:1070B00048720846407A05281EDB00204872414885
:1070C000007820F001003F490870022081F8470055
:1070D000002081F848003C48006800F5E1603B4929
:1070E00008603BA11AA0F2F71BFF3848016800E0D6
:1070F00003E038A0F2F714FF38BD00203049487291
:1071000033A113A0F2F70CFF3AA0F2F709FF40F603
:10711000B8300649A1F804012948807A032802DA28
:1071200003202749887200BFE6E70000E40A002038
:10713000808D01081700002014000020A406002004
:1071400053656E64000000005741524E000000007D
:107150000A5B25735D0000005761697420427573F6
:107160007920494F2054696D656F757400000000E7
:107170004C6F52612053656E6444617461204661B6
:10718000696C2C20577269746520446174652054C1
:107190006F204361636865008806002008000020B6
:1071A0004552524F520000004C77726220416C727F
:1071B000656164792046756C6C00000080070020D2
:1071C000500A0020401D0020440000206C010020D7
:1071D0004C4F4700557064617465205265636F6E53
:1071E0006E6563742054696D657374616D703A20C7
:1071F000256C64004C6F52612053656E6444617469
:10720000612053756363657373000000014648781D
:107210000A7840EA022070470146087800064A785A
:1072200040EA02408A7840EA0220CA781043704758
:1072300070B505460E4614463146284600F006F85D
:10724000A04201D0012070BD0020FCE730B502460D
:107250000B46FF20002113E0555C684008240BE03A
:1072600000F0800525B1312585EA4005E8B201E04E
:107270004506280E651EECB2002CF1DC4D1CA9B2AF
:107280009942E9DB30BD70472DE9FC4106460F46C7
:10729000144600BF1A48F3F76AFB0028FAD11848D1
:1072A000F3F779FB10B91648F3F7F8FA15484FF0E1
:1072B0000071CDE90010012000EB460123460022B9
:1072C0000F48F3F7F0FA00250BE000BF0C48F3F786
:1072D00053FB0028FAD000BF0948406AC0B2785575
:1072E0006D1CA542F1DB00BF0548F3F74AFB0028FF
:1072F000FAD00348F3F7CDFA0020BDE8FC81000086
:10730000005400400024008070B504464FF47A70A9
:10731000B4FBF0F0401C85B22846FEF713F870BDB0
:107320002DE9FC4106460F46144600BF1B48F3F703
:107330001EFB0028FAD11948F3F72DFB10B91748A6
:10734000F3F7ACFA16480103CDE9001071002346AB
:1073500000221248F3F7A7FA00BF1048F3F716FB14
:107360000028FAD000250AE000BF0C48F3F70EFB16
:107370000028FAD0795D0948F3F712FB6D1CA5428D
:10738000F2DB00BF0548F3F7FCFA0028FAD0034807
:10739000F3F77FFA0020BDE8FC81000000540040B4
:1073A000002000802DE9F04782460C461646304604
:1073B00006EBD071491001EB41011FFA81F906EB90
:1073C000D0714910A6EB410111B10420BDE8F0874E
:1073D0004A4621465046FFF757FF07460FB1384649
:1073E000F4E70025A84618E0A91C625C6019022198
:1073F000FFF71EFF07460FB13846E7E7625D4046DC
:10740000411C1FFA81F82254681C225C4046411C32
:107410001FFA81F82254E81C85B24D45E4DB0020B8
:10742000D4E770B504460D46164632462946204636
:10743000FFF776FF70BD000030B5024601200A70EC
:10744000442A71D012DC0E2A6FD008DC012A20D029
:10745000022A25D0092A6BD00A2A68D176E0102AA0
:107460003CD0112A4DD0282AF7D1ACE0862A21D071
:1074700008DC452A28D0462A76D0472A75D0482AE3
:10748000EBD1BAE08B2A73D08D2A7CD0FF2AE4D1CD
:10749000BFE002234B700A238B70831CD8B2BEE07E
:1074A000604B1C68C1F801409B88A1F80530831D22
:1074B000D8B2B4E05C4B9B891B124B705A4B1B7BC0
:1074C0008B70831CD8B2AAE0574BDB891B124B7020
:1074D000554B9B7B8B70831CD8B2A0E0524B1B6A30
:1074E0001B0E4B70504B1B6A1B0C8B704E4B1B8C36
:1074F0001B0ACB704C4B93F820300B71031DD8B294
:107500008DE0494B5B6A1B0E4B70474B5B6A1B0C53
:107510008B70454B9B8C1B0ACB70434B93F82430EC
:107520000B71031DD8B27AE047E034E000E075E06B
:107530003D4B9B691B0C4B703B4B1B8B1B0A8B7091
:10754000394B1B7ECB70C31CD8B268E0364BDB696D
:107550001B0C4B70344B9B8B1B0A8B70324B1B7F6D
:10756000CB70C31CD8B25AE035E040E000E00AE03E
:107570002D4B1B8D1B0A4B702B4B93F828308B70B7
:10758000831CD8B24BE0284B5B79C3F340134B709C
:10759000431CD8B243E0244C94ED0B0ADFED230AE0
:1075A00020EE200ABCEEC00A10EE104AA3B21C0A5C
:1075B0004C708B70841CE0B231E01B4BDB794B705C
:1075C000431CD8B22BE0184B9B79C3F340034B709C
:1075D000431CD8B223E0144C238A247AFF2C00D118
:1075E00000231C0A4C708B70841CE0B217E00E4B19
:1075F0001B7A4B70431CD8B211E00B4D6B8AAC8ADE
:107600001D0A4D708B70250ACD700C71051DE8B2F6
:1076100005E0FF234B70431CD8B200E000BF00BF61
:1076200030BD0000451D0020500A00200000C84267
:1076300010B5044624B980210548F3F7F6F803E0B5
:1076400080210348F3F7FBF80520F4F7D9FB10BDC0
:107650000008004810B5044634B94FF480714FF06B
:107660009040F3F7E2F805E04FF480714FF090405E
:10767000F3F7E5F80520F4F7C3FB10BD2DE9FC4155
:1076800004460D46002654B91E481FA320A240F20E
:107690009B31009026A000F043FB00BFFEE70121D4
:1076A000204600F08FF8064616B13046BDE8FC8152
:1076B00015B1B720019001E0E92001900020009071
:1076C0000346012201A904F12000676AB847064673
:1076D0006EB984F835500DB122A000E023A0034616
:1076E00024A240F2AD3112A000F01AFB07E00DB168
:1076F0001CA000E01DA0014627A000F035FB30468D
:10770000D4E70000C5990108666C61736800000049
:107710002825732920686173206173736572742052
:107720006661696C65642061742025732E00000019
:107730002E2E5C436F6D70656E74735C4D6F647557
:107740006C65735C466C61736844422D312E312E3A
:10775000325C736675645C7372635C736675642E09
:1077600063000000456E746572000000457869741E
:1077700000000000257320342D4279746520616477
:107780006472657373696E67206D6F6465207375CD
:1077900063636573732E00004572726F723A202521
:1077A0007320342D4279746520616464726573734B
:1077B000696E67206D6F6465206661696C65642E13
:1077C00000000000FEB504460D46002654B91D48D1
:1077D0001DA31FA240F27231009025A000F0A0FA74
:1077E00000BFFEE715B10620029001E004200290E0
:1077F000002000900346012202A904F12000676ADC
:10780000B847064626B901A9204600F0DBFB06462C
:10781000AEB94DB19DF8040000F0020020B921A0DE
:1078200000F0A2FA0220FEBD4DB99DF8040000F060
:10783000020020B124A000F097FA0220F3E73046BE
:10784000F1E70000B3990108666C617368000000FD
:107850002825732920686173206173736572742011
:107860006661696C65642061742025732E000000D8
:107870002E2E5C436F6D70656E74735C4D6F647516
:107880006C65735C466C61736844422D312E312EF9
:10789000325C736675645C7372635C736675642EC8
:1078A000630000004572726F723A2043616E277464
:1078B00020656E61626C65207772697465207374EF
:1078C000617475732E0000004572726F723A204326
:1078D000616E27742064697361626C6520777269D8
:1078E0007465207374617475732E00002DE9FC417A
:1078F0000546002605F1200455B92F482FA331A2D3
:1079000040F2C111009037A000F00AFA00BFFEE774
:1079100095F8340050B928483FA32AA240F2C31179
:10792000009030A000F0FCF900BFFEE7A06810B1A5
:107930002046A168884701212846FFF743FF0646F5
:1079400006B12CE0C7208DF80400287D00F0080067
:1079500090B194208DF8050080208DF806009A20C3
:107960008DF80700002000900346042201A920465C
:107970006768B847064608E00020009003460122E9
:1079800001A920466768B84706461EB126A000F048
:10799000EBF904E0284601F0D5F8064600BF0021C7
:1079A0002846FFF70FFFE06810B12046E1688847DE
:1079B0003046BDE8FC81000062990108666C617385
:1079C00068000000282573292068617320617373A3
:1079D000657274206661696C65642061742025732A
:1079E0002E0000002E2E5C436F6D70656E74735C0C
:1079F0004D6F64756C65735C466C61736844422DB1
:107A0000312E312E325C736675645C7372635C7305
:107A10006675642E63000000666C6173682D3E69B4
:107A20006E69745F6F6B00004572726F723A204628
:107A30006C6173682063686970206572617365208A
:107A400053504920636F6D6D756E69636174652075
:107A50006572726F722E000070B5044600252046D4
:107A6000FCF7FCFC05461DB9204600F0C7FC0546A6
:107A70003DB9012084F8340006A0216800F074F9B3
:107A800006E0002084F834000CA0216800F06CF9B6
:107A9000284670BD257320666C6173682064657626
:107AA00069636520697320696E697469616C697ABC
:107AB0006520737563636573732E00004572726F82
:107AC000723A20257320666C61736820646576695C
:107AD000636520697320696E697469616C697A6590
:107AE000206661696C2E00002DE9FF5F04460E469A
:107AF00017464FF0000904F1200854B9554856A321
:107B000057A240F2FD1100905DA000F009F900BFFE
:107B1000FEE794F8340050B94E4866A350A240F2F4
:107B2000FF11009056A000F0FBF800BFFEE7F1192E
:107B30002069814206D963A000F016F9052004B03F
:107B400000F0EAB836B92069B84203D12046FFF701
:107B5000CDFEF4E7D8F8080018B14046D8F8081070
:107B6000884766E094F8440070B13A4631462046B2
:107B700000F084FA824604F1540101EBCA0090F847
:107B800004B051F83A5002E094F81CB0A569012104
:107B90002046FFF717FE8146B9F1000F00D04BE0F9
:107BA0008DF808B00DF1090231462046FDF72CFC96
:107BB00094F8350008B1052000E004200190002071
:107BC00000900346D8F804C002A94046019AE04755
:107BD0008146B9F1000F03D044A000F0C5F82BE0B6
:107BE000204600F0AFFF8146B9F1000F00D023E03E
:107BF000B6FBF5F005FB1060A0B1B6FBF5F005FB98
:107C00001060281AB8420CD2B6FBF5F005FB1060E4
:107C1000281A3F1AB6FBF5F005FB1060281A064437
:107C200006E009E0AF4202D97F1B2E4400E003E0EA
:107C300000BF002F96D100BF00212046FFF7C2FDF4
:107C4000D8F80C0018B14046D8F80C1088474846C0
:107C500075E7000072990108666C617368000000A6
:107C600028257329206861732061737365727420FD
:107C70006661696C65642061742025732E000000C4
:107C80002E2E5C436F6D70656E74735C4D6F647502
:107C90006C65735C466C61736844422D312E312EE5
:107CA000325C736675645C7372635C736675642EB4
:107CB00063000000666C6173682D3E696E69745FD5
:107CC0006F6B00004572726F723A20466C61736888
:107CD0002061646472657373206973206F7574200A
:107CE0006F6620626F756E642E0000004572726FC1
:107CF000723A20466C617368206572617365205327
:107D0000504920636F6D6D756E69636174652065A0
:107D100072726F722E00000030BCBDE8C09F000080
:107D20000FB438B504460D4607A800904FF4807193
:107D30000748009B069AF5F7D1FB00200090044B02
:107D40002A46214603A0F2F7EBF838BC5DF814FB95
:107D5000A91E00200D0A5B534655445D2825733A41
:107D6000256C6429202573000FB408B503A8009082
:107D70004FF480710648009B029AF5F7AFFB002094
:107D80000090034903A0F2F7CBF801B05DF814FBB3
:107D9000A91E00200D0A5B534655445D2025730043
:107DA0002DE9FE4F04460F46164698464FF000094F
:107DB00004F1200554B92E482EA330A24FF4C87107
:107DC000009036A0FFF7ACFF00BFFEE7B8F1000F50
:107DD0000AD127483EA329A240F2911100902FA07A
:107DE000FFF79EFF00BFFEE794F8340050B920482B
:107DF00039A322A240F29311009028A0FFF790FF30
:107E000000BFFEE7B9192069814205D936A0FFF706
:107E1000ABFF052000F07CB8A86810B12846A9681F
:107E20008847204600F08EFE8146B9F1000F18D138
:107E300003208DF804000DF1050239462046FDF7B8
:107E4000E3FA94F8350008B1052000E004208246EA
:107E500000964346524601A92846D5F804C0E0479B
:107E60008146E86810B12846E96888474846D1E766
:107E700058990108666C6173680000002825732911
:107E80002068617320617373657274206661696C28
:107E900065642061742025732E0000002E2E5C4343
:107EA0006F6D70656E74735C4D6F64756C65735C3B
:107EB000466C61736844422D312E312E325C7366FC
:107EC00075645C7372635C736675642E6300000096
:107ED0006461746100000000666C6173682D3E6926
:107EE0006E69745F6F6B00004572726F723A204664
:107EF0006C617368206164647265737320697320B8
:107F00006F7574206F6620626F756E642E000000BE
:107F10001EBCBDE8E08F00003EB504464CB90F48DA
:107F20000FA311A25121009017A0FFF7F9FE00BF87
:107F3000FEE72046FEF716FE48B101A92046FDF7F0
:107F4000F1FF20B101A92046FEF7AEF83EBD1C4866
:107F50002168FFF709FF0020F8E70000219A0108D7
:107F6000666C6173680000002825732920686173BE
:107F700020617373657274206661696C6564206149
:107F8000742025732E0000002E2E5C436F6D7065EB
:107F90006E74735C4D6F64756C65735C466C617375
:107FA0006844422D312E312E325C736675645C73E9
:107FB00072635C736675645F736664702E63000041
:107FC000ACA501087CB504460D460520019054B9C6
:107FD000104811A312A24FF47071009018A0FFF77F
:107FE0009FFE00BFFEE755B90A4822A30CA240F24B
:107FF000C131009012A0FFF793FE00BFFEE7012001
:1080000000902B46024601A904F12000666AB047A1
:108010007CBD0000DD990108666C6173680000009A
:108020002825732920686173206173736572742039
:108030006661696C65642061742025732E00000000
:108040002E2E5C436F6D70656E74735C4D6F64753E
:108050006C65735C466C61736844422D312E312E21
:10806000325C736675645C7372635C736675642EF0
:108070006300000073746174757300002DE9F843A8
:1080800005460E4617464FF0000895F844000028B4
:108090000AD1194819A31FA24FF4B771009025A067
:1080A000FFF73EFE00BFFEE7686DB6FBF0F100FB98
:1080B000116010B10020BDE8F883032400BF05F172
:1080C000540050F8340080B105F1540050F83400E9
:1080D000B8420AD805F1540050F83400B6FBF0F16C
:1080E00000FB116008B9A04603E004B901E0641E7A
:1080F000E5E700BF4046DEE7739A0108666C6173EE
:10810000682D3E736664702E617661696C61626C85
:10811000650000002825732920686173206173734E
:10812000657274206661696C6564206174202573D2
:108130002E0000002E2E5C436F6D70656E74735CB4
:108140004D6F64756C65735C466C61736844422D59
:10815000312E312E325C736675645C7372635C73AE
:108160006675645F736664702E63000070B50446C4
:108170000025084800F084F9074961620749A162B7
:108180000749E162034921630648A0630649E163A8
:10819000284670BDF4010020A58401089D840108D3
:1081A000A1840108956E0108C02709002DE9F84354
:1081B00004460E4617461D464FF00008207D00F08D
:1081C000010048B14FF480733A463146204600958D
:1081D000FDF7B6FA80460CE0207D00F0040038B1CF
:1081E0002B463A4631462046F6F7E0FD804600E051
:1081F00000BF4046BDE8F8832DE9FC4104460F4628
:108200009046002504F1200654B91B481BA31DA26B
:108210004FF47E71009023A0FFF782FD00BFFEE7C0
:108220006FB150208DF80400002000900346012219
:1082300001A93046D6F804C0E047054604E0012114
:108240002046FFF7BFFA054675B901208DF80400F6
:108250008DF80580002000900346022201A93046D7
:10826000D6F804C0E047054615B11BA0FFF77CFD1A
:108270002846BDE8FC8100000F9A0108666C617316
:1082800068000000282573292068617320617373DA
:10829000657274206661696C656420617420257361
:1082A0002E0000002E2E5C436F6D70656E74735C43
:1082B0004D6F64756C65735C466C61736844422DE8
:1082C000312E312E325C736675645C7372635C733D
:1082D0006675642E630000004572726F723A205713
:1082E000726974655F737461747573207265676910
:1082F00073746572206661696C65642E000000000D
:108300007CB504460D46694601A800F010F8064603
:108310000EB130467CBDBDF80400F8F7C7F8206008
:10832000BDF80000F8F7CBF828600020F2E72DE94F
:10833000FC4105460E460027FD2239467F1C0DF8FC
:1083400001203A4669464420FFF76BF8044614B111
:108350002046BDE8FC8142F21070FEF7D5FF0422F2
:1083600069464420FFF71EF804460CB12046F0E7AA
:108370006846FEF74BFF28800DF10200FEF746FF2E
:1083800030800020E5E77CB505460026892231468D
:10839000761C0DF80120324669464420FFF741F86B
:1083A00004460CB120467CBD42F21070FEF7ACFFD3
:1083B000042269464420FEF7F5FF04460CB120462E
:1083C000F1E76846FEF728FF28600020EBE738B5A4
:1083D0000025942229466D1C0DF801202A46694685
:1083E0004420FFF71EF804460CB1204638BD42F287
:1083F0001070FEF789FF0020F8E7000038B504464A
:10840000002554B9064807A308A24FF4BE71009096
:108410000EA0FFF785FC00BFFEE7284638BD000030
:108420004A990108666C6173680000002825732969
:108430002068617320617373657274206661696C72
:1084400065642061742025732E0000002E2E5C438D
:108450006F6D70656E74735C4D6F64756C65735C85
:10846000466C61736844422D312E312E325C736646
:1084700075645C7372635C736675642E63000000E0
:108480007047000010B50448FFF7E6FA08B900206D
:1084900010BD4FF0FF30FBE70002002072B67047BE
:1084A00062B670472DE9F84F80460D4616461C46C9
:1084B0000A9F4FF00009D8F810A0002E0AD04DB93D
:1084C000114812A314A2492100901BA0FFF728FC19
:1084D00000BFFEE757B14CB90B4825A30EA24D21B2
:1084E000009015A0FFF71CFC00BFFEE7FF223946F5
:1084F0002046EBF75FFFBBB2B1B222462846F4F745
:10850000A5FA484600F03AB8C59A0108777269742E
:10851000655F627566000000282573292068617315
:1085200020617373657274206661696C6564206193
:10853000742025732E0000002E2E5C436F6D706535
:108540006E74735C4D6F64756C65735C466C6173BF
:108550006844422D312E312E325C736675645C7036
:108560006F72745C736675645F706F72742E6300F3
:10857000726561645F6275660000000018BCBDE84A
:10858000E08FB0F900200B8803800A80704700005C
:1085900010B586B05648F2F777FD00F00F04544846
:1085A000F2F772FDC0F3031000EB800004EB400013
:1085B000C0B2504988604E48F2F76BFD00F00F04DE
:1085C0004B48F2F766FDC0F3031000EB800004EBAC
:1085D0004000C0B2474948604548F2F75FFD00F0EF
:1085E0000F044348F2F75AFDC0F3031000EB80007C
:1085F00004EB4000C0B23F4908603D48F2F761FC1F
:1086000000F00F043A48F2F75CFCC0F3031000EBF3
:10861000800004EB4000C0B200F5FA6035494861C3
:108620003348F2F744FC00F00F043148F2F73FFC06
:10863000C0F3031000EB800004EB4000C0B2401E0A
:108640002C4908612A48F2F72DFC00F00F04284855
:10865000F2F728FCC0F3031000EB800004EB4000AD
:10866000C0B22449C8602248F2F726FC00F00F048B
:108670001F48F2F721FCC0F3031000EB800004EB6D
:108680004000C0B2072801D100200EE01848F2F7E0
:1086900013FC00F00F041648F2F70EFCC0F30310B1
:1086A00000EB800004EB4000C0B212498861FBF788
:1086B000A1FD11A111A0F1F733FC124803680D4888
:1086C00080690C4909680B4A5268CDE90303CDE97A
:1086D00001210848806800900648C3680069421C70
:1086E000044841690848F1F71BFC06B010BD0000C2
:1086F00000280040B80A00204C4F47000A5B257351
:108700005D00000044000020B89E01080EB59948A5
:108710004079C0F3801000B10EBD97480088B0F5D5
:10872000967F1DDD00BF00BF00BF00BF00BFBFF3CD
:108730004F8F00BF00BF00BF9048006800F4E060AA
:108740008F490843001D8D49086000BF00BF00BF6E
:10875000BFF34F8F00BF00BF00BF00BF00BFFDE7EA
:1087600084480079C0F3C00000287DD18548B0F866
:1087700004010028F9D17F48807A0028F5D1824889
:1087800000780028F1D1814800780028EDD179489F
:108790004079C0F340000028E7D17648C07A00282D
:1087A000E3D17B48007800F0010038B179480078C7
:1087B00020B970484079C0F3800070B1744890F8D7
:1087C0004700022803D1724890F8480028B1694850
:1087D0004079C0F340100028C7D1FBF705FD012800
:1087E00002D10020FEF736FFFCF7A0FF6148407978
:1087F000C0F3401010B1FCF7DBFB15E066A167A0E9
:10880000F1F78EFB6748006866494968654A9268D7
:10881000CDE9002102906348C3680069421C6148A9
:10882000416961A0F1F77CFBF6F73AFD6E48F2F77B
:10883000ABFDF4F77BF802216C48F1F7EEFF012164
:108840006B48F1F7F4FF10216948F1F7E6FF49485A
:10885000007920F020002030464908710846007950
:1088600020F00200087100E082E00846007920F064
:10887000010008710846007920F0100008710020FE
:108880003D490880EFF762FEEFF738F910214FF409
:108890007A70F4F75FFCEEF7DFFC00BF4AF6AA201F
:1088A0005449086000BF3348007900F0010068B106
:1088B0003048007920F001002E49087136A137A018
:1088C000F1F72EFB4CA0F1F72BFB49E0294800798A
:1088D000C0F34000E8B130A130A0F1F721FB4CA07B
:1088E000F1F71EFB2348007920F0020021490871AE
:1088F0002748007800F00100002831D1084640796F
:10890000C0F3401000282BD00120214981F84800F5
:1089100026E018480079C0F3800068B11EA11FA0AE
:10892000F1F7FEFA40A0F1F7FBFA1248007920F0C7
:1089300004001049087113E00E480079C0F3C0002C
:1089400038B115A115A0F1F7EBFA3DA0F1F7E8FA5F
:1089500006E011A111A0F1F7E3FA3FA0F1F7E0FA68
:10896000FFF716FEECF79EFEEFF77CFCEEF702FD3C
:1089700000BFD1E6500A00201A0000200CED00E0F4
:108980000000FA05E40A002015000020160000206F
:10899000401D0020080000204C4F47000A5B257353
:1089A0005D000000B80A0020456E746572204465C1
:1089B0006570536C656570204D6F64652C2054693B
:1089C0006D65204E6F773A20253034642D25303286
:1089D000642D253032643A253032643A25303264D1
:1089E0003A2530326400000000440140000800488D
:1089F00000040048003000404465766963652057F4
:108A0000616B652055702046726F6D205254430093
:108A10004465766963652057616B65205570204613
:108A2000726F6D204B6579004465766963652057E8
:108A3000616B652055702046726F6D204143430085
:108A40004465766963652057616B652055702046E3
:108A5000726F6D20424C450044657669636520570E
:108A6000616B652055702046726F6D20556E6B6E80
:108A70006F776E0010B52C210E48EBF7A2FC40F288
:108A8000E7700C4948610B2008610F20C8600A207C
:108A90008860142048600B46DA681B69591C054B36
:108AA000586900F0C7F803498861FBF7A3FBF3F7A7
:108AB00047FC10BDB80A002010B592B00446002053
:108AC00005901149CDE900012346024604A9029010
:108AD0002046FEF701FA002020670021E1622166AE
:108AE0006166002304F128022046E16AFDF774FE66
:108AF00006A0F1F715FA09A02168F1F711FA09A00B
:108B0000F1F70EFA12B010BD091701085B466C614F
:108B1000736844425D5B74736C5D00005B25735D3C
:108B200020000000416C6C20736563746F722066D6
:108B30006F726D61742066696E69736865642E0A70
:108B4000000000002DE9FC4104460025E76B54B904
:108B5000164817A318A240F2CB3100901EA0FFF7D1
:108B6000DFF800BFFEE713E001A92046FFF72AFA6D
:108B700005462DB99DF8040000F0010000B908E099
:108B8000A66B0FB9042504E006B1B0477F1E00BFF5
:108B9000EAE700BF25B99DF8040000F0010010B11C
:108BA0001AA0FFF7E1F82846BDE8FC81EE9901081C
:108BB000666C617368000000282573292068617362
:108BC00020617373657274206661696C65642061ED
:108BD000742025732E0000002E2E5C436F6D70658F
:108BE0006E74735C4D6F64756C65735C466C617319
:108BF0006844422D312E312E325C736675645C738D
:108C000072635C736675642E630000004572726F58
:108C1000723A20466C6173682077616974206275CE
:108C200073792068617320616E206572726F722E95
:108C3000000000002DE9F04F03460C46164625467D
:108C4000B046022D01DC5B1E0C35642093FBF0F175
:108C500093FBF0FC00FB1C3205F1010909EB890ACA
:108C60000AEBC9094FF0050A99FBFAF94FEAE17AD4
:108C700001EB9A7A4FEAAA0A4FF0020B0BFB11AAFA
:108C800092444FEAE27B02EB9B7B0AEBAB0AD144B6
:108C9000C144A9F10107072097FBF0FC00FB1C7001
:108CA00000F000B830BCBDE8C08F000070B50446CD
:108CB0000D4616461248006830B9124A12A115A096
:108CC000F1F72EF900BFFEE70D48006890F8340078
:108CD00030B90C4A17A10FA0F1F722F900BFFEE747
:108CE0001948806901192B46324605480068FFF78C
:108CF0005DFA10B14FF0FF3070BD3046FCE7000068
:108D0000A801002086950108736675645F64657626
:108D100000000000282573292068617320617373A7
:108D2000657274206661696C6564206174202573C6
:108D30002E0A0000736675645F6465762D3E696E69
:108D400069745F6F6B000000AC010020081C3044A8
:108D5000586C80000000000404043C3C0000080043
:108D600000000800080000080000000800000002E1
:108D70000406080A0C101400010203040506080A80
:108D8000686B7400081C3044586C800000000004BC
:108D900004043C3C00000800000008000800000833
:108DA00000000008000000020406080A0C1014006D
:108DB000010203040506080AFFFF0000030000008B
:108DC00002000000000000000000000000000000A1
:108DD000081C3044586C80000000000404043C3C33
:108DE000000008000000080008000008000000085B
:108DF000000000020406080A0C101400010203041B
:108E00000506080A1F0000001C0000001F000000EB
:108E10001E0000001F0000001E0000001F000000D8
:108E20001F0000001E0000001F0000001E000000C8
:108E30001F000000081C3044586C80000000000433
:108E400004043C3C00000800000008000800000882
:108E500000000008000000020406080A0C101400BC
:108E6000010203040506080AFFFF000003000000DA
:108E700002000000000000000000000000000000F0
:108E8000FFFF0000030000000200000000000000DF
:108E900000000000000000005370693257726974CE
:108EA00065526561644E4279746500537069335749
:108EB00072697465526561644E4279746500081C7C
:108EC0003044586C80000000000404043C3C000066
:108ED000080000000800080000080000000800006A
:108EE00000020406080A0C1014000102030405061F
:108EF000080A666C6173685F64625F696E6974001A
:108F0000081C3044586C80000000000404043C3C01
:108F10000000080000000800080000080000000829
:108F2000000000020406080A0C10140001020304E9
:108F30000506080A416E676C655F53676C436F6E88
:108F40007665727400000000000000000000000060
:108F500001020304060708090000000001020304DF
:108F6000A0860100400D0300801A060000350C00A9
:108F700040420F0080841E0000093D0000127A006C
:108F80000024F40000366E010048E801006CDC02A9
:108F9000081C3044586C80000000000404043C3C71
:108FA0000000080000000800080000080000000899
:108FB000000000020406080A0C1014000102030459
:108FC0000506080A5F6664625F696E69745F6578AA
:108FD000005F6664625F6465696E697400081C30D6
:108FE00044586C80000000000404043C3C0000086D
:108FF0000000000800080000080000000800000051
:10900000020406080A0C10140001020304050608F5
:109010000A726561645F736563746F725F696E661F
:109020006F00666F726D61745F736563746F720059
:1090300074736C5F617070656E64006664625F7407
:109040007364625F636F6E74726F6C006664625FFC
:10905000747364625F696E6974000000081C3044B8
:10906000586C80000000000404043C3C0000080030
:1090700000000800080000080000000800000002CE
:109080000406080A0C101400010203040506080A6D
:1090900000000000963007772C610EEEBA51099956
:1090A00019C46D078FF46A7035A563E9A395649EB2
:1090B0003288DB0EA4B8DC791EE9D5E088D9D297D6
:1090C0002B4CB609BD7CB17E072DB8E7911DBF9032
:1090D0006410B71DF220B06A4871B9F3DE41BE8456
:1090E0007DD4DA1AEBE4DD6D51B5D4F4C785D383B2
:1090F00056986C13C0A86B647AF962FDECC9658A56
:109100004F5C0114D96C0663633D0FFAF50D088DB1
:10911000C8206E3B5E10694CE44160D5727167A255
:10912000D1E4033C47D4044BFD850DD26BB50AA5B1
:10913000FAA8B5356C98B242D6C9BBDB40F9BCACD5
:10914000E36CD832755CDF45CF0DD6DC593DD1AB31
:10915000AC30D9263A00DE518051D7C81661D0BF55
:10916000B5F4B42123C4B3569995BACF0FA5BDB8B1
:109170009EB802280888055FB2D90CC624E90BB155
:10918000877C6F2F114C6858AB1D61C13D2D66B6B1
:109190009041DC760671DB01BC20D2982A10D5EF15
:1091A0008985B1711FB5B606A5E4BF9F33D4B8E871
:1091B000A2C9077834F9000F8EA8099618980EE115
:1091C000BB0D6A7F2D3D6D08976C6491015C63E671
:1091D000F4516B6B62616C1CD83065854E0062F295
:1091E000ED95066C7BA5011BC1F4088257C40FF5F1
:1091F000C6D9B06550E9B712EAB8BE8B7C88B9FC15
:10920000DF1DDD62492DDA15F37CD38C654CD4FB70
:109210005861B24DCE51B53A7400BCA3E230BBD414
:1092200041A5DF4AD795D83D6DC4D1A4FBF4D6D370
:109230006AE96943FCD96E34468867ADD0B860DA14
:10924000732D0444E51D03335F4C0AAAC97C0DDD70
:109250003C710550AA41022710100BBE86200CC994
:1092600025B56857B3856F2009D466B99FE461CEF0
:109270000EF9DE5E98C9D9292298D0B0B4A8D7C714
:10928000173DB359810DB42E3B5CBDB7AD6CBAC070
:109290002083B8EDB6B3BF9A0CE2B6039AD2B1748C
:1092A0003947D5EAAF77D29D1526DB048316DC73E8
:1092B000120B63E3843B64943E6A6D0DA85A6A7A8C
:1092C0000BCF0EE49DFF099327AE000AB19E077DE8
:1092D00044930FF0D2A3088768F2011EFEC206690C
:1092E0005D5762F7CB67658071366C19E7066B6E68
:1092F000761BD4FEE02BD3895A7ADA10CC4ADD678C
:109300006FDFB9F9F9EFBE8E43BEB717D58EB060E7
:10931000E8A3D6D67E93D1A1C4C2D83852F2DF4F8B
:10932000F167BBD16757BCA6DD06B53F4B36B248E7
:10933000DA2B0DD84C1B0AAFF64A0336607A04418B
:10934000C3EF60DF55DF67A8EF8E6E3179BE6946E7
:109350008CB361CB1A8366BCA0D26F2536E268520B
:1093600095770CCC03470BBBB91602222F26055567
:10937000BE3BBAC5280BBDB2925AB42B046AB35C8B
:10938000A7FFD7C231CFD0B58B9ED92C1DAEDE5BE7
:10939000B0C2649B26F263EC9CA36A750A936D02CB
:1093A000A906099C3F360EEB856707721357000527
:1093B000824ABF95147AB8E2AE2BB17B381BB60C4B
:1093C0009B8ED2920DBED5E5B7EFDC7C21DFDB0BA7
:1093D000D4D2D38642E2D4F1F8B3DD686E83DA1FCB
:1093E000CD16BE815B26B9F6E177B06F7747B71827
:1093F000E65A0888706A0FFFCA3B06665C0B0111CB
:10940000FF9E658F69AE62F8D3FF6B6145CF6C1626
:1094100078E20AA0EED20DD75483044EC2B30339CA
:10942000612667A7F71660D04D476949DB776E3E26
:109430004A6AD1AEDC5AD6D9660BDF40F03BD8374A
:1094400053AEBCA9C59EBBDE7FCFB247E9FFB530A6
:109450001CF2BDBD8AC2BACA3093B353A6A3B424CA
:109460000536D0BA9306D7CD2957DE54BF67D92326
:109470002E7A66B3B84A61C4021B685D942B6F2ACA
:1094800037BE0BB4A18E0CC31BDF055A8DEF022D26
:109490005F6664625F77726974655F737461747527
:1094A00073005F6664625F726561645F73746174A8
:1094B000757300081C3044586C80000000000404E0
:1094C000043C3C0000080000000800080000080000
:1094D000000008000000020406080A0C1014000135
:1094E0000203040506080A66616C5F696E69740010
:1094F000081C3044586C80000000000404043C3C0C
:109500000000080000000800080000080000000833
:10951000000000020406080A0C10140001020304F3
:109520000506080AAC01002066616C5F666C617319
:10953000685F696E69740066616C5F666C61736810
:109540005F6465766963655F66696E6400081C30F8
:1095500044586C80000000000404043C3C000008F7
:1095600000000008000800000800000008000000DB
:10957000020406080A0C1014000102030405060880
:109580000A7265616400777269746500657261735F
:1095900065000000081C3044586C80000000000486
:1095A00004043C3C0000080000000800080000081B
:1095B00000000008000000020406080A0C10140055
:1095C000010203040506080A303150456664625FF3
:1095D00074736462000000000000000000000000DE
:1095E000000000006E6F72666C61736830000000EE
:1095F000000000000000000000000000000000006B
:109600000000080000000000636865636B5F616E26
:10961000645F7570646174655F706172745F6361CB
:109620006368650066616C5F706172746974696F0C
:109630006E5F66696E6400666C6173685F64657610
:109640006963655F66696E645F62795F7061727499
:109650000066616C5F6765745F70617274697469DC
:109660006F6E5F7461626C650066616C5F736574D8
:109670005F706172746974696F6E5F7461626C654A
:109680005F74656D700066616C5F7061727469749F
:10969000696F6E5F726561640066616C5F706172B4
:1096A000746974696F6E5F77726974650066616C66
:1096B0005F706172746974696F6E5F657261736502
:1096C0000000000044A50108010000004CA50108AD
:1096D0000400000090A401081C0000001CA5010863
:1096E0001F00000034A501082000000068A4010844
:1096F000370000003CA501086200000024A5010815
:1097000089000000A0A401088C0000002CA501081D
:10971000A100000014A50108AD000000A8A40108E4
:10972000BF00000008A50108C80000007CA40108D3
:10973000D500000000A50108EF00000054A50108B5
:10974000C200000070A401081F26000000002000D5
:109750000A0000000002000081000000ACA4010823
:10976000EF4013000000080001000000001000009E
:1097700020000000C4A40108EF40150000002000F4
:10978000010000000010000020000000B8A4010843
:10979000EF40160000004000010000000010000033
:1097A00020000000DCA40108EF401700000080004A
:1097B000010000000010000020000000F4A40108D7
:1097C000EF601700000080000100000000100000A2
:1097D00020000000D0A40108EF40180000000001A4
:1097E000010000000010000020000000E8A40108B3
:1097F000EF4019000000000201000000001000000E
:109800002000000020A40108BF258E0000001000E9
:1098100006000000001000002000000050A4010815
:10982000BF254100000020000600000000100000DD
:109830002000000010A401082020160000004000B5
:109840000100000000000100D800000008A4010889
:1098500020201400000010000100000000000100A2
:10986000D8000000F8A30108202013000000080021
:109870000100000000000100D80000002CA4010835
:109880001C30160000004000010000000010000025
:109890002000000038A40108C84017000000800024
:1098A0000100000000100000200000005CA401087E
:1098B000C84015000000200001000000001000005A
:1098C0002000000084A401080140150000002000D1
:1098D00001000000001000002000000094A4010816
:1098E000010215000000400001000000001000000F
:1098F0002000000000A40108373014000000100010
:1099000001000000001000002000000018A4010861
:109910008C2013000000080006000000001000006A
:109920002000000044A40108BF25410000002000E1
:109930000600000000100000200000006861726452
:10994000776172655F696E697400736F66747761C1
:1099500072655F696E697400736675645F726561D4
:109960006400736675645F636869705F65726173D4
:109970006500736675645F65726173650070616729
:10998000653235365F6F725F315F627974655F771C
:1099900072697465006161695F77726974650072EC
:1099A0006573657400726561645F6A656465635FB1
:1099B0006964007365745F77726974655F656E6171
:1099C000626C6564007365745F345F627974655FAF
:1099D000616464726573735F6D6F6465007366754F
:1099E000645F726561645F7374617475730077613D
:1099F00069745F62757379006D616B655F61647234
:109A00006573735F627974655F6172726179007307
:109A10006675645F77726974655F7374617475737A
:109A200000736675645F726561645F73666470007D
:109A3000726561645F736664705F686561646572B6
:109A400000726561645F62617369635F6865616428
:109A5000657200726561645F62617369635F7461FE
:109A6000626C6500726561645F736664705F6461F7
:109A7000746100736675645F736664705F676574B4
:109A80005F7375697461626C655F6572617365723D
:109A900000081C3044586C80000000000404043CA2
:109AA0003C0000080000000800080000080000005A
:109AB00008000000020406080A0C1014000102034A
:109AC000040506080A7370695F77726974655F72CE
:109AD000656164000040404040404040404041419A
:109AE0004141414040404040404040404040404073
:109AF000404040404005020202020202020202020D
:109B00000202020202202020202020202020200209
:109B10000202020202029090909090901010101099
:109B20001010101010101010101010101010101035
:109B300002020202020288888888888808080808C9
:109B40000808080808080808080808080808080895
:109B50000202020240000000D59A01081F1D1F1ECC
:109B60001F1E1F1F1E1F1E1F1F1C1F1E1F1E1F1F0D
:109B70001E1F1E1F000000004FBB610567ACDD3FCC
:109B8000182D4454FB21E93F9BF681D20B73EF3F24
:109B9000182D4454FB21F93FE2652F227F2B7A3C9C
:109BA000075C143326A6813CBDCBF07A8807703C55
:109BB000075C143326A6913CC4EB98999999C9BFC8
:109BC000711623FEC671BCBF6D9A74AFF2B0B3BFFD
:109BD0009AFDDE522DDEADBF2F6C6A2C44B4A2BFBD
:109BE0000D5555555555D53FFF8300922449C23F29
:109BF0006E204CC5CD45B73F513DD0A0660DB13F5D
:109C0000EB0D76244B7BA93F11DA22E33AAD903F6E
:109C100000000000000000004150504B45593A2020
:109C200025303278202530327820253032782025B2
:109C30003032782025303278202530327820253097
:109C40003278202530327820253032782025303285
:109C5000782025303278202530327820253032782F
:109C60002025303278202530327820253032780097
:109C70004E574B534B45593A2025303278202530EA
:109C80003278202530327820253032782025303245
:109C900078202530327820253032782025303278EF
:109CA0002025303278202530327820253032782037
:109CB0002530327820253032782025303278202522
:109CC0003032782025303278000000004150505367
:109CD0004B45593A202530327820253032782025DE
:109CE00030327820253032782025303278202530E7
:109CF00032782025303278202530327820253032D5
:109D0000782025303278202530327820253032787E
:109D100020253032782025303278202530327820C6
:109D200025303278000000004150504B45593A2010
:109D30002530327825303278253032782530327827
:109D40002530327825303278253032782530327817
:109D50002530327825303278253032782530327807
:109D600025303278253032782530327825303278F7
:109D7000000000002C4150504B45593A25303278B4
:109D800025303278253032782530327825303278D7
:109D900025303278253032782530327825303278C7
:109DA00025303278253032782530327825303278B7
:109DB00025303278253032782530327800000000A6
:109DC0002C4E574B534B45593A253032782530327B
:109DD0007825303278253032782530327825303287
:109DE0007825303278253032782530327825303277
:109DF0007825303278253032782530327825303267
:109E00007825303278253032780000002C415050CF
:109E1000534B45593A253032782530327825303247
:109E20007825303278253032782530327825303236
:109E30007825303278253032782530327825303226
:109E40007825303278253032782530327825303216
:109E500078253032780000005265616420466C61DC
:109E6000736820416363205265666572656E636541
:109E70003A206F66667365745B252E34662C202548
:109E80002E34662C20252E34665D2C207363616C85
:109E9000655B252E34662C20252E34662C20252E3D
:109EA00034665D2C20616E676C655B252E32662CF6
:109EB00020252E32665D000052746320546F2053BB
:109EC000797374696D65204E6F77203A253034645C
:109ED0002D253032642D253032643A253032643AF3
:109EE000253032643A253032642C207765656B3A30
:109EF00020253032642C2054696D657374616D7057
:109F0000203A256C640000004E6578742057616B20
:109F1000652055702054696D653A20253032643AC9
:109F2000253032643A253032642C2054696D652026
:109F30004E6F773A20253034642D253032642D253C
:109F40003032643A253032643A253032643A253072
:109F500032640000313233343536373800000000C7
:109F6000686B745F736D6172746861726400000085
:109F700070617373776F72640000000075736572AF
:109F80006E616D6500000000626F6F745F74696DD3
:109F900065000000626F6F745F636F756E74000020
:109FA000436C6F736520477073204D6F646520505C
:109FB0006F7765722C204E6578742052656164203D
:109FC00054696D657374616D703A2025642C204E60
:109FD0006F772054696D657374616D703A202564E4
:109FE00000000000524D433A2064646D6D79793D64
:109FF00025732068686D6D73733D2573206C6174E3
:10A000003D2566206C6F6E3D256620737065656426
:10A010003D256620747261636B3D2566206D6F641B
:10A02000653D2564207661723D252E31662073746E
:10A03000617475733D2564005570646174652047D3
:10A04000505320524D43205554432054696D652090
:10A0500025642D25642D25642D25643A25643A2533
:10A06000642C207765656B3A20253032642C2054AF
:10A07000696D657374616D70203A256C6400000031
:10A0800041542B4150504B45593D202530327820CA
:10A09000253032782025303278202530327820253E
:10A0A0003032782025303278202530327820253023
:10A0B0003278202530327820253032782025303211
:10A0C00078202530327820253032782025303278BB
:10A0D000202530327820253032782C3000000000E6
:10A0E0000D0A4170704B65793A253032782530324F
:10A0F0007825303278253032782530327825303264
:10A100007825303278253032782530327825303253
:10A110007825303278253032782530327825303243
:10A120007825303278253032780D0A005453444275
:10A130002028257329206F6C646573742073656310
:10A14000746F7273206973203078253038582C2052
:10A1500063757272656E74207573696E67207365BE
:10A1600063746F72206973203078253038582E0A56
:10A17000000000005761726E696E673A2053656394
:10A18000746F7220737461747573206973207772B1
:10A190006F6E672C20746865726520617265206D32
:10A1A000756C7469706C6520736563746F7273206D
:10A1B000696E207573652E0A000000004572726F8B
:10A1C000723A207365742066696C65206D6F6465F2
:10A1D000204661696C65642E20506C656173652052
:10A1E000646566696E656420746865204644425FF4
:10A1F0005553494E475F46494C455F4D4F444520B6
:10A200006D6163726F2E0000466C61736820646537
:10A2100076696365207C20252A2E2A73207C2061A4
:10A220006464723A2030782530386C78207C206C59
:10A23000656E3A20307825303878207C20626C6B4F
:10A240005F73697A653A20307825303878207C69E8
:10A250006E697469616C697A65642066696E697398
:10A26000682E0000496E697469616C697A652066C0
:10A2700061696C65642120506172746974696F6EE4
:10A2800028257329206F6666736574206164647283
:10A2900065737328256C6429206F7574206F6620A0
:10A2A000666C61736820626F756E64283C25642952
:10A2B0002E000000506172746974696F6E207772AD
:10A2C000697465206572726F72212020446F6E2759
:10A2D0007420666F756E6420666C617368206465B7
:10A2E0007669636528257329206F66207468652068
:10A2F000706172746974696F6E282573292E00006D
:10A30000506172746974696F6E2072656164206552
:10A3100072726F722120446F6E277420666F756EA3
:10A320006420666C617368206465766963652825BE
:10A330007329206F66207468652070617274697477
:10A34000696F6E282573292E000000005061727419
:10A350006974696F6E206572617365206572726FD2
:10A36000722120446F6E277420666F756E642066BC
:10A370006C6173682064657669636528257329209C
:10A380006F662074686520706172746974696F6E9D
:10A39000282573292E00000054686520666C6173BF
:10A3A0006820646576696365206D616E75666163BA
:10A3B00074757265722049442069732030782530A5
:10A3C00032582C206D656D6F72792074797065201C
:10A3D0004944206973203078253032582C2063613D
:10A3E000706163697479204944206973203078254D
:10A3F0003032582E000000004D323550343000000D
:10A400004132354C303830004D3235503830000054
:10A410004D323550333200004632354C3030340046
:10A42000535354323556463038304200454E32355B
:10A430005133324200000000474432355136344235
:10A440000000000050435432355646303136420049
:10A450005353543235564630313642004744323534
:10A460005131364200000000414D494300000000D8
:10A470004154343544423136314500004953534943
:10A4800000000000533235464C3231364B0000009C
:10A49000454F4E00533235464C30333250000000A9
:10A4A00045534D540000000053535400573235516A
:10A4B0003430425600000000573235513332425694
:10A4C000000000005732355131364256000000007E
:10A4D000573235513132384256000000573235512B
:10A4E0003634435600000000573235513235364677
:10A4F00056000000573235513634445700000000F2
:10A5000057696E626F6E640047696761446576697A
:10A51000636500004879756E6461690041746D651A
:10A520006C000000496E74656C0000004675646143
:10A530006E0000004D6963726F6E000053616E79AA
:10A540006F000000437970726573730046756A6925
:10A55000747375004D6963726F6E69780000000056
:10A560004572726F723A20436865636B20534644AC
:10A5700050207369676E6174757265206572726FC1
:10A58000722E2049742773206D75737420626520C4
:10A59000353034343436353368282753272027465E
:10A5A000272027442720275027292E005761726E25
:10A5B000696E673A205265616420534644502070AA
:10A5C0006172616D65746572206865616465722091
:10A5D000696E666F726D6174696F6E206661696C19
:10A5E00065642E20546865202573206973206E6F82
:10A5F0007420737570706F7274204A45444543200F
:10A60000534644502E00000034204B4220457261D6
:10A61000736520697320737570706F727465642040
:10A620007468726F7567686F7574207468652064EC
:10A6300065766963652E20436F6D6D616E64206978
:10A6400073203078253032582E000000436865634F
:10A650006B204A4544454320626173696320666C00
:10A6600061736820706172616D65746572206865E0
:10A6700061646572206973204F4B2E2054686520F9
:10A680007461626C652069642069732025642C20E4
:10A69000726576657273696F6E20697320562564E2
:10A6A0002E25642C206C656E6774682069732025E4
:10A6B000642C20706172616D6574657220746162D2
:10A6C0006C6520706F696E746572206973203078D4
:10A6D0002530366C582E00004572726F723A205445
:10A6E000686520666C61736820636170616369747A
:10A6F0007920697320677261746572207468616E75
:10A700002033322047622F203420474221204E6FD1
:10A710007420537570706F727465642E00000000B1
:10A720004572726F723A205468697320726576655B
:10A730007273696F6E285625642E256429204A4558
:10A7400044454320626173696320666C61736820CD
:10A75000706172616D6574657220686561646572AF
:10A76000206973206E6F7420737570706F727465DA
:10A77000642E0000426C6F636B2050726F746563CF
:10A7800074206269747320696E20646576696365FC
:10A7900027732073746174757320726567697374AD
:10A7A00065722061726520736F6C656C7920766FBD
:10A7B0006C6174696C652E00466C61736820646519
:10A7C0007669636520726571756972657320696E5B
:10A7D000737472756374696F6E20353068206173AD
:10A7E0002074686520777269746520656E61626C9B
:10A7F00065207072696F7220746F20706572666F69
:10A80000726D696E67206120766F6C6174696C652A
:10A8100020777269746520746F2074686520737482
:10A82000617475732072656769737465722E0000B8
:10A83000466C617368206465766963652072657132
:10A84000756972657320696E737472756374696F6C
:10A850006E203036682061732074686520777269D5
:10A86000746520656E61626C65207072696F72201C
:10A87000746F20706572666F726D696E67206120FB
:10A88000766F6C6174696C65207772697465207489
:10A890006F207468652073746174757320726567C6
:10A8A00069737465722E00004572726F723A20549B
:10A8B0006865204A454445432062617369632066A8
:10A8C0006C61736820706172616D6574657220746B
:10A8D00061626C65206C656E67746820286E6F77A6
:10A8E00020697320256429206572726F722E000022
:10A8F0006E6F72666C6173683000000053504932AD
:10A9000000000000573235583430434C5353494708
:10A910000000000034A901080000002088020000A7
:10A920001E560008E8A901088802002050270000F0
:10A9300034DF0008015C32013202021B031E7C9FDF
:10A9400001086004411A70085A540C2A940C2133EF
:10A9500020041A880C1A580C021A28B57061726B00
:10A96000B56D6F64658F74616D7065720F2D696D63
:10A97000657314012853093D14083FBC1957E816A4
:10A98000012D35C7963275D743B4E73BEA91681A73
:10A990003B4164647214E91001143210021301097E
:10A9A000121441000A156E6F72666C617368303A5A
:10A9B000403A081113B9470108415D0108AD8C0107
:10A9C00008490601084C3A3C2D1248228045F0A85F
:10A9D0000108280804A90108EF4017E64980199DDD
:08A9E00032205AFC2001600046
:040000050800418D21
:00000001FF
