:020000040000FA
:10400000500B0120C142000095D80000E3400000A1
:1040100000000000000000000000000000000000A0
:10402000000000000000000000000000E54000006B
:1040300000000000000000000D4100001F430000D0
:10404000EB400000EB40000001F00000EB400000FE
:10405000EB400000EB400000EB400000EB400000B4
:10406000EB400000E906010095070100D5070100BB
:1040700075080100B5080100F5080100EB400000DB
:1040800075CC00000DC5000000000000EB400000F2
:10409000ADC90000EB400000EB400000EB40000029
:1040A000EB400000EB400000EB400000817300009B
:1040B000EB400000EB400000B5BA0000EB40000010
:1040C0000448854601F074FB0048004755A60100EE
:1040D000C046C046500B01200448804704480047B2
:1040E000FEE7FEE7FEE7FEE7FEE7FEE779050100F3
:1040F000C140000000202A4A106062B629482A49BF
:104100000860BFF34F8FBFF36F8FFEE72748284A41
:1041100000230168002915D00360EFF30983103BE9
:10412000F0C344464D4656465F46203BF0C3143B21
:1041300075461D608B601F4C2568002D02D08D6177
:104140000025256072B61168002914D0016062B69E
:104150004F68184C8D697F1C4F6025608B681D6807
:104160001B1DAE46F0CBBB46B246A946A046F0CBDF
:1041700083F30988704772B611680160002909D17C
:104180000FB41BF03FFF0FBC0FB41BF049FF0FBC77
:1041900062B6F0E7084F044D2F6062B6D8E7000022
:1041A000BC0700200000001004ED00E0A007002084
:1041B000A4070020FC070020000000080269072374
:1041C0009A43443A0B4B1360002353609360D360CF
:1041D000136153619361D361136253629362D3623B
:1041E00013635363044B9363D163044B1364826082
:1041F00070470000FDFFFFFFFFFFFFFF0000000111
:1042000023490868401C0860224B1A68002A06D01F
:10421000521E1A60002A02D11F4B012018601F494C
:1042200008680268002A03D01D4B01221A6007E0CB
:10423000001D1C4B1A68904201D11B4B1868086086
:10424000154B1A68002A03D11549086800281BD0AD
:1042500001B513490868002801D010F0FFF80E4B93
:104260001A68002A0ED00FF09BFF10480168002941
:1042700008D10F4801680F4A13680F480F4A994246
:1042800000D0026003BC8E46BFF34F8F7047000022
:10429000CC070020FC070020D0070020DC0700200E
:1042A000E0070020D8070020D4070020BC0700202A
:1042B000A0070020A407002004ED00E0000000108B
:1042C00072B61B48004772B61A481B49091D0160A7
:1042D0001A481B4901601B481B4A104418490160D9
:1042E0001A481749096801601648194941610721B0
:1042F000016118491348184A1044016017491148D0
:10430000174A1044016017490E48174A10440160CB
:104310007047FEE7FEE701B503BC8E46704701B566
:10432000FFF76EFF03BC8E467047FEE7FEE7000016
:10433000C140000030070020500B012008ED00E0D4
:104340000040000000E000E0080D00009C07002095
:104350007F3E000000000000180D0000000000FF7C
:104360001C0D00000000FF40200D0000F8B50646BF
:104370004878097800020843778945BAFE4CAF4275
:1043800001D3FE48F8BD3089A84215D9401B00F082
:104390008DFF0090E81B00F089FF0546707800F063
:1043A00090FFF74900F066FD294600F063FD009993
:1043B00000F09DFDA04201DD2046F8BDEF49884296
:1043C000FBDA0846F8BDF3B504462030417981B0E8
:1043D000002908D0002141710298A0620298E06291
:1043E000E8482064FEBDA56A0298294600F03AFD1F
:1043F000E54900F03FFD294600F0E3FCA062009093
:10440000E66A05463146029800F02CFDDF4900F0CF
:1044100031FD314600F0D5FC07460146E0622846F2
:1044200000F020FD0646DA4900F01CFD216B00F08B
:10443000C8FC0121C9052063884200DA0020D54D5F
:104440002063A84200DC0546D3493046256300F0CE
:10445000B8FC616B00F0B5FC0121C90560638842BE
:1044600000DB0020CD496063884202D800F09EFF47
:1044700001E0CB48CB4900F0C1FFC54960638E42E3
:1044800002DCC9498D4201DD00211FE0C74AC8494D
:10449000964204D2C74A904201D2304613E0C64841
:1044A0008742FADD3946009800F021FD7F21C905D9
:1044B00000F0D8FC0546B349206C00F0D3FC294637
:1044C00000F0D8FCBD4900F0D5FC0146206C00F09E
:1044D00078FC05462064BA49029800F0CBFCA94E4E
:1044E000314600F06EFCB749884200DD08460746B9
:1044F0003046854200DD28463946206400F0A4FF9E
:1045000000D3276C27643846FEBDF8B50224AE4EB2
:104510007F250746ED05A0003158384600F08AFF98
:104520001ED3A4003159384600F09CFCA6490C3932
:10453000095900F09FFC294600F043FC00F036FFCB
:1045400015F004FD00F05AFF9F491839095900F091
:1045500091FC9D490C31095900F033FC074603E0FA
:10456000641E64B2002CD6DA2846874200DD384645
:10457000F8BD10B500218162C1620163814A026405
:1045800001220346416320335A710A469400521CAB
:10459000D2B20151092AF9D33C221A718163C16355
:1045A0004164002010BDE4E7FFB501460446203118
:1045B000087995B01D4600280BD00122401E1192AB
:1045C00008718248A06382480E90E063FFF79DFF68
:1045D000CCE00020074611901698BE00805900F0EC
:1045E000E5FE15F0B3FC00F009FF014630467F1CE4
:1045F0006E46FFB23150092FEED30198099004990D
:10460000089800F074FC7F21C905884202DD00F0A3
:10461000CDFE01E000206F4900F0F0FE1290012075
:1046200000271390BE0068468159A05900F002FF90
:1046300002D27F20C00500E067480F90A0590A9081
:10464000684680590A9900F00DFC0F9900F012FCA1
:104650000A9900F0B6FBA0516946895900F002FCA6
:10466000694688515D49884201D3002013907F1C20
:10467000FFB2092FD6D3139800284BD00DA9684656
:1046800000F083F9049800900BA9684600F0E9F95E
:1046900001200D99C005814200DA00210D910B998E
:1046A000814200DA00210B91129800F0DEF80B999C
:1046B00000F0E0FB01460B900D9800F082FBFF211B
:1046C000890500F0D7FB0021C94300F04EFC0646E7
:1046D000072717987F07802804D200F00DFE0246B6
:1046E0000B4609E000F0EDFD8721C90500F0BAFB9B
:1046F00000F05CFE0B4602463846394916F014FAC3
:1047000000F07CFE314600F0B5FB304EB04202DDD9
:10471000064600E02D4E3349304600F0ABFB0E90CC
:10472000FFF7F3FE0F90A76B3046394600F09AFB77
:104730002D4900F09FFB394600F043FBA063E66B78
:104740000E98314600F08EFB274900F093FB31466E
:1047500000F037FBE063666C0F98314600F082FB97
:10476000214900F087FB314600F02BFB6064A06B11
:104770002864E06BE86339E0A5D468530000C842C0
:1047800000007A440000C843B6A0453CA14C343C2C
:10479000B9B7513CCDB1A93493F9283A070DFABC09
:1047A000678BCADBA0419FBFFF02D72C93F928BAC1
:1047B0002C923A42C4359DB86F12833A7FE57B3D17
:1047C000FF440E4700409C45047D030027A0093CA0
:1047D000395E813C0000F03F0EA21138CCBC8CAB9E
:1047E0007EAEF03FD7A3F03F9AE4C23D606CA86371
:1047F00020460E99FFF7E7FD686420696863119809
:1048000019B0F0BDFFB589B01D4616460F4600240D
:10481000600081193846891CFFF7A8FDA100641CBF
:10482000E4B26850062CF3D30624600081193846A0
:10483000891DFFF79BFDA100641CE4B268500D2C9C
:10484000F3D302206A4681006B5889188039401CD6
:10485000C0B28B670B28F6D338692B46827969463C
:104860000998FFF7A1FE0DB0F0BDF8B51B4900F0A7
:1048700001FB1B4900F0FAFA1A491B4A884229D267
:10488000904200DD104600F091FD11F001F800F0BB
:10489000B5FD7F2405460146E405204600F027FBD0
:1048A00007460146284600F08CFA06463946284657
:1048B00000F0D8FA314600F01AFB0C4900F0DAFAA1
:1048C0000B4900F0D3FA0B49A04205DD884200DD18
:1048D0000846F8BD0846D6E72046F8BDF99E0142D5
:1048E000718833420000A4C20000A4429F33E53F18
:1048F0004A0143400000A040F7B582B017460024AB
:104900001BE00298A600805900F066F8014600906E
:104910007F20C00500F0EBFA01460190009800F0FE
:1049200050FA05460199009800F09CFA294600F0DB
:10493000DEFA0399641C8851A4B2BC42E1D305B0ED
:10494000F0BDFFB581B00F4600260A9C19E0B0000B
:1049500021680090395000250DE00198A9004158C8
:10496000206800F087FA0099795800F02AFA009937
:104970006D1C7850ADB20398241D8542EDD3761C92
:10498000B6B204988642E2D3D9E710B50C4690B08F
:104990001B490A2300911A4601A9FFF7D2FF01A97A
:1049A0000A220846FFF7A8FF1648009005230A22AE
:1049B0000BA901A8FFF7C5FF0BA905220846FFF7C1
:1049C0009BFF10480123DC300090052221460BA8F4
:1049D000FFF7B7FF10B010BD0B4910B5884202DDDC
:1049E00000200A4907E00A49884202D90020094903
:1049F00001E000F0DBFC10F04BFF00F0FFFC10BD0D
:104A00001C7D0300D47E03000000A44200805440BB
:104A10000000A4C2008054C0FFB581B00F4600263C
:104A20000A9C19E0B00021680090395000250DE083
:104A30000198A9004158206800F01CFA00997958A3
:104A400000F0BFF900996D1C7850ADB20398241D99
:104A50008542EDD3761CB6B204988642E2D305B007
:104A6000F0BDF3B58BB0244900910623012202A9C1
:104A7000FFF7D2FF02A8062602AF0024099009988A
:104A8000A500405900F023F8014600907F20C005A2
:104A900000F02DFA01460190009800F092F908907C
:104AA0000199009800F0DEF9089900F020FA641CE2
:104AB000A4B27851B442E2D30F48012330300090C1
:104AC000062202A80C99FFF7A7FF0DB0F0BD0B4915
:104AD00010B5884202DD0020094907E009498842F3
:104AE00002D90020084901E000F060FC10F0D0FE7F
:104AF00000F084FC10BD0000C87F03000000A44249
:104B0000008054400000A4C2008054C030B50B4661
:104B1000014600202022012409E00D46D5409D4297
:104B200005D31D469540491B25469540401915461D
:104B3000521E002DF1DC30BD70B500242546002842
:104B400001DA01244042002901DA01254942FFF738
:104B5000DDFFAC4200D04042002C00D0494270BD85
:104B600010B5024900F004F810BD000024FB00203D
:104B700070B50C4600683C21FFF7C8FF21603C215E
:104B8000FFF7C4FF61601821FFF7C0FF0546A16071
:104B90000721001DFFF7BAFFA1610F48A9000818FF
:104BA0000E49FFF7B3FF0246443288086261E061B4
:104BB0003B2802D3910700D0401C0021084B0A4635
:104BC0002161995C814203D8401A521C2261F8E7A6
:104BD000401CE060204670BD6C0B0000B505000075
:104BE0003081030038B50446C0681821401E484390
:104BF000A16840183C214843616840183C21484363
:104C00002168451860690C214843216940186921D1
:104C1000C900401A3021FFF78FFF114A5043421953
:104C2000084600921A2902DB0E49511800910C2106
:104C3000FFF782FF0C4A5043009A801800900B48FF
:104C400006E0491E425C074B5A43009BD218009273
:104C50000029F6DC21466846FFF78AFF009838BD38
:104C6000801F8607805101008033E1013C810300F1
:104C700010B5441A0346944209D28318891803E0F8
:104C8000491E0C785B1E1C70521EF9D210BD0C46DA
:104C90000443A40703D009E010C9121F10C3042A5B
:104CA000FAD203E00C781C70491C5B1C521EF9D22E
:104CB00010BDD2B201E00270401C491EFBD2704709
:104CC0000022F6E710B513460A4604461946FFF7D8
:104CD000F0FF204610BD30B505462A460B46107839
:104CE0001C78521C5B1C002801D0A042F7D0002C7D
:104CF00003D0002802D06D1CEFE7284630BD421CCF
:104D00000178401C0029FBD1801A704710B50022A1
:104D100000E0521C835C8C5CA34201D1002BF8D1D3
:104D2000D8B2E1B2401A10BD30B5044600200346A7
:104D300000E05B1C934203D2E05CCD5C401BF8D0EA
:104D400030BD30B505460020034600E05B1C9342B1
:104D500005D2EC5CC85C201A01D1002CF6D130BD24
:104D600070B5104D002800D12868002414E00A46D0
:104D700002E09E4203D0521C1378002BF9D1DAB224
:104D8000224307D0002B06D0002C04D00021017054
:104D9000401C04E00446401C0678002EE7D1286041
:104DA000204670BD0408002070B506460CF0ACFD2E
:104DB000046805460A220021304600F0B3FB2C604F
:104DC00070BDF8B502464A40D40F42004B0052086D
:104DD0005B089A4202D20246084611464A0023D096
:104DE000C30D4A00DDB2120EAD1A202D35DA49028C
:104DF0000126490AF6058A19002C00D052422021CA
:104E00004F1B1146B9402A411018C20D9A4221D0B9
:104E1000002C17D0012D08DCDA05801AD20F80197A
:104E2000D207DBB200F0BEFBF8BDDA05801A012321
:104E300040001B06C01880185A428018CA0F104341
:104E4000490007E04908C2071143DA05801A8019B2
:104E50004008801800F09EFBF8BD61000122511A45
:104E6000001BF7E70122D2075140AAE70122D2072F
:104E70005040A6E7024670B54A40D30FDB0740001A
:104E80002DD04A002AD0010E140E00021202091978
:104E9000400A520A8418E50104465443000A120AE3
:104EA0002E045043A4194219200CC543AA18120C11
:104EB0000125AD03521C521912047F39240400D07D
:104EC000521C104301D44000491EC2B20C06C00956
:104ED0002018401C4008802A02D003E0002070BD4A
:104EE00040084000002900DA0020184370BD70B56A
:104EF00002464A40D50F40004A00ED0740085208DC
:104F0000002814D0002A12D0C40DD30D4102012074
:104F1000C0055202490A520AE41A091812187D34CF
:104F2000914201D3641C00E04900002C01DA00200A
:104F300070BD0023914201D3891A03434008490000
:104F40000028F7D100290AD0914202D10121C907D6
:104F500005E0914201D2012101E00121C943E005B0
:104F6000C018401900F016FB70BD420005D0420089
:104F7000120E52428A4201DB00207047C905081810
:104F800070470000F0B507460846584087B0C00F8C
:104F9000049048000E46590040084908BC1A884150
:104FA00005D2384631461E4617460B460246580083
:104FB000400810434DD0300D039040055900400D7E
:104FC000490D0590401A0290402873DA1803012118
:104FD000000B09050843019004980092002806D0B0
:104FE0001146019A49420020904100910190029897
:104FF00040210A1A0199009800F060FA05460C4613
:105000006B4607CB00F07BFAC0197141039A0E0D75
:105010000023D71756401A467A40164344D0049AC4
:10502000002A2DD0029A012A039A15DC1205C01A13
:10503000914101263605001C7141D20F059ED20711
:105040000093019202962A46234600F0F1FA07B037
:10505000F0BD38463146FAE71605234A0F46B21826
:10506000C01AB74101210905001C4F4100187F41BA
:10507000114618187941E20F10436D19644113E08D
:10508000E2076D0815436408C2071443039A01261A
:105090001205C01A91413605001C7141CE07400827
:1050A00030434908C01851412A46234600F0B3FA5C
:1050B000CDE7FFE7049801224000C117121A002330
:1050C0008B4104983146C417381AA141EEE730B439
:1050D0000124E407634030BC54E730B40124E40702
:1050E000614030BC4EE700000000E0FFF0B51FB4A7
:1050F00088B00B990998002448400999C00F4900CD
:1051000049080991C0070B990090490049080B9183
:1051100009990898A64608431CD00B990A98084399
:1051200018D0099801244000420D4800410D09980B
:1051300024050003000B204309900B980003000B8B
:1051400020430B9050181C4940180022019014462F
:10515000104605E0002001460DB0F0BD032801DA3D
:10516000034600E003239C46C11A0AAE0AE05F0032
:1051700008ADED5B4F00F75B7D430027AA187C412B
:10518000491C5B1E6145F2DD410004AB5A5221040B
:10519000120C0A43240C401C0828DFDB0198029003
:1051A0000099704601910090059B049A0799069812
:1051B00000F03EFAD0E700000DFCFFFFF0B50C4612
:1051C0005C4085B0E40FE40703944C0000266408BB
:1051D00059009446490802460296224321D062466D
:1051E0000A431ED06200570D4A000E032303550DDB
:1051F000012402462C492405781B1B0B360B401852
:1052000023432643614600901C46501AB44103D301
:105210000098401C009002E0921800985B41002822
:1052200003DA0020014605B0F0BD00200121090588
:105230000746864611E064461D46141BB54106D359
:105240006546521BB341744607430C43A646CD073F
:1052500040084908284392185B4105460D43EAD1AE
:105260001046184313D06046194650407140084319
:1052700006D06046101AB34106D20122002306E090
:1052800000220123DB0702E00122D24353100098E1
:1052900074460105381C6141029C039D0019694157
:1052A00000F0B9F9BFE70000FD030000C217C10F0D
:1052B000504010B54018CA079623002100F072F93B
:1052C00010BD10B500229623114600F06BF910BDF9
:1052D0000EB5C217C10F5040CA0740180021054B38
:1052E0000293019200910A460B4600F0A1F903B027
:1052F00000BD0000330400000EB5054902910021F5
:1053000000910A460B46019100F092F903B000BDEE
:1053100033040000C20F410040020123400ADB05B4
:10532000D207090EC0187F2901DA0020704796299C
:1053300003DC9623591AC84001E096398840002AB8
:10534000F4D040427047410040020122400AD20599
:10535000090E80187F2901DA00207047962903DCA6
:105360009622511AC840704796398840704700000D
:105370004A0009030123090B1B051943094B10B50A
:10538000520D9A4201DA002010BD064B34339A4286
:1053900003DC9A1A00F0A2F810BD034951188840A6
:1053A00010BD0000FF030000CDFBFFFFC20FD207BE
:1053B000400040080BD0C10D0723DB01C918400293
:1053C0000905400A1143C2084007114370470020F5
:1053D0000146704710B5002904DB0124E407404270
:1053E0008C412146002B04DB1C460123DB07524283
:1053F000A3418B4200D1824210BD0000CB0FDB07DE
:10540000490010B5490802460A4307D00A0D07248F
:105410000903E401090B121B002A01DC002010BD66
:10542000C900440F0C43C100E018D205801800F0F9
:10543000B1F810BD0122D207002800DB101A0029A4
:1054400000DB511A814270470122D207002800DB9D
:10545000101A002900DB511A88427047F0B51FB4BA
:105460000646002082B005464024019100901BE0D2
:10547000019922460F46304600F030F8049A059B09
:10548000801A994110D310461946224600F016F8AA
:10549000361A8F410197224601200021009F00F01B
:1054A0000DF838184D4100902046641E0028DFDCBE
:1054B000019B00982946324607B0F0BD10B5202A5E
:1054C00004DB0146203A9140002010BD914020238A
:1054D0009C1A0346E3401943904010BD10B5202AA2
:1054E00004DB0846203AD040002110BD0B46D340D3
:1054F000D0402024A21A91400843194610BD10B58F
:10550000202A06DBCB170846203A1041C1170B436F
:1055100006E00B461341D0402024A21A91400843D4
:10552000194610BDF7B5009C0F4600262578641C6F
:10553000002D05D000F04EF90068405DC007F5D1A0
:105540002B2D02D02D2D18D0641E39462046029AEC
:1055500000F044F9002F04D03968A14201D100992C
:1055600039607105022400290BDA4042002803DD6E
:105570000CF0CAF90460A007FEBD012080020643BA
:10558000E3E70028F8DA0CF0BFF904600048FEBD3C
:10559000FFFFFF7F002904DA401C490001D14008C9
:1055A0004000704770B40024050C05D1102400049D
:1055B00002D1002921D01124050E01D100020834A6
:1055C000050F01D10001241D850F01D18000A41C0D
:1055D000002801DB4000641C002908D020252E1B78
:1055E0000D46F540A14000D00121294308430106A2
:1055F0001B1B000ADB1D02D5002070BC7047DB05B9
:10560000181880180029F8DA401C4900F5D170BC40
:1056100040084000704710B5002B08DA0024401CF9
:10562000614192185B411A4301D14008400010BD0E
:10563000F0B51FB482B005460C0003D008460BF04D
:10564000CDFF02E00BF0CAFF203002460090214659
:105650002846FFF733FF049B059A04460F4618437C
:105660001143084314D0184610431BD00098402122
:105670000A1A18460599FFF731FF05460E46009AAB
:1056800005990498FFF71AFF084305D0012004E0AC
:105690002046394607B0F0BD0020C11705430E4330
:1056A0002C43374300990E986305401A7905E40AA4
:1056B00000220C43FD0A0A3002D500200146E9E72A
:1056C0000105101969410C9C0D9D00196941FFF7F6
:1056D000A2FFDFE770B54B005B0803430BD04B0024
:1056E0005C0D002633466542B341D417AD1AA34181
:1056F00002DB0020014670BD12053018514170BD1B
:1057000070B5CD0F4A0009030123090B1B0519438E
:105710000B4BED070024520D9A4201DA002070BDB8
:10572000074B34339A4203DC9A1AFFF7D7FE02E0A4
:105730000449511888402C43F1D0404270BD00000C
:10574000FF030000CDFBFFFF4A0009030123090B03
:105750001B0519430A4B10B5520D9A4202DA00207C
:10576000014610BD064B34339A4203DC9A1AFFF708
:10577000B5FE10BD034BD218FFF7A0FE10BD000010
:10578000FF030000CDFBFFFF10B5002904DB01245F
:10579000E40740428C412146002B04DB1C460123D8
:1057A000DB075242A341994200D1904210BD000054
:1057B000064C0125064E05E0E36807CC2B430C3C64
:1057C00098471034B442F7D3FEF77EFC088F0300ED
:1057D000288F030000487047D4810300F7B582B0DA
:1057E000029C00272078641C15460197302802D0BF
:1057F000002D15D015E020780127641C782804D0EE
:10580000582802D0002D09D00BE0002D01D0102D1A
:1058100007D1002710252078641C02E0082500E04D
:105820000A250026009610E0009901276943081810
:10583000020C294680B2714300908E1838048642CB
:1058400001D3012001902078641C294600F06AF8F9
:105850000028E9DA0398002805D0002F01D0641E43
:1058600000E0029C04600198002806D00CF04CF87F
:1058700002210160C81E05B0F0BD00993004084344
:10588000F9E7FEB500231A461B1A8A4103DB002004
:10589000014603B0F0BD4A000D0301212D0B09059F
:1058A000520D0D43D10702D100186D41521E511007
:1058B000FF31FF310131002704463E46384600974C
:1058C00001910246012100200905FFF707FEC319D7
:1058D0007141F818324684468E464A416146284650
:1058E000611A904104D36046241A954176461F46BA
:1058F000241900986D41401C00903428E1DDF9190D
:1059000030467041091BA84103D20022D2431346FE
:1059100001E00022134601980105381C7141FFF790
:105920007AFEB6E73A2800D23038202302469A435E
:10593000412A01D310463738884201D30020C043A2
:10594000704770B58C180578401C6B075B0F01D150
:105950000378401C2A1106D10278401C03E0067827
:105960000E70401C491C5B1EF9D12B0705D4002387
:10597000521E0DD40B70491CFAE70378401CCB1A59
:10598000921C03E01D780D70491C5B1C521EF9D55A
:10599000A142D8D3002070BDF0B587B00121854861
:1059A00002F060F800220821834808F0A9F80821D5
:1059B000814806F08DF914200DF0B4FF0121C903D0
:1059C0007D48403801F042FB0122D1037A4840383B
:1059D00006F0BAFA012001F03DFE0BF027FB012092
:1059E0000BF036FB02200BF011FB01200BF0FCFA50
:1059F000062000F023F9012000F00EF9002000F04D
:105A00004FF96E4800F074F9002000F025F90120EC
:105A100000F034F900F066F90026002400BF15E01C
:105A200000F060F90020610001AA505200F068F90E
:105A3000002809D100F044F9610001AA5052600029
:105A400001A9085A861900E002E0641C0C2CE7DB6F
:105A500000BF0C2C27D168468788808800900024DE
:105A600017E0600001A9085AB84201DA384602E09E
:105A7000600001A9085A0746600001A9095A009868
:105A8000814201DD009802E0600001A9085A0090FF
:105A9000641C0C2CE5DBF21B0099501A0A21FFF75D
:105AA00035F8064607E046A146A006F0A9FD2146C6
:105AB00046A006F0A5FD00220121C9033E4840385A
:105AC00008F01EF80121C9033B48403806F000F9F0
:105AD000002000F0A1F8002000F0D0F8082136489E
:105AE00006F0F8F8304600F01DF945003D488542C3
:105AF0000ED33D4885420BD23A49691A642251437C
:105B00000846FF21F531FFF701F8384908700DE02C
:105B10003548854207D3E1200001854203D2642045
:105B20003249087002E00020304908702F480078A0
:105B300014280EDC2E48007800280AD101202C49B8
:105B400008702C48007902218843801C294908717B
:105B500023E02748007800280ED024480078192830
:105B60000ADD00202249087022480079022188437A
:105B7000801C2049087110E01C4800781E490978F3
:105B800088420AD0194800781B49087019480079E2
:105B900002218843801C1749087109A109A006F059
:105BA0002FFD12480278294614A006F029FD07B0FF
:105BB000F0BD000007000001C00C0040FF03000022
:105BC0004C4F47000A5B25735D0000004765742059
:105BD00042617474657279204661696C5B25645D0D
:105BE00000000000C4090000B80B000014000020F1
:105BF00015000020E886002028000020476574205A
:105C0000426174746572792025646D562C204C6550
:105C100076656C2025640000012806D106490969D3
:105C200020221143044A116105E003490969202239
:105C30009143014A1161704700FA01400146054A4B
:105C40001069000900010A07120F1043014A106190
:105C50007047000000FA0140012806D10649096892
:105C600080221143044A116005E00349096880223B
:105C70009143014A1160704700FA0140012806D1A2
:105C80000649096801221143044A116005E00349ED
:105C9000096849084900014A1160704700FA01404B
:105CA0000146064A1068042302469A43104604221D
:105CB0000A401043014A10607047000000FA01409A
:105CC0000148806880B2704700FA01400448C0680B
:105CD000C007C00F002801D0012070470020FCE75A
:105CE00000FA014001200149C860704700FA0140F4
:105CF0004105490D014A51607047000000FA01401A
:105D000010B5002409E0FFF7E1FF012801D10020D0
:105D100010BD01200DF006FE641C082CF3DB0120F1
:105D2000F6E7000070B504460025084989886143FC
:105D300008467D21C900FEF7E9FE06460349C888EA
:105D40006421FEF7F9FE3518284670BD80FAFF1F62
:105D5000F7B582B00E46144600276420019006F085
:105D600091FC13F095F9002809D13BA13CA006F065
:105D700047FC3DA006F044FC002005B0F0BD13F048
:105D8000BBF9002808D134A135A006F039FC3BA0AE
:105D900006F036FC0020F0E77D21C9003D48FEF703
:105DA0008FFF00203C490883029807F0F9FC3BA0D4
:105DB00007F0F6FC374D3AA12046FEF78CFF00288D
:105DC00005D13AA12046FEF786FF002800D0ED1D40
:105DD00032E021A12846FEF77EFF002809D01EA14F
:105DE0001FA006F00DFC34A0029906F009FC00206B
:105DF000C3E737A12846FEF76EFF002809D016A199
:105E000017A006F0FDFB35A0029906F0F9FB002073
:105E1000B3E701987843B04209DD37A110A006F03E
:105E2000EFFB37A0029906F0EBFB0220A5E70198F3
:105E300007F0B0FC781C87B221462846FEF74BFFDE
:105E40000028C6D035A106A006F0DAFB34A00299DE
:105E500006F0D6FB012090E74552524F5200000059
:105E60000A5B25735D0000004C6F526157414E2064
:105E70004D6F6465204552524F4521004C6F526171
:105E800057414E20537461747573204552524F45EB
:105E900021000000FC8B0020CC8F00200D0A0000A8
:105EA0002B4C494E4B20494E464F3A002B525443FF
:105EB00020494E464F3A000022257322206174206B
:105EC000636D642065786563206572726F7200008F
:105ED000424144205041524D0000000022257322CF
:105EE00020617420636D642065786563206261645D
:105EF000207061726D0000005741524E000000009A
:105F00002225732220617420636D642065786563A7
:105F10002074696D656F7574000000004C4F470078
:105F20002225732220617420636D64206578656387
:105F3000207375636365737300000000F0B587B06C
:105F400000255FE031A2324932A0FFF701FF0128AE
:105F500052D133A133A006F053FB34A13648FEF7EB
:105F6000BAFE0746394635A006F04AFB7821344888
:105F7000FEF7A6FE2DA13048FEF7ADFE0646002036
:105F80000690002406AB2E4A2EA130460FF0B3FB3C
:105F90000AE0611C89002A4B5A582B490819022330
:105FA00001210FF031FB641C0699481E0690002960
:105FB000EFD11BA11BA006F023FB23480B38807CEC
:105FC00021490B39497C204A0B3A127C1E4B0B3B72
:105FD000DB7B01930292039104901B480B38807B7A
:105FE000009019480B38437B027BC17A17A006F05A
:105FF00007FB012007B0F0BD681C85B27D20C00002
:1060000007F0C8FB032D9DDB0020F3E74F4B00009A
:10601000DC05000041542B4150504555493F0000DC
:106020004C4F47000A5B25735D0000002B41505028
:106030004555493A00000000FC8B00202573000004
:106040007CAB002020000000FFAB002041505045F9
:1060500055493A20253032782025303278202530B5
:1060600032782025303278202530327820253032A1
:10607000782025303278202530327800F0B58FB086
:1060800000257AE03FA2404940A0FFF761FE0128C9
:106090006DD141A141A006F0B3FA42A14448FEF7F8
:1060A0001AFE0746394643A006F0AAFA782142486C
:1060B000FEF706FE3BA13E48FEF70DFE0646002019
:1060C0000E9000240EAB3C4A3CA130460FF013FB6F
:1060D0000AE0611C8900384B5A58394908190223D3
:1060E00001210FF091FA641C0E99481E0E900029B0
:1060F000EFD129A129A006F083FA3148C07B3049AD
:10610000897B2F4A527B2E4B133BDB7F09930A92EC
:106110000B910C902A481338807F29491339497F05
:10612000274A133A127F264B133BDB7E05930692D8
:106130000791089022481338817E407E204A133A06
:10614000127E1F4B133BDB7D01930292049103905F
:106150001B481338807D009019481338437D027D19
:10616000C17C184806F04CFA01200FB0F0BD681C45
:1061700085B27D20C00007F00DFB032D82DB0020DF
:10618000F3E700004F4B0000DC05000041542B41B9
:1061900050504B45593F00004C4F47000A5B257358
:1061A0005D0000002B4150504B45593A0000000063
:1061B000FC8B0020257300007CAB00202000000039
:1061C00007AC0020D8810300F0B58FB0002570E047
:1061D0003AA23B493BA0FFF7BBFD012863D13CA19C
:1061E0003CA006F00DFA3DA13F48FEF774FD0746BE
:1061F00039463EA006F004FA78213D48FEF760FDDE
:1062000036A13948FEF767FD064600200E900024AF
:106210000EAB374A37A130460FF06DFA0AE0611C29
:106220008900334B5A5834490819022301210FF0D1
:10623000EBF9641C0E99481E0E900029EFD124A1A1
:1062400024A006F0DDF92C48C07B2B49897B2A4A23
:10625000527B294B1B7B09930A920B910C90264889
:10626000C27A807A2449497A234B1B7A0593089293
:10627000069107902048C0791F498A7949791E4BB9
:106280001B7901930392029104901B48C0780090FF
:10629000194883784278C01FC179184806F0B0F9D0
:1062A00001200FB0F0BD681C85B27D20C00007F052
:1062B00071FA032D8CDB0020F3E700004F4B000048
:1062C000DC05000041542B415050534B45593F00D1
:1062D0004C4F47000A5B25735D0000002B41505076
:1062E000534B45593A000000FC8B002025730000F9
:1062F0007CAB0020200000001BAC00208C8203003F
:1063000070B500241BE010A2104911A0FFF720FD7A
:1063100001280ED111A112A006F072F912A11448A1
:10632000FEF7D9FC0546294612A006F069F90120BE
:1063300070BD601C84B27D20C00007F02BFA032CD6
:10634000E1DB0020F4E700004F4B0000DC0500001B
:1063500041542B42414E443F000000004C4F470047
:106360000A5B25735D0000002B42414E4400000093
:10637000FC8B00202573000070B500241BE010A2E8
:10638000104911A0FFF7E4FC01280ED111A112A0C1
:1063900006F036F912A11448FEF79DFC0546294681
:1063A00012A006F02DF9012070BD601C84B27D2082
:1063B000C00007F0EFF9032CE1DB0020F4E7000058
:1063C0004F4B0000DC05000041542B434C4153531C
:1063D0003F0000004C4F47000A5B25735D00000042
:1063E0002B434C4153533A00FC8B00202573000093
:1063F00070B500241BE010A2104911A0FFF7A8FC03
:1064000001280ED111A112A006F0FAF812A1154828
:10641000FEF761FC0546294613A006F0F1F80120BD
:1064200070BD601C84B27D20C00007F0B3F9032C5E
:10643000E1DB0020F4E700004F4B0000DC0500002A
:1064400041542B434F4E4649524D3F004C4F47005D
:106450000A5B25735D0000002B434F4E4649524DA9
:106460003A000000FC8B002025730000FEB50025DB
:106470004DE029A229492AA0FFF76AFC012840D152
:106480002AA12BA006F0BCF82BA12E48FEF723FC76
:10649000074639462CA006F0B3F878212B48FEF7C2
:1064A0000FFC25A12748FEF716FC064600200190A8
:1064B000002401AB254A26A130460FF01CF90AE062
:1064C000611C8900214B5A582249081902230121D5
:1064D0000FF09AF8641C0199481E01900029EFD131
:1064E00012A113A006F08CF81A48C0780090194841
:1064F00083784278C01EC17817A006F081F8012089
:10650000FEBD681C85B27D20C00007F043F9032D55
:10651000AFDB0020F4E700004F4B0000DC0500007B
:1065200041542B444556414444523F004C4F470090
:106530000A5B25735D0000002B44455641444452DC
:106540003A000000FC8B0020257300007CAB00208B
:106550002000000017AC0020444556414444523A04
:1065600020253032782025303278202530327820AE
:106570002530327800000000F0B587B000255FE0DC
:1065800031A2344934A0FFF7E3FB012852D135A1F1
:1065900035A006F035F82CA13548FEF79CFB0746E0
:1065A000394634A006F02CF878213348FEF788FBF2
:1065B00025A12F48FEF78FFB0646002006900024F9
:1065C00006AB2D4A2DA130460FF095F80AE0611C6C
:1065D0008900294B5A582A490819022301210FF032
:1065E00013F8641C0699481E06900029EFD11DA1DE
:1065F0001DA006F005F82248C01E807A2049C91E59
:10660000497A1F4AD21E127A1D4BDB1EDB79019399
:106610000292039104901A48C01E80790090184895
:10662000C01E43790279C17816A005F0E9FF012068
:1066300007B0F0BD681C85B27D20C00007F0AAF845
:10664000032D9DDB0020F3E72B4445564555493A81
:1066500000000000DC05000041542B444556455520
:10666000493F00004C4F47000A5B25735D00000066
:10667000FC8B0020257300007CAB00202000000074
:10668000F7AB00204465764555493A2025303278ED
:10669000202530327820253032782025303278207D
:1066A0002530327820253032782025303278202568
:1066B0003032780070B500241BE010A2104911A000
:1066C000FFF746FB01280ED112A113A005F098FF99
:1066D00013A11648FEF7FFFA0546294614A005F057
:1066E0008FFF012070BD601C84B27D20C00007F0C8
:1066F00051F8032CE1DB0020F4E700004F4B0000D1
:10670000DC05000041542B44415441524154453F63
:10671000000000004C4F47000A5B25735D0000003D
:106720002B44415441524154453A0000FC8B002017
:1067300025730000F0B58FB0002570E03AA23B4908
:106740003BA0FFF705FB012863D13CA13CA005F06D
:1067500057FF3DA13F48FEF7BEFA074639463EA027
:1067600005F04EFF78213D48FEF7AAFA36A13948D8
:10677000FEF7B1FA064600200E9000240EAB374A11
:1067800037A130460EF0B7FF0AE0611C8900334B99
:106790005A5834490819022301210EF035FF641CB0
:1067A0000E99481E0E900029EFD124A124A005F0D7
:1067B00027FF2C48C07B2B49897B2A4A527B294BD7
:1067C0001B7B09930A920B910C902648C27A807A1F
:1067D0002449497A234B1B7A059308920691079026
:1067E0002048C0791F498A7949791E4B1B7901934A
:1067F0000392029104901B48C07800901948837856
:1068000042781738C17D184805F0FAFE01200FB014
:10681000F0BD681C85B27D20C00006F0BBFF032DD3
:106820008CDB0020F3E700004F4B0000DC0500008C
:1068300041542B4E574B534B45593F004C4F47004B
:106840000A5B25735D0000002B4E574B534B455997
:106850003A000000FC8B0020257300007CAB002078
:10686000200000002BAC00203082030070B5002413
:106870001BE010A2104911A0FFF76AFA01280ED1FF
:1068800011A112A005F0BCFE12A11448FEF723FAD4
:106890000546294612A005F0B3FE012070BD601C1C
:1068A00084B27D20C00006F075FF032CE1DB0020E0
:1068B000F4E700004F4B0000DC05000041542B5072
:1068C0004F52543F000000004C4F47000A5B2573B5
:1068D0005D0000002B504F52543A0000FC8B00200A
:1068E0002573000070B500241BE010A2104911A010
:1068F000FFF72EFA01280ED110A111A005F080FE9D
:1069000011A11348FEF7E7F90546294611A005F045
:1069100077FE012070BD601C84B27D20C00006F0AF
:1069200039FF032CE1DB0020F4E700004F4B0000AF
:10693000DC05000041542B5258323F004C4F4700B9
:106940000A5B25735D0000002B5258323A000000AC
:10695000FC8B00202573000070B500241BE010A202
:10696000114912A0FFF7F4F901280ED111A112A0CC
:1069700005F046FE0AA11248FEF7ADF90546294684
:1069800010A005F03DFE012070BD601C84B27D208A
:10699000C00006F0FFFE032CE1DB0020F4E700005E
:1069A0002B56455200000000DC05000041542B56D8
:1069B00045523F004C4F47000A5B25735D000000C5
:1069C000FC8B00202573000010B5002419E00FA2F5
:1069D0000F4910A0FFF7BCF901280CD1104800782E
:1069E000400840000E49087000BF12F02FFB00283D
:1069F000FBD0012010BD601C84B27D20C00006F0D9
:106A0000C9FE032CE3DB0020F4E700004F4B00003D
:106A1000DC05000041542B464143544F52590000BD
:106A2000F4AB002010B500240DE009A209490AA02A
:106A3000FFF78EF9012800D110BD601C84B27D20C3
:106A4000C00006F0A7FE032CEFDB0020F4E70000F7
:106A50004F4B0000DC05000041542B5341564500CC
:106A600010B590B00024242218A107A8FEF700F961
:106A70001F48807C1E49497C1D4A127C1C4BDB7BD5
:106A800002930392049105901948807B1849497B31
:106A9000009101901648037BC27A16A107A80AF05C
:106AA0005FFD0EE020A2214907A8FFF751F9012858
:106AB00001D110B010BD601C84B27D20C00006F072
:106AC00069FE032CEEDB0020F3E7000041542B416C
:106AD00050504555493D20464620464620464520D3
:106AE0003030203030203030203030203031000045
:106AF000F4AB002041542B4150504555493D2025D1
:106B000030327820253032782025303278202530F8
:106B100032782025303278202530327820253032E6
:106B200078202530327800004F4B0000DC05000053
:106B300010B59EB00024402227A10EA8FEF798F8B9
:106B40003548C07B3449897B334A527B324B133BF7
:106B5000DB7F0A930B920C910D902F481338827FA4
:106B6000417F007F2C4B133BDB7E069307AB07C3B3
:106B700029481338807E28491339497E264A133A1A
:106B8000127E254B133BDB7D02930392049105900B
:106B900021481338807D20491339497D00910190A7
:106BA0001D481338037DC27C1C490EA80AF0D8FC8E
:106BB0000EE01BA21B490EA8FFF7CAF8012801D15D
:106BC0001EB010BD601C84B27D20C00006F0E2FD46
:106BD000032CEEDB0020F3E741542B4150504B4592
:106BE000593D203242203745203135203136203280
:106BF000382041452044322041362041422046374A
:106C00002031352038382030392043462034462082
:106C100033432C300000000007AC0020E884030060
:106C20004F4B0000DC0500003EB50446002522461F
:106C30000BA168460AF094FC0DE00CA20C496846D2
:106C4000FFF786F8012800D13EBD681C85B27D2083
:106C5000C00006F09FFD032DEFDB0020F4E70000ED
:106C600041542B42414E443D256400004F4B0000EF
:106C7000C40900003EB5044600250EA207CA6B46B3
:106C800007C322460EA168460AF06AFC0DE00FA277
:106C90000F496846FFF75CF8012800D13EBD681C2B
:106CA00085B27D20C00006F075FD032DEFDB0020CE
:106CB000F4E7000041542B434C4153533D30000056
:106CC00041542B434C4153533D2564004F4B00002E
:106CD000DC0500007FB504460D4600260FA30FCB50
:106CE00003936B4607C32B46224610A168460AF061
:106CF00037FC0EE012A213496846FFF729F8012875
:106D000001D104B070BD701C86B27D20C00006F0B9
:106D100041FD032EEEDB0020F3E7000041542B433E
:106D20004F4E4649524D3D312C33000041542B43C8
:106D30004F4E4649524D3D25642C2564000000000D
:106D40004F4B0000DC050000F0B587B004460D464F
:106D50001646002718220FA101A8FDF789FF2B4630
:106D6000224612A101A800960AF0FAFB0EE014A236
:106D7000144901A8FEF7ECFF012801D107B0F0BDCE
:106D8000781C87B27D20C00006F004FD032FEEDBE7
:106D90000020F3E741542B465245513D312C32300F
:106DA0002C383638313030303030000041542B46EA
:106DB0005245513D25642C25642C256400000000BB
:106DC0004F4B0000DC05000010B5002416E00DA2BA
:106DD0000D490EA0FEF7BCFF012809D17D21C90095
:106DE0000F48FDF76DFF00200E490883012010BDFC
:106DF000601C84B27D20C00006F0CCFC032CE6DBD6
:106E00000020F4E74F4B0000DC05000041542B4A02
:106E10004F494E3D312C312C31322C3130000000A5
:106E2000FC8B0020CC8F002010B500240DE009A2BF
:106E300009490AA0FEF78CFF012800D110BD601C93
:106E400084B27D20C00006F0A5FC032CEFDB0020FF
:106E5000F4E700004F4B0000DC05000041542B4FCD
:106E60005441413D312C30003EB5044600250EA270
:106E700007CA6B4607C322460EA168460AF070FB9C
:106E80000DE010A210496846FEF762FF012800D10C
:106E90003EBD681C85B27D20C00006F07BFC032D42
:106EA000EFDB0020F4E7000041542B504F52543DDB
:106EB0003230000041542B504F52543D253032782F
:106EC000000000004F4B0000DC05000070B586B0EC
:106ED00004460D46002614220EA101A8FDF7C8FEA7
:106EE0002B46224610A101A80AF03AFB0EE012A29E
:106EF000124901A8FEF72CFF012801D106B070BD90
:106F0000701C86B27D20C00006F044FC032EEEDB30
:106F10000020F3E741542B5258323D302C3836399B
:106F2000353235303030000041542B5258323D2537
:106F3000642C2564000000004F4B0000DC050000BD
:106F40000146302905DB392903DC08463038C0B258
:106F50007047412905DB5A2903DC08463738C0B29F
:106F6000F6E7202901D12420F2E7242901D12520A8
:106F7000EEE7252901D12620EAE72A2901D1272099
:106F8000E6E72B2901D12820E2E72D2901D129208C
:106F9000DEE72E2901D12A20DAE72F2901D12B2083
:106FA000D6E72C20D4E77FB506460D4614466A4640
:106FB0002946304604F034FD0098A84227D168469F
:106FC000C079002823D1E007C00F002803D168460C
:106FD000407900281BD1E007C00F002803D0684685
:106FE0004079012813D102202040002803D16846AF
:106FF000807900280BD102202040002803D0684669
:107000008079012803D16846007902281DD00295B5
:1070100000206946C873E007C00F002801D14873FB
:1070200002E001206946487302202040002802D176
:107030006946887302E00120694688730220694628
:10704000087302A9304604F0D9FD7FBD7FB505461F
:107050000C466A462146284604F0E2FC0098A0420D
:107060000FD16846C07900280BD1684640790028C6
:1070700007D168468079002803D168460079032843
:107080000BD0029400216846C173417381730321C0
:10709000017302A9284604F0B1FD7FBD10B501209F
:1070A000800700F0C5FB012000F0B0FB012167481C
:1070B00000F0D8FC01228021654805F060FB012228
:1070C0001146644805F05BFB002280216148403096
:1070D00006F016FD0022FF2101315E48403006F027
:1070E0000FFD0022012149025A48403006F008FDF8
:1070F000002210215748403006F002FD00224021B6
:107100005448403006F0FCFC002204215148403035
:1071100006F0F6FC002220214E48403005F02FFBFF
:10712000002208214B48403005F029FB01221103C1
:107130004848403005F023FB0022012189024548E0
:10714000403806F0DDFC002201218903414840302F
:1071500006F0D6FC002204213E48803006F0D0FC28
:1071600004213C48803004F0B5FD01230222D10205
:107170003848403004F016FB1E20002815DBC206FC
:10718000D20E01219140344A116000BF00BF00BF00
:10719000BFF34F8F00BF00BF00BF00BF00BF00BFE5
:1071A000BFF36F8F00BF00BF00BF00BF00211E20D4
:1071B0000AF0A0FA1E20002806DBC206D20E01212A
:1071C0009140254A803A116000BF0121082004F057
:1071D0005BFD0121022004F057FD204800780028C3
:1071E00000D010BD01201D49087000221C491D4817
:1071F0000EF0B7F800221C491C480EF0B2F81C4AE9
:10720000032118480DF07AFF1A4A042115480DF0A1
:1072100075FF194A052113480DF070FF174A032125
:1072200012480DF06BFF164A042110480DF066FF5E
:10723000144A05210D480DF061FF0A480EF0C2F80E
:107240000A480EF0BFF800BFCBE7000007000001BE
:10725000800D0040400C004080E100E0460000202E
:10726000A553010090870020B5530100B887002086
:1072700059B100007DB00000DDB00000A9EC0000B5
:1072800001EC00002DEC000010B500210E4800F0CC
:10729000E8F800210C4800F02CF900210A4800F021
:1072A00034F90021094800F0DDFB0121084800F015
:1072B000D9FB00224021074806F022FC4021054866
:1072C00004F006FD10BD0000003001400100000484
:1072D00007000001400C004010B50121014800F0FA
:1072E000C0F810BD003001400149C862704700007D
:1072F00000600140012806D1064909688022114337
:10730000044A116005E00349096880229143014A5B
:107310001160704700600140012806D106490968E4
:1073200001221143044A116005E003490968490834
:107330004900014A11607047006001400146064A59
:107340001068082302469A43104608220A40104358
:10735000014A10607047000000600140012806D11A
:107360000649C96801221143044AD16005E0034976
:10737000C96849084900014AD1607047006001406E
:1073800010B500F023F8002819D000F02BF80C48B5
:107390000078401C0A4908700A480068401C0949E6
:1073A000086009480068401C0749086004480078E4
:1073B000052804DD0020024908700EF019F810BD00
:1073C0007800002054000020480000200448006994
:1073D000C007C00F002801D0012070470020FCE743
:1073E00000600140012001490861704700600140D0
:1073F00070B504460D460121880600F033FB0320DA
:1074000000F0EAFA012000F0D5FA0120FFF772FF40
:107410000020FFF793FF681E00F014F8601EFFF7CE
:1074200063FF1B200AF016F902211B200AF09EF9C7
:107430001B200AF047F90120FFF790FF0120FFF71A
:107440006BFF70BD01498862704700000060014019
:107450000A4681688908890093079B0F1943816058
:107460007047012904D1026840231A43026003E0F7
:10747000026840239A430260704710B50A460168CB
:1074800010240B46A34319461023134019430160EF
:1074900010BD10B50A46016820240B46A3431946C7
:1074A000202313401943016010BD012904D1026853
:1074B00001231A43026003E002685208520002608E
:1074C000704710B50A46416830240B46A34319465D
:1074D000302313401943416010BD10B50A4641687E
:1074E00080240B46A343194680231340194341606F
:1074F00010BD012904D1426804231A43426003E00D
:10750000426804239A4342607047012904D14269CA
:1075100001231A43426103E042695208520042616A
:107520007047CAB24262704710B50A46816B202488
:107530000B46A3431946202313401943816310BD12
:1075400010B50A46816B10240B46A343194610233D
:1075500013401943816310BD10B50A46816B08249E
:107560000B46A3431946082313401943816310BDFA
:107570000A46816BC908C90053075B0F1943816331
:1075800070470A05120D42637047CAB20261704724
:1075900070B504460D4601212A4800F063FA002226
:1075A0004021294806F0ACFA0121284800F05AFA97
:1075B000002240212448FFF7F6FC01224021224806
:1075C00004F0D0FC00212248FFF763FF102120487F
:1075D000FFF753FF00211E48FFF77FFF00211C48E3
:1075E000FFF736FF00211A48FFF7CFFF611E18484A
:1075F000FFF797FF691E1648FFF7C3FF00211448E5
:10760000FFF753FF20211248FFF75BFF01211048CD
:10761000FFF76FFF20210E48FFF786FF00210C487F
:10762000FFF78EFF00210A48FFF796FF0021084868
:10763000FFF79EFF01210648FFF767FFFFF74CFEAB
:1076400070BD000007000001400C00400100000474
:1076500000300140012803D10A21034A116002E0F1
:107660000521014A1160704700E0014000B5024663
:1076700000230020D060106110605060906000F026
:107680005BFA012811D100F03FFA03461B0C0F2BC7
:1076900002D14048D06008E0072B02D13E48D060BC
:1076A00003E0581C3D494843D06000F00FFA012820
:1076B0000ED100F01FFA03461B0C581C38494843F2
:1076C000106100F00FFA082802D110694000106123
:1076D00000F0AAFA034600BF002B06D0012B07D00A
:1076E000022B08D0032B0DD108E0D06810600CE00D
:1076F0002A48106009E01069106006E00120C0030C
:10770000106002E0D068106000BF00BF00F048FACF
:1077100003461B0A042B06D0052B08D0062B0AD0E3
:10772000072B10D10BE01068400850600EE0106885
:10773000800850600AE01068C008506006E01068D9
:107740000009506002E01068506000BF00BF00F008
:107750003FFA03461B0C042B06D0052B08D0062B42
:107760000AD0072B10D10BE05068400890600EE063
:107770005068800890600AE05068C008906006E099
:1077800050680009906002E05068906000BF00BF40
:1077900000BD0000006CDC02005A620200127A0098
:1077A00040420F0010B50446012C02D11648036870
:1077B0001DE0022C03D114484038C36B17E0032CA2
:1077C00003D111484038836B11E0042C03D10E48DB
:1077D0004038436B0BE0052C02D10B48836806E070
:1077E000062C02D10848C36801E007480368180C5A
:1077F000D94389B2884203D1D8B200F0BBF902E084
:107800006B2000F0B7F910BD40FBFF1F012806D127
:107810000649096BC2071143044A116305E0034995
:10782000096B49004908014A116370470024004070
:107830000146064A106B130502469A4310461A4643
:107840000A401043014A10637047000000240040C2
:10785000012806D10749096B02051143054A116346
:1078600006E00449096B012212059143014A1163A4
:1078700070470000002400400146064A106B0323B5
:107880001B0402469A4310461A460A401043014A16
:107890001063704700240040012806D10749096B96
:1078A00042051143054A116306E00449096B0122B0
:1078B00052059143014A11637047000000240040C3
:1078C0000146064A106B03239B0402469A43104666
:1078D0001A460A401043014A1063704700240040D2
:1078E000012806D10749096B02071143054A1163B4
:1078F00006E00449096B012212079143014A116312
:1079000070470000002400400146064A106B032324
:107910001B0602469A4310461A460A401043014A83
:107920001063704700240040012806D10749096B05
:1079300002021143054A116306E00449096BFF2264
:1079400001329143014A1163704700000024004056
:107950000146054A106B800880008A07920F104389
:10796000014A10637047000000240040012806D13E
:107970000749096B42021143054A116306E00449B5
:10798000096B012252029143014A116370470000C2
:10799000002400400146064A106B0C2302469A431D
:1079A00010460C220A401043014A10637047000041
:1079B00000240040012806D10649496B10221143DA
:1079C000044A516305E00349496B10229143014A7F
:1079D00051637047002400400146054A506B8008FF
:1079E00080008A07920F1043014A506370470000DD
:1079F00000240040012806D10749496B02031143C6
:107A0000054A516306E00449496B01221203914380
:107A1000014A516370470000002400400146064AB5
:107A2000506B03231B0202469A4310461A460A4033
:107A30001043014A5063704700240040012806D1DA
:107A40000749496B82051143054A516306E0044921
:107A5000496B012292059143014A5163704700002E
:107A60000024004030B502460B4600200F242406B7
:107A70001440FF252D066419002C09D06419002C30
:107A800008D06419002C08D06419002C0BD107E031
:107A90000D4809E00C48001D06E00B48083003E0E3
:107AA00009480C3000E000BF00BF00280BD092B2A4
:107AB00001219140002B03D004680C43046002E0D4
:107AC00004688C43046030BD2024004004480069F1
:107AD000C007C00F002801D0012070470020FCE73C
:107AE0000024004002480069082108407047000057
:107AF0000024004002480069024908407047000025
:107B0000002400400000FF03024840680F210904E0
:107B100008407047002400400146064A50680F2381
:107B20001B0402469A4310461A460A401043014A73
:107B3000506070470024004004484068C007C00FF0
:107B4000002801D0012070470020FCE700240040FD
:107B5000012806D10649496801221143044A5160AF
:107B600005E00349496849084900014A51607047E6
:107B7000002400400146044A9068000A0002CAB28C
:107B80001043014A906070470024004010B504463D
:107B90002068FFF7C1FF2079FFF7DAFF10BD000072
:107BA000024800680721090208407047002400408D
:107BB0000146064A106807231B0202469A431046F4
:107BC0001A460A401043014A1060704700240040E2
:107BD000024800680721090408407047002400405B
:107BE0000146064A106807231B0402469A431046C2
:107BF0001A460A401043014A1060704700240040B2
:107C0000012806D10749096842061143054A116057
:107C100006E004490968012252069143014A1160B5
:107C20007047000000240040024800684007400FF1
:107C300070470000002400400146054A1068C00853
:107C4000C0004A07520F1043014A106070470000FD
:107C50000024004010B504462068FFF7EDFF60687F
:107C6000FFF7A6FFA068FFF7BBFF207BFFF7C8FF69
:107C700010BD70B50A460021002300BF08E00124B2
:107C80008C40234614461C40002C00D002E0491CC6
:107C90001029F4D300BF046801258D40AC43046073
:107CA000C5684E000324B440A543C56070BD000004
:107CB000FEB5002700200190002533E000242BE0D2
:107CC0000120661C1DE069016918FE4A8918095DDA
:107CD00011221140002901D1012200E00022690196
:107CE0006918F84BC918895D11231940002901D181
:107CF000012100E000218A4201D1401C00E004E0A3
:107D0000761CF14909688E42DDDB00BF052801DBE6
:107D1000811ECF19741E641CEB480068001FA0422E
:107D2000CEDC6D1CE84800688542C7DB002533E0E7
:107D300000242BE00120661C1DE061016118E14A6E
:107D40008918495D11221140002901D1012200E06A
:107D5000002271017118DB4BC918495D11231940CC
:107D6000002901D1012100E000218A4201D1401CFB
:107D700000E004E0761CD44909688E42DDDB00BFD8
:107D8000052801DB811ECF19741E641CCE480068D3
:107D9000001FA042CEDC6D1CCB4800688542C7DBCB
:107DA00000255BE0002453E068012818C54940180D
:107DB000005D11210840002801D1012100E00021CF
:107DC000681C42018018BF4A8018005D11221040D3
:107DD000002801D1012000E00020814237D1680154
:107DE0002818B8494018005D11210840002801D129
:107DF000012100E0002168012818B24A8218601CA5
:107E0000105C11221040002801D1012000E0002068
:107E100081421CD168012818AA494018005D11212F
:107E20000840002801D1012100E00021681C420126
:107E30008018A44A8218601C105C1122104000288F
:107E400001D1012000E00020814200D1FF1C641C10
:107E50009D480068401EA042A6DC6D1C9A48006840
:107E6000401EA8429EDC0025C0E00024B7E0002CA4
:107E700009D06801281893494118601E085C112137
:107E8000084000287ED1680128188E494018005DFE
:107E900011210840002875D0680128188949411827
:107EA000601C085C1121084000286BD1680128186B
:107EB00084494118A01C085C11210840002861D0A9
:107EC000680128187F494118E01C085C112108400E
:107ED000002857D0680128187A494118201D085CED
:107EE00011210840002879D06801281875494118E7
:107EF000601D085C1121084000286FD16801281816
:107F000070494118A01D085C11210840002865D067
:107F10006D480068C01FA04209D06801281869494F
:107F20004118E01D085C11210840002856D1022CA0
:107F300009DB6801281863494118A01E085C11215B
:107F40000840002817D1032C09DB680128185D4977
:107F50004118E01E085C1121084000280BD1042CB8
:107F60003BDB6801281857494118201F085C112184
:107F70000840002831D0544800680838A0420CDD81
:107F8000680100E02AE028184E49411820460830D0
:107F9000085C11210840002820D14B4800680938AE
:107FA000A0420ADD680128184649411820460930D8
:107FB000085C11210840002810D1434800680A38A5
:107FC000A0420ADD680128183E49411820460A30BF
:107FD000085C11210840002800D12837641C3A4869
:107FE0000068801FA04200DD41E76D1C3648006834
:107FF000854200DA39E70025C5E00024BCE0002C0A
:1080000009D0601E410140182E494018405D1121E1
:10801000084000287ED1600120182A494018405DA0
:1080200011210840002875D0601C410140182549E5
:108030004018405D1121084000286BD1A01C41016F
:10804000401820494018405D11210840002861D0A7
:10805000E01C410140181B494018405D11210840B7
:10806000002857D0201D4101401816494018405D96
:108070001121084000287ED0601D4101401811499F
:108080004018405D11210840002874D1A01D410115
:1080900040180C494018405D1121084000286AD062
:1080A00009480068C01FA04209D0E01D41014018E6
:1080B00004494018405D1121084000285BD1022C82
:1080C0000EDB03E055EA0020D4060020A01E41018B
:1080D000401856494018405D11210840002817D12A
:1080E000032C09DBE01E4101401850494018405D57
:1080F0001121084000280BD1042C3BDB201F41013B
:1081000040184A494018405D11210840002831D0EC
:10811000474800E02FE000680838A0420ADD20460A
:1081200008304101401841494018405D1121084084
:10813000002820D13E4800680938A0420ADD2046C8
:1081400009304101401839494018405D112108406B
:10815000002810D1364800680A38A0420ADD2046BF
:108160000A304101401831494018405D1121084052
:10817000002800D12837641C2D480068801FA042C9
:1081800000DD3CE76D1C2A480068854200DA34E7D0
:10819000002513E000240CE068012818234940184A
:1081A000005D11210840002802D10198401C019077
:1081B000641C1F4800688442EEDB6D1C1C4800688C
:1081C0008542E7DB1A4A1268524311466423019A3A
:1081D0005A431046FCF7B0FC3221081A00280DDD86
:1081E000134A1268524311466423019A5A431046B7
:1081F000FCF7A2FC3221081A00900DE00C4A12682C
:10820000524311466423019A5A431046FCF794FCEA
:108210003221081A4042009005210098FCF78CFC9E
:108220000A214843C7193846FEBD000055EA002020
:10823000D406002003200121890748607047000010
:10824000F8B505460E461746294608A004F0D8F9A9
:10825000002404E0315D0AA004F0D2F9641CBC42A1
:10826000F8DB09A004F0CCF9F8BD00000A20556144
:1082700072742044617461205B25735D3A000000D4
:1082800020253032780000000A00000010B5304888
:108290000079C006C00F002831D02D480079102188
:1082A00088432B490871DC212A48FCF709FD29493C
:1082B000802015F079FC28490870284812F04EF803
:1082C000044625480078401C844210DB01222249E4
:1082D000224812F053F9204802781E491F4812F034
:1082E0004DF91F480078401C1D49087006E01DA18B
:1082F0001EA004F085F91FA004F082F900BF144805
:108300008069002804D1401E1149886102F0BEFD39
:108310000F48C069002804D1401E0D49C86102F011
:108320009FFD194800681949096888420FD8084814
:10833000808A3C2148431549096840181249086061
:108340000348407902218843801C0149487110BDCF
:10835000E88600201884002031000020FC830020E3
:10836000300000204552524F520000000A5B257336
:108370005D0000004C77726220416C726561647927
:108380002046756C6C00000038000020580000206A
:1083900010B5D448C08D00287ED1D3480078C007DE
:1083A000C00F002878D0D1480078002823D0D04CC6
:1083B000CE480078401ECD490870DC212046FCF7ED
:1083C0007FFC0122CB49CC4812F042F8C948027820
:1083D0002146C94812F03CF815F09AF9C3480078D4
:1083E000002807D101210903C448FCF769FCC248F1
:1083F00012F08EF800BFC24840798007C00F0028F5
:108400000AD0BF48407902218843BD49487100F035
:108410008BF96421B348C185B94840794007C00F42
:1084200000280AD0B648407904218843B4494871ED
:1084300000F026FA6420AB49C885B148007980076E
:10844000C00F002833D0AE48007902218843AC49E0
:108450000871DC21A648FCF733FCA549032015F080
:10846000A3FBA4490870A44811F078FF0446A14872
:108470000078401C844212DB01229E499E4812F083
:108480007DF89C4802789A499B4812F077F8974803
:108490000078401C954900E020E1087006E099A1B1
:1084A0009AA004F0ADF89BA004F0AAF800BF94488D
:1084B00040790007C00F002831D091484079082149
:1084C00088438F494871DC218948FCF7F9FB8849CA
:1084D000292015F069FB87490870874811F03EFF95
:1084E000044684480078401C844210DB0122814904
:1084F000814812F043F87F4802787D497E4812F0A7
:108500003DF87A480078401C7849087006E07DA163
:108510007EA004F075F87FA004F072F800BF7848E0
:108520004079C006C00F002831D07548407910212D
:10853000884373494871DC216D48FCF7C1FB6C49E5
:108540002A2015F031FB6B4908706B4811F006FFCB
:10855000044668480078401C844210DB01226549CB
:10856000654812F00BF8634802786149624812F0DE
:1085700005F85E480078401C5C49087006E061A17F
:1085800062A004F03DF863A004F03AF800BF5C4834
:1085900040798006C00F002831D059484079202109
:1085A000884357494871DC215148FCF789FB504901
:1085B0002B2015F0F9FA4F4908704F4811F0CEFE04
:1085C00004464C480078401C844210DB0122494993
:1085D000494811F0D3FF474802784549464811F011
:1085E000CDFF42480078401C4049087006E045A194
:1085F00046A004F005F847A004F002F800BF404888
:1086000040794006C00F002831D03D4840794021D4
:1086100088433B494871DC213548FCF751FB34491C
:108620002D2015F0C1FA33490870334811F096FE39
:10863000044630480078401C844210DB01222D495A
:108640002D4811F09BFF2B48027829492A4811F048
:1086500095FF26480078401C2449087006E029A1AF
:108660002AA003F0CDFF2BA003F0CAFF00BF2448CF
:108670004079C009002831D02148407980218843C1
:108680001F494871DC211A48FCF71AFB18492C20B5
:1086900015F08AFA17490870174811F05FFE044672
:1086A00014480078401C844210DB01221149124812
:1086B00011F064FF0F4802780D490F4811F05EFF7A
:1086C0000A480078401C0949087006E00DA10FA077
:1086D00003F096FF0FA003F093FF00BFFFF7D6FD56
:1086E00010BD0000CC8B0020F4AB00203000002037
:1086F0001884002031000020FC830020FC7300203F
:10870000E88600204552524F520000000A5B257354
:108710005D0000004C77726220416C726561647983
:108720002046756C6C00000070B5524D0024DC21B1
:108730002846FCF7C5FA00204F4908702946012059
:1087400015F032FA04462D194B48007800194A49B1
:1087500008702946812015F027FA04462D1946484D
:108760000078001944490870444880798007C00F98
:1087700000280AD02946032015F016FA04462D19C0
:108780003D48007800193C4908702946292015F019
:108790000BFA04462D19384800780019364908703C
:1087A00029462A2015F000FA04462D19324800788F
:1087B00000193149087029462B2015F0F5F90446B7
:1087C0002D192D48007800192B49087029462C20B6
:1087D00015F0EAF904462D192748007800192649B2
:1087E000087029462D2015F0DFF904462D1922487E
:1087F00000780019204908702946052015F0D4F9A1
:1088000004462D191C48007800191B490870294698
:10881000862015F0C9F904462D191748007800196B
:1088200015490870154800790221884313490871D9
:108830000846407908218843104948710846407924
:10884000102188430D4948710846407940218843EA
:108850000A49487108464079802188430749487190
:1088600008464079202188430449487114F050FF9C
:1088700070BD00001884002031000020E886002030
:1088800070B52C4D0024DC212846FCF719FA002095
:10889000294908702946092015F086F904462D1942
:1088A0002548007800192449087029460A2015F047
:1088B0007BF904462D192048007800191E490870DC
:1088C0002946202015F070F904462D191A48007821
:1088D00000191949087029461A2015F065F904464F
:1088E0002D191548007800191349087029462120D0
:1088F00015F05AF904462D190F48007800190E4951
:1089000008702946192015F04FF904462D190A4818
:10891000007800190849087029461B2015F044F911
:1089200004462D190448007800190349087014F012
:10893000EFFE70BD188400203100002010B5072024
:1089400006F09EFFA52006F0DFFF10BDF8B5FF265C
:108950002D36322700200F490873132006F090FFB0
:10896000002512E000240CE00A48C07A002803D059
:10897000FF2006F0C9FF02E0002006F0C5FF601CE2
:1089800084B2BC42F0DB681C85B2B542EADB00F081
:10899000BFF9F8BDE8860020F7B58AB00646144650
:1089A00037460B9809900020089000250690079004
:1089B0000120059004904E48C07A002801D0002084
:1089C0000490002C6CDD092C08DC0A212046FCF701
:1089D000B3F8C8B26946087601200590632C0FDC15
:1089E0000A212046FCF7A8F8C1B2684601760A21A0
:1089F0002046FCF7A1F868464176022005904FE03A
:108A00003C48844219DC64212046FCF795F8C1B249
:108A1000684601760A212046FCF78EF80A21039069
:108A2000FCF78AF8684641760A212046FCF784F86C
:108A3000684681760320059032E02F48844224DC8A
:108A40007D21C9002046FCF777F8C1B2684601765F
:108A500064212046FCF770F80A210390FCF76CF8BB
:108A6000684641760A212046FCF766F80A21039001
:108A7000FCF762F8684681760A212046FCF75CF82C
:108A80006846C176042005900AE01B48844207DD51
:108A900009216846017641768176C17604200590E9
:108AA0001EE00898411CC9B2089106A90D5CE900B6
:108AB000124A89188978049800910190E8001146BB
:108AC00040184378E8004018406803903946099AF6
:108AD00005F03CFBE800094940184078C01987B20E
:108AE0000598411EC9B205910028DAD10DB0F0BD3C
:108AF000E8860020E70300000F270000AC030020F9
:108B0000FFB587B0109F079D08980690012004903C
:108B1000002003904148C07A002803D0FF20039032
:108B2000002004900A990998FBF7F0FFC0B2059065
:108B30000A210A98FCF700F8014601900998FBF712
:108B4000E5FF0A210290FBF7E1FF0E460A21059896
:108B5000FBF7F2FFC4B2E100314A89188978049822
:108B600000910190E000114640184378E000401861
:108B7000406802902946069A05F0E8FAE000284984
:108B800040184078401985B20A210598FBF7D4FFB8
:108B9000CCB2E100224A89188978049800910190AA
:108BA000E000114640184378E00040184068029009
:108BB0002946069A05F0CAFAE0001949401840789B
:108BC000401985B2002F27DDE81985B201200090F9
:108BD000E0004018817806980818C01E80B23B4615
:108BE000029001462846039A05F0D4FCE81985B2A4
:108BF0003446E1000A4A8918897804980091019066
:108C0000E000114640184378E000401840680290A8
:108C10002946069A05F09AFA0BB0F0BDE8860020C6
:108C2000AC030020FEB50646FF202D300190322710
:108C3000002000901749087305F04AFF00281AD059
:108C4000132006F01DFE00240FE0002509E0204659
:108C50007843401900900099705C06F055FE681C3E
:108C600085B2BD42F3DB601C84B201988442ECDB28
:108C700000F04EF80DE00748807940084000401CA5
:108C800004498871002088730022202102480BF0DB
:108C90002DFEFEBDE8860020D4730020FEB50646FA
:108CA000FF202D30019032270020009005F010FFAA
:108CB00000281AD0132006F0E3FD00240FE0002561
:108CC00009E020467843401900900099705C06F056
:108CD0001BFE681C85B2BD42F3DB601C84B20198A8
:108CE0008442ECDB00F014F80DE00748807940087E
:108CF0004000401C04498871002088730022202114
:108D000002480BF0F3FDFEBDE8860020D47300207E
:108D100010B5172006F0B4FDA52006F0F5FD05F00E
:108D20009FFE10BD10B504F007FE11F0BDFAFFF76D
:108D30000DFEFFF703FE00200149887310BD0000FF
:108D4000E8860020F0B59BB048481A904849FBF7E8
:108D5000B7FF282247A110A8FBF78AFFFF260020B3
:108D60000F904E48C07A002802D00026FF200F90B6
:108D700000204A498873B423FF222D32FF2191310C
:108D800000961A9805F00EFD304605F09DF91A98E8
:108D900005F040FD182242A109A8FBF769FF4648EB
:108DA000807A4549497A444A127A434BDB790393E6
:108DB0000492059106904048817940793E4A1279A3
:108DC0000092029101903C48C3783CA2182109A866
:108DD00008F0AAFB09AB43A2282110A808F0A4FBC5
:108DE00010A800F067FF32278A20089000242DE0A9
:108DF000002528E0600120183F494018405D002808
:108E000010D001200090A0002018C01981B2A80045
:108E10002A180898101880B2052307900F9A05F0B9
:108E2000B9FB0FE001200090A0002018C01981B20A
:108E3000A8002A180898101880B205233246079017
:108E400005F0A8FB6D1C212DD4DB641C212CCFDB8D
:108E50000F982A4B09AAC82101960090022005F01C
:108E60003DFC0248FFF7DEFE1BB0F0BD5CAC00200D
:108E7000983A0000484B54204149522053454E53E4
:108E80004F52200D0A4465764555493A3132333404
:108E9000353637383132333435373800E8860020FC
:108EA0004465764555493A313233343536373831B1
:108EB0003233343537383900F4AB00204465764519
:108EC00055493A2530325825303258253032582508
:108ED0003032582530325825303258253032582516
:108EE00030325800484B54204149522053454E538C
:108EF0004F520D0A2573000055EA0020E8040020B7
:108F00007CB5154D15492846FBF7DAFEFF240026EF
:108F10001348C07A002801D00024FF260020104901
:108F20008873B423FF222D32FF219131284600940B
:108F300005F038FC204605F0C7F8284605F06AFC25
:108F4000084B09A296211E200096019405F0C6FB4D
:108F50000148FFF767FE7CBD5CAC0020983A00003A
:108F6000E8860020E80400204669726D776172652A
:108F7000205570646174696E672E2E2E000000000B
:108F80007CB5154D15492846FBF79AFEFF240026AF
:108F90001348C07A002801D00024FF260020104981
:108FA0008873B423FF222D32FF219131284600948B
:108FB00005F0F8FB204605F087F8284605F02AFC66
:108FC000084B09A2962178200096019405F086FBB3
:108FD0000148FFF727FE7CBD5CAC0020983A0000FA
:108FE000E8860020E80400204C6F6164202E2E2EBD
:108FF0002E2E2E0000B59BB0FE481990FF202D307C
:1090000016903220159000201490FB48007B002819
:109010003AD005F05DFD002828D0102006F030FC85
:10902000002017901AE0002018900FE0159917986B
:109030004843189940181490EE491498085C089019
:1090400006F062FC1898401C80B218901599189888
:109050008842EBDB1798401C80B21790169917983E
:109060008842E0DB0020E44908730DE0E2488079A3
:1090700040084000401CE0498871002088730022AD
:109080002021DE480BF032FCDD49DA48FBF718FE00
:10909000FF2013900020129001201190D648C07A32
:1090A000002805D000201390FF201290002011907E
:1090B0001398B423FF222D32FF219131009019988B
:1090C00005F070FB139804F0FFFF199805F0A2FB60
:1090D0000021012212982423019202910090FF2284
:1090E00091321946002005F039F900210122129829
:1090F000FF232D33019202910090FF221B32242185
:10910000104605F02BF9BC4880798007C00F002875
:109110004AD0BC4800780A280BDA0F21119818238E
:109120000A4600910190FF213B31B74805F00EF847
:109130003AE0B44800781E280BDA0F211198182362
:109140000A4600910190FF213B31B04804F0FEFF38
:109150002AE0AC4800783C280BDA0F21119818233C
:109160000A4600910190FF213B31A94804F0EEFF2F
:109170001AE0A44800785A280BDA0F211198182316
:109180000A4600910190FF213B31A24804F0DEFF26
:109190000AE00F21119818230A4600910190FF213F
:1091A0003B319D4804F0D2FF9C480078C007C00FB7
:1091B00000280BD01021119818230F220091019044
:1091C000FF216531964804F0C1FF0AE01021119893
:1091D00020230F2200910190FF216531914804F076
:1091E000B5FF3C2010901098B9300F90FF20093047
:1091F0000E9090200D901098401D0C901098401DDE
:109200000B9000200A9009907B48807A002802D0B9
:1092100001287DD1F8E1172111981023AD2200918A
:109220000190FF212531804804F090FF172111980B
:109230001023F02200910190FF2125317B4804F09A
:1092400085FF6D48407B012821D16B487030406913
:109250000190FCF751F8764A764B03910290FBF7A8
:1092600045FF0022744B05910490FBF78BFE07919C
:109270000690FCF77DF8089002207D23DB0000902B
:10928000C321FF203C30089AFFF73AFC0DE0022092
:1092900000905948703040697D23DB000246C321AD
:1092A0000890FF203C30FFF72BFC02200090524832
:1092B000703080697D23DB000246FF210731089072
:1092C000FF203C30FFF71CFC4B48407B01280BD1B2
:1092D000112111981023B42200910190FF217831BF
:1092E000564804F033FF0AE0112111981023B422EC
:1092F00000910190FF217831514804F027FF11219E
:1093000011981023FA2200910190FF21783100E09A
:10931000F3E34C4804F01AFF002101221298A8231D
:10932000019202910090FF2291321946FF201B30DA
:1093300005F014F8002101221298EA23019202910B
:109340000090FF2291321946FF201B3005F006F8ED
:10935000294890300078002804D0012819D002282C
:109360002ED12EE02521119828234C220091019026
:10937000FF214331344804F0E9FE1221119868239B
:109380007A2200910190FF212831304804F0DEFE5E
:109390002EE02521119828234C2200910190FF21D5
:1093A00043312B4804F0D2FE1221119860237A2217
:1093B00000910190FF212D31264804F0C7FE17E0EF
:1093C00000BF2521119828234C2200910190FF21F4
:1093D0004331214804F0BAFE122111983C237A222D
:1093E00000910190FF213A311C4804F0AFFE00BF0C
:1093F00000BF35E05CAC0020E8860020D47300207C
:10940000983A000014000020F6F70200C9F70200A5
:109410009CF702006FF7020042F70200F4AB002055
:109420007FF80200AFF8020051F8020023F80200B2
:10943000CDCCCCCCCCCCFC3F0040DF402FF60200A2
:109440000DF6020051F60200EFF80200B200030030
:10945000A8F902009C01030061FA020074020300F3
:109460001221119820233C22009101901421FA48E6
:1094700004F06CFEF94800897D21C90088420FDBA9
:10948000F6480089F64988420ADA1721119818230C
:109490003722009101904621F24804F057FE0EE079
:1094A000EE480089EE49884209DB172111981823FC
:1094B0003722009101904621EB4804F047FEE7482F
:1094C000008902465A2108907820FFF765FA0C219E
:1094D00011981823642200910190D221E34804F0EE
:1094E00035FE002101221298019202910090109AFB
:1094F00010460D9B0E9904F031FF002101221298B5
:109500000192029100900F9A10460D9B0E9904F063
:1095100025FF0021012212980192029100900E9BDA
:1095200019460F9A109804F019FF13991298019197
:1095300000901098323880B2CD4B192292010890D9
:109540000D9904F0B1FF13991298019100900E98B3
:10955000103880B208901098273880B2C44BFF2290
:1095600091320790089904F09FFF0020099047E08E
:1095700009984100B9485038405AFF21913188423A
:1095800002DA01200A9018E009984100B3485038E7
:10959000405A1921890188420DDA09984100AF48E3
:1095A0005038405AFF3891380A210890FBF7C4FA26
:1095B00080B20A9001E078200A900A990E98401A29
:1095C00080B20B9009984100A4485038405A0028B6
:1095D0000FD00021022212980192029100900E9861
:1095E000401E80B2034608900C9A10460B9904F076
:1095F000B5FE0C98401D80B20C900998401C099053
:1096000009982428B4DBEBE2172111981023AD222E
:1096100000910190FF212531964804F097FD172114
:1096200011981023F02200910190FF2125319248DA
:1096300004F08CFD89487038407B012820D1874890
:1096400040690190FBF758FE8C4A8D4B03910290C4
:10965000FBF74CFD00228B4B05910490FBF792FC2D
:1096600007910690FBF784FE089002207D23DB0023
:109670000090C321FF203C30089AFFF741FA0CE02C
:1096800002200090754840697D23DB000246C3211B
:109690000890FF203C30FFF733FA022000906F481B
:1096A00080697D23DB000246FF2107310890FF20FF
:1096B0003C30FFF725FA69487038407B01280BD110
:1096C000112111981023B42200910190FF217831CB
:1096D0006D4804F03BFD0AE0112111981023B422DB
:1096E00000910190FF217831684804F02FFD11218D
:1096F00011981023FA2200910190FF2178316448DB
:1097000004F024FD002101221298A8230192029165
:109710000090FF2291321946FF201B3004F01EFEFC
:10972000002101221298EA23019202910090FF2267
:1097300091321946002004F011FE002101221298F6
:10974000FF232D330192029100905E22EA21104600
:1097500004F004FE002101221298FF232D33019210
:1097600002910090BC22EA21104604F0F7FD3B482C
:1097700020300078002804D0012819D002282ED1EA
:109780002EE02521119828234C2200910190FF21E1
:109790004331404804F0DAFC1221119868237A2200
:1097A00000910190FF2128313B4804F0CFFC2EE0CE
:1097B0002521119828234C2200910190FF2143314B
:1097C000364804F0C3FC1221119860237A220091DC
:1097D0000190FF212D31324804F0B8FC17E000BFA2
:1097E0002521119828234C2200910190FF2143311B
:1097F0002C4804F0ABFC122111983C237A220091F2
:109800000190FF213A31284804F0A0FC00BF00BFBE
:10981000CC200E907C200D901221119820233C2208
:109820000091019014210C4804F090FC0B48008931
:109830007D21C900884239DB0848008908498842EF
:1098400034DA17211198182337220091019046210C
:10985000044804F07BFC38E08EFC020058870020AE
:10986000DC05000073F60200FDF602008E00030026
:10987000E004002051F8020023F80200CDCCCCCC4B
:10988000CCCCFC3F0040DF402FF602000DF602007A
:1098900051F60200EFF80200B2000300A8F902003E
:1098A0009C01030061FA020074020300E848008989
:1098B000E849884209DB17211198182337220091C3
:1098C00001904621E44804F041FCE1480089024649
:1098D000502108907820FFF75FF80C211198182389
:1098E0005A2200910190D221DC4804F02FFC002183
:1098F00001221298019202910090109A10460D9B3D
:109900000E9904F02BFD0021012212980192029180
:1099100000900F9A10460D9B0E9904F01FFD002138
:10992000012212980192029100900E9B19460F9A03
:10993000109804F013FD139912980191009010985B
:10994000323880B2C64B1922920108900D9904F06A
:10995000ABFD13991298019100900E98103880B2C7
:1099600008901098273880B2BD4BFF2291320790A3
:10997000089904F099FD0020099051E009984100F0
:10998000B3485038405AFF219131884202DA012011
:109990000A9022E009984100AD485038405A1921F8
:1099A0008901884217DA09984100A9485038405A7D
:1099B000FF389138400003210790FBF7BDF80A21DA
:1099C0000890FBF7B9F880B20A900A98012804DAE7
:1099D00001200A9001E050200A900A990E98401A3E
:1099E00080B20B900998410099485038405A00289D
:1099F0000FD00021022212980192029100900E983D
:109A0000401E80B2034608900C9A10460B9904F051
:109A1000A5FC0C98401D80B20C900998401C099040
:109A200009982428AADB0A2111982823FA220091F8
:109A3000019019218B4804F089FB85488079030047
:109A400007F0E3FD0604101C2834404C0D2111984A
:109A50002023FF221432009101901D21824804F03E
:109A600075FB3CE00D2111982023FF221432009158
:109A700001901D217D4804F069FB30E00D21119813
:109A80002023FF221432009101901D21784804F018
:109A90005DFB24E00D2111982023FF221432009158
:109AA00001901D21734804F051FB18E00D2111981D
:109AB0002023FF221432009101901D216E4804F0F2
:109AC00045FB0CE00D2111982023FF221432009158
:109AD00001901D21694804F039FB00E000BF00BF80
:109AE000162111981823F5220091019082216448D3
:109AF00004F02CFB5648007C00E070E0030007F007
:109B000084FD0604101C2834404C0D21119820239C
:109B1000FF221432009101907F21534804F016FB7C
:109B20003CE00D2111982023FF2214320091019076
:109B30007F214E4804F00AFB30E00D2111982023CC
:109B4000FF221432009101907F21494804F0FEFA6F
:109B500024E00D2111982023FF221432009101905E
:109B60007F21444804F0F2FA18E00D2111982023D7
:109B7000FF221432009101907F213F4804F0E6FA61
:109B80000CE00D2111982023FF2214320091019046
:109B90007F213A4804F0DAFA00E000BF00BF12214A
:109BA00011981823F52200910190BE21354804F048
:109BB000CDFA0A2111981823FF221F32009101903B
:109BC000FC21314804F0C2FA21483038008E0246A8
:109BD000FF2107310890D220FEF7DEFE00E000BF33
:109BE00000BF2AA12AA002F00BFD19487038807B23
:109BF0000146089028A002F003FD15487038408AFD
:109C0000052803DA05201249703948821048703857
:109C1000807B012808DB0E487038807B042803DC39
:109C20002348FFF73BF80AE00020094970398873A0
:109C300010F03AFB1E48FEF7F5FF10F0EDFA04486D
:109C40007038807B401C0249703988731BB000BD9E
:109C500058870020DC050000FDF602008E0003009E
:109C6000E00400205CFC0200D6FC02000AFD0200B9
:109C70003EFD020072FD0200A6FD0200DAFD0200B8
:109C80001AFB02005CFB020090FE02004C4F4700F2
:109C90000A5B25735D0000004550442057696C6CD9
:109CA000205570646174652E2E2E202564000000FE
:109CB0005CAC0020F1B590B001200F900E90EC202C
:109CC00008900027002600200D90B4490860B44990
:109CD00008600D98002801DD0D9802E01098FBF750
:109CE0000EF80C900C98002801D111B0F0BD0C9A20
:109CF00010990F9802F096F90B900B98002800D15C
:109D0000F3E70F98002803D1A6490B98086010E0EC
:109D10000F990B98884203DCA2490F98086008E06D
:109D20000E98002803D09F490B98086001E000209E
:109D3000DBE79C4800684A2148439B494018001DC6
:109D4000964909684900405A0A900A98C000974904
:109D50000968401A042801DD042004E00A98C000C4
:109D600092490968401A09900998002807DD0021E6
:109D70008E48099A006805F029FF8C4908608B49D4
:109D80000968C81DC117490F0918CC100AE0884995
:109D9000089808550898EC2801D1112000E0EC2023
:109DA0000890641C0A988442F1DB7E4800684A21CE
:109DB00048437D49401840887E490860084601684C
:109DC0007D48FAF77DFF774800684A214843764985
:109DD00040181A307149096806225143405A0790C9
:109DE000704800684A2148436F49401832306B4937
:109DF00009685143415A0691069907984018059001
:109E0000684800684A214843674940181A30634946
:109E100009685143401880880490624800684A21CC
:109E200048436149401832305C4909685143401841
:109E300080880390002410E0002509E038467F1C4C
:109E40005B49095C0598684380195B4A11546D1C95
:109E500004988542F2DB761C641C07988442EBDB95
:109E600000241EE0002517E00498854209DA3846F0
:109E70007F1C4F49095C0598684380194E4A11546C
:109E800009E038467F1C4A490A5C04990598484312
:109E9000001949490A546D1C03988542E4DB761C7D
:109EA000641C06988442DDDB3E4800684A21484332
:109EB0003D4940181A303949096806225143401873
:109EC00041880498081A0290364800684A2148439D
:109ED00035494018323031490968514340184188AA
:109EE0000398081A019000270026002421E09921F8
:109EF0003248FAF7E5FE2E48C1193048049AFAF7BD
:109F0000B7FE2E48029A049902F002F9002509E0F2
:109F10002A48425D059868430A99401880192649E5
:109F20000A546D1C02988542F2DB04983F18761C97
:109F3000641C07988442DADB002421E099211F4841
:109F4000FAF7BEFE1A48C1191C48039AFAF790FEA8
:109F50001A48019A039902F0DBF8002509E0174836
:109F6000425D059868430A994018801912490A54BD
:109F70006D1C01988542F2DB03983F18761C641C27
:109F800006988442DADB07480068800011300C49EB
:109F9000086001F05FF90120A7E60000E406002058
:109FA000F0060020E8060020586A0300D8060020CA
:109FB00096EE0020E006002046F30020D6F40020B4
:109FC000D4060020F7B588B0002400200590FF21BA
:109FD0009131FE48FAF774FE00200546FC490860FE
:109FE00045E00998401EA84209DD6F1C089AD15D22
:109FF000505D02F021FC002801D0032310E00899F5
:10A00000485D02F032FC002801D0002308E00899E6
:10A01000485D02F0EEFB002801D0012300E002239E
:10A02000002D01D1EB480370EA48E9490968405C1A
:10A03000984206D0E6480068401CE5490860E549BA
:10A040000B54E248E2490968405C401CC1B2DF4859
:10A05000DF4A12688154032B08D1DD490968405C4E
:10A06000401CDA49DA4A126888546D1C6D1C099844
:10A070008542B6DBD6480068401CD549086065E1DA
:10A0800000200190D348005D002804D1D149601C14
:10A09000085C012808D0CF48005D01287ED1CD4959
:10A0A000601C085C0028F9D1C84A115DC94A105DDE
:10A0B0000A9A01F065FF0746C44A601C115CC54A54
:10A0C000135C18460A9A01F05BFF39180791BF48E4
:10A0D000025D0346601C185C111801200A9A01F009
:10A0E0004FFF069007990698814257DD012C28DB27
:10A0F000601EB849085C022823D1601EB34A105C78
:10A10000125D811802200A9A01F03AFF0746AF4A11
:10A11000601C115CAF4A135C18460A9A01F030FFCC
:10A1200038180390601EA94A115C02200A9A01F0B7
:10A1300027FF069941180398814204DA0020039012
:10A1400001E000200390A2480068801EA04229DDA3
:10A15000A049A01C085C022824D19C4A115D9D4A9C
:10A16000105D0A9A01F00CFF0746984A601C105CCB
:10A17000A31CD25C811802200A9A01F001FF381852
:10A180000290924AA01C115C02200A9A01F0F8FE8B
:10A19000069941180298814206DA00E0D4E00020D6
:10A1A000029001E000200290039800280CD0029851
:10A1B000002809D002990398884202DA0020C0439F
:10A1C00000E0012001900CE00398002802D000205C
:10A1D000C04305E00298002801D0012000E00020E3
:10A1E00001900198002840D00198401C002819D106
:10A1F000601E7649085C095D4018C1B2601E734A52
:10A200001154254608E07349681C085C48556F499D
:10A21000681C085C48556D1C6D480068401EA842CB
:10A22000F1DC1CE002216B4A601C11546749095C97
:10A23000664AA01C105C0818C1B2601C1154A51C11
:10A2400008E06449681C085C48556049681C085C63
:10A2500048556D1C5E480068401EA842F1DC5C4811
:10A260000068401E5A4908606DE059480068801E29
:10A27000A04223DD5749A01C085C01281ED1534988
:10A28000601C095C514AA01C105C0818C1B2601C1B
:10A290001154A51C08E04F49681C085C48554B49FF
:10A2A000681C085C48556D1C49480068401EA8425F
:10A2B000F1DC47480068401E4549086001204549D7
:10A2C00008554248015D0246601C105C08181146A2
:10A2D0000855651C08E03F49681C085C48553B4927
:10A2E000681C085C48556D1C39480068401EA8422F
:10A2F000F1DC37480068401E35490860012C22DB3C
:10A30000601E3449085C01281DD1601E2F49085C7D
:10A31000095D4018C1B2601E2C4A1154254608E060
:10A320002C49681C085C48552849681C085C48553D
:10A330006D1C27480068401EA842F1DC24480068D4
:10A34000401E2349086001E0641C00BF20480068EB
:10A35000401EA04200DD93E60024BFE01B4A115DD1
:10A360001C4A105D0A9A01F00BFE0746174A601C52
:10A37000115C184A135C18460A9A01F001FE38185D
:10A3800007901248025D0346601C185C11180220F9
:10A390000A9A01F0F5FD0690012C0BDB601E0D49B9
:10A3A000085C022806D10C490A98085C001D069931
:10A3B000081A069006480068801EA04214DD054970
:10A3C000A01C085C02280FD1034907E0B6F1002069
:10A3D000DC06002026F00020E47C03000A98085CDC
:10A3E000001D0699081A069006990798884273DDA1
:10A3F000012C23DB601EEB49085C02281ED1601E85
:10A40000E949085C095D4018C1B2601EE64A115472
:10A41000254608E0E349681C085C4855E249681C89
:10A42000085C48556D1CE1480068401EA842F1DCFC
:10A43000DE480068401EDD490860641EDB48006895
:10A44000801EA04223DDD749A01C085C02281ED133
:10A45000D549601C095CD44AA01C105C0818C1B224
:10A46000601C1154A51C08E0CE49681C085C4855C6
:10A47000CD49681C085C48556D1CCC480068401EDE
:10A48000A842F1DCC9480068401EC84908600220A3
:10A49000C4490855C448015D0246601C105C081898
:10A4A00011460855651C08E0BE49681C085C485503
:10A4B000BD49681C085C48556D1CBC480068401EBE
:10A4C000A842F1DCB9480068401EB8490860012C78
:10A4D00000DB641E02E0FFE7641C00BFB3480068B5
:10A4E000401EA04200DD39E70020B1490860FF218D
:10A4F0009131B048FAF7E4FB00253EE1A948405D00
:10A50000002879D104220121A948006805F05EFBEA
:10A51000A7490860A84B0A981A5CA348415DA44863
:10A52000006805F053FBA2490860002659E09E48E8
:10A53000405D801EB04221DD059881190898405C7D
:10A5400030386421414305988019401C089A105CFA
:10A5500030380A2250430A1805988119891C089836
:10A56000405C3038101880B204900A229048049958
:10A57000006805F02BFB8E49086031E08A48405D99
:10A58000801EB04218D1059881190898405C303877
:10A590000A21484305998919491C089A515C3039A8
:10A5A000401880B20490072281480499006805F0A1
:10A5B0000DFB7F49086013E07B48405D401EB042C0
:10A5C0000ED1059881190898405C303880B204900B
:10A5D000042277480499006805F0F8FA7449086085
:10A5E000F61C7148405DB042A1DC6F48415D0598A2
:10A5F00008180590C0E0FFE76A48405D01284ED189
:10A60000042202216A48006805F0E0FA68490860FF
:10A610006A4B0A981A5C6448415D6548006805F019
:10A62000D5FA6349086000262FE05F48405D401E70
:10A63000B0421ADD05998A190899885CFCF780FCFC
:10A640002D2102464A4305998919491C089B585CEB
:10A65000FCF776FC101804900B225548049900680A
:10A6600005F0B4FA524908600EE005998A19089974
:10A67000885CFCF765FC049006224D48049900684C
:10A6800005F0A4FA4A490860B61C4748405DB0424C
:10A69000CBDC4548415D0598081805906CE04148C1
:10A6A000405D02282AD1042211464148006805F085
:10A6B0008DFA3F490860424B0A981A5C3A48415D5E
:10A6C0003B48006805F082FA3949086000260BE033
:10A6D000059882190898815C08223548006805F0C1
:10A6E00075FA33490860761C2F48405DB042EFDCB4
:10A6F0002D48415D0598081805903DE00422082189
:10A700002B48006805F062FA294908602648475D31
:10A71000F80FC01941102B4B0A981A5C24480068A6
:10A7200005F054FA22490860002619E072000599E4
:10A7300052180899895C0B02720005995118491C3E
:10A74000089A515C591888B202F098F807460D2211
:10A7500039461748006805F039FA15490860761C33
:10A760001149485DC10F09184910B142DEDC0E489D
:10A77000415D0598081805906D1C0C4800688542DD
:10A7800005DA0B480068401C002800D0B6E60848EF
:10A790000068401C002802D001200BB0F0BD002052
:10A7A000FBE7000026F00020B6F10020DC060020C8
:10A7B000D806002096EE0020DE7C0300E17C03003A
:10A7C000E47C0300E77C0300F0B58BB0242102A8F1
:10A7D000FAF776FA712000030190092202A9019884
:10A7E00000F00EFA02AE00273F4D002417E0B8003B
:10A7F0003058000E2855B80030580002010E601C79
:10A800002954B800305A0004010EA01C29543846BF
:10A810007F1C8000315CE01C29542D1D241D042C5C
:10A82000E5D3314D2D1D002417E0B8003058000E3F
:10A830002855B80030580002010E601C2954B80099
:10A84000305A0004010EA01C295438467F1C800099
:10A85000315CE01C29542D1D241D102CE5D3224D04
:10A860001435002417E0B8003058000E2855B80001
:10A8700030580002010E601C2954B800305A000400
:10A88000010EA01C295438467F1C8000315CE01C5E
:10A8900029542D1D241D102CE5D31348C01EC0784B
:10A8A000002804D01048C01EC078FF281AD10E48D6
:10A8B000C01EC079002804D00B48C01EC079FF28F4
:10A8C00010D1042209490848FAF7D2F910220849A0
:10A8D0000548001DFAF7CCF9102206490248143049
:10A8E000FAF7C6F90BB0F0BD17AC0020A4000020A9
:10A8F000A8000020B8000020F0B589B0202101A8F0
:10A90000FAF7DEF9E120C0020090082201A90098C0
:10A9100000F076F901AE00273D4D002417E0B800A5
:10A920003058000E2855B80030580002010E601C47
:10A930002954B800305A0004010EA01C295438468E
:10A940007F1C8000315CE01C29542D1D241D082C27
:10A95000E5D32F4D0835002417E0B8003058000E1D
:10A960002855B80030580002010E601C2954B80068
:10A97000305A0004010EA01C295438467F1C800068
:10A98000315CE01C29542D1D241D082CE5D3204DDD
:10A990001035002417E0B8003058000E2855B800D4
:10A9A00030580002010E601C2954B800305A0004CF
:10A9B000010EA01C295438467F1C8000315CE01C2D
:10A9C00029542D1D241D102CE5D31148C01EC07A1A
:10A9D000002804D00E48C01EC07AFF2815D10C48AC
:10A9E000C01EC07C002804D00948C01EC07CFF28BF
:10A9F0000BD11022074906481030FAF739F908221E
:10AA0000054903480830FAF733F909B0F0BD0000F2
:10AA1000F7AB0020940000208C0000201CB5E72438
:10AA2000E40202226946204600F0EAF81449009840
:10AA3000087208468079082188430199C9000822D4
:10AA4000114008430E4988710098012801D900205F
:10AA500008720198012805D909488079082188439E
:10AA60000749887107A109A001F0CAFD044880794F
:10AA70000007C20F0248017A06A001F0C1FD1CBD0B
:10AA8000E8860020464C4153480000000A5B2573CD
:10AA90005D0000005265616420466C61736820446B
:10AAA0006576696365204C65642053686F77204D37
:10AAB0006F64653A2025642C204265657020456EE0
:10AAC00061626C652053746174653A2025640000EE
:10AAD0003EB57324240303226946204600F090F813
:10AAE0001349009888720198C87202984873084602
:10AAF000807A012801DD002088720D48C07A012883
:10AB000002DD00200A49C8720948407B012802DDA5
:10AB100000200749487307A108A001F071FD04480F
:10AB2000437BC27A817A074801F06AFD3EBD00008E
:10AB3000E8860020464C4153480000000A5B25731C
:10AB40005D000000CC8303001CB5E324E402022274
:10AB50006946204600F054F814490098487001985E
:10AB6000887008464078FE2803DC084640780128B3
:10AB700002DA0A200D4948700C488078002802D07B
:10AB800000200A4988700AA10BA001F039FD07488E
:10AB90008078002801D00AA000E00BA002460348FC
:10ABA00041780BA001F02CFD1CBD0000F4AB00208F
:10ABB000464C4153480000000A5B25735D000000CD
:10ABC000436C617373204300436C617373204100D5
:10ABD0005265616420466C617368204465766963E0
:10ABE00065204C6F526157414E20506F72743A206D
:10ABF00025642C20436C6173733A20257300000098
:10AC000070B503461C46002004E0256886008D517F
:10AC1000241D401C9042F8DB70BD10B500F00CF80C
:10AC2000FFF76AFEFFF7D0FDFFF78EFFFFF750FF3B
:10AC3000FFF7F4FE10BD00001CB5E524E40202227B
:10AC400069462046FFF7DCFF174900988882019883
:10AC5000C8820846808A2D214901884203DC1248B7
:10AC6000808A0A2807DA1048808A002803D02D201D
:10AC700040010D4988820C48C08A2D214901884233
:10AC800003DC0948C08A012802DA3C200649C88250
:10AC900006A108A001F0B4FC0348C28A818A0748D3
:10ACA00001F0AEFC1CBD0000E8860020464C41537C
:10ACB000480000000A5B25735D000000108403005B
:10ACC00010B52D2040010B4988823C20C88200200D
:10ACD0008872C872487308720846807908218843D0
:10ACE0000449887100F0D2F800F0BAF800F034F9A5
:10ACF00010BD0000E8860020F0B58BB07120000385
:10AD00000A900027242101A8F9F7DAFF264C002633
:10AD100010E020780506607800044519A07800024C
:10AD20004519E0784519241D38467F1C800001A98B
:10AD30000D50361D042EECD31B4C241D002610E0B4
:10AD400020780506607800044519A07800024519AE
:10AD5000E0784519241D38467F1C800001A90D505C
:10AD6000361D102EECD3104C1434002610E0207841
:10AD70000506607800044519A07800024519E078BE
:10AD80004519241D38467F1C800001A90D50361D31
:10AD9000102EECD30A9800F01DFA092201A90A9896
:10ADA00000F0A0F80BB0F0BD17AC0020F0B589B0F2
:10ADB000E120C0020890002720216846F9F780FFB3
:10ADC000264C002610E0207805066078000445191E
:10ADD000A07800024519E0784519241D38467F1CEB
:10ADE000800069460D50361D082EECD31B4C0834EC
:10ADF000002610E020780506607800044519A07848
:10AE000000024519E0784519241D38467F1C800052
:10AE100069460D50361D082EECD3104C1034002618
:10AE200010E020780506607800044519A07800023B
:10AE30004519E0784519241D38467F1C8000694675
:10AE40000D50361D102EECD3089800F0C3F90822DF
:10AE50006946089800F046F809B0F0BDF7AB00204D
:10AE60001CB5E724E4020848007A0090064880797F
:10AE70000007C00F0190204600F0ACF9022269469D
:10AE8000204600F02FF81CBDE88600203EB5732454
:10AE900024030948807A00900748C07A0190064848
:10AEA000407B0290204600F095F903226946204637
:10AEB00000F018F83EBD0000E88600201CB5E32431
:10AEC000E4020748407800900548807801902046C9
:10AED00000F080F902226946204600F003F81CBD0C
:10AEE000F4AB002070B504460D4616460121174804
:10AEF000FCF7B8FD0120FCF7A1FD00F091F802205D
:10AF000000F06CF8124800F0A5F8124800F0A2F822
:10AF10000DE0022000F062F8286820602D1D241D3D
:10AF200000BF00F085F80028FBD000F08DF8304617
:10AF3000761E0028EDD100F08DF80020FCF77EFD94
:10AF400000210248FCF78EFD70BD000005000002E4
:10AF5000A5A5A5A5F1F1F1F11CB5E524E40207488A
:10AF6000808A00900548C08A0190204600F032F99E
:10AF7000022269462046FFF7B5FF1CBDE886002087
:10AF800038B57F24240305480090204600F022F9BC
:10AF9000012269462046FFF7A5FF38BD78563412D6
:10AFA0000146054A506940084000CA07D20F1043C5
:10AFB000014A506170470000001000400146064AF7
:10AFC000506903231B0202469A4310461A460A4060
:10AFD0001043014A50617047001000400146064A84
:10AFE0005069022302469A43104602220A40104347
:10AFF000014A506170470000001000400448006A98
:10B00000C007C00F002801D0012070470020FCE7D6
:10B010000010004001200149086270470010004004
:10B020000120400201490862704700000010004002
:10B030000448006A02210840002801D0012070471E
:10B040000020FCE700100040022001490862704720
:10B050000010004001498861704700000010004066
:10B060000146054A1068800880008A07920F104345
:10B07000014A1060704700000010004010B50EA09B
:10B0800001F0BEFA1448007A002803D101201249C9
:10B09000087206E01048007A012802D100200E490B
:10B0A00008720D4840790821884308300A494871E0
:10B0B0006420C86110BD00000A7072657373206659
:10B0C000756E63206B657920646F75626C652068AE
:10B0D000616E646C65720A00E886002010B514A0E9
:10B0E00001F08EFA1A48807AFF2803D0FF20184911
:10B0F000887213E01648C07A002803D00020144953
:10B10000C87202E001201249C872114840794021FA
:10B11000884340300E4948716420886100200C4902
:10B120008873002220210B4809F0E0FB10BD0000CD
:10B130000A70726573732066756E63206B65792083
:10B140006C6F6E672068616E646C65720A00000047
:10B15000E8860020D473002010B514A001F050FA46
:10B160001A48807A002802D0012808D103E0012083
:10B170001649887207E000201449887203E0002015
:10B180001249887200BF00BF10484079802188436F
:10B1900080300E494871002220210D4809F0A6FB9D
:10B1A00064200A4988610020887310BD0A707265A6
:10B1B00073732066756E63206B65792073686F7298
:10B1C000742068616E646C65720A0000E886002075
:10B1D000D473002070B5054601211A48FCF742FCE3
:10B1E0000120FCF72BFC0020FFF7E8FE0120FFF711
:10B1F000D7FE1548FFF72EFF1448FFF72BFF144822
:10B20000286000E000BFFFF7F9FE0128FAD1FFF740
:10B2100001FF0020FFF71EFF0020FCF70FFC0021BC
:10B220000848FCF71FFC002408E0A0002858401C38
:10B23000002801D0002070BD601C84B2802CF4DB9B
:10B240000120F8E70500000296969696EAEAEAEAF7
:10B25000CDAB3412F8B52A492A48F9F731FD04F08C
:10B260000FFE04F0EBFC28480068401C00281FD1AA
:10B27000254908600846006804F0DEFE22480068A0
:10B2800004F056FDFCF714FD074601240EE02046AD
:10B2900004F0D2FE204604F04BFDFCF709FD064603
:10B2A000BE4202DA374618480460641C072CEEDD03
:10B2B0001548006804F0C0FE1348006804F038FD2B
:10B2C000002418E0002511E0600120180D49401805
:10B2D000405D11210840002801D0012000E000203D
:10B2E00061016118074A891848556D1C07480068B4
:10B2F0008542E9DB641C054800688442E2DBF8BD56
:10B300004104000055EA0020F0060020D406002089
:10B3100010B51FA001F074F92DA001F071F93CA047
:10B3200001F06EF90622032149A001F069F913F03A
:10B3300029FE10F0F3F9FFF770FC7F20000300688E
:10B340005349884203D17F200003FFF743FF0121C7
:10B350008902504800F0BEFC012189034D4880302D
:10B3600000F0B6FC40214B48403000F0B1FC00201A
:10B37000C04349498861C861642048490870012177
:10B3800047480172962044494882FAF705FB10BDF0
:10B390000A2A2A2A2A2A2A2A2A2A2A2A2A2A2A2A2D
:10B3A0002A2A2A2A2A2A2A2A2A2A2A2A2A2A2A2AFD
:10B3B0002A2A2A2A2A2A2A2A2A2A2A2A2A2A2A2AED
:10B3C0002A2A2A2A2A2A2A2A2A2A2A2A2A0A000051
:10B3D0002A2A2A2A2A2A2A2A2A2A2A2A2A2A2A2ACD
:10B3E0002A2A2A2A2A2A2A2A2A2A2A2A2A2A2A2ABD
:10B3F0002A2A2A2A2A2A2A2A2A2A2A2A2A2A2A2AAD
:10B400002A2A2A2A2A2A2A2A2A2A2A2A0A0000003A
:10B410002A2A2A2A2A2A2A2A2A2A2A2A2A2A2A2A8C
:10B4200020484B54203A20416972204D6F6E697458
:10B430006F72696E672053656E736F72202A2A2AB5
:10B440002A2A2A2A2A2A2A2A2A2A2A2A0A000000FA
:10B450002A2A2A2A2A2A2A2A204841524457415273
:10B46000455F5645523A20307825303478202C53A9
:10B470004F4654574152455F5645523A2030782541
:10B48000303478202A2A2A2A2A2A2A2A0A00000066
:10B4900078563412000C0040E8860020140000208A
:10B4A00034AC00200107090F014AD1607047000049
:10B4B00000FC014010B50446204602F05BFB20462C
:10B4C000FFF7F0FF10BD0000F7B503460D46002161
:10B4D000002207E0012696402E40002E01D01146A2
:10B4E00002E0521C102AF5D300BF102A00D1FEBD85
:10B4F000314FDE1BBB4211D008DC304E9E19002EAE
:10B5000009D0402E08D0802E51D106E0402E06D022
:10B51000802E4CD104E000BF00BF00BF00BF00BFC1
:10B52000254E4036B34203D0234E8036B34202D17B
:10B530000B2903D93CE00F2900D939E0032901D8B0
:10B5400000200CE0042903D3072901D8012006E0DC
:10B55000082903D30B2901D8022000E00320164E4E
:10B56000803EB34200D1001D134E403EB34200D195
:10B570000830114EB34200D10C300F4E4036B3426A
:10B5800000D110300C4E8036B34200D114300C4E36
:10B590003469029E012E02D18640344304E0012624
:10B5A00086402746B7433C46054E346100E000BF65
:10B5B00000BF00BF9BE70000C00C004000F4FFBFCD
:10B5C000C00D0040F0B502460D46002300270024C0
:10B5D00007E00120A0402840002801D0234602E0D7
:10B5E000641C102CF5D300BF102C01D13846F0BDDF
:10B5F0002E4E901BB24211D008DC2D4810180028A6
:10B6000009D0402808D080284CD106E0402806D038
:10B61000802847D104E000BF00BF00BF00BF00BFCB
:10B6200022484030824203D020488030824202D1FA
:10B630000B2B03D937E00F2B00D934E0032B01D8B3
:10B6400000210CE0042B03D3072B01D8012106E0D5
:10B65000082B03D30B2B01D8022100E00321134850
:10B660008038824200D1091D10484038824200D102
:10B6700008310E48824200D10C310C4840308242E1
:10B6800000D1103109488030824200D1143109487C
:10B69000406901268E40304001268E40B04200D1E4
:10B6A000012700E000BF00BF3846A0E7C00C004003
:10B6B00000F4FFBFC00D0040F0B502460C4600216B
:10B6C000002307E001269E402640002E01D01946A7
:10B6D00002E05B1C102BF5D300BF102B00D1F0BD96
:10B6E0002D4FD61BBA4211D008DC2C4E9619002ED5
:10B6F00009D0402E08D0802E49D106E0402E06D039
:10B70000802E44D104E000BF00BF00BF00BF00BFD7
:10B71000214E4036B24203D01F4E8036B24202D193
:10B720000B2903D934E00F2900D931E0032901D8CE
:10B7300000200CE0042903D3072901D8012006E0EA
:10B74000082903D30B2901D8022000E00320124E60
:10B75000803EB24200D1001D0F4E403EB24200D1A9
:10B7600008300D4EB24200D10C300B4E4036B24282
:10B7700000D11030084E8036B24200D11430084E4D
:10B780007569012686403543054E756100E000BFAE
:10B7900000BF00BFA3E70000C00C004000F4FFBFE3
:10B7A000C00D0040F0B505460E4617461C46032264
:10B7B0003146284600F014F83146284600F096F845
:10B7C0003A463146284600F00BF831462846FFF746
:10B7D00073FF224631462846FFF776FEF0BD000093
:10B7E000F7B5034615460021002408E00126A640CF
:10B7F000019F3E40002E01D0214602E0641C102C27
:10B80000F4D300BF102C00D1FEBD354FDE1BBB4270
:10B8100011D008DC334E9E19002E09D0402E08D0DE
:10B82000802E58D106E0402E34D0802E53D132E005
:10B8300000BF00BF00BF0F2900D94DE0032901D888
:10B8400000200CE0042903D3072901D8022006E0D8
:10B85000082903D30B2901D8042000E00620204E3C
:10B86000803EB34200D108301D4E403EB34200D16D
:10B8700010301B4EB34200D118301B4EB268032665
:10B8800086401746B7433A462E4686403243164E08
:10B89000B26021E000BF0B2900D91DE0032901D8C7
:10B8A000002006E0042903D3072901D8022000E084
:10B8B00004200B4E8036B34200D108300A4EF268A5
:10B8C000032686401746B7433A462E468640324303
:10B8D000054EF26000BF00BF00BF00BF94E700004C
:10B8E000C00C004000F4FFBFC00D0040F0B50246A0
:10B8F0000D460020002407E00126A6402E40002E21
:10B9000001D0204602E0641C102CF5D300BF102C9F
:10B9100000D1F0BD3F4FD61BBA4234D008DC3E4EBA
:10B920009619002E2CD0402E2BD0802E6ED129E0DF
:10B93000402E02D0802E69D100E000BF0B2800D934
:10B9400065E0032801D8002106E0042803D3072876
:10B9500001D8022100E004212E4E8036B24200D1EF
:10B9600008318007800F2D4E736803268E401F46D6
:10B97000B7433B4606468E403343284E736046E04D
:10B9800000BF00BF00BF234EC03EB24207D0214ED1
:10B99000803EB24203D01F4E403EB24202D10F2839
:10B9A00000D934E01B4EB24202D10B2800D92EE060
:10B9B000032801D800210CE0042803D3072801D86C
:10B9C000022106E0082803D30B2801D8042100E057
:10B9D0000621104E803EB24200D108310D4E403E4D
:10B9E000B24200D110310B4EB24200D11831800763
:10B9F000800F0A4E336803268E401F46B7433B46EE
:10BA000006468E403343054E336000E000BF00BF62
:10BA100000BF7EE7C00C004000F4FFBFC00D004037
:10BA2000F0B504460025002307E001269E400E40A5
:10BA30003546002D00D002E05B1C102BF5D300BF73
:10BA4000102B36D21D46116026680E403046E84065
:10BA5000012802D10126D67101E00026D671666860
:10BA60000E40EE403046012801D1967101E00026DB
:10BA70009671A6680E40EE403046012801D15671FD
:10BA800001E000265671E6686F00FE40B007800FA7
:10BA9000002802D1002616710BE0012802D10126F0
:10BAA000167106E0022802D10226167101E0032673
:10BAB0001671F0BD10B580214D48FFF783FD0128B8
:10BAC00017D180214A48FFF7F7FD4A484079C0075F
:10BAD000C00F002806D04748007980218843803075
:10BAE000444908714348408A052802DA0520414943
:10BAF000488201214048FFF765FD012817D1012147
:10BB00003D48FFF7D9FD3B484079C007C00F0028EA
:10BB100006D0384800798021884380303549087143
:10BB20003448408A052802DA052032494882FF213C
:10BB300001313148FFF746FD012810D101022E489E
:10BB4000FFF7BAFD2B48007940218843403029494E
:10BB500008710846408A032801DA0320488201213F
:10BB6000090325484030FFF72DFD012818D10103B6
:10BB700021484030FFF7A0FD1E484079C007C00FA4
:10BB8000002806D01B48007980218843803019495D
:10BB900008711848408A052802DA052015494882AC
:10BBA000012115488030FFF70DFD01280BD101213F
:10BBB00011488030FFF780FD0E48408A052802DAE0
:10BBC00005200C49488202210B488030FFF7FAFC1F
:10BBD00001280BD1022108488030FFF76DFD054890
:10BBE000408A052802DA05200249488210BD00007B
:10BBF000800D0040E8860020400C0040F0B5024671
:10BC00000B4600210024002500BF2DE001268E40B8
:10BC100034461E6826403546A54224D110680646A3
:10BC2000A6433046DE798E403043106050680646A9
:10BC3000A64330469E798E40304350609068064659
:10BC4000A64330465E798E40304390604F00032615
:10BC5000BE403446D0680646A64330461E794F00A3
:10BC6000BE403043D060491C1029CFD3F0BD70B521
:10BC700004460D4600222946204601F041FF294690
:10BC8000204600F025F870BD012905D1054A12684B
:10BC90000243044B1A6004E0024A12688243014BDB
:10BCA0001A607047000F004002460020D3690B4025
:10BCB000002B01D0012000E0002070470246002048
:10BCC00013690B40002B01D0012000E000207047D9
:10BCD000816170474161704710B501208007FBF713
:10BCE000A7FD0120FBF792FD01219448FBF7BAFE66
:10BCF00020219348FFF7BBFF40219148FFF7B7FF92
:10BD000080218F48FFF7B3FFFF2101318C48FFF7F7
:10BD1000AEFF012149028A48FFF7A9FF0121C902AC
:10BD20008748FFF7A4FF012109038548FFF79FFF1C
:10BD3000012149038248FFF79AFF022180484030E1
:10BD4000FFF795FF04217E484030FFF790FF082160
:10BD50007B484030FFF78BFF102179484030FFF7D8
:10BD600086FF202176484030FFF781FF102174487C
:10BD70004030FFF7AFFF202171484030FFF7AAFFA6
:10BD8000012149026E484030FFF771FF012189020D
:10BD90006B484030FFF76BFF0121C9026848403013
:10BDA000FFF765FF0121090365484030FFF75FFF9A
:10BDB0000121490362484030FFF759FF01218903FF
:10BDC0005F484030FFF753FF0121C9035C48403012
:10BDD000FFF74DFF40215B48FFF749FF0121490272
:10BDE0005848FFF744FF012156484030FFF73FFF16
:10BDF0000121890252488030FFF739FF0121C90231
:10BE00004F488030FFF733FF012149034C48803011
:10BE1000FFF72DFF20214B484038FFF728FF402136
:10BE200048484038FFF723FF802146484038FFF755
:10BE30001EFFFF21013143484038FFF718FF012161
:10BE4000490240484038FFF712FF012189023D486E
:10BE50004038FFF70CFF02213A484030FFF707FF58
:10BE6000042138484030FFF702FF20213548403098
:10BE7000FFF7FDFE402133484030FFF7F8FE012078
:10BE8000FFF718FB0220FFF715FB0420FFF712FB5A
:10BE90000820FFF70FFB0121C9022A484030FFF7B5
:10BEA000E6FE0121090327484030FFF7E0FE0121AB
:10BEB000490324484030FFF7DAFE01218903214875
:10BEC0004030FFF7D4FE0121C9031E484030FFF780
:10BED000CEFE04211B488030FFF7C9FE0821194817
:10BEE0008030FFF7C4FE402116488030FFF7BFFEC8
:10BEF000102114488030FFF7BAFE2021114880300D
:10BF0000FFF7B5FE08210F484030FBF7B2FE1021C5
:10BF10000C484030FBF7ADFE0222D10109488030C9
:10BF2000FBF741F80222110206488030FBF73BF88C
:10BF3000012189020248FFF7CBFE10BD0700000176
:10BF4000000C0040000D004010B51346826A012B22
:10BF500003D114460C43224602E014468C43224689
:10BF6000826210BD10B51346026A012B03D114463C
:10BF70000C43224602E014468C432246026210BD66
:10BF8000F7B50C46164600250098002804D0012875
:10BF90001CD0022833D12CE003212046F8F7CCFD39
:10BFA0000A2148431B49895D091D45180321204684
:10BFB000F8F7C2FD012902D0022904D101E02D1DAC
:10BFC00002E0ED1D00E000BF00BF1FE0E20F12190C
:10BFD00052100B235A43104B9B5D1B1DD218204659
:10BFE000E30F1B185B105B00E31A06277B43D51891
:10BFF0000CE00A48805D001DE100451806E0084895
:10C00000805D001D0D216143451800BF00BF28461B
:10C01000FEBD0000DE7C0300E17C0300E47C030045
:10C02000E77C0300F7B582B006460F461B2E01DB06
:10C03000022004E00A2E01DB012000E00020019034
:10C04000019D5BE02A4638460499FDF7BBFF0028B6
:10C0500053D0002D1AD1012415E02A490968C81DC2
:10C060004A216143284A8918091D284A126852004A
:10C07000895AC217520F1218D210914202DB204681
:10C0800005B0F0BD641C092CE7DD36E0012D19D1A7
:10C090000A2414E01B490968C81D4A2161431A4A51
:10C0A0008918091D194A12685200895AC217520F7D
:10C0B0001218D210914201DB2046E1E7641C1A2CD1
:10C0C000E8DD1AE0022D18D11B2414E00D4909689F
:10C0D000C81D4A2161430C4A8918091D0B4A126880
:10C0E0005200895AC217520F1218D210914201DB26
:10C0F0002046C5E7641C282CE8DD6D1C022DA1DD5F
:10C100000020BDE7D8060020586A0300E40600209E
:10C11000FEB505460F4616460020029035E0287809
:10C12000002825D028781B49085C0190002412E0E3
:10C13000B100194A51580A5D01995018FF21F8F7CA
:10C14000FBFCC8B20090601C285C144A0099515C4A
:10C1500048402855641CB442EADB344603E0601CC6
:10C16000285C2855641CB819401EA042F7DC09E081
:10C17000002403E0601C285C2855641CB819401E8C
:10C18000A042F7DC0298401C02900298B842C6DB3D
:10C19000FEBD000032770300C005002032760300A8
:10C1A0000EB5002001900290022007F0BBFB0DF0BD
:10C1B000E7F9192007F0B6FB0021009168460DF061
:10C1C00059FA68460078402801D100200EBD0120B0
:10C1D000FCE770B505460E4669003046F8F796FC58
:10C1E0000446002C00D0641E204670BD70B5044685
:10C1F000204600F069F93548844215D101213448C0
:10C20000FBF730FC0120FBF723FB0020FBF734FB9E
:10C210000322012189032F48FAF7C5FE03220121D9
:10C22000C9032C48FAF7BFFE2B48844214D10121E0
:10C230002748401CFBF716FC0120FBF72DFB0020D4
:10C24000FBF73EFB012220212448FAF7ACFE012235
:10C2500040212248FAF7A7FE21492248FFF7B9FFFB
:10C2600005042946204600F0C5F81D491D48FFF782
:10C27000B0FF05462946204600F0CDF8204600F0E4
:10C28000C5F845082946204600F0ACF901212046B2
:10C2900000F0DDF81120002815DBC206D20E0121C6
:10C2A0009140114A116000BF00BF00BFBFF34F8F24
:10C2B00000BF00BF00BF00BF00BF00BFBFF36F8F54
:10C2C00000BF00BF00BF00BF70BD000000240140E0
:10C2D00018000003000C004000500140000D004019
:10C2E0000024F400A086010080E100E070B505465E
:10C2F0000C46C8260121284600F0C1F800BF284698
:10C3000000F043F9002800D007E0012004F0DEF936
:10C310003046711ECEB20028F1D100BF284600F091
:10C320003EF9284600F080F82070002070BD70B5FE
:10C3300005460C460121284600F07DF8002C04D06B
:10C34000012C0DD0022C21D115E00121284600F04E
:10C35000AEF800BF284600F025F90028FAD016E014
:10C360000121284600F097F800BF284600F01AF98E
:10C370000028FAD00BE00121284600F074F800BF35
:10C38000284600F0F8F80028FAD000E000BF00BF0F
:10C39000002070BD70B504460D46C8261448408A7A
:10C3A000062802DA0620124948822946204600F073
:10C3B0003FF800BF204600F0FFF8002800D007E05B
:10C3C000012004F083F93046711ECEB20028F1D16D
:10C3D00000BF204600F0FAF8204600F0BFF8002821
:10C3E00000D170BD204600F0C3F80120F9E700003D
:10C3F000E88600200A464169034B1940DB4313409D
:10C400001943416170470000FFFF00FE0146486983
:10C41000C005C00D70470A464169490A4902D30563
:10C42000DB0D19434161704701468869C0B270470E
:10C43000CAB282617047012904D1026801231A43FC
:10C44000026003E00268520852000260704701294E
:10C4500004D1026802231A43026003E00268022347
:10C460009A4302607047012904D1426804231A43A9
:10C47000426003E0426804239A4342607047012906
:10C4800004D1426808231A43426003E0426808234B
:10C490009A4342607047012904D1426802231A433B
:10C4A000426003E0426802239A43426070470129D8
:10C4B00004D1426801231A43426003E042685208F3
:10C4C000520042607047000010B504460C4802F06C
:10C4D00091FB0C48844205D1012002F045FB00206D
:10C4E00002F042FB0848844205D1012002F02AFBF9
:10C4F000002002F027FB002002F07CFB10BD0000B2
:10C50000DF9B5713002401400050014010B5124832
:10C5100000F052F8012802D10F4800F057F80E48F9
:10C5200000F033F8012802D10B4800F038F80A482F
:10C5300000F02BF8012802D1074800F030F8064837
:10C5400000F054F8012806D10121034800F053F807
:10C550000148FFF74BFE10BD002401400146C868AA
:10C5600004221040002801D0012070470020FCE781
:10C570000421C16070470146C868082210400028A5
:10C5800001D0012070470020FCE70146C868C007C1
:10C59000C00F002801D0012070470020FCE70121D6
:10C5A000C16070470146C86810221040002801D0C1
:10C5B000012070470020FCE70146C86802221040B5
:10C5C000002801D0012070470020FCE70221C16053
:10C5D00070470A46016949084900D307DB0F194330
:10C5E00001617047CA05D20DC26170470146086AF1
:10C5F0000005000D70470A05120D02627047000029
:10C600000FB438B50498002804D00498F8F777FBE5
:10C61000002803D138BC08BC04B0184705A8009016
:10C620000A48009A049904F0C7FF054600200090CC
:10C63000064C411E064808F011FAA9B2204600F047
:10C6400009F8034808F04EFA00BFE3E77CA7002092
:10C650006C730020F8B504460D46002627460CE012
:10C660003046721C96B2395C054804F0E7FB00BF07
:10C67000034804F0C7FB0028FAD0AE42F0DBF8BD57
:10C680000020014001480249086070475A5A34129C
:10C690000014014010B501210448FBF7E3F907201D
:10C6A00003494860FFF7EEFF10BD000005000001E0
:10C6B000001401401CB501200004009001206946CF
:10C6C00008716846FBF762FA0220FBF76BF81CBDA5
:10C6D0001FB5002000900190029001206946087368
:10C6E0006846FBF7B7FA1FBD10B50020FEF7B8FC8F
:10C6F000FFF7E0FFFFF7ECFF10BD000010B50F489B
:10C700000068C02188430D49086001242406601E8A
:10C710000146884200D90CE0601E094948610321A6
:10C72000081F05F09BF80020054988610720086173
:10C7300000BF05200249086110BD00000024004030
:10C7400000E000E010B572B6FFF79CFFFFF7D6FFE0
:10C7500000210A2003F0A6FFFFF7C6FF012002F028
:10C7600037FA002002F012FAFBF764FDC82003F04C
:10C77000ADFF62B6FFF78EFFFFF784FF10BD7FB5F8
:10C7800006460D4614466A4629463046FFF748F9E4
:10C790000098A84217D16846C079012813D168468D
:10C7A000407901280FD1002C03D1684680790028F8
:10C7B00009D1012C03D168468079012803D168464C
:10C7C0000079002814D0029501216846C173417395
:10C7D000002C03D100206946887302E001206946DD
:10C7E000887300206946087302A93046FFF706FAED
:10C7F0007FBD0146302903DB392901DC0120704768
:10C80000412903DB5A2901DC0120F8E720290FD058
:10C8100024290DD025290BD02A2909D02B2907D06E
:10C820002D2905D02E2903D02F2901D03A2901D155
:10C830000120E4E70020E2E70246812A01DB9F2A8B
:10C8400003DDE02A0FDBEB2A0DDC40290BDB9F2AFE
:10C8500001D1FC2903DCEB2A03D1BF2901DD002033
:10C8600070470120FCE70020FAE70146302903DB8E
:10C87000392901DC012070470020FCE701460A4805
:10C88000814206DB0948814203DC0748081A81B26D
:10C8900002E00748081A81B20812C0225043CAB207
:10C8A000801880B27047000040810000FC9F0000AB
:10C8B00040C100000149C8607047000000340140D9
:10C8C0000146064A106807239B0202469A43104617
:10C8D0001A460A401043014A106070470034014074
:10C8E000012806D10749096802061143054A11606B
:10C8F00006E004490968012212069143014A1160C9
:10C9000070470000003401400146064A10680423C5
:10C9100002469A43104604220A401043014A10601E
:10C9200070470000003401400146064A10680123A8
:10C930009B0302469A4310461A460A401043014A96
:10C9400010607047003401400146054A10688008B5
:10C9500080008A07920F1043014A10607047000060
:10C9600000340140012806D106498969012211439A
:10C97000044A916105E00349896949084900014A6F
:10C980009161704700340140012806D106490969C8
:10C9900040221143044A116105E00349096940221C
:10C9A0009143014A116170470034014010B500F015
:10C9B0001BF901286FD100F023F984480088401C3E
:10C9C00082490880084600880A2806DB0020088083
:10C9D0007F480068401C7E4908607E480088401CF3
:10C9E0007C49088008460088652812D17A48007A78
:10C9F00000280ED1088080217848FFF76BF9FF21CD
:10CA000001317648FFF766F9012149027348FFF7C3
:10CA100061F97048008864284FD16F48007A012876
:10CA200011D100206B49088080216C48FFF752F932
:10CA3000FF2101316948FFF74DF90121490267489B
:10CA4000FFF748F939E0644890300078002804D0B6
:10CA5000012811D002281FD11FE080215F48FFF775
:10CA600037F9FF2101315D48FFF734F9012149020F
:10CA70005A48FFF72FF91FE0FF2101315748FFF710
:10CA800027F980215548FFF725F90121490253482C
:10CA9000FFF720F910E03CE000BF012149024F48B8
:10CAA000FFF716F9FF2101314C48FFF713F98021F8
:10CAB0004A48FFF70FF900BF00BF474880790007D9
:10CAC000C00F002825D046480088401C44490880F3
:10CAD00041489030007801282ED108460088FF2177
:10CAE0002D31884216D1002001F070FAFFF7FCFDCD
:10CAF0003C48016836480068C01C814204D2344872
:10CB00000068C01C3749086032217D20000108F010
:10CB1000DFFA59E032480088FF212E31884253D194
:10CB200000202F4908800320FBF786F8012001F040
:10CB30004DFAFAF7A9FB47E0274890300078022821
:10CB400042DB27480088FF212D31884216D1002082
:10CB500001F03CFAFFF7C8FD224801681C48006854
:10CB6000C01C814204D21A480068C01C1D490860DC
:10CB700032217D20000108F0ABFA25E0184800883A
:10CB8000FF212E31884202D1FAF77EFB1CE01448C7
:10CB90000088FF212F31884205D132217D200001FC
:10CBA00008F096FA10E00E480088FF2130318842E4
:10CBB0000AD100200A4908800320FBF73DF8012034
:10CBC00001F004FAFAF760FB10BD00007A000020C3
:10CBD000580000207E000020E8860020800C0040E5
:10CBE0007C0000203C0000200448406940210840AF
:10CBF000002801D0012070470020FCE700340140EC
:10CC000040200149486170470034014010B50121BE
:10CC10000806FAF727FFFF200130FAF7FFFE012090
:10CC2000FAF7E8FE0020FFF75BFE0020FFF77CFE2E
:10CC30000120C002FFF744FE0020FFF765FE002040
:10CC4000FFF782FE0A48FFF735FEFFF7D9FF012004
:10CC5000FFF79AFE142004F0FDFC0221142004F0DA
:10CC600085FD142004F02EFD0120FFF77BFE10BD92
:10CC70003303000010B5264800F005F901281DD146
:10CC8000234800F022F9012818D1214800F043F987
:10CC9000C4B21F4800F024F91E48008B7D21C90052
:10CCA00088420ADA1B48018B008B401C194A10830A
:10CCB0001948445464201146488300BF144800F0CA
:10CCC000FAF801281BD1124800F018F9012816D1F2
:10CCD00011483038418D008D81420DDA0F48104ADD
:10CCE0001288815C0A4800F01BF90B483038408DEF
:10CCF000401C094930394885054800F009F90948C0
:10CD0000408A052802DA05200649488210BD000045
:10CD100000400140CC8F0020FC8B00200C880020BC
:10CD200080000020E886002010B501212748FAF78E
:10CD300099FE01212648FAF795FE0120FAF7D0FD69
:10CD40000020FAF7E1FD022201212248FAF72BF92F
:10CD5000002202211F48FAF726F9012211461D4838
:10CD6000FFF700F9012202211A48FFF7FBF8102013
:10CD700004F08CFC0221102004F034FD102004F09B
:10CD8000ADFC0021144800F02BF81449124800F0C3
:10CD900031F80021104800F05DF840210E4800F005
:10CDA00041F800210C4800F031F801210A4800F058
:10CDB00075F80121084800F041F80121064800F00B
:10CDC00056F80020C0430449886010BD07000001E8
:10CDD0000F000003800C004000400140000052059D
:10CDE0000A46C168C908C90053075B0F1943C160EF
:10CDF000704700000A46C168034B1940DB431340EB
:10CE00001943C16070470000FFFF00E010B50A46FB
:10CE1000016830240B46A3431946302313401943BD
:10CE2000016010BD10B50A460168C0240B46A3433B
:10CE30001946C02313401943016010BD012904D1D4
:10CE4000026802231A43026003E0026802239A4345
:10CE50000260704710B50A460168FF2401340B4692
:10CE6000A3431946234613401943016010BD01290D
:10CE700004D1026801231A43026003E002685208E9
:10CE800052000260704701464868FF22013210409C
:10CE9000002801D0012070470020FCE7012904D1BF
:10CEA00042680B021A43426004E04268FF230133E8
:10CEB0009A434260704701464868C007C00F002887
:10CEC00001D0012070470020FCE701468868FF225E
:10CED00001321040002801D0012070470020FCE7FB
:10CEE000FF210131816070470146886802221040AD
:10CEF000002801D0012070470020FCE70146886827
:10CF0000C007C00F002801D0012070470020FCE7B7
:10CF100001218160704701460869C005C00D704756
:10CF2000CA05D20D4261704738B5142006F0FAFCEC
:10CF30000020009068460DF023F90446002C01D033
:10CF4000012038BD0020FCE738B50020009068467D
:10CF50000DF016F90546002D09D011A112A0FFF71A
:10CF60004FFB6846017812A0FFF74AFB08E019A1C1
:10CF70000DA0FFF745FB6846017817A0FFF740FBBF
:10CF80000DF016F90446002C07D005A106A0FFF706
:10CF900037FB18A0FFF734FB38BD00BFFCE70000EB
:10CFA0004552524F520000000A5B25735D0000009D
:10CFB0004C54523358582047657420536572696148
:10CFC0006C204E756D626572204552524F523A2068
:10CFD000256400004C4F47004C545233585820539E
:10CFE000657269616C204E756D6265723A202564C8
:10CFF000000000006C74723378785F73746172742F
:10D000005F706572696F6469635F6D656173757286
:10D01000656D656E74204661696C000030B593B033
:10D02000AAA207CA10AB07C3ABA103C90F910E9008
:10D03000012010F0F3FE012010F0DCFE10F072F978
:10D04000142000F0A7FBF9F7BFFCF9F795FAF9F700
:10D0500083FC0422A24908461C30F7F709FE10227F
:10D06000A0499F480C30F7F703FE08229E499C48D0
:10D07000001DF7F7FDFD04229C4999481C30F7F785
:10D08000F7FD10229A4996482030F7F7F1FD10225B
:10D09000984993483030F7F7EBFDF9F7C5FEF9F7FB
:10D0A000DFFCF9F745FD0620F9F7BEFD924A08219D
:10D0B0000120F9F749FE914A08210320F9F744FEBF
:10D0C0008F490320F9F702FF0020F9F7D3FD0A206A
:10D0D000F9F7CAFE03210120F9F7FCFDF9F774FE08
:10D0E000F9F7A0FC142000F055FBF8F7C7FFF8F79C
:10D0F00025FFF9F7BBF9F9F767F8F9F71BFBF9F723
:10D100003BF9F9F7B3FBF9F7D5FAF9F7EBFBF9F7C8
:10D110006FF9F9F7F5F8F9F785FC142000F03AFB00
:10D12000002010F07BFE77A20A2110A804F0FCF981
:10D1300069A205210EA804F0F7F974A0FFF760FAC0
:10D1400000F062FB04467DA0807930380A21484314
:10D150007AA1C97940180146303978A0C0783038B2
:10D160000A22504375A2127980180246303A73A001
:10D17000007830380A23584370A35B78C018034600
:10D18000303B71A00079202801D1002002E06EA080
:10D19000007930380A2568436BA56D79303D401918
:10D1A000059306920791049067A0C07930380A2150
:10D1B000484365A1097A401830380A21484362A1E2
:10D1C000497A303940180A2148435FA1897A3039B9
:10D1D000401860A10EAA10AB039400920191029036
:10D1E000062203215CA0FFF70BFA3D48C01F817A9D
:10D1F000427A007A3A4BDB1FDB7901930392049168
:10D2000002903748C01F807900903548C01F43798D
:10D210000279C1785EA0FFF7F3F931480C30C07B8A
:10D220002F490C31897B2E4A0C32527B2C4BDB1F51
:10D23000DB7F09930A920B910C902948C01F817FD4
:10D24000407F274AD21F127F254BDB1FDB7E0593D1
:10D250000692089107902248C01F807E2049C91F6E
:10D260004A7E097E1E4BDB1FDB7D019303920291F8
:10D2700004901B48C01F807D00901948C01F437D4B
:10D28000027DC17C4D48FFF7BBF91548C01F807C6B
:10D290001349C91F497C124AD21F127C104BDB1F55
:10D2A000DB7B01930292039104900D48C01F807BA9
:10D2B00000900B48C01F437B027BC17A40A0FFF760
:10D2C0009FF912A0FFF79CF913B030BD41533932DA
:10D2D000335F4153320000004F54414100000000D1
:10D2E000FBAB0020940000208C000020A400002054
:10D2F000A8000020B80000206035081CE0F8D11D0F
:10D3000020441E1E434E3437305F30000D0A2A2A57
:10D310002A2A2A2A2A2A2A2A2A2A2A2A2A2A2A2A6D
:10D320002A2A2A2A2A2A2A2A2A2A2A2A2A2A2A2A5D
:10D330002A2A2A2A2A2A0D0A0000000031353A3406
:10D34000363A333100000000536570202036203219
:10D3500030323400410000000D0A536F6674566588
:10D36000723A5625642E25645F25735F25735F43EB
:10D370006C61737325735F4C49525F25642E25647D
:10D380002E25645F25643A25643A25640D0A000061
:10D390000D0A4465764575693A2530327825303274
:10D3A0007825303278253032782530327825303281
:10D3B0007825303278253032780D0A004885030010
:10D3C0000D0A4170704575693A2530327825303242
:10D3D0007825303278253032782530327825303251
:10D3E0007825303278253032780D0A0010B50BF0F0
:10D3F0000FFF99490968884200D210BD0BF008FF61
:10D40000FF30F530944908609448007A030004F036
:10D41000FCF805041D3D81C0F20091480068914967
:10D420000968884211D88D48007A00280DD18B48B0
:10D43000C079022809D10121884801728A48408AAE
:10D44000962802DA96208849488202E183484038CB
:10D45000007840084000814940390870012010F0F0
:10D46000DDFC012010F0C6FC0FF05CFF142000F082
:10D4700091F9002010F0BEFC642000F08BF9002030
:10D480007A490880022175480172E2E00BF0DEFD66
:10D4900000281AD00BF022FE002816D003216F4876
:10D4A000017273480078002807D072A172A0FFF7BC
:10D4B000A7F873A0FFF7A4F82BE081A16EA0FFF7F7
:10D4C0009FF880A0FFF79CF823E068480088401C84
:10D4D000664908807AA168A0FFF792F8634801883E
:10D4E00083A0FFF78DF861480088F02811DB002049
:10D4F0005E49088086A160A0FFF782F886A0FFF74A
:10D500007FF802215548C171042101720520564956
:10D5100048829EE056480078002811D000205449E7
:10D5200008707D20C00000F035F952A152A0FFF72D
:10D5300067F881A0FFF764F8FF20F53000F02AF9C2
:10D5400046484038007840084000401C4349403974
:10D5500008700020844908704449088000213F4831
:10D560000172C1714048407902218843801C3E49C4
:10D5700048710846807AFF2807D0002220217B4886
:10D5800007F0B4F96420384988610520364948829B
:10D590005FE00520344948820021304801720221B1
:10D5A000C1712F4800682F49096888424CD86E48DD
:10D5B0000078401C6C49087008460078052801DD99
:10D5C0000520087068480078030004F01EF8062C57
:10D5D000040C151D252C23480068E121C9004018C2
:10D5E0001F49086026E01F480068E1210901401832
:10D5F0001B4908601EE02BE01A480068E121490140
:10D6000040181749086015E016480068E121C90173
:10D610004018134908600DE012480068544940184A
:10D620000F49086006E00F480068514940180C494E
:10D63000086000BF00BF22A10FA0FEF7E1FF08486D
:10D6400001684CA0FEF7DCFF002010F0E7FB00E0D3
:10D6500000BF00BF00BFD0E6D000002034AC0020E7
:10D66000CC00002058000020E8860020D4000020D4
:10D670003200002041434B000A5B25735D0000002F
:10D68000666163746F72794D6F64652041697220C1
:10D690004D6F6E69746F72696E672053656E736F3C
:10D6A0007220537465703A4C6F52612052656769FD
:10D6B00073746572205375636365737300000000B3
:10D6C0004C4F4700416972204D6F6E69746F7269EB
:10D6D0006E672053656E736F72204C6F52612052DB
:10D6E000656769737465722053756363657373004E
:10D6F0004C6F526157414E205761697420456E74DA
:10D70000657220496E204E6574202564000000007B
:10D710005741524E000000004C6F526157414E205D
:10D72000456E74657220496E204E65742054696D93
:10D73000656F757421000000666163746F72794DC6
:10D740006F646520416972204D6F6E69746F7269F4
:10D750006E672053656E736F7220537465703A461E
:10D76000696E697368000000C8000020D47300204F
:10D7700080510100557064617465205265636F6E5D
:10D780006E6563742054696D657374616D703A20C1
:10D79000256C640010B50446204606F0C3F810BDA1
:10D7A00070B504462046F7F7AAFA85B22946204606
:10D7B00000F002F870BD0000F8B504460D460026E2
:10D7C00027460CE03046721C96B2395C0B48FFF7D6
:10D7D000A7FB00BF0948FFF787FB0028FAD0AE423D
:10D7E000F0DB0748408A052802DA05200449488210
:10D7F00004480068401C03490860F8BD004001402F
:10D80000E88600201C0000201FA1897870292ED0F6
:10D810000CDC672929D004DC622918D063292ED1B9
:10D820002BE06C291FD06E2929D108E0722910D075
:10D8300074291ED076291ED0792920D111E012A199
:10D840004978612901D1012000E0062019E0022079
:10D8500017E00DA14978612901D1032000E00420DF
:10D860000FE005200DE007200BE0082009E009206B
:10D8700007E00A2005E00B2003E00C2001E0002077
:10D8800000BF00BF70470000536570202036203273
:10D890003032340010B5802000F0F6FB012802D1B0
:10D8A000802000F0FDFB402000F0EEFB012802D1BB
:10D8B000402000F0F5FB202000F0E6FB012802D11B
:10D8C000202000F0EDFB102000F0DEFB012802D14B
:10D8D000102000F0E5FB082000F0D6FB012809D15C
:10D8E000082000F0DDFB1348007980218843803058
:10D8F00010490871042000F0C7FB012802D1042060
:10D9000000F0CEFB022000F0BFFB012809D102206D
:10D9100000F0C6FB07480079802188438030054924
:10D920000871012000F0B0FB012801D100F0B8FB24
:10D9300010BD0000E8860020F8B500F079F800F08E
:10D94000A7F8002001F09CFF372001F0DDFF012047
:10D9500001F0DAFF012001F093FF032001F0D4FF72
:10D96000102001F0D1FF3F2001F0CEFF3F2001F059
:10D97000CBFF032001F0C8FF062001F081FFE72064
:10D9800001F0C2FFE72001F0BFFF3D2001F0BCFF26
:10D99000602001F075FF222001F0B6FF822001F027
:10D9A0006FFF0E2001F0B0FF302001F069FF092069
:10D9B00001F0AAFF502001F063FF172001F0A4FF3F
:10D9C000E32001F05DFF882001F09EFF612001F05F
:10D9D00057FF012001F098FF902001F095FF0120F2
:10D9E00001F092FF2C2001F08FFF0CF05DFCFF2670
:10D9F0002D363227102001F043FF002512E00024CD
:10DA00000CE00A48C07A002803D0002001F07CFF17
:10DA100002E0FF2001F078FF601C84B2BC42F0DB22
:10DA2000681C85B2B542EADBF8BD0000E88600203C
:10DA300010B501211448FAF715F800220421134803
:10DA400000F05EF80022FF210131104800F058F884
:10DA5000002220210D4800F053F8002280210B48BD
:10DA600000F04EF800221021084800F049F800228A
:10DA700008210648FEF783FE012189030348803808
:10DA8000FEF726F910BD000007000001000D004060
:10DA900010B510210948FEF71BF904210748FEF7CD
:10DAA00017F9052005F03EFF04210448FEF712F99E
:10DAB0000A2005F037FF00F0D3FF10BD000D004035
:10DAC00010B500200B490870022005F02BFF72B63C
:10DAD00000200949086062B6642005F023FF72B691
:10DAE000054800680549086001200249087062B6CF
:10DAF00010BD000000000020040000200C000020E9
:10DB00007FB506460D4614466A4629463046FDF75F
:10DB100087FF0098A84217D16846C079002813D122
:10DB2000002C03D16846407900280DD1012C03D187
:10DB300068464079012807D168468079002803D1DA
:10DB400068460079012813D0029500206946C87301
:10DB5000002C01D1487302E001206946487300217E
:10DB6000684681730121017302A93046FEF746F829
:10DB70007FBD000070B505460024002600BF08E008
:10DB80000120A040064628463040002800D002E090
:10DB9000641C042CF4D300BF0120F9F75BFD10488E
:10DBA00000680121A14088430D490860084640688B
:10DBB0000121A14088430A49486008468168620003
:10DBC0000320904081430648816080686200012103
:10DBD00091400843024988600020F9F73BFD70BD81
:10DBE00000FC01401FB501208007F9F721FE01204C
:10DBF000F9F70CFE01218948F9F734FF0022802152
:10DC00008748FFF77DFF0022FF2101318448FFF79D
:10DC100077FF80218248FEF75BF8FF2101318048C1
:10DC2000FEF756F830207F49087003204870012025
:10DC300088700020C8700120087100204871887128
:10DC4000C871087248728872C872142005F06AFEA2
:10DC500072B67448017808200FF0AEFE7148407823
:10DC60000007010E04200FF0A7FE6E4880788007A1
:10DC7000010E02200FF0A0FE6A48C0788007010E56
:10DC800002200FF099FE67480079C007010E0120BD
:10DC90000FF092FE63484079C007010E01200FF09B
:10DCA0008BFE604880798007010E02200FF084FE11
:10DCB0005C48C079C007010E01200FF07DFE594875
:10DCC000007AC007010E01200FF076FE5548407A19
:10DCD000C007010E01200FF06FFE5248807AC00786
:10DCE000010E01200FF068FE4E48C07AC007010EF9
:10DCF00001200FF061FE80214948FDF7E9FF62B67F
:10DD00000A2005F00FFE0022FF2101314448FEF7F2
:10DD100036FD0123002219024148FDF743FD0DF0B5
:10DD2000A9FE0446E001010E68460170E003010F00
:10DD300068464170E004810F684681706005810F7C
:10DD40006846C170FF2001302040C1B268460171B1
:10DD5000802021460140684641716006810F684677
:10DD600081711020214601406846C171082021467A
:10DD70000140684601720420214601406846417214
:10DD800002202146014068468172E107C90FC17235
:10DD900025A0FEF735FC2DA0FEF732FC6846017881
:10DDA00030A0FEF72DFC6846417834A0FEF728FC31
:10DDB0006846817836A0FEF723FC6846C17839A012
:10DDC000FEF71EFC684601793BA0FEF719FC684689
:10DDD00041793EA0FEF714FC6846817940A0FEF729
:10DDE0000FFC6846C17943A0FEF70AFC6846017A39
:10DDF00044A0FEF705FC6846417A47A0FEF700FC08
:10DE00006846817A49A0FEF7FBFB6846C17A4CA0C0
:10DE1000FEF7F6FB4FA0FEF7F3FB1FBD0700000166
:10DE2000400C00404CAC00200A2A2A2A2A2A2A2A1E
:10DE30002A2A2A2A2A2A2A2A2A2A2A2A2A2A2A2A42
:10DE40002A2A2A2A2A2A2A2A2A0A00005049522043
:10DE5000526561642053657420506172616D200ABF
:10DE600000000000092073656E7369746976697437
:10DE7000793A203078253032580A00000920626C47
:10DE8000696E645F74696D653A2025640A0000005C
:10DE9000092070756C73655F636E743A2025640A9F
:10DEA00000000000092077696E646F775F74696D08
:10DEB000653A2025640A000009206D6F74696F6E51
:10DEC0005F656E3A2025640A000000000920696E33
:10DED000745F736F757263653A2025640A000000F1
:10DEE00009206164635F736F757263653A2025640E
:10DEF0000A000000092065786C646F5F656E3A2047
:10DF000025640A00092073656C665F746573743A52
:10DF10002025640A0000000009206870665F6375B0
:10DF2000745F6672713A2025640A00000920696EE8
:10DF30007075745F636C616D703A2025640A00002F
:10DF400009206D6F74696F6E5F6D6F64653A20258F
:10DF5000640A00002A2A2A2A2A2A2A2A2A2A2A2A5B
:10DF60002A2A2A2A2A2A2A2A2A2A2A2A2A2A2A2A11
:10DF70002A2A2A2A0A00000010B572B6FF210131B0
:10DF80000948FDF7A5FE0022FF2101310648FFF7F1
:10DF9000B7FD32200CF0C0FD0022FF210131024804
:10DFA000FEF7EDFB62B610BD400C00400146064A8C
:10DFB0001068931502469A4310461A460A401043C9
:10DFC000014A106070470000002000400146054AE9
:10DFD0001068800880008A07920F1043014A106081
:10DFE00070470000002000400146064A10685315A3
:10DFF00002469A4310461A460A401043014A1060EE
:10E00000704700000020004000B585B00320F9F7FC
:10E0100013FE0120F9F71EFB012000F0D9FD0620B8
:10E0200000F0C6FD012000F0B1FD002003F010F863
:10E030000020F9F70FFB0120009040020190002022
:10E0400069460872039003200490684600F002F8C5
:10E0500005B000BD10B504466068FFF7C5FF207A23
:10E06000FFF7A4FF012149026068884202D12069BC
:10E0700000F01CF80349E06808612068FFF7A6FF7C
:10E0800010BD000000ED00E0014604488068084033
:10E09000002801D0012070470020FCE7002000404C
:10E0A0000149886070470000002000400146054A91
:10E0B0005068800880008A07920F1043014A506020
:10E0C000704700000020004030B51F49C98A02296E
:10E0D00003D01D49C98A042917D1002110E000226C
:10E0E00008E0194C648A4C43A318174D2D68E85476
:10E0F000531C9AB2144B5B8A9342F2DC4A1C91B2D5
:10E10000114A928A8A42EADC1CE00F49C98A07292F
:10E1100018D1002112E000220AE00B4C648A4C4323
:10E12000A31804010443084D2D68EC54531C9AB203
:10E13000054B5B8A9342F0DC4A1C91B2024A928AF8
:10E140008A42E8DC30BD000064AB0020FFB583B03C
:10E150001D462A46EB175B0F9B18DB10DB00EB1A02
:10E1600005D12946CB175B0F5B18DB1005E028466D
:10E17000EB175B0F1B18DB105B1C9BB20193002697
:10E1800038E0002432E02046E117490F0918CA1090
:10E1900001997143521803998F5C0D9800280DD096
:10E1A0002046E117490F0918C910C900621A3946FB
:10E1B0009140CA090121914302910CE02046E117E8
:10E1C000490F0918C910C900621A394691408022C6
:10E1D0001140C9090291059AB21891B2049AA21885
:10E1E00090B2029A00F01CFB601C84B2AC42CADB05
:10E1F000701C86B20C988642C3DB07B0F0BD0000ED
:10E20000FFB583B007461D4645488088B84204DB09
:10E210004348C1880498814204DA42A0FEF7F0F92D
:10E2200007B0F0BDA9880091C9174A0F009951188D
:10E23000C910A888C217520F1218D210D200821A21
:10E2400001D0012200E000228A1805992039EB88CC
:10E2500059435143029128680299401801900026C1
:10E2600058E0002446E00D98FF2816D12046E1171B
:10E27000490F0918C910C900621A80211141019A79
:10E2800012781140002927D0049A921991B23A19B4
:10E2900090B20C9A00F0C4FA1EE02046E117490F34
:10E2A0000918C910C900621A80211141019A127817
:10E2B0001140002908D0049A921991B23A1990B2EB
:10E2C0000C9A00F0ADFA07E0049A921991B23A194B
:10E2D00090B20D9A00F0A4FA2046E117490F0918F0
:10E2E000C910C900611A072902D10198401C019088
:10E2F000601C84B2A888A042B5DCA888C117490F69
:10E300000918C910C900411A02D00198401C019097
:10E31000701C86B2E888B042A3DC00BF80E7000032
:10E3200064AB00205061696E745F4472617743682A
:10E33000617220496E7075742065786365656473D9
:10E3400020746865206E6F726D616C2064697370F3
:10E350006C61792072616E67650D0A00F0B589B055
:10E3600004460D4616461F4640488088A0420BDBF7
:10E370003E48C088A84207DB3C488088B04203DBA7
:10E380003A48C088B84204DA39A0FEF739F909B032
:10E39000F0BD08940795301B01D4301B00E0A01B92
:10E3A0000690781B002801DC781B00E0E81B059034
:10E3B000B44201DA012001E00020C0430490BD42D4
:10E3C00001DA012001E00020C0430390059906987E
:10E3D000401802900020019000BF0198401CC0B27C
:10E3E00001901098012810D103210198F6F7A4FBA1
:10E3F00000290AD101200090FF220F9B079908985D
:10E4000000F0C8F80020019007E0012000900F9B69
:10E410000E9A0799089800F0BDF8029841000598F7
:10E4200081420CDB0898B04200D11BE005990298AC
:10E430004018029004990898401880B208900298F9
:10E44000410006988142C8DC0798B84200D109E033
:10E45000069902984018029003990798401880B2D4
:10E460000790BAE700BF00BF91E7000064AB00204F
:10E470005061696E745F447261774C696E652049C2
:10E480006E70757420657863656564732074686563
:10E49000206E6F726D616C20646973706C6179209D
:10E4A00072616E67650D0A00FFB5FFB086B0064663
:10E4B0000F461546002400208490FF21013144A816
:10E4C000F6F7FEFBFF21013104A8F6F7F9FB44A89B
:10E4D000039021488088B04203DB1F48C088B842BF
:10E4E00005DA1EA0FEF78CF87FB00AB0F0BD002D53
:10E4F00012DD0EE00A212846F6F71EFB3031C8B2C5
:10E5000004A90855601C04B20A212846F6F714FB3A
:10E510000546002DEED104E0302004A90855601C0A
:10E5200004B20BE0601E04A9095C44AA849811544B
:10E530008498401C00B28490601E04B2002CF1DC70
:10E540008F998E980191009039463046889B039AA6
:10E5500000F0C4F800BFC7E764AB00205061696EEB
:10E56000745F4469734E756D20496E7075742065D3
:10E5700078636565647320746865206E6F726D6181
:10E580006C20646973706C61792072616E67650DCF
:10E590000A000000FFB581B007461C462C48808861
:10E5A000B84204DB2A48C1880298814210DA29A0C7
:10E5B000FEF726F826488288394635A002F0A4FFE7
:10E5C0002348C2883BA0029902F09EFF05B0F0BD2F
:10E5D0000A98012823D100251CE0002613E07819B1
:10E5E000001B03D402988019001B00D50FE0029A8B
:10E5F0009219121B91B27A19121B90B2039A00F071
:10E600000FF9701C06B26000401EB042E7DC00BF8C
:10E61000681C05B26000401EA842DEDC15E0002543
:10E6200011E000260BE0029A9219521E91B27A195B
:10E63000521E90B2039A00F0F3F8701C06B2A64284
:10E64000F1DB681C05B2A542EBDB00BFBEE70000B2
:10E6500064AB00205061696E745F44726177506FE3
:10E66000696E7420496E70757420657863656564A1
:10E670007320746865206E6F726D616C20646973BD
:10E68000706C61792072616E67650D0A0000000090
:10E6900058706F696E74203D202564202C205061D5
:10E6A000696E742E5769647468203D2025642020AB
:10E6B0000D0A200059706F696E74203D202564207A
:10E6C0002C205061696E742E486569676874203D1E
:10E6D00020256420200D0A2000000000F0B585B040
:10E6E00004460E4617461D46039402961C48808831
:10E6F000A04203DB1A48C088B04204DA19A0FDF733
:10E700007FFF05B0F0BD25E0A988039808181449DB
:10E710008988884205DD0394E9880298081880B248
:10E720000290E988029808180D49C988884201DDDD
:10E73000039402960B990A98019100903A782B461F
:10E7400002990398FFF75CFD7F1CA98803980818BD
:10E7500080B2039038780028D6D100BFD1E70000FE
:10E7600064AB00205061696E745F447261775374CA
:10E7700072696E675F454E20496E707574206578CA
:10E78000636565647320746865206E6F726D616C7B
:10E7900020646973706C61792072616E67650D0A1F
:10E7A00000000000FFB50020194C20600098206098
:10E7B0002046018142810998A0810220E0820C4616
:10E7C000CE17760F3619F610F6008E1B05D10D46C2
:10E7D000EE17760F7619F61005E00846CE17760F7D
:10E7E0003618F610761C0A4F7E8238468282C38124
:10E7F00001203C462082002B01D0B42B03D10448D9
:10E800008180C28002E002488280C180FFBD00009A
:10E8100064AB0020014908607047000064AB002031
:10E82000F7B582B00746164684488088B84204DBB4
:10E830008248C1880398814204DA81A0FDF7E0FE96
:10E8400005B0F0BD7D48C089002808D05A2809D0FD
:10E85000B4280FD0FF380F3800281ED116E03C46F0
:10E86000039D1BE0754801890398081A401E84B275
:10E870003D4613E071480089C01B401E84B26F48BA
:10E8800041890398081A401E85B207E0039C6B4833
:10E890004089C01B401E85B200E0D1E700BF674839
:10E8A000008A002806D0012805D0022809D00328B4
:10E8B00018D10CE017E061480089001B401E84B2AB
:10E8C00011E05E484089401B401E85B20BE05B486A
:10E8D0000089001B401E84B258484089401B401EDE
:10E8E00085B200E0ACE700BF54480089A04203DBDA
:10E8F00052484089A84203DA51A0FDF781FE9FE704
:10E900004E48C08A022830D12046E117490F091825
:10E91000CA104A49498A6943511801914748016818
:10E920000198085C0090002E0FD12046E117490F96
:10E930000918C910C900611A80220A41009991433F
:10E940003E4A1368019A99540EE02046E117490F98
:10E950000918C910C900621A80211141009A0A439E
:10E9600036490B6801995A5466E03448C08A042835
:10E9700034D12046E117890F09188A102F49498A96
:10E980006943511801913046F117890F0918891010
:10E990008900711A8EB2294801680198085C0090BC
:10E9A0002046E117890F091889108900611A49006A
:10E9B000C0220A41009991430091E117890F09187B
:10E9C00089108900611A4A00B1011141009A11436E
:10E9D000CAB21A490B6801995A542DE01748C08AE7
:10E9E000072829D12046E10F09184A101349498AFE
:10E9F000694351180191114801680198085C009021
:10EA00002046E10F091849104900611A8900F022D7
:10EA10000A41009991430091E10F091849104900FA
:10EA2000611A8A0031011141009A1143CAB20349A7
:10EA30000B6801995A5400BF00BF01E764AB002086
:10EA4000457863656564696E6720646973706C619D
:10EA50007920626F756E6461726965730D0A0000DA
:10EA600010B500241BE008210E48FDF71DF9002811
:10EA700000D015E0601CC0B2044614280CDB002452
:10EA800000200949887309A10AA0FDF7B9FD0B49C7
:10EA90000BA0FDF7B5FD03E0642004F043FFE2E7BF
:10EAA00000BF10BD000D0040E88600205741524EC7
:10EAB000000000000A5B25735D00000004030300F2
:10EAC00025732054696D656F757421212100000044
:10EAD00010B500241CE008210F48FDF7E5F80028D8
:10EAE00000D016E0601CC0B2044614280DDB0024E0
:10EAF00000200A4988730AA10BA0FDF781FD0C498B
:10EB00000CA0FDF77DFD002010BD642004F00AFF7D
:10EB1000E1E700BF0120F7E7000D0040E886002094
:10EB20005741524E000000000A5B25735D00000053
:10EB30000D03030025732054696D656F75742121E1
:10EB400021000000012806D10649C96908221143A5
:10EB5000044AD16105E00349C96908229143014A89
:10EB6000D161704700280040012806D10649096A92
:10EB700010221143044A116205E00349096A102278
:10EB80009143014A1162704700280040012806D1D4
:10EB90000649496801221143044A516005E00349CE
:10EBA000496849084900014A5160704700280040FF
:10EBB0000146064A1068062302469A43104606227A
:10EBC0000A401043014A10607047000000280040CE
:10EBD000012806D10649096801221143044A11603F
:10EBE00005E00349096849084900014A1160704776
:10EBF000002800400149486170470000002800409B
:10EC000010B502A0FDF7FCFC10BD00000A70726593
:10EC1000737320727374206B657920646F75626CF6
:10EC2000652068616E646C65720A000010B511A001
:10EC3000FDF7E6FCFCF744F81648407902218843CA
:10EC4000801C144948710846808A3C214843124977
:10EC500009684018114908600F48006810490860A9
:10EC600000200C498873002220210E4805F03EFE4A
:10EC700010BD00000A707265737320727374206B8C
:10EC80006579206C6F6E672068616E646C65720ACE
:10EC900000000000E8860020580000203800002016
:10ECA00034000020D473002010B511A0FDF7A8FC9B
:10ECB0001748407B002803D000201549487302E024
:10ECC000012013494873124840792021884320309D
:10ECD0000F494871642088610846807AFF2806D071
:10ECE00000208873002220210A4805F0FFFD10BD96
:10ECF0000A707265737320727374206B6579207368
:10ED0000686F72742068616E646C65720A0000003E
:10ED1000E8860020D47300200146064A906A3F230B
:10ED20001B0402469A4310461A460A401043014A01
:10ED300090627047001001400146064A906A7F23A6
:10ED40001B0202469A4310461A460A401043014AE3
:10ED500090627047001001400146054A906AC00960
:10ED6000C0014A06520E1043014A906270470000EB
:10ED700000100140012806D10649896AC2071143E3
:10ED8000044A916205E00349896A49004908014A39
:10ED9000916270470010014030B587B004460121F0
:10EDA0002B48F8F75FFE002000F03CFA20780A219B
:10EDB000F5F7ACFE050120780A21F5F7A7FE0D4313
:10EDC0006846057660780A21F5F7A0FE05016078AF
:10EDD0000A21F5F79BFE0D4368464576A0780A2187
:10EDE000F5F794FE0501A0780A21F5F78FFE0D4393
:10EDF0006846857606A800F037F800F02BF9012068
:10EE000000F0EAF80120FFF7B5FF012000F0A6F8B6
:10EE100010A111A0FDF7F4FB1148006810494968E2
:10EE20000F4A92680E4BDB6802930392049105909F
:10EE30000B480069401C0A49496900910190A37878
:10EE4000627821780748FDF7DBFB07B030BD000092
:10EE5000020000014C4F47000A5B25735D00000073
:10EE6000E08700205884030010B50446A078FFF71F
:10EE700073FF61780802FFF75FFF21780804FFF74E
:10EE80004BFF10BD024880698006800E704700006D
:10EE9000001001408106890E014A9161704700000F
:10EEA00000100140024840698006800E7047000053
:10EEB000001001408106890E014A5161704700002F
:10EEC00000100140024800694006400E70470000F3
:10EED000001001404106490E014A116170470000CF
:10EEE000001001400248006AC006C00E70470000D2
:10EEF00000100140C106C90E014A116270470000AE
:10EF0000001001400248C0684006400E70470000F3
:10EF1000001001404106490E014AD16070470000CF
:10EF2000001001400248C0694007400F70470000D0
:10EF3000001001404107490F014AD16170470000AC
:10EF4000001001400148406AC0B270470010014003
:10EF5000C1B2014A5162704700100140012806D138
:10EF60000649C96B01221143044AD16305E00349F4
:10EF7000C96B49084900014AD163704740100140FC
:10EF8000F0B585B00646012700251EE002A800F076
:10EF900019F9684600F016F9002408E002A8005D9F
:10EFA0006946095D884200D003E0601CC4B2072CAA
:10EFB000F4DB00BF072C06D10027072202A9304648
:10EFC000F5F756FE03E0681CC5B2032DDEDB00BF7B
:10EFD000384605B0F0BD0000012806D10749496850
:10EFE000C2021143054A516006E004494968012202
:10EFF000D2029143014A5160704700000010014065
:10F0000010B500F019F8012811D109480079202124
:10F0100088432030064908710846408A052801DAED
:10F02000052048823C200349C88500F013F810BD34
:10F03000E8860020CC8B0020054880680121C902A9
:10F040000840002801D0012070470020FCE70000A4
:10F05000001001400120C002014988607047000093
:10F06000001001401CB501213C48F8F7FBFC0020D2
:10F0700000F0D8F8002000900190394949697D22BC
:10F080001201881A0A21F5F741FD04013449496942
:10F090007D221201881A0A21F5F738FD0C436846D3
:10F0A00004702F490969481C0A21F5F72FFD040156
:10F0B0002B490969481C0A21F5F728FD0C436846CD
:10F0C00044702749C8680A21F5F720FD0401244946
:10F0D000C8680A21F5F71AFD0C4368468470204978
:10F0E00088680A21F5F712FD04011D4988680A2184
:10F0F000F5F70CFD0C436846C470194948680A21AD
:10F10000F5F704FD0401164948680A21F5F7FEFCED
:10F110000C4368460471124908680A21F5F7F6FCA9
:10F1200004010F4908680A21F5F7F0FC0C43684612
:10F1300044710B48017E6846817100F013F801208C
:10F14000FFF70CFF022002F085FA0221084602F0C8
:10F150000DFB022002F0B6FA1CBD00000200000107
:10F16000E0870020FEB50546002622E0134800F0A7
:10F170006BF8284600F03EF8114800F065F8684644
:10F18000FFF7FEFE0746002F11D10127002407E0FC
:10F190006846005D295D884200D003E0601CC4B26F
:10F1A000072CF5DB00BF072C01D1002703E0701C02
:10F1B000C6B2032EDADB00BF3846FEBDACACACAC49
:10F1C000AA55AA5500B50146FFF79CFE4871FFF706
:10F1D00079FE0871FFF766FEC870FFF753FE88706E
:10F1E000FFF780FE4870FFF7ADFE0870FFF79AFE4C
:10F1F000887100BD00B503465879FFF78BFE18797A
:10F20000FFF768FED878FFF755FE9878FFF742FEC3
:10F210005878FFF76FFE1878FFF79AFE9879FFF796
:10F2200089FE00BD012806D10649896B01221143E0
:10F23000044A916305E00349896B49084900014A82
:10F240009163704700100140014908607047000059
:10F25000001001403EB50024012189020B48FCF753
:10F2600039FD142004F05EFB0EF004FA0EF0E6F90E
:10F270000EF0AEF96A4601A902A80EF097F804460E
:10F28000002C01D001203EBD0020FCE7000C004016
:10F2900010B50EF0D3F90EF09BF90EF0FDF810BD8D
:10F2A00038B5044600210091694620460EF0C8F8A2
:10F2B0000AA10BA0FDF7A4F9684600880121C90343
:10F2C000421A214608A0FDF79BF9684600880F49BD
:10F2D000884201D0012038BD0020FCE74C4F470098
:10F2E0000A5B25735D000000534344345820466F89
:10F2F0007263656450504D2057726974653A2025D9
:10F30000752C20526561643A20256400FFFF0000DF
:10F31000F0B58DB000200C9000270B900A900121D1
:10F3200089027248FCF7D6FC142004F0FBFA0EF0B8
:10F33000A1F90EF083F90EF04BF906AA07A908A867
:10F340000EF034F80446002C08D069A16AA0FDF73D
:10F3500057F921466AA0FDF753F90AE071A166A0AA
:10F36000FDF74EF96846038B828B018C6EA0FDF78A
:10F3700047F90027B4E07448408A142802DA1420C0
:10F38000714948820EF040F80446002C08D058A17C
:10F3900059A0FDF735F921466CA0FDF731F99EE043
:10F3A0000CA80DF0D9FF0446002C08D050A152A0A3
:10F3B000FDF726F9214670A0FDF722F98FE008A895
:10F3C000007C012853D075A14BA0FDF719F908A8BE
:10F3D000017C74A0FDF714F97D20C00004F0A2FAAE
:10F3E0000CA80DF0B9FF6DA143A0FDF709F908A81D
:10F3F000017C6CA0FDF704F908A8007C01286ED1FF
:10F400000AAA0BA909A80EF061F80446002C08D03E
:10F4100037A139A0FDF7F4F821466AA0FDF7F0F80E
:10F420005DE040A134A0FDF7EBF80A98F5F73EFF48
:10F430006F490290F5F75BFD0390F5F7B7FF0546BE
:10F440000E460B98F5F732FF69490290F5F74FFD2C
:10F450000390F5F7ABFF02460B4601960095059128
:10F4600004906846818C63A0FDF7CAF837E00AAAC9
:10F470000BA909A80EF02AF80446002C08D01CA1FC
:10F480001DA0FDF7BDF821464EA0FDF7B9F826E016
:10F4900024A119A0FDF7B4F80A98F5F707FF06466E
:10F4A0005349F5F724FD0546F5F780FF05910490D3
:10F4B0000B98F5F7FBFE06464D49F5F718FD054696
:10F4C000F5F774FF0391029005990498019100905B
:10F4D0006846818C47A0039B029AFDF791F87F1C38
:10F4E000012F00DA47E70DB0F0BD0000000C00402E
:10F4F0004552524F520000000A5B25735D00000028
:10F500005343443458204765742053657269616CD5
:10F51000204E756D626572204552524F523A202539
:10F52000690000004C4F4700534344345820536552
:10F530007269616C3A20307825303478253034781F
:10F540002530347800000000E8860020534344341E
:10F55000582053746172742053696E676C65204D36
:10F560006561737572656D656E74204552524F52B8
:10F570003A20256900000000534344345820476571
:10F5800074204461746120526561647920466C6125
:10F5900067204552524F523A202569005741524E3A
:10F5A00000000000534344345820476574204461F0
:10F5B0007461204E6F742052656164793A2025642D
:10F5C000000000004572726F722065786563757483
:10F5D000696E672053434434582052656164204D5E
:10F5E0006561737572656D656E743A2025690000FA
:10F5F00000007A44534344345820526561642043E8
:10F600004F323A2025752C2054656D7065726174F7
:10F610007572653A20252E3266432C2048756D6937
:10F62000646974793A20252E326652480000000041
:10F6300010B5012189020548FCF74CFB0EF01AF8C1
:10F640000DF0FCFF0DF0C4FF10BD0000000C0040E9
:10F650007FB50020039000250290019003A80DF0D3
:10F660007BFE0446002C08D012A114A0FCF7C8FFB2
:10F67000214614A0FCF7C4FF7FBD01AA02A9684679
:10F680000DF024FF0446002C08D00AA10BA0FCF7C3
:10F69000B7FF214614A0FCF7B3FF08E01DA107A0A7
:10F6A000FCF7AEFF684601881BA0FCF7A9FF00BF6E
:10F6B000E2E700004552524F520000000A5B2573FA
:10F6C0005D00000053434434582047657420446172
:10F6D000746120526561647920466C6167204552EF
:10F6E000524F523A202569004572726F7220657838
:10F6F00065637574696E67205343443458205265BE
:10F700006164204D6561737572656D656E743A2034
:10F71000256900004C4F470053434434582043614F
:10F720006C6962726174696F6E204D6F64652052FE
:10F7300065616420434F323A2025750010B50121E0
:10F7400089020D48FCF7C6FA7D20C0000AF076FF5A
:10F750000DF090FF0DF072FF0DF03AFF0DF054FF29
:10F760000446002C07D005A106A0FCF749FF21465E
:10F7700006A0FCF745FF10BD000C00404552524F5B
:10F78000520000000A5B25735D00000053434434BF
:10F790005820537461727420506572696F64696394
:10F7A000204D6561737572656D656E7420455252AA
:10F7B0004F523A20256900007CB5002403252946D4
:10F7C00068460FF0A5F90446002C01D001207CBD4D
:10F7D0000020FCE738B500240FF03CFA68460FF033
:10F7E00011FA0446002C01D0012038BD0020FCE7AE
:10F7F00038B500240FF02EFA68460FF003FA0446DD
:10F80000002C08D009A10BA0FCF7FAFE21460BA0A2
:10F81000FCF7F6FE07E012A106A0FCF7F1FE11A02E
:10F820000099FCF7EDFE0CF07FFB38BD4552524FBE
:10F83000520000000A5B25735D00000053485434F9
:10F840003058204765742053657269616C204E758D
:10F850006D626572204552524F523A202564000075
:10F860004C4F4700534854343058205365726961F7
:10F870006C204E756D6265723A20256400000000B0
:10F8800070B50446264680211E48FCF721FA102157
:10F890001C48FCF71DFAFF2101311A48FCF71AFA3F
:10F8A000FF2101311748FCF713FA00BF00251AE0C9
:10F8B00080203040002804D020211248FCF70AFAAA
:10F8C00003E020210F48FCF703FA80210D48FCF7E4
:10F8D00001FA00BF00BF80210A48FCF7F9F9700661
:10F8E000060E681CC5B2082DE2DB00BFFF21013106
:10F8F0000448FCF7EFF920210248FCF7E9F900BFC2
:10F9000070BD0000000D004070B504462646802101
:10F910002048FCF7DDF910211E48FCF7DBF9FF2138
:10F9200001311C48FCF7D6F9FF2101311948FCF7D9
:10F93000CFF900BF00251AE080203040002804D015
:10F9400020211448FCF7C6F903E020211148FCF7F8
:10F95000BFF980210F48FCF7BDF900BF00BF80212F
:10F960000C48FCF7B5F97006060E681CC5B2082DE8
:10F97000E2DB00BFFF2101310648FCF7ABF9202193
:10F980000448FCF7A5F910210248FCF7A1F900BFD3
:10F9900070BD0000000D004010B50A460168382413
:10F9A0000B46A3431946382313401943016010BD89
:10F9B0000A46016849084900D307DB0F1943016073
:10F9C000704710B50A46016802240B46A343194646
:10F9D000022313401943016010BD10B50A460168A7
:10F9E0000124E4020B46A34319462346134019435E
:10F9F000016010BD10B50A46016804240B46A343FC
:10FA00001946042313401943016010BD10B50A467E
:10FA10000168FF2401340B46A343194623461340D3
:10FA20001943016010BD10B50A460168C0240B4699
:10FA3000A3431946C02313401943016010BD10B5FC
:10FA40000A464168032464020B46A3431946234631
:10FA500013401943416010BD10B50A464168FF24A8
:10FA600001340B46A3431946234613401943416012
:10FA700010BD012904D14268CB021A43426004E060
:10FA800042680123DB029A4342607047012904D196
:10FA9000426801231A43426003E042685208520060
:10FAA0004260704710B50A46416820240B46A343C4
:10FAB0001946202313401943416010BD012904D188
:10FAC000426802231A43426003E0426802239A43D9
:10FAD0004260704710B50A46416804240B46A343B0
:10FAE0001946042313401943416010BD012904D174
:10FAF000426810231A43426003E0426810239A438D
:10FB000042607047012904D1426808231A434260C9
:10FB100003E0426808239A434260704702218160F3
:10FB2000704704218160704701218160704708217E
:10FB30008160704701460869C007C00F002801D0E6
:10FB4000012070470020FCE70146086902221040AE
:10FB5000002801D0012070470020FCE70146886999
:10FB6000704741617047000070B502465401141996
:10FB7000144D6419645C20252C40002C00D070BD0D
:10FB8000921E891E002018E0002313E00E4C245C16
:10FB90000425EE1A0125B5402C40002C01D030245C
:10FBA00000E02024D5186E01AD19064EAD190E18CF
:10FBB000AC555B1C052BE9DB401C0528E4DB00BFD2
:10FBC000DDE7000055EA0020FB060020F7B50346FC
:10FBD000581C002804D098181924E401A04202DD22
:10FBE0000020C043FEBD002122E0541A641E012003
:10FBF000A040019C2040002819D05818C5176D0F4F
:10FC00002D18ED100C4E755D5C18E617760F361941
:10FC1000F610F600A61B0727BF1B0126BE40354382
:10FC20005818C617760F3618F610034FBD55491CE5
:10FC30009142DADB9818D5E796EE0020F8B5254D0D
:10FC400028682D68691E01220125009500233BE0EC
:10FC5000002436E000BF80185242002A16DA009DC8
:10FC60004919002903DB1B4D2D68A9420ED100293B
:10FC700001DA002502E0174D2D686D1E2946009D12
:10FC80006D420095801E062800D1401E4501451991
:10FC9000114EAD196D5C20263540002DDBD10F4D86
:10FCA000ED5C0726371B0126BE403540002D01D0F4
:10FCB000022500E0002546018619074FF619755404
:10FCC000641C082CC6DB5B1C054D2D68AB42BFDBFA
:10FCD000F8BD0000D406002055EA002046F30020BD
:10FCE000E006002070B502460B46002018E0002117
:10FCF00013E00D4C245C06256E1A0125B5402C40FE
:10FD0000002C01D0302400E0202455186E01AD19DC
:10FD1000064EAD191E18AC55491C0729E9DB401CDD
:10FD20000728E4DB70BD0000F406002055EA00203F
:10FD300070B503464C4C2468002C06D0012C02D030
:10FD4000022C06D103E0002205E0082203E018227D
:10FD500001E0102200BF00BFD218910200200CE089
:10FD60000E24251A0124AC400C40002C04D004249D
:10FD7000251A3E4CAC406140401C0528F0DB940243
:10FD800061183B4C614000200AE0012484400C4093
:10FD9000002C01D0302500E02025364C2554401C95
:10FDA0000528F2DD40240C40002C01D0302500E075
:10FDB0002025304CE57180240C40002C01D03025EA
:10FDC00000E020252B4C2572FF2401340C40002C30
:10FDD00001D0302500E02025264C213C2572092049
:10FDE0000FE0012484400C40002C01D0302400E0BE
:10FDF00020240E252D1A6E01AD191F4EAD192C723F
:10FE0000401C0E28EDDD002011E0012484400C4050
:10FE1000002C01D0302500E02025184C2468641EF9
:10FE2000241A6601A419144EA4192572401C07282F
:10FE3000EBDD3026114C2568083D0E4C6655082038
:10FE40000EE0012484400C40002C01D0302500E05D
:10FE500020250A4C24680F3C2618064CA555401C4A
:10FE60000E28EEDD70BD0000E4060020370500001E
:10FE7000125400005DEB002055EA0020D40600205B
:10FE800030B500210846FFF72DFF67490968C81FF4
:10FE90000021FFF727FF64480068C11F0020FFF71B
:10FEA00021FF00242BE0202160480155600120182B
:10FEB0005E4AE73A8018C1715B480068083800194B
:10FEC00042018018594AE73A8018C17156480068C3
:10FED000083842018018554AE73A801801555248BF
:10FEE00000680838021951488154600120184F4AAF
:10FEF000E73A82184C48006808381154641C082CF2
:10FF0000D1DB00240AE0202148482130015560015E
:10FF10002018464AE73A80180172641C092CF2DB6B
:10FF2000002412E0202140480068083802193F48A8
:10FF3000213081543C48006808380019420180187B
:10FF40003A4AE73A80180172641C082CEADB00F098
:10FF500043F9002438E0364909684A225143354ABA
:10FF600089180E316200885A0621FFF7FDFD3048DE
:10FF700000684A2250432F4A80180E306200815A8E
:10FF80000620FFF7F1FD002514E0294A12684A23F4
:10FF90005A43284BD2180E326B00D15A244A1268A9
:10FFA0004A235A43234BD2180E326300D05AFFF72C
:10FFB000DBFD6D1C1E4800684A2148431D4940185E
:10FFC0008089A842E1DC641C194800684A21484342
:10FFD000184940188089A042BDDC08241DE0204655
:10FFE000E10F091849104900611A01D1302100E0E0
:10FFF00020216201A2180D4BE73BD21891712046D7
:020000040001F9
:10000000E10F091849104900611A01D1302200E0BE
:100010002022064921390A55641C03480068093822
:10002000A042DCDA30BD0000D40600203CEB00200A
:10003000E8060020586A0300F1B582B00024C1E050
:100040000025B9E06801281861494018005D2021A9
:100050000840002877D10298030001F0D6FA07057E
:10006000111D2833475D78006019C10F0918491028
:100070004900411A01D1012100E0002101917EE0F7
:100080002046E10F091849104900611A01D10121E8
:1000900000E00021019172E003212846F4F74CFDB5
:1000A000002901D1012000E00020019067E06019E3
:1000B0000321F4F741FD002901D1012000E00020D7
:1000C00001905CE003212846F4F736FD2746E10F56
:1000D000C91949104618F00F801940104000301A15
:1000E00001D1012000E00020019048E02146694351
:1000F00008460321F4F720FD204668430646C00F5A
:10010000801940104000301A0818002801D1012041
:1001100000E00020019032E02146694308460321B7
:10012000F4F70AFD204668430746C00FC019401087
:100130004000381A0E18F00F801940104000301A95
:1001400002D1012001E036E00020019017E02146B5
:10015000694308460321F4F7EFFC6719F80FC0194B
:1001600040104000381A0E18F00F8019401040005F
:10017000301A01D1012000E00020019000BF00BF33
:100180006801281812494018005DFE2108406901E5
:1001900069180F4A8918095D02221140012901DD01
:1001A000012100E00021019A5140084369016918CA
:1001B000074A891808556D1C06480068854200DA10
:1001C00040E7641C03480068844200DA38E7FEBD5B
:1001D00055EA0020D406002030B5234B1B68062BBF
:1001E00000DC30BD204B1B681A0300200CE01123FB
:1001F0001C1A0123A3401340002B04D005231C1A12
:100200001A4BA3405A40401C0628F0DB164B1B68D3
:100210001B039A18002022E000211DE04300C318B0
:100220005C180123A3401340002B01D0302400E0D0
:1002300020244301C3180E4D5D190E4B1B680B3B68
:100240005B18EC540B4B1B680B3B5B185D015B1997
:10025000074D5B191C54491C0329DFDB401C062891
:10026000DADB00BFBDE70000E8060020251F000024
:1002700055EA0020D4060020FFB581B00F46C825FE
:10028000C82600214848FFF725FC10214748FBF706
:1002900021FD002F3AD0002426E00198015D42485C
:1002A000FFF75FFC00BF4048FFF74EFC002800D07E
:1002B00006E0012000F00AFA28466D1E0028F2D15F
:1002C00000BF00BF3848FFF735FC002800D006E02B
:1002D000012000F0FBF93046761E0028F2D100BF65
:1002E0003148FFF73BFC641CBC42D6DB002D05D136
:1002F0002D4801692E4A2FA0FCF782F9002E05D166
:10030000294801692A4A35A0FCF77AF9C825C82688
:10031000049800283DD0002428E000212248FFF75F
:1003200020FC00BF2048FFF70FFC002800D006E0AB
:10033000012000F0CBF928466D1E0028F2D100BF45
:1003400000BF1948FFF7F6FB002800D006E00120A7
:1003500000F0BCF93046761E0028F2D100BF1248EA
:10036000FFF7FCFBC1B203980155641C049884425A
:10037000D3DB002D05D10C4801690D4A0DA0FCF717
:100380003FF9002E05D108480169094A13A0FCF77E
:1003900037F910210548FBF79BFC04210248FFF7C1
:1003A00099FB05B0F0BD000000480140000C004082
:1003B000250B02000A205772697465205478205476
:1003C000696D656F757420535049322D3E49535203
:1003D00020253034782025730A0000000A20577247
:1003E00069746520526563762054696D656F757414
:1003F00020535049322D3E49535220253034782025
:1004000025730A001CB50EF081FC002080210D4BE5
:100410000DA2009101900FA1124806F021FC0446A4
:10042000114A06210F4806F02BFB002C09D007E0EB
:100430007D20C00003F076FA0C490DA0FCF7E0F82F
:10044000F6E71CBD319201006664625F74736462FA
:10045000000000006F66666C696E655F64617461C0
:1004600000000000F8E60020000400202003030044
:100470000A2573204661696C0A00000010B501214D
:100480003948F7F7EFFA002210213848FDF738FB1A
:1004900010213648FBF71CFC01213548F7F7E2FA3A
:1004A00000213448FFF799FAFF2101313148FFF765
:1004B000ADFA00212F48FFF7B6FA00212D48FFF7CB
:1004C0006BFA00212B48FFF795FA00212948FFF726
:1004D00078FA00212748FFF76BFA01212548FFF73A
:1004E000EDFA00212348FFF7C4FA00212148FFF765
:1004F000A6FA00211F48FFF7AFFA00211D48FFF7B9
:10050000D1FA00211B48FFF7F1FA00211948FFF743
:10051000F9FA04211748FFF7DDFA1648FFF704FB44
:100520001448FFF7FBFA1348FFF7FBFA1148FFF7EF
:10053000FEFA01210F48FFF7A9FA002201210B481A
:10054000F6F731FD002202210848F6F72CFD0022C3
:1005500004210648F6F727FD002208210348F6F794
:1005600022FD00F0A2FD10BD07000001000C0040BC
:100570000200000300480140012080030249886016
:10058000024803490860704700ED00E000127A005D
:100590008400002010B536480068401C34490860CB
:1005A000084600683B2862DD002008600846406875
:1005B000401C4860084640683B2858DD00204860E1
:1005C00008468068401C88600846806817284EDD11
:1005D000002088600846C068401CC86008468069E2
:1005E000401C886108468069062801DD002088617A
:1005F0001F48006980001F49085C1F4908701C489B
:100600004469E017800F001980108000201A06D17D
:10061000174948696421F4F78FFA002907D1144972
:100620004869FF219131F4F787FA002908D1104871
:100630000069012804D110480078401C0E49087058
:100640000B48C0680C490978884210DD0120084930
:10065000C86008460069401C0861084600690B280C
:1006600005DD0020086108464069401C486110BD56
:10067000E0870020380B02005C000020084A9169E6
:1006800040000F221205904200D9104600BF044AD4
:1006900092698A1A1202120A8242F8D37047000045
:1006A00000E000E070B504460D467D26B60109E085
:1006B000002D03D0A847002800D070BD3046FFF7BA
:1006C000DDFF641E002CF3D100BFF6E710B5034632
:1006D0000448834200D90346DC002046FFF7CEFFE2
:1006E00010BD0000A086010010B5254800F02BFBCE
:1006F00001281AD1224800F07AFB012815D12048A0
:1007000000F097FBC4B21F48008B7D21C9008842CE
:100710000ADA1C48018B008B401C1A4A10831A48C5
:10072000445402201146488300BF154800F049FB9D
:1007300001281CD1124800F06FFB012817D1124884
:100740003038418D008D81420EDA0F483038408DAF
:100750000E4A115C0A4800F071FB0B483038408D9E
:10076000401C094930394885054800F05FFB0848BE
:10077000408A052802DA05200549488210BD00009C
:1007800000200140A8970020D8930020E88F002087
:10079000E886002010B50E4800F0D5FA012809D1EE
:1007A0000B4800F024FB012804D1094800F041FB6C
:1007B000C4B200BF064800F004FB012807D104487A
:1007C00000F02AFB012802D1014800F02FFB10BDE8
:1007D0000068014010B5224800F0B5FA01281AD18E
:1007E0001F4800F004FB012815D11D4800F021FB33
:1007F000C4B21C48008B7D21C90088420ADA19481E
:10080000018B008B401C174A108317484454022068
:100810001146488300BF124800F0D3FA01281ED1C8
:100820000F4800F0F9FA012819D10F483038408DEF
:100830000D493039098D88420EDA0B483038408D29
:100840000A4A115C0A4800F0F9FA07483038408D2E
:10085000401C054930394885014800F0E7FA10BDD1
:10086000006C0140849F0020B49B0020C4970020AE
:100870000020014010B50E4800F065FA012809D1AA
:100880000B4800F0B4FA012804D1094800F0D1FA6D
:10089000C4B200BF064800F094FA012807D104480A
:1008A00000F0BAFA012802D1014800F0BFFA10BDE9
:1008B0000070014010B50E4800F045FA012809D13A
:1008C0000B4800F094FA012804D1094800F0B1FA6D
:1008D000C4B200BF064800F074FA012807D10448EA
:1008E00000F09AFA012802D1014800F09FFA10BDE9
:1008F0000074014010B5224800F025FA01281AD1F1
:100900001F4800F074FA012815D11D4800F091FA33
:10091000C4B21C48008B7D21C90088420ADA1948FC
:10092000018B008B401C174A108317484454022047
:100930001146488300BF124800F043FA01281ED137
:100940000F4800F069FA012819D10F483038408D5E
:100950000D493039098D88420EDA0B483038408D08
:100960000A4A115C064800F069FA07483038408DA1
:10097000401C054930394885014800F057FA10BD40
:100980000078014060A7002090A30020A09F0020D5
:10099000F3B585B00F460598F4F793FC0546384645
:1009A000F4F78FFC06462946F4F7A1FA04907F215C
:1009B000C9050498F4F748FD13D20498F4F7F6FC3F
:1009C00005460022094BF4F782FB0022084B0191F7
:1009D0000090F4F7D7FA03910290F4F7C9FC0446AB
:1009E00000E00024204607B0F0BD00000000F03F0A
:1009F0000000E03F30B505460C462846616800F02F
:100A00003DF92846A16800F048F92846E16800F061
:100A100038F92846616900F064F9617C284600F0E5
:100A2000AAF9217C284600F0B3F92178284600F085
:100A300095F96178284600F0B8F9A178284600F0C9
:100A4000CAF9A17E284600F040F9E17E284600F070
:100A50006EF9A17C284600F02CF9217E284600F092
:100A60004DF9617E284600F055F930BD70B588B06B
:100A700006460C4615467A48864228D1A068F6F705
:100A800067FF0120F6F750FF01217648F6F7EAFFED
:100A9000A068002804D0012808D0022815D10EE053
:100AA000A9682068FFF774FF02900FE00120F7F7B4
:100AB0004FF8E9682068FFF76BFF029006E02968AD
:100AC0002068FFF765FF029000E000BF63E0664822
:100AD000864229D1A068F6F75DFF0120F6F746FFB0
:100AE00001216048401CF6F7BDFFA068002804D033
:100AF000042808D0082815D10EE0A9682068FFF75F
:100B000047FF02900FE00120F7F722F8E96820681C
:100B1000FFF73EFF029006E029682068FFF738FFE4
:100B2000029000E000BF36E0504886420AD1012121
:100B30004C48801CF6F796FFA9682068FFF728FF4D
:100B4000029028E04A4886420AD101214548C01C4B
:100B5000F6F788FFA9682068FFF71AFF02901AE0ED
:100B6000444886420AD101213E48001DF6F77AFF2B
:100B7000A9682068FFF70CFF02900CE03E4886420F
:100B800009D101213748401DF6F76CFFA96820689C
:100B9000FFF7FEFE02902079012810D1402003903B
:100BA0006079012802D1102004903FE0607902288A
:100BB00002D12020049039E00020049036E0207912
:100BC000022810D1802003906079012802D11020E2
:100BD00004902BE06079022802D12020049025E0C7
:100BE0000020049022E0207900280FD10390607942
:100BF000012802D11020049018E06079022802D167
:100C00002020049012E0002004900FE0C020039008
:100C10006079012802D11020049007E06079022851
:100C200002D12020049001E000200490A079002847
:100C300001D1069002E0FF200130069000216846B5
:100C4000017141718171417501758177C17781753C
:100C50000177417701A93046FFF7CCFE08B070BD9F
:100C6000002001400800000300680140006C0140C2
:100C70000070014000740140007801408AB2826136
:100C8000704710B50A46016830240B46A343194645
:100C9000302313401943016010BD10B50A460168A6
:100CA000C0240B46A3431946C023134019430160D7
:100CB00010BD012904D1026802231A43026003E037
:100CC000026802239A4302607047012904D1026836
:100CD00008231A43026003E0026808239A43026073
:100CE000704710B50A460168FF2401340B46A34340
:100CF0001946234613401943016010BD012904D150
:100D0000026801231A43026003E00268520852009D
:100D100002607047012904D102684B041A43026043
:100D200004E0026801235B049A43026070470129D2
:100D300004D1026804231A43026003E0026804231A
:100D40009A430260704701464868FF220132104012
:100D5000002801D0012070470020FCE7012904D1C0
:100D600042680B021A43426004E04268FF230133E9
:100D70009A4342607047012904D142688B021A43AA
:100D8000426004E0426801239B029A43426070473C
:100D9000012904D14268CB021A43426004E0426850
:100DA0000123DB029A4342607047012904D1426863
:100DB00002231A43426003E0426802239A434260DE
:100DC000704701464868C007C00F002801D00120C5
:100DD00070470020FCE7012904D1426801231A432F
:100DE000426003E042685208520042607047014688
:100DF0008868FF2201321040002801D0012070478E
:100E00000020FCE70146886802221040002801D03B
:100E1000012070470020FCE701468868C007C00F2A
:100E2000002801D0012070470020FCE701218160EB
:100E3000704701460869C005C00D7047CA05D20D4C
:100E40004261704770B58AB004460E46012162487F
:100E5000F6F708FE6148201A01D1002505E02D2093
:100E6000C002201A800A401CC5B22B0000F0CDFB46
:100E700006041B344962799200200990002208215F
:100E80005748F6F790F8002210215548F6F78BF8EE
:100E9000092000F0FBFB0221092000F0A3FC09203F
:100EA00000F01CFC77E000200990002208214C484B
:100EB0004038F6F778F80022102149484038F6F714
:100EC00072F80A2000F0E2FB02210A2000F08AFCFE
:100ED0000A2000F003FC5EE0002204214148F6F7FE
:100EE00062F8002208213F48F6F75DF80B2000F079
:100EF000CDFB02210B2000F075FC0B2000F0EEFB77
:100F000049E000220121890236484030F6F74BF8CB
:100F100000220121C90233484030F6F744F80C2082
:100F200000F0B4FB02210C2000F05CFC0C2000F06F
:100F3000D5FB30E00022012129488038F6F733F84C
:100F40000022022126488038F6F72DF80D2000F007
:100F50009DFB02210D2000F045FC0D2000F0BEFBA2
:100F600019E00022FF2101311E484038F6F71BF836
:100F70000022012149021B484038F6F714F80E20E0
:100F800000F084FB02210E2000F02CFC0E2000F06B
:100F9000A5FB00E000BF00BF0796012108A8017073
:100FA0000021417081706846F6F760FB6A4607A928
:100FB0002046FFF75BFD01212046FFF7CFFE012110
:100FC0002046FFF776FE01212046FFF797FE00201E
:100FD000C043A0600AB070BD0700000100200140BE
:100FE000400D0040400C0040012806D10649496AE6
:100FF00001221143044A516205E00349496A490844
:101000004900014A5162704700F801400146064A12
:10101000506A0E2302469A4310460E220A4010439D
:10102000014A50627047000000F8014000B50748CF
:101030004368180CD94389B2884203D1D8B200F072
:1010400019F802E01F2000F015F800BD40FBFF1F5B
:10105000012806D10649496980221143044A516199
:1010600005E00349496980229143014A5161704773
:1010700000F801400146054A5069800980018A064E
:10108000920E1043014A50617047000000F8014081
:1010900008B500200090B9206946087000231A4660
:1010A00001216846FFF7E8F808BD1CB50020009054
:1010B0000190AB2069460870012301AA042168460B
:1010C000FFF7DAF81CBD0000F0B587B000277848BC
:1010D00078494861784888617848C861322008704A
:1010E00077488881774808623030486276480861DE
:1010F00008460FF077FC0446002C09D073A175A0B8
:10110000FBF77EFA214675A0FBF77AFA07B0F0BD2F
:1011100068480FF03BFC0446002C08D06BA16DA082
:10112000FBF76EFA21467DA0FBF76AFAEEE78B48E3
:10113000F3F739FA0446002C08D064A165A0FBF748
:101140005FFA214686A0FBF75BFADFE759480FF00C
:10115000D8FC0446002C08D05CA15EA0FBF750FA36
:1011600021468FA0FBF74CFAD0E7781CC7B200BF2E
:101170009B4950480FF0ABFC0446002C08D053A10B
:1011800054A0FBF73DFA214696A0FBF739FABDE7DC
:10119000A3480068401CA24908604648C169C820AD
:1011A00088478F48007880210840002803D09C4859
:1011B00000680A28DCD99A4800680A2817D33D48F5
:1011C0000FF0AAFA0446002C08D040A141A0FBF77A
:1011D00017FA214683A0FBF713FA97E73BA13DA03E
:1011E000FBF70EFA21468FA0FBF70AFA8EE70020E4
:1011F0008B49086092492F480FF0DFFB0446002C12
:1012000008D032A133A0FBF7FBF921468DA0FBF7F4
:10121000F7F97BE79B4B8A4A26495048F3F7F2FAE5
:101220000446002C0AD0012C08D028A129A0FBF7E5
:10123000E7F9214694A0FBF7E3F967E7A2A125A00F
:10124000FBF7DEF98F49886BF4F7B0F805460E46D8
:101250008C49C86BF4F7AAF8059104909B488079F3
:1012600003970196009502900B469948049AFBF764
:10127000C7F9012C07D197A116A0FBF7C1F997A0D8
:10128000FBF7BEF911E093A112A0FBF7B9F998A002
:10129000FBF7B6F97B49C86B9A49F3F7EBFD0546B6
:1012A000F4F751F881B28948818000BF2EE7000031
:1012B0006507020078E700208B070200F70A0200AA
:1012C000102300004C040020B10400204552524F6E
:1012D000520000000A5B25735D0000004572726FCA
:1012E0007220256420647572696E6720726561647E
:1012F000696E67207A6D6F643434313020696E66B0
:101300006F726D6174696F6E2C2065786974696E97
:10131000672070726F6772616D2100004572726F95
:101320007220256420647572696E67207072657022
:1013300061726174696F6E206F6620746865207ACF
:101340006D6F64343431302C2065786974696E6750
:101350002070726F6772616D21000000C0E700208D
:101360004572726F72202564207768656E207A6DF1
:101370006F643434313020696E697469616C697AE4
:10138000696E6720616C676F726974686D2C206587
:10139000786974696E672070726F6772616D210081
:1013A0004572726F72202564207768656E207A6DB1
:1013B0006F6434343130207374617274696E6720E5
:1013C0006D6561737572656D656E742C20657869E5
:1013D00074696E672070726F6772616D2100000022
:1013E000B00400204572726F72202564206475720B
:1013F000696E672072656164206F66207A6D6F6424
:1014000034343130207374617475732C20657869BD
:1014100074696E672070726F6772616D21000000E1
:10142000AC0400204572726F722025642C20657810
:101430006974696E672070726F6772616D210A004E
:10144000A0E700204572726F7220256420647572D7
:10145000696E672072656164207A6D6F643434311F
:1014600030206F662041444320726573756C74733D
:101470002C2065786974696E672070726F6772617D
:101480006D21000008E800204572726F722025640B
:10149000207768656E207A6D6F6434343130206354
:1014A000616C63756C6174696E6720616C676F72E3
:1014B0006974686D2C2065786974696E6720707234
:1014C0006F6772616D2100004C4F47005887002004
:1014D0006C8603005741524E000000005A4D4F44A5
:1014E00034345858205761726D75702E2E2E0000BE
:1014F0005A4D4F44343458582056616C69642E2E2E
:101500002E00000000007A440FB410B503A9044B6C
:10151000044A029800F014FE10BC08BC04B018473E
:10152000517201000C0800200FB47CB50C0009AD0D
:1015300001D0611E00E0002101910090074B6A4636
:101540002946089800F0FCFD002C02D0009A0021EA
:1015500011707CBC08BC04B0184700007D28010055
:101560000FB410B504A9074B02AA039800F0E8FDD8
:10157000044602A9002001F08CF9204610BC08BCEA
:1015800004B01847932801007CB51D4616460C0090
:1015900001D0611E00E0002101910090054B6A46D8
:1015A0002946304600F0CCFD002C02D0009A0021E4
:1015B00011707CBD7D28010037B514460846064BE6
:1015C0006A46214600F0BCFD04466946002001F051
:1015D00060F920463EBD0000932801002021020C46
:1015E00001D010211046020A01D010460839020924
:1015F00001D01046091F820801D01046891E4208FA
:1016000001D0881E7047081A704730B47446641EB3
:101610002578641CAB4204D3635D5B00E31830BCE7
:1016200018471D46F8E700004900CA0202431000AF
:1016300000D004204A0D01D001221043044A490D74
:10164000914201D102210843012800D105207047B1
:10165000FF070000002815DBC206D20E01219140D1
:10166000094A116000BF00BF00BFBFF34F8F00BF2A
:1016700000BF00BF00BF00BF00BFBFF36F8F00BF40
:1016800000BF00BF7047000080E100E0002815DBCC
:10169000C206D20E01219140094A116000BF00BF6D
:1016A00000BFBFF34F8F00BF00BF00BF00BF00BF30
:1016B00000BFBFF36F8F00BF00BF00BF70470000C7
:1016C00080E100E0002805DBC206D20E0121914036
:1016D000014A11607047000000E100E0002805DBCE
:1016E000C206D20E01219140014A116070470000EC
:1016F00000E100E010B5002819DB1A4A03231B02A1
:10170000D21883089B00D2588307DC0EFF23A34026
:101710009A438B071B0E8407E40EA3401A43114B18
:10172000032424021B198408A4001A5118E00E4A4D
:1017300003071B0F083B9B089B00D2588307DC0E56
:10174000FF23A3409A438B071B0E8407E40EA3409C
:101750001A43054B0407240F083CA408A4001A519F
:1017600010BD000000E100E01CED00E010B5002815
:1017700019DB1A4A03231B02D21883089B00D25894
:101780008307DC0EFF23A3409A438B071B0E8407BD
:10179000E40EA3401A43114B032424021B198408AE
:1017A000A4001A5118E00E4A03071B0F083B9B08C0
:1017B0009B00D2588307DC0EFF23A3409A438B077C
:1017C0001B0E8407E40EA3401A43054B0407240FA5
:1017D000083CA408A4001A5110BD000000E100E07C
:1017E0001CED00E010B5002819DB1A4A03231B0288
:1017F000D21883089B00D2588307DC0EFF23A34036
:101800009A438B071B0E8407E40EA3401A43114B27
:10181000032424021B198408A4001A5118E00E4A5C
:1018200003071B0F083B9B089B00D2588307DC0E65
:10183000FF23A3409A438B071B0E8407E40EA340AB
:101840001A43054B0407240F083CA408A4001A51AE
:1018500010BD000000E100E01CED00E010B5002824
:1018600019DB1A4A03231B02D21883089B00D258A3
:101870008307DC0EFF23A3409A438B071B0E8407CC
:10188000E40EA3401A43114B032424021B198408BD
:10189000A4001A5118E00E4A03071B0F083B9B08CF
:1018A0009B00D2588307DC0EFF23A3409A438B078B
:1018B0001B0E8407E40EA3401A43054B0407240FB4
:1018C000083CA408A4001A5110BD000000E100E08B
:1018D0001CED00E000BF00BF00BFBFF34F8F00BF93
:1018E00000BF00BF06480749C86000BF00BF00BF77
:1018F000BFF34F8F00BF00BF00BF00BF00BFFDE7B9
:101900000400FA0500ED00E00048704708080020D8
:10191000F8B504464F1EC8000838211815461E4663
:10192000086849683A4606239A4310D02A46334647
:10193000F3F7DCFB3A46D200083AA3181A687F1E78
:101940005B68F3F71FFB06223B469343EED1022F61
:1019500023D0042F11D0062F2FD12A463346F3F778
:10196000C5FBE36AA26AF3F70DFB2A463346F3F799
:10197000BDFB636A226AF3F705FB2A463346F3F799
:10198000B5FBE369A269F3F7FDFA2A463346F3F79C
:10199000ADFB63692269F3F7F5FA2A463346F3F79C
:1019A000A5FBE368A268F3F7EDFA2A463346F3F79E
:1019B0009DFB63682268F3F7E5FAF8BD002210B5D5
:1019C000134610460149F3F7F9FB10BD0000F03F44
:1019D00010B50122F3F77EFE10BD10B5F3F7D2FA71
:1019E00010BD002210B5134610461146F3F7E6FB72
:1019F00010BD000010B50721024A00200907F3F7C7
:101A000069FE10BD01030000034A10B50020110754
:101A1000F3F760FE10BD000001FDFFFF02E008C803
:101A2000121F08C1002AFAD170477047002001E058
:101A300001C1121F002AFBD1704700000149086054
:101A40007047000008080020F8B504460D46164609
:101A50000027607D002801D00120F8BD32462946CC
:101A6000A06804F023FC002800DA01273846F4E7D8
:101A7000F8B504460D4616461F4600200090607DCE
:101A8000002801D00220F8BD3B4632462946A06816
:101A900004F02EFD002801DA022000900098F2E701
:101AA000F8B504460D4616461F4600200090607D9E
:101AB000002801D00220F8BD3B4632462946A068E6
:101AC00004F0DAFD002801DA032000900098F2E724
:101AD00070B502460023481E014604460AE0C808C5
:101AE000105C4E07760F802535412840002800D134
:101AF00004E05B1C0846491E0028F0D100BFE01A34
:101B000070BD0000FFB581B004460E461546002C9E
:101B100011D15AA0FAF774FD5BA0FAF771FD1B22F0
:101B20005AA165A0FAF76CFD664A67A167A0FAF7AB
:101B300067FD00BFFEE7002E11D150A0FAF760FD4F
:101B400051A0FAF75DFD1C2250A15BA0FAF758FDE9
:101B50005C4A66A15DA0FAF753FD00BFFEE7002DC9
:101B600011D146A0FAF74CFD47A0FAF749FD1D2216
:101B700046A151A0FAF744FD524A5EA153A0FAF7DC
:101B80003FFD00BFFEE7207D002802D0002005B009
:101B9000F0BD2660049820710A982062607D0028BC
:101BA0003AD104F0F9FA284604F038FCA060002885
:101BB0000BD132A0FAF724FD33A0FAF721FD294614
:101BC0004EA0FAF71DFD0420E1E7A16808461C308D
:101BD00004F0EAF9076AE068002801D1E76017E03D
:101BE0003946E068F2F792FF002911D023A0FAF7F6
:101BF00007FD25A0FAF704FD452224A12EA0FAF73F
:101C0000FFFC304A46A131A0FAF7FAFC00BFFEE71C
:101C1000A068806B206100BFE1682069F2F776FF61
:101C2000002911D015A0FAF7EBFC17A0FAF7E8FC91
:101C30004D2216A120A0FAF7E3FC224A40A123A0DE
:101C4000FAF7DEFC00BFFEE7E1682069F2F75EFF0D
:101C5000022811D209A0FAF7D3FC0BA0FAF7D0FCA6
:101C60004F220AA114A0FAF7CBFC164A3DA117A0F7
:101C7000FAF7C6FC00BFFEE7002088E75B466C6110
:101C8000736844425D000000200000002E2E5C437B
:101C90006F6D70656E74735C4D6F64756C65735CAD
:101CA000466C61736844422D312E312E325C737262
:101CB000635C6664622E63002825733A25642920DC
:101CC00000000000B460030064620000282573294E
:101CD0002068617320617373657274206661696C3A
:101CE00065642061742025732E0A00006E616D65A5
:101CF0000000000070617468000000004572726F9F
:101D0000723A20506172746974696F6E202825736D
:101D100029206E6F7420666F756E642E0A000000B5
:101D200064622D3E7365635F73697A652025206266
:101D30006C6F636B5F73697A65203D3D20300000F6
:101D400064622D3E6D61785F73697A652025206439
:101D5000622D3E7365635F73697A65203D3D203077
:101D60000000000064622D3E6D61785F73697A65E2
:101D7000202F2064622D3E7365635F73697A65204E
:101D80003E3D20320000000070B504460D46002D97
:101D900013D10120207514480078002822D113A007
:101DA000FAF72EFC14A0FAF72BFC14A115A0FAF7F1
:101DB00027FC01200C49087014E0A07D002811D1F7
:101DC0000AA0FAF71DFC0CA0FAF71AFC2079226889
:101DD000002801D114A000E015A001462B4616A052
:101DE000FAF70EFC70BD0000F00400205B466C6149
:101DF000736844425D00000020000000312E312E47
:101E000032000000466C61736844422056257320FE
:101E1000697320696E697469616C697A652073758C
:101E200063636573732E0A004B5644420000000042
:101E300054534442000000004572726F723A2025EC
:101E400073202825732920697320696E697469617C
:101E50006C697A65206661696C20282564292E0AE0
:101E600000000000F8B505460E4614460027FF4363
:101E7000F01DC108FF222846F2F71BFF002C08D0F6
:101E8000601EC708E85D6207520FFF21114108403C
:101E9000E8553846F8BD0000FFB583B00F4615463B
:101EA0001E46002002900C98B04211D31DA0FAF7F4
:101EB000A7FB21A0FAF7A4FB8D2220A12CA0FAF702
:101EC0009FFB2E4A2EA135A0FAF79AFB00BFFEE732
:101ED000002D11D113A0FAF793FB17A0FAF790FB8E
:101EE0008E2216A122A0FAF78BFB244A33A12BA045
:101EF000FAF786FB00BFFEE7314628460C9AFFF74B
:101F0000B1FF0446601C002801D107B0F0BD0D9858
:101F10002A193919012300900398FFF7C1FD029097
:101F20000298F2E75B466C61736844425D5B7574CE
:101F3000696C735D00000000200000002E2E5C43E1
:101F40006F6D70656E74735C4D6F64756C65735CFA
:101F5000466C61736844422D312E312E325C7372AF
:101F6000635C6664625F7574696C732E6300000065
:101F70002825733A25642920000000001865030015
:101F80007374617475735F696E646578203C207347
:101F900074617475735F6E756D0000002825732978
:101FA0002068617320617373657274206661696C67
:101FB00065642061742025732E0A000073746174B7
:101FC00075735F7461626C6500000000F0B51FB44A
:101FD00086B00998089A030D0021024314D0514895
:101FE000514A1818504305141198012810981AD016
:101FF000281A401C00264D4F4D490096019104902F
:10200000002812DA444211E01198012449A3012862
:1020100001D11098C1430698119A84600360C26090
:1020200041600BB0F0BD4042E4E7044621050020CA
:102030003F4A001C51410391029012E0E00707D093
:1020400032463B4601990098F3F750F80191009011
:1020500032463B4610461946F3F748F806460F4607
:102060006410002CEAD10498039B0028029A099975
:10207000089806DAF3F73AF8019B009AF3F736F876
:1020800005E0F3F79BF8019B009AF3F797F80446F5
:102090000E460022284BF3F777FB03D80020C043FD
:1020A000014607E00022254B20463146F2F76AFF41
:1020B000F3F74AFB102409E0002C0ADB0A22002374
:1020C000F3F7CCF9079B30321A55641E02460A43D7
:1020D000F2D11122641C079B121B1C19119B012BAE
:1020E00003D0012308430ED10AE0084304D0112095
:1020F00010900020119077E71098151A6D1E0BE0D4
:102100001098824202DD00236D1C03E0824201DA56
:1021100000236D1E002BEED0069811998260C160DD
:1021200030C07EE701FCFFFF104D000000001440AE
:102130000000F03F300000000000F0430000E03FEE
:10214000FFB597B0064600251BE2252876D100246E
:102150002746F749049400E00443761C32780120B6
:10216000203A90400842F7D130782A280ED0022237
:10217000307801463039092916D804990A23594381
:10218000303940181443761C0490F1E7189802C8BF
:1021900004911890002904DA0120400304434842C6
:1021A000049002200443761C30782E2814D1042099
:1021B00004437078761C2A2809D11898761C80C8A8
:1021C000189009E00A214F43303FC719761C307838
:1021D000014630390929F5D930786C2810D006DC51
:1021E0004C281AD068280ED06A2817D104E0742829
:1021F00013D07A2812D110E00120400504430CE0EE
:102200000121090501E0032109050C437178814290
:1022100003D1012000052418761C761C307866282E
:102220000BD013DC58287DD009DC00287BD0452852
:10223000F6D04628F4D047281AD1A9E118E063283F
:1022400035D0642870D0652812D1A1E170286CD0F7
:1022500008DC6728F1D069287DD06E280DD06F2862
:1022600006D1BCE073282ED0752873D0782859D0B9
:102270001A9A199990476D1C82E16002400F02285A
:1022800009D003280DD00428189801680DD00D60DE
:10229000001D189074E11898EA1701680D604A60F3
:1022A000F6E7189801680D80F2E70D70F0E71898CE
:1022B0006A4601781172001D18900020507202A821
:1022C0000090012005E0189802C8189000200091A5
:1022D000C04361070ED5002101E00199491C01911D
:1022E000B94213DA8142F8DB019A0099895C00292E
:1022F000F3D10BE0002101E00199491C01918142D9
:10230000FADB019A0099895C0029F5D101990498BA
:102310001A9B471A21463846199A00F099FA401933
:10232000019903E051E030E115E050E0451807E085
:10233000009800990078491C00911A9A19999047C1
:102340000198401E0190401CF2D1214638461A9B4C
:10235000199A12E137E00A200021009001916002F1
:10236000410F022907D0189A01CA1892C217944641
:10237000032908D00AE01898C01DC108C90005C982
:102380001891944607E000B2C2179446042902D17E
:1023900040B2C1178C4600226146944506DA0A46CF
:1023A0000021404291418C462D2102E0210504D5B7
:1023B0002B216A461173012103E0E10701D020219E
:1023C000F7E7029156E00A200AE0102008E010200A
:1023D00000900021042004430191082703E0082015
:1023E0000021019100906002410F022907D0189A44
:1023F00001CA189200229446032908D008E01898D0
:10240000C01DC108C90005C91891944603E080B2F7
:10241000042900D1C0B20021029121072AD53178C8
:102420000D91702906D0009A1021019B4A401A4351
:1024300005D00EE040216A461173012108E0614693
:10244000014306D030216A4611730D995173022160
:102450000291009A0821019B4A401A430AD1614621
:10246000014301D1610705D530216A46117301216D
:102470007F1E02913178582904D02EA10E910DA90A
:102480000D910DE030A1F9E76146019B009AF2F74A
:10249000E5FF0E9B8C469B5C0D9A521E0D921370AD
:1024A00061460143F0D10D9805A9081A203001902A
:1024B000600703D501200004844300E00127019850
:1024C000874201DD381A00E0002001990090411890
:1024D000029809180498401A0490E00306D4214693
:1024E0001A9B199A049800F0B3F94519002706E0E1
:1024F00003A81A9AC05D199990476D1C7F1C029819
:102500008742F5DBE0030CD521461A9B199A049803
:1025100000F09EF9451904E01A9A30201999904765
:102520006D1C0099481E00900029F5DC1FE000009A
:102530000928010030313233343536373839616299
:10254000636465660000000030313233343536375D
:102550003839414243444546000000000D980D992A
:102560000078491C0D911A9A199990476D1C019990
:10257000481E01900029F1DC4DE100F059F94519A0
:10258000761C3078002800D0DFE528461BB0F0BD6F
:10259000600700D406271898C01DC108C900486804
:1025A0000A680831C30FDB071891190001D09CA1FC
:1025B00008E0210501D59BA104E0E10701D09AA123
:1025C00000E09AA14300109130785B0865280CD098
:1025D00006DC452809D046281DD0472841D141E0D6
:1025E000662818D067283CD13CE00021112F01DB80
:1025F000112000E0781C0191009008A911A8FFF7B4
:10260000E5FC139905910021119A15927F1C1298EF
:102610000197009150E00120C00703900120019034
:1026200008A9009711A8FFF7D1FC139A14990592F5
:102630000022119B009212981593059A019200298D
:1026400001D0104602E0791C40180190381A01D5DB
:10265000019804E04042401E0090781C0190C01B8D
:10266000029043E0012F00DA01270021112F01DD44
:10267000112000E038460191009008A911A8FFF749
:10268000A5FC13990591119A0021129815920091B9
:10269000019721070CD40599B94201DB019900E0AB
:1026A0000191012904DD159A491E515C302906D09B
:1026B000B84201DA011D05DA0121029115E0019904
:1026C000491EEDE7002805DC0099411800910199A9
:1026D000091A03E0019A411C914200DD0191009921
:1026E000401A401C02900120C0070390200706D426
:1026F00002990198814202DB0020C0430290002031
:102700006946C87707AF012103980337C907884294
:1027100024D0022011902B201290039800280CDA6C
:10272000404203902D20129007E00A210398F2F70F
:10273000EDF930317F1E039039701199481E1190C8
:102740000029F2DC03980028EFD1791E1298087056
:102750003078202108404530BF1E387006A8C01BC5
:10276000C01D039010980078002800D00120019926
:1027700041180298C0170918039809180498401ABC
:10278000401E0490E00306D421461A9B199A04982F
:1027900000F05EF8451910980078002803D01A9AC6
:1027A000199990476D1CE00324D521461A9B199A6C
:1027B000049800F04DF845191CE00098002807DB4C
:1027C00000990598884203DD1598405C199901E04D
:1027D000199930201A9A904700986D1C401C00905F
:1027E0000298401E0290002804D11A9A2E201999AE
:1027F00090476D1C0199481E01900029DDDC05E021
:1028000038781A9A7F1C199990476D1C0399481EB5
:1028100003900029F4DC21461A9B199A0498ACE62F
:102820002D0000002B000000200000000000000030
:10283000F8B5044600251E461746880404D405E072
:1028400039462020B0476D1C641EF9D52846F8BDD6
:10285000FFB50446002581B01E46C80301D53027C8
:1028600000E02027880404D505E038460399B047E6
:102870006D1C641EF9D5284605B0F0BD4A68002AD3
:1028800006D00A68531C0B6010704868401E4860F0
:1028900070470A68531C0B6010707047F3B583B023
:1028A0000446EFF31080C007C00F72B602902749AC
:1028B000A06E884243D1B0200159049881423ED194
:1028C000E56E002D3BD022492868884237D16869DF
:1028D000002834D00020A0666E6928690190019814
:1028E000002812D0761E6E61002E02D100202861D1
:1028F0000DE0276F606F0090009878670098076779
:102900000198A04203D12F6101E00120E860206B13
:10291000072814D10721842001510E480068401C6B
:102920000C4908600298002800D162B6204601F0E8
:1029300007F9EFF31080C007C00F72B6029002983B
:10294000002800D162B605B0F0BD00009D2801004E
:102950004E445644BC070020F8B504460F462821D3
:102960002046F2F7ADF96760EFF31080C007C00FA3
:1029700072B600900E4820600E480068002804D10E
:102980000D480460A461E46106E00B480568EE6947
:10299000EC61B461E661A56106480068401C054928
:1029A00008600098002800D162B60020F8BD000041
:1029B0004E4456441407002010070020FFB58BB08A
:1029C00005460E46EFF31080C007C00F72B60A909E
:1029D000A8680790296A079888430E990860022121
:1029E0000D9808400990286A05900598002803D0A2
:1029F00005990798884307900998022808D10798F5
:102A0000304006900698B04205D00020069002E0C3
:102A1000079830400690069800281CD00D98C007F3
:102A2000C00F08900898002813D000200190686912
:102A3000002804D02869002801D1012001900198C4
:102A4000012803D1286A3043286202E0A868B04315
:102A5000A86000274FE0149800284BD02948006850
:102A6000002801D1002E01D1072744E02648046840
:102A70002648A066A66780210D9808510E98E06749
:102A8000E566B0200059401CB021085168690490E7
:102A90000498002803D12C61246764670CE028693E
:102AA0000390039820670398406F02900298606734
:102AB00002980467039844676869401C68610720AE
:102AC00020630120A0631498E0640E480068401C55
:102AD0000C4908600A98002800D162B6204601F02F
:102AE000EBF9EFF31080C007C00F72B60A90842094
:102AF000075900E007270A98002800D162B6384637
:102B00000FB0F0BDBC070020A00700209D280100E9
:102B1000F7B590B00446EFF31080C007C00F72B64F
:102B20000F9002211298084002281BD1002001902A
:102B30006069002804D02069002801D1012001909B
:102B40000198012805D1206A1199C94308432062E0
:102B500003E0A06811990840A0600F98002800D1F8
:102B600062B62AE1606A0090A06811990843A060EB
:102B7000206A002803D0216A119881432162002035
:102B8000029060690890206900287DD0089801288B
:102B900043D12569A768AE6F802040590490022177
:102BA0000498084005900598022808D1384630401E
:102BB00007900798B04205D00020079002E0384601
:102BC000304007900798002826D0E86F06900698B6
:102BD00007600498C007C00F03900398002802D034
:102BE000A068B043A060002020616061A866002159
:102BF0008420415172480068401C714908600F9858
:102C0000002800D162B6284600F09AFFEFF310804A
:102C1000C007C00F72B60F90C0E025690995099DE5
:102C2000002020610B900A90A76865480068401C4E
:102C3000634908600120029000BF0F98002800D16E
:102C400062B6EFF31080C007C00F72B60F90E06855
:102C5000002806D00020E060099D60690890A06807
:102C60000743286F0E90AE6F8020405904900221D8
:102C7000049808400590059802280AD1384630404B
:102C800007900798B04200E083E005D0002007904D
:102C900002E0384630400790286B072801D0012019
:102CA00007900798002839D0286B072812D1E86FC1
:102CB0000690069807600498C007C00F0390039819
:102CC000002802D0A068B043A0600020A8660021C0
:102CD00084204151286FA84202D1002009900EE0C3
:102CE000286F0D90686F0C900D990C9848670C999F
:102CF0000D9808670998A84201D1286F099060696A
:102D0000401E60610B98002803D10B950A95286737
:102D100004E00A980567002028670A950E9D089828
:102D2000401E08900898002887D109982061206AE1
:102D3000002805D0216AA0688843A0600020206296
:102D40000F98002800D162B60B9D14E0286F0E90FA
:102D5000EFF31080C007C00F72B60F9018480068DC
:102D6000401C174908600F98002800D162B6284619
:102D700000F0E6FE0E9D002DE8D1EFF31080C007B5
:102D8000C00F72B60F900E480068401E0C490860D4
:102D900004E06069002801D00120E0600F9800285D
:102DA00000D162B60098002802D0204600998847DA
:102DB0000298012801D100F069FE002013B0F0BD97
:102DC000BC0700200246EFF31080C307DB0F72B68A
:102DD0005162002B00D162B60020704710B500F0A0
:102DE00027FD01F051FB00200C4908600C490860E8
:102DF0000C4908600C4908600C4908600C490860DF
:102E00000C4908600C4908600C4908600C490860CE
:102E10000C4908600C49086010BD00000007002044
:102E200004070020080700200C07002010070020DE
:102E30001407002020070020240700202807002076
:102E40002C070020180700201C07002010B50F4891
:102E500000680F4988420BD0481E0C490860F1F702
:102E600032FAFFF7BBFF0B480068401C09490860B5
:102E70000748401E05490860074800680DF02CF817
:102E8000002002490860F1F735F910BDB0070020B5
:102E9000F1F0F0F0BC07002030070020F3B583B05C
:102EA0000446EFF31080C007C00F72B602902249AB
:102EB000A06E88423AD1B02001590498814235D1A0
:102EC000E56E002D32D01D49286888422ED1E86970
:102ED00000282BD00020A066E869401EE861E86960
:102EE00001900198002801D1A86107E0266F676F63
:102EF00077673E67A869A04200D1AE61206B0D28BC
:102F000014D11D21842001510D480068401C0C493A
:102F100008600298002800D162B6204600F010FE3A
:102F2000EFF31080C007C00F72B60290029800281D
:102F300000D162B605B0F0BD9D2E01004554554D3F
:102F4000BC070020F7B582B004460F463421204666
:102F5000F1F7B6FE676004982061EFF31080C007B8
:102F6000C00F72B6019010482060104810490860E8
:102F700010480068002804D10F480460246264628D
:102F800006E00D4805686E6A6C623462666225620E
:102F900008480068401C074908600198002800D1D3
:102FA00062B6002005B0F0BD4554554DC535010051
:102FB000C00700201C07002018070020F3B585B0CB
:102FC0000546EFF31080C707FF0F72B64F4804683D
:102FD000A86800282BD10120A860EC60002C21D02B
:102FE0002869012803D1E06A68612020A862A42032
:102FF00000590490049800280BD00498006B0390AB
:10300000049805630398C562039828630498E862EE
:1030100003E0A4200551ED622D63A0200059401C5F
:10302000A0210851002F00D162B600266BE0E868AD
:10303000A04207D1A868401CA860002F00D162B64A
:10304000002660E00698002859D031480068002822
:1030500004D0002F00D162B61D2654E0E86802902B
:103060002C48A066E566B0200059401CB0210851EC
:10307000E869002803D1AC61246764670CE0A869A3
:103080000190019820670198406F00900098606758
:103090000098046701984467E869401CE8610D20C6
:1030A00020630120A0630698E06419480068401C72
:1030B00017490860002F00D162B62869012818D18D
:1030C000A86AE16A884201D9E06AA862E16A0298C6
:1030D0008030C069814203D2E16A02988030C161C8
:1030E0000298C06AE16A884203D9E16A029800F056
:1030F00091F8204600F0E0FE8420065903E0002FFE
:1031000000D162B61D26304607B0F0BDA0070020F2
:10311000BC0700209D2E0100F0B585B00646EFF3F8
:103120001080C007C00F72B60490F0690290029838
:10313000022804D20498002867D162B665E002989C
:1031400002280BD1B469276FF86AE16A884200D27D
:10315000B7610498002858D162B656E0B469254694
:10316000286F03902A480068401C29490860002005
:10317000009000BF0398C06AE96A884200D2039DAC
:103180000498002800D162B6EFF31080C007C00F8A
:1031900072B60490B069A04202D00120009005E010
:1031A000F1690298814201D0012000900098002826
:1031B00003D10398006F039007E0B469F0690290AF
:1031C0002546286F0390002000900398A042D1D19B
:1031D0000F480068401E0E490860A5420FD02F6FAF
:1031E000686F01900198786701980767606F019098
:1031F0002C6701986867019805676567B561049851
:10320000002800D162B600F041FC002005B0F0BDFE
:10321000BC070020FEB504460D46EFF31080C6073C
:10322000F60F72B6206B00280DD0E5629820005989
:10323000A84203D298200059E06300E0E563002E25
:103240005DD162B65BE02E4800680190E06A0090B4
:103250002C480068801C2B4908600E202063012048
:10326000A0630020E064002E00D162B6204600F08A
:1032700023FEEFF31080C607F60F72B6E5629820C2
:103280000059A84203D298200059E06300E0E563AA
:10329000002E00D162B6204600F052FCEFF3108001
:1032A000C607F60F72B616480768BC4224D0206BDA
:1032B000002821D1E06AF96A88420CD8019884423A
:1032C0001AD10F4804600098A84215D2E06A800025
:1032D0000D490C5010E0E16AE06B88420CD2E06BC3
:1032E000F96A884208D8064804600098A84203D2C8
:1032F000E06A800004490C50002E00D162B6FEBD89
:10330000A4070020BC07002070F50020F0B58BB0AA
:10331000044620200890EFF31080C707FF0F72B615
:10332000A06800287ED0E568A44800680490E168A1
:103330000498814208D0A2480068002804D1002FD8
:1033400000D162B61E200890089820280AD1A068F3
:10335000401EA060A068002805D0002F00D162B6F2
:103360000020089026E1002D05D1002F00D162B683
:10337000002008901EE1A0204059401EA021485185
:10338000A0204059002803D10021A42041510CE085
:10339000E66A206B0790079830630798C662A420FE
:1033A0004059A04201D1A4204651A069002808D16B
:1033B0002069002805D1E060002F00D162B600200E
:1033C000089008982028CDD100200A9094204059D8
:1033D00009902069012832D179480068401C784959
:1033E0000860002F00D162B620200090A42046592A
:1033F0000EE03069012805D1B16A0098814201D2FE
:10340000B06A0090F66AA4204059B04200D100266C
:10341000002EEED1EFF31080C707FF0F72B6684899
:10342000006800E0C1E0401E654908609C210098EA
:10343000485109990098884201D200980990E069A2
:10344000012817D92069012814D15D480068401C63
:103450005B490860002F00D162B62046FFF75CFE92
:10346000EFF31080C707FF0F72B655480068401E83
:1034700053490860A069002826D151480068401CC3
:103480004F490860002F00D162B62020A062E0689A
:10349000C16A0998814203D0E0680999FFF7BAFE32
:1034A000EFF31080C707FF0F72B645480068401E53
:1034B000434908600020E060002F00D162B600F0B0
:1034C000E5FA0020089075E0A5692069012805D17A
:1034D000E0680A90E86A60612020A062A02040595C
:1034E00006900698002804D1A4204451E462246385
:1034F00009E0A4204659306B079034630798C462F2
:1035000007982063E6620698401CA02148510120DC
:10351000A060E560E069401EE061E0690590059803
:10352000002801D1A0610BE0286F03900398A061EF
:10353000686F029003990298486702990398086798
:103540000020A8660021842041511D480068401CCD
:103550001B490860002F00D162B6206901281ED1E6
:10356000E069002812D02046FFF7D6FDEFF3108067
:10357000C707FF0F72B6A06901900198002802D01A
:103580000198C06AA062002F00D162B60A98C16A91
:103590000998814203D009990A98FFF73BFE284613
:1035A00000F0CEFA0020089004E0002F00D162B6AF
:1035B0001E20089008980BB0F0BD0000A007002066
:1035C000BC07002070B50546EFF31080C607F60F64
:1035D00072B612480068401C1049086000BFA42061
:1035E0004459002C0ED00120A060002E00D162B6FC
:1035F0002046FFF78BFEEFF31080C607F60F72B67A
:10360000A4204459002CEAD104480068401E034914
:103610000860002E00D162B670BD0000BC0700201B
:10362000FFB587B00446119F109E00200390EF2243
:1036300039463046F1F73DFBB8088000071F019678
:10364000019EF01C800880000090019E0098864238
:1036500000D03F1F009EB4212046F1F731FB0898AF
:10366000A062099860640A98A064E6606761129895
:10367000E0629421129808511498A0611498E061B6
:1036800020219C2001510296781E029E80190290F2
:103690000298206113991298884205D00020E063B7
:1036A00000219820015104E01298E06398211298BB
:1036B00008510320206339496165A46538492046D3
:1036C000F0F77CFDA820A1680151EFF31080C0073E
:1036D000C00F72B606903348206033480068002857
:1036E00006D132480460882004518C20045112E035
:1036F0002E480068059005988030C06804900598B1
:103700008030C4600498803084608C210498085113
:1037100088210598085124480068401C2249086007
:1037200023480068401C22490860159801281DD1D3
:10373000EFF305801F49096801431F4A914208D3EE
:103740001E480568002D05D0E86B0390E86AE86321
:1037500000E000250698002800D162B6204600F05F
:10376000EFF9002D17D00398E86314E006980028BD
:1037700000D162B6EFF31080C007C00F72B606909A
:103780000B480068401E0A4908600698002800D1CE
:1037900062B600F07BF900200BB0F0BD2D430100B4
:1037A000A538010044524854AC070020A807002067
:1037B000BC070020B0070020F0F0F0F0A4070020C4
:1037C00070B501460020EFF31085EC07E40F72B6E8
:1037D0000D6B012D06D00D6B022D03D0002C00D1F6
:1037E00062B6112000281DD100250D600E4D2D68F8
:1037F0006D1E0D4E356035462D68002D02D10B4EE5
:1038000035600CE088256A588C256B58AB508825AC
:10381000EA50064D2D688D4201D1044D2A60002CDE
:1038200000D162B670BD0000AC070020A8070020E0
:1038300010B50020104908601049086010480021A8
:10384000016020200F49086080210F48F1F738FA05
:1038500000200E4908600E4908600E4908600E49B4
:1038600008600E4908600E4800682321C904084317
:103870000B49086010BD0000A0070020A40700202D
:10388000B4070020B807002070F50020A80700202A
:10389000AC070020BC070020C0070020C80700209C
:1038A000C407002070B51C480468EFF31080C607F9
:1038B000F60F72B6AC200559002E00D162B6002D6D
:1038C00002D000212046A847616CA06C88471348AD
:1038D0000068002803D02046104909688847EFF3A4
:1038E0001080C607F60F72B6AC2005590120206380
:1038F000A0630020E0640A480068401C0849086092
:10390000002E00D162B6002D02D001212046A8472A
:10391000204600F0D1FA70BDA0070020C0070020AB
:10392000BC070020F8B50746EFF31080C607F60F76
:1039300072B622480468002C04D1002E00D162B671
:10394000132538E0EFF305801D490968014300297C
:1039500004D0002E00D162B613252CE01948844211
:1039600004D1002E00D162B6132524E0002F04D12B
:10397000002E00D162B600251DE013480068002823
:1039800004D0002E00D162B6132514E00420206379
:103990000120A063002184200151E7640A480068E7
:1039A000401C09490860002E00D162B6204600F094
:1039B00083FA842005592846F8BD0000A00700209E
:1039C000B007002070F60020BC070020F0B50146CB
:1039D000EFF31086F507ED0F72B6002938D01E4FB1
:1039E0000E68BE4234D1CA68002A31D0A826735866
:1039F000002B2DD0002D00D162B600BF9E1AB6104C
:103A00007408A600B018154F0668BE4201D00346E0
:103A100000E00246012CF1D800E0001D0F4F0668BF
:103A2000BE42FAD0EFF31086F507ED0F72B60A4FDB
:103A30000E68BE420CD1CE68864209D2A8267658BE
:103A4000864205D9054F0668BE4201D0A8267050AF
:103A5000002D00D162B6F0BD44524854EFEFEFEFB5
:103A600070B50446EFF31080C507ED0F72B6064837
:103A70000068002803D02046034909688847002DC4
:103A800000D162B670BD0000C8070020F8B5274815
:103A90000768002F49D12648066826480468A642D0
:103AA00043D0EFF31080C507ED0F72B6002C37D06E
:103AB00021492068884233D1A8200059A168814259
:103AC00002D2A820A1680151E06800681B49884221
:103AD00009D12069401C0068884204D1A8200059FF
:103AE000E16888420AD2002D00D162B62046FFF775
:103AF000B7FFEFF31080C507ED0F72B6A82000598D
:103B00008038C06F0D4988420AD0002D00D162B6BE
:103B10002046FFF75BFFEFF31080C507ED0F72B68D
:103B2000002D00D162B600F085F9F8BDBC07002079
:103B3000A0070020A407002044524854EFEFEFEF05
:103B4000F0B587B00446EFF31080C007C00F72B61F
:103B50000190002C3CD0AF492068884238D1A82081
:103B60000059A168814202D2A820A1680151E068F1
:103B70000068A94988420AD12069401C0168A6480A
:103B8000814204D1A8200059E16888420CD20198F2
:103B9000002800D162B62046FFF762FFEFF31080E5
:103BA000C007C00F72B60190A82000598038C16FBD
:103BB000994881420CD00198002800D162B6204675
:103BC000FFF704FFEFF31080C007C00F72B601903B
:103BD0000198002800D162B6EFF31080C007C00F33
:103BE00072B60690606E002804D020464C3000F07B
:103BF000F5FC01E00020E06488480068401E874929
:103C00000860A06B00287DD1206B002824D0606B59
:103C1000002878D12063E56AA80081490E58002E5B
:103C20007BD1A8000C50246264620120A84005905A
:103C30007C480168059801437A4801607A48006829
:103C4000854209D278480560784800680390039857
:103C5000002802D1754804607DE00398C06BA8423B
:103C600079D9724804600698002800D162B66F487E
:103C70000468EFF31080C007C00F72B60190002CEB
:103C80003BD064492068884237D1A8200059A168F8
:103C9000814202D2A820A1680151E06800685E4913
:103CA000884209D12069401C0068884204D1A820BC
:103CB0000059E16888420CD20198002800D162B610
:103CC0002046FFF7CDFEEFF31080C007C00F72B69D
:103CD0000190A82000598038C06F4F4988420CD00D
:103CE0000198002800D162B62046FFF76FFEEFF37F
:103CF0001080C007C00F72B601900198002800D153
:103D000062B602E017E011E007E044480768002FC0
:103D100001D100F0A5F807B0F0BD706A04900498D6
:103D20000462746204986062266214E0002060639A
:103D3000032020630FE0206B01280CD0206B0228A9
:103D400009D0606B002802D1A063206303E000204B
:103D500060630320206336480068029006980028BC
:103D600000D162B631490298096888424FD02F4885
:103D70000468EFF31080C007C00F72B60190002CEA
:103D80003BD024492068884237D1A8200059A16837
:103D9000814202D2A820A1680151E06800681E4952
:103DA000884209D12069401C0068884204D1A820BB
:103DB0000059E16888420CD20198002800D162B60F
:103DC0002046FFF74DFEEFF31080C007C00F72B61C
:103DD0000190A82000598038C06F0F4988420CD04C
:103DE0000198002800D162B62046FFF7EFFDEFF3FF
:103DF0001080C007C00F72B601900198002800D152
:103E000062B606480768002F01D100F029F800BF0C
:103E100081E7000044524854EFEFEFEFBC07002069
:103E200070F50020B4070020B8070020A407002088
:103E3000A00700200849094A5160EFF305810029D5
:103E400008D1EFF31081C807C00F72B662B6002820
:103E500000D072B6704700000000001000ED00E0D6
:103E60000849094A5160EFF30581002908D1EFF3B1
:103E70001081C807C00F72B662B6002800D072B6B3
:103E8000704700000000001000ED00E00849094AFA
:103E90005160EFF30581002908D1EFF31081C807C5
:103EA000C00F72B662B6002800D072B6704700002C
:103EB0000000001000ED00E0F0B589B00446AF4806
:103EC00000680390EFF31080C007C00F72B6019036
:103ED000002C3BD0AA492068884237D1A82000593D
:103EE000A168814202D2A820A1680151E06800685F
:103EF000A449884209D12069401C0068884204D145
:103F0000A8200059E16888420CD20198002800D10D
:103F100062B62046FFF7A4FDEFF31080C007C00F84
:103F200072B60190A82000598038C06F9549884228
:103F30000CD00198002800D162B62046FFF746FD5C
:103F4000EFF31080C007C00F72B6019001980028EF
:103F500000D162B6EFF31080C007C00F72B60890B0
:103F6000039884420FD1E06C02900298002807D099
:103F70000298401C002803D020464C3000F0F8FA8C
:103F80008149E069086081480068401E7F490860F7
:103F9000A06B01287ED10020A063E06A0790206A10
:103FA00005900598A04213D0606A04900599049882
:103FB000486205990498016207988000744908587E
:103FC000A04269D107998900714A0598505063E071
:103FD0000021079880006E4A1150012607988640FC
:103FE0006C480068B0436B490860002006900846A2
:103FF0000568002D11D1202067490860002067491D
:1040000008600898002800D162B660480768002F51
:1040100001D1FFF73BFF09B0F0BD0026E843401C8B
:104020000540102D06D2042D01D3AD08B61C68083A
:1040300086192BE0FF2D08D82D09361D042D01D33C
:10404000AD08B61C6808861920E0012000048542EE
:104050000CD22D0A0836102D01D32D09361D042D42
:1040600001D3AD08B61C680886190FE02D0C103678
:10407000FF2D01D92D0A0836102D01D32D09361D2B
:10408000042D01D3AD08B61C68088619069880195E
:10409000414900E016E0086040480068844211D1C0
:1040A0003D48006880003A4908583C490860089833
:1040B000002800D162B635480768002F01D1FFF70C
:1040C000E5FEA8E70898002800D162B633490398B6
:1040D000096888424FD031480468EFF31080C00768
:1040E000C00F72B60190002C3BD025492068884251
:1040F00037D1A8200059A168814202D2A820A16826
:104100000151E06800681F49884209D12069401CBC
:104110000068884204D1A8200059E16888420CD286
:104120000198002800D162B62046FFF799FCEFF312
:104130001080C007C00F72B60190A82000598038C7
:10414000C06F104988420CD00198002800D162B697
:104150002046FFF73BFCEFF31080C007C00F72B69C
:1041600001900198002800D162B608480768002F26
:1041700001D1FFF78BFE00BF4DE70000A007002034
:1041800044524854EFEFEFEFFC070020BC0700203B
:1041900070F50020B4070020B8070020A407002015
:1041A000F8B55A480468EFF31080C607F60F72B6E8
:1041B000002C37D056492068884233D1A8200059B6
:1041C000A168814202D2A820A1680151E06800687C
:1041D0005049884209D12069401C0068884204D1B6
:1041E000A8200059E16888420AD2002E00D162B6A8
:1041F0002046FFF735FCEFF31080C607F60F72B6C6
:10420000A82000598038C06F424988420AD0002E49
:1042100000D162B62046FFF7D9FBEFF31080C60746
:10422000F60F72B6002E00D162B60025EFF31080B3
:10423000C707FF0F72B6002037490860002C1CD05A
:10424000206B002819D1E069A0613449A069086099
:10425000206AA04211D0E16BE06A88420DD1E16A88
:1042600089002F4A206A50502E480068800011466D
:1042700008582D49086008460568002F00D162B62D
:10428000002D42D0EFF31080C607F60F72B6002D56
:1042900037D01F492868884233D1A8204059A968DF
:1042A000814202D2A820A9684151E86800681949F2
:1042B000884209D12869401C0068884204D1A8209E
:1042C0004059E96888420AD2002E00D162B62846D9
:1042D000FFF7C6FBEFF31080C607F60F72B6A820F3
:1042E00040598038C06F0B4988420AD0002E00D157
:1042F00062B62846FFF76AFBEFF31080C607F60F99
:1043000072B6002E00D162B600BFF8BDA007002033
:1043100044524854EFEFEFEFD0070020FC07002095
:1043200070F50020B8070020A4070020F8B5054666
:104330002C46EFF31080C707FF0F72B6206B0428DE
:104340000BD10C480068401C0A490860002F00D1BE
:1043500062B62046FFF7F4FB0BE0A66EB0200059D2
:104360000090002F00D162B6002E02D020460099A6
:10437000B047F8BDBC070020FFB581B004460F462A
:104380002C212046F0F79CFC67600A98A0600B98EF
:10439000E0600398206104986061EFF31080C0072B
:1043A000C00F72B6009012482060124800680028C2
:1043B00004D1114804606462A46206E00E480568F6
:1043C000AE6AAC627462A66265620A480068401C0C
:1043D000084908600C98012803D12046083000F0F5
:1043E000C7F80098002800D162B6002005B0F0BDE3
:1043F0004D495441E8070020E4070020F8B5044681
:10440000EFF31080C707FF0F72B6206A002803D0B1
:104410002046083000F0E2F8002020600D480068D7
:10442000401E0C49086008460068002802D10A496D
:10443000086009E0656AA66AAE62756206480068AF
:10444000A04201D104480560002F00D162B60020CF
:10445000F8BD0000E8070020E407002010B5EFF3E6
:104460001080C407E40F72B605480068401C044978
:104470000860002C00D162B60248FFF761FB10BD56
:10448000BC07002070F6002010B586B0002021493E
:1044900008602149086021490860214908602149D4
:1044A000086080212048F0F70BFC1F481F49086076
:1044B0001F4908607C301F49086008460068001DDD
:1044C00008601D481D490860012080021C490860E1
:1044D00000201C49086000BF00201A4A1268194BCE
:1044E0001B680490029303920590154800681349D5
:1044F0000968154B154A0091019015A11948FFF75D
:104500008FF80446002CE7D1174908601749086066
:1045100006B010BDCC070020FC070020D00700200B
:10452000E0070020EC070020F0F50020D407002071
:10453000DC070020D807002024F70020F007002027
:10454000F4070020F80700204D4954410D460100B2
:1045500053797374656D2054696D65722054687267
:104560006561640070F60020E4070020E807002081
:10457000F8B50368002B2AD05E1C002E27D0866970
:10458000002E24D1202B01D91F2400E05C1EA600A0
:104590000F4F3F68F1190F4E3668B14209D30D4EE7
:1045A00036688E1BB6100096009EB6000A4F3F6814
:1045B000F1190E68002E03D100614061086005E02A
:1045C0000A68556928615061026145618161F8BDE1
:1045D000DC070020D8070020D407002010B581692F
:1045E000002912D00269904205D10C6884420AD198
:1045F00000240C6007E0436953611A610C6884422F
:1046000001D191610A600024846110BDF1B586B0CA
:10461000002001905249069888427CD19CE0EFF33B
:104620001080C607F60F72B64E4800680068059005
:104630000598002802D005A80599886100204949FD
:104640000968086047480068001D46490860084638
:10465000006845490968884203D1444800684149D7
:104660000860002042490860002E00D162B6EFF3D6
:104670001080C607F60F72B653E0059C05980569D1
:1046800000200490AC4201D1059008E060690390DD
:10469000039868610398056105A8A86105952068DD
:1046A000202809D92068203820600020029004A822
:1046B000A061246104940FE0A0680290E06801907A
:1046C000606820602068002804D004A8A0612461EC
:1046D000049401E00020A06126480460002E00D16F
:1046E00062B60298002802D0029901988847EFF339
:1046F0001080C607F60F72B600201E4908600498A5
:10470000A04204D10020A0612046FFF731FF002E17
:1047100000D162B600E020E0EFF31080C607F60F8C
:1047200072B605980028A8D111480068002810D159
:10473000114F032038630120B86310480068401C03
:104740000E490860002E00D162B63846FFF7B4FB70
:1047500002E0002E00D162B661E707B0F0BD0000B4
:104760004D495441DC070020D8070020D407002021
:10477000E0070020EC07002070F60020BC070020B6
:10478000F7B582B0044600200190002C02D106202B
:1047900001904EE00498282802D00620019048E0BD
:1047A000EFF31080C607F60F72B627480068401C6A
:1047B00025490860002E00D162B62448056800270C
:1047C00004E0AC4200D105E0AD697F1C20480068E0
:1047D0008742F6D300BFEFF31080C607F60F72B61C
:1047E00019480068401E18490860002E00D162B6C2
:1047F000FFF74CF9AC4202D10620019019E01548B0
:104800000068009014490098884201D1132001905B
:10481000EFF30580114909680143002909D0EFF33E
:1048200005800E49096801430D4A914201D21320C7
:1048300001900198002804D120460399FEF78CF8D6
:104840000190019805B0F0BDBC07002010070020C2
:1048500014070020A007002070F60020B0070020F9
:10486000F0F0F0F0FFB583B0044616461F46002571
:10487000002C01D106251DE018492068884201D08E
:10488000062517E0002F01D1032513E00C9800281E
:1048900010D0EFF30580124909680143002901D0C7
:1048A000042507E00F48006802900F4902988842EB
:1048B00000D10425002D02D1032E00D90825002D9A
:1048C00008D10C983B463246009020460499FEF7EA
:1048D00075F80546284607B0F0BD00004E44564422
:1048E000B0070020A007002070F60020F8B50446AD
:1048F0000F4615460026002C01D106260AE00A497B
:104900002068884201D0062604E0022D02D0002D46
:1049100000D00826002E05D12A4639462046FEF74B
:10492000F7F806463046F8BD4E44564470B5054685
:104930000E46002D01D106240AE006492868884267
:1049400001D0062404E031462846FEF73BFA04462F
:10495000204670BD4E445644FFB583B0044616460B
:1049600000200290002C02D11C2002903EE006980C
:10497000342802D01C20029038E0EFF31080C707E3
:10498000FF0F72B62E480068401C2D490860002FAA
:1049900000D162B62B4805680020019006E0AC42C9
:1049A00000D108E02D6A0198401C01902649019829
:1049B00009688842F3D300BFEFF31080C707FF0FE9
:1049C00072B61F480068401E1D490860002F00D1C4
:1049D00062B6FFF75BF8AC4202D11C20029005E002
:1049E000012E03D0002E01D01F2002900298002833
:1049F00019D116480068009015490098884201D1E5
:104A000013200290EFF30580124909680143002941
:104A100009D0EFF305800F49096801430E4A91421E
:104A200001D2132002900298002805D13246204678
:104A30000499FEF787FA0290029807B0F0BD0000D3
:104A4000BC070020180700201C070020A00700203A
:104A500070F60020B0070020F0F0F0F0F8B5044642
:104A60000E460025002C01D11C2516E018492068AF
:104A7000884201D01C2510E0002E0ED0EFF30580F7
:104A8000144909680143002901D0042505E01248B2
:104A900007681248874200D10425002D0FD1EFF39B
:104AA00005800C4909680143002908D0EFF305800F
:104AB0000849096801430A4A914200D21325002D92
:104AC00004D131462046FEF779FA05462846F8BD5E
:104AD0004554554DB0070020A007002070F6002077
:104AE000F0F0F0F070B504460025002C01D11C2533
:104AF00015E00F492068884201D01C250FE0EFF334
:104B000005800C4909680143002908D0EFF30580AE
:104B1000084909680143084A914200D21325002D33
:104B200003D12046FEF7F2FB0546284670BD000083
:104B30004554554DB0070020F0F0F0F0FFB58DB0B2
:104B40000646169D00200B90002E02D10E200B90E1
:104B50009BE01C98B42802D00E200B9095E0EFF358
:104B60001080C007C00F72B60C9053480068401CFC
:104B7000514908600C98002800D162B600200A90C4
:104B80004E48046808951798401E089D47190897D5
:104B9000089F002009901EE0A64201D101200A9042
:104BA0000A98012800D11BE0E068A84205D82069D6
:104BB000A84202D9002501200A90E068B84205D831
:104BC0002069B84202D9002501200A9088200459A2
:104BD0000998401C09903A49099809688842DBD332
:104BE00000BFEFF31080C007C00F72B60C903248C0
:104BF0000068401E304908600C98002800D162B659
:104C0000FEF744FFA64202D10E200B903DE0002D9E
:104C100002D103200B9038E00F98002802D1032026
:104C20000B9032E01798C82802D205200B902CE098
:104C30001898202802D30F200B9026E01899199875
:104C4000884202D918200B901FE01B98012802D936
:104C500010200B9019E01B48006807901A4907982C
:104C6000884201D113200B90EFF3058017490968A2
:104C70000143002909D0EFF3058014490968014375
:104C8000134A914201D213200B900B98002810D1A7
:104C9000199B189A1A991B980393029204910590F4
:104CA00017980095019030460EA90EC9FEF7B8FC82
:104CB0000B900B9811B0F0BDBC070020A807002096
:104CC000AC070020A007002070F60020B0070020ED
:104CD000F0F0F0F070B50546EFF305800B49096878
:104CE0000143002901D013240DE0002D01D10E2431
:104CF00009E007492868884201D00E2403E02846CD
:104D0000FEF75EFD0446204670BD0000B00700209F
:104D100044524854FFB587B00446129E00200690C6
:104D2000002C02D11520069044E013982C2802D0C4
:104D3000152006903EE0EFF31080C707FF0F72B614
:104D400033480068401C32490860002F00D162B629
:104D5000304805680020059006E0AC4200D108E02C
:104D60006D6A0598401C05902B4905980968884292
:104D7000F3D300BFEFF31080C707FF0F72B62448CC
:104D80000068401E22490860002F00D162B6FEF77D
:104D90007DFEAC4202D1152006900BE01098002851
:104DA00002D11620069005E0012E03D0002E01D07E
:104DB000172006900698002819D11848006804901A
:104DC00017490498884201D113200690EFF305801B
:104DD000144909680143002909D0EFF305801149FE
:104DE00009680143104A914201D2132006900698A7
:104DF000002809D1119910986A4643C2204608A993
:104E00000EC9FFF7B9FA069006980BB0F0BD000086
:104E1000BC070020E4070020E8070020A0070020CE
:104E200070F60020B0070020F0F0F0F070B50446F6
:104E30000025002C01D115251AE00E492068884272
:104E400001D0152514E0EFF305800B4909680143F3
:104E5000002901D013250BE008480668084886425F
:104E600000D11325002D03D12046FFF7C7FA0546D0
:104E7000284670BD4D495441B0070020A0070020CE
:104E800070F60020FFB587B006461C460025304668
:104E90002030069001200290002E09D15A485BA3D1
:104EA0005CA26449009064A009F03AFB00BFFEE7F1
:104EB0003420805D00280AD153486CA355A25D4977
:104EC000491C00905CA009F02BFB00BFFEE709998C
:104ED000089841183069814205D968A009F046FB5D
:104EE00005200BB0F0BD06988068002802D0069817
:104EF000816888470898C007C00F002812D0204654
:104F0000641C00900898421C0146012308921A462E
:104F1000304605F0CFFC0546002D00D065E009982D
:104F2000401E09900121304609F034F80546002D55
:104F300000D05AE0AD206946087440E0029800288D
:104F400018D004AA01323046089905F0A7FB352095
:104F5000805D002801D0052000E004200390217826
:104F600004AA0398115461780398401C115400203E
:104F7000029006E001200390217868464174617830
:104F8000817400200090069800234768039A921CC1
:104F900004A9B8470546002D03D042A009F0E6FA5F
:104FA00023E030460BF0F0F90546002D00D01CE060
:104FB0000998801E09900898801C0890A41C0998E4
:104FC0000228BBD20021304608F0E4FF0546002D40
:104FD0000AD10998012807D101231A4600943046C6
:104FE000089905F067FC054600BF002D03D000219D
:104FF000304608F0CFFF0698C068002802D0069817
:10500000C168884728466CE74D690300666C617388
:10501000680000002825732920686173206173737C
:10502000657274206661696C656420617420257303
:105030002E000000B90200002E2E5C436F6D7065DB
:105040006E74735C4D6F64756C65735C466C6173F4
:105050006844422D312E312E325C736675645C7368
:1050600072635C736675642E63000000666C617326
:10507000682D3E696E69745F6F6B00004572726FD8
:10508000723A20466C617368206164647265737360
:10509000206973206F7574206F6620626F756E646F
:1050A0002E0000004572726F723A20466C61736880
:1050B0002077726974652053504920636F6D6D7558
:1050C0006E6963617465206572726F722E000000F4
:1050D000F8B505460E4629460120C003EFF72CFD22
:1050E00084B22146714308466421EFF725FD201A5A
:1050F00087B239462046F2F74BFAF8BD10B58C005E
:10510000034608331A5110BD70B5044660688047E5
:105110000546E0784007400F002802DD2088401C4B
:105120002080E078C009A8421CD0E078382188436C
:10513000E1788906490F491CC9003822114008430B
:10514000E0708006400F032810DBE0788021884360
:10515000E901802211400843E070E078382188435B
:10516000E07003E0E07838218843E070E0784007A1
:10517000400F0300FCF749FA06042858AEF3D0F3B9
:10518000E078C009E1784906C90F884216D1A078B5
:10519000F0218843A070A068002802D02046A168B2
:1051A000884700202080A07800090001401CA070E2
:1051B000E078C008C000401CE07004E0A078F02156
:1051C00088438030A070CAE0E078C009E1784906E1
:1051D000C90F884212D0A078F02188431030A07007
:1051E000E068002802D02046E1688847002020803F
:1051F000E078C008C000801CE07014E020884B21DB
:10520000C90088420FDDA078F02188435030A0709B
:10521000E069002802D02046E1698847E078C008AC
:10522000C000401DE0709AE0E078C009E1784906CE
:10523000C90F884225D1A078F0218843A070A068CA
:10524000002802D02046A1688847A0780009000104
:10525000A178491C0907090F0843A070A078F02124
:1052600088432030A0702069002802D020462169A0
:10527000884700202080E078C008C000C01CE07093
:1052800027E020883C2824DDA0780007000F0128B3
:105290000BD1A078F02188433030A07060690028DD
:1052A00013D02046616988470FE0A0780007000FFF
:1052B00002280AD1A078F02188434030A070A0696C
:1052C000002802D02046A1698847E078C008C000C5
:1052D000E07044E0E078C009E1784906C90F8842EF
:1052E00019D0A078F02188431030A070E068002821
:1052F00002D02046E168884720883C2807DA002051
:105300002080E078C008C000801CE07003E0E078F6
:10531000C008C000E07022E0E078C009E1784906EA
:10532000C90F88420BD1A078F02188436030A0706B
:10533000206A002812D02046216A88470EE0A07813
:10534000F02188431030A070E068002802D0204689
:10535000E1688847E078C008C000E07000BF00BF87
:1053600070BDF8B504460D46164628212046EFF7D5
:10537000A7FCA078F02188438030A0706560606849
:105380008047C001802108400746E07888433843C1
:10539000E070E07840218843B10140221140084389
:1053A000E070F8BD10B580210148F6F77DFC10BD16
:1053B000800D004010B501210148F6F775FC10BDC5
:1053C000400C004001460948026805E08A4202D1CB
:1053D0000020C0437047526A002AF7D10348006892
:1053E0004862024801600020F4E7000088000020C5
:1053F00010B50548046803E02046FFF785FE646A9F
:10540000002CF9D110BD00008800002070B50446C2
:105410000125032204492046EFF786FC002800D02E
:105420000025284670BD0000220B0200F8B5054695
:105430000F46002600243AE0A101491908461C3015
:1054400000F0B2FD0646002E0FD18B221A491BA098
:10545000F7F7D6F8A001401901461C311CA0F7F758
:10546000CFF826A0F7F7CCF820E0A0014019406B58
:10547000F169884216DB91220F4921A0F7F7C0F8A5
:10548000A0014019F369426BA0014019011D234896
:10549000F7F7B6F822A0F7F7B3F800202249086022
:1054A000401EF8BDA00021490E5000BF641CBC4244
:1054B000C2D30020F5E70000C06503005B442F461F
:1054C000414C5D202825733A256429200000000006
:1054D0005761726E696E673A20446F204E4F5420B8
:1054E000666F756E642074686520666C61736820F1
:1054F000646576696365282573292E000A0000001B
:105500001B5B33313B32326D5B452F46414C5D2096
:105510002825733A256429200000000058880300DC
:105520001B5B306D0A0000003C05002034050020A4
:10553000F8B504460F463D462E68207800280DD168
:105540001FA0F7F75DF822A03168F7F759F822A0FD
:105550006168F7F755F801202871F8BD60780228D6
:1055600017D1F06A401C002806D138222146304667
:105570002830EFF77DFB21E011A0F7F741F814A0E8
:105580003168F7F73DF81F48F7F73AF8012028711E
:10559000E3E76078012811D1A868401CA860606822
:1055A000E860A868012809D1F06A401C002805D1EC
:1055B0003822214630462830EFF75AFB0020CCE74E
:1055C0005B466C61736844425D5B74736C5D0000A4
:1055D0005B25735D20000000536563746F722028A3
:1055E00030782530385829206865616465722069F3
:1055F0006E666F20697320696E636F727265637483
:105600002E0A000068870300FFB581B004461D46DE
:10561000002C14D0002A12D0002D10D0029E002E93
:105620000DD02846EE0F361876107600AE1B06D148
:10563000EE0F761977100095029EB74202DD00202A
:1056400005B0F0BD0021002300BF50E0505C612890
:1056500008DB505C662805DC505CC01F0007000EAC
:10566000E05418E0505C412808DB505C462805DC1B
:10567000505CC01F0007000EE0540CE0505C302866
:1056800007DB505C392804DC505C0007000EE05456
:1056900001E00020D4E7481C81B2505C612808DB9F
:1056A000505C662805DCE05C565C80195738E05495
:1056B00019E0505C412808DB505C462805DCE05CC2
:1056C000565C80193738E0540DE0505C302808DB18
:1056D000505C392805DCE05C565C80193038E054B9
:1056E00001E00020ACE7581C83B2481C81B2A942FB
:1056F000ACDB1846A4E7FFB581B007460D46164659
:1057000000200090002F04D03846EFF7F8FA002868
:1057100001D105B0F0BD002D04D02846EFF7EFFA17
:10572000002800D1F5E729463846EFF719FB044673
:1057300008E010C60098401C009029460020EFF7B2
:105740000FFB0446002CF4D104990098086000BFB8
:10575000DFE7FEB507460D4600263C463846EFF724
:10576000CEFAC0B2009025E0002001901EE0207823
:10577000302804DB2078392801DC2078A8552078EF
:10578000412804DB20785A2801DC2078A8552078AD
:10579000612804DB20787A2801DC2078A855641C75
:1057A000701CC6B20198401CC0B2019000990198CB
:1057B0008842DCDB20780028D6D1FEBD01460348B4
:1057C00048434013024A801A704700007355000096
:1057D000C8AF00000146034848434013024A801AFC
:1057E00070470000093D00007017000070B50546C5
:1057F0000C4613480068002806D1124A12A115A0D1
:10580000F6F7FEFE00BFFEE70D4800682030007D81
:10581000002806D10B4A17A10EA0F6F7F1FE00BF33
:10582000FEE719488069411922460548006808F0DA
:105830004FFD002802D00020C04370BD2046FCE789
:10584000F404002078650300736675645F64657610
:10585000000000002825732920686173206173739C
:10586000657274206661696C6564206174202573BB
:105870002E0A0000736675645F6465762D3E696E5E
:1058800069745F6F6B000000F8040020704700002F
:10589000F0B54E00864BCF0F760887B005460C4614
:1058A0009E422ED38348864211D33003000B2843F7
:1058B00004D02846FCF78CF807B0F0BD002F03D0C9
:1058C0000020014607B0F0BD284607B0F0BD7A4A77
:1058D0002846EFF759FF06D20220FCF7AFF8FCF795
:1058E00089F807B0F0BD754A754B28462146EFF799
:1058F00071FD06D20220FCF7A1F8FCF785F807B08D
:10590000F0BD704886424AD930466F49E20FD60052
:10591000884215D26D487844801943680268284649
:105920002146EFF7D4FB029069480391784481192E
:105930000868496800900120C01B0191C61B25E042
:10594000644A654B28462146EFF7D0FB634A7A4408
:1059500093191A685B68EFF715FBEFF7D1FE06465F
:10596000EFF7B6FC07465E4A5E4B0091EFF7BEFBD1
:105970002A462346EFF7B1FB039102905A4A5B4B4C
:1059800038460099EFF7B2FB019100900B46009A60
:1059900003990298EFF79BFB05460C4617E0544825
:1059A000864213D2534A544B28462146EFF7EAFA6F
:1059B000524E00223346EFF7E7FE07D2002233466D
:1059C00028462146EFF7DEFA07B0F0BD00262A464A
:1059D000234610461946EFF789FB0746024648481A
:1059E0000B46049105217844FBF792FF3A46049B4D
:1059F000EFF77CFB2A462346EFF76FFB0691012168
:105A000089070746002E23D002460020069BEFF7A9
:105A10005EFB059104903A4628462146069BEFF727
:105A200065FB059B049AEFF7C9FB019B009AEFF712
:105A300054FB039B029AEFF74AFB00222F4BEFF730
:105A40004CFB304A96421EDB3205891807B0F0BD88
:105A50000B4600220699EFF73AFB064600913A46BC
:105A600028462146069BEFF741FB3246009BEFF7A5
:105A7000A5FB2A462346EFF72AFB00221F4BEFF730
:105A80002CFB07B0F0BD7D233205DB05D218891849
:105A90001D4AEFF71FFE0D460446FBF7C5FD04281F
:105AA00001D1FBF7B1FF2046294607B0F0BD000049
:105AB000422E86400000F07FEF39FAFE51302DD59E
:105AC000104987C0422ED63FB2A2F03F0E270200F7
:105AD00008270200FE822B654715F73FC626020005
:105AE0000000E0FE422EE63F763C7935EF39EA3D94
:105AF0000000303E9C7500883CE4377E0000F03F9B
:105B00005E26020003FCFFFF18FCFFFFF0B59FB00C
:105B100005460C46264621480088002802D120A0D0
:105B2000F6F76EFD34220DA91AA800F093FF014686
:105B30000C90284601F07AFA07463946304600F0C4
:105B40008CFF10A8837F408B189A199909930A92A9
:105B50000B91089010A8018BC08A149B139A05938F
:105B600004920791069010A802796846808F109BD6
:105B7000129901930292039100901048837968462C
:105B8000028F818E0EA0F6F73BFD04480088401C72
:105B90000249088000201FB0F0BD0000FC03002077
:105BA0000A6578706F72742073656E736F7220640B
:105BB0006174612073746172742C00005887002036
:105BC00025642C25642C25642C25642C25642C2527
:105BD000642C25642C25642C25642C25642C2564D8
:105BE0002C25642C25642C25642C256C642C000049
:105BF00010B54FA14FA0F6F703FD50A0F6F700FD3A
:105C00007D20C00004F01AFD49A14AA0F6F7F8FC77
:105C100055A0F6F7F5FC7D20C00004F00FFDF9F764
:105C200019FB002807D042A142A0F6F7E9FC59A0D1
:105C3000F6F7E6FC03E03EA13EA0F6F7E1FC60A02B
:105C4000F6F7DEFC7D20C00004F0F8FCF9F7C2FD99
:105C5000002807D036A137A0F6F7D2FC63A0F6F7EC
:105C6000CFFC03E032A133A0F6F7CAFC6AA0F6F736
:105C7000C7FC7D20C00004F0E1FCF9F79DFD002881
:105C800007D02BA12BA0F6F7BBFC6EA0F6F7B8FC53
:105C900003E027A127A0F6F7B3FC75A0F6F7B0FC48
:105CA0007D20C00004F0CAFCF6F77AFA002807D07D
:105CB0001FA120A0F6F7A4FC78A0F6F7A1FC03E052
:105CC0001BA11CA0F6F79CFC7FA0F6F799FC7D2099
:105CD000C00004F0B3FC16A116A0F6F791FC85A055
:105CE000F6F78EFC7D20C00004F0A8FCF7F71CF945
:105CF000002807D00EA10FA0F6F782FC88A0F6F7C7
:105D00007FFC03E00AA10BA0F6F77AFC8FA0F6F760
:105D100077FC7D20C00004F091FC05A105A0F6F7FA
:105D20006FFC95A0F6F76CFC01219E48017210BD36
:105D300041434B000A5B25735D000000666163749C
:105D40006F72794D6F646520416972204D6F6E6985
:105D5000746F72696E672053656E736F722053742F
:105D600065703A3100000000666163746F72794DAE
:105D70006F646520416972204D6F6E69746F72693E
:105D80006E672053656E736F7220537465703A327C
:105D900000000000666163746F72794D6F64652066
:105DA000416972204D6F6E69746F72696E6720531E
:105DB000656E736F7220537465703A330000000093
:105DC000666163746F72794D6F64652041697220FA
:105DD0004D6F6E69746F72696E672053656E736F75
:105DE0007220537465703A34000000006661637479
:105DF0006F72794D6F646520416972204D6F6E69D5
:105E0000746F72696E672053656E736F722053747E
:105E100065703A3500000000666163746F72794DF9
:105E20006F646520416972204D6F6E69746F72698D
:105E30006E672053656E736F7220537465703A36C7
:105E400000000000666163746F72794D6F646520B5
:105E5000416972204D6F6E69746F72696E6720536D
:105E6000656E736F7220537465703A3700000000DE
:105E7000666163746F72794D6F6465204169722049
:105E80004D6F6E69746F72696E672053656E736FC4
:105E90007220537465703A380000000066616374C4
:105EA0006F72794D6F646520416972204D6F6E6924
:105EB000746F72696E672053656E736F72205374CE
:105EC00065703A3900000000666163746F72794D45
:105ED0006F646520416972204D6F6E69746F7269DD
:105EE0006E672053656E736F7220537465703A311C
:105EF00030000000666163746F72794D6F646520D5
:105F0000416972204D6F6E69746F72696E672053BC
:105F1000656E736F7220537465703A313100000002
:105F2000666163746F72794D6F6465204169722098
:105F30004D6F6E69746F72696E672053656E736F13
:105F40007220537465703A313200000066616374E8
:105F50006F72794D6F646520416972204D6F6E6973
:105F6000746F72696E672053656E736F722053741D
:105F700065703A3133000000666163746F72794D69
:105F80006F646520416972204D6F6E69746F72692C
:105F90006E672053656E736F7220537465703A316B
:105FA0003400000034AC002070B50546134800787A
:105FB000002806D1124A13A114A0F6F721FB00BF56
:105FC000FEE7002D06D10E4A18A110A0F6F718FB27
:105FD00000BFFEE700240DE0A000164A1158182269
:105FE0002846EEF7AEFE002803D1A000114908585C
:105FF00070BD641C002CEFD00020F9E7F2040020F3
:1060000057650300696E69745F6F6B0028257329FB
:106010002068617320617373657274206661696CB6
:1060200065642061742025732E0A00006E616D6521
:1060300000000000446503003EB5304800780028A9
:1060400001D000203EBD002451E0A0002C4908589A
:10605000806A002806D12B4A2BA132A0F6F7D0FA8D
:1060600000BFFEE7A00026490858C06A002806D1F4
:10607000244A34A12BA0F6F7C3FA00BFFEE7A00024
:106080001F490858006B002806D11E4A34A125A0DC
:10609000F6F7B6FA00BFFEE7A00019490858406AB3
:1060A000002804D0A100164A5158486A80472F2280
:1060B000144932A0F6F7A4FAA00011490858006A62
:1060C000A1000F4A5158C969A2000D4B9A58926914
:1060D000009201910290A00019460B581822114617
:1060E0002B48F6F78DFA2BA0F6F78AFA641C002CE1
:1060F000ABD00120014908700020A3E7F204002082
:1061000044650300486503006465766963655F74F0
:1061100061626C655B695D2D3E6F70732E726561A7
:10612000640000002825732920686173206173735F
:10613000657274206661696C6564206174202573E2
:106140002E0A00006465766963655F7461626C6540
:106150005B695D2D3E6F70732E7772697465000008
:106160006465766963655F7461626C655B695D2D0A
:106170003E6F70732E657261736500005B442F463D
:10618000414C5D202825733A256429200000000039
:10619000FC8703000A00000010B5FFF74DFF04461E
:1061A000002C00DA03E000F07BF9044600BF002C6D
:1061B00011DD1248007800280DD101200F49087028
:1061C0000FA0F6F71DFA13A114A0F6F719FA20A0F4
:1061D000F6F716FA10E0002C0EDC002007490870D4
:1061E00030221D491DA0F6F70BFA0AA122A0F6F7EE
:1061F00007FA17A0F6F704FA204610BDF1040020B4
:106200001B5B33323B32326D5B492F46414C5D2084
:1062100000000000302E352E39390000466C6173C5
:1062200068204162737472616374696F6E204C619F
:1062300079657220285625732920696E6974696111
:106240006C697A6520737563636573732E00000053
:106250001B5B306D0A0000003B6503001B5B3331A4
:106260003B32326D5B452F46414C5D202825733A09
:106270002564292000000000466C6173682041629B
:10628000737472616374696F6E204C6179657220FA
:10629000285625732920696E697469616C697A656D
:1062A000206661696C65642E00000000F8B5044644
:1062B0000D461646002700200090002C06D1264AE5
:1062C00026A128A0F6F79CF900BFFEE7A819A16B4C
:1062D00088420ED9FF22F0321F492AA0F6F790F922
:1062E0002FA0F6F78DF93CA0F6F78AF90020C043FD
:1062F000F8BD204600F0A4FE00900098002811D1BF
:10630000FF22F73214491FA0F6F77AF9221D214621
:106310001C313348F6F774F92FA0F6F771F9002015
:10632000C043E5E7616B481900990A6B3146904715
:106330000746002F0DDAFF22FE32074911A0F6F7BB
:106340005FF921461C3127A0F6F75AF922A0F6F78B
:1063500057F93846CCE70000656603007061727437
:106360000000000028257329206861732061737381
:10637000657274206661696C6564206174202573A0
:106380002E0A00001B5B33313B32326D5B452F46DA
:10639000414C5D202825733A256429200000000027
:1063A000506172746974696F6E20657261736520E3
:1063B0006572726F722120506172746974696F6EB8
:1063C0002061646472657373206F7574206F66203A
:1063D000626F756E642E00001B5B306D0A0000005A
:1063E00040890300506172746974696F6E20657230
:1063F000617365206572726F722120466C617368EB
:106400002064657669636528257329206572617348
:1064100065206572726F72210000000070B505463C
:1064200011480078002806D1104A11A112A0F6F7F1
:10643000E7F800BFFEE700240FE0A001164A12684B
:106440008018011D2846EEF761FC002804D1A00148
:1064500011490968401870BD641C104800688442E6
:10646000EBD30020F7E7000038050020DC650300CF
:10647000696E69745F6F6B002825732920686173EA
:1064800020617373657274206661696C6564206154
:10649000742025732E0A0000300500203C050020E2
:1064A00010B50F480078002802D00E48006810BDD3
:1064B0000D480E49086001200A4908600846016835
:1064C0000A480068FEF7B2FF002800D003E0012070
:1064D0000349087000BF00F095F902480068E6E73C
:1064E000380500203C0500208065030030050020B1
:1064F000FEB504460D4616461F460020019000904A
:10650000002C06D12B4A2CA12DA0F6F779F800BF5C
:10651000FEE7002E06D1274A31A129A0F6F770F830
:1065200000BFFEE7E819A16B88420ED9FF22A03216
:1065300020492CA0F6F764F831A0F6F761F83EA0E8
:10654000F6F75EF80020C043FEBD204600F078FD5F
:1065500000900098002811D1FF22A732154921A0F0
:10656000F6F74EF8221D21461C313548F6F748F85B
:1065700031A0F6F745F80020C043E5E7616B481904
:1065800000993A468B6A3146984701900198002855
:106590000DDAFF22AE32074912A0F6F731F8214694
:1065A0001C3128A0F6F72CF823A0F6F729F801985B
:1065B000CAE700003E6603007061727400000000CC
:1065C00028257329206861732061737365727420B4
:1065D0006661696C65642061742025732E0A000071
:1065E000627566001B5B33313B32326D5B452F4673
:1065F000414C5D202825733A2564292000000000C5
:10660000506172746974696F6E207265616420658F
:1066100072726F722120506172746974696F6E209A
:1066200061646472657373206F7574206F66206295
:106630006F756E642E0000001B5B306D0A00000059
:10664000F4880300506172746974696F6E2072651A
:106650006164206572726F722120466C61736820DC
:1066600064657669636528257329207265616420F5
:106670006572726F72210000FEB504460D46164623
:106680001F46002001900090002C06D12B4A2CA11F
:106690002DA0F5F7B5FF00BFFEE7002E06D1274A73
:1066A00031A129A0F5F7ACFF00BFFEE7E819A16B07
:1066B00088420ED9FF22C93220492CA0F5F7A0FF4D
:1066C00031A0F5F79DFF3EA0F5F79AFF0020C043EB
:1066D000FEBD204600F0B4FC00900098002811D1C7
:1066E000FF22D032154921A0F5F78AFF221D21464D
:1066F0001C313548F5F784FF31A0F5F781FF002004
:10670000C043E5E7616B481900993A46CB6A3146C8
:1067100098470190019800280DDAFF22D7320749E7
:1067200012A0F5F76DFF21461C3128A0F5F768FF90
:1067300023A0F5F765FF0198CAE700005166030042
:10674000706172740000000028257329206861734D
:1067500020617373657274206661696C6564206181
:10676000742025732E0A0000627566001B5B3331AE
:106770003B32326D5B452F46414C5D202825733AF4
:106780002564292000000000506172746974696FEB
:106790006E207772697465206572726F7221205065
:1067A0006172746974696F6E206164647265737379
:1067B000206F7574206F6620626F756E642E000006
:1067C0001B5B306D0A000000A888030050617274E2
:1067D0006974696F6E207772697465206572726F73
:1067E000722120466C617368206465766963652850
:1067F000257329207772697465206572726F722122
:1068000000000000F0B587B03EA006903FA70698B4
:10681000EEF775FA05903846EEF771FA06463E48EF
:10682000006800281FD0002519E0A8013B4909682D
:106830004418201DEEF763FA0599884203D9201DFC
:10684000EEF75DFA059020461C30EEF758FAB0429C
:1068500004D920461C30EEF752FA06466D1C2E482D
:1068600000688542E1D32EA0F5F7CAFE31A0F5F706
:10687000C7FE40A0F5F7C4FE29A0F5F7C1FE182019
:1068800002970096019002463CA0069B0599F5F7F9
:10689000B7FE38A0F5F7B4FE21A0F5F7B1FE43A08E
:1068A000F5F7AEFE33A0F5F7ABFE00251AE0A80120
:1068B0001A49096844181AA0F5F7A2FE22461C32AC
:1068C0001823616BA06B00960193029203910490D0
:1068D000231D182245A00599F5F792FE25A0F5F78E
:1068E0008FFE6D1C0C4800688542E0D30CA0F5F7C4
:1068F00087FE48A0F5F784FE1EA0F5F781FE07B0DD
:10690000F0BD00006E616D6500000000666C617393
:10691000685F6465760000003C05002030050020BB
:106920001B5B33323B32326D5B492F46414C5D205D
:10693000000000003D3D3D3D3D3D3D3D3D3D3D3D7B
:106940003D3D3D3D3D3D3D3D2046414C2070617209
:10695000746974696F6E207461626C65203D3D3DA1
:106960003D3D3D3D3D3D3D3D3D3D3D3D3D3D3D3D57
:106970003D0000001B5B306D0A0000007C20252DCF
:106980002A2E2A73207C20252D2A2E2A73207C2053
:1069900020206F66667365742020207C20202020D4
:1069A0006C656E67746820207C0000002D2D2D2DF5
:1069B0002D2D2D2D2D2D2D2D2D2D2D2D2D2D2D2D07
:1069C0002D2D2D2D2D2D2D2D2D2D2D2D2D2D2D2DF7
:1069D0002D2D2D2D2D2D2D2D2D2D2D2D2D2D2D2DE7
:1069E0002D2D2D2D2D2D2D2D2D0000007C20252D24
:1069F0002A2E2A73207C20252D2A2E2A73207C20E3
:106A000030782530386C78207C2030782530387804
:106A1000207C00003D3D3D3D3D3D3D3D3D3D3D3DFE
:106A20003D3D3D3D3D3D3D3D3D3D3D3D3D3D3D3D96
:106A30003D3D3D3D3D3D3D3D3D3D3D3D3D3D3D3D86
:106A40003D3D3D3D3D3D3D3D3D3D3D3D3D3D3D3D76
:106A50003D00000001604260704770B506460C467C
:106A600065682069A84200D225692B463046226815
:106A7000E168FAF7FDFF002800D00025284670BD28
:106A800070B504460E461546002C12D144A0F5F709
:106A9000B7FD47A02168F5F7B3FD474A47A154A0C9
:106AA000F5F7AEFD554A56A156A0F5F7A9FD00BF72
:106AB000FEE73300FAF7A9FD0C07212426284347F7
:106AC00072724C575872207D002813D034A0F5F70D
:106AD00097FD37A02168F5F793FD374A521D37A17E
:106AE00043A0F5F78DFD454A4EA146A0F5F788FD78
:106AF00000BFFEE72868E06050E0E06828604DE0F5
:106B0000A5614BE0E56149E0207D012813D024A078
:106B1000F5F776FD26A02168F5F772FD264A1332B7
:106B200026A133A0F5F76CFD344A45A135A0F5F751
:106B300067FD00BFFEE72978742001552EE0742020
:106B4000005D28702AE0616E206E6960286025E093
:106B500013A0F5F755FD16A02168F5F751FD3F4844
:106B6000F5F74EFD1AE019E0207D002813D00CA0A7
:106B7000F5F746FD0EA02168F5F742FDB52292001B
:106B80000EA11BA0F5F73CFD1C4A26A11DA0F5F7A0
:106B900037FD00BFFEE72878A07500BF00BF70BDBD
:106BA0005B466C61736844425D5B74736C5D0000AE
:106BB0005B25735D20000000A60200002E2E5C43C2
:106BC0006F6D70656E74735C4D6F64756C65735C2E
:106BD000466C61736844422D312E312E325C7372E3
:106BE000635C6664625F747364622E63000000001D
:106BF0002825733A2564292000000000F76003006F
:106C00006462000028257329206861732061737312
:106C1000657274206661696C6564206174202573F7
:106C20002E0A000064622D3E706172656E742E69DA
:106C30006E69745F6F6B203D3D2066616C7365000B
:106C400064622D3E706172656E742E696E69745F48
:106C50006F6B203D3D20747275650000B0870300A6
:106C6000FFB5A1B004461D46002600200E900F90EF
:106C7000109011900E94002D13D15EA0F5F7C0FC7A
:106C800060A02168F5F7BCFCBB2292005FA16CA05C
:106C9000F5F7B6FC6D4A6EA170A0F5F7B1FC00BF28
:106CA000FEE72B98012300902046239A2299FAF7B9
:106CB00029FF0646002E00D095E0A5662A98E066DA
:106CC000012174200155881E20670146E162E168B8
:106CD0002A98814212D847A0F5F792FC49A0216872
:106CE000F5F78EFC654A49A155A0F5F789FC574A8E
:106CF00063A15AA0F5F784FC00BFFEE700201390C3
:106D00000120664900220EAB00920191029012A967
:106D1000204606F0C5FC08A8007F002808D0A07D0A
:106D2000002801D002265EE0204609F011F81AE0A2
:106D30001099002901D0119809E07421095D0029FA
:106D400001D0E06A03E0E2682169881AE062E16844
:106D500009182269914202D30021216702E0E1680B
:106D60000918216700BF23A0F5F74AFC25A0216878
:106D7000F5F746FC414A213224A131A0F5F740FC49
:106D80004748E36A226F2168F5F73AFC012322465F
:106D900028322046E16A05F057FF2920005D0228CD
:106DA00004D1616C206C616620661BE02920005DC7
:106DB000012817D1216FE06A814213D0E76A002FC2
:106DC00003D1E1682069471A01E0E0683F1A002317
:106DD0006A463946204605F037FF079906986166EE
:106DE000206600BF00BF31462046FAF7CDFF30468F
:106DF00025B0F0BD5B466C61736844425D5B7473A3
:106E00006C5D00005B25735D200000002E2E5C434E
:106E10006F6D70656E74735C4D6F64756C65735CDB
:106E2000466C61736844422D312E312E325C737290
:106E3000635C6664625F747364622E6300000000CA
:106E40002825733A2564292000000000086103000A
:106E50006765745F74696D650000000028257329FB
:106E60002068617320617373657274206661696C58
:106E700065642061742025732E0A0000FA02000068
:106E80006D61785F6C656E203C2064625F73656342
:106E90005F73697A6528646229000000315501003A
:106EA000B886030070B504460D460026207D0028F4
:106EB0000CD112A0F5F7A4FB14A02168F5F7A0FBF4
:106EC00014A02168F5F79CFB082070BD00BFA069E5
:106ED000002802D02046A169884700BF29462046E5
:106EE00008F080FE064600BFE069002802D0204678
:106EF000E169884700BF3046E7E700005B466C6108
:106F0000736844425D5B74736C5D00005B25735D68
:106F1000200000004572726F723A2054534C2028B2
:106F20002573292069736E277420696E69746961FD
:106F30006C697A65204F4B2E0A000000F7B596B0B9
:106F400004460D460027207D00280AD127A0F5F72A
:106F500057FB2AA02168F5F753FB2AA02168F5F713
:106F60004FFB002D01D119B0F0BD266F00BFE068C6
:106F7000C719002308AA3146204605F065FE0028FF
:106F800000D028E008A84078022803D008A840785C
:106F900003281FD108A84078022805D138222146AD
:106FA000283108A8EDF764FE09983830059000BF35
:106FB0006946204606F0EAF868461899A84700286E
:106FC00000D0D0E7694608A802F00AF90590401CF5
:106FD0000028EDD100BF3A4608A9204602F0EAF8A1
:106FE0000646401C0028C2D100BFBCE75B466C616E
:106FF000736844425D5B74736C5D00005B25735D78
:10700000200000004572726F723A2054534C2028C1
:107010002573292069736E277420696E697469610C
:107020006C697A65204F4B2E0A0000000246936976
:10703000CB605069886013690B6108467047000097
:1070400010B5044611480068844206D2104A11A1C6
:1070500016A0F5F7D5FA00BFFEE71C480068401EF1
:1070600080010A4909684018A04206D2084A18A1BE
:107070000EA0F5F7C5FA00BFFEE704480068201A25
:10708000801180001F49085810BD00003005002005
:10709000EF65030070617274203E3D207061727470
:1070A0006974696F6E5F7461626C6500282573296D
:1070B0002068617320617373657274206661696C06
:1070C00065642061742025732E0A00003C050020B1
:1070D00070617274203C3D2026706172746974691D
:1070E0006F6E5F7461626C655B7061727469746904
:1070F0006F6E5F7461626C655F6C656E202D203110
:107100005D00000034050020F8B504460D46174622
:107110002E463046616800F003F80020F8BD0000FC
:1071200070B590B004460E4600253046E168EDF794
:10713000EDFC002912D01FA0F5F762FA21A021680A
:10714000F5F75EFAE72221A12DA0F5F759FA2F4AAB
:107150002FA136A0F5F754FA00BFFEE731462046CE
:10716000E268FAF771FC0546002D21D100BF01202D
:107170000090042302AA314601902046FAF78CFEC3
:107180000546002D02D0284610B070BD00BF2F4824
:10719000039000BF0120042303AA311D0090204664
:1071A000FAF77EFC0546002D01D02846ECE700BF2B
:1071B0002846E9E75B466C61736844425D5B747323
:1071C0006C5D00005B25735D200000002E2E5C438B
:1071D0006F6D70656E74735C4D6F64756C65735C18
:1071E000466C61736844422D312E312E325C7372CD
:1071F000635C6664625F747364622E630000000007
:107200002825733A2564292000000000DE60030071
:107210006164647220252064625F7365635F7369D3
:107220007A6528646229203D3D2030002825732995
:107230002068617320617373657274206661696C84
:1072400065642061742025732E0A000054534C306D
:1072500038B504466846047069460320ABBE204634
:1072600038BD000003B595B0FBA11598EDF733FDCF
:10727000002831D0169818282ED8169816282BD307
:10728000FBA11598EDF727FD14901498401CEDF71D
:107290008BFD80B213902D2149011398884213DC95
:1072A00013980A2810DBF34913988882F2A1F3A0FF
:1072B000F5F7A6F9EF48808A01461290F1A0F5F79C
:1072C0009FF9F3F749FE03E0F6A1ECA0F5F798F972
:1072D000F6A0F5F795F9FCE3FEA11598EDF7FBFC98
:1072E000002831D0169818282ED8169815282BD398
:1072F000DFA11598EDF7EFFC14901498401CEDF702
:1073000053FD80B213902D2149011398884213DC5C
:107310001398012810DBD7491398C882D6A1D7A0AB
:10732000F5F76EF9D348C08A01461290EFA0F5F741
:1073300067F9F3F711FE03E0DAA1D0A0F5F760F9E1
:10734000F2A0F5F75DF9C6E7FAA11598EDF7C3FCD1
:10735000002831D0169816282ED8169813282BD32B
:10736000C3A11598EDF7B7FC14901498401CEDF7E5
:107370001BFD80B213902D2149011398884213DC24
:1073800013980A2810DBBB4913988882EEA1BBA092
:10739000F5F736F9B748808A01461290EBA0F5F769
:1073A0002FF9F3F7D9FD03E0E7A1B4A0F5F728F929
:1073B000EEA0F5F725F98EE7F4A11598EDF78BFC13
:1073C00000287BD0F4A11598EDF785FC0028F8D0B3
:1073D000F4A11598EDF77FFC0028F2D07821F4484D
:1073E000EDF76EFCF3A11598EDF775FC13900020F6
:1073F0001290119012ABEE4AF2A11398FEF77BF9AE
:10740000129808287ED1D0A19CA0F5F7F9F8EEA03B
:10741000F5F7F6F8E648006895A11090EDF75BFCEB
:1074200014901498401CEDF76AFC002817D01498AB
:10743000401CEDF764FC032811D81498401CEDF7AC
:10744000B3FCE6494870C0A18CA0F5F7D9F8E34831
:10745000407801461090E2A0F5F7D2F803E0BAA117
:1074600086A0F5F7CDF8E5A0F5F7CAF8D048406852
:107470007FA11090EDF72FFC14901498401CEDF7AD
:107480003EFC06281FD1E4A000681090149B5B1CF2
:10749000E2A2032110A8FAF747F810A8EDF784FC40
:1074A0007D21C9004843CD49C864A7A173A0F5F761
:1074B000A7F8CA48C06C01460F9000E08AE3D8A044
:1074C000F5F79EF803E0A0A16CA0F5F799F8CBA022
:1074D000F5F796F8B648806865A11090EDF7FBFBCC
:1074E00014901498401CEDF70AFC07281AD1D3A178
:1074F0001498401CEDF7EFFB002804D00020B7499A
:10750000887003E05DE30220B44988708EA15BA01F
:10751000F5F776F8B148807801461090C8A0F5F7E5
:107520006FF803E088A155A0F5F76AF8CBA0F5F74E
:1075300067F89F48C0684EA11090EDF7CCFB401C47
:1075400014901498EDF7DBFB08283DD10020119032
:107550000DE0A2480B301199401810901498401873
:107560000F901099FEF7F5F81198401C11901198A2
:107570000828EEDB40A141A0F5F742F89748807C4F
:107580009649497C954A127C944BDB7B019302928D
:10759000039104909148807B00909048407B10902C
:1075A0008E48007B0F908D48C07C0E900146B2A0A3
:1075B000109B0F9AF5F724F863A130A0F5F720F897
:1075C000B9A0F5F71DF803E05FA12CA0F5F718F8B6
:1075D000BBA0F5F715F87648006925A11090EDF7E6
:1075E0007AFB401C14901498EDF789FB102831D1D8
:1075F000002011900DE07948133011994018109037
:10760000149840180F901099FEF7A3F81198401C99
:10761000119011981028EEDB17A118A0F4F7F0FFD5
:107620006E481330C07B6D491331897B6B4A13322E
:10763000527B6A4BDB7F09930A920B910C9067484F
:10764000817F427F007F654BDB7E05930792089127
:10765000069045E168E10000536574205265706F43
:10766000727420496E74657276616C3A0000000095
:107670003A000000E88600204C4F47000A5B257363
:107680005D0000005265637620556172742052657A
:10769000706F727420496E74657276616C203A2046
:1076A00025646D004552524F5200000052656376CA
:1076B0002055617274205265706F727420496E7427
:1076C000657276616C20506172616D204552524F37
:1076D000520000005365742053656E736F72204929
:1076E0006E74657276616C3A0000000052656376D4
:1076F00020556172742053656E736F7220496E74E9
:10770000657276616C203A2025646D00526563765F
:1077100020556172742053656E736F7220496E74C8
:10772000657276616C20506172616D204552524FD6
:10773000520000007365744461746153796E635044
:107740006572696F643A000041434B00736574448D
:1077500061746153796E63506572696F643A202574
:10776000646D200D0A204F4B0000000073657444C7
:1077700061746153796E63506572696F6420506102
:1077800072616D204552524F520000004C6F5261A1
:1077900057414E506F7274004C6F526157414E46C4
:1077A000726571004C6F526157414E4A6F696E00AD
:1077B0007CAB00204C6F526157414E506F72743A4F
:1077C000000000002C0000007365744C6F5261577C
:1077D000414E506172616D204F4B0000F4AB0020B0
:1077E0007365744C6F526157414E506F72743A20FA
:1077F0002564200D0A204F4B000000007365744C77
:107800006F526157414E506F727420506172616DBA
:10781000204552524F520000383638002573000080
:107820007365744C6F526157414E467265713A20D0
:107830002564200D0A204F4B00000000410000008D
:107840007365744C6F526157414E4A6F696E3A20AE
:107850002564200D0A204F4B000000007365744C16
:107860006F526157414E4A6F696E20506172616D6F
:10787000204552524F5200004170704555493A2000
:107880002530327820253032782025303278202576
:10789000303278202530327820253032782025305B
:1078A00032782025303278007365744C6F526157FE
:1078B000414E415050455549200D0A204F4B000084
:1078C0007365744C6F526157414E41707045554914
:1078D00020506172616D204552524F5200000000ED
:1078E000FC48827E417E007EFA4BDB7D019302AB39
:1078F00007C3F848807D0090F648407D1090F54819
:10790000007D0F90F348C07C0E900146F248109B1A
:107910000F9AF4F775FEF1490846CC38F4F770FE7B
:10792000EFA0F4F76DFE04E0EC490846CC38F4F71C
:1079300067FEF1A0F4F764FEF7484069F7A11090E4
:10794000EDF7C9F9401C14901498EDF7D8F9042804
:1079500037D1002011900DE0DE48233011994018F6
:107960001090149840180F901099FDF7F2FE11989E
:10797000401C119011980428EEDBD849D039081D1D
:10798000F4F73EFED3482330C0780090D14823302E
:1079900080781090CF48233040780F90CD48203029
:1079A000C0780E900146DEA0109B0F9AF4F728FED7
:1079B000CA490846CC38F4F723FEE1A0F4F720FECC
:1079C00004E0C6490846CC38F4F71AFEE2A0F4F702
:1079D00017FED1488069D1A11090EDF77CF9401CC9
:1079E00014901498EDF78BF9102860D100201190B5
:1079F0000DE0B8482730119940181090149840189D
:107A00000F901099FDF7A5FE1198401C1190119848
:107A10001028EEDBB149D039081DF4F7F1FDAD486F
:107A20002730C27B807BAB492731497BA94B273369
:107A30001B7B09930C920A910B90A6482730C07AC1
:107A4000A4492731897AA34A2732527AA14B273396
:107A50001B7A05930692079108909E482730C279B9
:107A6000817940799B4B27331B79019302AB07C384
:107A700098482730C078009096482730807810903A
:107A80009448273040780F9092482030C0790E906B
:107A90000146B948109B0F9AF4F7B2FD8F4908468A
:107AA000CC38F4F7ADFDB5A0F4F7AAFD04E08B499E
:107AB0000846CC38F4F7A4FDB6A0F4F7A1FD96482B
:107AC000C06996A11090EDF706F9401C1490149827
:107AD00000E0D5E3EDF713F910285FD100201190F5
:107AE0000DE07C48373011994018109014984018D8
:107AF0000F901099FDF72DFE1198401C11901198D0
:107B00001028EEDB7549D039081DF4F779FD71486E
:107B10003730C17B827B407B6E4B37331B7B0993B5
:107B20000B920C910A906B483730C27A807A69497F
:107B30003731497A674B37331B7A059308920691A0
:107B4000079064483730C1798079624A3732527978
:107B5000604B37331B7901930292049103905D4887
:107B60003730C07800905B483730807810905948A3
:107B7000373040780F9057482030C07D0E90014636
:107B80008C48109B0F9AF4F73BFD54490846CC38BB
:107B9000F4F736FD88A0F4F733FD04E04F490846BA
:107BA000CC38F4F72DFD8AA0F4F72AFDF3F7FEF8A0
:107BB000F3F7A2F8F3F782F9012146484030017249
:107BC00004E046490846CC38F4F71AFD88A0F4F7DB
:107BD00017FD55E38BA11598EDF77DF8002811D01E
:107BE0008D4800780028F4D13C490846CC38F4F799
:107BF00007FD8AA0F4F704FD012087490870FDF70E
:107C0000F7FFE6E78DA11598EDF765F800285ED03F
:107C1000FF21F5318D48EDF753F82E488078002884
:107C200056D18BA18948F9F79BFC8848EDF767F896
:107C30008649401813908948027889A11398F9F76A
:107C40008FFC8248EDF75BF8804940181390894813
:107C500080798007C00F024687A112901398F9F728
:107C60007FFC7A48EDF74BF878494018139081482B
:107C7000808A024684A112901398F9F771FC734828
:107C8000EDF73DF87149401884A286A11390F9F7E9
:107C900067FC6E48EDF733F86C49401813900D48B7
:107CA000817A427A007A0B4BDB7902930492059138
:107CB0000390084880790749497900910190054867
:107CC000007912900348C07811900246F2E03DE33B
:107CD0006EE10000F4AB0020D8810300487701007A
:107CE0007365744C6F526157414E4150504B45592A
:107CF000200D0A204F4B00007365744C6F52615782
:107D0000414E4150504B455920506172616D2045A4
:107D100052524F52000000007CAB00203A0000009D
:107D2000444556414444523A20253032782025308B
:107D3000327820253032782025303278000000005B
:107D40007365744C6F526157414E444556414444EB
:107D500052200D0A204F4B007365744C6F526157CF
:107D6000414E4445564144445220506172616D2059
:107D70004552524F520000008C8203007365744CD0
:107D80006F526157414E415050534B4559200D0A97
:107D9000204F4B007365744C6F526157414E4150F8
:107DA00050534B455920506172616D204552524FDE
:107DB00052000000308203007365744C6F526157AB
:107DC000414E4E574B534B4559200D0A204F4B0007
:107DD0007365744C6F526157414E4E574B534B4530
:107DE0005920506172616D204552524F520000007F
:107DF0004C6F526157414E20504152414D204552E7
:107E0000524F52007374617274466163746F727979
:107E10005465737400000000320000204169722034
:107E200053656E736F72207374617274466163740C
:107E30006F727954657374204F4B0000676574440A
:107E4000657669636553746174756500F484002018
:107E5000646576696365537461746500140000207D
:107E60002C626174746572795374617475733A2508
:107E700064000000E88600202C706F7765725374F0
:107E8000617475733A2564002C6461746153796E72
:107E900063506572696F643A25640000436C6173D6
:107EA000732041002C4C6F526157414E4A6F696EEE
:107EB0003A257300F3A1129B1398F9F751FBFC4884
:107EC000ECF71DFFFA4940181390FA48827C407C79
:107ED000F849097CF74BDB7B0293059203910490F0
:107EE000F448807BF349497B00910190F148007B85
:107EF0001290F048C07A11900246EFA1129B13989D
:107F0000F9F72EFBEA48ECF7FAFEE949401813901E
:107F1000E8481330C17B807BE64A1332527BE54B45
:107F2000DB7F0A930B920D910C90E248807FE14930
:107F30004A7F097FDF4BDB7E069308920791099009
:107F4000DC48817E427E007EDA4BDB7D0293049228
:107F500005910390D748807DD649497D00910190D5
:107F6000D448007D1290D348C07C11900246DD4970
:107F7000129B1398F9F7F4FACD48ECF7C0FECC4900
:107F80004018D9A11390F9F7EBFAC948ECF7B7FEFE
:107F9000C7494018D7A11390F9F7E2FAC448ECF7A3
:107FA000AEFEC3494018D6A11390F9F7D9FA5EE1A5
:107FB000D649BF48F9F7D4FABD48ECF7A0FEBC4952
:107FC00040181390D2480278D04910311398F9F72D
:107FD000C7FAB748ECF793FEB54940181390CD485F
:107FE00080798007C00F0246C84928311290139843
:107FF000F9F7B6FAAE48ECF782FEAD494018139097
:10800000C448808A0246C149383112901398F9F762
:10801000A7FAA748ECF773FEA5494018BEA2BB49D2
:1080200054311390F9F79CFAA148ECF768FEA04987
:10803000401813909F48827A417A007A9D4BDB79F1
:10804000029303AB07C39B4880799A494979009111
:1080500001909848007912909648C0781190024695
:1080600088A1129B1398F9F77BFA9148ECF747FE29
:108070008F49401813908F48817C427C007C8D4B47
:10808000DB7B02930492059103908A48807B8949A7
:10809000497B009101908748007B12908548C07A07
:1080A0001190024684A1129B1398F9F759FA80485F
:1080B000ECF725FE7E49401813907E481330C07BB4
:1080C0007C491331897B7B4A1332527B794BDB7FAE
:1080D0000A930B920C910D907648817F407F754AF0
:1080E000127F744BDB7E06930792099108907148CA
:1080F000807E7049497E6F4A127E6E4BDB7D029313
:108100000392049105906B48807D6A49497D0091F6
:1081100001906848007D12906648C07C119002462C
:108120007049129B1398F9F71BFA6148ECF7E7FDC9
:108130005F49401813905F482330C0785D49233170
:108140008978009101905B4823304078129059481B
:108150002030C0781190024671A1129B1398F9F754
:10816000FFF95348ECF7CBFD5149401813905148A3
:108170002730C27B807B4F492731497B4D4B2733CA
:108180001B7B0A930D920B910C904A482730C17AC1
:10819000807A484A2732527A464B27331B7A069315
:1081A00007920991089043482730C1798279407934
:1081B000404B27331B7902930492059103903D486D
:1081C0002730C0783B4927318978009101903948A0
:1081D00027304078129037482030C07911900246FD
:1081E0005649129B1398F9F7BBF93148ECF787FD14
:1081F0002F49401813902F483730C17B827B407B3A
:108200002C4B37331B7B0A930C920D910B90294812
:108210003730C17A827A407A264B37331B7A0693FD
:1082200008920991079023483730C2798079214913
:10823000373149791F4B37331B79029305920391EC
:1082400004901C483730C0781A493731897800913A
:108250000190184837304078129016482030C07D81
:10826000119002463649129B1398F9F779F935496E
:108270000846CC38F4F7C4F90D4933A0F4F7C0F937
:10828000A5E100002C4445564555493A2530327841
:1082900025303278253032782530327825303278E2
:1082A00025303278253032782530327800000000D1
:1082B000F4840020F4AB00202C4150504555493A3D
:1082C00025303278253032782530327825303278B2
:1082D00025303278253032782530327825303278A2
:1082E00000000000E88203002C44455641444452FB
:1082F0003A0000002C415050534B45593A000000C1
:108300002C4E574B534B45593A000000507E01000C
:1083100014000020E8860020436C61737320430042
:108320002C444556414444523A2530327825303267
:1083300078253032782530327800000080830300C1
:10834000348303004877010025730000A1A115982C
:10835000ECF7C1FC00282FD0A1A11598ECF7BBFCCD
:1083600014901498401CECF71FFD80B213901398E2
:10837000012818DC9B49139888729B490846CC3821
:10838000F4F73EF999A01399F4F73AF99548807AF1
:10839000FF280DD0002220219D48FCF7A7FA642079
:1083A0009049886104E090490846CC38F4F728F9F0
:1083B00098A0F4F725F90AE19EA11598ECF78BFC3B
:1083C00000282FD086A11598ECF785FC14901498FE
:1083D000401CECF7E9FC80B213901398012818DCDC
:1083E00080491398487380490846CC38F4F708F957
:1083F00094A01399F4F704F97A48807AFF280DD0F5
:10840000002220218248FCF771FA642075498861B6
:1084100004E075490846CC38F4F7F2F892A0F4F776
:10842000EFF8D4E098A11598ECF755FC002803D09C
:108430009A4802F003FACAE099A11598ECF74BFCB0
:1084400000286BD066A11598ECF745FC401C1390F2
:108450001398ECF7A9FC1290129800285DD0E12146
:10846000C90112984018129012A8ECF779FB1190EC
:10847000119840698F4940188F49486111980069E7
:1084800008611198C068C860119881688A48816045
:10849000119840688849486011980068086008464B
:1084A000C068109008460069401C0F90084640695B
:1084B0000E90109A0F9907F0E5FF7F49886100F050
:1084C00029FEF6F7CFFD4849D039081DF4F798F892
:1084D000794801684068784A926800920291019058
:1084E0007548C068109074480069401C0F9072482D
:1084F00040690E90014671A0109B0F9AF4F780F826
:108500003848807AFF2807D0002220214048FCF715
:10851000EDF964203349886100BF58E075A11598D2
:10852000ECF7D9FB00280ED01598407901280AD124
:10853000F2F726FD01F0B8FEF0F7E2FC642002F04D
:108540007DF8F9F7C7F96CA11598ECF7C4FB002882
:1085500001D0F9F7BFF96AA11598ECF7BCFB002828
:108560002DD01FA11598ECF7B6FB14901498401C61
:10857000ECF71AFC80B21390FF21913113988842D6
:1085800013DB7D210901139888420EDC0120154977
:10859000C873139808821449D039081DF4F730F8CD
:1085A0005BA01399F4F72CF804E060490E48CC382E
:1085B000F4F726F856A01399F4F722F807E05CA127
:1085C0000948CC38F4F71CF85BA0F4F719F817B099
:1085D00000BD000073657453686F774D6F6465006C
:1085E0003A000000E88600204877010053657420B7
:1085F000446576696365204550442053686F772051
:108600004D6F64653A202564200D0A204F4B000011
:10861000D4730020536574204465766963652045F2
:1086200050442053686F77204D6F64652045525247
:108630004F52000073657454656D7053686F774DC9
:108640006F646500536574204465766963652054E2
:10865000656D702053686F77205761793A202564E3
:10866000200D0A204F4B0000536574204465766945
:1086700063652054656D702053686F77205761796A
:10868000204552524F520000676574446576696315
:10869000654E6F72466C617368000000F8E600205A
:1086A00073796E6344657669636554696D65737447
:1086B000616D70006C070000E087002052656376F2
:1086C00020556172742053796E632054696D652062
:1086D000434D442C20253034642D253032642D2523
:1086E0003032642D25643A25643A25640D0A204F02
:1086F0004B000000686B74007265626F6F7400005D
:10870000736574434F32466F726365643A000000CC
:1087100052656376205561727420434F3220466F54
:10872000726365643A20256400000000707D0100DA
:108730005741524E00000000556172742046616935
:108740006C656420546F20506172736520446174BD
:1087500061210000F3B585B006463046FCF756FEB1
:10876000002808D1F8A1FAA0F3F74AFFFAA0F3F71E
:1087700047FF07B0F0BDF078C007C00F00287DD0DC
:10878000FB480490DC21ECF79BFAFF20049905F0EC
:108790000BFAF849087009780498401804907D2174
:1087A000C900F548ECF78CFA0322F449F248ECF7DB
:1087B0005FFA0020F049C870F14800780871F0486D
:1087C0000078401CEE490870EA480278E849EA4817
:1087D000401DECF74DFAE7480078401DE94908854F
:1087E00000F056FC012802D1002005F003FB00F048
:1087F00083FC002802D1012005F010FB00BF00F02F
:1088000025FC0028FBD01420FBF78CF8DD48018DF7
:10881000D948F4F7D1FFDB48028DD749DAA0EFF74A
:108820000FFD1420FBF77EF800F01EFC002807D097
:10883000D7A1C7A0F3F7E4FED7A0F3F7E1FE04E069
:1088400000F034FC002857D000BFD1A1C0A0F3F73E
:10885000D7FED7A0F3F7D4FEDF4801F07FFD07462F
:10886000C4480078401C874212DB0122C149DA4823
:1088700001F084FEBF480278BD4900E051E0D648CF
:1088800001F07CFED5480078401CD449087006E011
:10889000ADA1AFA0F3F7B4FED1A0F3F7B1FEB84895
:1088A0000078401EB6490870D248C079401CD149B2
:1088B000C8710846C07905281DDB0020C871CE4864
:1088C000007840084000CC4908700221CA48403076
:1088D000C17100210172C9480068E121C900401836
:1088E000C7490860C7A19AA0F3F78AFEC448016887
:1088F000C5A0F3F785FE3CE70020BE49C871C1A1C1
:1089000093A0F3F77DFEC8A0F3F77AFE64219D489B
:10891000C185B848408A052802DA0520B549488251
:1089200000BF0698401FC5B2B6A189A0F3F768FE44
:108930002946C3A0F3F764FE741DB5E220780490C5
:10894000B0A183A0F3F75CFEC7A00499F3F758FE2B
:1089500004982D286FD00CDC2A286DD004DC052863
:108960006ED029286AD1DEE02B2868D02C28F9D1D6
:108970005DE258287DD0802815D0852802D0862831
:10898000F0D1A9E06778012F01D1F2F799F9A81E7B
:10899000C5B2A41C7EA16EA0F3F732FE3946B9A081
:1089A000F3F72EFE7BE260787D2109014018BE4975
:1089B0004861A0780861E078C860207988606079B3
:1089C0004860A07908600B46DA681B69591CB64BF1
:1089D000586907F057FDB449886100F09BFBF6F732
:1089E00041FBE81FC5B2E41D84480068AF49086038
:1089F00084A157A0F3F704FEAB480068AA49496870
:108A0000A94A9268009201910290A748C368006940
:108A1000421CA5484169A6A0F3F7F2FD7548807A8B
:108A2000FF2807D000207349887300222021AD4819
:108A3000FBF75CFF33E215E2BDE101E02DE2D7E197
:108A400060780002A17808430746E81EC5B2E41C1E
:108A5000012F13DB2D20400187420FDC6548C782C0
:108A6000F2F77AFA67A13AA0F3F7CAFD6148C18A22
:108A700000E00CE09CA0F3F7C3FD07E032A134A0B6
:108A8000F3F7BEFD3946A3A0F3F7BAFD07E260781D
:108A90000002A17808430746FF209130874209DB96
:108AA0007D200001874205DC5248078201205149A0
:108AB000C8730DE0DC212E48ECF702F958202C4950
:108AC0000870FE20487002202A49087004F020FE39
:108AD000E81EC5B2E41CE2E160780002A178084318
:108AE0000746E81EC5B2E41C0A2F03DB2D20400117
:108AF000874201DD002F0DD13E488782F2F72CFA24
:108B000040A113A0F3F77CFD3A48818A8EA0F3F7C9
:108B100077FD07E00CA10EA0F3F772FD394693A094
:108B2000F3F76EFDBBE1607801280BDC607831491A
:108B300008726420C86133A105A0F3F761FD2D48D8
:108B4000017A27E12AE100004552524F520000000D
:108B50000A5B25735D000000446174612053796EE7
:108B6000632048656164204552524F522100000045
:108B700018840020310000200C880020220B020005
:108B800033000020CC8B002053656E640000000091
:108B90005741524E000000005761697420427573BE
:108BA0007920494F2054696D656F7574000000008D
:108BB0004C6F52612053656E64446174612046615C
:108BC000696C2C2057726974652044617465205467
:108BD0006F20436163686500FC8300203000002043
:108BE0004C77726220416C72656164792046756CC5
:108BF0006C000000E8860020F4AB00205800002044
:108C0000CC0000204C4F47005570646174652052C1
:108C100065636F6E6E6563742054696D657374610E
:108C20006D703A20256C64004C6F52612053656E64
:108C3000644461746120537563636573730000005D
:108C400052656376204C6F526157414E20434D442C
:108C50002C20546F74616C2044617461204C656EEB
:108C6000203A2025642C0000416E616C7973697391
:108C700020446174612054797065203A2025303297
:108C8000780000005265637620446576696365204C
:108C90005265737420466163746F727920434D444A
:108CA000203A202564000000E087002034000020E6
:108CB00052656376205365727665722053796E63D0
:108CC0002054696D6520434D442C253034642D2596
:108CD0003032642D253032642D25643A25643A25DE
:108CE00064000000D47300205570646174652044F2
:108CF00065766963652053656E736F722052657087
:108D00006F727420496E74657276616C3A202564C6
:108D10006D696E004465766963652053656E736F97
:108D200072205265706F727420496E74657276613C
:108D30006C204F766572205468726573686F6C643E
:108D40003A20256400000000557064617465204479
:108D500065766963652053796E6320496E74657228
:108D600076616C3A2025646D696E00004465766911
:108D700063652053796E6320496E74657276616C09
:108D8000204F766572205468726573686F6C643A20
:108D90002025640047A0F3F733FC08E04D4908465E
:108DA000B438F3F72DFC61784BA0F3F729FCA81E2B
:108DB000C5B2A41C73E052488079082188436178C9
:108DC000C9000822114008434D498871A81EC5B248
:108DD000A41C6420C8613F490846B438F3F710FC6E
:108DE000474880790007C10F46A0F3F709FC56E019
:108DF000607843494873A81EC5B2A41C64208861EA
:108E000034490846B438F3F7FBFB3D48417B45A0A5
:108E1000F3F7F6FB3A48807AFF2807D0002038495C
:108E20008873002220214848FBF760FD37E0607816
:108E300033498872A81EC5B2A41C642088612549E4
:108E40000846B438F3F7DCFB2D48817A3FA0F3F7EE
:108E5000D7FB00202A498873002220213A48FBF7DB
:108E600045FD1CE060782649C872A81EC5B2A41C46
:108E70006420886117490846B438F3F7C1FB2048DD
:108E8000C17A3AA0F3F7BCFB00201D498873002289
:108E900020212D48FBF72AFD01E0002500BF00BF7F
:108EA000C82D00DD03E000BF002D00D046E500BF67
:108EB00000BF5EE455706461746520446576696343
:108EC00065204C65642053686F77204D6F64653A68
:108ED00020256400048C0100557064617465204491
:108EE0006576696365204C65642053686F77204D13
:108EF0006F6465204661696C3A20256400000000BB
:108F0000E886002055706461746520446576696365
:108F100065204265657020456E61626C653A20256A
:108F2000640000005570646174652044657669636F
:108F300065204570642053686F772054656D7020FC
:108F40005761793A20256400D4730020557064611C
:108F500074652044657669636520457064205368B4
:108F60006F77204D6F64653A202564005570646109
:108F700074652044657669636520457064204F768A
:108F800065727475726E204D6F64653A20256400B9
:108F900010B51C48408B00281ED11A48008B0028B1
:108FA0001AD01848018B1848FFF7D4FB1548028BDC
:108FB000154916A0EFF744F918A119A0F3F720FB03
:108FC000114919A0F3F71CFB7D21C9000E48EBF7EE
:108FD00077FE00200B4908831A48408B002810D1E7
:108FE0001848008B00280CD01648018B1648FEF755
:108FF00039F97D21C9001448EBF762FE00211148C0
:10900000018310BDCC8F0020FC8B0020526563765D
:10901000204C6F526157414E000000004C4F4700FA
:109020000A5B25735D00000052656376205561720E
:1090300074204C6F526157414E20446174613A2054
:1090400025730000A8970020D893002010B5202198
:109050000448F2F729FE002801D0012010BD0020AD
:10906000FCE70000800C004070B500250BE07D207F
:10907000C000F4F78FFBFFF7E9FF0446002C01D096
:10908000002070BD6D1C0F2DF1DB0120F9E7000001
:1090900010B510210448F2F711FE002801D001207C
:1090A00010BD0020FCE70000800C004070B57D2062
:1090B000C000F4F76FFB00250BE000F00FF804464A
:1090C000002C01D0002070BD7D20C000F4F762FBB1
:1090D0006D1C062DF1DB0120F5E7000010B508211D
:1090E0000448F2F7E1FD002801D0012010BD002066
:1090F000FCE70000800C004010B504210448F2F7A2
:10910000DDFD002801D0012010BD0020FCE700009B
:10911000800C004000B58FB02C2104A8EBF7D0FDE7
:109120001D4840691D49401A09901B480069089074
:109130001948C0680790184880680690164840682B
:109140000590154800680490134880690A90002033
:10915000C0430C9004A8EBF745FDE121C901401A7A
:109160000F4908600FA110A0F3F74AFA0C480368F2
:109170000948016842688068039301920291009057
:109180000548C3680069421C034841690848F3F771
:1091900037FA0FB000BD0000E08700206C07000028
:1091A000580000204C4F47000A5B25735D0000000B
:1091B000A484030010B50346D86880181C69A04237
:1091C0000BD84868DC6800191C69A04203D24868C3
:1091D000DC68001910BD0020FCE70020C043F9E75F
:1091E00010B502460023DB435078012801D1801ED0
:1091F00010BD48691830146AA04203D84869034674
:10920000183302E00020C043F2E71846F0E7000000
:10921000054800680549884202D9002002490860D3
:10922000014800687047000048000020005C2605E7
:10923000014800680021704758000020F8B5044636
:109240000026002C09D1824882A384A2FC21009030
:109250008AA005F065F900BFFEE7204605F08EFB09
:109260000646002E01D03046F8BD606A00280AD1BB
:1092700077488FA379A2FF210A3100907FA005F0E3
:109280004FF900BFFEE72069002808D0A08A002817
:1092900005D0A069002802D0207F002875D1204683
:1092A00003F050FC0646002E01D03046DCE7204695
:1092B00005F036FA00282DD00020A060216D216134
:1092C0004820005B012802D10221A18201E0012196
:1092D000A182616DA1615820015D2177012516E011
:1092E000E90020465430405800280FD0EA002046BC
:1092F00054308058A169814208D9E9002046543091
:109300004158A161E9000818017921776D1C042DED
:10931000E6D33AE0002535E0182068436849401854
:109320000179207B81422CD1182068436449401880
:109330004179607B814224D11820684360494018FC
:109340008179A07B81421CD1182068435C49085870
:10935000A060182068434018816821611820684384
:10936000574940188189A182182068435449401800
:109370000169A1611820684351494018017D217796
:1093800002E06D1C152DC7D300BF2069002808D04E
:10939000A08A002805D0A069002802D0207F0028DC
:1093A00004D148A005F0E2F801205DE70027002580
:1093B0000BE0E800514940180179207B814203D13C
:1093C000E8004E490F5802E06D1C102DF1D300BF8C
:1093D000002F09D0A068002806D0394648A023698C
:1093E000A26805F0C3F80BE0002F05D039464FA066
:1093F000226905F0BBF803E057A0216905F0B6F833
:1094000000BF204603F0ECFE0646002E01D0304699
:109410002AE7A08A04210840002809D0002201215F
:10942000204605F0F1FA0646002E01D030461BE733
:10943000012109062069884205D90121204604F04E
:1094400001FD064602E000213520015530460BE7BC
:10945000F4680300666C61736800000028257329B6
:109460002068617320617373657274206661696C32
:1094700065642061742025732E0000002E2E5C434D
:109480006F6D70656E74735C4D6F64756C65735C45
:10949000466C61736844422D312E312E325C736606
:1094A00075645C7372635C736675642E63000000A0
:1094B000666C6173682D3E7370692E7772000000D0
:1094C000FC6603005761726E696E673A20546869E2
:1094D0007320666C617368206465766963652069D2
:1094E00073206E6F7420666F756E64206F72206ECD
:1094F0006F7420737570706F72742E007C66030039
:1095000046696E64206120257320257320666C6196
:10951000736820636869702E2053697A65206973C7
:1095200020256C642062797465732E0046696E6430
:10953000206120257320666C617368206368697000
:109540002E2053697A6520697320256C6420627926
:109550007465732E0000000046696E642061206609
:109560006C61736820636869702E2053697A652086
:10957000697320256C642062797465732E00000085
:1095800038B50620009001252A466946762004F069
:1095900000FBC4B2002C01D0204638BD7D20C000A5
:1095A00004F09AFA0020F8E77CB50646002531223F
:1095B00029466D1C684642542A466946762000F0CA
:1095C000BFF80446002C01D020467CBD094804F0B9
:1095D00083FA03226946762000F072F80446002CD4
:1095E00001D02046F1E7032269463046EBF740FB05
:1095F0000020EAE7102700007CB506460025482237
:1096000029466D1C684642542A466946762000F079
:1096100097F80446002C01D020467CBD144804F085
:109620005BFA1920FAF77EF90025302229466D1CD5
:10963000684642542A466946762000F081F804467E
:10964000002C01D02046E8E7094804F045FA03223F
:109650006946762000F034F80446002C01D02046FC
:10966000DBE7032269463046EBF702FB0020D4E734
:10967000102700007CB5054600268D223146761C59
:109680006846425432466946762000F059F804464E
:10969000002C01D020467CBD084804F01DFA0122B0
:1096A0006946762000F00CF80446002C01D02046D4
:1096B000F1E76846007828700020ECE710270000EA
:1096C000F7B506460F4600211C48F2F730FE054666
:1096D000002D01D00120FEBD00211848F2F7CFFE79
:1096E0007000401CC1B21548F2F754FE0546002D2B
:1096F00005D002211148F2F71AFE0220EBE7002400
:1097000009E000210D48F2F764FF39190B48F2F720
:10971000EDFD601CC4B202988442F2DB01210748CF
:10972000F2F757FF02210548F2F701FE0546002D2A
:1097300001D00520CFE70020CDE700000024014044
:10974000F7B506460F4600211C48F2F7F0FD044627
:10975000002C01D00120FEBD00211848F2F78FFE39
:109760007006010E1548F2F715FE0446002C05D0D0
:1097700002211248F2F7DBFD0220ECE700250EE0A3
:10978000795D0E48F2F706FE0446002C05D0022152
:109790000A48F2F7CCFD0320DDE7681CC5B2029849
:1097A0008542EDDB02210548F2F7C1FD0446002C9D
:1097B00001D00420CFE70020CDE7000000240140C5
:1097C000FFB581B007461E4600213448F2F7AFFDD1
:1097D0000446002C02D0012005B0F0BD00212F4826
:1097E000F2F74DFE7806010E2C48F2F7D3FD044641
:1097F000002C05D002212948F2F799FD0220EBE761
:1098000026480299F2F7C6FD0446002C05D0022135
:109810002248F2F78CFD0220DEE7002E33DD012125
:109820001E48F2F784FD0446002C01D00320D3E744
:109830007800401CC1B21948F2F7ACFD0446002C78
:1098400001D00420C8E700251BE0701EA84204DDFB
:1098500000211248F2F7BDFE03E001210F48F2F7A4
:10986000B8FE039841190D48F2F740FD0446002C5C
:1098700005D002210948F2F75AFD0520ACE7681C23
:10988000C5B2B542E1DB02210448F2F750FD0446BF
:10989000002C01D006209FE700209DE70024014016
:1098A000FFB581B006460A9F00213848F2F73FFD18
:1098B0000546002D02D0012005B0F0BD002133483F
:1098C000F2F7DDFD7006010E3048F2F763FD054644
:1098D000002D05D002212D48F2F729FD0220EBE7EB
:1098E00000240FE00298015D2848F2F753FD054679
:1098F000002D05D002212548F2F719FD0320DBE7F2
:10990000601CC4B203988442ECDB002F33DD0121DC
:109910001E48F2F70CFD0546002D01D00120CBE7D3
:109920007000401CC1B21948F2F734FD0546002D05
:1099300001D00420C0E700241BE0781EA04204DD13
:1099400000211248F2F745FE03E001210F48F2F72B
:1099500040FE049801190D48F2F7C8FC0546002D99
:1099600005D002210948F2F7E2FC0520A4E7601CBB
:10997000C4B2BC42E1DB02210448F2F7D8FC054640
:10998000002D01D0062097E7002095E70024014034
:10999000FFB581B006460A9F00213A48F2F7C7FC9E
:1099A0000546002D02D0012005B0F0BD002135484C
:1099B000F2F765FD7006010E3248F2F7EBFC054642
:1099C000002D05D002212F48F2F7B1FC0220EBE771
:1099D00000240FE00298015D2A48F2F7DBFC0546FF
:1099E000002D05D002212748F2F7A1FC0320DBE778
:1099F000601CC4B203988442ECDB002F36DD0B9868
:109A000000F01CFE01211F48F2F791FC0546002DD5
:109A100001D00120C8E77000401CC1B21948F2F71C
:109A2000B9FC0546002D01D00420BDE700241BE051
:109A3000781EA04204DD00211248F2F7CAFD03E0BF
:109A400001211048F2F7C5FD049801190D48F2F7FD
:109A50004DFC0546002D05D002210A48F2F767FCAF
:109A60000520A1E7601CC4B2BC42E1DB022105482D
:109A7000F2F75DFC0546002D01D0062094E700209A
:109A800092E700000024014009480A49086008469E
:109A90000068002801D1401E7047064800688069B0
:109AA00005490862034800680069C8610020F3E7BF
:109AB00040050020F4040020F8040020F0B585B033
:109AC00005460E463F4800883F49884203D03F483C
:109AD0000088884204D100203D49086005B0F0BDEF
:109AE0003C48875DA8003C4908580490354A1288D4
:109AF000364B1B88D118354A128864235A431046C6
:109B0000EBF71AF804462D2C1CD22E490988334A4B
:109B100051432E4A1288324B5A4388183946EBF784
:109B20000BF80090EBF7C2FB01900499EBF7DFF91B
:109B30002C490290EBF7DBF90390EBF704FC244986
:109B400008603CE0402C1CD21E490988264A51433B
:109B50001E4A1288254B5A43881A3946EAF7ECFF09
:109B60000090EBF7A3FB01900499EBF7C0F91D49B6
:109B70000290EBF7BCF90390EBF7E5FB14490860A2
:109B80001DE0552C1BD20F490988194A51430F4A31
:109B90001288184B5A4388183946EAF7CDFF0090CF
:109BA000EBF784FB01900499EBF7A1F90D490290C2
:109BB000EBF79DF90390EBF7C6FB0549086000BF82
:109BC0008CE70000DE000020FFFF0000DC0000202A
:109BD000D8000020A40B0200AC0B02004F4500008F
:109BE000332B000000401C4621A700005C4C000005
:109BF00026170000A1040000F0B5C54A00248FB06C
:109C000091420ADA4B005B08934206D801254A00CC
:109C10006D05EA4205D1002803D0F7F7D9FE0FB051
:109C2000F0BD01252D05A94219DA034308D000290A
:109C300010DA0120F7F702FFF7F7D3FE0FB0F0BDFF
:109C40000220F7F7FBFEF7F7B9FE0122D2075140D9
:109C50000FB0F0BD3524E4433622EBF73BFD0A1587
:109C6000AC4B1219D4180A03120BAB49AB4B561864
:109C70002E403146594011430192321512190B9270
:109C80000022EBF724FA019A0446921C1003A44E1A
:109C9000000B0D467E44032860D22046736832686C
:109CA000EBF798FB1CD10B98002815D0EBF710FBB5
:109CB00004460E469B4A9C4BEBF718FA0D460746A6
:109CC0009A4A9B4B20463146EBF710FA3A462B4610
:109CD000EBF758F90FB0F0BD716830680FB0F0BD08
:109CE000944A954B20462946EBF700FA0022934B05
:109CF000EBF7F3F906460F4622462B461046194667
:109D0000EBF7F4F932463B46EBF7F0F906460B98D1
:109D10000F4600281DD0EBF7DBFA824A824B0591F3
:109D20000490EBF7E3F932463B46EBF7D6F92246CF
:109D30002B46EBF7CCF904460D467C4A7C4B059943
:109D40000498EBF7D3F922462B46EBF7C0F90FB096
:109D5000F0BD0B46324620462946C4E001230022CE
:109D60009B072046EBF70EF902460B462046294694
:109D7000EBF724FA06460F460B98EBF7A9FA3246A2
:109D80003B460591049010461946EBF7AFF909914F
:109D90000C906B490198099B421800920C9A194645
:109DA0001046EBF7A3F9024607910A90654901981E
:109DB0000B1A6548019303217844079BF7F7A8FD28
:109DC000079B0A9AEBF792F90E905F480D910421D8
:109DD0007844079B0A9AF7F79BFD099B0C9AEBF7CF
:109DE00085F9019B009A1A4300920D9B0E9AEBF79E
:109DF000C9F8009A01910C90002A4DDD0022D2434F
:109E000020462946EBF766FC22462B46EBF76EF917
:109E100000910A900B9800282BD0424A424B05999A
:109E20000498EBF763F907910E90019B0C9A009947
:109E30000A98EBF7A7F832463B46EBF757F9079B32
:109E40000E9AEBF79FF8009B0A9AEBF746F9224629
:109E50002B46EBF73CF904460D46344A344B059942
:109E60000498EBF743F922462B46EBF730F90FB095
:109E7000F0BD019B0C9A0A98EBF784F832463B46FA
:109E8000EBF734F9009B0A9AEBF727F922462B46A9
:109E9000EBF723F90FB0F0BD0B98002827D0214A2B
:109EA000214B05990498EBF721F907910090204682
:109EB0002946019B0C9AEBF70AF932463B46EBF731
:109EC00015F9079B009AEBF702F922462B46EBF7B0
:109ED000FEF804460D46154A154B05990498EBF714
:109EE00005F922462B46EBF7F2F80FB0F0BD0B4612
:109EF000204629460C9AEBF7EAF832463B46EBF748
:109F0000F5F822462B46EBF7E8F80FB0F0BD00005D
:109F10000000F07F01FCFFFF645F09000000F03FDC
:109F2000B0E40100763C7935EF39EA3D0000E0FE0F
:109F3000422EE63F555555555555D53F0000E03F5B
:109F400086EBF9FF51B80600B4E20100F8B504460B
:109F50003048002581420ADA4A005208824206D877
:109F6000012348005B05D84205D1002C03D02046D0
:109F7000F7F72EFDF8BD01231B05994219DA22439C
:109F800007D000290EDA0120F7F758FDF7F729FD71
:109F9000F8BD0220F7F752FDF7F710FD0122D207B6
:109FA0005140F8BD3525ED4336222046EBF792FBB4
:109FB000044608154019184A0D038018C20F1749A6
:109FC0002D0B891A09050D438018EBF781F9064618
:109FD0000F4620462946FFF70FFE114A114BEBF7BB
:109FE00085F804460D46104A104B30463946EBF7CB
:109FF0007DF822462B46EAF7C5FF0D4604460C4A7B
:10A000000C4B30463946EBF771F822462B46EAF7FF
:10A01000B9FFF8BD0000F07F01FCFFFFFF03000067
:10A020000EE526157BCBDB3F362BF111F3FE593DB8
:10A0300000609F501344D33F00B58DB02C2102A87F
:10A04000EAF73EFE00200190244800682449096890
:10A05000884203D221480068019002E0204800684D
:10A06000019020480078C007C00F002807D11E4982
:10A0700001980968884202D91B48006801901B4971
:10A0800001980968401A7D214901884203D3174885
:10A09000006840180190154801990068C01C814271
:10A0A00003D212480068C01C0190E121C901019847
:10A0B0004018019002A901A8EAF75AFD0498C1B21C
:10A0C000684601700398C1B2684641700298C1B2F7
:10A0D00068468170F4F760FE0DB000BD34000020CA
:10A0E00038000020F4AB0020CC00002058000020F5
:10A0F000FEB504460D46002739467F1C6846455488
:10A1000001236A4629462920FFF75AFB0646002EFE
:10A1100001D03046FEBD6846007820700020F9E787
:10A120007CB5044600268C223146761C6846425493
:10A1300001236A468C212920FFF742FB0546002DAA
:10A1400001D028467CBD6846007820700020F9E7E1
:10A150007CB50446002685223146761C684642546A
:10A1600001236A4685212920FFF72AFB0546002D99
:10A1700001D028467CBD6846007820700020F9E7B1
:10A180007CB50446002686223146761C6846425439
:10A1900001236A4686212920FFF712FB0546002D80
:10A1A00001D028467CBD6846007820700020F9E781
:10A1B00038B500250A4A2946684603F037FC0546AB
:10A1C0002A4669462920FFF7BBFA0446002C01D035
:10A1D000204638BD7D20C00003F07EFC0020F8E75B
:10A1E0000180000038B500250122D20329466846C7
:10A1F00003F01CFC05462A4669462920FFF7A0FA11
:10A200000446002C01D0204638BD7D20C00003F05C
:10A2100063FC0020F8E7000010B52020F5F730FBC4
:10A22000002404E01B49085DF5F76EFB641C382C24
:10A23000F8D32120F5F724FB002404E01649085D3B
:10A24000F5F762FB641C2A2CF8D32220F5F718FBE3
:10A25000002404E01149085DF5F756FB641C382C16
:10A26000F8D32320F5F70CFB002404E00C49085D2B
:10A27000F5F74AFB641C2A2CF8D32420F5F700FBE1
:10A28000002404E00749085DF5F73EFB641C2A2C16
:10A29000F8D310BDBC020020F40200201E030020F1
:10A2A000560300208003002010B52020F5F7E8FABF
:10A2B000002404E01B49085DF5F726FB641C382CDC
:10A2C000F8D32120F5F7DCFA002404E01649085DF4
:10A2D000F5F71AFB641C2A2CF8D32220F5F7D0FAE4
:10A2E000002404E01149085DF5F70EFB641C382CCE
:10A2F000F8D32320F5F7C4FA002404E00C49085DE4
:10A30000F5F702FB641C2A2CF8D32420F5F7B8FAE1
:10A31000002404E00749085DF5F7F6FA641C2A2CCE
:10A32000F8D310BDCE01002006020020300200202C
:10A33000680200209202002010B501221203044995
:10A34000044800F06BF80449024800F003F910BD1E
:10A35000FC730020FC83002071A701001CB501469E
:10A3600000290DD0144B0868984209D1DB43886955
:10A37000984205D14868002802D08868002801D199
:10A3800000201CBD08690190C8680090009B0198DE
:10A39000984201D18A680CE0019B0098984203D949
:10A3A000019B0098C21A04E08868009C019B1B1B5B
:10A3B000C21A501EE5E70000EFBEADDE1CB5014637
:10A3C00000290DD0144B0868984209D1DB438869F5
:10A3D000984205D14868002802D08868002801D139
:10A3E00000201CBD08690190C8680090009B01987E
:10A3F000984201D100220CE0009B0198984203D9B9
:10A40000009B0198C21A04E08868019C009B1B1BFA
:10A41000C21A1046E5E70000EFBEADDE70B5044697
:10A420000D461646002C03D0002D01D0002E01D180
:10A43000002070BD1C212046EAF742FCA660656042
:10A4400002482060C043A0610120F2E7EFBEADDE0C
:10A45000FEB504460F4615460097002C11D02B4937
:10A46000206888420DD1C943A069884209D160683B
:10A47000002806D0A068002803D0002F01D0002DAE
:10A4800001D10020FEBD2046FFF798FF0290029800
:10A49000A84201D2029800E028460546002D00D1CE
:10A4A000F0E7E0680190A0680199401AA84203D241
:10A4B000A0680199401A00E0284606466068019AA3
:10A4C000811832460098EAF7D3FB01988019019071
:10A4D000AD1B002D06D06168009A90192A46EAF754
:10A4E000C7FB0195A0680199884201D8002001901E
:10A4F0000198E06000BF6069002804D07219002153
:10A5000020466369984700BF7019BBE7EFBEADDE18
:10A5100010B50446002C1AD00D492068884216D187
:10A52000C943A069884212D1606800280FD0A06892
:10A5300000280CD000202061E06000BF6069002886
:10A5400004D00022022120466369984700BF10BD55
:10A55000EFBEADDE00280ED0074B02689A420AD14A
:10A56000DB4382699A4206D14268002A03D082689E
:10A57000002A00D041617047EFBEADDEFEB5044653
:10A580000F4615460097002C11D02B4920688842B1
:10A590000DD1C943A069884209D16068002806D05E
:10A5A000A068002803D0002F01D0002D01D1002089
:10A5B000FEBD2046FFF7D2FE02900298A84201D2CB
:10A5C000029800E028460546002D00D1F0E72069FA
:10A5D0000190A0680199401AA84203D2A06801998D
:10A5E000401A00E0284606466168019A88183246FB
:10A5F0000099EAF73DFB019880190190AD1B002DF1
:10A6000006D0009A91192A466068EAF731FB019555
:10A61000A0680199884201D800200190019820612A
:10A6200000BF6069002804D07219012120466369C7
:10A63000984700BF7019BBE7EFBEADDE01460022B0
:10A64000034B1A6000BF024A12688A42FBD370476C
:10A650005400002010B5012080030D498860F2F7F6
:10A6600071F8E12149020B48F6F7ECFB10217D203F
:10A67000C000ECF7BDFEF2F757FBECF70FFD064804
:10A68000F1F7B4FDF5F7FAFEF8F7E0FB002010BD96
:10A6900000ED00E00020014000240140F7B582B049
:10A6A00005461646002D0AD1164817A318A21F21E9
:10A6B000490100901EA003F033FF00BFFEE7002E0B
:10A6C00009D1104827A312A22849009018A003F02E
:10A6D00027FF00BFFEE73520405D002801D00420A1
:10A6E00000E003200746002407E0601C381AC10080
:10A6F0000398C8403055601CC4B2BC42F5DB05B0BD
:10A70000F0BD0000B0690300666C61736800000072
:10A710002825732920686173206173736572742022
:10A720006661696C65642061742025732E000000E9
:10A730002E2E5C436F6D70656E74735C4D6F647527
:10A740006C65735C466C61736844422D312E312E0A
:10A75000325C736675645C7372635C736675642ED9
:10A76000630000006172726179000000E103000083
:10A7700070B506460C461546002C0BD0012C12D0A5
:10A78000022C19D10EA110A0F1F73AFF10A0F1F799
:10A7900037FF12E00AA10CA0F1F732FF294613A0FF
:10A7A000F1F72EFF09E006A107A0F1F729FF2946DE
:10A7B00018A0F1F725FF00E000BF00BF70BD00004A
:10A7C0004C575242000000000A5B25735D000000F8
:10A7D0005B4556545D2042756666657220726573EE
:10A7E0006574206576656E74210000005B455654E3
:10A7F0005D204275666665722072656164206576CB
:10A80000656E743A20256420627974652873292165
:10A81000000000005B4556545D2042756666657217
:10A82000207772697465206576656E743A202564B8
:10A8300020627974652873292100000010B5044650
:10A84000002007490880224606492046FCF776FB8F
:10A8500000200349088004A0F1F7D2FE10BD0000DB
:10A86000FC0300200D5B01006578706F727420732B
:10A87000656E736F72206461746120656E640A0096
:10A8800030B593B00446342101A8EAF719FA34220E
:10A89000074901A8EAF7ECF9342201A90EA8FCF750
:10A8A000D9F8054629462046FCF7FCFA13B030BD1E
:10A8B00058870020FFB585B0064614461D46002087
:10A8C0000490304620300390002E09D1554856A3FD
:10A8D00057A25F4900905FA003F022FE00BFFEE791
:10A8E000012D0ED0FF20013085420AD04D4866A3CD
:10A8F0004FA299218900009056A003F011FE00BFDD
:10A90000FEE73420805D00280AD1464868A348A2AB
:10A910004F49091D00904FA003F002FE00BFFEE763
:10A92000069801193069814205D965A003F01EFE21
:10A93000052009B0F0BD03988068002802D0039874
:10A94000816888475EE00121304603F023FB0490D4
:10A950000498002800D058E00220634908704A1C7F
:10A9600030460699FFF79AFE3520805D002801D019
:10A97000052000E00420029029460698EAF7C6F870
:10A9800000290FD029460698EAF7C0F8681AA042B5
:10A9900006D229460698EAF7B9F8681A019006E047
:10A9A000019404E0AC4201D9019500E001940198C2
:10A9B000241A01990698401806904B4A029950189B
:10A9C000019A0E99EAF754F9002000900199029833
:10A9D00042180398002344494768B84704900498F4
:10A9E000002803D041A003F0C1FD0EE0304605F081
:10A9F000CBFC04900498002800D006E001990E9842
:10AA000040180E90002C9ED100BF0021304603F06C
:10AA1000C1FA0398C068002802D00398C16888472B
:10AA2000049886E735690300666C6173680000006E
:10AA300028257329206861732061737365727420FF
:10AA40006661696C65642061742025732E000000C6
:10AA5000620200002E2E5C436F6D70656E74735C35
:10AA60004D6F64756C65735C466C61736844422D10
:10AA7000312E312E325C736675645C7372635C7365
:10AA80006675642E6300000077726974655F677293
:10AA9000616E203D3D2031207C7C20777269746599
:10AAA0005F6772616E203D3D203235360000000048
:10AAB000666C6173682D3E696E69745F6F6B000030
:10AAC0004572726F723A20466C61736820616464EB
:10AAD00072657373206973206F7574206F662062CE
:10AAE0006F756E642E00000050E800204572726F92
:10AAF000723A20466C6173682077726974652053DE
:10AB0000504920636F6D6D756E6963617465206572
:10AB100072726F722E000000002102E000BF4A1C1A
:10AB2000D1B28142FADB7047F0B51FB496B08446CB
:10AB30000C460246199D189803904900680063006E
:10AB4000490840080193002A01D0012600E00026B0
:10AB50009E19FE4BF6185B109E422BD36E00039F8E
:10AB60000296002F00D00127F719F84EF84BBE19B6
:10AB70009E421FD3039E0346F64F334309D03B4604
:10AB80009C4201D1002A04D0019B002A05D0012655
:10AB900004E0002039461BB0F0BD00269E19EE4BA4
:10ABA0009E4207D8039F029E002F00D00127F6196E
:10ABB0009E4207D92B4660462146189AF6F70DFFAC
:10ABC0001BB0F0BD0023002C29DAE44EB04226DA97
:10ABD000E34EB04201DB022321E0DE4EB0421EDB39
:10ABE000E04E070DBE19142E09DD3427BF1B039E4E
:10ABF000FE400196BE40039FBE420BD00FE0039F74
:10AC0000002F0CD11427BF1B0646FE400196BE4004
:10AC1000864204D1019BDE07F60F02239B1B0E46E2
:10AC2000164318D1002D16DA002C03D0022B01D0C8
:10AC3000012B06D00220F6F701FFF6F7BFFE1BB08E
:10AC4000F0BD0220F6F7FAFEF6F7B8FE0122D207B1
:10AC500051401BB0F0BD039E002E61D1BF4EB042EB
:10AC600020D1C148844201D1002A08D0B94881428C
:10AC700009DB002D10DB189829461BB0F0BD002021
:10AC8000B4491BB0F0BD002D06DA01222946D207D7
:10AC9000189851401BB0F0BDB44979440868496820
:10ACA0001BB0F0BDAB4FB84225D1002D1FDA0029F3
:10ACB00004D0B14212D1002A09D018E0002A72D182
:10ACC000A649E20F0020D20711431BB0F0BD0020BF
:10ACD000E20F0146D20711431BB0F0BDB14206DAC4
:10ACE000234600203946EAF769FA1BB0F0BD10464A
:10ACF00021461BB0F0BDB14212DA0126B607B542BB
:10AD000003D1234610461946FEE3994EB54207D1BA
:10AD1000261E05DB1046314604F078F81BB0F0BD66
:10AD200067007F081646002A40D100290AD08B4AC6
:10AD3000914229D1002C0EDD002D1CDB0020114694
:10AD40001BB0F0BD022B16D0002C14D0012B12D159
:10AD5000002C14DB0FE0002C28DA002D09DB012B7E
:10AD600003D000207D491BB0F0BD002081491BB0FD
:10AD7000F0BD012B03D0002001461BB0F0BD002028
:10AD80000121C9071BB0F0BD724A91420ED1002CBF
:10AD900001DA002B17D0022B06D00020C043EAF7BF
:10ADA00097FA1BB0F0BD90E20120F8E7E217521CC1
:10ADB00094461A4307D000220892664C62465B1EF6
:10ADC0001A4307D009E00120F6F738FEF6F709FE2E
:10ADD0001BB0F0BD0022644C0892674A90427DDDB2
:10ADE000664B674A98421FDD914202DC002D05DB6D
:10ADF0004DE05848814217DB002D48DD0220F6F770
:10AE00001DFEF6F7F7FD05460E460022534B214680
:10AE10000898EAF76BF9084671004908C00FC007A7
:10AE2000014328461BB0F0BD914215DA002D2EDA01
:10AE30000220F6F703FEF6F7DDFD05460E4600227A
:10AE4000464B21460898EAF751F972005208C80F9C
:10AE5000C0070243114617E03E4B994223DD002D07
:10AE600015DD0220F6F7EAFDF6F7C4FD05460E46AD
:10AE700000223A4B21460898EAF738F90846710053
:10AE80004908C00FC007014328461BB0F0BD02208F
:10AE9000F6F7D4FDF6F7B8FD49004908E20FD207EE
:10AEA00011431BB0F0BD002230463946EAF70FF9D6
:10AEB000012205460E46D243EAF70CFC314A324BDA
:10AEC000EAF70BF92A463346EAF710F90022284B35
:10AED000EAF703F907462A46334600E064E00391A7
:10AEE00010461946EAF702F93A46039BEAF7FEF8DC
:10AEF0000746032209915207244B28463146EAF7B8
:10AF0000F5F807910C90224A204B38460999EAF748
:10AF1000EDF8074601911F4A1F4B28463146EAF7D4
:10AF2000E5F83A46019BEAF7D2F807460B46024697
:10AF3000099107990C98EAF725F800250E4628464E
:10AF4000079B0C9AEAF7C3F83A4627E0FFFF1F0079
:10AF5000FFFF0F000000F03F0000E0FF0000F07F67
:10AF60000000404301FCFFFF0000F0BFAAD4010035
:10AF70000000E03F0000F0FF0000E0410000F0436F
:10AF8000FFFFEF3F555555555555D53F4715F73FF1
:10AF9000FE822B6544DF5DF80BAE543E099BEAF759
:10AFA0009CF802460B4652E1012500202D05A942DE
:10AFB00007DA352230463946EAF78CFB064634205C
:10AFC000C0430A151218FE48101803900803FD49E3
:10AFD000000B01430F46FC49884201DC002003E0DE
:10AFE000FA49884202DA0120119005E00020119010
:10AFF0000398401C7F1B039011980597C200F448EA
:10B000000F927844801843680268394630460D93A1
:10B010000292EAF75CF807910C9030460D9B029A79
:10B020000599E9F7AFFF02460B460020E549EAF72C
:10B03000C5F809910490079B0C9AEAF757F812900B
:10B0400000201090E3480D46784400680E900121DE
:10B0500078104907084311990D9B89044018012174
:10B06000C90447183946029A0E98EAF730F8324672
:10B07000059BEAF732F802460B4629461098EAF794
:10B0800035F8064602913B4629460E9A1098EAF793
:10B090002DF8079B0C9AEAF720F83246029BEAF754
:10B0A00016F8099B049AEAF721F80591129A0A907A
:10B0B0002B4610461946EAF719F806460246C648D6
:10B0C0000F460B4606217844F6F722FC32463B46F3
:10B0D0000091049010461946EAF708F8009B049A7C
:10B0E000EAF704F806460F462B461946129A1098BE
:10B0F000E9F748FF059B0A9AE9F7F8FF32463B4615
:10B10000E9F740FF109A079104902B461046194624
:10B11000E9F7ECFFB14E0022334609910290E9F7BE
:10B1200031FF079B049AE9F72DFF002007460246EE
:10B1300033460091E9F7CBFF099B029AE9F7C7FF75
:10B14000079B049AE9F7C9FF06460D913A4629463E
:10B15000009B1098E9F7CAFF07910C902B463046E8
:10B16000129A0D99E9F7C2FF05460E463A46009B32
:10B1700005990A98E9F7BAFF33462A46E9F702FF2C
:10B1800002460B460746099107990C98E9F7FAFE23
:10B1900000250E462846079B0C9AE9F798FF3A4689
:10B1A000099BE9F79AFF07460722099152078C4B42
:10B1B00031462846E9F79AFF07910090894A884B63
:10B1C00038460999E9F792FF07460191864A874B6D
:10B1D00031462846E9F78AFF3A46019BE9F7D2FE55
:10B1E000834B7B440F9A9B181A685B68E9F7CAFE89
:10B1F000029009910398EAF76BF805910490099B76
:10B20000029A07990098E9F7BDFE7A4B7B440F9AA2
:10B210009B181A685B6817460393E9F7B3FE059B12
:10B22000049AE9F7AFFE0E462846059B049AE9F713
:10B230004EFF3A46039BE9F74AFF079B009AE9F75E
:10B2400046FF099B029AE9F748FF02460B46199907
:10B2500000200C900F461898E9F748FF02910490DF
:10B260003B460C9A19991898E9F731FF2A4633465C
:10B27000E9F73CFF029B049AE9F784FE09910E90DE
:10B280002A46334639460C98E9F730FF06460F4602
:10B29000099B0E9AE9F776FE574A0D46914220DB4C
:10B2A0005242AA18024310D132463B46E9F70FFF3B
:10B2B00004900391514A524B09990E98E9F762FEA6
:10B2C000039B049AEAF760FA1ED20220F6F7B6FB57
:10B2D000F6F790FB49004908E20FD20711431BB073
:10B2E000F0BD6A00474B52089A420DD3464AAA184D
:10B2F000024300D0CBE532463B46E9F7E8FE099B26
:10B300000E9AEAF741FAF5D96800002340082C4963
:10B310000393020D3D4B5218984223DD0120000596
:10B32000521CD04042195000400D40183849794411
:10B33000096813468C463749C1408B4312030121EB
:10B34000120B090551181422101AC1400391002D47
:10B3500001DA48420390624630463946E9F7B7FEC3
:10B3600006460F4632463B4609990E98E9F70AFE13
:10B3700000252A46284B28460591E9F7B7FE079194
:10B380000C90264A264B28460599E9F7AFFE009116
:10B39000029032463B4628460599E9F798FE099BFC
:10B3A0000E9AE9F79AFE1F4A1F4BE9F79FFE009B92
:10B3B000029AE9F7E7FD07460B460246099135E098
:10B3C00001FCFFFF0000F03F8E9803007AB60B00EF
:10B3D000A2D00100FCD001000ED001000000084006
:10B3E00009C7EE3FFD033ADCF5015B14E02F3EBEDA
:10B3F000E2CE0100A8CE010000009040FE822B6545
:10B400004715973C00CC904000346F3F0000E03F70
:10B4100016CE0100FFFF0F00432EE63F396CA80C4B
:10B42000615C20BEEF39FAFE422EE63F07990C9888
:10B43000E9F7A8FD05460E46079B0C9AE9F747FE7B
:10B440003A46099BE9F749FE09912A4633460E9090
:10B4500010461946E9F74AFE074602462F480B46B2
:10B46000059105217844F6F753FA3A46059BE9F72A
:10B470003DFE2A463346E9F730FE0746019128464D
:10B480003146099B0E9AE9F731FE099B0E9AE9F7BE
:10B4900079FD012304910C9000229B073846019905
:10B4A000E9F715FE05910E903A4628463146019B74
:10B4B000E9F71CFE059B0E9AE9F780FE049B0C9AA7
:10B4C000E9F705FE2A463346E9F701FE0022144B50
:10B4D000E9F703FE064603980D46000541190915D4
:10B4E000002912DC30462946039AEAF7F3F8F6F70A
:10B4F0009BF8042801D1F6F787FA30462946039ACB
:10B50000EAF7E8F8064601E004E029180B4632465F
:10B5100021460898E9F7EAFD1BB0F0BDA0CC010078
:10B520000000F03F70B504460D461646114800680D
:10B53000002806D1104A11A113A0F1F761F800BF4D
:10B54000FEE70C4800682030007D002806D10A4A3A
:10B5500015A10DA0F1F754F800BFFEE71748806968
:10B5600001192B4632460348006803F01DF83046A7
:10B5700070BD0000F40400206D65030073667564FF
:10B580005F646576000000002825732920686173D8
:10B5900020617373657274206661696C65642061F3
:10B5A000742025732E0A0000736675645F646576E7
:10B5B0002D3E696E69745F6F6B000000F804002017
:10B5C000F0B587B0002005900690FDF7D9FF19204F
:10B5D000F8F7A8F90021049104A8FEF74BF8684693
:10B5E000007C40210840002864D0F1F74BF805A802
:10B5F000FEF702F8F1F746F805A80330FDF7D4FF8F
:10B60000F1F740F86946087D0004497D09020843C6
:10B610006946897D04460C436946C87D0004097E5D
:10B62000090208436946497E084307460120C005D0
:10B630002040002802D0FF20000604430120C0055E
:10B640003840002802D0FF2000060743642120462E
:10B65000E9F75CFA0190E9F74FFE054600221A4B24
:10B66000E9F790FC03910290E9F782FE81B2174856
:10B67000018664213846E9F75FFA0190E9F728FE70
:10B6800005460022104BE9F77DFC03910290E9F793
:10B690006FFE81B20D48303041800DA10DA0F0F752
:10B6A000AFFF0A48038E303042880C490CA0F0F7F7
:10B6B000A7FF07E015A107A0F0F7A2FF074915A013
:10B6C000F0F79EFF07B0F0BD0000E03F28870020A4
:10B6D0004C4F47000A5B25735D000000680B0200B9
:10B6E000257320537563636573732C20416C7469F3
:10B6F000747564653A2025646D2C205072657373EF
:10B700007572653A2025646D626172004552524F30
:10B71000520000002573204661696C0010B50121BC
:10B7200009031A48F0F7C0FA002816D11420F8F7D8
:10B73000F9F8012109031548F0F7B6FA002824D1D9
:10B74000134880790221884311498871084680791D
:10B75000042188430E49887117E01420F8F7E2F8B5
:10B76000012109030948F0F79FFA00280DD0084885
:10B77000807902218843801C0549887108468079B8
:10B7800004218843001D0249887110BD800C0040CF
:10B79000E88600207FB503A8FEF7C2FC0446002C13
:10B7A00007D058A159A0F0F72BFF5AA0F0F728FFB7
:10B7B0007FBD02A8FEF7CCFC0446002C07D051A1A7
:10B7C00052A0F0F71DFF5BA0F0F71AFFF0E7684604
:10B7D000007B7021084005116846007A3821084036
:10B7E000C6106846007B8021084000286FD1882160
:10B7F00001A8FEF77DFC892101A80130FEF778FC45
:10B800008A2101A80230FEF773FC8B2101A80330C6
:10B81000FEF76EFC684600790102684640790143F4
:10B820004D4801806846807900026946C97908431D
:10B830004A49088029463046FEF740F948A133A01E
:10B84000F0F7DEFE4748006800904448038842480D
:10B85000028845494548F0F7D3FE64214148006815
:10B86000E9F754F94249C8670846C06F322804D244
:10B8700000213F48703001742EE03D48C06F6428BD
:10B8800004D201213A487030017425E03848C06F75
:10B89000FF21F531884204D202213548703001740D
:10B8A0001AE03348C06F7D21C900884204D20321C9
:10B8B0002F48703001740FE02D48C06F7D210901C1
:10B8C000884205D204212A487030017404E00FE058
:10B8D000052127487030017421A10CA0F0F790FEDB
:10B8E0002348C26F7030017C22A0F0F789FE07E088
:10B8F00004A106A0F0F784FE1B4928A0F0F780FE03
:10B9000000BF55E74552524F520000000A5B2573B5
:10B910005D0000006C74723378785F6765745F64F3
:10B920006174615F72656164795F666C616720460E
:10B9300061696C006C74723378785F6765745F6DF1
:10B940006561737572656D656E745F726174652093
:10B950004661696C00000000DC000020DE00002071
:10B960004C4F4700D8000020CC0B02009485030008
:10B97000E88600204C69676874204C6576656C3AEF
:10B980002025642C204C696768742056616C7565AD
:10B990003A202564206C757800000000257320464D
:10B9A00061696C0010B500F065F804461A4800683B
:10B9B0001A49096888422ED81948007B002803D10B
:10B9C0001748C089C82826DD164800681349096849
:10B9D000884220D901211448C161104800681149EA
:10B9E00008600E480068B4300B4908600E48703893
:10B9F000408A052803DA05200B49703948820BA1DB
:10BA00000BA0F0F7FDFD0548036803480A490268EA
:10BA10000AA0F0F7F5FD10BD3C0000205800002002
:10BA20004CAC002034000020588700204C4F4700C9
:10BA30000A5B25735D000000940B02002573205300
:10BA40007563636573732C204E657874205265614D
:10BA5000642054696D657374616D703A2025642C9F
:10BA6000204E6F772054696D657374616D703A2054
:10BA7000256400007CB500240025002672B6002253
:10BA8000FF2101314A48F2F73BF8FF2101314848D4
:10BA9000F0F71EF90520F4F719FEFF2101314448A3
:10BAA000F0F718F97320F4F711FE00262BE0FF21C0
:10BAB00001313F48F0F70CF90022FF2101313C48E9
:10BAC000F2F71EF80120FFF727F8FF21013138486F
:10BAD000F0F700F90120FFF71FF80022FF210131E4
:10BAE0003348F0F74CFE0120FFF716F86004040C11
:10BAF000FF2101312E48F0F7D7F8002801D0601C53
:10BB000084B2701CC6B20F2ED1DB002629E0FF21C3
:10BB100001312748F0F7DCF80022FF2101312448E9
:10BB2000F1F7EEFF0120FEF7F7FFFF21013120487A
:10BB3000F0F7D0F80120FEF7EFFF0022FF210131DE
:10BB40001B48F0F71CFE0120FEF7E6FF6D00FF2109
:10BB500001311748F0F7A8F8002800D06D1C701CC0
:10BB6000C6B2192ED3DBF2F707FA0120800320407A
:10BB7000002805D001200F490873A404A40C02E09A
:10BB800000200C4908730B48C4810BA10BA0F0F7EF
:10BB900037FD0848C0890749097B2B46224600919A
:10BBA0000190084908A0F0F72BFD28467CBD000055
:10BBB000400C00404CAC00204C4F47000A5B257302
:10BBC0005D000000800B02002573205375636365E0
:10BBD00073732C203078253034582C203078253061
:10BBE00038582C204F75742052616E67653A2025B5
:10BBF000642C205369676E616C20566F6C746167AA
:10BC0000653A202564755600F0B58BB00020099088
:10BC1000002408900790F3F70BFD00BF89E001F0C6
:10BC2000F3FB0746002F08D076A178A0F0F7E8FCD8
:10BC3000394678A0F0F7E4FC7AE009A801F08CFB23
:10BC40000746002F07D06FA170A0F0F7D9FC394646
:10BC50007BA0F0F7D5FC08A80079012856D0002178
:10BC6000069180A169A0F0F7CBFC08A801797FA01C
:10BC7000F0F7C6FC7D20C000F7F754FE09A801F0DC
:10BC80006BFB78A161A0F0F7BBFC08A8017977A055
:10BC9000F0F7B6FC08A80079012837D107AA08A94F
:10BCA00006A801F013FC0746002F0AD000200690DA
:10BCB00054A156A0F0F7A4FC394674A0F0F7A0FCFC
:10BCC00024E07DA151A0F0F79BFC0798E9F7EEFA7C
:10BCD0007A490290E9F70BF90390E9F767FB05460B
:10BCE0000E460898E9F7E2FA74490290E9F7FFF87E
:10BCF0000390E9F75BFB02460B4601960095059120
:10BD000004906846018B6EA0F0F77AFC07AA08A998
:10BD100006A801F0DBFB0746002F09D000200690A3
:10BD200038A13AA0F0F76CFC394658A0F0F768FC4F
:10BD3000641C012C00DA72E7F3F7AAFA6846008B5C
:10BD400000280AD16D48008906902EA12FA0F0F797
:10BD500057FC6BA0F0F754FC00E000BF6846018B75
:10BD600066480181002407E0610064485038405A69
:10BD7000002800D102E0641C242CF5DB00BF242C39
:10BD800006DA6846018B62005C485038815210E048
:10BD9000002407E0601C410058485038415A6200B6
:10BDA0008152641C232CF5DB6846018B5348103804
:10BDB000C18041A115A0F0F723FC0798E9F776FAB6
:10BDC00006463E49E9F793F80546E9F7EFFA05918B
:10BDD00004900898E9F76AFA06463849E9F787F8BF
:10BDE0000546E9F7E3FA0391029005990498019159
:10BDF00000906846018B32A0039B029AF0F700FC8A
:10BE00000BB0F0BD4552524F520000000A5B257343
:10BE10005D00000053434434582053746172742011
:10BE200053696E676C65204D6561737572656D65EC
:10BE30006E74204552524F523A202569000000008E
:10BE40005343443458204765742044617461205240
:10BE50006561647920466C6167204552524F523AC1
:10BE6000202569005741524E0000000053434434DE
:10BE700058204765742044617461204E6F742052CD
:10BE8000656164793A202564000000004572726F94
:10BE90007220657865637574696E67205343443416
:10BEA000582052656164204D6561737572656D65DA
:10BEB0006E743A20256900004C4F470000007A4418
:10BEC0005343443458205265616420434F323A2032
:10BED00025752C2054656D70657261747572653AB4
:10BEE00020252E3266432C2048756D69646974796B
:10BEF0003A20252E32665248000000005887002064
:10BF0000434F3220496E76616C69642073616D70B5
:10BF10006C652064657465637465642C20736B695B
:10BF20007070696E672E0000F0B587B004A905A88F
:10BF300002F022FE0446002C08D01AA11BA0F0F744
:10BF40005FFB21461BA0F0F75BFB27E02748059924
:10BF500041610499816126A114A0F0F751FB049876
:10BF6000E9F7A4F923490190E8F7C1FF0746E9F78B
:10BF70001DFA05460E460598E9F798F91D49019006
:10BF8000E8F7B5FF0746E9F711FA02460B460196B6
:10BF900000950391029018A0F0F732FB02F05AFED0
:10BFA00007B0F0BD4552524F520000000A5B2573A6
:10BFB0005D0000004572726F72206578656375746C
:10BFC000696E6720534854343058204D656173754D
:10BFD00072656D656E74204869676820507265638C
:10BFE0006973696F6E3A2025640A00005887002043
:10BFF0004C4F470000007A44534854343058205284
:10C000006561642054656D70657261747572653A1E
:10C010002025302E3266432C2048756D6964697482
:10C02000793A2025302E32662552480A0000000059
:10C0300070B586B0764804F064FD0446002C09D043
:10C0400074A176A0F0F7DCFA214676A0F0F7D8FAD2
:10C0500006B070BD00BF83496D4804F038FD04464A
:10C06000002C08D06BA16DA0F0F7CAFA21467E48DB
:10C07000F0F7C6FAECE77D480068401C7B49086091
:10C080006348C169C8208847764800788021084005
:10C09000002803D0754800680A28DCD97348006876
:10C0A0000A2817D35A4804F037FB0446002C08D05E
:10C0B00058A15AA0F0F7A4FA21466B48F0F7A0FA6D
:10C0C000C6E754A155A0F0F79BFA214668A0F0F707
:10C0D00097FABDE70020654908606E494C4804F0B6
:10C0E0006CFC0446002C08D04AA14CA0F0F788FA5A
:10C0F000214669A0F0F784FAAAE7774B654A4449DC
:10C100007648E8F77FFB0446002C0AD0012C08D0C3
:10C1100040A142A0F0F774FA214671A0F0F770FA3E
:10C1200096E7012C07D17EA13CA0F0F769FA7EA02A
:10C13000F0F766FA06E081A138A0F0F761FA80A076
:10C14000F0F75EFA6449C86B8249E8F793FE05464A
:10C15000E9F7F9F881B2804881805F49886BE9F797
:10C1600025F9054600227D4BE9F734F903D2002179
:10C17000794881712FE05849886B7949E9F75AF974
:10C1800003D201217448817125E05349886BE9F796
:10C190000DF905460022734BE9F71CF903D2022181
:10C1A0006D48817117E04C49886B8121C905E9F719
:10C1B00041F903D20321684881710CE04649886B3C
:10C1C0006949E9F737F903D204216348817102E034
:10C1D00005216148817159A110A0F0F711FA3E497B
:10C1E000886BE9F7E3F805460E463B49C86BE9F76B
:10C1F000DDF80591049058488079019600950290E9
:10C200000B465A48049AF0F7FBF900BF20E70000FC
:10C2100078E700204552524F520000000A5B257318
:10C220005D0000004572726F72202564207768659A
:10C230006E207A6D6F64343431302073746172749F
:10C24000696E67206D6561737572656D656E742CBE
:10C250002065786974696E672070726F6772616DAE
:10C2600021000000B004002028860300AC04002058
:10C270004572726F722025642C207A6D6F6434349D
:10C2800031302065786974696E672070726F6772EB
:10C29000616D2100A0E700204572726F7220256455
:10C2A000207A6D6F643434313020647572696E6742
:10C2B0002072656164206F6620414443207265737B
:10C2C000756C74732C2065786974696E6720707260
:10C2D0006F6772616D21000008E80020C0E7002050
:10C2E0004572726F72202564207768656E207A6DC2
:10C2F0006F64343431302063616C63756C617469D0
:10C300006E6720616C676F726974686D2C20657848
:10C310006974696E672070726F6772616D210000C9
:10C320005741524E000000005A4D4F443434585883
:10C33000205761726D75702E2E2E00004C4F4700F5
:10C340005A4D4F44343458582056616C69642E2E2F
:10C350002E00000000007A445887002000000440AE
:10C360000000404000000C400000A040E4850300B5
:10C3700070B586B005460C4608260020049005904E
:10C38000002D09D12E482FA330A29621009037A06E
:10C3900002F0C6F800BFFEE7002C09D1284841A3EF
:10C3A0002AA29721009031A002F0BAF800BFFEE760
:10C3B000082304AA3146284600F070FD002805D065
:10C3C0003CA002F0D3F8002006B070BD6846007CA7
:10C3D00020706846407C60706846807CA07068462B
:10C3E000C07CE0706846017D407D000208436946DC
:10C3F000897D090408436060A078012806DD627821
:10C40000A1783A4802F0B2F80020DDE7E078092888
:10C4100005DAE178364802F0A9F80020D4E7E1789F
:10C420006278A37860680093019202910390237868
:10C43000304AAD210DA002F073F80120C4E70000DE
:10C44000F9690300666C6173680000002825732990
:10C450002068617320617373657274206661696C12
:10C4600065642061742025732E0000002E2E5C432D
:10C470006F6D70656E74735C4D6F64756C65735C25
:10C48000466C61736844422D312E312E325C7366E6
:10C4900075645C7372635C736675645F7366647005
:10C4A0002E63000062617369635F68656164657231
:10C4B000000000004572726F723A2043616E27746B
:10C4C0002072656164204A45444543206261736976
:10C4D0006320666C61736820706172616D6574655C
:10C4E00072206865616465722E000000388D03005B
:10C4F000C08E0300648C0300F3B58FB00F98044620
:10C500004434109840680E90242105A8E8F7D8FB21
:10C510000F98002809D1CF48CFA3D1A2C221009003
:10C52000D7A001F0FDFF00BFFEE71098002809D159
:10C53000C848E1A3CAA2C3210090D1A001F0F0FF36
:10C5400000BFFEE7242305AA0E990F9800F0A6FC71
:10C55000002805D0DCA002F009F8002011B0F0BDE1
:10C56000E7A2CB21C6A001F0DBFFEFA2CC21C4A043
:10C5700001F0D6FF00251AE0A80005A9085CA90073
:10C58000491C05AA525CA900891C05AB595CAB008B
:10C59000DB1C05AFFB5C00930292019103906B1CC6
:10C5A000E8A2CE21B6A001F0BBFF681CC5B2092DE0
:10C5B000E2DB6846407DE0716846007D8007800FC1
:10C5C000012802D0032811D108E00120A071E379ED
:10C5D000E54AD721AAA001F0A3FF0CE00020A0713A
:10C5E000E2A2DB21A6A001F09BFF04E0ECA001F099
:10C5F000BDFF0020B2E700BF6846007D042108406F
:10C600008010002802D0012811D107E00120A0806D
:10C61000F1A2E6219AA001F083FF08E0FF2001309B
:10C62000A080F5A2EA2196A001F07AFF00BF00BF2A
:10C630006846007D08210840C010002802D001286B
:10C640002CD107E001202072F6A2F5218CA001F088
:10C6500067FF23E000202072FE4AFA2188A001F043
:10C660005FFF6846007D102108400011002802D0BD
:10C67000012811D107E050206072F74AFF2180A005
:10C6800001F04EFF08E006206072F44AFF210531F8
:10C690007BA001F045FF00BF00BF00BF00BF6846A0
:10C6A000807D062108404010002804D001280DD0CC
:10C6B000022820D114E00120A0720020E072E8A23C
:10C6C000FF2110316EA001F02BFF1CE00120A072B1
:10C6D000E072E9A2FF21153169A001F021FF12E00B
:10C6E0000020A0720120E072EAA2FF211A3164A0AA
:10C6F00001F016FF07E00020A072E072EBA001F04D
:10C7000035FF00202AE700BF6946C87E0006897E03
:10C71000090408436946497E090208436946097EBF
:10C72000084304906946C87E80210840C011002853
:10C7300002D0012819D104E00498C008401CE06030
:10C7400013E004984000400804900498232806D978
:10C750000020E060DE4801F009FF0020FEE60498BA
:10C76000C01E01218140E16000BF00BFD9A2FF21AE
:10C77000323143A0E36801F0D3FE002500262CE00F
:10C7800068001C3005A9085C002824D068001C3013
:10C79000095C01208840F200214610318850680071
:10C7A0001D3005A9095CF2002046103010180171F7
:10C7B000F1002046103008180079F1000090204662
:10C7C00010304058830AC9A2FF2138312CA001F053
:10C7D000A7FE701CC6B2681CC5B2042DD0DB0025B4
:10C7E0000026A7E1E90020461030405800282FD04D
:10C7F000681CC6B299E1F10020461030405800286C
:10C8000024D0E900204610304158F200805881427F
:10C810001CD9EB0022461032D058EB009A1811793F
:10C82000F30022461032D258EB0027461037FA5058
:10C83000F3003A469A181279EB00DB191A71F200EC
:10C840003B469850F200D218117100BF701C6BE18A
:10C850006EE100000B6A0300666C61736800000003
:10C8600028257329206861732061737365727420B1
:10C870006661696C65642061742025732E00000078
:10C880002E2E5C436F6D70656E74735C4D6F6475B6
:10C890006C65735C466C61736844422D312E312E99
:10C8A000325C736675645C7372635C736675645F37
:10C8B000736664702E63000062617369635F68650C
:10C8C00061646572000000005761726E696E673ABC
:10C8D0002043616E27742072656164204A45444597
:10C8E0004320626173696320666C617368207061C4
:10C8F00072616D65746572207461626C652E0000F2
:10C900004A4544454320626173696320666C6173E4
:10C910006820706172616D65746572207461626C0B
:10C920006520696E666F3A004D53422D4C5342208C
:10C9300020332020202032202020203120202020C1
:10C94000300000005B253034645D203078253032C3
:10C950005820307825303258203078253032582011
:10C960003078253032580000208C0300556E6966FF
:10C970006F726D2034204B422065726173652069AF
:10C980007320756E617661696C61626C6520666F9B
:10C99000722074686973206465766963652E00008F
:10C9A0004572726F723A20556E69666F726D2034EF
:10C9B000204B4220657261736520737570706F72D1
:10C9C00074656420696E666F726D6174696F6E2044
:10C9D0006572726F722E00005772697465206772FB
:10C9E000616E756C6172697479206973203120629F
:10C9F0007974652E000000005772697465206772B3
:10CA0000616E756C617269747920697320363420A7
:10CA10006279746573206F72206C61726765722E23
:10CA20000000000054617267657420666C61736871
:10CA300020737461747573207265676973746572AD
:10CA4000206973206E6F6E2D766F6C6174696C65F2
:10CA50002E0000008C8D0300D08D0300488E030053
:10CA6000332D42797465206F6E6C79206164647235
:10CA7000657373696E672E00332D206F7220342D1D
:10CA8000427974652061646472657373696E672EA0
:10CA900000000000342D42797465206F6E6C79209F
:10CAA00061646472657373696E672E004572726F9C
:10CAB000723A205265616420616464726573732008
:10CAC0006279746573206572726F722100000000D4
:10CAD000F08C03004361706163697479206973208D
:10CAE000256C642042797465732E0000466C617376
:10CAF000682064657669636520737570706F727401
:10CB00007320256C644B4220626C6F636B206572EE
:10CB10006173652E20436F6D6D616E6420697320B3
:10CB20003078253032582E00C6B2042E00DA62E684
:10CB3000681CC5B2042D00DA54E60120207000BF45
:10CB40000CE50000F0B585B00446002526462036E9
:10CB5000002C09D1174818A319A22149009021A03F
:10CB600001F0DEFC00BFFEE79F2003900320009051
:10CB700002AB012203A930467768B8470546002D6D
:10CB800012D16846017A2173417A6173817AA17367
:10CB9000A07B617B00910190237B1F4A10490831E3
:10CBA00010A001F0BDFC02E01CA001F0DFFC284653
:10CBB00005B0F0BD5D690300666C6173680000003C
:10CBC000282573292068617320617373657274204E
:10CBD0006661696C65642061742025732E00000015
:10CBE000550300002E2E5C436F6D70656E74735C90
:10CBF0004D6F64756C65735C466C61736844422D5F
:10CC0000312E312E325C736675645C7372635C73B3
:10CC10006675642E63000000B08903004572726F70
:10CC2000723A205265616420666C617368206465A5
:10CC300076696365204A454445432049442065722E
:10CC4000726F722E00000000F0B597B005460E46D8
:10CC500014461F4600201690002C12D15EA0EFF75C
:10CC6000CFFC61A02968EFF7CBFCA62260A16DA0E4
:10CC7000EFF7C6FC6E4A6FA170A0EFF7C1FC00BFD2
:10CC8000FEE7382308AA31462846F4F7F1FE66602D
:10CC90000998A0607149A068884204D000202070E3
:10CCA000082017B0F0BD01202070042108A8F4F777
:10CCB0000FFF60700B990A986161206106210FA82F
:10CCC000F4F706FFC1B224200155062113A8F4F79A
:10CCD000FFFEC1B2252001552420005D022806D1A7
:10CCE0000D990C98E161A0610E98206225E0252045
:10CCF000005D022806D111991098E161A061129897
:10CD000020621AE02420005D012816D12520005D54
:10CD1000012812D130A0EFF773FC33A02968EFF798
:10CD20006FFCC02232A13FA0EFF76AFC404A4CA141
:10CD300042A0EFF765FC00BFFEE760683830E062B4
:10CD40006068E96840182063E16A206B401AA062BD
:10CD5000607802283DD1002F3BD0E06A059030E09A
:10CD600068460078002800D131E003990298E1611B
:10CD7000A06105982062E06A1830E062216B049897
:10CD8000081A2063059818300590A16A0498183095
:10CD9000814205D9A16A04981830081AA06210E0EF
:10CDA0000DA0EFF72DFC10A02968EFF729FC2DA0AE
:10CDB000049A0599EFF724FC0020A0620220169047
:10CDC00005E06946284600F0E1F90028C8D000BF18
:10CDD00000BF169865E700005B466C6173684442CB
:10CDE0005D5B74736C5D00005B25735D200000006B
:10CDF0002E2E5C436F6D70656E74735C4D6F647541
:10CE00006C65735C466C61736844422D312E312E23
:10CE1000325C7372635C6664625F747364622E6317
:10CE2000000000002825733A256429200000000036
:10CE3000CD600300736563746F7200002825732949
:10CE40002068617320617373657274206661696C18
:10CE500065642061742025732E0A000054534C3001
:10CE6000300000004572726F723A20746869732056
:10CE700054534C2028307825303858292073697A4B
:10CE8000652028257529206973206F7574206F66C9
:10CE900020626F756E642E0A00000000FFB583B03B
:10CEA00004460D46164627A103C9029101902802A7
:10CEB000010E684641712804010E68468171C571F2
:10CEC000002C0AD1214822A323A2FF215B3100902C
:10CED00029A001F025FB00BFFEE7012000068542E6
:10CEE0000AD31A4832A31CA2FF215C31009022A071
:10CEF00001F016FB00BFFEE7002E0AD1134830A355
:10CF000015A2FF215D3100901BA001F009FB00BFBD
:10CF1000FEE7606A00280AD10C482CA30EA2FF216C
:10CF20005E31009014A001F0FBFA00BFFEE7069806
:10CF300000903346052201A920462030676AB84791
:10CF400007B0F0BD5A000000FF0000001C6A03009B
:10CF5000666C61736800000028257329206861737E
:10CF600020617373657274206661696C6564206109
:10CF7000742025732E0000002E2E5C436F6D7065AB
:10CF80006E74735C4D6F64756C65735C466C617335
:10CF90006844422D312E312E325C736675645C73A9
:10CFA00072635C736675645F736664702E63000001
:10CFB00061646472203C20314C203C3C20323400BF
:10CFC000726561645F62756600000000666C617383
:10CFD000682D3E7370692E77720000007FB505469C
:10CFE0002C4644340026002002900390002D09D1E5
:10CFF000264827A328A26D2100902FA001F090FAC7
:10D0000000BFFEE700202070082302AA3146284610
:10D01000FFF744FF002805D035A001F0A7FA002053
:10D0200004B070BD6846007A53280BD16846407A38
:10D03000462807D16846807A442803D16846C07ADA
:10D04000502806D0324A7A211BA001F069FA00204C
:10D05000E6E76846007BA0706846407B60706078B9
:10D06000012806DDA27861782AA001F07FFA00206D
:10D07000D6E76846807BA17800910190637833A25F
:10D0800083210DA001F04CFA0120C9E7E8690300F3
:10D09000666C61736800000028257329206861733D
:10D0A00020617373657274206661696C65642061C8
:10D0B000742025732E0000002E2E5C436F6D70656A
:10D0C0006E74735C4D6F64756C65735C466C6173F4
:10D0D0006844422D312E312E325C736675645C7368
:10D0E00072635C736675645F736664702E630000C0
:10D0F0004572726F723A2043616E277420726561C7
:10D10000642053464450206865616465722E0000B7
:10D11000788B03004572726F723A205468697320ED
:10D12000726576657273696F6E285625642E256464
:10D13000292053464450206973206E6F7420737504
:10D1400070706F727465642E000000004368656340
:10D150006B20534644502068656164657220697392
:10D16000204F4B2E20546865207265766572736976
:10D170006F6E206973205625642E25642C204E5036
:10D180004E2069732025642E0000000030B587B062
:10D1900005460C4618236A4628466169F4F768FC80
:10D1A00006216846F4F794FC20702078012802D00C
:10D1B0002078002808D1E86E20610021C943A161D0
:10D1C0000021A160E16007E0049820610599A16158
:10D1D00003990298E160A060002007B030BD000014
:10D1E000FEB5054600242E462036002D09D12148E3
:10D1F00021A323A22A4900902AA001F091F900BF9F
:10D20000FEE766206946087100200090034601226F
:10D2100001A930467768B8470446002C04D1284657
:10D2200003F0B2F8044604E02BA001F09FF9204679
:10D23000FEBD9920694648710020009003460122F6
:10D24000491D30467768B8470446002C03D128466C
:10D2500003F09AF80446002C06D128A26921C900DF
:10D2600010A001F05DF902E01BA001F07FF920465B
:10D27000DEE7000057690300666C61736800000018
:10D280002825732920686173206173736572742087
:10D290006661696C65642061742025732E0000004E
:10D2A000350300002E2E5C436F6D70656E74735CE9
:10D2B0004D6F64756C65735C466C61736844422D98
:10D2C000312E312E325C736675645C7372635C73ED
:10D2D0006675642E630000004572726F723A2046D4
:10D2E0006C61736820646576696365207265736537
:10D2F00074206661696C65642E000000466C617381
:10D30000682064657669636520726573657420734F
:10D310007563636573732E0010B56420F3F7D6F957
:10D3200010BD000010B540210948EEF7D1FC0520E2
:10D33000F0F730FA40210648EEF7CCFCC820F0F7B1
:10D3400029FA04480078400840000249087010BDDE
:10D35000800C0040F4AB0020F0B587B004460026F6
:10D360000027114A314604A800F060FB064602205F
:10D37000F2B201AB04A900906220FCF791FA0546D5
:10D38000002D02D0284607B0F0BD01A800F03CFBFC
:10D3900007467805400D002801D0012000E000205C
:10D3A00020700020EFE70000B8E40000F0B589B07D
:10D3B00004460D46164600200290124A06A802991D
:10D3C00000F034FB0290062000900298C2B203AB3A
:10D3D00006A96220FCF764FA0746002F02D03846FF
:10D3E00009B0F0BD03A800F00FFB208003A80230B5
:10D3F00000F00AFB288004A800F006FB3080002023
:10D40000EEE700008236000038B500250A4A2946BA
:10D41000684600F00BFB05462A466946622000F08C
:10D42000B8FB0446002C01D0204638BD034800F06C
:10D4300053FB0020F9E700009D210000404B4C0009
:10D44000F0B589B004460D460027124A394606A8B1
:10D4500000F0ECFA07462246394606A800F0F6FA34
:10D460000746FF2091300221FAB203AB00910190F0
:10D4700006A96220FCF78CFA0646EFF703F9002EA6
:10D4800002D0304609B0F0BD03A800F0BDFA2880F4
:10D490000020F7E72F36000038B500250A4A294654
:10D4A000684600F0C3FA05462A466946622000F045
:10D4B00070FB0446002C01D0204638BD7D20C00002
:10D4C00000F00AFB0020F8E7E0360000F7B586B070
:10D4D0000C46154604AA05A9069800F03FF8064632
:10D4E000002E02D0304609B0F0BD6846808AE7F7CA
:10D4F000E8FE16490090E7F7BDFC07468F21C905F5
:10D50000E7F7F5FC12490190E7F7ACFC11490290EE
:10D51000E7F7B0FC0390E7F7FDFE20606846008A5D
:10D52000E7F7CFFE0C490190E7F7A4FC8F21C9056E
:10D530000290E7F7DCFC07490390E7F79BFC0746FE
:10D54000E7F7E8FE28600020CDE7000000002F4349
:10D550000000344200007A440000C842F0B589B0AF
:10D5600004460D46164600200290184A06A8029965
:10D5700000F05CFA029003A800F046FA208003A8AD
:10D58000023000F041FA288004A800F03DFA308013
:10D59000062000900298C2B203AB06A96220FCF7F5
:10D5A0007FF90746002F02D0384609B0F0BD03A826
:10D5B00000F02AFA208003A8023000F025FA288023
:10D5C00004A800F021FA30800020EEE705EC00000E
:10D5D00038B500250A4A2946684600F027FA05466C
:10D5E0002A466946622000F0D4FA0446002C01D095
:10D5F000204638BD034800F06FFA0020F9E700002C
:10D6000046360000204E000038B500250A4A29465B
:10D61000684600F00BFA05462A466946622000F08B
:10D62000B8FA0446002C01D0204638BD7D20C00049
:10D6300000F052FA0020F8E7B121000038B50025CB
:10D640000A4A2946684600F0F1F905462A46694625
:10D65000622000F09EFA0446002C01D0204638BD1E
:10D66000034800F039FA0020F9E70000863F000087
:10D6700020A1070038B50024074A2146684600F07B
:10D68000D5F9044622466946622000F082FA034832
:10D6900000F022FA002038BDF6360000204E0000CF
:10D6A000FFB583B006460C4615460D9F6068029094
:10D6B0000020019000BF0023224630460299FFF768
:10D6C000C3FA002D02D06078A84212D10E9800282B
:10D6D00005D00123224630460299FFF7B5FA002F04
:10D6E00007D020460C9A0699B847002801D007B009
:10D6F000F0BDF16801980818019021463046019A62
:10D70000FBF758FD0290401C0028D4D100BFEEE783
:10D7100010B5704880791021884310306D498871A8
:10D72000FBF7B6FC012802D1002000F063FBFBF7F9
:10D73000E3FC002802D1012000F070FB00BFFBF7E2
:10D7400085FC0028FBD07D21C9006348E7F7B8FAC3
:10D75000032262496048E7F78BFA00205E49C870EF
:10D760005F48007808715E480078401C5C4908708A
:10D770005C4800785C4908850846028D5B4956483C
:10D78000401DE7F775FA5848008D401D5649088539
:10D790001420F6F7C7F85448018D4F48F0F70CF8FD
:10D7A0005148028D4C4952A0EAF74AFD1420F6F781
:10D7B000B9F8FBF759FC002807D04FA150A0EEF7AD
:10D7C0001FFF51A0EEF71CFF04E0FBF76FFC0028E1
:10D7D00064D000BF48A14AA0EEF712FF50A0EEF7B8
:10D7E0000FFF5948FCF7BAFD04463E480078401C3C
:10D7F000844210DB01223B495348FCF7BFFE394805
:10D8000002783A495048FCF7B9FE50480078401C6D
:10D810004E49087006E04EA139A0EEF7F1FE4EA089
:10D82000EEF7EEFE2E480078401E2D49087029487C
:10D83000C079401C2749C8710846C07905281DDBFE
:10D840000020C871494800784008400047490870E6
:10D85000022146484030C1710021017244480068ED
:10D86000E121C90040184349086043A124A0EEF714
:10D87000C7FE4048016841A0EEF7C2FE7D21C90005
:10D8800019483030E7F71CFA002044490883114852
:10D890008079102188430F49887110BD00200D49FF
:10D8A000C87135A116A0EEF7ABFE3DA0EEF7A8FEBD
:10D8B00064200D49C8850748408A052802DA0520FA
:10D8C00004494882034880791021884301498871BE
:10D8D00000BFE2E7E88600200C880020220B02004F
:10D8E0003300002031000020CC8B00201884002061
:10D8F00053656E64000000005741524E0000000066
:10D900000A5B25735D0000005761697420427573DE
:10D910007920494F2054696D656F757400000000CF
:10D920004C6F52612053656E64446174612046619E
:10D93000696C2C20577269746520446174652054A9
:10D940006F20436163686500FC8300203000002085
:10D950004552524F520000004C77726220416C7267
:10D96000656164792046756C6C000000F4AB0020A2
:10D9700058000020CC0000204C4F470055706461D7
:10D980007465205265636F6E6E6563742054696DB3
:10D99000657374616D703A20256C6400CC8F002033
:10D9A0004C6F52612053656E6444617461205375FD
:10D9B000636365737300000070B505460C4600266E
:10D9C0001CE080210F48EEF783F90120F2F77EFE7C
:10D9D00080210C48EEF77EF90120F2F777FE8020D7
:10D9E0002040002803D180210648EEF771F9462037
:10D9F000F2F76CFE6006040E701CC6B2AE42E0DBAD
:10DA000070BD0000400C00400146087800024A78D2
:10DA1000104370470146087800064A781204104304
:10DA20008A7812021043CA781043704730B5034613
:10DA3000FF2000021040051208464C1CA1B21D54E4
:10DA400008464C1CA1B21A54084630BD70B50546B4
:10DA50000C461646FF200002304002122046611C90
:10DA60008CB22A542046611C8CB22E54A11E481937
:10DA7000022100F013F82855601C84B2204670BDC6
:10DA800070B505460E4614463146284600F006F8A5
:10DA9000A04201D0012070BD0020FCE770B5024615
:10DAA0000B46FF20002114E0555C684008240CE080
:10DAB00080250540002D04D0450031267540E8B290
:10DAC00001E04506280E651EECB2002CF0DC4D1C72
:10DAD000A9B29942E8DB70BD70B50446EEF7D2FDFD
:10DAE0007D20C000844207D901462046E7F70EF8A2
:10DAF0000546F5F717FF09E07D21C9002046E7F745
:10DB000005F8401C85B22846FCF798FD70BDF7B5B6
:10DB100082B00D461446E10F091949104A008918D0
:10DB200089B200912046E10F091849104900611A95
:10DB300002D0042005B0F0BD2946009A0298FBF7F8
:10DB4000BFFD0746002F01D03846F3E7002600202E
:10DB5000019019E0B11C6A5CA8190221FFF790FF3F
:10DB60000746002F01D03846E4E7AA5D0198411C22
:10DB700089B201912A54701C2A5C0198411C89B217
:10DB800001912A54F01C86B200988642E2DB002004
:10DB9000D0E770B504460D46164632462946204663
:10DBA000FBF7CEFD70BD000070B506460C460125A2
:10DBB00026701E2E77D014DC0A2E61D008DC3300CC
:10DBC000F3F723FD0A8C2C333B8C418C8C8C4B8CD3
:10DBD000304619380300F3F718FD056773858C99F3
:10DBE00081002B2E77D00CDC212E75D004DC1F2E6B
:10DBF00073D0202E72D1A9E0292E70D02A2EF9D10F
:10DC0000D5E0812E6CD004DC2C2E6AD02D2EF1D1E3
:10DC1000DBE0862E79D0FF2EECD1DCE003206070B3
:10DC20000620A070A81CC5B2DBE006226E49601C6D
:10DC3000E7F71EF8A81DC5B2D3E06C480078607005
:10DC4000681CC5B2CDE06A48C08A0012607068489E
:10DC5000807DA070A81CC5B2C3E0654870304069E3
:10DC60000002000E607062487030808A0004000E6E
:10DC7000A0705F487030007DE070E81CC5B2B0E075
:10DC80005B48703080690002000E60705848703048
:10DC9000008B0004000EA07055487030007EE070CC
:10DCA000E81CC5B29DE03DE051484030008E0012B6
:10DCB00060704F484030008EA070A81CC5B290E044
:10DCC0004B487030007F6070681CC5B20021484826
:10DCD0007030C16185E072E044E030E080E060E0F7
:10DCE00047E058E042487030007C6070681CC5B264
:10DCF00077E03F487030808C001260703C48703094
:10DD0000808CA070A81CC5B26BE03AE03848703037
:10DD1000C08C0012607036487030C08CA070A81C97
:10DD2000C5B25EE032487030808D0004000E607035
:10DD30002F487030808DA070A81CC5B251E02C48CF
:10DD40009030807A6070681CC5B24AE02848703014
:10DD500000890012607026487030007AA070A81CFC
:10DD6000C5B23EE02248703080796070681CC5B250
:10DD700037E01F4880798007C00F6070681CC5B20B
:10DD80002FE01B48808A001260701948007DA07047
:10DD9000A81CC5B225E01648807A6070681CC5B220
:10DDA0001FE01348007A6070681CC5B219E0104883
:10DDB00080790007C00F6070681CC5B211E00C4884
:10DDC000407B6070681CC5B20BE00948C07A607087
:10DDD000681CC5B205E0FF206070681CC5B200E099
:10DDE00000BF00BF284670BDF9AB00201400002022
:10DDF000E886002010B50446002C04D11021064806
:10DE0000EDF766FF03E010210348EDF763FF0520FF
:10DE1000EFF7C0FC10BD0000800C004010B50446B8
:10DE2000002C04D104210648EDF752FF03E0042141
:10DE30000348EDF74FFF0520EFF7ACFC10BD0000E5
:10DE4000800C0040FEB504460D460026002C09D18A
:10DE50001F4820A321A22949009029A000F060FBBF
:10DE600000BFFEE70121204600F094F80646002E90
:10DE700001D03046FEBD002D02D0B720019001E058
:10DE8000E9200190002000900346012201A92046CC
:10DE90002030676AB8470646002E0ED1352005555A
:10DEA000002D01D023A000E024A0034625A21349A1
:10DEB000123113A000F034FB08E0002D01D01DA0AA
:10DEC00000E01EA0014628A000F050FB3046D1E73C
:10DED0007D690300666C6173680000002825732962
:10DEE0002068617320617373657274206661696C68
:10DEF00065642061742025732E0000009B030000E0
:10DF00002E2E5C436F6D70656E74735C4D6F64751F
:10DF10006C65735C466C61736844422D312E312E02
:10DF2000325C736675645C7372635C736675642ED1
:10DF300063000000456E74657200000045786974E6
:10DF400000000000257320342D427974652061643F
:10DF50006472657373696E67206D6F646520737595
:10DF600063636573732E00004572726F723A2025E9
:10DF70007320342D42797465206164647265737313
:10DF8000696E67206D6F6465206661696C65642EDB
:10DF900000000000FEB504460D460026002C09D105
:10DFA0001F4820A321A22949009029A000F0B8FA17
:10DFB00000BFFEE7002D02D00620029001E0042001
:10DFC0000290002000900346012202A92046203042
:10DFD000676AB8470646002E04D101A9204600F022
:10DFE000F7FB0646002E19D1002D0AD068460079AD
:10DFF00002210840002804D122A000F0B7FA022034
:10E00000FEBD002D0AD16846007902210840002893
:10E0100004D025A000F0AAFA0220F1E73046EFE78D
:10E020006B690300666C6173680000002825732922
:10E030002068617320617373657274206661696C16
:10E0400065642061742025732E00000072030000B7
:10E050002E2E5C436F6D70656E74735C4D6F6475CE
:10E060006C65735C466C61736844422D312E312EB1
:10E07000325C736675645C7372635C736675642E80
:10E08000630000004572726F723A2043616E27741C
:10E0900020656E61626C65207772697465207374A7
:10E0A000617475732E0000004572726F723A2043DE
:10E0B000616E27742064697361626C652077726990
:10E0C0007465207374617475732E0000FEB5054687
:10E0D00000262C462034002D0AD1304830A332A22D
:10E0E000FF21C231009038A000F01AFA00BFFEE70D
:10E0F0003420405D00280AD1284840A32AA2FF21ED
:10E10000C431009030A000F00BFA00BFFEE7A06819
:10E11000002802D02046A168884701212846FFF741
:10E1200039FF0646002E00D02CE0C7206946087152
:10E13000A88A08210840002810D09421684641711F
:10E14000802181719A21C171002000900346042230
:10E1500001A920466768B847064608E000200090FD
:10E160000346012201A920466768B8470646002EEB
:10E1700003D026A000F0FAF904E0284602F004F9E2
:10E18000064600BF00212846FFF704FFE06800288C
:10E1900002D02046E16888473046FEBD1A69030078
:10E1A000666C61736800000028257329206861731C
:10E1B00020617373657274206661696C65642061A7
:10E1C000742025732E0000002E2E5C436F6D706549
:10E1D0006E74735C4D6F64756C65735C466C6173D3
:10E1E0006844422D312E312E325C736675645C7347
:10E1F00072635C736675642E63000000666C617305
:10E20000682D3E696E69745F6F6B00004572726FB6
:10E21000723A20466C617368206368697020657289
:10E220006173652053504920636F6D6D756E69632E
:10E23000617465206572726F722E000070B50446BD
:10E2400000252046FAF7FAFF0546002D03D12046A7
:10E2500000F018FD0546002D07D10121342001559D
:10E2600006A0216800F082F906E000213420015563
:10E270000CA0216800F07AF9284670BD257320664D
:10E280006C617368206465766963652069732069D1
:10E290006E697469616C697A65207375636365730F
:10E2A000732E00004572726F723A20257320666CDF
:10E2B0006173682064657669636520697320696E9F
:10E2C000697469616C697A65206661696C2E000009
:10E2D000F7B588B004461546002007902046203048
:10E2E0000690002C0AD15C485CA35EA2FF21FE319F
:10E2F000009064A000F014F900BFFEE73420005D38
:10E30000002809D154486CA356A26F4900905DA023
:10E3100000F006F900BFFEE7099841192069814223
:10E3200005D96AA000F022F905200BB0F0BD0998CC
:10E33000002806D12069A84203D12046FFF7C6FE77
:10E34000F3E706988068002802D00698816888471D
:10E3500071E04420005D002812D02A462046099929
:10E3600000F094FA01900198C1002046543008183A
:10E37000007902900198C10020465430465802E0CE
:10E38000207F0290A66901212046FFF703FE079037
:10E390000798002800D051E069460298087404AA42
:10E3A000013220460999FCF779F93520005D0028F3
:10E3B00001D0052000E00420039000200090069882
:10E3C0000023476804A9039AB847079007980028D4
:10E3D00003D048A000F0CAF830E0204601F0D4FF96
:10E3E00007900798002800D028E031460998E6F702
:10E3F0008DFB002916D031460998E6F787FB701A85
:10E40000A8420ED231460998E6F780FB701A2D1A01
:10E4100031460998E6F77AFB711A099808180990AD
:10E4200008E00BE0B54204D9AD1B099880190990AA
:10E4300000E003E000BF002D8BD100BF002120468B
:10E44000FFF7A8FD0698C068002802D00698C168AA
:10E450008847079869E700002A690300666C6173C2
:10E460006800000028257329206861732061737398
:10E47000657274206661696C65642061742025731F
:10E480002E0000002E2E5C436F6D70656E74735C01
:10E490004D6F64756C65735C466C61736844422DA6
:10E4A000312E312E325C736675645C7372635C73FB
:10E4B0006675642E63000000666C6173682D3E69AA
:10E4C0006E69745F6F6B0000FF0100004572726F30
:10E4D000723A20466C61736820616464726573737C
:10E4E000206973206F7574206F6620626F756E648B
:10E4F0002E0000004572726F723A20466C6173689C
:10E500002065726173652053504920636F6D6D758E
:10E510006E6963617465206572726F722E0000000F
:10E520000FB438B504460D4607A80090FF2101310D
:10E530000848009B069AF3F727F800200090054B47
:10E540002A46214604A0EEF75BF838BC08BC04B0AC
:10E550001847000055E900200D0A5B534655445DFD
:10E560002825733A256C6429202573000FB408B55B
:10E5700003A80090FF2101310748009B029AF3F79E
:10E5800003F800200090044904A0EEF739F801B028
:10E5900008BC04B01847000055E900200D0A5B5381
:10E5A0004655445D20257300FFB585B004461646E8
:10E5B0000020049025462035002C0AD1304831A394
:10E5C00032A2FF219131009038A0FFF7A9FF00BFD0
:10E5D000FEE7089800280AD1294841A32BA2FF2171
:10E5E0009231009031A0FFF79BFF00BFFEE734207F
:10E5F000005D00280AD122483BA324A2FF219431C8
:10E6000000902AA0FFF78CFF00BFFEE70698811953
:10E610002069814205D938A0FFF7A8FF052009B07D
:10E62000F0BDA868002802D02846A968884720467F
:10E6300001F0AAFE04900498002818D1032069462E
:10E64000087202AA013220460699FCF727F8352005
:10E65000005D002801D0052000E004200190009614
:10E660006F6802A92846089B019AB8470490E86899
:10E67000002802D02846E96888470498CFE70000C0
:10E6800010690300666C6173680000002825732917
:10E690002068617320617373657274206661696CB0
:10E6A00065642061742025732E0000002E2E5C43CB
:10E6B0006F6D70656E74735C4D6F64756C65735CC3
:10E6C000466C61736844422D312E312E325C736684
:10E6D00075645C7372635C736675642E630000001E
:10E6E0006461746100000000666C6173682D3E69AE
:10E6F0006E69745F6F6B00004572726F723A2046EC
:10E700006C6173682061646472657373206973203F
:10E710006F7574206F6620626F756E642E00000046
:10E720003EB50446002C09D10F4810A311A2512177
:10E73000009018A0FFF7F4FE00BFFEE72046FEF7AA
:10E740004DFC00280AD001A92046FDF711FE002843
:10E7500004D001A92046FDF7CFFE3EBD1B4821682D
:10E76000FFF704FF0020F8E7D9690300666C6173C6
:10E770006800000028257329206861732061737385
:10E78000657274206661696C65642061742025730C
:10E790002E0000002E2E5C436F6D70656E74735CEE
:10E7A0004D6F64756C65735C466C61736844422D93
:10E7B000312E312E325C736675645C7372635C73E8
:10E7C0006675645F736664702E630000C48B03001B
:10E7D0007CB504460D4605200190002C0AD1104856
:10E7E00010A312A20F218901009018A0FFF798FE34
:10E7F00000BFFEE7002D09D1094821A30BA2224941
:10E80000009012A0FFF78CFE00BFFEE701200090F1
:10E810002B46024601A920462030666AB0477CBDDF
:10E8200095690300666C61736800000028257329F0
:10E830002068617320617373657274206661696C0E
:10E8400065642061742025732E0000002E2E5C4329
:10E850006F6D70656E74735C4D6F64756C65735C21
:10E86000466C61736844422D312E312E325C7366E2
:10E8700075645C7372635C736675642E630000007C
:10E880007374617475730000C1030000FEB5054622
:10E890000E461746002001904420405D00280AD112
:10E8A00019481AA31FA2FF216F31009025A0FFF77E
:10E8B00037FE00BFFEE73046696DE6F727F900290D
:10E8C00001D00020FEBD032400BFE10028465430E3
:10E8D0004058002810D0E100284654304058B84233
:10E8E0000AD8E2002846543081583046E6F70EF93F
:10E8F000002901D1019404E0002C00D101E0641E44
:10E90000E3E700BF0198DDE72B6A0300666C6173E3
:10E91000682D3E736664702E617661696C61626C0D
:10E9200065000000282573292068617320617373D6
:10E93000657274206661696C65642061742025735A
:10E940002E0000002E2E5C436F6D70656E74735C3C
:10E950004D6F64756C65735C466C61736844422DE1
:10E96000312E312E325C736675645C7372635C7336
:10E970006675645F736664702E63000070B504464C
:10E980000025084800F0C0F9074961620749A16203
:10E990000749E162034921630648A0630649E16330
:10E9A000284670BDB40500202DED010025ED0100C5
:10E9B00029ED010019D30100C0270900FEB5044666
:10E9C0000E4617461D4600200190207DC007C00F4F
:10E9D000002809D0FF2301333A46314620460095EE
:10E9E000FBF768FF01900DE0A08A04210840002891
:10E9F00007D02B463A4631462046F6F743FA0190B7
:10EA000000E000BF0198FEBDF7B582B004460025C6
:10EA100026462036002C0AD11B481CA31DA27F21AC
:10EA2000C900009023A0FFF77BFD00BFFEE703981D
:10EA300000280CD050206946087100200090034641
:10EA4000012201A930467768B847054604E0012154
:10EA50002046FFF79FFA0546002D0DD1012069469B
:10EA6000087104984871002000900346022201A911
:10EA700030467768B8470546002D02D01AA0FFF748
:10EA800075FD284605B0F0BDC7690300666C61736B
:10EA90006800000028257329206861732061737362
:10EAA000657274206661696C6564206174202573E9
:10EAB0002E0000002E2E5C436F6D70656E74735CCB
:10EAC0004D6F64756C65735C466C61736844422D70
:10EAD000312E312E325C736675645C7372635C73C5
:10EAE0006675642E630000004572726F723A20579B
:10EAF000726974655F737461747573207265676998
:10EB000073746572206661696C65642E0000000094
:10EB1000FEB504460F460026164A31466846FEF703
:10EB200085FF0646324669465920FFF732F805460A
:10EB3000002D01D02846FEBD7D20C000FEF7CCFF91
:10EB4000062269465920FEF7E2FF0546002D01D056
:10EB50002846F0E76846FEF757FF208000A80230FD
:10EB6000FEF752FF608001A8FEF74EFFA080002054
:10EB7000E1E70000823600007CB504460D46694698
:10EB800001A800F011F80646002E01D030467CBDE9
:10EB900068468088F6F712FE206068460088F6F71F
:10EBA00019FE28600020F2E7FEB505460E46002754
:10EBB000FD2239467F1C684642543A466946442045
:10EBC000FEF7E7FF0446002C01D02046FEBD0C48AE
:10EBD000FEF782FF042269464420FEF798FF0446B0
:10EBE000002C01D02046F1E76846FEF70DFF288093
:10EBF00000A80230FEF708FF30800020E6E70000A2
:10EC0000102700007CB50546002689223146761C77
:10EC100068464254324669464420FEF7BAFF04462D
:10EC2000002C01D020467CBD0948FEF755FF042288
:10EC300069464420FEF76BFF0446002C01D02046B5
:10EC4000F1E76846FEF7E6FE28600020EBE70000EB
:10EC50001027000038B50025942229466D1C68460F
:10EC600042542A4669464420FEF793FF0446002C8E
:10EC700001D0204638BD0248FEF72EFF0020F9E7FC
:10EC80001027000038B504460025002C0AD106489C
:10EC900006A308A2FF217D3100900EA0FFF740FCE3
:10ECA00000BFFEE7284638BD02690300666C617349
:10ECB0006800000028257329206861732061737340
:10ECC000657274206661696C6564206174202573C7
:10ECD0002E0000002E2E5C436F6D70656E74735CA9
:10ECE0004D6F64756C65735C466C61736844422D4E
:10ECF000312E312E325C736675645C7372635C73A3
:10ED00006675642E630000007047000010B504486B
:10ED1000FFF794FA002800D110BD0020C043FBE7A4
:10ED20004005002072B6704762B67047FFB583B0E9
:10ED30000D4616461C460C9F002002900398006961
:10ED40000190002E0BD0002D09D1134813A316A259
:10ED50004B2100901CA0FFF7E3FB00BFFEE7002F54
:10ED60000BD0002C09D10C4825A30FA24F210090F5
:10ED700015A0FFF7D5FB00BFFEE7FF22394620466E
:10ED8000E5F797FFBBB2B1B222462846F1F774FA15
:10ED9000029807B0F0BD0000496A030077726974F9
:10EDA000655F62756600000028257329206861731D
:10EDB00020617373657274206661696C656420619B
:10EDC000742025732E0000002E2E5C436F6D70653D
:10EDD0006E74735C4D6F64756C65735C466C6173C7
:10EDE0006844422D312E312E325C736675645C703E
:10EDF0006F72745C736675645F706F72742E6300FB
:10EE0000726561645F62756600000000F8B50646D1
:10EE10000C46E6F736FD051E0F4600D001200143E3
:10EE200049000B484908411AC90F0DD0002E01D0E6
:10EE3000012100E000210C4361004908401AC00F85
:10EE400002D10120F2F7FAFD28463946F8BD00004C
:10EE50000000F07F1CB50020009001906846F0F79C
:10EE60008FF8002870D168460078F0210840011121
:10EE70000A204143684600780007000F0818C0B216
:10EE80007D21090140183449486168464078F021E5
:10EE9000084001110A204143684640780007000FEE
:10EEA0000818C0B2401E2C49086168468078F021DD
:10EEB000084001110A204143684680780007000F8E
:10EEC0000818C0B22449C8606846C078F0210840DC
:10EED00001110A2041436846C0780007000F081856
:10EEE000C0B21D49886068460079F02108400111D0
:10EEF0000A204143684600790007000F0818C0B295
:10EF00001549486068464079F021084001110A20FF
:10EF10004143684640790007000F0818C0B20E4907
:10EF2000086068468079F021084000110A214843B2
:10EF3000694689790907090F4018C0B206498861F6
:10EF4000FAF7E8F807E0FFE704A106A0EDF758FBA1
:10EF500006A0EDF755FB1CBDE08700204552524F3F
:10EF6000520000000A5B25735D00000052544320EC
:10EF7000476574205254432054696D6520455252B0
:10EF80004F52000010B5FFF765FF114800681149A6
:10EF9000884204D3104840691049884215DB2C216F
:10EFA0000D48E5F78DFE0D481C380B4948610120DE
:10EFB000C8600B46DA681B69591C074B586901F099
:10EFC00061FA05498861FAF7A5F8F0F74BF810BD2A
:10EFD00058000020805CB063E08700200208000039
:10EFE0001FB52C20012132220092002301920291B0
:10EFF0000390034A03A10648F5F78CFE1FBD0000ED
:10F00000DDFD01004170702054696D6572000000E3
:10F0100040730020EEF702F8EDF734FB08E0EEF75E
:10F02000E5F9F9F7B5FFE9F7B3F96420F4F77AFCED
:10F03000F5E7000000BF002445E16420F4F772FC0E
:10F04000A14800794006C00F0028F5D19F48C08D27
:10F050000028F1D19C48408A0028EDD19A48807957
:10F060008007C00F0028E7D097488079C006C00FFE
:10F070000028E1D196480078C007C00F00280AD1C7
:10F0800093480078C007C00F0028D5D19048403081
:10F09000C0790028D0D08C48407940084000401CFE
:10F0A00089494871084600792021884386490871BA
:10F0B000084600798021884383490871EDF7E2FA18
:10F0C0000020FEF7ABFEFBF78DF8F1F7E1FFE9F763
:10F0D00035FC8048F5F7AAFE0020E8F71DF9EDF7AA
:10F0E00095FDE8F7D1F8FAF7A7FFECF7F5FD7648BC
:10F0F000807940084000401C7349887100BFEEF7DA
:10F100003BFF71480079402188436F490871EEF751
:10F110007BFF45E06C4800794006C00F002817D0FF
:10F120006D4800686D490968884200D839E00020C0
:10F13000EEF74CFFEDF7D8FAEEF71EFFEEF764FF9F
:10F1400061480079402188435F490871EDF79AFAD8
:10F1500080216348ECF7A8FD002805D00121614813
:10F16000ECF7A2FD002806D157480079802188439A
:10F1700080305549087154480079C009002805D1EC
:10F18000514800798006C00F002800D009E053489C
:10F190000068844204D851480068841CEDF772FA74
:10F1A000B8E700BFEDF76EFA0020EEF70FFFEDF7BE
:10F1B0009BFAE12149024C48F1F744FEFFF74AFE71
:10F1C000414800798006C00F00280DD03E480079E4
:10F1D000202188433C49087144A145A0EDF710FA6D
:10F1E00045A0EDF70DFA49E037480079C00900283D
:10F1F0001ED035480079802188433349087134484E
:10F200000078C007C00F00280AD1012130484030E3
:10F2100001722D48408A962802DA96202A494882AF
:10F2200032A133A0EDF7ECF939A0EDF7E9F925E0CB
:10F23000254800794006C00F002817D02BA12CA02C
:10F24000EDF7DEF939A0EDF7DBF923480068234933
:10F250000968884212D91C480079402188431A491C
:10F260000871EDF70FFAEEF787FE48E71FA120A01F
:10F27000EDF7C6F933A0EDF7C3F940E710217D2083
:10F28000C000E8F7B5F8EDF74FFD3548ECF7AEFFF5
:10F29000E7F7FAFF0020EDF765FBFFF7A1FEEDF7BA
:10F2A00053FE0948408A052802DA052006494882AB
:10F2B0003C200649C885044840794008400002497E
:10F2C0004871E6F769FBB8E6E8860020CC8B0020A1
:10F2D000F4AB0020407300203C00002058000020C8
:10F2E000800D0040400C0040002001404C4F470082
:10F2F0000A5B25735D0000004465766963652057ED
:10F30000616B652055702046726F6D20525443002A
:10F310004465766963652057616B652055702046AA
:10F32000726F6D20455854490000000044657669AD
:10F3300063652057616B652055702046726F6D20A4
:10F34000504952004465766963652057616B6520BA
:10F3500055702046726F6D20556E4B6E6F776E0044
:10F36000002401401CB50124EEF7E6FAFAF79CFFF1
:10F37000E9F706FEA01E01AB0122202100903048D3
:10F38000F5F770FA5AE02F4840692F49884203D2B6
:10F390002C48406900280ED1002C0CD00024E9F73D
:10F3A000C1FC012189032948ECF794FC0020254980
:10F3B0007039887312E0002C03D1EEF7BDFAFAF72A
:10F3C00073FF01241F487038807AFF2804D1FAF7B0
:10F3D0006BFFE9F7B7FC01E0E9F70CFE1C48F4F716
:10F3E000A1FA0020C04301AB012220210090144863
:10F3F000F5F738FA134870388079C007C00F002835
:10F400001CD0104870388079400840000D49703990
:10F410008871EEF791FA0B487038807B01280BDB7E
:10F4200008487038807B042806DCFAF7F5FE0120D6
:10F4300004497039087301E0FAF736FFA3E70000CA
:10F44000D47300205887002050C30000800C004077
:10F45000B80B000004E003480068401C0149086044
:10F46000F9E70000040000200025002403E100BFAC
:10F47000EDF708F980484079C007C00F002804D094
:10F480007D20C000F4F74EFAF2E77C4800780028AF
:10F4900036D080217A48ECF71BFCFF2101317848F7
:10F4A000ECF718FC012149027548ECF713FCFF202A
:10F4B000F530F4F737FA80217148ECF70BFCFF21A7
:10F4C00001316F48ECF704FC012149026C48ECF76C
:10F4D00001FCFF20F530F4F725FA80216848ECF7AD
:10F4E000F9FBFF2101316648ECF7F4FB01214902E9
:10F4F0006348ECF7EDFBFF20F530F4F713FABAE0C0
:10F50000681C85B2332D12D15B48007A00280ED1D9
:10F51000002580215A48ECF7DDFBFF2101315848D6
:10F52000ECF7D8FB012149025548ECF7D3FB322D0B
:10F530004CD15148007A01280FD100258021504834
:10F54000ECF7C8FBFF2101314D48ECF7C3FB01216B
:10F5500049024B48ECF7BEFB38E047489030007852
:10F56000002804D0012811D002281ED11EE08021DD
:10F570004348ECF7ADFBFF2101314148ECF7AAFB12
:10F58000012149023E48ECF7A5FB1EE0FF210131B5
:10F590003B48ECF79DFB80213948ECF79BFB0121B0
:10F5A00049023748ECF796FB0FE000BF0121490202
:10F5B0003348ECF78DFBFF2101313148ECF78AFB32
:10F5C00080212F48ECF786FB00BF00BF2A488079D6
:10F5D0000007C00F00284BD0601C84B22648903032
:10F5E0000078012819D1C82C11D126480168264875
:10F5F0000068C01C814204D223480068C01C214915
:10F60000086032217D200001F5F762FD30E0C92C51
:10F610002ED10024E7F738FE2AE017489030007812
:10F62000022825DBC82C11D116480168164800684D
:10F63000C01C814204D214480068C01C11490860F3
:10F6400032217D200001F5F743FD11E0C92C02D1E4
:10F65000E7F71AFE0CE0CA2C05D132217D2000010B
:10F66000F5F736FD04E0CB2C02D10024E7F70CFEC1
:10F670006420F4F757F9FAE6E8860020320000200B
:10F68000800C00403C00002058000020EEF7AAFA51
:10F6900010E0094800794006C00F002807D006484E
:10F6A00000794021884304490871FCF77BF9C820A0
:10F6B000F4F738F9EDE70000E8860020002500BFE8
:10F6C0000024F0F795F8EFF723FEEDF73DFCFBF78C
:10F6D00077FFF1F7F9FCECF7D5FF8C48408A0A2850
:10F6E00002DA0A20894948820EE188484079C00739
:10F6F000C00F002803D00A20F4F714F904E183486E
:10F70000C07B002865D08148408A0A2802DA0A2096
:10F710007E494882002C01D1F0F710F87C48F4F7BC
:10F7200001F9EFF795FF2046641C3C28DCDBFDF770
:10F7300085FFFF20F530F4F7F5F8DC217548E5F793
:10F74000BFFA582073490870FE20487002207249A1
:10F7500008706E49088AEFF7A3FD002802D0FF2049
:10F760006C4948706D480078C007C00F002802D06F
:10F77000FDF7CEFF28E06AA16BA0ECF741FF6CA07B
:10F78000ECF73EFF7448FAF7E9FD06466248007858
:10F79000401C864210DB01225F496F48FAF7EEFEFB
:10F7A0005D4802785B496C48FAF7E8FE6B480078E0
:10F7B000401C6A49087006E069A15BA0ECF720FFD5
:10F7C00069A0ECF71DFF00BF00205049C87300245A
:10F7D0009AE06A4800686A49096888427ED84B48BE
:10F7E000408A052802DA052048494882FCF79CFB3C
:10F7F000FCF70AFAFBF7CEFFFBF7E2FEFCF718FC7A
:10F800004248703000897D21C900884215DA3F489E
:10F8100070308079032810DA3C48703040695949CB
:10F8200088420AD23948703080695749884204D2E8
:10F83000002136489030017036E03448703000893D
:10F840005249884215DA314870308079042810DA3C
:10F850002E48703040694E4988420AD22B48703099
:10F8600080694C49884204D20121284890300170B7
:10F870001AE02648703000894449884210DA23484B
:10F880007030807904280BDA204870304069404994
:10F89000884205D21D48703080693E49884203D3B2
:10F8A00002211A48903001701848408A052802DA6F
:10F8B000052016494882002220213748F5F716F81E
:10F8C000F1F7F3FB3548FAF7DBFF104840790421E4
:10F8D0008843001D0D494871084600E008E0C08AD1
:10F8E0003C2148432649096840182449086008E03B
:10F8F00028466D1C322804DB0025FCF799FBFBF73A
:10F900000DFF6420F4F70EF8EFE60000E886002013
:10F91000881300001884002031000020F4AB002080
:10F920005741524E000000000A5B25735D00000045
:10F930004C6F52612053656E64446174612046616E
:10F94000696C2C2057726974652044617465205479
:10F950006F20436163686500FC8300203000002055
:10F960004552524F520000004C77726220416C7237
:10F97000656164792046756C6C00000034000020DD
:10F9800058000020B888000060EA0000DC05000094
:10F99000409C000070110100D4730020F8E60020A4
:10F9A00010B588B00446EEF78BF8EBF7B1FCF0F732
:10F9B00029FDFAF7C1FCECF765FEFFF711FBB42057
:10F9C0000121002207230393049205910690090365
:10F9D000364A0293009201910023354A35A13A48F4
:10F9E000F5F7ACF8B420012100220523039304921B
:10F9F000059106900903354A029300920191002374
:10FA0000334A34A13748F5F799F8B4200121002290
:10FA1000092303930492059106908902324A0293C6
:10FA2000009201910023314A31A13448F5F786F85C
:10FA3000B42001210022082303930492059106902B
:10FA400089022F4A02930092019100232D4A2EA190
:10FA50003048F5F773F8B420012100220423039302
:10FA600004920591069009032B4A0293009201919A
:10FA700000232A4A2AA12E48F5F760F8B420012174
:10FA80000022039104920591069008460903294A31
:10FA90000023009201910290274A28A12C48F5F7F3
:10FAA0004DF82C48F5F716F908B010BDF0220020EB
:10FAB00015F0010074687265616420636F6D6D7587
:10FAC0006E6963617465000038220020A83300204D
:10FAD000BDF601007468726561642073656E736FB2
:10FAE00072000000F03200201849002069F4010083
:10FAF000746872656164206C656400006048002071
:10FB0000D04D00208DF6010074687265616420702C
:10FB100069720000184D00208852002065F3010032
:10FB200074687265616420646973706C6179000047
:10FB3000D05100204063002035F0010074687265E8
:10FB400061642064656570736C6565700000000019
:10FB5000886200201008002002E0C820F3F7E2FECF
:10FB60001A4800780028F8D0642119480068E4F7A2
:10FB7000CDFF1749086008460068002801D11549E3
:10FB8000086013480068642148431349086000BFB7
:10FB9000114800681149086000200F4908600C48AE
:10FBA0000068E5F78EFB05460C480068E5F789FB21
:10FBB00006462946E5F79BF904460949E5F756F953
:10FBC000044908606420F3F7ADFEE1E7000000207F
:10FBD0000C0000200800002004000020100000207D
:10FBE0000000C842FEB504460F4600200290A06EF9
:10FBF000804705460E467868E16E884213D92DA0ED
:10FC0000ECF7FEFC2FA02168ECF7FAFCFF22613232
:10FC10002EA13BA0ECF7F4FC3C4A3DA143A0ECF73D
:10FC2000EFFC00BFFEE73246616E206E281A8A4163
:10FC300011DA20A0ECF7E4FC22A02168ECF7E0FC4C
:10FC4000616E206E2A463346019100903F48ECF7E2
:10FC5000D7FC0320FEBD3A462146283120460196B6
:10FC6000009500F071FA02900298002801D00298E5
:10FC7000F0E72A4633463946204600F08DFC0290D4
:10FC80000298002801D00298E4E7616DA1646664DF
:10FC90002564606D18306065A16D7868091AA165EA
:10FCA000216D78681830091A216566662566029804
:10FCB000D0E700005B466C61736844425D5B74731F
:10FCC0006C5D00005B25735D200000002E2E5C4300
:10FCD0006F6D70656E74735C4D6F64756C65735C8D
:10FCE000466C61736844422D312E312E325C737242
:10FCF000635C6664625F747364622E63000000007C
:10FD00002825733A2564292000000000EC600300D8
:10FD1000626C6F622D3E73697A65203C3D2064629F
:10FD20002D3E6D61785F6C656E000000282573299B
:10FD30002068617320617373657274206661696CF9
:10FD400065642061742025732E0A0000008703007B
:10FD500010B592B00446002005901149009023464A
:10FD600002460191029004A92046FDF799FC00206B
:10FD700020670021E1622166616600232246283265
:10FD80002046E16AFCF760FF06A0ECF739FC09A009
:10FD90002168ECF735FC09A0ECF732FC12B010BD7D
:10FDA000097101005B466C61736844425D5B74736A
:10FDB0006C5D00005B25735D20000000416C6C20D1
:10FDC000736563746F7220666F726D61742066690B
:10FDD0006E69736865642E0A0000000010B535482E
:10FDE0000088401C334908803348408B002804D0E9
:10FDF0003148408B401E304948833048408B0028B2
:10FE000004D02E48408B401E2C4948832C48408B00
:10FE1000002804D02A48408B401E2949488329489D
:10FE2000408B002804D02748408B401E254948833A
:10FE30002548C08D002805D02348C08D401E81B2C2
:10FE40002148C18521488069002804DD1F48806958
:10FE5000401E1E4988611D48C069002804DD1B48FA
:10FE6000C069401E1949C8611248008814281FDB68
:10FE7000002010490880F0F78DFB15480068401CF1
:10FE8000134908601048C08D002808D10F48408AE7
:10FE9000002804D00D48408A401E0C4948820D4875
:10FEA0000078002804D00B480078401E09490870EB
:10FEB00010BD00005E000020A8970020CC8F00201D
:10FEC000849F002060A70020CC8B0020E8860020C3
:10FED00058000020D600002010B588B00446342316
:10FEE000002227A12948F4F737FD3423002228A156
:10FEF0002A48F4F731FD282229A12C48F4F740FCC8
:10FF00002B492A48F4F712FDB420012100220223D4
:10FF100003930492059106900903264A02930092E6
:10FF200001910023244A25A12848F4F707FEB420B4
:10FF3000012100221E230393049205910690890259
:10FF4000234A0293009201910023224A22A12648CB
:10FF5000F4F7F4FDB420012100221F23039304923F
:10FF6000059106908902214A029300920191002393
:10FF70001F4A20A12248F4F7E1FD08B010BD00009F
:10FF80006D757465785F696E666F00006C73002034
:10FF90006D757465785F696963000000A073002067
:10FFA0006576656E745F67726F757000D47300203C
:10FFB0008D580100C8080020A1F90100746872651D
:10FFC00061642073746172740000000010080020E6
:10FFD0008019002059FB0100746872656164207308
:10FFE0007461747573000000C8180020381E00206A
:10FFF00055F401007468726561642069646C650081
:020000040002F8
:10000000801D0020EFF31081C807C00F72B60121D8
:10001000024A1160002800D162B670470008002033
:1000200010B507480068002808D00020044908607F
:100030000024002C02D0204600F004F810BD00007F
:1000400000080020FEB50646002E00D1FEBDEFF3ED
:100050001080C007C00F72B6019036480068801942
:10006000344908603448006800280CD032480068E1
:10007000B04205D930480068801B2F49086002E073
:1000800001202D4908602D480568002700200090B8
:1000900030E02868002823D02C6800BF2068202882
:1000A00007D9216820220098101A081A401C2060E5
:1000B00002E00098401C206024692868A042EDD12D
:1000C0000020296849690861002F01D12F6805E0E7
:1000D000286879690861286840697861002028608B
:1000E0002D1D17480068854201D316480568009801
:1000F000401C009000982028CBD3124800680F497C
:1001000008600FE03C4627692068B04203D92068A8
:10011000801B206001E0012020600020A0612046BB
:10012000F4F726FA002FEDD10198002800D162B62D
:1001300000BF8BE7CC070020FC070020DC07002075
:10014000D8070020D4070020FFB587B005460C462D
:1001500000266078022877D1A16A09984068183093
:10016000814271D2E06A1838049067682420005DEB
:10017000002844D100BF0121062305AA0091019067
:1001800039461C312846F1F787FE0646002E02D07C
:1001900030460BB0F0BD00BF00BF002008232A4648
:1001A00060323946103100902846F1F779FC064656
:1001B000002E01D03046ECE700BF00BF0020042332
:1001C00004AA3946183100902846F1F769FC064622
:1001D000002E01D03046DCE700BF00BF0120022125
:1001E000062305AA0091019039461C312846F1F7F3
:1001F00053FE0646002E01D03046CAE748E02520CF
:10020000005D002844D100BF0121062305AA00910A
:10021000019039462C312846F1F73EFE0646002E65
:1002200001D03046B5E700BF00BF002008232A46B2
:1002300060323946203100902846F1F731FC0646FD
:10024000002E02D03046A4E76CE000BF00BF0020C3
:10025000042304AA3946283100902846F1F720FCEF
:100260000646002E01D0304693E700BF00BF0120B4
:100270000221062305AA0091019039462C31284617
:10028000F1F70AFE0646002E01D0304681E700BF96
:1002900000BF01200321042306AA009101903946E2
:1002A0002846F1F7F9FD0646002E01D0304670E7EA
:1002B00000BF032060706068E968401829698842BF
:1002C00004D26068E9684018039008E07420405D3B
:1002D000002802D00020039001E0072059E7002306
:1002E0002A46283228460399FCF7AEFC607801289C
:1002F00017D0E968039808182969884204D2E96888
:1003000003980818286701E0002028672846039909
:10031000F6F706FF00232A46283228460399FCF701
:1003200093FC04E06078032801D1072031E760786E
:10033000012827D102206070119910986161206115
:1003400000BF0120022100910190042306AA284643
:100350006168F1F7A1FD0646002E01D0304618E78E
:1003600000BF00BF012000906068014608310823EB
:1003700010AA2846F1F794FB0646002E01D030461D
:1003800007E700BF304604E7FEB504460025E76BEB
:10039000002C09D1184819A31AA22249009022A0C2
:1003A000FEF7BEF800BFFEE717E001A92046FEF702
:1003B0000FFA0546002D06D168460079C007C00F28
:1003C000002800D10AE0A66B002F01D1042505E02A
:1003D000002E00D0B0477F1E00BFE6E700BF002D13
:1003E00005D168460079C007C00F002802D01BA0C5
:1003F000FEF7BCF82846FEBDA6690300666C617373
:1004000068000000282573292068617320617373D8
:10041000657274206661696C65642061742025735F
:100420002E000000CB0300002E2E5C436F6D706524
:100430006E74735C4D6F64756C65735C466C617350
:100440006844422D312E312E325C736675645C73C4
:1004500072635C736675642E630000004572726F90
:10046000723A20466C617368207761697420627506
:1004700073792068617320616E206572726F722ECD
:1004800000000000F7B584B00E463746069803908A
:10049000022F03DC0498401E04900C37642104985A
:1004A000E4F74AFB044664210498E4F745FB0D4653
:1004B000791C0D22514308460521E4F73DFB024615
:1004C000E017810F081980106100401A4019E917E0
:1004D0008B0F591989104018111801950094039831
:1004E0000818401E029007210298E4F725FB0846F1
:1004F00007B0F0BD70B504460D46164613480068B7
:10050000002806D1124A13A115A0ECF779F800BF14
:10051000FEE70E4800682030007D002806D10C4A16
:1005200017A10FA0ECF76CF800BFFEE7194880692F
:1005300001192B46324605480068FEF73FFA0028AD
:1005400002D00020C04370BD3046FCE7F404002018
:1005500072650300736675645F6465760000000071
:100560002825732920686173206173736572742074
:100570006661696C65642061742025732E0A000031
:10058000736675645F6465762D3E696E69745F6F2E
:100590006B000000F8040020F0B51FB48AB00F46CD
:1005A00015461E4600240A98406D0390786808900E
:1005B000079606950A98816D0898081A099000BF59
:1005C00000200121062304AA0091019003990A98B2
:1005D000F1F762FC0446002C02D020460FB0F0BDBB
:1005E00000BF00BF0020102306AA00900399083125
:1005F0000A98F1F755FA0446002C01D02046EDE7A1
:1006000000BF00BF002000907B683A6809990A98F3
:10061000F1F746FA0446002C01D02046DEE700BF81
:1006200000BF01200221062304AA00910190039932
:100630000A98F1F731FC0446002C01D02046CDE7A2
:1006400000BF2046CAE70000F0B58DB006460F4651
:100650001546002454E0B168095D0902631CB268C4
:10066000D25C891809B22046E20F121852105200CB
:1006700009AB9952E10F09194910490009AA0794D9
:10068000515E6A798818E4F711FE02902879E4F740
:1006900018FE1E490090E4F794FB01900299E4F7DC
:1006A000E9FB1B490390E4F7DDFB0590E878E4F7EC
:1006B00008FE0390A878E4F704FE8721C90501909D
:1006C000E4F7D8FB02900399E4F77BFB0121C9070B
:1006D000484004900599E4F7CDFB0E490690E4F7F5
:1006E00006FC08900898E4F72EFE0004000E38552A
:1006F0000898E4F728FEC1B2601C3954A01CC4B2AB
:100700007079A042A7DC00200DB0F0BD00002044AD
:100710000000FA4800803B4BF8B5044620780123DE
:100720006A46B7216669B0470546002D02D002200F
:10073000C043F8BD68460078002811D068460078AC
:1007400040210840002802D00520C043F1E7684658
:10075000007880210840002802D00620C043E8E746
:100760000020E6E7FFB581B005460E4617463A463B
:1007700031462846049BF9F723F844B2002C02D0F6
:10078000204605B0F0BD0020FBE7F0B585B0074678
:100790000D4616461C4614216846E4F791FA684651
:1007A000057022463146401CE4F762FA621C694635
:1007B0003846F8F7C5FF40B205B0F0BDF0B585B0DA
:1007C0000446621C01A9606AFFF73EFF0646002E40
:1007D00002D0304605B0F0BD626A537911792078B5
:1007E00001AAA769B8470546002D02D00220C043E0
:1007F000F0E7676A7B7B397B20783A69A7690097C5
:10080000B8470546002D02D00220C043E2E7636AE4
:100810005B7D0093636A197D20789A69A769009BC4
:10082000B8470546002D02D00220C043D2E7676AD0
:100830007B7F397F20783A6AA7690097B8470546D9
:10084000002D02D00220C043C4E70020C2E7F0B56B
:100850008FB004462078012303AAB7216769B847FF
:100860000546002D03D00220C0430FB0F0BD621C2E
:100870000BA9206AFFF7E8FE0646002E01D030469D
:10088000F3E7226A5379117920780BAAA769B84750
:100890000546002D02D00220C043E6E7206A437BD4
:1008A000017B026920780190A769B8470546002DB1
:1008B00002D00220C043D8E7206A437D017D8269CF
:1008C00020780190A769B8470546002D02D0022084
:1008D000C043CAE7276A7B7F397F20783A6AA769D5
:1008E0000197B8470546002D02D00220C043BCE75F
:1008F000207801239321A769226AB8470546002D75
:1009000002D00220C043B0E700BF02A9204600F099
:10091000DEF80646002E01D03046A6E73220E16917
:1009200088476846007A802108400028EDD1226A75
:1009300024325378226A20321179207803AA676919
:10094000B8470546002D02D00220C0438DE7684617
:10095000007B01026846407B014361816846807BE1
:1009600000026946C97B0843208100207DE70146DB
:100970004A69002A05D08A69002A02D0CA69002A79
:1009800002D10820C04300E00020704770B5054642
:100990002846FFF75CFF0446002C01D0204670BDBE
:1009A0003220E96988472846FFF708FF0446002CF3
:1009B00001D02046F3E70020F1E7F8B504460D46E4
:1009C000626A24325378626A2032117920782A468A
:1009D0006669B0470746002F02D00220C043F8BD29
:1009E0000020FCE7F0B587B0044600210691039192
:1009F000002002902046FFF7BAFF0646002E02D0E4
:100A0000304607B0F0BD00BF2078012303AA932130
:100A1000A769B8470546002D02D00220C043F0E781
:100A200006A9204600F053F80646002E01D03046B5
:100A3000E7E70298401C80B20290C820E16988472D
:100A40006846007E80210840002802D002980F28C6
:100A5000DADB02980F2802DB0120C043D1E72078BF
:100A6000022305AA00216769B8470546002D02D078
:100A70000220C043C5E76846007D01026846407D0C
:100A8000081880B20490A1890498814202D0032002
:100A9000C043B6E720780623621C20216769B84767
:100AA0000546002D02D00220C043AAE7606A20302C
:100AB000037B20782269019026216769B8470546A3
:100AC000002D02D00220C0439BE7002099E7F8B533
:100AD00004460D46207801236A4694216669B04792
:100AE0000746002F02D00220C043F8BD68460078B8
:100AF00028700020F9E710B504462046F2F712FFEF
:100B000010BD70B50446207801239321A569626A5F
:100B1000A8470646002E02D00220C04370BD002028
:100B2000FCE7686B7453706932577269746552657B
:100B300061644E42797465001F0000001C000000D3
:100B40001F0000001E0000001F0000001E0000002B
:100B50001F0000001F0000001E0000001F0000001A
:100B60001E0000001F00000072656164416C746922
:100B700074756465416E6450726573737572650057
:100B800072656164504952446174615F416C6C42AA
:100B90006974730072656164504952416C6C4461C0
:100BA0007461000001020408000030600000803F12
:100BB0000000003F00000040000080400000C03FF7
:100BC0000000204000004040000060407265616409
:100BD0004C69676874496E74656E73697479000056
:100BE0000000000000000000000000000000000005
:100BF00000000000000000000000000000000000F5
:100C000000000000000000000000000000000C00D8
:100C100000000000000000000000000000000000D4
:100C200000000000000000000000000000000000C4
:100C30000000000000000000000007FFFC000000B2
:100C40000C0000000030E071C0071C70E038E03894
:100C50006000000000000000000000000000000034
:100C600000000000000000000000000007FFFC0082
:100C70000000EC0000000031F0F9E0079E79F07907
:100C8000F07860000000000000000000000000009C
:100C9000000000000000000000000000000006004E
:100CA0000F800000EC000000007136DB200CB2C9A0
:100CB000304DB04CE00000000000000000000000DB
:100CC0000000000000000000000000000000000024
:100CD00006000F800000EC0000000031F63B200011
:100CE000B208304DE04C6000000000000000000041
:100CF00000000000000000000000000000000000F4
:100D0000000006FFEF800006EC0000000031F03B21
:100D10002001B218604DB04C6000000000000000DF
:100D200000000000000000000000000000000000C3
:100D30000000000006FFEF800006EC00000000311C
:100D4000300B20033230CF4D3F4C600000000000DC
:100D50000000000000000000000000000000000093
:100D600000000000000006FFEF800006EC0000001D
:100D70000031B0DB60063661806DB06C6000000051
:100D80000000000000000000000000000000000063
:100D9000000000000000000006FFEF800066EC008D
:100DA00000000031E679E00F9EF9F079E07860000C
:100DB0000000000000000000000000000000000033
:100DC0000000000000000000000006000C000066AB
:100DD000EC00000000000000000000000000000027
:100DE0000000000000000000000000000000000003
:100DF00000000000000000000000000007FFFC00F1
:100E00000066EC0000000000000000000000000090
:100E100000000000000000000000000000000000D2
:100E2000000000000000000000000000000007FFBC
:100E3000FC000066EC000000000000000000000064
:100E400000000000000000000000000000000000A2
:100E50000000000000000000000000000000000092
:100E60000000000000000000000000000000000082
:100E70000000000000000000000000000000000072
:100E80000000000000000000000000000000000062
:100E90000000000000000000000000000000000052
:100EA0000000000000000000000000000000000042
:100EB0000000000000000000000000000000000032
:100EC0000000000000000000000000000000000022
:100ED0000000000000000000000000000000000012
:100EE0000000000000000000000000000000000002
:100EF00000000000000000000000000000000000F2
:100F000000000000000000000000000000000000E1
:100F100000000000000000000000000000000000D1
:100F200000000000000000000000000000000000C1
:100F3000007FFFFFFFFFFFFFFFFFFFFFFFFFFFFF40
:100F4000FFFFFFFFFFFFFFFFFFFFFFFFFFFFFFFFB1
:100F5000FFFFFFFFFFFFFFFFFFFFFFFFFFFFFFFFA1
:100F6000FFFFFF0000000000000000000000000084
:100F70000000000000000000000000000000000071
:100F80000000000000001000000000000000000051
:100F90000000000000000000000000000000000051
:100FA0000000000000000000000000000000000041
:100FB0000000000000000000100000000000000021
:100FC0000000000000000000000000000000000021
:100FD0000000000000000000000000000000000011
:100FE00000000000000000000000100000000000F1
:100FF00000000000000000000000000000000000F1
:1010000000000000000000000000000000000000E0
:1010100000000000000000000000000010000000C0
:1010200000000000000000000000000000000000C0
:1010300000000000000000000000000000000000B0
:101040000000000000000000000000000000100090
:101050000000000000000000000000000000000090
:101060000000000000000000000000000000000080
:101070000000000000000000000000000000000070
:101080001000000000000000000000000000000050
:101090000000000000000000000000000000000050
:1010A0000000000000000000000000000000000040
:1010B0000000100000000000000000000000000020
:1010C0000000000000000000000000000000000020
:1010D0000000000000000000000000000000000010
:1010E00000000000100000000000000000000000F0
:1010F00000000000000000000000000000000000F0
:1011000000000000000000000000000000000000DF
:1011100000000000000010000000000000000000BF
:1011200000000000000000000000000000000000BF
:1011300000000000000000000000000000000000AF
:10114000000000000000000010000000000000008F
:10115000000000000000000000000000000000008F
:10116000000000000000000000000000000000007F
:10117000000000000000000000001000000000005F
:10118000000000000000000000000000000000005F
:10119000000000000000000000000000000000004F
:1011A000000000000000000000000000100000002F
:1011B000000000000000000000000000000000002F
:1011C000000000000000000000000000000000001F
:1011D00000000000000000000000000000001000FF
:1011E00000000000000000000000000000000000FF
:1011F00000000000000000000000000000000000EF
:1012000000000000000000000000000000000000DE
:1012100010000000000000000000000000000000BE
:1012200000000000000000000000000000000000BE
:1012300000000000000000000000000000000000AE
:10124000000010000000000000000000000000008E
:10125000000000000000000000000000000000008E
:10126000000000000000000000000000000000007E
:10127000000000001000000000000000000000005E
:10128000000000000000000000000000000000005E
:10129000000000000000000000000000000000004E
:1012A000000000000000100000000000000000002E
:1012B000000000000000000000000000000000002E
:1012C000000000000000000000000000000000001E
:1012D00000000000000000001000000000000000FE
:1012E00000000000000000000000000000000000FE
:1012F00000000000000000000000000000000000EE
:10130000000000000000000000001000000000FFCE
:10131000FFFFFFFFF80000000000000000000000D9
:1013200000000000000000000000000000000000BD
:10133000000000000000000000000000100000009D
:1013400000FFFFFFFFFFF8000000000000000000AA
:101350000000000080000400000000000000000009
:10136000000000000000000000000000000010006D
:10137000000000FFFFFFFFFFF8000000000000007A
:10138000000000000001C0000E000000000000008E
:10139000000000000000000000000000000000004D
:1013A0001000000000FFFFFFFFFFF800000000003A
:1013B0000000000000000003E0001F00000000002B
:1013C000000000000000000000000000000000001D
:1013D00000001000000000F0000000007800000095
:1013E0000000000000000000000770003F800000C7
:1013F00000000000000000000000000000000000ED
:10140000000000001000000000F000000000780064
:101410000000000000001E00F000000FF8007BC07C
:1014200000000000000000000000000000000000BC
:101430000000000000001000000000F000000000AC
:1014400078000000000000007F03FC00001DDC00AD
:10145000FBE00000000000000000000000000000B1
:1014600000000000000000001000000000F000007C
:1014700000007800000000000000E3879E000039B3
:10148000CE01FBF0000000000000000000000000A2
:10149000000000000000000000001000000000F04C
:1014A000000000007800000000000001C1CE07002D
:1014B0000071C703FBF800000000000000000000FE
:1014C000000000000000000000000000100000000C
:1014D00000F000000000780000000000000180CC57
:1014E000030000E1C387FBFC0000000000000000D7
:1014F00000000000000000000000000000001000DC
:10150000000000F000000000780000000000000172
:10151000800C030001C1C1CFFBFE000000000000F1
:1015200000000000000000000000000000000000BB
:101530001000000000F00F800F8078000000000015
:101540000001800C030000E1C38FFBFC00000000E1
:10155000000000000000000000000000000000008B
:1015600000001000000000F00F800F8078000000E5
:1015700000000001800C037C0071C707FBF800002D
:10158000000000000000000000000000000000005B
:10159000000000001000000000F00F800F807800B5
:1015A000000000000001800C036E0039CE03FFF044
:1015B000000000000000000000000000000000002B
:1015C0000000000000001000000000700F800F807D
:1015D000780000000000000180CC030E001DDC013B
:1015E000FBE0000000000000000000000000000020
:1015F00000000000000000001000000000700F80DC
:101600000F807800000000000001C1CE071C000F11
:10161000F800FBC000000000000000000000000017
:10162000000000000000000000001000000000703A
:101630000F800F807800000000000000E3879E38D4
:10164000000770007F800000000000000000000024
:10165000000000000000000000000000100000007A
:1016600000F00F800F8078000000000000007F83F2
:10167000FC7E0003E0003F000000000000000000CE
:10168000000000000000000000000000000010004A
:10169000000000F00F800F807800000000000000C4
:1016A0001E00F07E0001C0001E00000000000000CF
:1016B000000000000000000000000000000000002A
:1016C0001000000000F00F800F8078000000000084
:1016D000000000000000000080000C00000000007E
:1016E00000000000000000000000000000000000FA
:1016F00000001000000000F0000000007800000072
:1017000000000000000000000000000000000000D9
:1017100000000000000000000000000000000000C9
:10172000000000001000000000F000000000780041
:1017300000000000000000000000000000000000A9
:101740000000000000000000000000000000000099
:101750000000000000001000000000F00000000089
:101760007800000000000000000000000000000001
:101770000000000000000000000000000000000069
:1017800000000000000000001000000000F0000059
:1017900000007800000000000000000000000000D1
:1017A0000000000000000000000000000000000039
:1017B000000000000000000000001000000000F029
:1017C00000000000780000000000000000000000A1
:1017D0000000000000000000000000000000000009
:1017E00000000000000000000000000010000000E9
:1017F00000F0000000007800000000000000000081
:1018000000000000000000000000000000000000D8
:1018100000000000000000000000000000001000B8
:10182000000000F000000000780000000000000050
:1018300000000000000000000000000000000000A8
:101840000000000000000000000000000000000098
:101850001000000000F00000000078000000000010
:101860000000000000000000000000000000000078
:101870000000000000000000000000000000000068
:1018800000001000000000F003000E0078000000CF
:101890000000000000000000000000000000000048
:1018A0000000000000000000000000000000000038
:1018B000000000001000000000F007801E0078000B
:1018C0000000000000000000000000000000000018
:1018D0000000000000000000000000000000000008
:1018E0000000000000001000000000F00FE07F008A
:1018F0007800000000000000000000000000000070
:1019000000000000000000000000000000000000D7
:1019100000000000000000001000000000F00FF8C0
:10192000FF00780000000000000000000000000040
:1019300000000000000000000000000000000000A7
:10194000000000000000000000001000000000F097
:1019500007FFFE007800000000000000000000000B
:101960000000000000000000000000000000000077
:101970000000000000000000000000001000000057
:1019800000F001FFF80078000000000000000000F7
:101990000000000000000000000000000000000047
:1019A0000000000000000000000000000000100027
:1019B000000000F0007FF000780000000000000050
:1019C0000000000000000000000000000000000017
:1019D0000000000000000000000000000000000007
:1019E0001000000000F0003FC00078000000000080
:1019F00000000000000000000000000000000000E7
:101A000000000000000000000000000000000000D6
:101A100000001000000000F0000F800078000000BF
:101A200000000000000000000000000000000000B6
:101A300000000000000000000000000000000000A6
:101A4000000000001000000000F000060000780018
:101A50000000000000000000000000000000000086
:101A60000000000000000000000000000000000076
:101A70000000000000001000000000F00000000066
:101A800078000000000000000000000000000000DE
:101A90000000000000000000000000000000000046
:101AA00000000000000000001000000000F0000036
:101AB00000007800000000000000000000000000AE
:101AC0000000000000000000000000000000000016
:101AD000000000000000000000001000000000F006
:101AE000000000007800000000000000000000007E
:101AF00000000000000000000000000000000000E6
:101B000000000000000000000000000010000000C5
:101B100000FFFFFFFFFFF8000000000000000000D2
:101B200000000000000000000000000000000000B5
:101B30000000000000000000000000000000100095
:101B4000000000FFFFFFFFFFF800000000000000A2
:101B50000000000000000000000000000000000085
:101B60000000000000000000000000000000000075
:101B70001000000000FFFFFFFFFFF8000000000062
:101B80000000000000000000000000000000000055
:101B90000000000000000000000000000000000045
:101BA00000001000000000FFFFFFFFFFF800000032
:101BB0000000000000000000000000000000000025
:101BC0000000000000000000000000000000000015
:101BD00000000000100000000000000000000000F5
:101BE00000000000000000000000000000000000F5
:101BF00000000000000000000000000000000000E5
:101C000000000000000010000000000000000000C4
:101C100000000000000000000000000000000000C4
:101C200000000000000000000000000000000000B4
:101C30000000000000000000100000000000000094
:101C40000000000000000000000000000000000094
:101C50000000000000000000000000000000000084
:101C60000000000000000000000010000000000064
:101C70000000000000000000000000000000000064
:101C80000000000000000000000000000000000054
:101C90000000000000000000000000001000000034
:101CA0000000000000000000000000000000000034
:101CB0000000000000000000000000000000000024
:101CC0000000000000000000000000000000100004
:101CD0000000000000000000000000000000000004
:101CE00000000000000000000000000000000000F4
:101CF00000000000000000000000000000000000E4
:101D000010000000000000000000000000000000C3
:101D100000000000000000000000000000000000C3
:101D200000000000000000000000000000000000B3
:101D30000000100000000000000000000000000093
:101D40000000000000000000000000000000000093
:101D50000000000000000000000000000000000083
:101D60000000000010000001FBB1E3E6187EC4FC97
:101D70000000000000000000000000000000000063
:101D800003800038000FF8000FF000000000000092
:101D90000000000000001000000181E3320618601E
:101DA000E43000000000000000000000000000001F
:101DB000000007800078003FFC003FFC00000000AE
:101DC00000000000000000001000000180E3120687
:101DD0001860E43000000000000000000000000077
:101DE000000000000F8000F8007FFF007FFE000071
:101DF0000000000000000000000010000001F0C220
:101E000003E6187CF4300000000000000000000031
:101E10000000000000001F8001F800FFFF007FFFAE
:101E200000000000000000000000000010000001A1
:101E300080E202061860DC300000000000000000B4
:101E400000000000000000003F8003F801F81F8040
:101E5000FC1F000000000000000000000000100057
:101E6000000181F332061860DC3000000000000041
:101E7000000000000000000000007F8007F801F073
:101E80000F80F00F80000000000000000000000044
:101E900010000001FB33F3E7DF7ECC3000000000D0
:101EA000000000000000000000000001FF801FF89B
:101EB00001E007C1F0078000000000000000000002
:101EC000000010000001FB18C3E7DF7EC4300000F3
:101ED0000000000000000000000000000003FF8080
:101EE0003FF803C003C1E0078000000000000000CD
:101EF00000000000100000000000000000000000D2
:101F000000000000000000000000000000000003CE
:101F1000F7803F7803C003C1E003C0000000000069
:101F200000000000000010000000000000000000A1
:101F300000000000000000000000000000000000A1
:101F40000003C7803C78000003C1E003C00000002C
:101F50000000000000000000100000000000000071
:101F60000000000000000000000000000000000071
:101F70000000000307803078000007C3E003C000C2
:101F80000000000000000000000010000000000041
:101F90000000000000000000000000000000000041
:101FA0000000000000000780007800000783C003E5
:101FB000C000000000000000000000001000000051
:101FC0000000000000000000000000000000000011
:101FD00000000000000000000780007800000F8370
:101FE000C003C0000000000000000000000010005E
:101FF00000000000000000000000000000000000E1
:1020000000000000000000000000078000780000D1
:102010001F03C003C000000000000000000000001B
:1020200010000000000000000000000000000000A0
:1020300000000000000000000000000007800078A1
:1020400000001F03C003C0000000000000000000EB
:102050000000100000000000000000000000000070
:1020600000000000000000000000000000000780E9
:10207000007800003E03C003C00000000000000024
:102080000000000010000000000000000000000040
:102090000000000000000000000000000000000040
:1020A0000780007800007C03C003C000000000002F
:1020B0000000000000001000000000000000000010
:1020C0000000000000000000000000000000000010
:1020D0000000078000780001F803C003C000000082
:1020E00000000000000000001000000000000000E0
:1020F00000000000000000000000000000000000E0
:1021000000000000078000780003F003C003C00057
:1021100000000000000000000000100000000000AF
:1021200000000000000000000000000000000000AF
:10213000000000000000078000780007E003C003F3
:10214000C0000000000000000000000010000000BF
:10215000000000000000000000000000000000007F
:10216000000000000000000007800078000FC001A0
:10217000E003C000000000000000000000001000AC
:10218000000000000000000000000000000000004F
:102190000000000000000000000007800078001F21
:1021A0008001E003C000000000000000000000000B
:1021B000100000000000000000000000000000000F
:1021C0000000000000000000000000000780007810
:1021D000003F0001E007C000000000000000000018
:1021E00000001000000000000000000000000000DF
:1021F0000000000000000000000000000000078058
:102200000078007C0001E007800000000000000072
:1022100000000000100000000000000000000000AE
:1022200000000000000000000000000000000000AE
:102230000780007800F80001F00F80000000000027
:10224000000000000000100000000000000000007E
:10225000000000000000000000000000000000007E
:1022600000000780007801F00000F81F80000000E7
:1022700000000000000000001FFFFFFFFFFFFFFF46
:10228000FFFFFFFFFFFFFF00000000000000000055
:10229000000000000780007801FFFFC0FE3F000043
:1022A000000000000000000000001000000000001E
:1022B000000000000000000000000000000000001E
:1022C0000000000000000780007803FFFFC07FFFD0
:1022D00000000000000000000000000010000000EE
:1022E00000000000000000000000000000000000EE
:1022F00000000000000000000780007803FFFFC01E
:102300003FFE000000000000000000000000100080
:1023100000000000000000000000000000000000BD
:10232000000000000000000000000780007803FFAC
:10233000FFC01FF8000000000000000000000000C7
:10234000100000000000000000000000000000007D
:10235000000000000000000000000000000000007D
:102360000000000003E0000000000000000000008A
:10237000000010000000000000000000000000004D
:10238000000000000000000000000000000000004D
:10239000000000000000000000000000000000003D
:1023A000000000001000000000000000000000001D
:1023B000000000000000000000000000000000001D
:1023C0000000000000000000000000739F8000007B
:1023D00000000000000010000000000000000000ED
:1023E00000000000000000000000000000000000ED
:1023F000000000000000000000000000007BDFC0C3
:1024000000000000000000001000000000000000BC
:1024100000000000000000000000000000000000BC
:102420000000000000000000000000000000004A62
:102430005AC0000000000000000010000000000072
:10244000000000000000000000000000000000008C
:10245000000000000000000000000000000000007C
:10246000004A5AC0000000000000000010000000F8
:10247000000000000000000000000000000000005C
:10248000000000000000000000000000000000004C
:102490000000007BDAC00000000000000000100017
:1024A00038000000000000000000000000000000F4
:1024B000000000000000000000000000000000001C
:1024C0000000000000739AC000000000000000003F
:1024D00010007E000000000000000000000000006E
:1024E00000000000000000000000000000000000EC
:1024F000000000000000004200000000000000009A
:1025000000001000EE0000000000000000000000CD
:1025100000000000000000000000000000000000BB
:102520000000000000000000004200000000000069
:10253000000000001000C6000000000000000000C5
:10254000000000000000000000000000000000008B
:10255000000000000000000000000000000000007B
:102560000000000000001000DE000000000000007D
:10257000000000000000000000000000000000005B
:10258000000000000000000000000000000000004B
:1025900000000000000000001000DE00000000004D
:1025A000000000000000000000000000000000002B
:1025B000000000000000000000000000000000001B
:1025C000000000000000000000001000DE0000001D
:1025D00000000000000000000000000000000000FB
:1025E00000000000000000000000000000000000EB
:1025F0000000000000000000000000001000DE00ED
:1026000000000000000000000000000000000000CA
:1026100000000000000000000000000000000000BA
:10262000000000000000000000000000000010009A
:10263000DE000000000000000000000000000000BC
:10264000000000000000000000000000000000008A
:10265000000000000000000000000000000000007A
:102660001001DF000000000000000000000000007A
:10267000000000000000000000000000000000005A
:10268000000000000000000000000000000000004A
:1026900000001001DB8000000000000000000000CE
:1026A000000000000000000000000000000000002A
:1026B000000000000000000000000000000000001A
:1026C0000000000010039B800000000000000000DC
:1026D00000000000000000000000000000000000FA
:1026E00000000000000000000000000000000000EA
:1026F000000000000000100339800000000000000E
:1027000000000000000000000000000000000000C9
:1027100000000000000000000000000000000000B9
:10272000000000000000000010033D8000000000D9
:102730000000000000000000000000000000000099
:102740000000000000000000000000000000000089
:102750000000000000000000000010033D800000A9
:102760000000000000000000000000000000000069
:102770000000000000000000000000000000000059
:102780000000000000000000000000001003BB80FB
:102790000000000000000000000000000000000039
:1027A0000000000000000000000000000000000029
:1027B0000000000000000000000000000000100108
:1027C000C7800000000000000000000000000000C2
:1027D00000000000000000000000000000000000F9
:1027E00000000000000000000000000000000000E9
:1027F0001001FF00000000000000000000000000C9
:1028000000000000000000000000000000000000C8
:1028100000000000000000000000000000000000B8
:10282000000010007C00000000000000000000001C
:102830000000000000000000000000000000000098
:102840000000000000000000000000000000000088
:102850000000000010000000000000000000000068
:102860000000000000000000000000000000000068
:102870000000000000000000000000000000000058
:102880000000000000001000000000000000000038
:102890000000000000000000000000000000000038
:1028A0000000000000000000000000000000000028
:1028B0000000000000000000100000000000000008
:1028C0000000000000000000000000000000000008
:1028D00000000000000000000000000000000000F8
:1028E00000000000000000000000100000000000D8
:1028F00000000000000000000000000000000000D8
:1029000000000000000000000000000000000000C7
:1029100000000000000000000000000010000000A7
:1029200000000000000000000000000000000000A7
:102930000000000000000000000000000000000097
:102940000000000000000000000000000000100077
:102950000000000000000000000000000000000077
:102960000000000000000000000000000000000067
:102970000000000000000000000000000000000057
:102980001000000000000000000000000000000037
:102990000000000000000000000000000000000037
:1029A0000000000000000000000000000000000027
:1029B0000000100000000000000000000000000007
:1029C0000000000000000000000000000000000007
:1029D00000000000000000000000000000000000F7
:1029E00000000000100000000000000000000000D7
:1029F00000000000000000000000000000000000D7
:102A000000000000000000000000000000000000C6
:102A100000000000000010000000000000000000A6
:102A200000000000000000000000000000000000A6
:102A30000000000000000000000000000000000096
:102A40000000000000000000100000000000000076
:102A50000000000000000000000000000000000076
:102A60000000000000000000000000000000000066
:102A70000000000000000000000010000000000046
:102A80000000000000000000000000000000000046
:102A90000000000000000000000000000000000036
:102AA0000000000000000000000000001000000016
:102AB0000000000000000000000000000000000016
:102AC0000000000000000000000000000000000006
:102AD00000000000000000000000000000001000E6
:102AE00000000000000000000000000000000000E6
:102AF00000000000000000000000000000000000D6
:102B000000000000000000000000000000000000C5
:102B100010000000000000000000000000000000A5
:102B200000000000000000000000000000000000A5
:102B30000000000000000000000000000000000095
:102B40000000100000000000000000000000E00095
:102B50000000000000000020000000000000000055
:102B60000000000000000000000000000000000065
:102B70000004000010000000000000000000000041
:102B8000A000000000000000002000000000000085
:102B90000000000000000000000000000000000035
:102BA0000000000400001000000000000000000011
:102BB0000000E00000000000000000200000000015
:102BC0000000000000000000000000000000000005
:102BD00000000000000400001000000000000000E1
:102BE0000000000007E000000000000000200000DE
:102BF00000000000000000000000000000000000D5
:102C000000000000000000040000100000000000B0
:102C10000000000000000400000000000CE7382065
:102C200000000000000000000000000000000000A4
:102C30000000000000000000000400001000000080
:102C400000000000000000000400000000001DBDA6
:102C5000EC20000000000000000000000000000068
:102C60000000000000000000000000040000100050
:102C70000000007C0007C000000007C0000000004A
:102C80001DEDEC200000000000000000000000002E
:102C90000000000000000000000000000004000030
:102CA0001000000001FF801FF00000000400000081
:102CB00000000DFDEC2000000000000000000000FE
:102CC0000000000000000000000000000000000400
:102CD00000001000000003FFC07FF80000000400A7
:102CE000000000000DBDEC2000000000000000000E
:102CF00000000000000000000000000000000000D4
:102D0000000400001000000007FFE07FFC0000004E
:102D10000400000000000CFFFC2000000000000088
:102D200000000000000000000000000000000000A3
:102D3000000000040000100000000F83E0F83E00D7
:102D400000000400000000000CE738200000000034
:102D50000000000000000000000000000000000073
:102D60000000000000040000100000000F01F0F05F
:102D70001E00000004000000000000000020000011
:102D80000000000000000000000000000000000043
:102D900000000000000000040000100000001E0001
:102DA000F0E00E0000000000000000000000002025
:102DB0000000000000000000000000000000000013
:102DC00000000000000000000004000010000000EF
:102DD0001E00C0E00E000000000000000000000027
:102DE00000200000000000000000000000000000C3
:102DF00000000000000000000000000400001000BF
:102E000000001C0000F01E0003C0000000000000D5
:102E10000000002000000000000000000000000092
:102E2000000000000000000000000000000400009E
:102E3000100000001C3C00F01E0007E00000000035
:102E40000000000000200000000000000000000062
:102E5000000000000000000000000000000000046E
:102E60000000100000003DFF807C7C000FF000009F
:102E70000000000000000020000000000000000032
:102E80000000000000000000000000000000000042
:102E900000040000100000003FFFC07FFC001C7019
:102EA0000000000000000000002000000000000002
:102EB0000000000000000000000000000000000012
:102EC000000000040000100000003FFFE03FF80099
:102ED0001C30000000000000000000200000000086
:102EE00000000000000000000000000000000000E2
:102EF0000000000000040000100000003F83E07F9D
:102F0000FC00007000000000000000000020000035
:102F100000000000000000000000000000000000B1
:102F200000000000000000040000100000003E014E
:102F3000F0FC7E0001F00000000000000000002016
:102F40000000000000000000000000000000000081
:102F5000000000000000000000040000100000005D
:102F60003C00F1F01F0001E0000000000000000044
:102F70000020000000000000000000000000000031
:102F8000000000000000000000000004000010002D
:102F900000003C0071E00F0001F80000000000009C
:102FA0000000002000000000000000000000000001
:102FB000000000000000000000000000000400000D
:102FC000100000003C0071E00F000038000000001D
:102FD00000000000002000000000000000000000D1
:102FE00000000000000000000000000000000004DD
:102FF0000000100000001C0071C007000018000055
:1030000000000000000000200000000000000000A0
:1030100000000000000000000000000000000000B0
:1030200000040000100000001C0071C007001C1804
:103030000000000000000000002000000000000070
:103040000000000000000000000000000000000080
:10305000000000040000100000001C00F1E00F0060
:103060001C380000000000000000002000000000EC
:103070000000000000000000000000000000000050
:103080000000000000040000100000001E00F1E03D
:103090000F038FF800000000000000000020000077
:1030A0000000000000000000000000000000000020
:1030B00000000000000000040000100000000F01EC
:1030C000E1F01F0387F00000000000000000002076
:1030D000000000000000000000000038E0000000D8
:1030E00000000000000000000004000010000000CC
:1030F0000FC7E0FC7E0383C000000000000000005A
:103100000020000000000000000000000038E00087
:10311000000000000000000000000004000010009B
:10312000000007FFC07FFC0000000000000000005E
:103130000000002000000000000000000000003837
:10314000E00000000000000000000000000400009B
:103150001000000003FF803FF800000000000000A6
:10316000000000000020000000000000000000003F
:103170000038E00000000000000000000000000433
:1031800000001000000000FE001FF0000000000022
:10319000000000000000002000000000000000000F
:1031A00000000038E0000000000000000000000007
:1031B00000040000100000000000000000000000FB
:1031C00000000000000000000020000000000000DF
:1031D000000000000038E0000000000000000000D7
:1031E00000000004000010000000000000000000CB
:1031F00000000000000000000000002000000000AF
:103200000000000000000038E000000000000000A6
:10321000000000000004000010000000000000009A
:10322000000000000000000000000000002000007E
:1032300000000000000000000038E0000000000076
:10324000000000000000000400001000000000006A
:10325000000000000000000000000000000000204E
:10326000000000000000000000000038E000000046
:10327000000000000000000000040000100000003A
:10328000000000000000000000000000000000003E
:103290000020000000000000000000000038E000F6
:1032A000000000000000000000000004000010000A
:1032B000000000000000000000000000000000000E
:1032C00000000020000000000000000000000038A6
:1032D000E00000000000000000000000000400000A
:1032E00010000000000000000000000000000000CE
:1032F00000000000002000000000000000000000AE
:103300000038E000000000000000000000000004A1
:10331000000010000000000000000000000000009D
:10332000000000000000002000000000000000007D
:1033300000000038E0000000000000000000000075
:103340000004000010000000000000000000000069
:10335000000000000000000000200000000000004D
:10336000000000000038E000718000000000000054
:10337000000C7004000010000000000000000000BD
:10338000000000000000000000000020000000001D
:103390000000000000000038E00071800000000024
:1033A0000000000C7004000010000000000000008D
:1033B00000000000000000000000000000200000ED
:1033C00000000000000000000038E00071800000F4
:1033D00000000000000C700400001000000000005D
:1033E00000000000000000000000000000000020BD
:1033F000000000000000000000000038E0007180C4
:10340000000000000000000C70040000100000002C
:1034100000000000000000000000000000000000AC
:103420000020000000000000000000000038E00064
:103430007180000000000000000C7004000010000B
:10344000000000000000000000000000000000007C
:103450000000002000000000000000000000003814
:10346000E0007180000000000000000C700400000B
:10347000100000000000000000000000000000003C
:10348000000000000020000000000000000000001C
:103490000038E0007180000000000000000C7004A3
:1034A000000010000000000000000000000000000C
:1034B00000000000000000200000000000000000EC
:1034C00000000038E0007180000000000000000CE7
:1034D0007004000010000000000000000000000068
:1034E00000000000000000000020000000000000BC
:1034F000000000000038E0007180000000000000C3
:10350000000C70040000100000000000000000002B
:10351000000000000000000000000020000000008B
:103520000000000000000038E00071800000000092
:103530000000000C700400001000000000000000FB
:10354000000000000000000000000000002000005B
:1035500000000000000000000038E0007180000062
:1035600000000000000C70040000100000000000CB
:10357000000000000000000000000000000000202B
:10358000000000000006380000000038E0007180F4
:1035900000E300000000000C7004000010000000B8
:1035A000000000000000000000000000000000001B
:1035B0000020000000000006380000000038E00095
:1035C000718000E300000000000C700400001FFF89
:1035D000FFFFFFFFFFFFFFFFFFFFFFFFFF000000F8
:1035E0000000002000000000000638000000003845
:1035F000E00C718000E300000000030C7004000088
:1036000010000000000000000000000000000000AA
:10361000000000000020000000000006380000004C
:103620000038E00C718000E300000000030C70041F
:10363000000010000000000000000000000000007A
:10364000000000000000002000000000000638001C
:1036500000000038E00C718000E300000000030C63
:1036600070040000100000000000000000000000D6
:103670000000000000000000002000000000000624
:10368000380000000038E00C718000E3000000000A
:10369000030C700400001000000000000000000097
:1036A00000000000000000000000002000000000FA
:1036B0000006380000000038E00C718000E30000D4
:1036C0000000030C70040000100000000000000067
:1036D00000000000000000000000000000200000CA
:1036E00000000006380000000038E00C718000E3A4
:1036F00000000000030C7004000010000000000037
:103700000000000000000000000000000000002099
:10371000000000007006380000018038E00C71865F
:1037200000E300000038030C71C40000100000002A
:103730000000000000000000000000000000000089
:103740000020000000007006380000018038E00C06
:10375000718600E300000038030C71C40000100003
:103760000000000000000000000000000000000059
:1037700000000020000000007006380000018038C2
:10378000E00C718600E300000038030C71C40000F7
:103790001000100000000000000000000000000009
:1037A000000000000020000000007006380000014A
:1037B0008038E00C718600E300000038030C71C40F
:1037C00000001000380000000000000000000000B1
:1037D000000000000000002000000000700638001B
:1037E00000018038E00C718600E300000038030C13
:1037F00071C4000010007C00000000000000000008
:103800000000000000000000002000000000700622
:10381000380000018038E00C718600E300000038B9
:10382000030C71C4000010007C00000000000000C8
:103830000000000000000000000000200000000068
:103840007006380000018038E00C718600E300004B
:103850000038030C71C400001000EE0000000000EE
:103860000000000000000000000000000020000038
:1038700000007006380000018038E00C718600E31B
:1038800000000038030C71C400001000C6000000E6
:103890000000000000000000000000000000002008
:1038A00000380000700638E000018038E30C7186B3
:1038B00000E30C000038030C71C400001001C700C5
:1038C00000000000000000000000000000000000F8
:1038D00000200038031C718638E01C718638E30C28
:1038E000718638E30C01C638E30C71C40000100186
:1038F0008300000000000000000000000000000045
:10390000000000200038031C718638E01C718638E6
:10391000E30C718638E30C01C638E30C71C4000077
:103920001003838000000000000000000000000081
:103930000000000000200038031C718638E01C7174
:103940008638E30C718638E30C01C638E30C71C489
:1039500000001003018000000000000000000000D3
:1039600000000000000000200038031C718638E0D1
:103970001C718638E30C718638E30C01C638E30C01
:1039800071C40000100301C000000000000000002E
:10399000000000000000000000200038031C7186B9
:1039A00038E01C718638E30C718638E30C01C638A8
:1039B000E30C71C40000100303C00000000000000D
:1039C0000000000000000000000000218638C31C39
:1039D000718638E31C718638E30C718638E30C710C
:1039E000C638E30C71C4000010030FC000000000D3
:1039F00000000000000000000000000000218638E8
:103A0000C31C718638E31C718638E30C718638E379
:103A10000C71C638E30C71C4000010038F800000E5
:103A20000000000000000000000000000000002175
:103A30008638C31C718638E31C718638E30C7186A6
:103A400038E30C71C638E30C71C400001003FF802A
:103A50000000000000000000000000000000000066
:103A600000218638C31C718638E31C718638E30C4C
:103A7000718638E30C71C638E30C71C40000100085
:103A8000FE00000000000000000000000000000038
:103A9000000000218638C31C718638E31C7186380B
:103AA000E30C718638E30C71C638E30C71C4000076
:103AB00010000000000000000000000000000000F6
:103AC0000000000000218638C31C718638E31C7199
:103AD0008638E30C718638E30C71C638E30C71C488
:103AE00000001000000000000000000000000000C6
:103AF00000000000000000218638C31C718638E3F6
:103B00001C718638E30C718638E30C71C638E30CFF
:103B100071C4000010000000000000000000000060
:103B2000000000000000000000218638C31C7186E0
:103B300038E31C718638E30C718638E30C71C638A3
:103B4000E30C71C400001000000000000000000041
:103B50000000000000000000000000218638C31CA7
:103B6000718638E31C718638E30C718638E30C717A
:103B7000C638E30C71C40000100000000000000013
:103B80000000000000000000000000000021863856
:103B9000C31C718638E31C718638E30C718638E3E8
:103BA0000C71C638E30C71C4000010000000000066
:103BB00000000000000000000000000000000021E4
:103BC0008638C31C718638E31C718638E30C718615
:103BD00038E30C71C638E30C71C40000100000001B
:103BE00000000000000000007080000000000000E5
:103BF00000218638C31C718638E31C718638E30CBB
:103C0000718638E30C71C638E30C71C400001000F3
:103C10000000000000000000000051000000000053
:103C200000339C218638C31C718638E31C718638AA
:103C3000E30C718638E30C71C638E30C71C40000E4
:103C40001000000001FE003FFE00000072000000B6
:103C500000000037FE218638C31C718638E31C71D2
:103C60008638E30C718638E30C71C638E30C71C4F6
:103C700000001000000003FF803FFE000000040071
:103C8000000000000076F6218638C31C718638E3F8
:103C90001C718638E30C718638E30C71C638E30C6E
:103CA00071C400001000000007FFC07FFE0000008C
:103CB0000B800000000000F6F6218638C31C7186D8
:103CC00038E31C718638E30C718638E30C71C63812
:103CD000E30C71C40000100000000FC7C07FFE009D
:103CE000000012800000000000FEF6218638C31C90
:103CF000718638E31C718638E30C718638E30C71E9
:103D0000C638E30C71C40000100000000F01E07819
:103D10000000000023800000000000FEF62186382D
:103D2000C31C718638E31C718638E30C718638E356
:103D30000C71C638E30C71C40000100000001E00B6
:103D4000E0700000000040000000000000339C20F4
:103D50000000000000000000000000000000000063
:103D6000000000000000000000040000100000003F
:103D70001E00F070000000000000000000000000C5
:103D80000020000000000000000000000000000013
:103D9000000000000000000000000004000010000F
:103DA00000001C0070F00000000000000000000097
:103DB00000000020000000000000000000000000E3
:103DC00000000000000000000000000000040000EF
:103DD000100000001C0070F0000000C00000000097
:103DE00000000000003FFFFFFFFFFFFFFFFFFFFF9E
:103DF000FFFFFFFFFFFFFFFFFFFFFFFFFFFFFFFCD6
:103E00000000100000001C0070F7F00001C000006E
:103E100000000000000000000000000000000000A2
:103E20000000000000000000000000000000000092
:103E300000000000100000001C0070FFF80003C02C
:103E40000000000000000000000000000000000072
:103E50000000000000000000000000000000000062
:103E6000000000000000100000001E00F0FFFC0039
:103E70000FC0000000000000000000000000000073
:103E80000000000000000000000000000000000032
:103E90000000000000000000100000001F01F1FC05
:103EA0007E000EC0000000000000000000000000C6
:103EB0000000000000000000000000000000000002
:103EC00000000000000000000000100000000F8350
:103ED000F1F01F0008C0000000000000000000001A
:103EE00000000000000000000000000000000000D2
:103EF00000000000000000000000000010000000B2
:103F00000FFFF0600F0000C0000000000000000084
:103F100000000000000000000000000000000000A1
:103F20000000000000000000000000000000100081
:103F3000000007FF70000F0000C00000000000003C
:103F40000000000000000000000000000000000071
:103F50000000000000000000000000000000000061
:103F60001000000003FE7000070000C00000000009
:103F70000000000000000000000000000000000041
:103F80000000000000000000000000000000000031
:103F900000001000000000F8F000070000C0000062
:103FA0000000000000000000000000000000000011
:103FB0000000000000000000000000000000000001
:103FC00000000000100000000000F000070000C02A
:103FD00000000000000000000000000000000000E1
:103FE00000000000000000000000000000000000D1
:103FF000000000000000100000000600F1C00F00EB
:1040000000C00000000000000000000000000000F0
:1040100000000000000000000000000000000000A0
:104020000000000000000000100000001E01E1E0A0
:104030000F0000C0000000000000000000000000B1
:104040000000000000000000000000000000000070
:1040500000000000000000000000100000001F0130
:10406000E1E01E0380C0000000000000000000002E
:104070000000000000000000000000000000000040
:104080000000000000000000000000001000000020
:104090000F83C1F03E0380C000000000000000005C
:1040A0000000000000000000000000000000000010
:1040B00000000000000000000000000000001000F0
:1040C00000000FFFC0FFFC00000000000000000027
:1040D00000000000000000000000000000000000E0
:1040E00000000000000000000000000000000000D0
:1040F0001000000007FF807FF800000000000000B3
:1041000000000000000000000000000000000000AF
:10411000000000000000000000000000000000009F
:1041200000001000000003FF003FF000000000004E
:10413000000000000000000000000000000000007F
:10414000000000000000000000000000000000006F
:10415000000000001000000000F80007C000000090
:10416000000000000000000000000000000000004F
:10417000000000000000000000000000000000003F
:10418000000000000000100000000000000000001F
:10419000000000000000000000000000000000001F
:1041A000000000000000000000000000000000000F
:1041B00000000000000000001000000000000000EF
:1041C00000000000000000000000000000000000EF
:1041D00000000000000000000000000000000000DF
:1041E00000000000000000000000100000000000BF
:1041F00000000000000000000000000000000000BF
:1042000000000000000000000000000000000000AE
:10421000000000000000000000000000100000008E
:10422000000000000000000000000000000000008E
:10423000000000000000000000000000000000007E
:10424000000000000000000000000000000010005E
:10425000000000000000000000000000000000005E
:10426000000000000000000000000000000000004E
:10427000000000000000000000000000000000003E
:10428000100000000000000000000000000000001E
:10429000000000000000000000000000000000001E
:1042A000000000000000000000000000000000000E
:1042B00000001000000000000000000000000000EE
:1042C00000000000000000000000000000000000EE
:1042D00000000000000000000000000000000000DE
:1042E00000000000100000000000000000000000BE
:1042F00000000000000000000000000000000000BE
:1043000000000000000000000000000000000000AD
:10431000000000000000100000000000000000008D
:10432000000000000000000000000000000000008D
:10433000000000000000000000000000000000007D
:10434000000000000000000010000000000000005D
:10435000000000000000000000000000000000005D
:10436000000000000000000000000000000000004D
:10437000000000000000000000001000000000002D
:10438000000000000000000000000000000000002D
:10439000000000000000000000000000000000001D
:1043A00000000000000000000000000010000000FD
:1043B00000000000000000000000000000000000FD
:1043C00000000000000000000000000000000000ED
:1043D00000000000000000000000000000001000CD
:1043E00000000000000000000000000000000000CD
:1043F00000000000000000000000000000000000BD
:1044000000000000000000000000000000000000AC
:10441000100000000000000000000000000000008C
:10442000000000000000000000000000000000008C
:10443000000000000000000000000000000000007C
:10444000000010000000000000000000000000005C
:10445000000000000000000000000000000000005C
:10446000000000000000000000000000000000004C
:10447000000000001000000000000000000000002C
:10448000000000000000000000000000000000002C
:10449000000000000000000000000000000000001C
:1044A00000000000000010000000000000000000FC
:1044B00000000000000000000000000000000000FC
:1044C00000000000000000000000000000000000EC
:1044D00000000000000000001000000000000000CC
:1044E00000000000000000000000000000000000CC
:1044F00000000000000000000000000000000000BC
:1045000000000000000000000000000000000000AB
:10451000000000000000000000000000000000009B
:10452000000000000000000000000000000000008B
:10453000000000000000000000000000000000007B
:10454000000000000000000000000000000000006B
:10455000000000000000000000000000000000005B
:10456000000000000000000000000000000000004B
:10457000000000000000000000000000000000003B
:10458000000000000000000000000000000000002B
:10459000000000000000000000000000000000001B
:1045A000000000000000000000000000000000000B
:1045B00000000000000000000000000000000000FB
:1045C00000000000000000000000000000000000EB
:1045D00000000000000000000000000000000000DB
:1045E00000000000000000000000000000000000CB
:1045F00000000000000000000000000000000000BB
:1046000000000000000000000000000000000000AA
:10461000000000000000000000000000000000009A
:10462000000000000000000000000000000000008A
:10463000000000000000000000000000000000007A
:10464000000000000000000000000000000000006A
:10465000000000000000000000000000000000005A
:10466000000000000000000000000000000000004A
:10467000000000000000000000000000000000003A
:10468000000000000000000000000000000000002A
:10469000000000000000000000000000000000001A
:1046A00007FFFC0000000400000000000000000004
:1046B00000000000000000000000000000000000FA
:1046C00000000000000000000000000000000000EA
:1046D000000007FFFC0000000400000000000000D4
:1046E00000000000000000000000000000000000CA
:1046F00000000000000000000000000000000000BA
:104700000000000004000C0000000400000000395C
:10471000E0FBE00FBE79E07DF07C6000000000006F
:104720000000000000000000000000000000000089
:10473000000000000000045A4E0000004400000089
:10474000007B30DB600DB6FFF06DB06DE000000067
:104750000000000000000000000000000000000059
:104760000000000000000000045A4E000000440059
:104770000000007B361B3001B30C30CFF06DE00041
:104780000000000000000000000000000000000029
:1047900000000000000000000000045A4E0000006D
:1047A000440000000019E03B3003B31860CFB06C48
:1047B0006000000000000000000000000000000099
:1047C000000000000000000000000000045A4E003D
:1047D000000444000000001B301F30073330CFCFEF
:1047E0003F6C6000000000000000000000000000BE
:1047F0000000000000000000000000000000045A5B
:104800004E00000444000000001B30DF600E36E361
:10481000806DB06C6000000000000000000000002F
:104820000000000000000000000000000000000088
:1048300004000C000004440000000019E6FBE01F27
:10484000BEFFF07DF07C6000000000000000000072
:104850000000000000000000000000000000000058
:10486000000004000C0000444400000000000000B0
:104870000000000000000000000000000000000038
:104880000000000000000000000000000000000028
:104890000000000007FFFC0000444400000000008E
:1048A0000000000000000000000000000000000008
:1048B00000000000000000000000000000000000F8
:1048C0000000000000000000000000444400000060
:1048D00000000000000000000000000000000000D8
:1048E00000000000000000000000000000000000C8
:1048F00000000000000000000000000000000000B8
:1049000000000000000000000000000000000000A7
:104910000000000000000000000000000000000097
:104920000000000000000000000000000000000087
:104930000000000000000000000000000000000077
:104940000000000000000000000000000000000067
:104950000000000000000000000000000000000057
:104960000000000000000000000000000000000047
:104970000000000000000000000000000000000037
:104980000000000000000000000000000000000027
:104990000000000000000000000000000000000017
:1049A0000000000000000000000000000000000007
:1049B00000000000000000000000000000000000F7
:1049C000000000000000000000FFFFFFFFFFFFFFEE
:1049D000FFFFFFFFFFFFFFFFFFFFFFFFFFFFFFFFE7
:1049E000FFFFFFFFFFFFFFFFFFFFFFFFFFFFFFFFD7
:1049F000FFFFFFFFFFFFFFFFFFFFFF0000000000C2
:104A000000000000000000000000000000000000A6
:104A10000000000000000000000000000000100086
:104A20000000000000000000000000000000000086
:104A30000000000000000000000000000000000076
:104A40000000000000000000000000000000000066
:104A50001000000000000000000000000000000046
:104A60000000000000000000000000000000000046
:104A70000000000000000000000000000000000036
:104A80000000100000000000000000000000000016
:104A90000000000000000000000000000000000016
:104AA0000000000000000000000000000000000006
:104AB00000000000100000000000000000000000E6
:104AC00000000000000000000000000000000000E6
:104AD00000000000000000000000000000000000D6
:104AE00000000000000010000000000000000000B6
:104AF00000000000000000000000000000000000B6
:104B000000000000000000000000000000000000A5
:104B10000000000000000000100000000000000085
:104B20000000000000000000000000000000000085
:104B30000000000000000000000000000000000075
:104B40000000000000000000000010000000000055
:104B50000000000000000000000000000000000055
:104B60000000000000000000000000000000000045
:104B70000000000000000000000000001000000025
:104B80000000000000000000000000000000000025
:104B90000000000000000000000000000000000015
:104BA00000000000000000000000000000001000F5
:104BB00000000000000000000000000000000000F5
:104BC00000000000000000000000000000000000E5
:104BD00000000000000000000000000000000000D5
:104BE00010000000000000000000000000000000B5
:104BF00000000000000000000000000000000000B5
:104C000000000000000000000000000000000000A4
:104C10000000100000000000000000000000000084
:104C20000000000000000000000000000000000084
:104C30000000000000000000000000000000000074
:104C40000000000010000000000000000000000054
:104C50000000000000000000000000000000000054
:104C60000000000000000000000000000000000044
:104C70000000000000001000000000000000000024
:104C80000000000000000000000000000000000024
:104C90000000000000000000000000000000000014
:104CA00000000000000000001000000000000000F4
:104CB00000000000000000000000000000000000F4
:104CC00000000000000000000000000000000000E4
:104CD00000000000000000000000100000000000C4
:104CE00000000000000000000000000000000000C4
:104CF00000000000000000000000000000000000B4
:104D00000000000000000000000000001000000093
:104D10000000000000000000000000000000000093
:104D20000000000000000000000000000000000083
:104D30000000000000000000000000000000100063
:104D40000000000000000000000000000000000063
:104D50000000000000000000000000000000000053
:104D60000000000000000000000000000000000043
:104D70001000000000000000000000000000000023
:104D80000000000000000000000000000000000023
:104D90000000000000000000000000000000000013
:104DA00000001000000000000000000000000000F3
:104DB00000000000000000000000000000000000F3
:104DC00000000000000000000000000000000000E3
:104DD00000000000100000000000000000000000C3
:104DE000000000000000000000000000C000010002
:104DF00000000000000000000000000000000000B3
:104E00000000000000001000000000000000000092
:104E10000000000000000000000000000001E000B1
:104E200003800000000000000000000000000000FF
:104E30000000000000000000100000000000000062
:104E4000000000000000000000000000000000035F
:104E5000700007C00000000000000000000000001B
:104E60000000000000000000000010000000000032
:104E70000000000000000000000000000000000032
:104E8000000638000FE000000000000000000000F5
:104E90000000000000000000000000001000000002
:104EA0000000000000000000000000000000000002
:104EB0000000000C9C001FF000000000000000003B
:104EC00000000000000000000000000000001000D2
:104ED00000000000000000000000000000000000D2
:104EE0003F01FC0000188E003FF8000000000000A9
:104EF00000000000000000000000000000000000B2
:104F00001000000000000000000000000000000091
:104F10000000FFC7FE00003087007FFC000000009B
:104F20000000000000000000000000000000000081
:104F30000000100000000000000000000000000061
:104F400000000000F3C79F0000608380FFFE0000A8
:104F50000000000000000000000000000000000051
:104F60000000000010000000000000000000000031
:104F7000000000000001C0EE070000C081C1FFFF7B
:104F80000000000000000000000000000000000021
:104F9000000000000000100000000007FFFFFFFFFE
:104FA0000000000000000001C08E0380018080E34B
:104FB000FFFF800000000000000000000000000073
:104FC00000000000000000001000000000040000CD
:104FD00000010000000000000001800C038001803F
:104FE0008067FFFF8000000000000000000000005C
:104FF000000000000000000000001000000000049D
:10500000000000010000000000000001800C03BE51
:1050100000C080C3FFFF000000000000000000008F
:105020000000000000000000000000001000000070
:105030000004000000010000000000000001800CDE
:1050400003F600608181FFFE000000000000000008
:105050000000000000000000000000000000100040
:10506000000000040000000100000000000000013A
:10507000C02E038600300300FFFC0000000000008B
:105080000000000000000000000000000000000020
:1050900010000000000400000001000000000000FB
:1050A0000001C0EE070E001886007FF80000000027
:1050B00000000000000000000000000000000000F0
:1050C00000001000000000040000000100000000CB
:1050D00000000000F3C79F1C000C8C003FF0000094
:1050E00000000000000000000000000000000000C0
:1050F000000000001000000000040000000100009B
:10510000000000000000FFC7FE38000618001FE086
:10511000000000000000000000000000000000008F
:10512000000000000000100000000004000000016A
:1051300000000000000000003F81FC7F0003300001
:105140000FC0000000000000000000000000000090
:10515000000000000000000010000000000400003B
:10516000000100000000000000000000000000013D
:10517000E0000780000000000000000000000000C8
:10518000000000000000000000001000000000040B
:1051900001800C0100000000000000000000000081
:1051A0000000C0000300000000000000000000003C
:1051B00000000000000000000000000010000000DF
:1051C000000401800C01000000000000000000004D
:1051D00000000000000000000000000000000000CF
:1051E00000000000000000000000000000001000AF
:1051F0000000000401800C0100000000000000001D
:10520000000000000000000000000000000000009E
:10521000000000000000000000000000000000008E
:1052200010000000000401800C01000000000000DC
:10523000000000000000000000000000000000006E
:10524000000000000000000000000000000000005E
:10525000000010000000000401800C0100000000AC
:10526000000000000000000000000000000000003E
:10527000000000000000000000000000000000002E
:105280000000000010000000000400000001000009
:10529000000000000000000000000000000000000E
:1052A00000000000000000000000000000000000FE
:1052B00000000000000010000000000400000001D9
:1052C00000000000000000000000000000000000DE
:1052D00000000000000000000000000000000000CE
:1052E00000000000000000001000000000040000AA
:1052F00000010000000000000000000000000000AD
:10530000000000000000000000000000000000009D
:105310000000000000000000000010000000000479
:10532000000000010000000000000000000000007C
:10533000000000000000000000000000000000006D
:10534000000000000000000000000000100000004D
:105350000004000000010000000000000000000048
:10536000000000000000000000000000000000003D
:10537000000000000000000000000000000010001D
:105380000000000400000001000000000000000018
:10539000000000000000000000000000000000000D
:1053A00000000000000000000000000000000000FD
:1053B00010000000000400000001000000000000D8
:1053C00000000000000000000000000000000000DD
:1053D00000000000000000000000000000000000CD
:1053E00000001000000000040000000100000000A8
:1053F00000000000000000000000000000000000AD
:10540000000000000000000000000000000000009C
:105410000000000010000000000400C010010000A7
:10542000000000000000000000000000000000007C
:10543000000000000000000000000000000000006C
:1054400000000000000010000000000400E07001F7
:10545000000000000000000000000000000000004C
:10546000000000000000000000000000000000003C
:1054700000000000000000001000000000040038E0
:10548000E00100000000000000000000000000003B
:10549000000000000000000000000000000000000C
:1054A00000000000000000000000100000000004E8
:1054B000001F80010000000000000000000000004C
:1054C00000000000000000000000000000000000DC
:1054D00000000000000000000000000010000000BC
:1054E00000040007000100000000000000000000B0
:1054F00000000000000000000000000000000000AC
:10550000000000000000000000000000000010008B
:105510000000000400000001000000000000000086
:10552000000000000000000000000000000000007B
:10553000000000000000000000000000000000006B
:105540001000000000040000000100000000000046
:10555000000000000000000000000000000000004B
:10556000000000000000000000000000000000003B
:105570000000100000000004000000010000000016
:10558000000000000000000000000000000000001B
:10559000000000000000000000000000000000000B
:1055A00000000000100000000004000000010000E6
:1055B00000000000000000000000000000000000EB
:1055C00000000000000000000000000000000000DB
:1055D00000000000000010000000000400000001B6
:1055E00000000000000000000000000000000000BB
:1055F00000000000000000000000000000000000AB
:105600000000000000000000100000000004000086
:105610000001000000000000000000000000000089
:10562000000000000000000000000000000000007A
:105630000000000000000000000010000000000753
:10564000FFFFFFFF0000000000000000000000005E
:10565000000000000000000000000000000000004A
:10566000000000000000000000000000100000002A
:10567000000000000000000000000000000000002A
:10568000000000000000000000000000000000001A
:1056900000000000000000000000000000001000FA
:1056A00000000000000000000000000000000000FA
:1056B00000000000000000000000000000000000EA
:1056C00000000000000000000000000000000000DA
:1056D00010000000000000000000000000000000BA
:1056E00000000000000000000000000000000000BA
:1056F00000000000000000000000000000000000AA
:105700000000100000000000000000000000000089
:105710000000000000000000000000000000000089
:105720000000000000000000000000000000000079
:105730000000000010000000000000000000000059
:105740000000000000000000000000000000000059
:105750000000000000000000000000000000000049
:105760000000000000001000000000000000000029
:105770000000000000000000000000000000000029
:105780000000000000000000000000000000000019
:1057900000000000000000001000000000000000F9
:1057A00000000000000000000000000000000000F9
:1057B00000000000000000000000000000000000E9
:1057C00000000000000000000000100000000000C9
:1057D00000000000000000000000000000000000C9
:1057E00000000000000000000000000000000000B9
:1057F0000000000000000000000000001000000099
:105800000000000000000000000000000000000098
:1058100000000000000000000780003C000FF800BE
:105820001FF0000000000000000000000000100059
:105830000000000000000000000000000000000068
:10584000000000000000000000000780003C003F56
:10585000FE007FFC000000000000000000000000CF
:105860001000000007DBFDF631F6FF00000000002D
:105870000000000000000000000000000F80007C1D
:10588000007FFF00FFFE000000000000000000009D
:10589000000010000000060F6F863187CC0000006A
:1058A00000000000000000000000000000001F8059
:1058B00000FC00FFFF80FFFE000000000000000071
:1058C000000000001000000007CE61F631F7CC00A8
:1058D00000000000000000000000000000000000C8
:1058E0003F8001FC01FE3FC1FC7F00000000000082
:1058F00000000000000010000000060E61863187E5
:10590000CC000000000000000000000000000000CB
:105910000000FF8007FC01F80FC1F01F000000002D
:10592000000000000000000010000000061F6F864D
:105930003185CC00000000000000000000000000E5
:1059400000000001FF800FFC01F007C3E00F8000A2
:10595000000000000000000000001000000007DB55
:10596000FDF7BDF4CC0000000000000000000000C6
:10597000000000000007FF803FFC03E003C3E00FCE
:105980008000000000000000000000001000000087
:105990000000000000000000000000000000000007
:1059A0000000000000000007EF803F7C01E003E3FF
:1059B000E00F800000000000000000000000100068
:1059C00000000000000000000000000000000000D7
:1059D00000000000000000000007CF803E7C0000B7
:1059E00003C3C007800000000000000000000000AA
:1059F0001000000000000000000000000000000097
:105A00000000000000000000000000070F80387C4C
:105A1000000003C3C007C000000000000000000039
:105A20000000100000000000000000000000000066
:105A300000000000000000000000000000000F80D7
:105A4000007C000007C7C007C00000000000000085
:105A50000000000010000000000000000000000036
:105A60000000000000000000000000000000000036
:105A70000F80007C00000FC7C007C00000000000BE
:105A80000000000000001000000000000000000006
:105A90000000000000000000000000000000000006
:105AA00000000F80007C00000F87C007C0000000CE
:105AB00000000000000000001000000000000000D6
:105AC00000000000000000000000000000000000D6
:105AD000000000000F80007C00001F07C007C0000E
:105AE00000000000000000000000100000000000A6
:105AF00000000000000000000000000000000000A6
:105B00000000000000000F80007C00003F07C0077D
:105B1000C0000000000000000000000010000000B5
:105B20000000000000000000000000000000000075
:105B300000000000000000000F80007C0000FE0755
:105B4000C007C000000000000000000000001000BE
:105B50000000000000000000000000000000000045
:105B6000000000000000000000000F80007C000129
:105B7000FC07C007C000000000000000000000009B
:105B80001000000000000000000000000000000005
:105B90000000000000000000000000000F80007CFA
:105BA0000003F807C007C00000000000000000006C
:105BB00000001000000000000000000000000000D5
:105BC00000000000000000000000000000000F8046
:105BD000007C0007F003C007C000000000000000C8
:105BE00000000000100000000000000000000000A5
:105BF00000000000000000000000000000000000A5
:105C00000F80007C000FC003C00780000000000070
:105C10000000000000001000000000000000000074
:105C20000000000000000000000000000000000074
:105C300000000F80007C003F8003E00F8000000028
:105C40000000000000000000100000000000000044
:105C50000000000000000000000000000000000044
:105C6000000000000F80007C007F0003E00F800038
:105C70000000000000000000000010000000000014
:105C80000000000000000000000000000000000014
:105C90000000000000000F80007C00FE0003E00F09
:105CA0008000000000000000000000001000000064
:105CB00000000000000000000000000000000000E4
:105CC00000000000000000000F80007C00F80001D0
:105CD000F01F0000000000000000000000001000A5
:105CE00000000000000000000000000000000000B4
:105CF000000000000000000000000F80007C01F8A0
:105D00000001FC7F00000000000000000000000017
:105D10001FFFFFFFFFFFFFFFFFFFFFFFFFFFFF0072
:105D20000000000000000000000000000F80007C68
:105D300001FFFFE0FFFE0000000000000000000087
:105D400000001FFFFFFFFFFFFFFFFFFFFFFFFFFF41
:105D5000FF000000000000000000000000000F80B5
:105D6000007C03FFFFE0FFFE0000000000000000D9
:105D70000000000010000000000000000000000013
:105D80000000000000000000000000000000000013
:105D90000F80007C03FFFFE07FFC0000000000009C
:105DA00000000000000010000000000000000000E3
:105DB00000000000000000000000000000000000E3
:105DC00000000F80007C03FFFFE01FF000000000D8
:105DD00000000000000000001000000000000000B3
:105DE00000000000000000000000000000000000B3
:105DF00000000000000000000000000000000000A3
:105E00000000000000000000000010000000000082
:105E10000000000000000000000000000000000082
:105E20000000000000000000000000000000000072
:105E30000000000000000000000000001000000052
:105E40000000000000000000000000000000000052
:105E50000000000000000000000000000000000042
:105E6000000000FFDFC00000000000000000100084
:105E70000000000000000000000000000000000022
:105E80000000000000000000000000000000000012
:105E90000000000000FFFFC0000000000000000044
:105EA00010000000000000000000000000000000E2
:105EB00000000000000000000000000000000000E2
:105EC00000000000000000CE7AC0000000000000CA
:105ED00000001000000000000000000000000000B2
:105EE00000000000000000000000000000000000B2
:105EF000000000000000000000FFFAC000000000E9
:105F00000000000010000000000000000000000081
:105F10000000000000000000000000000000000081
:105F20000000000000000000000000FFDAC00000D8
:105F300000000000000010003C0000000000000015
:105F40000000000000000000000000000000000051
:105F500000000000000000000000000000C600007B
:105F6000000000000000000010006E0000000000B3
:105F70000000000000000000000000000000000021
:105F8000000000000000000000000000000000C64B
:105F9000000000000000000000001000C60000002B
:105FA00000000000000000000000000000000000F1
:105FB00000000000000000000000000000000000E1
:105FC0000000000000000000000000001000C200FF
:105FD00000000000000000000000000000000000C1
:105FE00000000000000000000000000000000000B1
:105FF0000000000000000000000000000000100091
:10600000DA000000000000000000000000000000B6
:106010000000000000000000000000000000000080
:106020000000000000000000000000000000000070
:106030001000DA0000000000000000000000000076
:106040000000000000000000000000000000000050
:106050000000000000000000000000000000000040
:1060600000001000DA000000000000000000000046
:106070000000000000000000000000000000000020
:106080000000000000000000000000000000000010
:10609000000000001000DA00000000000000000016
:1060A00000000000000000000000000000000000F0
:1060B00000000000000000000000000000000000E0
:1060C0000000000000001000DA00000000000000E6
:1060D00000000000000000000000000000000000C0
:1060E00000000000000000000000000000000000B0
:1060F00000000000000000001000DA0000000000B6
:10610000000000000000000000000000000000008F
:10611000000000000000000000000000000000007F
:10612000000000000000000000001000DA00000085
:10613000000000000000000000000000000000005F
:10614000000000000000000000000000000000004F
:1061500000000000000000000000000010019B0093
:10616000000000000000000000000000000000002F
:10617000000000000000000000000000000000001F
:1061800000000000000000000000000000001001FE
:1061900099800000000000000000000000000000E6
:1061A00000000000000000000000000000000000EF
:1061B00000000000000000000000000000000000DF
:1061C0001003188000000000000000000000000024
:1061D00000000000000000000000000000000000BF
:1061E00000000000000000000000000000000000AF
:1061F0000000100218C000000000000000000000B5
:10620000000000000000000000000000000000008E
:10621000000000000000000000000000000000007E
:1062200000000000100238C0000000000000000064
:10623000000000000000000000000000000000005E
:10624000000000000000000000000000000000004E
:1062500000000000000010023CC000000000000030
:10626000000000000000000000000000000000002E
:10627000000000000000000000000000000000001E
:106280000000000000000000100318C00000000023
:1062900000000000000000000000000000000000FE
:1062A00000000000000000000000000000000000EE
:1062B000000000000000000000001003018000004A
:1062C00000000000000000000000000000000000CE
:1062D00000000000000000000000000000000000BE
:1062E0000000000000000000000000001001C3805A
:1062F000000000000000000000000000000000009E
:10630000000000000000000000000000000000008D
:10631000000000000000000000000000000010006D
:10632000FE0000000000000000000000000000006F
:10633000000000000000000000000000000000005D
:10634000000000000000000000000000000000004D
:10635000100000000000000000000000000000002D
:10636000000000000000000000000000000000002D
:10637000000000000000000000000000000000001D
:1063800000001000000000000000000000000000FD
:1063900000000000000000000000000000000000FD
:1063A00000000000000000000000000000000000ED
:1063B00000000000100000000000000000000000CD
:1063C00000000000000000000000000000000000CD
:1063D00000000000000000000000000000000000BD
:1063E000000000000000100000000000000000009D
:1063F000000000000000000000000000000000009D
:10640000000000000000000000000000000000008C
:10641000000000000000000010000000000000006C
:10642000000000000000000000000000000000006C
:10643000000000000000000000000000000000005C
:10644000000000000000000000001000000000003C
:10645000000000000000000000000000000000003C
:10646000000000000000000000000000000000002C
:10647000000000000000000000000000100000000C
:10648000000000000000000000000000000000000C
:1064900000000000000000000000000000000000FC
:1064A00000000000000000000000000000001000DC
:1064B00000000000000000000000000000000000DC
:1064C00000000000000000000000000000000000CC
:1064D00000000000000000000000000000000000BC
:1064E000100000000000000000000003E0000000B9
:1064F000000000000000000000000000000000009C
:10650000000000000000000000000000000000008B
:106510000000100000000000000000000007600004
:10652000000000000000000000000000000000006B
:10653000000000000000000000000000000000005B
:106540000000000010000000000000000000000635
:10655000300000000000000000000000000000000B
:10656000000000000000000000000000000000002B
:10657000000000000000100000000000000000000B
:1065800000063000000000000000000000000000D5
:1065900000000000000000000000000000000000FB
:1065A00000000000000000001000000000000000DB
:1065B0000000000760000000000000000000000074
:1065C00000000000000000000000000000000000CB
:1065D00000000000000000000000100000000000AB
:1065E000000000000003E0000000000000000002C6
:1065F000000000000000000000000000000000009B
:10660000000000000000000000004000100000003A
:1066100000000000000000000FF00000000000007B
:106620000002000000000000000000000000000068
:10663000000000000000000000000000400010000A
:10664000000000000000000000000E00000000003C
:1066500063EF9F0200000000000000000000000047
:1066600000000000000000000000000000004000EA
:106670001000000000000000000000000E000000FC
:106680000000E76DDB820000000000000000000059
:1066900000000000000000000000000000000000FA
:1066A00040001000000000000000000000000E008C
:1066B00000000001E60CFB8200000000000000006A
:1066C00000000000000000000000000000000000CA
:1066D000000040001000000000000000000000006A
:1066E0000FE00000000167FCF182000000000000E4
:1066F000000000000000000000000000000000009A
:106700000000000040001000000000000000000039
:1067100000000E0000000000677CF1820000000015
:106720000000000000000000000000000000000069
:1067300000000000000040001000000001FE001FEB
:10674000E00000000E0000000000667CF182000006
:106750000000000000000000000000000000000039
:10676000000000000000000040001000000003FFD7
:10677000807FF80000000E0000000000667CF982B7
:106780000000000000000000000000000000000009
:1067900000000000000000000000400010000000A9
:1067A00007FFC0FFFC0000000E0000000000676D46
:1067B000DB8200000000000000000000000000007C
:1067C0000000000000000000000000004000100079
:1067D00000000FCFC0F8FC0000000E000000000019
:1067E00063EF9F02000000000000000000000000B6
:1067F0000000000000000000000000000000400059
:10680000100000000F03E1F03E0000000000000057
:106810000000000000020000000000000000000076
:106820000000000000000000000000000000000068
:106830004000100000001F01E1E01E000000000009
:106840000000000000000002000000000000000046
:106850000000000000000000000000000000000038
:1068600000004000100000001E01E1E01E000000DA
:106870000000000000000000000200000000000016
:106880000000000000000000000000000000000008
:10689000000000004000100000001E0001E01E008B
:1068A00000000000000000000000000200000000E6
:1068B00000000000000000000000000000000000D8
:1068C0000000000000004000100000003C0001F04B
:1068D0003E0007E000000000000000000002000091
:1068E00000000000000000000000000000000000A8
:1068F00000000000000000004000100000003CFE0E
:1069000000F87C000FF00000000000000000000212
:106910000000000000000000000000000000000077
:106920000000000000000000000040001000000017
:106930003DFF807FF8001E70000000000000000096
:106940000002000000000000000000000000000045
:1069500000000000000000000000000040001000E7
:1069600000003FFFC03FF0001C38000000000000A6
:106970000000000200000000000000000000000015
:1069800000000000000000000000000000004000C7
:10699000100000003FC7E0FFF800003800000000D2
:1069A00000000000000200000000000000000000E5
:1069B00000000000000000000000000000000000D7
:1069C0004000100000003F03E1F8FC0000F0000070
:1069D00000000000000000020000000000000000B5
:1069E00000000000000000000000000000000000A7
:1069F00000004000100000003E01E1F03E0003E016
:106A00000000000000000000000200000000000084
:106A10000000000000000000000000000000000076
:106A2000000000004000100000003E01F3E01E00E6
:106A300003F0000000000000000000020000000061
:106A40000000000000000000000000000000000046
:106A50000000000000004000100000003C00F3C0F7
:106A60001F0000780000000000000000000200008D
:106A70000000000000000000000000000000000016
:106A800000000000000000004000100000003C007A
:106A9000F3C00F00003800000000000000000002FA
:106AA00000000000000000000000000000000000E6
:106AB0000000000000000000000040001000000086
:106AC0003E00F3C00F00001C0000000000000000AA
:106AD00000020000000000000000000000000000B4
:106AE0000000000000000000000000004000100056
:106AF00000001E01F3C01F001C3800000000000051
:106B00000000000200000000000000000000000083
:106B10000000000000000000000000000000400035
:106B2000100000001E01E3E01E001E7800000000BF
:106B30000000000000020000000000000000000053
:106B40000000000000000000000000000000000045
:106B50004000100000001F03E1E03E038FF0000042
:106B60000000000000000002000000000000000023
:106B70000000000104000000000000000000000010
:106B800000004000100000000FC7C1FC7E0387E03A
:106B900000000000000000000002000000000000F3
:106BA00000000000000104000000000000000000E0
:106BB0000000000040001000000007FFC0FFFC00C4
:106BC00000000000000000000000000200000000C3
:106BD00000000000000000010400000000000000B0
:106BE00000000000000040001000000003FF807F54
:106BF000F80000000000000000000000000200009B
:106C0000000000000000000000010400000000007F
:106C1000000000000000000040001000000001FE25
:106C2000001FE00000000000000000000000000263
:106C3000000000000000000000000001040000004F
:106C400000000000000000000000400010000000F4
:106C50000000000000000000000000000000000034
:106C6000000200000000000000000000000104001D
:106C700000000000000000000000000040001000C4
:106C80000000000000000000000000000000000004
:106C900000000002000000000000000000000001F1
:106CA00004000000000000000000000000004000A0
:106CB00010000000000000000000000000000000C4
:106CC00000000000000200000000000000000000C2
:106CD00000010400000000000000000000000000AF
:106CE0004000100000000000000000000000000054
:106CF0000000000000000002000000000000000092
:106D0000000000010400000000000000000000007E
:106D10000000400010000000000000000000000023
:106D20000000000000000000000200000000000061
:106D3000000000000001040000000000000000004E
:106D400000000000400010000000000000000000F3
:106D50000000000000000000000000020000000031
:106D6000000000000000000104000000000000001E
:106D700000000000000040001000000000000000C3
:106D80000000000000000000000000000002000001
:106D900000000000000000000001040000000000EE
:106DA0000000000000000000400010000000000093
:106DB00000000000000000000000000000000002D1
:106DC00000000000000000000000000104000000BE
:106DD0000000000000000000000040001000000063
:106DE00000000000000000000000000000000000A3
:106DF000000200000000000000000000000104008C
:106E00000000000000000000000000004000100032
:106E10000000000000000000000000000000000072
:106E2000000000020000000000000000000000015F
:106E3000040002080000000000000000C200400042
:106E40001000000000000000000000000000000032
:106E50000000000000020000000000000000000030
:106E60000001040002080000000000000000C20051
:106E700040001000000000000000000000000000C2
:106E80000000000000000002000000000000000000
:106E900000000001040002080000000000000000E3
:106EA000C2004000100000000000000000000000D0
:106EB00000000000000000000002000000000000D0
:106EC00000000000000104000208000000000000B3
:106ED0000000C200400010000000000000000000A0
:106EE00000000000000000000000000200000000A0
:106EF0000000000000000001040002080000000083
:106F000000000000C200400010000000000000006F
:106F1000000000000000000000000000000200006F
:106F20000000000000000000000104000208000052
:106F3000000000000000C20040001000000000003F
:106F4000000000000000000000000000000000023F
:106F50000000000000000000000000010400020822
:106F60000000000000000000C2004000100000000F
:106F70000000000000000000000000000000000011
:106F800000020000000000000000000000010400FA
:106F900002080000000000000000C20040001000D5
:106FA00000000000000000000000000000000000E1
:106FB00000000002000000000000000000000001CE
:106FC000040002080000000000000000C2004000B1
:106FD00010000000000000000000000000000000A1
:106FE000000000000002000000000000000000009F
:106FF0000001040002080000000000000000C200C0
:107000004000100000000000000000000000000030
:10701000000000000000000200000000000000006E
:107020000000000104000208000000000000000051
:10703000C20040001000000000000000000000003E
:10704000000000000000000000020000000000003E
:1070500041000000000104000208000430000000AC
:107060000000C20040001FFFFFFFFFFFFFFFFFFF08
:10707000FFFFFFFFFF000000000000020000000013
:10708000000041000000000104000208000430007C
:1070900000000000C20040001000000000000000DE
:1070A00000000000000000000000000000020000DE
:1070B00000000000410000000001040082080004FC
:1070C000300000000010C20040001000000000006E
:1070D00000000000000000000000000000000002AE
:1070E00000000000000041000000000104008208D0
:1070F0000004300000000010C2004000100000003A
:10710000000000000000000000000000000000007F
:107110000002000000000000410000000001040027
:1071200082080004300000000010C200400010007F
:10713000000000000000000000000000000000004F
:1071400000000002000000000000410000000001FB
:10715000040082080004300000000010C20040005B
:10716000100000000000000000000000000000000F
:1071700000000000000200000000000041000000CC
:107180000001040082080004300000000010C2006A
:10719000400010000000000000000000000000009F
:1071A000000000000000000200000000020041009A
:1071B0000000080104008208600430000001001093
:1071C000C20840001000180000000000000000008D
:1071D00000000000000000000002000000000200AB
:1071E0004100000008010400820860043000000132
:1071F0000010C2084000100018000000000000004D
:10720000000000000000000000000002000000007C
:107210000200410000000801040082086004300000
:1072200000010010C208400010003C0000000000F7
:10723000000000000000000000000000000200004C
:107240000000020041000000080104008208600400
:10725000300000010010C20840001000360000009D
:10726000000000000000000000000000000000021C
:107270000000000002004100000008010400820834
:107280006004300000010010C208400010006600D9
:1072900000000000000000000000000000000000EE
:1072A000000200000000020041000000080104008C
:1072B00082086004300000010010C2084000100085
:1072C000C3000000000000000000000000000000FB
:1072D0000000000200000000020041000000080160
:1072E000040082086004300000010010C208400061
:1072F0001000C300000000000000000000000000BB
:107300000000000000020000000002004100000038
:107310000801040082086004300000010010C20867
:10732000400010018180000000000000000000000B
:107330000000000000000002000100000200410403
:107340000000080104308208600430800001001051
:10735000C208400010018080000000000000000012
:107360000000000000000000000200010030820860
:1073700041040082086104308208610430800861A1
:107380000410C2084000100300C00000000000000C
:1073900000000000000000000000000200010030BA
:1073A0008208410400820861043082086104308050
:1073B00008610410C20840001003004000000000F3
:1073C00000000000000000000000000000020001BA
:1073D00000308208410400820861043082086104A0
:1073E000308008610410C2084000100200600000F4
:1073F000000000000000000000000000000000028B
:1074000000010030820841040082086104308208D3
:107410006104308008610410C2084000100200605E
:10742000000000000000000000000000000000005C
:10743000000200010030820841040082086104302B
:1074400082086104308008610410C2084000100204
:1074500003600000000000000000000000000000C9
:10746000000000020001003082084104008208612F
:10747000043082086104308008610410C2084000B2
:107480001002076000000000000000000000000083
:1074900000000000000218410430820841043082DC
:1074A0000861043082086104308208610410C20857
:1074B0004000100304400000000000000000000035
:1074C000000000000000000218410430820841045E
:1074D000308208610430820861043082086104103F
:1074E000C2084000100381C000000000000000003E
:1074F0000000000000000000000218410430820873
:1075000041043082086104308208610430820861DD
:107510000410C20840001000FF000000000000003E
:1075200000000000000000000000000218410430CC
:10753000820841043082086104308208610430828C
:1075400008610410C20840001000000000000000A4
:1075500000000000000000000000000000021841D0
:1075600004308208410430820861043082086104DA
:10757000308208610410C2084000100000000000C2
:1075800000000000000000000000000000000002F9
:1075900018410430820841043082086104308208B6
:1075A0006104308208610410C2084000100000002D
:1075B00000000000000000000000000000000000CB
:1075C000000218410430820841043082086104300E
:1075D00082086104308208610410C2084000100073
:1075E000000000000000000000007CE0000000003F
:1075F0000000000218410430820841043082086112
:10760000043082086104308208610410C20840001E
:107610001000000000000000000000007CC000001E
:10762000000000000002184104308208410430824A
:107630000861043082086104308208610410C208C5
:1076400040001000000000000000000000006FC0BB
:1076500000000000019F3E021841043082084104EE
:1076600030820861043082086104308208610410AD
:10767000C2084000100000000000000000000000F0
:107680007D8000000000039BF60218410430820850
:10769000410430820861043082086104308208614C
:1076A0000410C208400010000000000000000000AC
:1076B00000007F00000000000799E6021841043036
:1076C00082084104308208610430820861043082FB
:1076D00008610410C20840001000000001FE007F95
:1076E000FE00000007F00000000007B9E7021841A3
:1076F0000430820841043082086104308208610449
:10770000308208610410C20840001000000007FF2A
:10771000007FFE00000007F8000000000FB9E7023C
:107720001841043082084104308208610430820824
:107730006104308208610410C2084000100000009B
:107740000FFF807FFE0000000FD8000000001DB971
:10775000E702184104308208410430820861043095
:1077600082086104308208610410C20840001000E1
:1077700000001FCFC0F8000000000DF8000000005E
:107780001FD9E602184104308208410430820861A2
:10779000043082086104308208610410C20840008D
:1077A000100000001F03E0F0000000001CF00000CB
:1077B0000000019BF6020000000000000000000035
:1077C00000000000000000000000000000000000B9
:1077D0004000100000003E01E0F00000000000004A
:1077E00000000000019F3E020000000000000000B9
:1077F0000000000000000000000000000000000089
:1078000000004000100000003E01E0F00000000019
:107810000000000000000000000200000000000066
:107820000000000000000000000000000000000058
:10783000000000004000100000003C01F0F00000DB
:107840000000000000000000000000020000000036
:107850000000000000000000000000000000000028
:107860000000000000004000100000003C01F1EFAB
:10787000E00000E000000000000000000003FFFF47
:10788000FFFFFFFFFFFFFFFFFFFFFFFFFFFFFFFF08
:10789000FFFFFFFFFFFFFFFFC000100000003C01E3
:1078A000F1FFF80001E0000000000000000000000F
:1078B00000000000000000000000000000000000C8
:1078C00000000000000000000000000010000000A8
:1078D0003C01F1FFFC0003E000000000000000009C
:1078E0000000000000000000000000000000000098
:1078F0000000000000000000000000000000100078
:1079000000003E01F1F87E000FE0000000000000E2
:107910000000000000000000000000000000000067
:107920000000000000000000000000000000000057
:10793000100000001F03F1E03E000EE00000000018
:107940000000000000000000000000000000000037
:107950000000000000000000000000000000000027
:107960000000100000001F8FF0001F000CE000005E
:107970000000000000000000000000000000000007
:1079800000000000000000000000000000000000F7
:1079900000000000100000000FFFF0000F0000E0EA
:1079A00000000000000000000000000000000000D7
:1079B00000000000000000000000000000000000C7
:1079C0000000000000001000000007FEF0000F00A3
:1079D00000E00000000000000000000000000000C7
:1079E0000000000000000000000000000000000097
:1079F00000000000000000001000000003FCF00088
:107A00000F0000E000000000000000000000000087
:107A10000000000000000000000000000000000066
:107A20000000000000000000000010000000000145
:107A3000F0000F0000E00000000000000000000067
:107A40000000000000000000000000000000000036
:107A50000000000000000000000000001000000016
:107A60000001E0000F0000E0000000000000000046
:107A70000000000000000000000000000000000006
:107A800000000000000000000000000000001000E6
:107A900000001E01E3C01F0000E000000000000025
:107AA00000000000000000000000000000000000D6
:107AB00000000000000000000000000000000000C6
:107AC000100000001E03E3E01E0000E000000000C4
:107AD00000000000000000000000000000000000A6
:107AE0000000000000000000000000000000000096
:107AF0000000100000001F03C1E03E0380E0000012
:107B00000000000000000000000000000000000075
:107B10000000000000000000000000000000000065
:107B200000000000100000001F8FC1F8FC0380E07F
:107B30000000000000000000000000000000000045
:107B40000000000000000000000000000000000035
:107B5000000000000000100000000FFF80FFFC008C
:107B60000000000000000000000000000000000015
:107B70000000000000000000000000000000000005
:107B800000000000000000001000000007FF007F60
:107B9000F8000000000000000000000000000000ED
:107BA00000000000000000000000000000000000D5
:107BB000000000000000000000001000000003FCB6
:107BC000003FE00000000000000000000000000096
:107BD00000000000000000000000000000000000A5
:107BE0000000000000000000000000001000000085
:107BF0000000000000000000000000000000000085
:107C00000000000000000000000000000000000074
:107C10000000000000000000000000000000100054
:107C20000000000000000000000000000000000054
:107C30000000000000000000000000000000000044
:107C40000000000000000000000000000000000034
:107C50001000000000000000000000000000000014
:107C60000000000000000000000000000000000014
:107C70000000000000000000000000000000000004
:107C800000001000000000000000000000000000E4
:107C900000000000000000000000000000000000E4
:107CA00000000000000000000000000000000000D4
:107CB00000000000100000000000000000000000B4
:107CC00000000000000000000000000000000000B4
:107CD00000000000000000000000000000000000A4
:107CE0000000000000001000000000000000000084
:107CF0000000000000000000000000000000000084
:107D00000000000000000000000000000000000073
:107D10000000000000000000100000000000000053
:107D20000000000000000000000000000000000053
:107D30000000000000000000000000000000000043
:107D40000000000000000000000010000000000023
:107D50000000000000000000000000000000000023
:107D60000000000000000000000000000000000013
:107D700000000000000000000000000010000000F3
:107D800000000000000000000000000000000000F3
:107D900000000000000000000000000000000000E3
:107DA00000000000000000000000000000001000C3
:107DB00000000000000000000000000000000000C3
:107DC00000000000000000000000000000000000B3
:107DD00000000000000000000000000000000000A3
:107DE0001000000000000000000000000000000083
:107DF0000000000000000000000000000000000083
:107E00000000000000000000000000000000000072
:107E10000000100000000000000000000000000052
:107E20000000000000000000000000000000000052
:107E30000000000000000000000000000000000042
:107E40000000000010000000000000000000000022
:107E50000000000000000000000000000000000022
:107E60000000000000000000000000000000000012
:107E700000000000000010000000000000000000F2
:107E800000000000000000000000000000000000F2
:107E900000000000000000000000000000000000E2
:107EA00000000000000000001000000000000000C2
:107EB00000000000000000000000000000000000C2
:107EC00000000000000000000000000000000000B2
:107ED0000000000000000000000010000000000092
:107EE0000000000000000000000000000000000092
:107EF0000000000000000000000000000000000082
:107F00000000000000000000000000001000000061
:107F10000000000000000000000000000000000061
:107F20000000000000000000000000000000000051
:107F30000000000000000000000000000000100031
:107F40000000000000000000000000000000000031
:107F50000000000000000000000000000000000021
:107F60000000000000000000000000000000000011
:107F700010000000000000000000000000000000F1
:107F800000000000000000000000000000000000F1
:107F900000000000000000000000000000000000E1
:107FA00000000000000000000000000000000000D1
:107FB00000000000000000000000000000000000C1
:107FC00000000000000000000000000000000000B1
:107FD00000000000000000000000000000000000A1
:107FE0000000000000000000000000000000000091
:107FF0000000000000000000000000000000000081
:108000000000000000000000000000000000000070
:108010000000000000000000000000000000000060
:108020000000000000000000000000000000000050
:108030000000000000000000000000000000000040
:108040000000000000000000000000000000000030
:108050000000000000000000000000000000000020
:108060000000000000000000000000000000000010
:108070000000000000000000000000000000000000
:1080800000000000000000000000000000000000F0
:1080900000000000000000000000000000000000E0
:1080A00000000000000000000000000000000000D0
:1080B00000000000000000000000000000000000C0
:1080C00000000000000000000000000000000000B0
:1080D00000000000000000000000000000000000A0
:1080E0000000000000000000000000000000000090
:1080F0000000000000000000000000000000000080
:10810000000000000000000000000000000000006F
:10811000000000000000000000000000000000005F
:10812000000000000000000000000000000000004F
:10813000000000000000000000000000000000003F
:10814000000000000000000000000000000000002F
:10815000000000000000000000000000000000001F
:10816000000000000000000000000000000000000F
:1081700000000000000000000000000000000000FF
:1081800000000000000000000000000000000000EF
:1081900000000000000000000000000000000000DF
:1081A00000000000000000000000000000000000CF
:1081B00000000000000000000000000000000000BF
:1081C00000000000000000000000000000000000AF
:1081D000000000000000000000000000000000009F
:1081E000000000000000000000000000000000008F
:1081F000000000000000000000000000000000007F
:10820000000000000000000000000000000000006E
:10821000000000000000000000000000000000005E
:10822000000000000000000000000000000000004E
:10823000000000000000000000000000000000003E
:10824000000000000000000000000000000000002E
:10825000000000000000000000000000000000001E
:10826000000000000000000000000000000000000E
:1082700000000000000000000000000000000000FE
:1082800000000000000000000000000000000000EE
:1082900000000000000000000000000000000000DE
:1082A00000000000000000000000000000000000CE
:1082B00000000000000000000000000000000000BE
:1082C00000000000000000000000000000000000AE
:1082D000000000000000000000000000000000009E
:1082E000000000000000000000000000000000008E
:1082F000000000000000000000000000000000007E
:10830000100000000000000000000000000000005D
:10831000000000000000000000000000000000005D
:108320000000000000000000000000000FFFF80047
:10833000000010000000000000000000000000002D
:10834000000000000000000000000000000000002D
:1083500000000000000000000000000000000C0011
:1083600008000000100000000021C0E3800E38F378
:10837000C071C0704000000000000000000000005C
:1083800000000000000000000000000000000000ED
:108390000DB6CA000001900000000062409240113A
:1083A000249240922089C0000000000000000000DC
:1083B00000000000000000000000000000000000BD
:1083C00000000DB6CA0000019000000000214832F4
:1083D000400104104082808840000000000000003E
:1083E000000000000000000000000000000000008D
:1083F000000000000DB6CA0000019000000000213E
:10840000C06040020410408340884000000000002B
:10841000000000000000000000000000000000005C
:108420000000000000000DB6CA0000099000000026
:1084300000222012400404208E822E88400000007A
:10844000000000000000000000000000000000002C
:1084500000000000000000000DB6CA0000099000F6
:10846000000000222112400824C30092208840000E
:1084700000000000000000000000000000000000FC
:10848000000000000000000000000DB6CA0000C996
:10849000900000000021C8E3C01F38F3C071C07015
:1084A000400000000000000000000000000000008C
:1084B0000000000000000000000000000C000800A8
:1084C00000C9900000000000000000000000000053
:1084D000000000000000000000000000000000009C
:1084E00000000000000000000000000000000FFF7E
:1084F000F80000C99000000000000000000000002B
:10850000000000000000000000000000000000006B
:10851000000000000000000000000000000000005B
:10852000000000000000000000000000000000004B
:10853000000000000000000000000000000000003B
:10854000000000000000000000000000000000002B
:10855000000000000000000000000000000000001B
:10856000000000000000000000000000000000000B
:1085700000000000000000000000000000000000FB
:1085800000000000000000000000000000000000EB
:1085900000000000000000000000000000000000DB
:1085A00000000000000000000000000000000000CB
:1085B00000000000000000000000000000000000BB
:1085C00000000000000000000000000000000000AB
:1085D000000000000000000000000000000000009B
:1085E000000000000000000000000000000000008B
:1085F000000000000000000000000000000000007B
:10860000000000000000000000000000000000006A
:10861000000000000000000000000000000000005A
:10862000000000FFFFFFFFFFFFFFFFFFFFFFFFFF57
:10863000FFFFFFFFFFFFFFFFFFFFFFFFFFFFFFFF4A
:10864000FFFFFFFFFFFFFFFFFFFFFFFFFFFFFFFF3A
:10865000FFFFFFFFFF00000000000000000000001F
:10866000000000000000000000000000000000000A
:1086700000000000000000002000000000000000DA
:1086800000000000000000000000000000000000EA
:1086900000000000000000000000000000000000DA
:1086A00000000000000000000000200000000000AA
:1086B00000000000000000000000000000000000BA
:1086C00000000000000000000000000000000000AA
:1086D000000000000000000000000000200000007A
:1086E000000000000000000000000000000000008A
:1086F000000000000000000000000000000000007A
:108700000000000000000000000000000000200049
:108710000000000000000000000000000000000059
:108720000000000000000000000000000000000049
:108730000000000000000000000000000000000039
:108740002000000000000000000000000000000009
:108750000000000000000000000000000000000019
:108760000000000000000000000000000000000009
:1087700000002000000000000000000000000000D9
:1087800000000000000000000000000000000000E9
:1087900000000000000000000000000000000000D9
:1087A00000000000200000000000000000000000A9
:1087B00000000000000000000000000000000000B9
:1087C00000000000000000000000000000000000A9
:1087D0000000000000002000000000000000000079
:1087E0000000000000000000000000000000000089
:1087F0000000000000000000000000000000000079
:108800000000000000000000200000000000000048
:108810000000000000000000000000000000000058
:108820000000000000000000000000000000000048
:108830000000000000000000000020000000000018
:108840000000000000000000000000000000000028
:108850000000000000000000000000000000000018
:1088600000000000000000000000000020000000E8
:1088700000000000000000000000000000000000F8
:1088800000000000000000000000000000000000E8
:1088900000000000000000000000000000002000B8
:1088A00000000000000000000000000000000000C8
:1088B00000000000000000000000000000000000B8
:1088C00000000000000000000000000000000000A8
:1088D0002000000000000000000000000000000078
:1088E0000000000000000000000000000000000088
:1088F0000000000000000000000000000000000078
:108900000000200000000000000000000000000047
:108910000000000000000000000000000000000057
:108920000000000000000000000000000000000047
:108930000000000020000000000000000000000017
:108940000000000000000000000000000000000027
:108950000000000000000000000000000000000017
:1089600000000000000020000000000000000000E7
:1089700000000000000000000000000000000000F7
:1089800000000000000000000000000000000000E7
:1089900000000000000000002000000000000000B7
:1089A00000000000000000000000000000000000C7
:1089B00000000000000000000000000000000000B7
:1089C0000000000000000000000020000000000087
:1089D0000000000000000000000000000000000097
:1089E0000000000000000000000000000000000087
:1089F0000000000000000000000000002000000057
:108A000000FFFFFFFFFFE00000000000000000008B
:108A10000000000000000000000000000000000056
:108A20000000000000000000000000000000200026
:108A3000000000FFFFFFFFFFE0000000000000005B
:108A40000000000000000000000000000000000026
:108A50000000000000000000000000000000000016
:108A60002000000000FFFFFFFFFFE000000000000B
:108A7000000000000000000180001800000000005D
:108A800000000000000000000000000000000000E6
:108A900000002000000000C000000000E000000016
:108AA00000000000000000000002C0003C000000C8
:108AB00000000000000000000000000000000000B6
:108AC000000000002000000000C000000000E000E6
:108AD00000000000000000000000000460007E00B4
:108AE0000000000000000000000000000000000086
:108AF0000000000000002000000000C00000000096
:108B0000E0000000000000003C01E000000930002F
:108B1000F70000000000000000000000000000005E
:108B200000000000000000002000000000C0000065
:108B30000000E000000000000000FF07F800001146
:108B40001801F78000000000000000000000000095
:108B5000000000000000000000002000000000C035
:108B600000000000E000000000000001C18E0C00C9
:108B700000210C03F7C0000000000000000000000E
:108B800000000000000000000000000020000000C5
:108B900000C000000000E000000000000001818C27
:108BA000060000410607F7E000000000000000009A
:108BB0000000000000000000000000000000200095
:108BC000000000C000000000E00000000000000104
:108BD000001806000081030FF7F0000000000000FD
:108BE0000000000000000000000000000000000085
:108BF0002000000000C000000000E00000000000B5
:108C00000003001802000101010FF7F80000000046
:108C10000000000000000000000000000000000054
:108C200000002000000000C01E000F00E000000057
:108C3000000000030018020000810207F7F00000A6
:108C40000000000000000000000000000000000024
:108C5000000000002000000000C01E000F00E00027
:108C60000000000000030018027C00410403F7E04C
:108C700000000000000000000000000000000000F4
:108C80000000000000002000000000C01E000F00D7
:108C9000E0000000000000030018020400200801AA
:108CA000FFC0000000000000000000000000000005
:108CB00000000000000000002000000000C01E00B6
:108CC0000F00E00000000000000100C8060C0011C9
:108CD0001000F7800000000000000000000000000D
:108CE000000000000000000000002000000000C0A4
:108CF0001E000F00E000000000000001818C06183B
:108D000000092000770000000000000000000000C3
:108D10000000000000000000000000002000000033
:108D200000C01E000F00E000000000000000C3862D
:108D30000C30000440003E00000000000000000075
:108D40000000000000000000000000000000200003
:108D5000000000C01E000F00E00000000000000046
:108D60007F03F87C000280001C000000000000006F
:108D700000000000000000000000000000000000F3
:108D80002000000000C01E000F00E00000000000F6
:108D900000001800C00000010000080000000000F2
:108DA00000000000000000000000000000000000C3
:108DB00000002000000000C01E000F00E0000000C6
:108DC00000000000000000000000000000000000A3
:108DD0000000000000000000000000000000000093
:108DE000000000002000000000C000000000E000C3
:108DF0000000000000000000000000000000000073
:108E00000000000000000000000000000000000062
:108E10000000000000002000000000C00000000072
:108E2000E000000000000000000000000000000062
:108E30000000000000000000000000000000000032
:108E400000000000000000002000000000C0000042
:108E50000000E00000000000000000000000000032
:108E60000000000000000000000000000000000002
:108E7000000000000000000000002000000000C012
:108E800000000000E0000000000000000000000002
:108E900000000000000000000000000000000000D2
:108EA00000000000000000000000000020000000A2
:108EB00000C000000000E000000000000000000012
:108EC00000000000000000000000000000000000A2
:108ED0000000000000000000000000000000200072
:108EE000000000C000000000E000000000000000E2
:108EF0000000000000000000000000000000000072
:108F00000000000000000000000000000000000061
:108F10002000000000C000000000E0000000000091
:108F20000000000000000000000000000000000041
:108F30000000000000000000000000000000000031
:108F400000002000000000C000000000E000000061
:108F50000000000000000000000000000000000011
:108F60000000000000000000000000000000000001
:108F7000000000002000000000C004000800E00025
:108F800000000000000000000000000000000000E1
:108F900000000000000000000000000000000000D1
:108FA0000000000000002000000000C007001800C2
:108FB000E0000000000000000000000000000000D1
:108FC00000000000000000000000000000000000A1
:108FD00000000000000000002000000000C00F8022
:108FE0007C00E00000000000000000000000000025
:108FF0000000000000000000000000000000000071
:10900000000000000000000000002000000000C080
:109010000FE0FC00E0000000000000000000000085
:109020000000000000000000000000000000000040
:109030000000000000000000000000002000000010
:1090400000C003F3F000E00000000000000000009A
:109050000000000000000000000000000000000010
:1090600000000000000000000000000000002000E0
:10907000000000C001FFE000E00000000000000070
:1090800000000000000000000000000000000000E0
:1090900000000000000000000000000000000000D0
:1090A0002000000000C0007F8000E0000000000001
:1090B00000000000000000000000000000000000B0
:1090C00000000000000000000000000000000000A0
:1090D00000002000000000C0003F0000E000000091
:1090E0000000000000000000000000000000000080
:1090F0000000000000000000000000000000000070
:10910000000000002000000000C0000C0000E00093
:10911000000000000000000000000000000000004F
:10912000000000000000000000000000000000003F
:109130000000000000002000000000C0000000004F
:10914000E00000000000000000000000000000003F
:10915000000000000000000000000000000000000F
:1091600000000000000000002000000000C000001F
:109170000000E0000000000000000000000000000F
:1091800000000000000000000000000000000000DF
:10919000000000000000000000002000000000C0EF
:1091A00000000000E00000000000000000000000DF
:1091B00000000000000000000000000000000000AF
:1091C000000000000000000000000000200000007F
:1091D00000C000000000E0000000000000000000EF
:1091E000000000000000000000000000000000007F
:1091F000000000000000000000000000000020004F
:10920000000000FFFFFFFFFFE00000000000000083
:10921000000000000000000000000000000000004E
:10922000000000000000000000000000000000003E
:109230002000000000FFFFFFFFFFE0000000000033
:10924000000000000000000000000000000000001E
:10925000000000000000000000000000000000000E
:1092600000002000000000FFFFFFFFFFE000000003
:1092700000000000000000000000000000000000EE
:1092800000000000000000000000000000000000DE
:1092900000000000200000000000000000000000AE
:1092A00000000000000000000000000000000000BE
:1092B00000000000000000000000000000000000AE
:1092C000000000000000200000000000000000007E
:1092D000000000000000000000000000000000008E
:1092E000000000000000000000000000000000007E
:1092F000000000000000000020000000000000004E
:10930000000000000000000000000000000000005D
:10931000000000000000000000000000000000004D
:10932000000000000000000000002000000000001D
:10933000000000000000000000000000000000002D
:10934000000000000000000000000000000000001D
:1093500000000000000000000000000020000000ED
:1093600000000000000000000000000000000000FD
:1093700000000000000000000000000000000000ED
:1093800000000000000000000000000000002000BD
:1093900000000000000000000000000000000000CD
:1093A00000000000000000000000000000000000BD
:1093B00000000000000000000000000000000000AD
:1093C000200000000000000000000000000000007D
:1093D000000000000000000000000000000000008D
:1093E000000000000000000000000000000000007D
:1093F000000020000000000000000000000000004D
:10940000000000000000000000000000000000005C
:10941000000000000000000000000000000000004C
:10942000000000002000000000000000000000001C
:10943000000000000000000000000000000000002C
:10944000030000300007C00007800000000000009B
:1094500000000000000020000003F623C7C820FC25
:1094600089F800000000000000000000000000007B
:10947000000007000070003FF8003FF0000000000F
:109480000000000000000000200000020246640806
:109490002080884000000000000000000000000064
:1094A000000000000F000070007FFC007FF800004B
:1094B0000000000000000000000020000002018405
:1094C0000408208048400000000000000000000068
:1094D0000000000000001F0000F000FE7E00FCFC09
:1094E0000000000000000000000000002000000359
:1094F000E08407C820F828400000000000000000B9
:1095000000000000000000003F0001F001F01F011A
:10951000F03C0000000000000000000000002000FF
:1095200000020184040820802840000000000000A0
:10953000000000000000000000007F0007F001E0D4
:109540000F81E01E0000000000000000000000008D
:10955000200000020244240820801840000000007F
:10956000000000000000000000000001FF000FF0FC
:1095700003C00783C01E00000000000000000000C0
:10958000000020000003F623C7CFBEFC0840000007
:109590000000000000000000000000000003FF00C9
:1095A0003F7003C00783C00F0000000000000000F0
:1095B000000000002000000000000000000000008B
:1095C0000000000000000000000000000000000794
:1095D000CF007E7003C00783C00F000000000000B2
:1095E000000000000000200000000000000000005B
:1095F000000000000000000000000000000000006B
:1096000000078F00787000000787800F00000000BF
:10961000000000000000000020000000000000002A
:10962000000000000000000000000000000000003A
:10963000000000060F007070000007878007000020
:1096400000000000000000000000200000000000FA
:10965000000000000000000000000000000000000A
:109660000000000000000F00007000000787800766
:1096700000000000000000000000000020000000CA
:1096800000000000000000000000000000000000DA
:1096900000000000000000000F00007000000F0735
:1096A0008007800000000000000000000000200093
:1096B00000000000000000000000000000000000AA
:1096C000000000000000000000000F00007000001B
:1096D0001F0780078000000000000000000000005D
:1096E000200000000000000000000000000000005A
:1096F0000000000000000000000000000F000070EB
:1097000000003E078007800000000000000000000D
:109710000000200000000000000000000000000029
:1097200000000000000000000000000000000F002A
:10973000007000007C07800780000000000000002F
:1097400000000000200000000000000000000000F9
:109750000000000000000000000000000000000009
:109760000F0000700000F807800780000000000074
:1097700000000000000020000000000000000000C9
:1097800000000000000000000000000000000000D9
:1097900000000F0000700001F0078007800000004B
:1097A0000000000000000000200000000000000099
:1097B00000000000000000000000000000000000A9
:1097C000000000000F0000700003E0078007800029
:1097D0000000000000000000000020000000000069
:1097E0000000000000000000000000000000000079
:1097F0000000000000000F0000700007C007800795
:109800000000000000000000000000002000000038
:109810000000000000000000000000000000000048
:1098200000000000000000000F000070000F800723
:109830008007000000000000000000000000200081
:109840000000000000000000000000000000000018
:10985000000000000000000000000F000070001F6A
:109860000007800F00000000000000000000000062
:1098700020000000000000000000000000000000C8
:109880000000000000000000000000000F00007059
:10989000007E0003800F00000000000000000000B8
:1098A0000000200000000000000000000000000098
:1098B00000000000000000000000000000000F0099
:1098C000007000FC0003C00F00000000000000005A
:1098D0000000000020000000000000000000000068
:1098E0000000000000000000000000000000000078
:1098F0000F00007000F00003C00E00000000000028
:109900000000000000002000000000000000000037
:109910000000000000000000000000000000000047
:1099200000000F00007001F00001E01E00000000C8
:109930000000000000000000200000000000000007
:109940000000000000000000000000000000000017
:10995000000000000F00007003E00001F03E000076
:10996000000000000000000000003FFFFFFFFFFFBD
:10997000FFFFFFFFFFFFFFFFFF00000000000000F0
:109980000000000000000F00007003FFFF80F87C63
:1099900000000000000000000000000020000000A7
:1099A00000000000000000000000000000000000B7
:1099B00000000000000000000F00007007FFFF80A3
:1099C000FFF8000000000000000000000000200080
:1099D0000000000000000000000000000000000087
:1099E000000000000000000000000F00007007FFF2
:1099F000FF803FF0000000000000000000000000B9
:109A00002000000000000000000000000000000036
:109A10000000000000000000000000000000000046
:109A2000000000000FC00000000000000000000067
:109A30000000200000000000000000000000000006
:109A40000000000000000000000000000000000016
:109A50000000000000000000000000000000000006
:109A600000000000200000000000000000000000D6
:109A700000000000000000000000000000000000E6
:109A800000000000000000000000000000000000D6
:109A900000000000000020000000000000000000A6
:109AA00000000000000000000000000000000000B6
:109AB00000000000000000000000000000E7BF0000
:109AC0000000000000000000200000000000000076
:109AD0000000000000000000000000000000000086
:109AE00000000000000000000000000000000094E2
:109AF000A480000000000000000020000000000022
:109B00000000000000000000000000000000000055
:109B10000000000000000000000000000000000045
:109B200000942480000000000000000020000000DD
:109B30000000000000000000000000000000000025
:109B40000000000000000000000000000000000015
:109B500000000094A480000000000000000020002D
:109B600000000000000000000000000000000000F5
:109B700000000000000000000000000000000000E5
:109B80000000000000E7248000000000000000004A
:109B90002000700000000000000000000000000035
:109BA00000000000000000000000000000000000B5
:109BB0000000000000000084000000000000000021
:109BC00000002000D800000000000000000000009D
:109BD0000000000000000000000000000000000085
:109BE00000000000000000000084000000000000F1
:109BF0000000000020018C000000000000000000B8
:109C00000000000000000000000000000000000054
:109C10000000000000000000000000000000000044
:109C2000000000000000200104000000000000000F
:109C30000000000000000000000000000000000024
:109C40000000000000000000000000000000000014
:109C500000000000000000002001240000000000BF
:109C600000000000000000000000000000000000F4
:109C700000000000000000000000000000000000E4
:109C8000000000000000000000002001240000008F
:109C900000000000000000000000000000000000C4
:109CA00000000000000000000000000000000000B4
:109CB000000000000000000000000000200124005F
:109CC0000000000000000000000000000000000094
:109CD0000000000000000000000000000000000084
:109CE0000000000000000000000000000000200153
:109CF0002400000000000000000000000000000040
:109D00000000000000000000000000000000000053
:109D10000000000000000000000000000000000043
:109D200020012400000000000000000000000000EE
:109D30000000000000000000000000000000000023
:109D40000000000000000000000000000000000013
:109D500000002001240000000000000000000000BE
:109D600000000000000000000000000000000000F3
:109D700000000000000000000000000000000000E3
:109D8000000000002002220000000000000000008F
:109D900000000000000000000000000000000000C3
:109DA00000000000000000000000000000000000B3
:109DB000000000000000200223000000000000005E
:109DC0000000000000000000000000000000000093
:109DD0000000000000000000000000000000000083
:109DE00000000000000000002004710000000000DE
:109DF0000000000000000000000000000000000063
:109E00000000000000000000000000000000000052
:109E100000000000000000000000200471000000AD
:109E20000000000000000000000000000000000032
:109E30000000000000000000000000000000000022
:109E400000000000000000000000000020022200CE
:109E50000000000000000000000000000000000002
:109E600000000000000000000000000000000000F2
:109E700000000000000000000000000000002002C0
:109E800002000000000000000000000000000000D0
:109E900000000000000000000000000000000000C2
:109EA00000000000000000000000000000000000B2
:109EB00020018C00000000000000000000000000F5
:109EC0000000000000000000000000000000000092
:109ED0000000000000000000000000000000000082
:109EE00000002000F800000000000000000000005A
:109EF0000000000000000000000000000000000062
:109F00000000000000000000000000000000000051
:109F10000000000020000000000000000000000021
:109F20000000000000000000000000000000000031
:109F30000000000000000000000000000000000021
:109F400000000000000020000000000000000000F1
:109F50000000000000000000000000000000000001
:109F600000000000000000000000000000000000F1
:109F700000000000000000002000000000000000C1
:109F800000000000000000000000000000000000D1
:109F900000000000000000000000000000000000C1
:109FA0000000000000000000000020000000000091
:109FB00000000000000000000000000000000000A1
:109FC0000000000000000000000000000000000091
:109FD0000000000000000000000000002000000061
:109FE0000000000000000000000000000000000071
:109FF0000000000000000000000000000000000061
:10A000000000000000000000000000000000200030
:10A010000000000000000000000000000000000040
:10A020000000000000000000000000000000000030
:10A030000000000000000000000000000000000020
:10A0400020000000000000000000000000000000F0
:10A050000000000000000000000000000000000000
:10A0600000000000000000000000000000000000F0
:10A0700000002000000000000000000000000000C0
:10A0800000000000000000000000000000000000D0
:10A0900000000000000000000000000000000000C0
:10A0A0000000000020000000000000000000000090
:10A0B00000000000000000000000000000000000A0
:10A0C0000000000000000000000000000000000090
:10A0D0000000000000002000000000000000000060
:10A0E0000000000000000000000000000000000070
:10A0F0000000000000000000000000000000000060
:10A10000000000000000000020000000000000002F
:10A11000000000000000000000000000000000003F
:10A12000000000000000000000000000000000002F
:10A1300000000000000000000000200000000000FF
:10A14000000000000000000000000000000000000F
:10A1500000000000000000000000000000000000FF
:10A1600000000000000000000000000020000000CF
:10A1700000000000000000000000000000000000DF
:10A1800000000000000000000000000000000000CF
:10A19000000000000000000000000000000020009F
:10A1A00000000000000000000000000000000000AF
:10A1B000000000000000000000000000000000009F
:10A1C000000000000000000000000000000000008F
:10A1D000200000000000000000000000000000005F
:10A1E000000000000000000000000000000000006F
:10A1F000000000000000000000000000000000005F
:10A2000000002000000000000000000000004000EE
:10A21000000000000000000000000000000000003E
:10A22000000000000000000000000000000000002E
:10A2300000000000200000000000000000000001FD
:10A24000000000000000000000000000000000000E
:10A2500000000000000000000000000000000000FE
:10A2600000000008000020000000000000000000C6
:10A27000000040000000000000000000000000009E
:10A2800000000000000000000000000000000000CE
:10A290000000000000080000200000000000000096
:10A2A000000000001F80000000000000000000000F
:10A2B000000000000000000000000000000000009E
:10A2C0000000000000000008000020000000000066
:10A2D00000000000000018000000000008C420007A
:10A2E000000000000000000000000000000000006E
:10A2F0000000000000000000000800002000000036
:10A3000000000000000000001800000000001929F3
:10A3100048000000000000000000000000000000F5
:10A320000000000000000000000000080000200005
:10A330000000000000000000000018000000000005
:10A340002809480000000000000000000000000094
:10A3500000000000000000000000000000080000F5
:10A360002000000001FC001FC00000001F80000052
:10A3700000000921080000000000000000000000AB
:10A3800000000000000000000000000000000008C5
:10A3900000002000000003FF007FE0000000180024
:10A3A000000000000821480000000000000000003C
:10A3B000000000000000000000000000000000009D
:10A3C000000800002000000007FF80FFF0000000F0
:10A3D00018000000000009294800000000000000EB
:10A3E000000000000000000000000000000000006D
:10A3F000000000080000200000000F0781F0780036
:10A40000000018000000000008CE3000000000002E
:10A41000000000000000000000000000000000003C
:10A420000000000000080000200000001E03C1E042
:10A4300038000000180000000000000000000000CC
:10A44000000000000000000000000000000000000C
:10A4500000000000000000080000200000001C01B7
:10A46000C1C03C000000000000000000000000002F
:10A4700000000000000000000000000000000000DC
:10A4800000000000000000000008000020000000A4
:10A490003C01C1C03C0000000000000000000000C2
:10A4A00000000000000000000000000000000000AC
:10A4B0000000000000000000000000080000200074
:10A4C0000000380001C03C00000000000000000057
:10A4D000000000000000000000000000000000007C
:10A4E0000000000000000000000000000008000064
:10A4F00020000000380001E038000F80000000005C
:10A50000000000000000000000000000000000004B
:10A510000000000000000000000000000000000833
:10A52000000020000000387800F078001CC0000017
:10A53000000000000000000000000000000000001B
:10A54000000000000000000000000000000000000B
:10A55000000800002000000039FE007FF0001860B5
:10A5600000000000000000000000000000000000EB
:10A5700000000000000000000000000000000000DB
:10A58000000000080000200000003BFF003FC0006A
:10A59000306000000000000000000000000000002B
:10A5A00000000000000000000000000000000000AB
:10A5B0000000000000080000200000003F8F807FA6
:10A5C000F00000600000000000000000000000003B
:10A5D000000000000000000000000000000000007B
:10A5E00000000000000000080000200000003E0302
:10A5F000C1F8F80000E000000000000000000000CA
:10A60000000000000000000000000000000000004A
:10A610000000000000000000000800002000000012
:10A620003C01C1E03C00038000000000000000008D
:10A63000000000000000000000000000000000001A
:10A6400000000000000000000000000800002000E2
:10A6500000003C01C3C01C0000E00000000000003E
:10A6600000000000000000000000000000000000EA
:10A6700000000000000000000000000000080000D2
:10A68000200000003801E3801E0000700000000080
:10A6900000000000000000000000000000000000BA
:10A6A00000000000000000000000000000000008A2
:10A6B0000000200000003801E3801E000030000090
:10A6C000000000000000000000000000000000008A
:10A6D000000000000000000000000000000000007A
:10A6E00000080000200000003801E3800E00003068
:10A6F000000000000000000000000000000000005A
:10A700000000000000000000000000000000000049
:10A71000000000080000200000003C01C3801E0073
:10A7200030300000000000000000000000000000C9
:10A730000000000000000000000000000000000019
:10A740000000000000080000200000003C01C3C021
:10A750001E00186000000000000000000000000063
:10A7600000000000000000000000000000000000E9
:10A7700000000000000000080000200000001E0390
:10A78000C3C03C061FE00000000000000000000005
:10A790000000000000000000000000318000000008
:10A7A0000000000000000000000800002000000081
:10A7B0001F0781E07C060F80000000000000000001
:10A7C00000000000000000000000000000318000D8
:10A7D0000000000000000000000000080000200051
:10A7E00000000FFF80FFF8000000000000000000E4
:10A7F0000000000000000000000000000000003128
:10A8000080000000000000000000000000080000C0
:10A810002000000007FF007FF000000000000000A3
:10A820000000000000000000000000000000000028
:10A83000003180000000000000000000000000085F
:10A8400000002000000001FC003FE00000000000CC
:10A8500000000000000000000000000000000000F8
:10A860000000003180000000000000000000000037
:10A8700000080000200000000000000000000000B0
:10A8800000000000000000000000000000000000C8
:10A890000000000000318000000000000000000007
:10A8A0000000000800002000000000000000000080
:10A8B0000000000000000000000000000000000098
:10A8C00000000000000000318000000000000000D7
:10A8D0000000000000080000200000000000000050
:10A8E0000000000000000000000000000000000068
:10A8F00000000000000000000031800000000000A7
:10A90000000000000000000800002000000000001F
:10A910000000000000000000000000000000000037
:10A920000000000000000000000000318000000076
:10A9300000000000000000000008000020000000EF
:10A940000000000000000000000000000000000007
:10A950000000000000000000000000000031800046
:10A9600000000000000000000000000800002000BF
:10A9700000000000000000000000000000000000D7
:10A980000000000000000000000000000000003196
:10A99000800000000000000000000000000800002F
:10A9A0002000000000000000000000000000000087
:10A9B0000000000000000000000000000000000097
:10A9C00000318000000000000000000000000008CE
:10A9D0000000200000000000000000000000000057
:10A9E0000000000000000000000000000000000067
:10A9F00000000031800000000000000000000000A6
:10AA0000000800002000000000000000000000001E
:10AA10000000000000000000000000000000000036
:10AA20000000000000318000000000000000000075
:10AA300000000008000020000000000000000000EE
:10AA40000000000000000000000000000000000006
:10AA500000000000000000318000630000000000E2
:10AA60000000001860080000200000000000000046
:10AA700000000000000000000000000000000000D6
:10AA800000000000000000000031800063000000B2
:10AA90000000000000186008000020000000000016
:10AAA00000000000000000000000000000000000A6
:10AAB0000000000000000000000000318000630082
:10AAC00000000000000000186008000020000000E6
:10AAD0000000000000000000000000000000000076
:10AAE00000000000000000000000000000318000B5
:10AAF0006300000000000000001860080000200053
:10AB00000000000000000000000000000000000045
:10AB10000000000000000000000000000000003104
:10AB200080006300000000000000001860080000C2
:10AB300020000000000000000000000000000000F5
:10AB40000000000000000000000000000000000005
:10AB50000031800063000000000000000018600861
:10AB600000002000000000000000000000000000C5
:10AB700000000000000000000000000000000000D5
:10AB80000000003180006300000000000000001899
:10AB9000600800002000000000000000000000002D
:10ABA00000000000000000000000000000000000A5
:10ABB0000000000000318000630000000000000081
:10ABC00000186008000020000000000000000000E5
:10ABD0000000000000000000000000000000000075
:10ABE0000000000000000031800063000000000051
:10ABF00000000018600800002000000000000000B5
:10AC00000000000000000000000000000000000044
:10AC10000000000000000000003180006300000020
:10AC20000000000000186008000020000000000084
:10AC30000000000000000000000000000000000014
:10AC400000000000000000000000003180006300F0
:10AC50000000000000000018600800002000000054
:10AC600000000000000000000000000000000000E4
:10AC7000000000000000000C3000000000318000E7
:10AC800063000186000000000018600800003FFF1C
:10AC9000FFFFFFFFFFFFFFFFFFFFFFFFFF000000C1
:10ACA0000000000000000000000C30000000003137
:10ACB000801863000186000000000618600800008C
:10ACC0002000000000000000000000000000000064
:10ACD00000000000000000000000000C3000000038
:10ACE000003180186300018600000000061860082B
:10ACF0000000200000000000000000000000000034
:10AD0000000000000000000000000000000C300007
:10AD10000000003180186300018600000000061862
:10AD2000600800002000000000000000000000009B
:10AD30000000000000000000000000000000000C07
:10AD40003000000000318018630001860000000020
:10AD5000061860080000200000000000000000004D
:10AD600000000000000000000000000000000000E3
:10AD7000000C3000000000318018630001860000E4
:10AD8000000006186008000020000000000000001D
:10AD900000000000000000000000000000000000B3
:10ADA0000000000C300000000031801863000186B4
:10ADB00000000000061860080000200000000000ED
:10ADC0000000000000000000000000000000000083
:10ADD00000000000C00C3000000300318018630C3C
:10ADE0000186000000300618630800002000000003
:10ADF0000000000000000000000000000000000053
:10AE0000000000000000C00C30000003003180187A
:10AE1000630C018600000030061863080000200063
:10AE20000000000000000000000000000000000022
:10AE30000000000000000000C00C300000030031E2
:10AE40008018630C018600000030061863080000BB
:10AE500020000000000000000000000000000000D2
:10AE600000000000000000000000C00C30000003E3
:10AE700000318018630C018600000030061863085A
:10AE80000000200020000000000000000000000082
:10AE9000000000000000000000000000C00C3000B6
:10AEA000000300318018630C018600000030061892
:10AEB0006308000020007000000000000000000097
:10AEC0000000000000000000000000000000C00CB6
:10AED0003000000300318018630C01860000003050
:10AEE0000618630800002000500000000000000069
:10AEF0000000000000000000000000000000000052
:10AF0000C00C3000000300318018630C0186000083
:10AF100000300618630800002000880000000000D0
:10AF20000000000000000000000000000000000021
:10AF30000000C00C3000000300318018630C018653
:10AF4000000000300618630800002001880000009F
:10AF500000000000000000000000000000000000F1
:10AF600000300000C00C3180000300318618630CF3
:10AF70000186180000300618630800002001040054
:10AF800000000000000000000000000000000000C1
:10AF9000000000300618C30C318018430C318618AD
:10AFA000630C318618030C318618630800002002F8
:10AFB000060000000000000000000000000000008B
:10AFC0000000000000300618C30C318018430C311B
:10AFD0008618630C318618030C318618630800004C
:10AFE000200202000000000000000000000000003D
:10AFF00000000000000000300618C30C3180184328
:10B000000C318618630C318618030C3186186308DE
:10B01000000020020200000000000000000000000C
:10B02000000000000000000000300618C30C318052
:10B0300018430C318618630C318618030C318618BE
:10B040006308000020040100000000000000000070
:10B050000000000000000000000000300618C30CD3
:10B06000318018430C318618630C318618030C317B
:10B07000861863080000200405000000000000009E
:10B080000000000000000000000000000030061872
:10B09000C30C318018430C318618630C31861803B9
:10B0A0000C3186186308000020040D000000000029
:10B0B00000000000000000000000000000030C3150
:10B0C0008618C30C318618430C318618630C318600
:10B0D00018630C3186186308000020041900000072
:10B0E000000000000000000000000000000000035D
:10B0F0000C318618C30C318618430C318618630C4A
:10B10000318618630C31861863080000200306009E
:10B11000000000000000000000000000000000002F
:10B1200000030C318618C30C318618430C31861885
:10B13000630C318618630C31861863080000200008
:10B14000F800000000000000000000000000000007
:10B15000000000030C318618C30C318618430C31F3
:10B160008618630C318618630C318618630800005A
:10B1700020000000000000000000000000000000AF
:10B180000000000000030C318618C30C3186184300
:10B190000C318618630C318618630C3186186308ED
:10B1A000000020000000000000000000000000007F
:10B1B00000000000000000030C318618C30C31862B
:10B1C00018430C318618630C318618630C318618CD
:10B1D00063080000200000000000000000000000E4
:10B1E000000000000000000000030C318618C30CB2
:10B1F000318618430C318618630C318618630C3184
:10B200008618630800002000000000000000000015
:10B210000000000000000000000000030C31861850
:10B22000C30C318618430C318618630C31861863C1
:10B230000C318618630800002000000000000000A8
:10B2400000000000000000000000000000030C31BE
:10B250008618C30C318618430C318618630C31866E
:10B2600018630C31861863080000200000000000FD
:10B2700000000000000000000000000000000003CB
:10B280000C318618C30C318618430C318618630CB8
:10B29000318618630C318618630800002000000016
:10B2A0000000000000000000E400000000000000BA
:10B2B00000030C318618C30C318618430C318618F4
:10B2C000630C318618630C31861863080000200077
:10B2D00000000000000000000000A00000000000CE
:10B2E000000000030C318618C30C318618430C3162
:10B2F0008618630C318618630C31861863080000C9
:10B300002000000001F8007FFC000000A800000001
:10B310000000002738030C318618C30C318618430F
:10B320000C318618630C318618630C31861863085B
:10B3300000002000000007FE007FFC000000460027
:10B3400000000000006048030C318618C30C3186F1
:10B3500018430C318618630C318618630C3186183B
:10B3600063080000200000000FFF00FFFC00000049
:10B3700015000000000000A8C0030C318618C30CA3
:10B38000318618430C318618630C318618630C31F2
:10B39000861863080000200000001F0F80FFFC00DB
:10B3A00000002500000000000128C0030C318618B1
:10B3B000C30C318618430C318618630C3186186330
:10B3C0000C31861863080000200000001E0380E096
:10B3D0000000000026000000000001F848030C31C6
:10B3E0008618C30C318618430C318618630C3186DD
:10B3F00018630C31861863080000200000003C032D
:10B40000C0E000000000000000000000002528004F
:10B41000000000000000000000000000000000002C
:10B4200000000000000000000008000020000000F4
:10B430003801C0E000000000000000000000000033
:10B4400000000000000000000000000000000000FC
:10B4500000000000000000000000000800002000C4
:10B4600000003801C0E00000000000000000000003
:10B4700000000000000000000000000000000000CC
:10B4800000000000000000000000000000080000B4
:10B49000200000003801C1E0000001800000000031
:10B4A00000000000003FFFFFFFFFFFFFFFFFFFFF67
:10B4B000FFFFFFFFFFFFFFFFFFFFFFFFFFFFFFF8A3
:10B4C0000000200000003801E1CFC0000180000032
:10B4D000000000000000000000000000000000006C
:10B4E000000000000000000000000000000000005C
:10B4F00000000000200000003801E1FFF00007809C
:10B50000000000000000000000000000000000003B
:10B51000000000000000000000000000000000002B
:10B52000000000000000200000003C01E1FFF800E6
:10B530000F8000000000000000000000000000007C
:10B5400000000000000000000000000000000000FB
:10B550000000000000000000200000003C03E1F0BB
:10B560007C001980000000000000000000000000C6
:10B5700000000000000000000000000000000000CB
:10B5800000000000000000000000200000001F0775
:10B59000E3C03C000180000000000000000000004B
:10B5A000000000000000000000000000000000009B
:10B5B000000000000000000000000000200000006B
:10B5C0000FFFE0001E0001800000000000000000EE
:10B5D000000000000000000000000000000000006B
:10B5E000000000000000000000000000000020003B
:10B5F000000007FDE0001E000180000000000000C8
:10B60000000000000000000000000000000000003A
:10B61000000000000000000000000000000000002A
:10B620002000000003F9C0001E000180000000009F
:10B63000000000000000000000000000000000000A
:10B6400000000000000000000000000000000000FA
:10B650000000200000000001C0000E00018000007A
:10B6600000000000000000000000000000000000DA
:10B6700000000000000000000000000000000000CA
:10B6800000000000200000000001C0001E0001803A
:10B6900000000000000000000000000000000000AA
:10B6A000000000000000000000000000000000009A
:10B6B000000000000000200000000001C3801E0008
:10B6C00001800000000000000000000000000000F9
:10B6D000000000000000000000000000000000006A
:10B6E0000000000000000000200000003C03C3C078
:10B6F0001C000180000000000000000000000000AD
:10B700000000000000000000000000000000000039
:10B7100000000000000000000000200000003C03CA
:10B7200083C03C0601800000000000000000000013
:10B730000000000000000000000000000000000009
:10B7400000000000000000000000000020000000D9
:10B750001E0F81E07C060180000000000000000058
:10B7600000000000000000000000000000000000D9
:10B7700000000000000000000000000000002000A9
:10B7800000001FFF01FFF8000000000000000000A3
:10B7900000000000000000000000000000000000A9
:10B7A0000000000000000000000000000000000099
:10B7B000200000000FFE00FFF0000000000000006D
:10B7C0000000000000000000000000000000000079
:10B7D0000000000000000000000000000000000069
:10B7E00000002000000007FC003FE0000000000017
:10B7F0000000000000000000000000000000000049
:10B800000000000000000000000000000000000038
:10B81000000000002000000000E000070000000021
:10B820000000000000000000000000000000000018
:10B830000000000000000000000000000000000008
:10B8400000000000000020000000000000000000D8
:10B8500000000000000000000000000000000000E8
:10B8600000000000000000000000000000000000D8
:10B8700000000000000000002000000000000000A8
:10B8800000000000000000000000000000000000B8
:10B8900000000000000000000000000000000000A8
:10B8A0000000000000000000000020000000000078
:10B8B0000000000000000000000000000000000088
:10B8C0000000000000000000000000000000000078
:10B8D0000000000000000000000000002000000048
:10B8E0000000000000000000000000000000000058
:10B8F0000000000000000000000000000000000048
:10B900000000000000000000000000000000200017
:10B910000000000000000000000000000000000027
:10B920000000000000000000000000000000000017
:10B930000000000000000000000000000000000007
:10B9400020000000000000000000000000000000D7
:10B9500000000000000000000000000000000000E7
:10B9600000000000000000000000000000000000D7
:10B9700000002000000000000000000000000000A7
:10B9800000000000000000000000000000000000B7
:10B9900000000000000000000000000000000000A7
:10B9A0000000000020000000000000000000000077
:10B9B0000000000000000000000000000000000087
:10B9C0000000000000000000000000000000000077
:10B9D0000000000000002000000000000000000047
:10B9E0000000000000000000000000000000000057
:10B9F0000000000000000000000000000000000047
:10BA00000000000000000000200000000000000016
:10BA10000000000000000000000000000000000026
:10BA20000000000000000000000000000000000016
:10BA300000000000000000000000200000000000E6
:10BA400000000000000000000000000000000000F6
:10BA500000000000000000000000000000000000E6
:10BA600000000000000000000000000020000000B6
:10BA700000000000000000000000000000000000C6
:10BA800000000000000000000000000000000000B6
:10BA90000000000000000000000000000000200086
:10BAA0000000000000000000000000000000000096
:10BAB0000000000000000000000000000000000086
:10BAC0000000000000000000000000000000000076
:10BAD0002000000000000000000000000000000046
:10BAE0000000000000000000000000000000000056
:10BAF0000000000000000000000000000000000046
:10BB00000000200000000000000000000000000015
:10BB10000000000000000000000000000000000025
:10BB20000000000000000000000000000000000015
:10BB300000000000200000000000000000000000E5
:10BB400000000000000000000000000000000000F5
:10BB500000000000000000000000000000000000E5
:10BB600000000000000020000000000000000000B5
:10BB700000000000000000000000000000000000C5
:10BB800000000000000000000000000000000000B5
:10BB900000000000000000000000000000000000A5
:10BBA000000000000C000000000000000000000089
:10BBB0000000000000000000000000000000000085
:10BBC0000000000000000000000000000000000075
:10BBD0000000000000000C00000000000000000059
:10BBE0000000000000000000000000000000000055
:10BBF0000000000000000000000000000000000045
:10BC000000000000000000000C0000000000000028
:10BC10000000000000000000000000000000000024
:10BC20000000000000000000000000000000000014
:10BC3000000000000000000000000C0000000000F8
:10BC400000000000000000000000000000000000F4
:10BC500000000000000000000000000000000000E4
:10BC6000000000001FFFFFE0000000000C000000CB
:10BC700000000000000000000000000000000000C4
:10BC800000000000000000000000000000000000B4
:10BC90000000000000001FFFFFE0000000030C0098
:10BCA00000000038F81F1F0003E7EFCF80F8F80FFF
:10BCB00087000000000000000000000000000000FD
:10BCC0000000000000000000180000E00000000379
:10BCD0000C0000000079D81BBB000777EEDDC0DD4B
:10BCE000D81D8F00000000000000000000000000D0
:10BCF00000000000000000000000180000E000004C
:10BD000000030C00000000F99983B300003660E0E6
:10BD1000C0CD80199F00000000000000000000005E
:10BD200000000000000000000000000018CDDCFC56
:10BD3000000000030C00000000D9D803B380007697
:10BD400060C0C1CDF819DF00000000000000000055
:10BD5000000000000000000000000000000018CDFE
:10BD6000DCFC000000030C0000000018F807338022
:10BD7000006661C1C1CDD819C700000000000000F5
:10BD800000000000000000000000000000000000B3
:10BD900018CDDCFC000000C30C0000000019D80323
:10BDA000B38000C663839FCD9FF9C70000000000E9
:10BDB0000000000000000000000000000000000083
:10BDC000000018CDDCFC000000C30C0000000019CE
:10BDD0009C01B30003C6670700CD9C1987000000D3
:10BDE0000000000000000000000000000000000053
:10BDF0000000000018CDDCFC000000C30C000000B7
:10BE00000019DC39BB000707EE0E00DDD81D8700E6
:10BE10000000000000000000000000000000000022
:10BE200000000000000018CDDCFC000000C30C0086
:10BE300000000018F99F1F0007F7EFFFC0F8F80F88
:10BE4000870000000000000000000000000000006B
:10BE5000000000000000000018CDDCFC000030C332
:10BE60000C000000000000000000000000000000C6
:10BE700000000000000000000000000000000000C2
:10BE800000000000000000000000180000E00000BA
:10BE900030C30C00000000000000000000000000A3
:10BEA0000000000000000000000000000000000092
:10BEB000000000000000000000000000180000E08A
:10BEC000000030C30C000000000000000000000073
:10BED0000000000000000000000000000000000062
:10BEE00000000000000000000000000000001FFF34
:10BEF000FFE0000030C30C00000000000000000064
:10BF00000000000000000000000000000000000031
:10BF10000000000000000000000000000000000021
:10BF20001FFFFFE0000030C30C0000000000000015
:10BF30000000000000000000000000000000000001
:10BF400000000000000000000000000000000000F1
:10BF500000000000000000000000000000000000E1
:10BF600000000000000000000000000000000000D1
:10BF700000000000000000000000000000000000C1
:10BF800000000000000000000000000000000000B1
:10BF900000000000000000000000000000000000A1
:10BFA0000000000000000000000000000000000091
:10BFB0000000000000000000000000000000000081
:10BFC0000000000000000000000000000000000071
:10BFD0000000000000000000000000000000000061
:10BFE0000000000000000000000000000000000051
:10BFF0000000000000000000000000000000000041
:10C000000000000000000000000000000000000030
:10C010000000000000000000000000000000000020
:10C020000000000000000000000000000000000010
:10C030000000000000000000000000000000000000
:10C0400000000000000000000000000000000000F0
:10C0500000000000000000000000000000000000E0
:10C0600000000000000000000000000000000000D0
:10C0700000000000000000000000000000000000C0
:10C0800000000000000000000000000000000000B0
:10C0900000000000000000000000000000000000A0
:10C0A0000000000000000000000000000000000090
:10C0B0000000000000000000000000000000000080
:10C0C0000000000000000000000000000000000070
:10C0D0000000000000000000000000000000000060
:10C0E00000000000000000000000000000FFFFFF53
:10C0F000FFFFFFFFFFFFFFFFFFFFFFFFFFFFFFFF50
:10C10000FFFFFFFFFFFFFFFFFFFFFFFFFFFFFFFF3F
:10C11000FFFFFFFFFFFFFFFFFFFFFFFFFFFFFF002E
:10C12000000000000000000000000000000000000F
:10C1300000000000000000000000000000000000FF
:10C1400000003000000000000000000000000000BF
:10C1500000000000000000000000000000000000DF
:10C1600000000000000000000000000000000000CF
:10C17000000000003000000000000000000000008F
:10C1800000000000000000000000000000000000AF
:10C19000000000000000000000000000000000009F
:10C1A000000000000000300000000000000000005F
:10C1B000000000000000000000000000000000007F
:10C1C000000000000000000000000000000000006F
:10C1D000000000000000000030000000000000002F
:10C1E000000000000000000000000000000000004F
:10C1F000000000000000000000000000000000003F
:10C2000000000000000000000000300000000000FE
:10C21000000000000000000000000000000000001E
:10C22000000000000000000000000000000000000E
:10C2300000000000000000000000000030000000CE
:10C2400000000000000000000000000000000000EE
:10C2500000000000000000000000000000000000DE
:10C26000000000000000000000000000000030009E
:10C2700000000000000000000000000000000000BE
:10C2800000000000000000000000000000000000AE
:10C29000000000000000000000000000000000009E
:10C2A000300000000000000000000000000000005E
:10C2B000000000000000000000000000000000007E
:10C2C000000000000000000000000000000000006E
:10C2D000000030000000000000000000000000002E
:10C2E000000000000000000000000000000000004E
:10C2F000000000000000000000000000000000003E
:10C3000000000000300000000000000000000000FD
:10C31000000000000000000000000001C00002005A
:10C32000000000000000000000000000000000000D
:10C3300000000000000030000000000000000000CD
:10C340000000000000000000000000000003E0000A
:10C3500007000000000000000000000000000000D6
:10C36000000000000000000030000000000000009D
:10C3700000000000000000000000000000000007B6
:10C38000F0000F800000000000000000000000002E
:10C39000000000000000000000003000000000006D
:10C3A000000000000000000000000000000000008D
:10C3B000000F78001FC00000000000000000000017
:10C3C000000000000000000000000000300000003D
:10C3D000000000000000000000000000000000005D
:10C3E0000000001E3C003FE00000000000000000D4
:10C3F000000000000000000000000000000030000D
:10C40000000000000000000000000000000000002C
:10C410007F03F800003D9E007FF000000000000058
:10C42000000000000000000000000000000000000C
:10C4300030000000000000000000000000000000CC
:10C440000000FF87FE0000798F00FFF80000000069
:10C4500000000000000000000000000000000000DC
:10C46000000030000000000000000000000000009C
:10C4700000000001E3CF9E0000F18781FFFC000077
:10C4800000000000000000000000000000000000AC
:10C490000000000030000000000FFFFFFFFF000061
:10C4A000000000000001C1CE070001E183C3FFFED0
:10C4B000000000000000000000000000000000007C
:10C4C00000000000000030000000000FFFFFFFFF31
:10C4D0000000000000000003809C070003C181E70A
:10C4E000FFFF00000000000000000000000000004E
:10C4F000000000000000000030000000000FFFFFFF
:10C50000FFFF0000000000000003801C0300038107
:10C5100081E7FFFF80000000000000000000000035
:10C520000000000000000000000030000000000CCF
:10C53000000000030000000000000003801C037CDA
:10C5400001C183C3FFFF00000000000000000000E5
:10C5500000000000000000000000000030000000AB
:10C56000000C000000030000000000000003801C1D
:10C57000037E00E18781FFFE000000000000000054
:10C58000000000000000000000000000000030007B
:10C590000000000C00000003000000000000000389
:10C5A000805C070E00718F00FFFC0000000000009F
:10C5B000000000000000000000000000000000007B
:10C5C00030000000000C000000030000000000002C
:10C5D0000001C1CE071E00399E007FF80000000058
:10C5E000000000000000000000000000000000004B
:10C5F000000030000000000C0000000300000000FC
:10C6000000000001E3CF9E3C001C3C003FF0000016
:10C61000000000000000000000000000000000001A
:10C620000000000030000000000C000000030000CB
:10C63000000000000000FF87FE70000E78001FE081
:10C6400000000000000000000000000000000000EA
:10C6500000000000000030000000000C000000039B
:10C6600000000000000000007F03F87E0007F000DB
:10C670000FC00000000000000000000000000000EB
:10C68000000000000000000030000000000C0380EB
:10C690001C03000000000000000000000000000378
:10C6A000E000078000000000000000000000000023
:10C6B0000000000000000000000030000000000C3E
:10C6C00003801C03000000000000000000000000C8
:10C6D0000001C00003000000000000000000000096
:10C6E000000000000000000000000000300000001A
:10C6F000000C03801C03000000000000000000008C
:10C7000000000000800000000000000000000000A9
:10C7100000000000000000000000000000003000E9
:10C720000000000C03801C0300000000000000005B
:10C7300000000000000000000000000000000000F9
:10C7400000000000000000000000000000000000E9
:10C7500030000000000C03801C03000000000000FB
:10C7600000000000000000000000000000000000C9
:10C7700000000000000000000000000000000000B9
:10C78000000030000000000C03801C0300000000CB
:10C790000000000000000000000000000000000099
:10C7A0000000000000000000000000000000000089
:10C7B0000000000030000000000C0000000300003A
:10C7C0000000000000000000000000000000000069
:10C7D0000000000000000000000000000000000059
:10C7E00000000000000030000000000C000000030A
:10C7F0000000000000000000000000000000000039
:10C800000000000000000000000000000000000028
:10C81000000000000000000030000000000C0000DC
:10C820000003000000000000000000000000000005
:10C8300000000000000000000000000000000000F8
:10C840000000000000000000000030000000000CAC
:10C8500000000003000000000000000000000000D5
:10C8600000000000000000000000000000000000C8
:10C870000000000000000000000000003000000088
:10C88000000C000000030000000000000000000099
:10C890000000000000000000000000000000000098
:10C8A0000000000000000000000000000000300058
:10C8B0000000000C00000003000000000000000069
:10C8C0000000000000000000000000000000000068
:10C8D0000000000000000000000000000000000058
:10C8E00030000000000C0000000300000000000009
:10C8F0000000000000000000000000000000000038
:10C900000000000000000000000000000000000027
:10C91000000030000000000C018010030000000047
:10C920000000000000000000000000000000000007
:10C9300000000000000000000000000000000000F7
:10C940000000000030000000000C01E0780300004F
:10C9500000000000000000000000000000000000D7
:10C9600000000000000000000000000000000000C7
:10C9700000000000000030000000000C01F1F8038E
:10C9800000000000000000000000000000000000A7
:10C990000000000000000000000000000000000097
:10C9A000000000000000000030000000000C00FF4C
:10C9B000F003000000000000000000000000000084
:10C9C0000000000000000000000000000000000067
:10C9D0000000000000000000000030000000000C1B
:10C9E000007FC00300000000000000000000000005
:10C9F0000000000000000000000000000000000037
:10CA000000000000000000000000000030000000F6
:10CA1000000C001F80030000000000000000000068
:10CA20000000000000000000000000000000000006
:10CA300000000000000000000000000000003000C6
:10CA40000000000C000E00030000000000000000C9
:10CA500000000000000000000000000000000000D6
:10CA600000000000000000000000000000000000C6
:10CA700030000000000C0000000300000000000077
:10CA800000000000000000000000000000000000A6
:10CA90000000000000000000000000000000000096
:10CAA000000030000000000C000000030000000047
:10CAB0000000000000000000000000000000000076
:10CAC0000000000000000000000000000000000066
:10CAD0000000000030000000000C00000003000017
:10CAE0000000000000000000000000000000000046
:10CAF0000000000000000000000000000000000036
:10CB000000000000000030000000000C00000003E6
:10CB10000000000000000000000000000000000015
:10CB20000000000000000000000000000000000005
:10CB3000000000000000000030000000000FFFFFB8
:10CB4000FFFF0000000000000000000000000000E7
:10CB500000000000000000000000000000000000D5
:10CB60000000000000000000000030000000000F86
:10CB7000FFFFFFFF000000000000000000000000B9
:10CB800000000000000000000000000000000000A5
:10CB90000000000000000000000000003000000065
:10CBA000000FFFFFFFFF000000000000000000007A
:10CBB0000000000000000000000000000000000075
:10CBC0000000000000000000000000000000300035
:10CBD0000000000000000000000000000000000055
:10CBE0000000000000000000000000000000000045
:10CBF0000000000000000000000000000000000035
:10CC000030000000000000000000000000000000F4
:10CC10000000000000000000000000000000000014
:10CC20000000000000000000000000000000000004
:10CC300000003000000000000000000000000000C4
:10CC400000000000000000000000000000000000E4
:10CC500000000000000000000000000000000000D4
:10CC60000000000030000000000000000000000094
:10CC700000000000000000000000000000000000B4
:10CC800000000000000000000000000000000000A4
:10CC90000000000000003000000000000000000064
:10CCA0000000000000000000000000000000000084
:10CCB0000000000000000000000000000000000074
:10CCC0000000000000000000300000000000000034
:10CCD0000000000000000000000000000000000054
:10CCE0000000000000000000000000000000000044
:10CCF0000000000000000000000030000000000004
:10CD00000000000000000000000000000000000023
:10CD10000000000000000000000000000000000013
:10CD200000000000000000000000000030000000D3
:10CD300000000000000000000000000000000000F3
:10CD4000000000000000000007800078000FF800DD
:10CD50001FF0000000000000000000000000300094
:10CD600000000000000000000000000000000000C3
:10CD70000000000000000000000007800078003F75
:10CD8000FE007FFC0000000000000000000000002A
:10CD90003000000000000000000000000000000063
:10CDA0000000000000000000000000000F8000F8FC
:10CDB000007FFF00FFFE00000000000000000000F8
:10CDC0000000300000000000000000000000000033
:10CDD00000000000000000000000000000001F80B4
:10CDE00001F800FFFF80FFFE0000000000000000CF
:10CDF000000000003000001FDCCFCFEC183F31FFF7
:10CE000080000000000000000000000000000000A2
:10CE10003F8003F801FE3FC1FC7F000000000000DE
:10CE2000000000000000300000180D8EEC0C1830DF
:10CE3000398C00000000000000000000000000002D
:10CE40000000FF800FF801F80FC1F01F0000000084
:10CE500000000000000000003000001807986C0C73
:10CE60001830398C000000000000000000000000B5
:10CE700000000001FF801FF801F007C3E00F8000F1
:10CE8000000000000000000000003000001FC71874
:10CE90000FEC183F3D8C0000000000000000000077
:10CEA000000000000007FF807FF803E003C3E00FED
:10CEB00080000000000000000000000030000018AA
:10CEC00007180C0C18303F8C000000000000000018
:10CED0000000000000000007EF807EF801E003E39F
:10CEE000E00F8000000000000000000000003000A3
:10CEF00000180F9C6C0C1830378C000000000000EC
:10CF000000000000000000000007CF807CF8000057
:10CF100003C3C00780000000000000000000000004
:10CF2000300000181DCEEC0C1830338C00000000CF
:10CF30000000000000000000000000070F8070F8F3
:10CF4000000003C3C007C000000000000000000094
:10CF500000003000001FD8EFCFEFDFBFB38C000020
:10CF600000000000000000000000000000000F8032
:10CF700000F8000007C7C007C00000000000000064
:10CF80000000000030000000000000000000000071
:10CF90000000000000000000000000000000000091
:10CFA0000F8000F800000FC7C007C000000000009D
:10CFB0000000000000003000000000000000000041
:10CFC0000000000000000000000000000000000061
:10CFD00000000F8000F800000F87C007C0000000AD
:10CFE0000000000000000000300000000000000011
:10CFF0000000000000000000000000000000000031
:10D00000000000000F8000F800001F07C007C000EC
:10D0100000000000000000000000300000000000E0
:10D020000000000000000000000000000000000000
:10D030000000000000000F8000F800003F07C0075C
:10D04000C0000000000000000000000030000000F0
:10D0500000000000000000000000000000000000D0
:10D0600000000000000000000F8000F80000FE0734
:10D07000C007C000000000000000000000003000F9
:10D0800000000000000000000000000000000000A0
:10D09000000000000000000000000F8000F8000108
:10D0A000FC07C007C00000000000000000000000F6
:10D0B0003000000000000000000000000000000040
:10D0C0000000000000000000000000000F8000F8D9
:10D0D0000003F807C007C0000000000000000000C7
:10D0E0000000300000000000000000000000000010
:10D0F00000000000000000000000000000000F80A1
:10D1000000F80007F003C007C000000000000000A6
:10D1100000000000300000000000000000000000DF
:10D1200000000000000000000000000000000000FF
:10D130000F8000F8000FC003C0078000000000004F
:10D1400000000000000030000000000000000000AF
:10D1500000000000000000000000000000000000CF
:10D1600000000F8000F8003F8003E00F8000000007
:10D17000000000000000000030000000000000007F
:10D18000000000000000000000000000000000009F
:10D19000000000000F8000F8007F0003E00F800017
:10D1A000000000000000000000003000000000004F
:10D1B000000000000000000000000000000000006F
:10D1C0000000000000000F8000F800FE0003E00FE8
:10D1D000800000000000000000000000300000009F
:10D1E000000000000000000000000000000000003F
:10D1F00000000000000000000F8000F800F80001AF
:10D20000F01F0000000000000000000000003000DF
:10D21000000000000000000000000000000000000E
:10D22000000000000000000000000F8000F801F87E
:10D230000001FC7F00000000000000000000000072
:10D240003FFFFFFFFFFFFFFFFFFFFFFFFFFFFF00AD
:10D250000000000000000000000000000F8000F847
:10D2600001FFFFE0FFFE00000000000000000000E2
:10D2700000003FFFFFFFFFFFFFFFFFFFFFFFFFFF7C
:10D28000FF000000000000000000000000000F8010
:10D2900000F803FFFFE0FFFE0000000000000000B8
:10D2A000000000003000000000000000000000004E
:10D2B000000000000000000000000000000000006E
:10D2C0000F8000F803FFFFE07FFC0000000000007B
:10D2D000000000000000300000000000000000001E
:10D2E000000000000000000000000000000000003E
:10D2F00000000F8000F803FFFFE01FF000000000B7
:10D3000000000000000000003000000000000000ED
:10D31000000000000000000000000000000000000D
:10D3200000000000000000000000000000000000FD
:10D3300000000000000000000000300000000000BD
:10D3400000000000000000000000000000000000DD
:10D3500000000000000000000000000000000000CD
:10D36000000000000000000000000000300000008D
:10D3700000000000000000000000000000000000AD
:10D38000000000000000000000000000000000009D
:10D39000000000FFFFC0000000000000000030009F
:10D3A000000000000000000000000000000000007D
:10D3B000000000000000000000000000000000006D
:10D3C0000000000000DEFEC00000000000000000C1
:10D3D000300000000000000000000000000000001D
:10D3E000000000000000000000000000000000003D
:10D3F00000000000000000DEF6C000000000000099
:10D4000000003000000000000000000000000000EC
:10D41000000000000000000000000000000000000C
:10D42000000000000000000000DEF6C00000000068
:10D4300000000000300000000000000000000000BC
:10D4400000000000000000000000000000000000DC
:10D450000000000000000000000000FFF6C0000017
:10D460000000000000003000FC0000000000000090
:10D4700000000000000000000000000000000000AC
:10D4800000000000000000000000000000C60000D6
:10D4900000000000000000003000FE00000000005E
:10D4A000000000000000000000000000000000007C
:10D4B000000000000000000000000000000000C6A6
:10D4C000000000000000000000003001CE0000005D
:10D4D000000000000000000000000000000000004C
:10D4E000000000000000000000000000000000003C
:10D4F0000000000000000000000000003001C60035
:10D50000000000000000000000000000000000001B
:10D51000000000000000000000000000000000000B
:10D5200000000000000000000000000000003001CA
:10D53000C600000000000000000000000000000025
:10D5400000000000000000000000000000000000DB
:10D5500000000000000000000000000000000000CB
:10D560003001C600000000000000000000000000C4
:10D5700000000000000000000000000000000000AB
:10D58000000000000000000000000000000000009B
:10D5900000003001F6000000000000000000000064
:10D5A000000000000000000000000000000000007B
:10D5B000000000000000000000000000000000006B
:10D5C000000000003001F600000000000000000034
:10D5D000000000000000000000000000000000004B
:10D5E000000000000000000000000000000000003B
:10D5F0000000000000003001F60000000000000004
:10D60000000000000000000000000000000000001A
:10D61000000000000000000000000000000000000A
:10D6200000000000000000003001F60000000000D3
:10D6300000000000000000000000000000000000EA
:10D6400000000000000000000000000000000000DA
:10D65000000000000000000000003001F6000000A3
:10D6600000000000000000000000000000000000BA
:10D6700000000000000000000000000000000000AA
:10D680000000000000000000000000003003B700B0
:10D69000000000000000000000000000000000008A
:10D6A000000000000000000000000000000000007A
:10D6B0000000000000000000000000000000300733
:10D6C000B380000000000000000000000000000027
:10D6D000000000000000000000000000000000004A
:10D6E000000000000000000000000000000000003A
:10D6F0003007318000000000000000000000000042
:10D700000000000000000000000000000000000019
:10D710000000000000000000000000000000000009
:10D720000000300631C000000000000000000000D2
:10D7300000000000000000000000000000000000E9
:10D7400000000000000000000000000000000000D9
:10D7500000000000300639C000000000000000009A
:10D7600000000000000000000000000000000000B9
:10D7700000000000000000000000000000000000A9
:10D78000000000000000300639C00000000000006A
:10D790000000000000000000000000000000000089
:10D7A0000000000000000000000000000000000079
:10D7B0000000000000000000300739C00000000039
:10D7C0000000000000000000000000000000000059
:10D7D0000000000000000000000000000000000049
:10D7E00000000000000000000000300783800000FF
:10D7F0000000000000000000000000000000000029
:10D800000000000000000000000000000000000018
:10D810000000000000000000000000003003CF8086
:10D8200000000000000000000000000000000000F8
:10D8300000000000000000000000000000000000E8
:10D8400000000000000000000000000000003001A7
:10D85000FF000000000000000000000000000000C9
:10D8600000000000000000000000000000000000B8
:10D8700000000000000000000000000000000000A8
:10D880003000FC000000000000000000000000006C
:10D890000000000000000000000000000000000088
:10D8A0000000000000000000000000000000000078
:10D8B0000000300000000000000000000000000038
:10D8C0000000000000000000000000000000000058
:10D8D0000000000000000000000000000000000048
:10D8E0000000000030000000000000000000000008
:10D8F0000000000000000000000000000000000028
:10D900000000000000000000000000000000000017
:10D9100000000000000030000000000000000000D7
:10D9200000000000000000000000000000000000F7
:10D9300000000000000000000000000000000000E7
:10D9400000000000000000003000000000000000A7
:10D9500000000000000000000000000000000000C7
:10D9600000000000000000000000000000000000B7
:10D970000000000000000000000030000000000077
:10D980000000000000000000000000000000000097
:10D990000000000000000000000000000000000087
:10D9A0000000000000000000000000003000000047
:10D9B0000000000000000000000000000000000067
:10D9C0000000000000000000000000000000000057
:10D9D0000000000000000000000000000000300017
:10D9E0000000000000000000000000000000000037
:10D9F0000000000000000000000000000000000027
:10DA00000000000000000000000000000000000016
:10DA1000300000000000000000000007C00000000F
:10DA200000000000000000000000000000000000F6
:10DA300000000000000000000000000000000000E6
:10DA40000000300000000000000000000006E000C0
:10DA500000000000000000000000000000000000C6
:10DA600000000000000000000000000000000000B6
:10DA70000000000030000000000000000000000670
:10DA80006000000000000000000000000000000036
:10DA90000000000000000000000000000000000086
:10DAA0000000000000003000000000000000000046
:10DAB0000006600000000000000000000000000000
:10DAC0000000000000000000000000000000000056
:10DAD0000000000000000000300000000000000016
:10DAE00000000006E0000000000000000000000050
:10DAF0000000000000000000000000000000000026
:10DB000000000000000000000000300000000000E5
:10DB1000000000000007C000000000000000000638
:10DB200000000000000000000000000000000000F5
:10DB300000000000000000000000C00030000000F5
:10DB400000000000000000000FF0000000000000D6
:10DB500000060000000000000000000000000000BF
:10DB6000000000000000000000000000C0003000C5
:10DB7000000000000000000000000C000000000099
:10DB8000E3CFBF060000000000000000000000001E
:10DB90000000000000000000000000000000C000C5
:10DBA0003000000000000000000000000C00000039
:10DBB0000001E6FDBF0600000000000000000000BC
:10DBC0000000000000000000000000000000000055
:10DBD000C0003000000000000000000000000C0049
:10DBE00000000003E619B30600000000000000007A
:10DBF0000000000000000000000000000000000025
:10DC00000000C00030000000000000000000000024
:10DC10000FE00000000367D9F306000000000000D9
:10DC200000000000000000000000000000000000F4
:10DC300000000000C00030000000000000000000F4
:10DC400000000C00000000006EF9F3060000000068
:10DC500000000000000000000000000000000000C4
:10DC6000000000000000C0003000000001FE001FA6
:10DC7000E00000000C00000000006E79F3060000D8
:10DC80000000000000000000000000000000000094
:10DC90000000000000000000C0003000000003FF92
:10DCA000807FF80000000C00000000006679B306D9
:10DCB0000000000000000000000000000000000064
:10DCC00000000000000000000000C0003000000064
:10DCD00007FFC0FFFC0000000C000000000066FD14
:10DCE000BF0600000000000000000000000000006F
:10DCF000000000000000000000000000C000300034
:10DD000000000FCFC0F8FC0000000C000000000075
:10DD100063CFBF060000000000000000000000000C
:10DD20000000000000000000000000000000C00033
:10DD3000300000000F03E1F03E0000000000000092
:10DD400000000000000600000000000000000000CD
:10DD500000000000000000000000000000000000C3
:10DD6000C000300000001F01E1E01E0000000000C4
:10DD7000000000000000000600000000000000009D
:10DD80000000000000000000000000000000000093
:10DD90000000C000300000001E01E1E01E00000095
:10DDA000000000000000000000060000000000006D
:10DDB0000000000000000000000000000000000063
:10DDC00000000000C000300000001E0001E01E0046
:10DDD000000000000000000000000006000000003D
:10DDE0000000000000000000000000000000000033
:10DDF000000000000000C000300000003C0001F006
:10DE00003E000FC0000000000000000000060000FF
:10DE10000000000000000000000000000000000002
:10DE20000000000000000000C000300000003CFEC8
:10DE300000F87C001FE00000000000000000000669
:10DE400000000000000000000000000000000000D2
:10DE500000000000000000000000C00030000000D2
:10DE60003DFF807FF8001CF0000000000000000073
:10DE7000000600000000000000000000000000009C
:10DE8000000000000000000000000000C0003000A2
:10DE900000003FFFC03FF0003870000000000000AD
:10DEA000000000060000000000000000000000006C
:10DEB0000000000000000000000000000000C000A2
:10DEC000300000003FC7E0FFF800007000000000D5
:10DED000000000000006000000000000000000003C
:10DEE0000000000000000000000000000000000032
:10DEF000C000300000003F03E1F8FC0000F000002B
:10DF0000000000000000000600000000000000000B
:10DF10000000000000000000000000000000000001
:10DF20000000C000300000003E01E1F03E0003E0D0
:10DF300000000000000000000006000000000000DB
:10DF400000000000000000000000000000000000D1
:10DF500000000000C000300000003E01F3E01E00A1
:10DF600003F00000000000000000000600000000B8
:10DF700000000000000000000000000000000000A1
:10DF8000000000000000C000300000003C00F3C0B2
:10DF90001F000078000000000000000000060000E4
:10DFA0000000000000000000000000000000000071
:10DFB0000000000000000000C000300000003C0035
:10DFC000F3C00F0000380000000000000000000651
:10DFD0000000000000000000000000000000000041
:10DFE00000000000000000000000C0003000000041
:10DFF0003E00F3C00F0000380000000000000000E9
:10E00000000600000000000000000000000000000A
:10E01000000000000000000000000000C000300010
:10E0200000001E01F3C01F0038380000000000008F
:10E0300000000006000000000000000000000000DA
:10E040000000000000000000000000000000C00010
:10E05000300000001E01E3E01E003C7800000000DC
:10E0600000000000000600000000000000000000AA
:10E0700000000000000000000000000000000000A0
:10E08000C000300000001F03E1E03E079FF00000E9
:10E09000000000000000000600000000000000007A
:10E0A000000000030C000000000000000000000061
:10E0B0000000C000300000000FC7C1FC7E078FE0E9
:10E0C000000000000000000000060000000000004A
:10E0D0000000000000030C00000000000000000031
:10E0E00000000000C0003000000007FFC0FFFC007F
:10E0F000000000000000000000000006000000001A
:10E1000000000000000000030C0000000000000000
:10E11000000000000000C0003000000003FF807F0E
:10E12000F8000000000000000000000000060000F1
:10E13000000000000000000000030C0000000000D0
:10E140000000000000000000C0003000000001FEE0
:10E15000001FE000000000000000000000000006BA
:10E160000000000000000000000000030C000000A0
:10E1700000000000000000000000C00030000000AF
:10E18000000000000000000000000000000000008F
:10E1900000060000000000000000000000030C006A
:10E1A000000000000000000000000000C00030007F
:10E1B000000000000000000000000000000000005F
:10E1C0000000000600000000000000000000000346
:10E1D0000C00000000000000000000000000C00073
:10E1E00030000000000000000000000000000000FF
:10E1F0000000000000060000000000000000000019
:10E2000000030C00000000000000000000000000FF
:10E21000C00030000000000000000000000000000E
:10E2200000000000000000060000000000000000E8
:10E23000000000030C0000000000000000000000CF
:10E240000000C000300000000000000000000000DE
:10E2500000000000000000000006000000000000B8
:10E260000000000000030C0000000000000000009F
:10E2700000000000C00030000000000000000000AE
:10E280000000000000000000000000060000000088
:10E2900000000000000000030C000000000000006F
:10E2A000000000000000C00030000000000000007E
:10E2B0000000000000000000000000000006000058
:10E2C000000000000000000000030C00000000003F
:10E2D0000000000000000000C0003000000000004E
:10E2E0000000000000000000000000000000000628
:10E2F0000000000000000000000000030C0000000F
:10E3000000000000000000000000C000300000001D
:10E3100000000000000000000000000000000000FD
:10E3200000060000000000000000000000030C00D8
:10E33000000000000000000000000000C0003000ED
:10E3400000000000000000000000000000000000CD
:10E3500000000006000000000000000000000003B4
:10E360000C0006180000000000000001C600C000FC
:10E37000300000000000000000000000000000006D
:10E380000000000000060000000000000000000087
:10E3900000030C0006180000000000000001C60089
:10E3A000C00030000000000000000000000000007D
:10E3B0000000000000000006000000000000000057
:10E3C000000000030C00061800000000000000011F
:10E3D000C600C00030000000000000000000000087
:10E3E0000000000000000000000600000000000027
:10E3F0000000000000030C000618000000000000F0
:10E400000001C600C0003000000000000000000055
:10E4100000000000000000000000000600000000F6
:10E4200000000000000000030C00061800000000BF
:10E4300000000001C600C000300000000000000025
:10E4400000000000000000000000000000060000C6
:10E45000000000000000000000030C00061800008F
:10E46000000000000001C600C000300000000000F5
:10E470000000000000000000000000000000000696
:10E480000000000000000000000000030C0006185F
:10E490000000000000000001C600C00030000000C5
:10E4A000000000000000000000000000000000006C
:10E4B00000060000000000000000000000030C0047
:10E4C00006180000000000000001C600C000300077
:10E4D000000000000000000000000000000000003C
:10E4E0000000000600000000000000000000000323
:10E4F0000C0006180000000000000001C600C0006B
:10E5000030000000000000000000000000000000DB
:10E5100000000000000600000000000000000000F5
:10E5200000030C0006180000000000000001C600F7
:10E53000C0003000000000000000000000000000EB
:10E540000000000000000006000000000000C30002
:10E55000000000030C000618000C70000000000111
:10E56000C600C0003FFFFFFFFFFFFFFFFFFFFFFFF1
:10E57000FFFFFF0000000000000600000000000098
:10E58000C300000000030C000618000C700000001F
:10E590000001C600C0003FFFFFFFFFFFFFFFFFFFBE
:10E5A000FFFFFFFFFF00000000000006000000006A
:10E5B0000000C300000000030C018618000C70006E
:10E5C00000000031C600C000300000000000000064
:10E5D0000000000000000000000000000006000035
:10E5E00000000000C300000000030C018618000CAE
:10E5F000700000000031C600C000300000000000C4
:10E600000000000000000000000000000000000604
:10E61000000000000000C300000000030C01861889
:10E62000000C700000000031C600C0003000000087
:10E6300000000000000000000000000000000000DA
:10E640000006000000000000C300000000030C01F1
:10E650008618000C700000000031C600C0003000B9
:10E6600000000000000000000000000000000000AA
:10E6700000000006000000000000C30000000003CE
:10E680000C018618000C700000000031C600C000AC
:10E69000300000000000000000000000000000004A
:10E6A000000000000006000000000000C3000000A1
:10E6B00000030C018618000C700000000031C60039
:10E6C000C00030001000000000000000000000004A
:10E6D0000000000000000006000000000600C3006B
:10E6E000000018030C018618E00C700000030031D4
:10E6F000C618C00030003800000000000000000014
:10E7000000000000000000000006000000000600FD
:10E71000C300000018030C018618E00C7000000311
:10E720000031C618C00030003800000000000000B2
:10E7300000000000000000000000000600000000D3
:10E740000600C300000018030C018618E00C7000DE
:10E7500000030031C618C00030007C00000000003B
:10E7600000000000000000000000000000060000A3
:10E7700000000600C300000018030C018618E00C1E
:10E78000700000030031C618C00030007E00000099
:10E790000000000000000000000000000000000673
:10E7A000000000000600C300000018030C018618DA
:10E7B000E00C700000030031C618C0003000EE000D
:10E7C0000000000000000000000000000000000049
:10E7D0000006000000000600C300000018030C0142
:10E7E0008618E00C700000030031C618C00030012C
:10E7F000C700000000000000000000000000000052
:10E8000000000006000000000600C300000018031E
:10E810000C018618E00C700000030031C618C0001F
:10E820003001C700000000000000000000000000F0
:10E83000000000000006000000000600C300000009
:10E8400018030C018618E00C700000030031C61894
:10E85000C0003003838000000000000000000000C2
:10E860000000000000000006000300000600C30CCA
:10E87000000018030C718618E00C71800003003151
:10E88000C618C000300381800000000000000000B6
:10E890000000000000000000000600030071861860
:10E8A000C30C018618E30C718618E30C718018E321
:10E8B0000C31C618C000300701C000000000000085
:10E8C00000000000000000000000000600030071CE
:10E8D0008618C30C018618E30C718618E30C71804E
:10E8E00018E30C31C618C000300700C0000000005B
:10E8F000000000000000000000000000000600030F
:10E9000000718618C30C018618E30C718618E30C9D
:10E91000718018E30C31C618C000300600E000001A
:10E9200000000000000000000000000000000006E1
:10E93000000300718618C30C018618E30C71861859
:10E94000E30C718018E30C31C618C000300603E0F8
:10E9500000000000000000000000000000000000B7
:10E960000006000300718618C30C018618E30C71C1
:10E970008618E30C718018E30C31C618C00030060D
:10E9800007E00000000000000000000000000000A0
:10E990000000000638C30C718618C30C718618E39A
:10E9A0000C718618E30C718618E30C31C618C00090
:10E9B00030060FE000000000000000000000000032
:10E9C00000000000000638C30C718618C30C718665
:10E9D00018E30C718618E30C718618E30C31C61825
:10E9E000C00030070FE00000000000000000000041
:10E9F000000000000000000638C30C718618C30C2C
:10EA0000718618E30C718618E30C718618E30C31DB
:10EA1000C618C0003007FFC0000000000000000062
:10EA20000000000000000000000638C30C718618CA
:10EA3000C30C718618E30C718618E30C718618E319
:10EA40000C31C618C0003003FF8000000000000039
:10EA500000000000000000000000000638C30C7138
:10EA60008618C30C718618E30C718618E30C718646
:10EA700018E30C31C618C00030007C000000000014
:10EA8000000000000000000000000000000638C385
:10EA90000C718618C30C718618E30C718618E30C90
:10EAA000718618E30C31C618C00030000000000069
:10EAB0000000000000000000000000000000000650
:10EAC00038C30C718618C30C718618E30C71861854
:10EAD000E30C718618E30C31C618C000300000004A
:10EAE0000000000000000000000000000000000026
:10EAF000000638C30C718618C30C718618E30C71BC
:10EB00008618E30C718618E30C31C618C00030007B
:10EB10000000000000000000000078C000000000BD
:10EB20000000000638C30C718618C30C718618E308
:10EB30000C718618E30C718618E30C31C618C000FE
:10EB4000300000000000000000000000FDC00000D8
:10EB500000000000000638C30C718618C30C7186D3
:10EB600018E30C718618E30C718618E30C31C61893
:10EB7000C000300000000000000000000000ED8038
:10EB800000000000039F7C0638C30C718618C30C7C
:10EB9000718618E30C718618E30C718618E30C314A
:10EBA000C618C00030000000000000000000000097
:10EBB000FF000000000003BB6E0638C30C7186180E
:10EBC000C30C718618E30C718618E30C718618E388
:10EBD0000C31C618C000300000000000000000002A
:10EBE00000007B000000000007B3660638C30C710C
:10EBF0008618C30C718618E30C718618E30C7186B5
:10EC000018E30C31C618C0003000000001FE007F80
:10EC1000FE00000007F0000000000FB3E60638C356
:10EC20000C718618C30C718618E30C718618E30CFE
:10EC3000718618E30C31C618C0003000000007FFD1
:10EC4000007FFE0000000FF0000000000DB3E6069C
:10EC500038C30C718618C30C718618E30C718618C2
:10EC6000E30C718618E30C31C618C00030000000B8
:10EC70000FFF807FFE0000000DB00000000019B300
:10EC8000E60638C30C718618C30C718618E30C7144
:10EC90008618E30C718618E30C31C618C0003000EA
:10ECA00000001FCFC0F8000000001DF000000000B1
:10ECB0001FF3660638C30C718618C30C718618E3FF
:10ECC0000C718618E30C718618E30C31C618C0006D
:10ECD000300000001F03E0F00000000019F0000009
:10ECE000000001BB6E0638C30C718618C30C718618
:10ECF00018E30C718618E30C718618E30C31C61802
:10ED0000C000300000003E01E0F000000000000004
:10ED100000000000019F7C060000000000000000D1
:10ED200000000000000000000000000000000000E3
:10ED30000000C000300000003E01E0F000000000D4
:10ED400000000000000000000006000000000000BD
:10ED500000000000000000000000000000000000B3
:10ED600000000000C000300000003C01F0F0000096
:10ED7000000000000000000000000006000000008D
:10ED80000000000000000000000000000000000083
:10ED9000000000000000C000300000003C01F1EF66
:10EDA000E00001C000000000000000000007FFFFBD
:10EDB000FFFFFFFFFFFFFFFFFFFFFFFFFFFFFFFF63
:10EDC000FFFFFFFFFFFFFFFFC000300000003C011E
:10EDD000F1FFF80001C0000000000000000000008A
:10EDE0000000000000000000000000000000000023
:10EDF00000000000000000000000000030000000E3
:10EE00003C01F1FFFC0007C0000000000000000012
:10EE100000000000000000000000000000000000F2
:10EE200000000000000000000000000000003000B2
:10EE300000003E01F1F87E000FC00000000000005D
:10EE400000000000000000000000000000000000C2
:10EE500000000000000000000000000000000000B2
:10EE6000300000001F03F1E03E001FC00000000062
:10EE70000000000000000000000000000000000092
:10EE80000000000000000000000000000000000082
:10EE90000000300000001F8FF0001F0009C00000BC
:10EEA0000000000000000000000000000000000062
:10EEB0000000000000000000000000000000000052
:10EEC00000000000300000000FFFF0000F0001C044
:10EED0000000000000000000000000000000000032
:10EEE0000000000000000000000000000000000022
:10EEF0000000000000003000000007FEF0000F00DE
:10EF000001C0000000000000000000000000000040
:10EF100000000000000000000000000000000000F1
:10EF200000000000000000003000000003FCF000C2
:10EF30000F0001C000000000000000000000000001
:10EF400000000000000000000000000000000000C1
:10EF50000000000000000000000030000000000180
:10EF6000F0000F0001C000000000000000000000E1
:10EF70000000000000000000000000000000000091
:10EF80000000000000000000000000003000000051
:10EF90000001E0000F0001C00000000000000000C0
:10EFA0000000000000000000000000000000000061
:10EFB0000000000000000000000000000000300021
:10EFC00000001E01E3C01F0001C00000000000009F
:10EFD0000000000000000000000000000000000031
:10EFE0000000000000000000000000000000000021
:10EFF000300000001E03E3E01E0001C0000000001E
:10F000000000000000000000000000000000000000
:10F0100000000000000000000000000000000000F0
:10F020000000300000001F03C1E03E0781C0000067
:10F0300000000000000000000000000000000000D0
:10F0400000000000000000000000000000000000C0
:10F0500000000000300000001F8FC1F8FC0781C0D5
:10F0600000000000000000000000000000000000A0
:10F070000000000000000000000000000000000090
:10F08000000000000000300000000FFF80FFFC00C7
:10F090000000000000000000000000000000000070
:10F0A0000000000000000000000000000000000060
:10F0B00000000000000000003000000007FF007F9B
:10F0C000F800000000000000000000000000000048
:10F0D0000000000000000000000000000000000030
:10F0E000000000000000000000003000000003FCF1
:10F0F000003FE000000000000000000000000000F1
:10F1000000000000000000000000000000000000FF
:10F1100000000000000000000000000030000000BF
:10F1200000000000000000000000000000000000DF
:10F1300000000000000000000000000000000000CF
:10F14000000000000000000000000000000030008F
:10F1500000000000000000000000000000000000AF
:10F16000000000000000000000000000000000009F
:10F17000000000000000000000000000000000008F
:10F18000300000000000000000000000000000004F
:10F19000000000000000000000000000000000006F
:10F1A000000000000000000000000000000000005F
:10F1B000000030000000000000000000000000001F
:10F1C000000000000000000000000000000000003F
:10F1D000000000000000000000000000000000002F
:10F1E00000000000300000000000000000000000EF
:10F1F000000000000000000000000000000000000F
:10F2000000000000000000000000000000000000FE
:10F2100000000000000030000000000000000000BE
:10F2200000000000000000000000000000000000DE
:10F2300000000000000000000000000000000000CE
:10F24000000000000000000030000000000000008E
:10F2500000000000000000000000000000000000AE
:10F26000000000000000000000000000000000009E
:10F27000000000000000000000003000000000005E
:10F28000000000000000000000000000000000007E
:10F29000000000000000000000000000000000006E
:10F2A000000000000000000000000000300000002E
:10F2B000000000000000000000000000000000004E
:10F2C000000000000000000000000000000000003E
:10F2D00000000000000000000000000000003000FE
:10F2E000000000000000000000000000000000001E
:10F2F000000000000000000000000000000000000E
:10F3000000000000000000000000000000000000FD
:10F3100030000000000000000000000000000000BD
:10F3200000000000000000000000000000000000DD
:10F3300000000000000000000000000000000000CD
:10F34000000030000000000000000000000000008D
:10F3500000000000000000000000000000000000AD
:10F36000000000000000000000000000000000009D
:10F37000000000003000000000000000000000005D
:10F38000000000000000000000000000000000007D
:10F39000000000000000000000000000000000006D
:10F3A000000000000000300000000000000000002D
:10F3B000000000000000000000000000000000004D
:10F3C000000000000000000000000000000000003D
:10F3D00000000000000000003000000000000000FD
:10F3E000000000000000000000000000000000001D
:10F3F000000000000000000000000000000000000D
:10F4000000000000000000000000300000000000CC
:10F4100000000000000000000000000000000000EC
:10F4200000000000000000000000000000000000DC
:10F43000000000000000000000000000300000009C
:10F4400000000000000000000000000000000000BC
:10F4500000000000000000000000000000000000AC
:10F46000000000000000000000000000000030006C
:10F47000000000000000000000000000000000008C
:10F48000000000000000000000000000000000007C
:10F49000000000000000000000000000000000006C
:10F4A000300000000000000000000000000000002C
:10F4B000000000000000000000000000000000004C
:10F4C000000000000000000000000000000000003C
:10F4D000000000000000000000000000000000002C
:10F4E000000000000000000000000000000000001C
:10F4F000000000000000000000000000000000000C
:10F5000000000000000000000000000000000000FB
:10F5100000000000000000000000000000000000EB
:10F5200000000000000000000000000000000000DB
:10F5300000000000000000000000000000000000CB
:10F5400000000000000000000000000000000000BB
:10F5500000000000000000000000000000000000AB
:10F56000000000000000000000000000000000009B
:10F57000000000000000000000000000000000008B
:10F58000000000000000000000000000000000007B
:10F59000000000000000000000000000000000006B
:10F5A000000000000000000000000000000000005B
:10F5B000000000000000000000000000000000004B
:10F5C000000000000000000000000000000000003B
:10F5D000000000000000000000000000000000002B
:10F5E000000000000000000000000000000000001B
:10F5F000000000000000000000000000000000000B
:10F600000000000000000000000000000000007882
:10F6100000FC00CC00CC00FC00787C00FE01C7019F
:10F6200083018001800180018301C700FE007C000E
:10F63000007800FC00CC00CC00FC0079FE01FE014B
:10F6400080018001FC01FC018001800180018001BA
:10F65000807800FC00CC06CC0CCC18FC3078600024
:10F66000C001800300061E0C3F18333033603300A6
:10F670003F001E00000000000000FC0001FE00032F
:10F6800087000703800E31C01C30E03830707030C6
:10F69000387030387030387030383830701C00E0D6
:10F6A0000E31C007038003870001FE0000FC00004C
:10F6B000000000000000000000000000FC00017AD3
:10F6C0000002010004788008FC4011CE2023CF10F6
:10F6D00047CF888FCFC48FCFC48FCFC48FCFC447BD
:10F6E000CF8823FF1011CE2008FC4004788002014F
:10F6F00000017A0000FC0000000000000000000093
:10F7000000FC0001FE0003FF0007FF800FFFC01F89
:10F71000CFE03FCFF07FCFF8FFCFFCFFCFFCFFCF94
:10F72000FCFFCFFC7FCFF83FFFF01FCFE00FFFC003
:10F7300007FF8003FF0001FE0000FC000000000046
:10F740000000FFFFFCFFFFFCC0000CC0000CCCCC95
:10F75000CFCCCCCFCCCCCFCCCCCFCCCCCFCCCCCFD7
:10F76000CCCCCFC0000CC0000CFFFFFCFFFFFCFFA7
:10F77000FFFCFFFFFCC0000CC0000CCCCC0FCCCCBD
:10F780000FCCCC0FCCCC0FCCCC0FCCCC0FCCCC0F27
:10F79000C0000CC0000CFFFFFCFFFFFCFFFFFCFFE4
:10F7A000FFFCC0000CC0000CCCC00FCCC00FCCC004
:10F7B0000FCCC00FCCC00FCCC00FCCC00FC0000C02
:10F7C000C0000CFFFFFCFFFFFCFFFFFCFFFFFCC0C5
:10F7D000000CC0000CCC000FCC000FCC000FCC00F4
:10F7E0000FCC000FCC000FCC000FC0000CC0000CE1
:10F7F000FFFFFCFFFFFCFFFFFCFFFFFCC0000CC095
:10F80000000CC0000FC0000FC0000FC0000FC000F0
:10F810000FC0000FC0000FC0000CC0000CFFFFFCA9
:10F82000FFFFFC00000300038007C00CC00C601C3D
:10F83000601C3038383018701C600CE00CE0EEC3EF
:10F84000F6E3EEE00E7E7C3FF80FE00000000000E3
:10F85000000F001F803FC039DE30C030DC36C036BC
:10F86000DC36C036C036C076E07670E630C630CFC3
:10F8700038CF38CF38E070F0F07FE03FC0000000B4
:10F880000030000030000030000030000030000C7C
:10F8900030000C30000C30000C30030C30030C3006
:10F8A000030C30C30C30C30C30C30C30C30C30001D
:10F8B0000030C0000030C0000030C0000030C00088
:10F8C0000030C0000C30C0000C30C0000C30C00054
:10F8D0000C30C0030C30C0030C30C0030C3000C32C
:10F8E0000C30C0C30C30C0C30C3000C30C3000FF60
:10F8F000FFFFFFF8FFFFFFFFF8FFFFFFFFF8E0004B
:10F90000000038E000000038E000000038E00000AF
:10F910000038E000000038E000000038E00000009F
:10F9200038E01800C038E01800C038E01800C038CF
:10F93000E01800C038E01800C038E01800C038E017
:10F940001800C038E000000038E000000038E00097
:10F95000000038E000000038E000000038E000005F
:10F960000038E00C018038E01E03C038E01F07C0FB
:10F9700038E00FDF8038E003FE0038E001FC00389B
:10F98000E000700038E000000038E000000038E0DF
:10F9900000000038E000000038FFFFFFFFF8FFFF25
:10F9A000FFFFF8FFFFFFFFF8FFFFFFFFF8FFFFFF7C
:10F9B000FFF8FFFFFFFFF8E000000038E000000064
:10F9C00038E000000038E000000038E000000038B7
:10F9D000E000000038E000000038E03801C038E006
:10F9E0003801C038E03801C038E03801C038E038AC
:10F9F00001C038E03801C038E000000038E0000005
:10FA00000038E000000038E000000038E0000000AE
:10FA100038E000000038E000000038E00000003866
:10FA2000E000000038E01FFF8038E01FFF8038E072
:10FA30001FFF8038E000000038E000000038E000E0
:10FA4000000038E000000038E000000038E000006E
:10FA50000038FFFFFFFFF8FFFFFFFFF8FFFFFFFF8A
:10FA6000F8FFFFFFFFF8FFFFFFFFF8FFFFFFFFF8C2
:10FA7000E000000038E000000038E000000038E05E
:10FA800000000038E000000038E000000038E0002E
:10FA9000000038E03800E038E03800E038E03800B6
:10FAA000E038E03800E038E03800E038E03800E0E6
:10FAB00038E000000038E000000038E000000038C6
:10FAC000E000000038E000000038E000000038E00E
:10FAD00000700038E000F80038E003FE0038E0076E
:10FAE000FF0038E01F8FC038E01E07C038E00C016F
:10FAF0008038E000000038E000000038E00000003E
:10FB000038E000000038E000000038FFFFFFFFF899
:10FB1000FFFFFFFFF8FFFFFFFFF80030000030009D
:10FB20001030203830701C00E00EFDC005FE800350
:10FB30008700070380060180F601BCF601BC0601C0
:10FB40008007038003870005FE800EFDC01C00E0D7
:10FB50003830701030200030000030000C03000CF2
:10FB600063000C63000C63000C63000C63000C6307
:10FB7000000C63000C63003C63C07DFBE03DFBC0F8
:10FB80001DFB800CF3000060007FFFE07FFFE07F43
:10FB9000FFE0C0DFFB037FE0C0DFFB037FE0C0D8F6
:10FBA00003036060C0D803036060FFD803FF606098
:10FBB000FFD803FF6060C0D803036060C0D80303B0
:10FBC0006060C0DFFB037FE0C0DFFB037FE0FFC0BE
:10FBD00000FFC000C0C000C0C000C0C000C0C00066
:10FBE000C0C000C0C000FFCF80FFC080000F8000F9
:10FBF0000080000F80000000FFBFF7F8FFFFBFF795
:10FC0000F8FFC1B33018C0C1B33018C0C1B337F862
:10FC1000FFFFB337F8FFFFB3360003C033360003EE
:10FC2000C03337FAFFC03337FAFFFF7FF99FE0FF99
:10FC30007FF99FE0C363199860C363199860C36339
:10FC4000199860FF63199860FF63199860C0631981
:10FC50009860C063199FE0C063199FE0FF6037FDA3
:10FC6000FFFF60360D801860360D801830660D80FD
:10FC70001810460D801818C60D801808860D8018BB
:10FC80000D860D801807060D80180207FDFF000085
:10FC9000000000000000FFBFFBFEFFBFFBFEC03006
:10FCA0001806C0301806C0301806C0301806C0301C
:10FCB0001BFEC0301BFEC0301B00C0301B00C0301C
:10FCC0001B00C0301B00FFBFFBFEFFBFFBFE0000A0
:10FCD000000000000000000000F8000000880000A4
:10FCE0003E8800002288000FA2880008A28803E84E
:10FCF000A2880228A288FA28A2888A28A2888A28AC
:10FD0000A2888A28A288FBEFBEF8000000F8000055
:10FD1000008800003E8800002288000FA2880008AA
:10FD2000A28803E8A2880228A288FA28A288FA28D2
:10FD3000A288FA28A288FA28A288FBEFBEF8000061
:10FD400000F80000008800003E8800002288000FB4
:10FD5000A2880008A28803E8A28803E8A288FBE83A
:10FD6000A288FBE8A288FBE8A288FBE8A288FBEF58
:10FD7000BEF8000000F80000008800003E88000087
:10FD80002288000FA288000FA28803EFA28803EF49
:10FD9000A288FBEFA288FBEFA288FBEFA288FBEF13
:10FDA000A288FBEFBEF8000000F800000088000009
:10FDB0003E8800003E88000FBE88000FBE8803EF1B
:10FDC000BE8803EFBE88FBEFBE88FBEFBE88FBEF6B
:10FDD000BE88FBEFBE88FBEFBEF8000000F8000015
:10FDE00000F800003EF800003EF8000FBEF8000FDB
:10FDF000BEF803EFBEF803EFBEF8FBEFBEF8FBEF73
:10FE0000BEF8FBEFBEF8FBEFBEF8FBEFBEF800005C
:10FE100000000000000000000000000000000000E2
:10FE2000000000004000008BE09F27C08A21155091
:10FE300040FBE21507C088241500400BE81507C0F9
:10FE400000000000000000000000000000000000B2
:10FE5000000000000000400000FBE09F27C0AA2136
:10FE6000155040ABE21507C0A824150040ABE815BB
:10FE700007C00000007EFD004285004285004285EB
:10FE8000F84285087EFD084081084081F8000000A6
:10FE9000000000000000000000000000000000FA68
:10FEA0000716AA0898ABEF90AA2890ABE89000003C
:10FEB00000003FFC3FFC300C300C300C300C300CA0
:10FEC000300C300C300C300C300C300C300C300C52
:10FED000300C300C300C3FFC3FFC000000000000F8
:10FEE00000000F000F0003000300030003000300E5
:10FEF00003000300030003000300030003000300EA
:10FF000003000300030003000300000000000000E2
:10FF100000003FFC3FFC000C000C000C000C000C2F
:10FF2000000C000C3FFC3FFC300030003000300083
:10FF30003000300030003FFC3FFC000000000000BB
:10FF400000003FFC3FFC000C000C000C000C000CFF
:10FF5000000C000C3FFC3FFC000C000C000C000CE3
:10FF6000000C000C000C3FFC3FFC000000000000F7
:10FF70000000300C300C300C300C300C300C300CDD
:10FF8000300C300C3FFC3FFC000C000C000C000C53
:10FF9000000C000C000C000C000C00000000000025
:10FFA00000003FFC3FFC30003000300030003000EB
:10FFB000300030003FFC3FFC000C000C000C000C3B
:10FFC000000C000C000C3FFC3FFC00000000000097
:10FFD00000003FFC3FFC30003000300030003000BB
:10FFE000300030003FFC3FFC300C300C300C300C4B
:10FFF000300C300C300C3FFC3FFC000000000000D7
:020000040003F7
:1000000000003FFC3FFC000C000C000C000C000C3E
:10001000000C000C000C000C000C000C000C000C80
:10002000000C000C000C000C000C00000000000094
:1000300000003FFC3FFC300C300C300C300C300C1E
:10004000300C300C3FFC3FFC300C300C300C300CD2
:10005000300C300C300C3FFC3FFC00000000000076
:1000600000003FFC3FFC300C300C300C300C300CEE
:10007000300C300C3FFC3FFC000C000C000C000C62
:10008000000C000C000C3FFC3FFC000000000000D6
:10009000000000007F7F7F41414941414941414982
:1000A0004141497F7F4940404940400000000000F5
:1000B0000000000000000000000000000000000040
:1000C0000000000000000000000000007FCC19FFCD
:1000D0003FE600C01FF3067F807FCE39FF3FE6007A
:1000E000C01FF3867F8060073180300600C0180390
:1000F000C60C0060077180300600C01803E60C00D3
:100100006003E180300600C01803760C007FC1C197
:10011000803FE600C01FF33E0C007FC1C1803FE678
:1001200000C01FF31E0C006003E180300600C01801
:10013000030E0C0060077180300600C01803060C27
:100140000060077180300600C01803060C007FCEE7
:1001500039FF3FE7FCFF9FF3060C007FCC19FF3F00
:10016000E7FCFF9FF3060C00000000000000000009
:10017000000000000000000000000000000000007F
:10018000000000000000000000000000000000006F
:10019000000000000000000000000000000000005F
:1001A000000000000000000000000000000000004F
:1001B000000000007FCFF9FE0FC60C3E1FF18060EB
:1001C0007FCFF9FE0FC70C3E1FF1806060CC198114
:1001D00083078CC19831C0E060CC19818307CCC102
:1001E0009830E1C060CC19818306ECC198307380EF
:1001F00060CFF98183067CFF9FF03F0060CFF981DB
:1002000083063CFF9FF01E0060CC318183061CC139
:1002100098600C0060CC318183060CC198600C00A2
:1002200060CC198183060CC198300C007FCC19FE7C
:100230000FC60CC198300C007FCC19FE0FC60CC144
:1002400098300C00000000000000000000000000DA
:10025000000000000000000000000000000000009E
:10026000000000000000000000000000000000008E
:10027000000000000000000000000000000000007E
:1002800000000000600FFCC0CFFB00C0600FFCC08E
:10029000CFFB00C0600C0CC0CC0381C0600C0CC054
:1002A000CC01C380600C0CC0CC00E700600C0CC01B
:1002B000CFF87E00600C0CC0CFF83C00600C0CC086
:1002C000C0181800600C0CC0C0181800600C0CC0DE
:1002D000C01818007FCFFCFFCFF818007FCFFCFFBD
:1002E000CFF818000000000000000000000000002F
:1002F00000000000000000000000000000000000FE
:1003000000000000524541444255535900524541B6
:1003100044425553595F43414C4C4241434B0000CA
:10032000537069466C6173685F496E6974000000C0
:1003300000000000000000000000000001000000BC
:100340000000000046000000000000000000000067
:10035000000000000000000000000000000000009D
:100360000000000000000000000000000000001875
:1003700018181818181818001800000000000018A5
:100380001818000000000000000000000000002419
:10039000247E2424247E2424000000000018183C1D
:1003A000666030180C06663C18180000000070D813
:1003B000DB760C18306EDB1B0E00000000000038EE
:1003C0006C6C38606F66663B00000000000000182F
:1003D0001818000000000000000000000000000CE1
:1003E0001818303030303018180C00000000003081
:1003F00018180C0C0C0C0C18183000000000000031
:1004000000361C7F1C3600000000000000000000C9
:100410000018187E181800000000000000000000FE
:100420000000000000001C1C0C1800000000000070
:100430000000007E0000000000000000000000003E
:100440000000000000001C1C000000000000000074
:100450000102040810204080000000000000007E1F
:1004600042424242424242427E0000000000000CF2
:100470000404040404040404040000000000007EDA
:100480000202027E404040407E0000000000007EEC
:100490000202027E020202027E0000000000002230
:1004A000222222223E020202020000000000007E00
:1004B0004040407E020202027E0000000000007EFA
:1004C0004040407E424242427E0000000000003E2A
:1004D0000202020202020202020000000000007E8C
:1004E0004242427E424242427E0000000000007EC4
:1004F0004242427E020202020200000000000000AE
:10050000001818000000181800000000000000008B
:100510000018180000001818081800000000000655
:100520000C18306030180C060000000000000000BD
:1005300000003C003C0000000000000000000060E3
:1005400030180C060C183060000000000000003C61
:1005500066660C1818001818000000000000007EE5
:10056000C3C3CFDBDBCFC07F000000000000007EF4
:100570004242427E42424242420000000000007C71
:100580004444447E424242427E0000000000007E1D
:1005900040404040404040407E0000000000007865
:1005A00044424242424242427E0000000000007E3D
:1005B0004040407E404040407E0000000000007E01
:1005C0004040407C40404040400000000000007E31
:1005D000424240404E4242427E0000000000004243
:1005E0004242427E42424242420000000000007EFF
:1005F00018181818181818187E00000000000002BB
:1006000002020202020202027E000000000000421A
:10061000424448704844424242000000000000400A
:1006200040404040404040407E000000000000420A
:10063000665A4242424242424200000000000042EA
:1006400062524A4642424242420000000000007E9E
:1006500042424242424242427E0000000000007E8E
:100660004242427E40404040400000000000007E88
:10067000424242424242427E080000000000007EA8
:100680004242427E44424242420000000000007E5C
:100690004040407E020202027E0000000000003E58
:1006A00008080808080808080800000000000042C0
:1006B00042424242424242427E000000000000426A
:1006C00042424242424242241800000000000041DF
:1006D00041414149492A2A223E0000000000008190
:1006E0008142241818244283810000000000008108
:1006F000818181817E18181818000000000000FF19
:100700000102040810204080FF0000000000003CAF
:10071000303030303030303030303C00000000605D
:1007200060303018180C0C06060000000000003C79
:100730000C0C0C0C0C0C0C0C0C0C3C0000183C664B
:1007400000000000000000000000000000000000A9
:1007500000000000000000000000FF000038180C3E
:100760000000000000000000000000000000000089
:10077000003C06063E66663E000000000000006089
:10078000607C66666666667C000000000000000013
:10079000003C66606060663C0000000000000006EF
:1007A000063E66666666663E0000000000000000C9
:1007B000003C66667E60603C000000000000001E99
:1007C0003030307E3030303000000000000000005B
:1007D000003E66666666663E06067C0000000060B7
:1007E000607C666666666666000000000000181899
:1007F000007818181818187E0000000000000C0C73
:10080000003C0C0C0C0C0C0C0C0C78000000006074
:100810006066666C786C6666000000000000007818
:10082000181818181818187E0000000000000000A2
:10083000007E6B6B6B6B6B630000000000000000C0
:10084000007C6666666666660000000000000000C8
:10085000003C66666666663C000000000000000022
:10086000007C66666666667C606060000000000072
:10087000003E66666666663E0606060000000000EC
:1008800000666E70606060600000000000000000A4
:10089000003E60603C06067C000000000000003066
:1008A000307E30303030301E00000000000000008C
:1008B000006666666666663E000000000000000096
:1008C0000066666666663C180000000000000000D6
:1008D00000636B6B6B6B363600000000000000009D
:1008E0000066663C183C66660000000000000000E0
:1008F000006666666666663C0C18F0000000000044
:10090000007E060C1830607E000000000000000C25
:100910001818183060301818180C00000000001863
:10092000181818181818181818181800000000308F
:100930001818180C060C1818183000000000007168
:10094000DB8E00000000000000000000000000003E
:10095000000000000000000000000000000000187F
:1009600018181818181818001800000000000018AF
:100970001818000000000000000000000000002423
:10098000247E2424247E2424000000000018183C27
:10099000666030180C06663C18180000000070D81D
:1009A000DB760C18306EDB1B0E00000000000038F8
:1009B0006C6C38606F66663B000000000000001839
:1009C0001818000000000000000000000000000CEB
:1009D0001818303030303018180C0000000000308B
:1009E00018180C0C0C0C0C1818300000000000003B
:1009F00000361C7F1C3600000000000000000000D4
:100A00000018187E18180000000000000000000008
:100A10000000000000001C1C0C180000000000007A
:100A20000000007E00000000000000000000000048
:100A30000000000000001C1C00000000000000007E
:100A40000102040810204080000000000000007E29
:100A500042424242424242427E0000000000000CFC
:100A60000404040404040404040000000000007EE4
:100A70000202027E404040407E0000000000007EF6
:100A80000202027E020202027E000000000000223A
:100A9000222222223E020202020000000000007E0A
:100AA0004040407E020202027E0000000000007E04
:100AB0004040407E424242427E0000000000003E34
:100AC0000202020202020202020000000000007E96
:100AD0004242427E424242427E0000000000007ECE
:100AE0004242427E020202020200000000000000B8
:100AF0000018180000001818000000000000000096
:100B0000001818000000181808180000000000065F
:100B10000C18306030180C060000000000000000C7
:100B200000003C003C0000000000000000000060ED
:100B300030180C060C183060000000000000003C6B
:100B400066660C1818001818000000000000007EEF
:100B5000C3C3CFDBDBCFC07F000000000000007EFE
:100B60004242427E42424242420000000000007C7B
:100B70004444447E424242427E0000000000007E27
:100B80007E6060606060607E7E0000000000007833
:100B900044424242424242427E0000000000007E47
:100BA0007E60607E7E60607E7E0000000000007ED1
:100BB0004040407C40404040400000000000007E3B
:100BC000424240404E4242427E000000000000424D
:100BD0004242427E42424242420000000000007E09
:100BE00018181818181818187E00000000000002C5
:100BF00002020202020202027E0000000000004225
:100C000042444870484442424200000000000060F4
:100C1000606060606060607E7E00000000000042F6
:100C2000665A4242424242424200000000000063D3
:100C300063737B6F67636363630000000000007E83
:100C400042424242424242427E0000000000007E98
:100C50004242427E40404040400000000000007E92
:100C6000424242424242427E080000000000007EB2
:100C70004242427E44424242420000000000007E66
:100C80004040407E020202027E0000000000007E22
:100C90007E181818181818181800000000000042D4
:100CA00042424242424242427E0000000000004274
:100CB00042424242424242241800000000000041E9
:100CC00041414149492A2A223E00000000000066B5
:100CD000663C18183C6666666600000000000081ED
:100CE000818181817E18181818000000000000FF23
:100CF0000102040810204080FF0000000000003CBA
:100D0000303030303030303030303C000000006067
:100D100060303018180C0C06060000000000003C83
:100D20000C0C0C0C0C0C0C0C0C0C3C0000183C6655
:100D300000000000000000000000000000000000B3
:100D400000000000000000000000FF000038180C48
:100D50000000000000000000000000000000000093
:100D6000003C06063E66663E000000000000006093
:100D7000607C66666666667C00000000000000001D
:100D8000003C66606060663C0000000000000006F9
:100D9000063E66666666663E0000000000000000D3
:100DA000003C66667E60603C000000000000001EA3
:100DB0003030307E30303030000000000000000065
:100DC000003E66666666663E06067C0000000060C1
:100DD000607C6666666666660000000000001818A3
:100DE000007818181818187E0000000000000C0C7D
:100DF000003C0C0C0C0C0C0C0C0C7800000000607F
:100E00006066666C786C6666000000000000007822
:100E1000181818181818187E0000000000000000AC
:100E2000007E6B6B6B6B6B630000000000000000CA
:100E3000007C6666666666660000000000000000D2
:100E4000003C66666666663C00000000000000002C
:100E5000007C66666666667C60606000000000007C
:100E6000003E66666666663E0606060000000000F6
:100E700000666E70606060600000000000000000AE
:100E8000003E60603C06067C000000000000003070
:100E9000307E30303030301E000000000000000096
:100EA000006666666666663E0000000000000000A0
:100EB0000066666666663C180000000000000000E0
:100EC00000636B6B6B6B36360000000000000000A7
:100ED0000066663C183C66660000000000000000EA
:100EE000006666666666663C0C18F000000000004E
:100EF000007E060C1830607E000000000000000C30
:100F00001818183060301818180C0000000000186D
:100F10001818181818181818181818000000003099
:100F20001818180C060C1818183000000000007172
:100F3000DB8E000000000000000000000000000048
:100F400000000000000000000000000000000000A1
:100F50000000000000000000000000000000000091
:100F600000002000200020002000200020002000A1
:100F70002000000000002000000000000000000031
:100F80000000000070005000100000000000000091
:100F90000000000000000000000000000000000051
:100FA000000000000000084008407FE01080108032
:100FB0001080108031807FE02100210000000000BF
:100FC00000000000000004007FC044004400440012
:100FD00044007FC004400440044004407FC004003B
:100FE00000000000000000000020784048404880D9
:100FF000490079007AF0049004900890109010F065
:101000000000000000000000000000003F80208081
:10101000208031801E000E00336040C040E04090D0
:101020007F000000000000000000000000006000E1
:101030004000000000000000000000000000000070
:101040000000000000000000000000000800180080
:101050001000300020002000200020002000200090
:1010600020002000100010000800000000004000D8
:1010700020002000100010001000100010001000D0
:1010800010001000100030002000400000000000A0
:10109000000000000000080008006E0018003E007C
:1010A0000A0008000000000000000000000000002E
:1010B0000000000000000000040004000400040020
:1010C0007FC00400040004000400000000000000D1
:1010D0000000000000000000000000000000000010
:1010E00000000000000000000000300010002000A0
:1010F00000000000000000000000000000000000F0
:10110000000000007FC000000000000000000000A0
:1011100000000000000000000000000000000000CF
:10112000000000000000000000000000000020009F
:10113000200000000000000000000000010002008C
:101140000200040004000800080010001000200045
:1011500020004000400000000000000000000000EF
:101160007FC06040604060406040604060406040E0
:10117000604060407FC000000000000000000000F0
:10118000000070001000100010001000100010008F
:10119000100010001000100000000000000000000F
:1011A000000000003FC000400040004000407FC001
:1011B00060006000600060007FC000000000000070
:1011C0000000000000007FC00040004000400040E0
:1011D0001FC000400040004000407FC000000000F1
:1011E000000000000000000060406040604060407F
:1011F0006040604060407FC0004000400040000010
:10120000000000000000000000007FC060006000DF
:10121000600060007FC000400040004000407FC090
:101220000000000000000000000000007FC060001F
:101230006000600060007FC06040604060406040CF
:101240007FC00000000000000000000000007FC020
:101250000080008001000100020002000400040080
:101260000C0008000000000000000000000000006A
:101270007FC060406040604060407FC06040604030
:10128000604060407FC000000000000000000000DF
:1012900000007FC060406040604060407FC0004010
:1012A0000040004000407FC000000000000000003F
:1012B00000000000000000000000180018000000FE
:1012C00000000000000018001800000000000000EE
:1012D00000000000000000000000000018001800DE
:1012E00000000000000000001800180008001000B6
:1012F00000000000000000000080038006000C00D9
:101300003000600030000C00060003000080000088
:1013100000000000000000000000000000000000CD
:1013200000007FC0000000007FC00000000000003F
:10133000000000000000000000000000000030007D
:1013400018000600030001800300060018003000AA
:1013500020000000000000000000000000007F806E
:1013600040804080008003000C0008000800080056
:1013700000000C0000000000000000000000000061
:101380007FF8400840484FC84848484849C84F4837
:10139000403840007FC00000000000000000000056
:1013A00000001F00110011801080208020803F80ED
:1013B00020C02040604040400000000000000000CD
:1013C000000000007F8061806180618061807FC05B
:1013D00060406040604060407FC00000000000004E
:1013E0000000000000007FC060006000600060003E
:1013F000600060006000600060007FC000000000CE
:1014000000000000000000007F8060C0604060407D
:101410006040604060406040604060407FC00000CD
:10142000000000000000000000007F8060006000FD
:10143000600060007F8060006000600060007F806E
:101440000000000000000000000000007F8060003D
:101450006000600060007F0060006000600060006D
:1014600060000000000000000000000000007FC0DD
:10147000600060006000600067C0604060406040E5
:1014800060407FC00000000000000000000000007D
:1014900060C060C060C060C060C07FC060C060C02D
:1014A00060C060C060C000000000000000000000DC
:1014B00000001000100010001000100010001000BC
:1014C00010001000100010000000000000000000DC
:1014D00000000000060006000600060006000600E8
:1014E00006000600060006007E0000000000000066
:1014F0000000000000006080610063006200640082
:101500007C00660062006100618060800000000075
:10151000000000000000000060006000600060004B
:101520006000600060006000600060007FC000003C
:1015300000000000000000000000000000000000AB
:101540007F807F806D806D806D806D806D806D800F
:101550006D8000000000000000000000604060405E
:10156000704068406C4064406240614061C060C04F
:1015700060400000000000000000000000007FC08C
:10158000604060406040604060406040604060405B
:1015900060407FC00000000000000000000000006C
:1015A0000000000000007F807F806180618061809A
:1015B000618061807F807F806000600000000000AB
:1015C00000007FC06040604060406040604060401C
:1015D0006040604060407FC00200000000000000EA
:1015E000000000007FC060406040604060407FC0FD
:1015F00062006100618060806040000000000000C7
:101600000000000000007FC060006000600060001B
:101610007FC000400040004000407FC0000000004C
:1016200000000000000000007FC00400040004006F
:10163000040004000400040004000400040000008E
:1016400000000000000000000000604060406040BA
:1016500060406040604060406040604060407FC0EB
:10166000000000000000000000000000404060C0DA
:10167000208020803180110011000B000A000A0038
:1016800004000000000000000000000000006220D4
:10169000622062206220622062206220622062203A
:1016A00062207FE000000000000000000000000059
:1016B0006080218031001A000E0004000E001A0024
:1016C00011002180408000000000000000000000A8
:1016D000000040C02080318011001A000E0004007C
:1016E00004000400040004000000000000000000EA
:1016F000000000007F8001000300020006000400DB
:1017000008001800100020007FC00000000000004A
:101710000000380030003000300030003000300071
:101720003000300030003000300030003000380031
:1017300000000000000040004000200020001000D9
:10174000100008000800040004000200020001006C
:1017500000000000000070001000100010001000D9
:1017600010001000100010001000100010001000F9
:101770001000700000000000000000001C00360097
:101780000000000000000000000000000000000059
:101790000000000000000000000000000000000049
:1017A0000000000000000000000000000000000039
:1017B000000000000000FF0000000000000000002A
:1017C00020001000000000000000000000000000E9
:1017D0000000000000000000000000000000000009
:1017E00000000000000000003F00010001000100B7
:1017F0007F00410041007F00000000000000000069
:10180000000000000000000060007F006100610037
:1018100061006100610061007F00000000000000C5
:101820000000000000000000000000007F004000F9
:10183000400040004000400040007F0000000000E9
:1018400000000000000000000000000001007F0018
:101850006100610061006100610061007F000000C3
:101860000000000000000000000000000000000078
:101870007F80618061807F804000400040007F80E9
:101880000000000000000000000000000000000058
:101890003C00300030007C00300030003000300070
:1018A0003000000000000000000000000000000008
:1018B000000000007F8061806180618061807F80A6
:1018C000018001807F800000000000000000000017
:1018D0000000000040007F00410041004100410045
:1018E0004100410041000000000000000000000035
:1018F0000000000020000000600020002000200008
:101900002000200020002000000000000000000057
:101910000000000000003000000030003000300007
:101920003000300030003000300020004000000067
:101930000000000000000000000060006100620084
:10194000640078006C006400620061000000000028
:101950000000000000000000000020002000200027
:101960002000200020002000200020002000000097
:101970000000000000000000000000000000000067
:101980007F004900490049004900490049004900D9
:1019900049000000000000000000000000000000FE
:1019A00000007F0061006100610061006100610072
:1019B00061000000000000000000000000000000C6
:1019C000000000007F0061006100610061006100B3
:1019D00061007F0000000000000000000000000027
:1019E0000000000000007F804080408040804080F8
:1019F000408040807F8040004000400000000000A8
:101A000000000000000000007F8061806180618034
:101A10006180618061807F80018001800000000022
:101A2000000000000000000000007C00600060007A
:101A300060006000600060006000000000000000C6
:101A40000000000000000000000000007F80600037
:101A5000600060007F80018001807F8000000000C6
:101A60000000000000000000000000002000FC005A
:101A70002000200020002000200020003C0000006A
:101A80000000000000000000000000000000000056
:101A900061006100610061006100610061007F0020
:101AA0000000000000000000000000000000000036
:101AB00000004100430062002200240014001C00CA
:101AC00018000000000000000000000000000000FE
:101AD0000000000066606660666066606660666062
:101AE00066607FE0000000000000000000000000D1
:101AF0000000000000004100220036001C00080029
:101B0000140022006300000000000000000000003C
:101B10000000000000000000608060806080608045
:101B200060807F80008000807F80000000000000D7
:101B3000000000000000000000007F00020006001E
:101B40000C000800100020007F8000000000000052
:101B500000001800100020002000200020002000BD
:101B6000400020002000200020002000300018004D
:101B700000000000000020002000200020002000C5
:101B80002000200020002000200020002000200055
:101B90000000000000004000200030001000100095
:101BA00010001000180010001000100010001000AD
:101BB00020004000000000000000000000000000C5
:101BC0000000000020007D00070000000000000071
:101BD0000000000000000000000000000000000005
:101BE000E000A000A000A000A000A000A000A000B5
:101BF000A000E00000000000000000000000000065
:101C000000000000000000000000000000000000D4
:101C100000000000000000000000000000000000C4
:101C20000000000030003000300030003000300094
:101C300030003000300030000000000030000000B4
:101C400000000000000000003C003C003C003C00A4
:101C50000000000000000000000000000000000084
:101C60000000000000000000000000000E300C30FA
:101C70000C307FFC0C701C601C60186018607FF8D2
:101C80007FF838C030C000000000000000000000F5
:101C900003007FF073007300730073007FF0033064
:101CA00003300330033003307FF0030000000000F6
:101CB0000000000000187E386630666066E066C08E
:101CC0007F8003FE036606660E660C66187E38008B
:101CD00000000000000000003FE030603060306035
:101CE00038E00F8007001DD870F86038607C60E62F
:101CF0007FC0000000000000000000003000300045
:101D00003000300000000000000000000000000073
:101D100000000000000000000000000000000C00B7
:101D20001C001800180018001800180018001800EF
:101D3000180018001800180018000C000E00000011
:101D400000003000380018001800180018001800B3
:101D500018001800180018001800180018003800A3
:101D60007000000000000000000000000C000D806A
:101D70007F801E003F003D800C000E000000000030
:101D80000000000000000000000000000000000053
:101D900003000300030003007FF07FF00300030053
:101DA000030003000000000000000000000000002D
:101DB0000000000000000000000000000000000023
:101DC00000000000000038001800180000000000AB
:101DD0000000000000000000000000000000000003
:101DE0007FF07FF000000000000000000000000015
:101DF00000000000000000000000000000000000E3
:101E0000000000000000000000000000000038009A
:101E100038000000000000000000000001C0018048
:101E200003800300070006000E000C001C001800D1
:101E3000380030007000600000000000000000006A
:101E400000003FF030303030303030303030303023
:101E500030303030303030303FF0000000000000D3
:101E60000000000000007C001C001C001C001C0086
:101E70001C001C001C001C001C001C001C0000009E
:101E8000000000000000000000003FF000300030C3
:101E9000003000303FF030003000300030003000C3
:101EA0003FF00000000000000000000000003FF0D4
:101EB00000300030003000301FF0003000300030C3
:101EC000003000303FF00000000000000000000083
:101ED0000000303030303030303030303030303062
:101EE0003FF0003000300030003000000000000003
:101EF0000000000000003FF03000300030003000F3
:101F00003FF0003000300030003000303FF0000083
:101F1000000000000000000000003FF03000300032
:101F2000300030003FF03030303030303030303042
:101F30003FF00000000000000000000000003FF043
:101F40000060006000E000C001C001800380030069
:101F5000070006000E000000000000000000000066
:101F600000003FF030303030303030303FF0303033
:101F700030303030303030303FF0000000000000B2
:101F80000000000000003FF03030303030303030A2
:101F900030303FF000300030003000303FF00000C3
:101FA0000000000000000000000000000000000031
:101FB0001C001C00000000000000000000001C00CD
:101FC0001C000000000000000000000000000000F5
:101FD000000000001C001C000000000000000000C9
:101FE00000001C001C000C000C00000000000000A1
:101FF000000000E001C003800E001C003800380023
:102000000E000700038000E00060000000000000F8
:1020100000000000000000000000000000007FF051
:10202000000000007FF00000000000000000000041
:102030000000000000000000000070003C000E00E6
:10204000070001C000E001C0038007001C00380049
:102050003000000000000000000000007FE07FE092
:1020600060606060006001C0078006000600060036
:10207000000000000600000000000000000000005A
:102080007FFF60036003603B67F36633663366334C
:102090006FF36FFB600F60007FF000000000000036
:1020A0000000000000001FC018E018E01860186071
:1020B00038603FF0307030303030303070380000F1
:1020C000000000000000000000003FE030E030E0D1
:1020D00030E030E03FF830383038303830383038A1
:1020E0003FF80000000000000000000000003FF08A
:1020F0003000300030003000300030003000300060
:10210000300030003FF00000000000000000000040
:1021100000003FE0307030383038303830383038F8
:1021200030383038303830383FF8000000000000D8
:102130000000000000003FF03000300030003000B0
:102140003FE0300030003000300030003FF0000051
:10215000000000000000000000003FF030003000F0
:10216000300030003FC03000300030003000300020
:1021700030000000000000000000000000003FF000
:10218000300030003000300033F03030303030304C
:10219000303030303FF00000000000000000000050
:1021A0000000307030703070307030703FF0307040
:1021B00030703070307030703070000000000000FF
:1021C0000000000000001800180018001800180097
:1021D0001800180018001800180018001800000057
:1021E00000000000000000000000030003000300E6
:1021F00003000300030003000300030003000300C7
:102200007F0000000000000000000000000030E03F
:1022100030C031C0338033003F003300338031C0E1
:1022200030C030E03070000000000000000000000E
:10223000000030003000300030003000300030004E
:1022400030003000300030003FF00000000000009F
:10225000000000000000300E380E3C1E3C1E3E36D2
:102260003676336633E631C63186300630060000F6
:1022700000000000000000000000303838383C3812
:102280003E383638333833B831F830F83078307873
:1022900030380000000000000000000000003FF89F
:1022A00030383038303830383038303830383038EE
:1022B000303830383FF80000000000000000000017
:1022C00000003FF0303030303030303030303FF0D0
:1022D000300030003000300030000000000000000E
:1022E0000000000000003FF8303830383038303817
:1022F0003038303830383038303830383FF80180B6
:1023000001C000000000000000003FF0303030301D
:10231000303030303FF0338031C030C030E030708A
:1023200030300000000000000000000000003FF01E
:1023300030003000300030003FF00030003000301E
:10234000003000303FF000000000000000000000FE
:1023500000007FF0060006000600060006000600EA
:10236000060006000600060006000000000000004F
:102370000000000000003038303830383038303855
:102380003038303830383038303830383FF80000A6
:102390000000000000000000000070303070387055
:1023A000386018E01CC01CC00DC00F800F80078073
:1023B0000700000000000000000000000000319C49
:1023C000319C319C319C319C319C319C319C319CA5
:1023D000319C319C3FFC0000000000000000000028
:1023E0000000306038E019C00D800F800700070042
:1023F0000F801DC018C030E07070000000000000A9
:102400000000000000007070386018E01CC00D80F3
:102410000F80070007000700070007000700000003
:10242000000000000000000000007FE000C001C0CC
:1024300001800300070006000E001C001800380091
:102440007FF000000000000000001E0018001800CF
:1024500018001800180018001800180018001800BC
:1024600018001800180018001E00000000000000EE
:10247000600070003000380018001C000C000E00D6
:102480000600070003000380018001C00000000077
:1024900000003C000C000C000C000C000C000C00B8
:1024A0000C000C000C000C000C000C000C000C00CC
:1024B0003C000000000000000E001F003B800000F8
:1024C000000000000000000000000000000000000C
:1024D00000000000000000000000000000000000FC
:1024E00000000000000000000000000000000000EC
:1024F0000000000000000000FFC00000000000001D
:10250000700038001800000000000000000000000B
:1025100000000000000000000000000000000000BB
:102520000000000000000000000000003FC03FC0AD
:1025300000C000C07FC070C070C070C07FC000000D
:10254000000000000000000000000000300030002B
:102550003FC03FC030C030C030C030C030C030C0DD
:102560003FC000000000000000000000000000006C
:10257000000000003FC03FC030003000300030009D
:10258000300030003FC000000000000000000000EC
:102590000000000000C000C03FC03FC030C030C0DD
:1025A00030C030C030C030C03FC00000000000006C
:1025B0000000000000000000000000003FE03FE0DD
:1025C00030E030E03FE03000300030003FE000001D
:1025D0000000000000000000000000001F001800C4
:1025E000180018007F0018001800180018001800C4
:1025F00018000000000000000000000000000000C3
:10260000000000003FE03FE030E030E030E03FE03D
:102610003FE000E000E03FE03FE00000000000009D
:1026200000000000300030003FC03FC030C030C06C
:1026300030C030C030C030C030C0000000000000EA
:10264000000000000000180018000000780078006A
:1026500018001800180018001800180018000000D2
:10266000000000000000000000001800180000003A
:10267000180018001800180018001800180018009A
:10268000180038007000600000000000000000002A
:102690003000300031C03180330036003E0037005A
:1026A0003380318031C000000000000000000000D5
:1026B00000000000300030003000300030003000FA
:1026C000300030003000300030000000000000001A
:1026D0000000000000000000000000003FFC3FFC84
:1026E000339C339C339C339C339C339C339C000041
:1026F00000000000000000000000000000000000DA
:102700003FC03FC030C030C030C030C030C030C02B
:1027100030C00000000000000000000000000000C9
:10272000000000003FC03FC030C030C030C030C0EB
:1027300030C030C03FC000000000000000000000BA
:1027400000000000000000003FE03FE030E030E02B
:1027500030E030E030E030E03FE0300030000000BA
:102760000000000000000000000000003FE03FE02B
:1027700030E030E030E030E030E030E03FE000E0FA
:1027800000E0000000000000000000000000000069
:102790003F003F003000300030003000300030009B
:1027A00030000000000000000000000000000000F9
:1027B000000000003FE03FE0300030003FE000E07C
:1027C00000E000E03FE0000000000000000000002A
:1027D00000000000300030007F007F00300030003B
:1027E00030003000300030003F00000000000000EA
:1027F00000000000000000000000000030E030E0B9
:1028000030E030E030E030E030E030E03FE0000049
:1028100000000000000000000000000000000000B8
:1028200060C071C0318031803B001B001F000E0072
:102830000E0000000000000000000000000000008A
:1028400000000000331833183318331833183318C6
:10285000331833183FF800000000000000000000AB
:10286000000000000000000070C031801B801F00CD
:102870000E000F001B00398071C000000000000036
:102880000000000000000000000000003060306028
:1028900030603060306030603FE0006000603FE0FA
:1028A0000000000000000000000000000000000028
:1028B0003FC03F800380070006000C001C0038006A
:1028C0007FE000000000000000001C00180038003D
:1028D0003800380038003800700030003800380008
:1028E00038003800380018000C00000000003000EC
:1028F0003000300030003000300030003000300058
:1029000030003000300030003000300000000000A7
:1029100000003000380018001800180018001800D7
:102920001C001800180018001800180018003800C3
:102930007000000000000000000000000000000027
:10294000000038007E006FC0018000000000000021
:102950000000000000000000000000000000000077
:10296000F800D800D800D800D800D800D800D80087
:10297000D800D800F80000000000000000000000AF
:102980000000000000000000000000000000000047
:102990000000000000000000000000000000000037
:1029A0000000000000000000300030003000300067
:1029B00030003000300030003000300020000000D7
:1029C00000003000000000000000000000000000D7
:1029D0002C00280028002800000000000000000053
:1029E00000000000000000000000000000000000E7
:1029F0000000000000000000041804100C107FFC10
:102A00000C30083008200820182018207FFC1060A7
:102A100010403040000000000000000000000300F3
:102A20003FF0230023002300230023003FF03FF06A
:102A3000031003100310031003103FF00300000005
:102A400000000000000000047E086218621062208E
:102A5000626062407E8001BC0120022006200420CA
:102A60000820183C100000000000000000000000DA
:102A70003FF030303030303018600DC007000D8C22
:102A800038E86038601C603460607FC0000000007F
:102A900000000000000000002000200020002000B6
:102AA0000000000000000000000000000000000026
:102AB00000000000000000000000000004000C0006
:102AC0000800180010001000100010001000100086
:102AD0001000100010001000100018000C0004007E
:102AE000000000002000300010001800180018003E
:102AF0001800180018001800180018001800180016
:102B00001800180030002000000000000000000045
:102B1000000000000400248035800E001E00358077
:102B200024800400000000000000000000000000FD
:102B3000000000000000000000000000030003008F
:102B40000300030003007FF80300030003000300F9
:102B50000300000000000000000000000000000072
:102B60000000000000000000000000000000000065
:102B7000000000000000180018000800100000000D
:102B80000000000000000000000000000000000045
:102B90000000000000007FF80000000000000000BE
:102BA0000000000000000000000000000000000025
:102BB0000000000000000000000000000000000015
:102BC00000000000000000003000300000000000A5
:102BD00000000000000000C0008001800100030030
:102BE0000200060004000C0008001800100030006D
:102BF0002000600040000000000000000000000015
:102C000000003FF82018201820182018201820183D
:102C1000201820182018201820183FF80000000065
:102C2000000000000000000000007800080008001C
:102C30000800080008000800080008000800080054
:102C40000800080000000000000000000000000074
:102C500000003FF8001800180018001800183FF88E
:102C6000200020002000200020003FF8000000008D
:102C7000000000000000000000003FF800180018ED
:102C80000018001800181FF8001800180018001885
:102C900000183FF8000000000000000000000000E5
:102CA00000002010201020102010201020102010D4
:102CB0003FF03FF000100010001000100000000076
:102CC000000000000000000000003FF02000200095
:102CD0002000200020003FF0001000100010001025
:102CE00000103FF0000000000000000000000000A5
:102CF00000003FF020002000200020003FF03FF0C7
:102D0000201020102010201020103FF000000000A4
:102D1000000000000000000000003FF00030002034
:102D20000060004000C0008001800100030002003C
:102D30000600040000000000000000000000000089
:102D400000003FF8201820182018201820183FF8FD
:102D5000201820182018201820183FF80000000024
:102D6000000000000000000000003FF820182018BC
:102D70002018201820183FF8001800180018001814
:102D800000183FF8000000000000000000000000F4
:102D900000000000000000000C000C00000000001B
:102DA00000000000000000000C000C00000000000B
:102DB0000000000000000000000000000000000013
:102DC0000C000C00000000000000000000000000EB
:102DD0000C000C00040008000000000000000000CF
:102DE0000020006000C0038006001C00300030009E
:102DF0001C000600038001C00060002000000000ED
:102E000000000000000000000000000000000000C2
:102E100000007FF80000000000007FF800000000C4
:102E200000000000000000000000000000000000A2
:102E3000200030001C000E00030001C00060006094
:102E400001C0030006001C0030002000000000004C
:102E500000000000000000007FF060306030603053
:102E6000003000E0038006000600060006000000B7
:102E700000000600000000000000000000007FFCD1
:102E80007FFC6000600063F863F8661866106610E7
:102E9000645067D8670C600060007FF07FF000002E
:102EA00000000000000000000FC00860086018600B
:102EB0001820102010301FF03FF030103010201874
:102EC0002018601800000000000000000000000052
:102ED0003FE0206020602060206020603FF82008F4
:102EE000200820082008200820083FF800000000E3
:102EF00000000000000000003FF020002000200043
:102F000020002000200020002000200020002000C1
:102F100020003FF000000000000000000000000062
:102F20003FE0203020182018200820082008200822
:102F3000200820082008200820083FF80000000092
:102F400000000000000000003FF0200020002000F2
:102F5000200020003FE03FE0200020002000200073
:102F600020003FF000000000000000000000000012
:102F70003FF0200020002000200020003FE03FE044
:102F80002000200020002000200020000000000081
:102F900000000000000000003FF0200020002000A2
:102FA0002000200023F823F82018201820182018CB
:102FB00020183FF8000000000000000000000000A2
:102FC0002010201020102010201020103FF0201082
:102FD00020102010201020102010201000000000D1
:102FE0000000000000000000180018001800180081
:102FF0001800180018001800180018001800180011
:103000001800180000000000000000000000000090
:1030100001000100010001000100010001000100A8
:10302000010001000100010001007F00000000001C
:10303000000000000000000020302060204020C080
:10304000218023003F0023002180218020C02060B8
:1030500020602030000000000000000000000000A0
:103060002000200020002000200020002000200060
:10307000200020002000200020003FF00000000081
:103080000000000000000000200030003804280C80
:103090002C08241826102330216021C020C0208055
:1030A00020002000000000000000000000000000E0
:1030B0002018301838182C1824182618231821988E
:1030C000209820D8207820382038201800000000D0
:1030D00000000000000000003FF820182018201811
:1030E0002018201820182018201820182018201820
:1030F00020183FF800000000000000000000000061
:103100003FF82018201820182018201820183FF801
:1031100020002000200020002000200000000000EF
:1031200000000000000000003FF8201820182018C0
:1031300020182018201820182018201820182018CF
:1031400020183FF800800080000000000000000010
:103150003FF82018201820182018201820183FF8B1
:10316000208020C020602020203020180000000097
:1031700000000000000000003FF8200020002000B8
:10318000200020003FF83FF8001800180018001831
:1031900000183FF8000000000000000000000000E0
:1031A0007FF00200020002000200020002000200A2
:1031B0000200020002000200020002000000000003
:1031C000000000000000000020082008200820085F
:1031D00020082008200820082008200820082008AF
:1031E00020083FF800000000000000000000000080
:1031F00060182010303030301020186018600840FF
:103200000CC00CC004800780078003000000000091
:10321000000000000000000021842184218421841A
:103220002184218421842184218421842184218476
:1032300021843FFC000000000000000000000000AE
:1032400060303060106018C00D8005000700070076
:1032500005000D8018C01040306060300000000094
:1032600000000000000000006010303030201860C6
:1032700008C00C8005800700030003000300030062
:103280000300030000000000000000000000000038
:103290007FF00060004000C00180010003000600D4
:1032A00004000C000800180030003FF0000000008F
:1032B000000000001E0010001000100010001000A0
:1032C000100010001000100010001000100010007E
:1032D0001000100010001E00000000000000400060
:1032E0006000200030001000180008000C000400EE
:1032F00006000200030001000180008000C0000001
:10330000000000003C000C000C000C000C000C0045
:103310000C000C000C000C000C000C000C000C004D
:103320000C000C000C003C0000000000000000003D
:103330000E001B0000000000000000000000000064
:10334000000000000000000000000000000000007D
:10335000000000000000000000000000000000006D
:10336000000000000000000000000000000000005D
:10337000000000000000FFC000000000000000008E
:1033800030001000080000000000000000000000F5
:10339000000000000000000000000000000000002D
:1033A000000000000000000000000000000000001D
:1033B0001FC01FC0004000407FC07FC06040604011
:1033C00060407FC00000000000000000000000001E
:1033D00000000000200020003FC03FC020402040EF
:1033E000204020402040204020403FC000000000FE
:1033F00000000000000000000000000000000000CD
:103400003FE03FE0200020002000200020002000BE
:1034100020003FE00000000000000000000000006D
:1034200000000000006000603FE03FE0206020609E
:10343000206020602060206020603FE000000000ED
:10344000000000000000000000000000000000007C
:103450003FE03FE0206020603FE03FE020002000B0
:1034600020003FE00000000000000000000000001D
:10347000000000001F001000100010007F0010006E
:1034800010001000100010001000100000000000DC
:10349000000000000000000000000000000000002C
:1034A0003FE03FE020602060206020603FE000605F
:1034B0000060006000603FE00000000000000000CD
:1034C00000000000200020003FC03FC020402040FE
:1034D00020402040204020402040204000000000AC
:1034E00000000000000000000000100000000000CC
:1034F000700070001000100010001000100010008C
:10350000100010000000000000000000000000009B
:10351000000010000000000010001000100010005B
:1035200010001000100010001000100030002000EB
:1035300060000000000000000000000020002000EB
:1035400020C02180210023003E002600230021808E
:10355000208020C0000000000000000000000000EB
:10356000000000002000200020002000200020009B
:10357000200020002000200020002000000000008B
:10358000000000000000000000000000000000003B
:103590003FFC3FFC218421842184218421842184D7
:1035A00021842184000000000000000000000000D1
:1035B00000000000000000003FC03FC0204020404D
:1035C00020402040204020402040204000000000BB
:1035D00000000000000000000000000000000000EB
:1035E0003FE03FE02060206020602060206020609D
:1035F00020603FE00000000000000000000000002C
:1036000000000000000000003FE03FE0206020607C
:10361000206020602060206020603FE020002000CB
:10362000000000000000000000000000000000009A
:103630003FE03FE02060206020602060206020604C
:1036400020603FE00060006000000000000000001B
:1036500000000000000000003F003F0020002000AC
:10366000200020002000200020002000000000009A
:10367000000000000000000000000000000000004A
:103680003FE03FE0200020003FE03FE000600060BE
:1036900000603FE0000000000000000000000000AB
:1036A00000000000300030007F007F00300030005C
:1036B000300030003000300030003E0000000000DC
:1036C00000000000000000000000000000000000FA
:1036D00020602060206020602060206020602060EA
:1036E00020603FE00000000000000000000000003B
:1036F0000000000000000000404060C020803180D9
:10370000318011001B000A000E000E0000000000B6
:1037100000000000000000000000000000000000A9
:103720002108210821082108210821082108210851
:1037300021083FF800000000000000000000000029
:103740000000000000000000604030C011801B003D
:103750000E0006000F001900318060C0000000005C
:103760000000000000000000000000000000000059
:103770002020202020202020202020203FE03FE08B
:10378000002000203FE03FE00000000000000000BB
:1037900000000000000000003FC03FC001800300A7
:1037A000020004000C00180030003FE000000000A0
:1037B000000000000C001800100030003000300045
:1037C0003000300030002000300030003000300089
:1037D0003000300018000800000000000000100059
:1037E0001000100010001000100010001000100059
:1037F0001000100010001000100010001000100049
:1038000000000000600030001800180018001800C8
:103810001800180008000800180018001800180008
:103820001800180030002000000000000000000018
:103830000000000000000000000010007C004F406D
:1038400003C00000000000000000000000000000B5
:10385000000000000000000000000000F0009000E8
:1038600090009000900090009000900090009000D8
:103870009000F000000000000000000000000000C8
:103880000000000000000000000000000000000038
:103890000000000000000000000000000000000028
:1038A0000000000020002000200020002000200058
:1038B0002000200020002000000000002000000068
:1038C0000000000000000000280028002800280058
:1038D00000000000000000000000000000000000E8
:1038E0000000000000000000000000000C20082084
:1038F00008207FF0086018401840104010407FF00A
:103900007FF03080208000000000000000000000F8
:1039100002007FE062006200620062007FE002203D
:1039200002200220022002207FE0020000000000AE
:103930000000000000107C304420444044C044801B
:103940007D000370024004400C40084010703000BD
:1039500000000000000000003FC020402040204048
:1039600030C00F000600199060F04030407040C039
:103970007F80000000000000000000002000200008
:1039800020002000000000000000000000000000F7
:10399000000000000000000000000000000008001F
:1039A000180010001000100010001000100010008F
:1039B0001000100010001000100008000C000000A3
:1039C0000000200030001000100010001000100057
:1039D0001000100010001000100010001000300047
:1039E0006000000000000000000000000800090066
:1039F0007B001C003E00290008000C0000000000B5
:103A000000000000000000000000000000000000B6
:103A100002000200020002007FE07FE002000200DC
:103A20000200020000000000000000000000000092
:103A30000000000000000000000000000000000086
:103A40000000000000003000100010000000000026
:103A50000000000000000000000000000000000066
:103A60007FE07FE000000000000000000000000098
:103A70000000000000000000000000000000000046
:103A80000000000000000000000000000000300006
:103A90003000000000000000000000000180010074
:103AA00003000200060004000C00080018001000CB
:103AB0003000200060004000000000000000000016
:103AC00000003FE020202020202020202020202057
:103AD00020202020202020203FE0000000000000C7
:103AE00000000000000006000200020002000200C8
:103AF00002000200020002000200020002000000B8
:103B0000000000000000000000003FE00020002056
:103B1000002000203FE020002000200020002000A6
:103B20003FE00000000000000000000000003FE057
:103B300000200020002000201FE0002000200020A6
:103B4000002000203FE00000000000000000000016
:103B500000002020202020202020202020202020A5
:103B60003FE00020002000200020000000000000B6
:103B70000000000000003FE02000200020002000A6
:103B80003FE0002000200020002000203FE0000057
:103B9000000000000000000000003FE020002000C6
:103BA000200020003FE02020202020202020202076
:103BB0003FE00000000000000000000000003FE0C7
:103BC0000040004000C000800180010003000200AE
:103BD000060004000C0000000000000000000000CF
:103BE00000003FE020202020202020203FE0202057
:103BF00020202020202020203FE0000000000000A6
:103C00000000000000003FE0202020202020202095
:103C100020203FE000200020002000203FE00000A6
:103C20000000000000000000000000000000000094
:103C3000180018000000000000000000000018003C
:103C4000180000000000000000000000000000005C
:103C50000000000018001800000000000000000034
:103C60000000180018000800080000000000000014
:103C7000000000C0018003000C001800300030007C
:103C80000C000600030000C000400000000000001F
:103C900000000000000000000000000000007FE0C5
:103CA000000000007FE000000000000000000000B5
:103CB00000000000000000000000600038000C0060
:103CC0000600018000C001800300060018003000DB
:103CD0002000000000000000000000007FC07FC046
:103CE0004040404000400180070004000400040000
:103CF00000000000040000000000000000000000C0
:103D00007FF040004000403047E044204420442001
:103D10004DA04F70400040007FE000000000000018
:103D20000000000000001F8010C010C010401040B4
:103D300030403FE020602020202020206030000024
:103D4000000000000000000000003FC020C020C0B4
:103D500020C020C03FF020302030203020302030E4
:103D60003FF00000000000000000000000003FE005
:103D70002000200020002000200020002000200043
:103D8000200020003FE000000000000000000000D4
:103D900000003FC020602030203020302030203014
:103DA00020302030203020303FF0000000000000A4
:103DB0000000000000003FE0200020002000200064
:103DC0003FC0200020002000200020003FE0000035
:103DD000000000000000000000003FE02000200084
:103DE000200020003F802000200020002000200034
:103DF00020000000000000000000000000003FE084
:103E0000200020002000200023E02020202020206F
:103E1000202020203FE00000000000000000000003
:103E20000000206020602060206020603FE0206073
:103E30002060206020602060206000000000000002
:103E40000000000000001000100010001000100022
:103E500010001000100010001000100010000000F2
:103E6000000000000000000000000200020002004C
:103E70000200020002000200020002000200020032
:103E80007E0000000000000000000000000020C0D4
:103E900020802180230022003E0022002300218078
:103EA000208020C020600000000000000000000012
:103EB0000000200020002000200020002000200022
:103EC00020002000200020003FE000000000000053
:103ED00000000000000020003000381028102C20C6
:103EE0002460224023C02180210020002000000007
:103EF00000000000000000000000203030303830AA
:103F00002C3024302230233021B020B0207020709B
:103F100020300000000000000000000000003FF022
:103F20002030203020302030203020302030203011
:103F3000203020303FF000000000000000000000B2
:103F400000003FE0202020202020202020203FE0F3
:103F500020002000200020002000000000000000C1
:103F60000000000000003FF02030203020302030E2
:103F70002030203020302030203020303FF0010031
:103F8000018000000000000000003FE02020202011
:103F9000202020203FE023002180208020C02060BE
:103FA00020200000000000000000000000003FE0B2
:103FB00020002000200020003FE000200020002002
:103FC000002000203FE00000000000000000000092
:103FD00000007FE00400040004000400040004006A
:103FE00004000400040004000400000000000000BD
:103FF0000000000000002030203020302030203031
:104000002030203020302030203020303FF00000A1
:104010000000000000000000000060202060306010
:10402000304010C01880188009800D000D00070076
:104030000600000000000000000000000000211049
:1040400021102110211021102110211021102110E8
:10405000211021103FF000000000000000000000CF
:104060000000204030C0118009000F00060006004B
:104070000B001980108020C060600000000000006C
:104080000000000000006060304010C0188009008F
:104090000F000600060006000600060006000000ED
:1040A000000000000000000000007FC000800180D0
:1040B00001000200060004000C001800100030008F
:1040C0007FE000000000000000001C001000100055
:1040D0001000100010001000100010001000100060
:1040E00010001000100010001C0000000000000074
:1040F00040006000200030001000180008000C0094
:10410000040006000200030001000180000000001E
:104110000000380008000800080008000800080037
:10412000080008000800080008000800080008004F
:1041300038000000000000000C001A0033000000EE
:10414000000000000000000000000000000000006F
:10415000000000000000000000000000000000005F
:10416000000000000000000000000000000000004F
:104170000000000000000000FF80000000000000C0
:10418000600030001000000000000000000000008F
:10419000000000000000000000000000000000001F
:1041A0000000000000000000000000003F803F8091
:1041B000008000807F806080608060807F80000061
:1041C00000000000000000000000000020002000AF
:1041D0003F803F80208020802080208020802080A1
:1041E0003F80000000000000000000000000000010
:1041F000000000003F803F802000200020002000C1
:10420000200020003F8000000000000000000000AF
:1042100000000000008000803F803F8020802080E0
:1042200020802080208020803F800000000000004F
:104230000000000000000000000000003FC03FC080
:1042400020C020C03FC02000200020003FC0000050
:104250000000000000000000000000001E00100030
:10426000100010007E001000100010001000100060
:10427000100000000000000000000000000000002E
:10428000000000003FC03FC020C020C020C03FC091
:104290003FC000C000C03FC03FC0000000000000A1
:1042A00000000000200020003F803F802080208010
:1042B00020802080208020802080000000000000DE
:1042C00000000000000010001000000070007000EE
:1042D000100010001000100010001000100000006E
:1042E00000000000000000000000100010000000AE
:1042F000100010001000100010001000100010003E
:1043000010003000600040000000000000000000CD
:104310002000200021802100220024003C002600F3
:1043200023002100218000000000000000000000A8
:1043300000000000200020002000200020002000BD
:1043400020002000200020002000000000000000CD
:104350000000000000000000000000003FF03FF0FF
:1043600023102310231023102310231023100000E8
:10437000000000000000000000000000000000003D
:104380003F803F80208020802080208020802080EF
:10439000208000000000000000000000000000007D
:1043A000000000003F803F8020802080208020800F
:1043B000208020803F8000000000000000000000FE
:1043C00000000000000000003FC03FC020C020C02F
:1043D00020C020C020C020C03FC02000200000001E
:1043E0000000000000000000000000003FC03FC0CF
:1043F00020C020C020C020C020C020C03FC000C0BE
:1044000000C00000000000000000000000000000EC
:104410003E003E0020002000200020002000200060
:10442000200000000000000000000000000000006C
:10443000000000003FC03FC0200020003FC000C07F
:1044400000C000C03FC000000000000000000000ED
:1044500000000000200020007E007E0020002000E0
:1044600020002000200020003E000000000000008E
:1044700000000000000000000000000020C020C07C
:1044800020C020C020C020C020C020C03FC00000ED
:10449000000000000000000000000000000000001C
:1044A00040806180210021003200120016000C00C3
:1044B0000C000000000000000000000000000000F0
:1044C00000000000221022102210221022102210C0
:1044D000221022103FF00000000000000000000049
:1044E00000000000000000006080210013001E009A
:1044F0000C000E001200310061800000000000007E
:1045000000000000000000000000000020402040EB
:1045100020402040204020403FC0004000403FC09D
:10452000000000000000000000000000000000008B
:104530003F803F0003000600040008001800300020
:104540007FC00000000000000000180010003000D4
:1045500030003000300030006000200030003000BB
:104560003000300030001000080000000000200083
:10457000200020002000200020002000200020003B
:10458000200020002000200020002000000000006B
:10459000000020003000100010001000100010007B
:1045A0001800100010001000100010001000300063
:1045B000600000000000000000000000000000009B
:1045C000000030007C004F8001000000000000006F
:1045D00000000000000000000000000000000000DB
:1045E000F0009000900090009000900090009000EB
:1045F00090009000F00000000000000000000000AB
:1046000000000000000000000000000000000000AA
:10461000000000000000000000000000000000009A
:10462000000000000000000000000000000000008A
:10463000000000000000000000000000000000007A
:104640000000000000000000000003800003800064
:1046500003800003800003800003800003800003C8
:104660008000038000010000010000000000000045
:104670000003800003800000000000000000000034
:10468000000000000000000000000000000000002A
:1046900000000000000E70000E70000E700004207C
:1046A000000420000420000420000000000000009E
:1046B00000000000000000000000000000000000FA
:1046C00000000000000000000000000000000000EA
:1046D000000000000000000000000660000660000E
:1046E0000660000660000660003FF8003FF8000624
:1046F00060000CC0003FF8003FF8000CC0000CC088
:10470000000CC0000CC0000CC00000000000000045
:104710000000000000000000000000000000000198
:10472000800001800007B0000FF0001870001870C2
:10473000001C00000F800007E00000F000183000AF
:104740001C30001C70001FE0001BC0000180000135
:1047500080000180000180000000000000000000D7
:10476000000000000000000000000780000FC000F3
:104770001CE0001860001860001CE0000FF8000743
:10478000E0001FF000073800061800061800073880
:104790000003F00001E00000000000000000000045
:1047A0000000000000000000000000000000000009
:1047B000000000000000000003F00007F0000C60A3
:1047C000000C00000C00000600000700000F9C0019
:1047D0001DFC0018F0001870000FFC0007DC000042
:1047E00000000000000000000000000000000000C9
:1047F0000000000000000000000000000003800036
:10480000038000038000010000010000010000019E
:104810000000000000000000000000000000000098
:104820000000000000000000000000000000000088
:104830000000000000000000000000000000000078
:10484000000000180000380000700000F00000E0D8
:104850000000E00001C00001C00001C00001C00074
:1048600001C00001C00000E00000E0000070000096
:104870007000003800001800000000000000000078
:10488000000000000000000000001800001C0000F4
:104890000E00000E00000700000700000380000368
:1048A0008000038000038000038000038000070075
:1048B000000700000F00000E00001C0000180000A0
:1048C00000000000000000000000000000000000E8
:1048D00000000180000180000180001DB8001FF869
:1048E0000007E00003C00003C0000660000660008F
:1048F00000000000000000000000000000000000B8
:1049000000000000000000000000000000000000A7
:104910000000000000000000000000000000000097
:104920000180000180000180000180000180003FC3
:10493000FC003FFC0001800001800001800001803C
:1049400000018000000000000000000000000000E6
:104950000000000000000000000000000000000057
:104960000000000000000000000000000000000047
:104970000000000000000000000000000000000037
:1049800000000000000000E00000C00001C00001C5
:104990008000018000030000030000000000000010
:1049A0000000000000000000000000000000000007
:1049B0000000000000000000000000000000001FD8
:1049C000F8001FF8000000000000000000000000D8
:1049D00000000000000000000000000000000000D7
:1049E00000000000000000000000000000000000C7
:1049F00000000000000000000000000000000000B7
:104A000000000000000000000000000000000000A6
:104A100000000000000003C00003C00003C000004D
:104A20000000000000000000000000000000000086
:104A300000000000001800001800003800003000DE
:104A400000700000600000600000C00000C00001B5
:104A50008000018000030000030000060000060043
:104A6000000E00000C00001C0000180000180000E0
:104A70000000000000000000000000000000000036
:104A8000000003C00007E0000C30000C30001818D4
:104A90000018180018180018180018180018180026
:104AA0001818000C30000C300007E00003C00000B4
:104AB00000000000000000000000000000000000F6
:104AC00000000000000000000000008000078000DF
:104AD0001F80001D80000180000180000180000116
:104AE00080000180000180000180000180000180C1
:104AF000001FF8001FF80000000000000000000088
:104B000000000000000000000000000000000000A5
:104B1000000007C0001FF0003830003018003018C7
:104B20000000180000300000600001C00003800099
:104B30000600000C00001800003FF8003FF80000DD
:104B40000000000000000000000000000000000065
:104B50000000000000000000000003C0000FE000A3
:104B60000C700000300000300000600003C0000343
:104B7000E00000700000180000180000180018384D
:104B8000001FF0000FC00000000000000000000047
:104B90000000000000000000000000000000000015
:104BA000000000E00001E00001E00003600006609A
:104BB000000660000C60000C6000186000306000AF
:104BC0003FF8003FF80000600003F80003F8000021
:104BD00000000000000000000000000000000000D5
:104BE000000000000000000000001FF0001FF000A7
:104BF0001800001800001800001BC0001FF0001C67
:104C000030000018000018000018000018003030B4
:104C1000003FF0000FC00000000000000000000096
:104C20000000000000000000000000000000000084
:104C3000000000F80003F8000700000E00000C0060
:104C4000001800001BC0001FF0001C3000181800E6
:104C50001818001818000C38000FF00003E00000CE
:104C60000000000000000000000000000000000044
:104C7000000000000000000000001FF8001FF80006
:104C800018180018380000300000300000700000D4
:104C9000600000600000E00000C00000C00001C033
:104CA0000001800001800000000000000000000002
:104CB00000000000000000000000000000000000F4
:104CC000000007E0000FF0001C380018180018184A
:104CD000000C300007E00007E0000C30001818005E
:104CE0001818001818001C38000FF00007E000002A
:104CF00000000000000000000000000000000000B4
:104D00000000000000000000000007C0000FF000DD
:104D10001C30001818001818001818000C38000F64
:104D2000F80003D80000180000300000700000E018
:104D3000001FC0001F000000000000000000000075
:104D40000000000000000000000000000000000063
:104D5000000000000000000000000000000003C090
:104D60000003C00003C000000000000000000000BD
:104D700000000000000003C00003C00003C00000EA
:104D80000000000000000000000000000000000023
:104D90000000000000000000000000000000000013
:104DA00000000000000000F00000F00000F0000033
:104DB000000000000000000000000000E00001C052
:104DC00000018000018000030000020000000000DC
:104DD00000000000000000000000000000000000D3
:104DE0000000000000000000001C00003C0000F07B
:104DF0000003C0000F00003C0000F000003C000079
:104E00000F000003C00000F000003C00001C000088
:104E10000000000000000000000000000000000092
:104E20000000000000000000000000000000000082
:104E30000000000000000000007FFC007FFC00007C
:104E400000000000007FFC007FFC0000000000006C
:104E50000000000000000000000000000000000052
:104E60000000000000000000000000000000000042
:104E700000000000000000007000007800001E002C
:104E80000007800001E000007800001E00007800AC
:104E900001E0000780001E000078000070000000A4
:104EA0000000000000000000000000000000000002
:104EB0000000000000000000000000000007C0002B
:104EC0000FE000187000183000183000007000006B
:104ED000E00003C0000380000300000000000000A9
:104EE00000070000070000000000000000000000B4
:104EF00000000000000000000000000000000000B2
:104F0000000003E00007F0000E38000C18001878CD
:104F10000018F80019D8001998001998001998007D
:104F200018F8001878001800000C00000E18000790
:104F3000F80003E000000000000000000000000096
:104F4000000000000000000000000000001F8000C2
:104F50001FC00001C00003600003600006300006AF
:104F600030000C30000FF8001FF800180C00300C57
:104F700000FC7F00FC7F000000000000000000003B
:104F80000000000000000000000000000000000021
:104F900000000000007FE0007FF0001838001818C3
:104FA000001818001838001FF0001FF800181C0027
:104FB000180C00180C00180C007FF8007FF000009F
:104FC00000000000000000000000000000000000E1
:104FD0000000000000000000000000000003EC00E2
:104FE0000FFC001C1C00180C00300C0030000030BE
:104FF0000000300000300000300000180C001C1CC5
:10500000000FF80003F000000000000000000000A6
:105010000000000000000000000000000000000090
:1050200000000000007FC0007FF000183800181852
:1050300000180C00180C00180C00180C00180C00BC
:10504000180C001818001838007FF0007FE00000EE
:105050000000000000000000000000000000000050
:10506000000000000000000000000000007FF800C9
:105070007FF8001818001818001998001980001FF0
:1050800080001F8000198000199800181800181857
:10509000007FF8007FF80000000000000000000022
:1050A0000000000000000000000000000000000000
:1050B00000000000003FFC003FFC000C0C000C0C4A
:1050C000000CCC000CC0000FC0000FC0000CC000D2
:1050D0000CC0000C00000C00003FC0003FC00000EE
:1050E00000000000000000000000000000000000C0
:1050F0000000000000000000000000000003EC00C1
:105100000FFC001C1C00180C00300C00300000309C
:10511000000030FE0030FE00300C00380C001C1C7B
:10512000000FFC0003F00000000000000000000081
:10513000000000000000000000000000000000006F
:1051400000000000007E7E007E7E00181800181807
:10515000001818001818001FF8001FF80018180091
:105160001818001818001818007E7E007E7E0000B7
:10517000000000000000000000000000000000002F
:10518000000000000000000000000000001FF80008
:105190001FF80001800001800001800001800001F3
:1051A00080000180000180000180000180000180FA
:1051B000001FF8001FF800000000000000000000C1
:1051C00000000000000000000000000000000000DF
:1051D000000000000007FE0007FE00003000003065
:1051E000000030000030000030003030003030006F
:1051F0003030003030003060003FE0000F800000B1
:10520000000000000000000000000000000000009E
:10521000000000000000000000000000007F3E00D1
:105220007F3E0018300018600018C0001980001B75
:1052300080001FC0001CE0001870001830001838F3
:10524000007F1F007F1F0000000000000000000022
:10525000000000000000000000000000000000004E
:1052600000000000007F80007F80000C00000C0028
:10527000000C00000C00000C00000C00000C0C00E6
:105280000C0C000C0C000C0C007FFC007FFC0000E0
:10529000000000000000000000000000000000000E
:1052A00000000000000000000000000000F00F00FF
:1052B000F81F00381C003C3C003C3C00366C0036BB
:1052C0006C0033CC0033CC00318C00300C00300C3F
:1052D00000FE7F00FE7F00000000000000000000D4
:1052E00000000000000000000000000000000000BE
:1052F000000000000078FE0078FE001C18001E1858
:10530000001F18001B18001B980019D80018D8009F
:1053100018F8001878001838007F18007F1800006F
:10532000000000000000000000000000000000007D
:105330000000000000000000000000000003C000AA
:105340000FF0001C3800181800381C00300C00301A
:105350000C00300C00300C00381C001818001C38F1
:10536000000FF00003C0000000000000000000007B
:10537000000000000000000000000000000000002D
:1053800000000000003FF0003FF8000C1C000C0C77
:10539000000C0C000C0C000C18000FF8000FE000C3
:1053A0000C00000C00000C00003FC0003FC00000DB
:1053B00000000000000000000000000000000000ED
:1053C0000000000000000000000000000003C0001A
:1053D0000FF0001C3800181800381C00300C00308A
:1053E0000C00300C00300C00381C001818001C3861
:1053F000000FF00007C00007CC000FFC000C3800C5
:10540000000000000000000000000000000000009C
:1054100000000000007FE0007FF00018380018183E
:10542000001818001838001FF0001FC00018E00016
:105430001870001830001838007F1E007F0E000022
:10544000000000000000000000000000000000005C
:105450000000000000000000000000000007D8006D
:105460000FF8001C38001818001818001E00000F54
:10547000C00003F0000078001818001818001C384D
:10548000001FF0001BE00000000000000000000012
:10549000000000000000000000000000000000000C
:1054A00000000000003FFC003FFC00318C00318C0C
:1054B00000318C00318C00018000018000018000EF
:1054C0000180000180000180000FF0000FF000005B
:1054D00000000000000000000000000000000000CC
:1054E000000000000000000000000000007E7E00C0
:1054F0007E7E0018180018180018180018180018D8
:1055000018001818001818001818001818000C3087
:10551000000FF00003C000000000000000000000C9
:10552000000000000000000000000000000000007B
:1055300000000000007F7F007F7F00180C000C1827
:10554000000C18000C180006300006300003600044
:1055500003600003600001C00001C0000080000083
:10556000000000000000000000000000000000003B
:1055700000000000000000000000000000FE3F806E
:10558000FE3F8030060030060030860019CC00193E
:10559000CC001B6C001B6C001E7C000E38000E380B
:1055A000000C18000C1800000000000000000000B3
:1055B00000000000000000000000000000000000EB
:1055C00000000000007E7E007E7E001818000C3077
:1055D0000006600003C00001800001800003C000DD
:1055E0000660000C30001818007E7E007E7E0000F1
:1055F00000000000000000000000000000000000AB
:10560000000000000000000000000000007C7E00A0
:105610007C7E001818000C30000660000660000355
:10562000C000018000018000018000018000018035
:10563000000FF0000FF0000000000000000000006C
:10564000000000000000000000000000000000005A
:1056500000000000001FF8001FF8001818001830A4
:105660000018600018C00001800003000006180048
:105670000C18001818003018003FF8003FF8000020
:10568000000000000000000000000000000000001A
:105690000000000000000000000001F00001F00028
:1056A0000180000180000180000180000180000174
:1056B00080000180000180000180000180000180E5
:1056C0000001800001800001800001F00001F00075
:1056D000000000000000000000000000180000189A
:1056E00000001C00000C00000E0000060000060078
:1056F0000003000003000001800001800000C000E2
:1057000000C0000060000060000070000030000079
:105710003800001800001800000000000000000021
:10572000000000000000000000000F80000F80005B
:1057300001800001800001800001800001800001E3
:105740008000018000018000018000018000018054
:10575000000180000180000180000F80000F8000A8
:105760000000000000000000000000000000000039
:10577000800001C00003E0000770000630000C1834
:1057800000180C00100400000000000000000000E1
:105790000000000000000000000000000000000009
:1057A00000000000000000000000000000000000F9
:1057B00000000000000000000000000000000000E9
:1057C00000000000000000000000000000000000D9
:1057D00000000000000000000000000000000000C9
:1057E00000000000000000000000000000000000B9
:1057F000000000000000FFFF00FFFF0000000003AA
:10580000000003800000E0000060000000000000D5
:105810000000000000000000000000000000000088
:105820000000000000000000000000000000000078
:105830000000000000000000000000000000000068
:105840000000000000000000000000000000000058
:105850000000000000000FC0001FE000003000004A
:10586000300007F0001FF00038300030300030709A
:10587000001FFC000FBC0000000000000000000042
:105880000000000000000000000000000000000018
:1058900000007800007800001800001800001BE0ED
:1058A000001FF8001C1800180C00180C00180C0041
:1058B000180C00180C001C18007FF8007BE000009A
:1058C00000000000000000000000000000000000D8
:1058D00000000000000000000000000000000000C8
:1058E00000000000000003EC000FFC001C1C00384E
:1058F0000C00300C00300000300000380C001C1C84
:10590000000FF80003F0000000000000000000009D
:105910000000000000000000000000000000000087
:10592000000000780000780000180000180007D878
:10593000001FF80018380030180030180030180028
:105940003018003018001838001FFE0007DE000075
:105950000000000000000000000000000000000047
:105960000000000000000000000000000000000037
:1059700000000000000007E0001FF80018180030C9
:105980000C003FFC003FFC00300000300000180C11
:10599000001FFC0007F000000000000000000000F5
:1059A00000000000000000000000000000000000F7
:1059B000000001FC0003FC000600000600003FF8A8
:1059C000003FF80006000006000006000006000088
:1059D0000600000600000600003FF0003FF0000057
:1059E00000000000000000000000000000000000B7
:1059F00000000000000000000000000000000000A7
:105A000000000000000007DE001FFE001838003014
:105A100018003018003018003018003018001838FE
:105A2000001FF80007D80000180000180000380018
:105A30000FF0000FC0000000000000000000000098
:105A400000007800007800001800001800001BE03B
:105A5000001FF0001C380018180018180018180053
:105A60001818001818001818007E7E007E7E0000AE
:105A70000000000000000000000000000000000026
:105A80000000000000000000000001800001800014
:105A90000000000000001F80001F80000180000146
:105AA00080000180000180000180000180000180F1
:105AB000003FFC003FFC0000000000000000000070
:105AC00000000000000000000000000000000000D6
:105AD000000000C00000C0000000000000001FF037
:105AE000001FF000003000003000003000003000E7
:105AF00000300000300000300000300000300000B6
:105B000030000030000070001FE0001F8000000027
:105B1000000000000000000000003C00003C00000D
:105B20000C00000C00000CF8000CF8000CC0000D7C
:105B300080000F80000F00000F80000DC0000CE0FF
:105B4000003C7C003C7C00000000000000000000E5
:105B50000000000000000000000000000000000045
:105B600000001F80001F8000018000018000018074
:105B700000018000018000018000018000018000A0
:105B80000180000180000180003FFC003FFC00001C
:105B90000000000000000000000000000000000005
:105BA00000000000000000000000000000000000F5
:105BB000000000000000F77800FFFC0039CC003145
:105BC0008C00318C00318C00318C00318C00318C98
:105BD00000FDEF00FDEF00000000000000000000ED
:105BE00000000000000000000000000000000000B5
:105BF00000000000000000000000000000007BE04A
:105C0000007FF0001C380018180018180018180041
:105C10001818001818001818007E7E007E7E0000FC
:105C20000000000000000000000000000000000074
:105C30000000000000000000000000000000000064
:105C400000000000000003C0000FF0001C38003806
:105C50001C00300C00300C00300C00381C001C38CC
:105C6000000FF00003C00000000000000000000072
:105C70000000000000000000000000000000000024
:105C800000000000000000000000000000007BE0B9
:105C9000007FF8001C1800180C00180C00180C00ED
:105CA000180C00180C001C18001FF8001BE000184E
:105CB00000001800001800007F00007F00000000B6
:105CC00000000000000000000000000000000000D4
:105CD00000000000000007DE001FFE001838003042
:105CE000180030180030180030180030180018382C
:105CF000001FF80007D80000180000180000180066
:105D000000FE0000FE000000000000000000000097
:105D100000000000000000000000000000003E78CD
:105D2000003EFC0007CC0007000006000006000053
:105D30000600000600000600003FF0003FF00000F3
:105D40000000000000000000000000000000000053
:105D50000000000000000000000000000000000043
:105D600000000000000007F8000FF80018180018E5
:105D700018001F80000FF00000F8001818001838F5
:105D8000001FF0001FE00000000000000000000005
:105D90000000000000000000000000000000000003
:105DA00000000C00000C00000C00000C00003FF094
:105DB000003FF0000C00000C00000C00000C000084
:105DC0000C00000C00000C1C0007FC0003F000009D
:105DD00000000000000000000000000000000000C3
:105DE00000000000000000000000000000000000B3
:105DF000000000000000787800787800181800187B
:105E0000180018180018180018180018180018386A
:105E1000000FFE0007DE0000000000000000000090
:105E20000000000000000000000000000000000072
:105E300000000000000000000000000000007C3EA8
:105E4000007C3E001818001818000C30000C3000C0
:105E500006600006600007E00003C00003C0000009
:105E60000000000000000000000000000000000032
:105E70000000000000000000000000000000000022
:105E8000000000000000783C00783C00311800332E
:105E900098003398001AB0001EF0001EF0001C603D
:105EA000000C60000C60000000000000000000001A
:105EB00000000000000000000000000000000000E2
:105EC00000000000000000000000000000003E7C18
:105ED000003E7C000C300006600003C00001800022
:105EE00003C0000660000C30003E7C003E7C0000D9
:105EF00000000000000000000000000000000000A2
:105F00000000000000000000000000000000000091
:105F10000000000000007E1F007E1F00180C000C17
:105F200018000C180006300006300003600003E083
:105F30000001C00000C000018000018000030000DB
:105F40003FC0003FC0000000000000000000000053
:105F500000000000000000000000000000001FF82A
:105F6000001FF80018300018600000C00001800019
:105F70000300000618000C18001FF8001FF80000AE
:105F80000000000000000000000000000000000011
:105F90000000000000000000000000E00001E00040
:105FA000018000018000018000018000018000016B
:105FB0008000038000070000038000018000018052
:105FC0000001800001800001800001E00000E0008D
:105FD00000000000000000000000000000000000C1
:105FE000000001800001800001800001800001802C
:105FF000000180000180000180000180000180001C
:10600000018000018000018000018000018000010A
:1060100080000180000180000000000000000000FE
:1060200000000000000000000000070000078000E2
:1060300001800001800001800001800001800001DA
:10604000800001C00000E00001C00001800001806C
:10605000000180000180000180000780000700002F
:106060000000000000000000000000000000000030
:106070000000000000000000000000000000000020
:10608000000000000E00001F18003BB80031F000B7
:1060900000E0000000000000000000000000000020
:1060A00000000000000000000000000000000000F0
:1060B000000000005F6664625F696E69745F657806
:1060C000005F6664625F6465696E69740072656131
:1060D000645F736563746F725F696E666F00666F8D
:1060E000726D61745F736563746F720074736C5F5B
:1060F000617070656E64006664625F747364625F91
:10610000636F6E74726F6C006664625F7473646256
:106110005F696E6974000000000000009630077728
:106120002C610EEEBA51099919C46D078FF46A708B
:1061300035A563E9A395649E3288DB0EA4B8DC79AB
:106140001EE9D5E088D9D2972B4CB609BD7CB17E2B
:10615000072DB8E7911DBF906410B71DF220B06AFB
:106160004871B9F3DE41BE847DD4DA1AEBE4DD6D0B
:1061700051B5D4F4C785D38356986C13C0A86B640B
:106180007AF962FDECC9658A4F5C0114D96C06632B
:10619000633D0FFAF50D088DC8206E3B5E10694C0B
:1061A000E44160D5727167A2D1E4033C47D4044B4B
:1061B000FD850DD26BB50AA5FAA8B5356C98B2422B
:1061C000D6C9BBDB40F9BCACE36CD832755CDF45AB
:1061D000CF0DD6DC593DD1ABAC30D9263A00DE51DB
:1061E0008051D7C81661D0BFB5F4B42123C4B356CB
:1061F0009995BACF0FA5BDB89EB802280888055F4B
:10620000B2D90CC624E90BB1877C6F2F114C6858AA
:10621000AB1D61C13D2D66B69041DC760671DB0198
:10622000BC20D2982A10D5EF8985B1711FB5B6066A
:10623000A5E4BF9F33D4B8E8A2C9077834F9000FAA
:106240008EA8099618980EE1BB0D6A7F2D3D6D084A
:10625000976C6491015C63E6F4516B6B62616C1C3A
:10626000D83065854E0062F2ED95066C7BA5011B6A
:10627000C1F4088257C40FF5C6D9B06550E9B7120A
:10628000EAB8BE8B7C88B9FCDF1DDD62492DDA15CA
:10629000F37CD38C654CD4FB5861B24DCE51B53AEA
:1062A0007400BCA3E230BBD441A5DF4AD795D83DEA
:1062B0006DC4D1A4FBF4D6D36AE96943FCD96E342A
:1062C000468867ADD0B860DA732D0444E51D03330A
:1062D0005F4C0AAAC97C0DDD3C710550AA4102271A
:1062E00010100BBE86200CC925B56857B3856F20EA
:1062F00009D466B99FE461CE0EF9DE5E98C9D9294A
:106300002298D0B0B4A8D7C7173DB359810DB42E89
:106310003B5CBDB7AD6CBAC02083B8EDB6B3BF9AD5
:106320000CE2B6039AD2B1743947D5EAAF77D29D61
:106330001526DB048316DC73120B63E3843B649441
:106340003E6A6D0DA85A6A7A0BCF0EE49DFF099341
:1063500027AE000AB19E077D44930FF0D2A30887B1
:1063600068F2011EFEC206695D5762F7CB67658061
:1063700071366C19E7066B6E761BD4FEE02BD38961
:106380005A7ADA10CC4ADD676FDFB9F9F9EFBE8EC1
:1063900043BEB717D58EB060E8A3D6D67E93D1A101
:1063A000C4C2D83852F2DF4FF167BBD16757BCA6E1
:1063B000DD06B53F4B36B248DA2B0DD84C1B0AAF81
:1063C000F64A0336607A0441C3EF60DF55DF67A801
:1063D000EF8E6E3179BE69468CB361CB1A8366BC91
:1063E000A0D26F2536E2685295770CCC03470BBBE1
:1063F000B91602222F260555BE3BBAC5280BBDB2E1
:10640000925AB42B046AB35CA7FFD7C231CFD0B580
:106410008B9ED92C1DAEDE5BB0C2649B26F263EC72
:106420009CA36A750A936D02A906099C3F360EEB80
:106430008567077213570005824ABF95147AB8E240
:10644000AE2BB17B381BB60C9B8ED2920DBED5E520
:10645000B7EFDC7C21DFDB0BD4D2D38642E2D4F170
:10646000F8B3DD686E83DA1FCD16BE815B26B9F600
:10647000E177B06F7747B718E65A0888706A0FFF60
:10648000CA3B06665C0B0111FF9E658F69AE62F820
:10649000D3FF6B6145CF6C1678E20AA0EED20DD720
:1064A0005483044EC2B30339612667A7F71660D040
:1064B0004D476949DB776E3E4A6AD1AEDC5AD6D980
:1064C000660BDF40F03BD83753AEBCA9C59EBBDEA0
:1064D0007FCFB247E9FFB5301CF2BDBD8AC2BACA50
:1064E0003093B353A6A3B4240536D0BA9306D7CDC0
:1064F0002957DE54BF67D9232E7A66B3B84A61C4E0
:10650000021B685D942B6F2A37BE0BB4A18E0CC39F
:106510001BDF055A8DEF022D5F6664625F7772693B
:1065200074655F737461747573005F6664625F7233
:106530006561645F7374617475730066616C5F6933
:106540006E697400F804002066616C5F666C6173AC
:10655000685F696E69740066616C5F666C61736820
:106560005F6465766963655F66696E640072656124
:10657000640077726974650065726173650000007C
:10658000303150456664625F7473646200000000DD
:106590000000000000000000000000006E6F726646
:1065A0006C61736830000000000000000000000013
:1065B00000000000000000000000080000000000D3
:1065C000636865636B5F616E645F75706461746559
:1065D0005F706172745F63616368650066616C5FC0
:1065E000706172746974696F6E5F66696E6400666B
:1065F0006C6173685F6465766963655F66696E6424
:106600005F62795F706172740066616C5F67657468
:106610005F706172746974696F6E5F7461626C65DA
:106620000066616C5F7365745F7061727469746930
:106630006F6E5F7461626C655F74656D700066613A
:106640006C5F706172746974696F6E5F72656164AA
:106650000066616C5F706172746974696F6E5F77F8
:10666000726974650066616C5F70617274697469E7
:106670006F6E5F6572617365000000005C8B0300E4
:1066800001000000648B030004000000A88A0300DE
:106690001C000000348B03001F0000004C8B030023
:1066A00020000000808A030037000000548B0300A4
:1066B000620000003C8B030089000000B88A0300E0
:1066C0008C000000448B0300A10000002C8B030011
:1066D000AD000000C08A0300BF000000208B030053
:1066E000C8000000948A0300D5000000188B030046
:1066F000EF0000006C8B0300C2000000888A0300DA
:106700001F260000000020000A0000000002000018
:1067100081000000C48A0300EF401300000008005D
:10672000010000000010000020000000DC8A0300CF
:10673000EF401500000020000100000000100000E4
:1067400020000000D08A0300EF4016000000400047
:10675000010000000010000020000000F48A030087
:10676000EF40170000008000010000000010000052
:10677000200000000C8B0300EF6017000000800079
:10678000010000000010000020000000E88A030063
:10679000EF401800000000010100000000100000A0
:1067A00020000000008B0300EF40190000000002F1
:1067B000010000000010000020000000388A0300E3
:1067C000BF258E0000001000060000000010000031
:1067D00020000000688A0300BF254100000020005F
:1067E000060000000010000020000000288A0300BE
:1067F0002020160000004000010000000000010001
:10680000D8000000208A030020201400000010009F
:106810000100000000000100D8000000108A030001
:10682000202013000000080001000000000001000B
:10683000D8000000448A03001C301600000040000D
:10684000010000000010000020000000508A03003A
:10685000C840170000008000010000000010000088
:1068600020000000748A0300C840150000002000CA
:106870000100000000100000200000009C8A0300BE
:106880000140150000002000010000000010000081
:1068900020000000AC8A0300010215000000400047
:1068A000010000000010000020000000188A030012
:1068B000373014000000100001000000001000003C
:1068C00020000000308A03008C2013000000080024
:1068D0000600000000100000200000005C8A030099
:1068E000BF2541000000200006000000001000004D
:1068F0002000000068617264776172655F696E698B
:106900007400736F6674776172655F696E69740095
:10691000736675645F7265616400736675645F6356
:106920006869705F657261736500736675645F6541
:106930007261736500706167653235365F6F725FD3
:10694000315F627974655F7772697465006161694E
:106950005F77726974650072657365740072656152
:10696000645F6A656465635F6964007365745F771B
:10697000726974655F656E61626C656400736574ED
:106980005F345F627974655F616464726573735FBD
:106990006D6F646500736675645F726561645F73D3
:1069A000746174757300776169745F6275737900DF
:1069B0006D616B655F6164726573735F6279746545
:1069C0005F617272617900736675645F7772697472
:1069D000655F73746174757300736675645F726567
:1069E00061645F7366647000726561645F7366649E
:1069F000705F68656164657200726561645F6261A1
:106A00007369635F68656164657200726561645F84
:106A100062617369635F7461626C65007265616471
:106A20005F736664705F6461746100736675645F50
:106A3000736664705F6765745F7375697461626CB7
:106A4000655F657261736572007370695F77726903
:106A500074655F7265616400000000000000000062
:106A60000000000000000000000000000000000026
:106A70000000000000000000000000000000000016
:106A80000000000000000000000000000000000006
:106A900000000000000000000000000000000000F6
:106AA000000001001A00130010000D000900000092
:106AB00000000000000000000000000001001A00BB
:106AC000130001001A00100001001A000D0001005F
:106AD0001A00090000000000000000000000000093
:106AE00000000000000000000000000002002C0078
:106AF00022001C001600100001001200000000001F
:106B000000000000000001002C00220001002C0009
:106B10001C0001002C00160001002C0010000000D9
:106B20000000000000000000000000000000000065
:106B30000000000000000300460037002C00220087
:106B40001A00010016000000000000000000000014
:106B5000010046003700010046002C00020023001F
:106B60001100020023000D000000000000000000E2
:106B70000000000000000000000000000000000015
:106B800004006400500040003000240001001A009E
:106B90000000000000000000000001006400500040
:106BA0000200320020000200320018000400190028
:106BB00009000000000000000000000000000000CC
:106BC00000000000000000000000050086006C00CE
:106BD00056003E002E0001001E00000000000000D4
:106BE00000000000010086006C00020043002B0042
:106BF000020021000F00020021000B000000000035
:106C0000000000000000000002002200100002004E
:106C100022000C000600AC0088006C004C003C0018
:106C2000010022000000000000000000000002003F
:106C30005600440004002B001B0004002B0013002E
:106C400004002B000F000000000000000000000006
:106C5000000000000000000000000000000007002D
:106C6000C4009C007C005800420002001600260070
:106C70000000000000000000020062004E0004005E
:106C800031001F00020020000E00040027000D004C
:106C900000000000000000000000000004002100CF
:106CA0000F00010028000E000800F200C2009A0048
:106CB0006E005600020018002A00000000000000CC
:106CC000000002007900610002003C002600040080
:106CD00028001200040028000E0000000000000040
:106CE00002003D00270002002900130002002900D5
:106CF0000F0009002401E800B600840064000200CF
:106D00001A002E00000000000000000002009200A7
:106D1000740003003A002400040024001000040062
:106D200024000C0000000000000002003B002500D1
:106D3000040025001100040025000D000A005A017E
:106D40001201D8009A007A0002001C0032000000F4
:106D5000000000000000020056004400040045004E
:106D60002B0006002B00130006002B000F00020072
:106D700057004500010046002C0002002C001400C2
:106D800002002C0010000B0094014401FE00B4002E
:106D90008C0002001E003600000000000000000011
:106DA0000400650051000100500032000400320070
:106DB0001600030024000C00000000000000040086
:106DC00051003300040033001700080025000D00B7
:106DD0000C00D20172012201CE009E0002002000B0
:106DE0003A000000000000000000020074005C0097
:106DF00006003A00240004002E00140007002A00B8
:106E00000E00020075005D0002003B002500060038
:106E10002F00150004002B000F000D001402AC0120
:106E20004E01F400B400020022003E000000000009
:106E300000000000040085006B0008003B002500F6
:106E400008002C0014000C0021000B0000000000C2
:106E5000000001003C00260004002D001500040085
:106E600022000C000E004502CD016D010501C50098
:106E700003001A002E004200000000000000030082
:106E8000910073000400400028000B002400100053
:106E90000B0024000C00010092007400050041006A
:106EA0002900050025001100050025000D000F0038
:106EB0008F020B029F012701DF0003001A00300040
:106EC000460000000000000005006D0057000500AE
:106ED000410029000500360018000B0024000C00BA
:106EE00001006E005800050042002A00070037002C
:106EF0001900070025000D001000DD024D02C5013C
:106F00004501FD0003001A0032004A0000000000A5
:106F1000000005007A006200070049002D000F0004
:106F20002B00130003002D000F0001007B00630005
:106F300003004A002E0002002C0014000D002E0059
:106F4000100011002F038702FB016F011B010300DA
:106F50001E0036004E000000000000000100870007
:106F60006B000A004A002E000100320016000200E9
:106F70002A000E00050088006C0001004B002F0065
:106F80000F003300170011002B000F0012008503C3
:106F9000D10233028D01390103001E003800520076
:106FA0000000000000000500960078000900450080
:106FB0002B0011003200160002002A000E00010012
:106FC00097007900040046002C00010033001700F0
:106FD00013002B000F001300DF031B037302BD011E
:106FE000550103001E003A0056000000000000009A
:106FF00003008D007100030046002C0011002F00DB
:107000001500090027000D0004008E0072000B001F
:1070100047002D00040030001600100028000E006C
:1070200014003D045D039D02E5018101030022007F
:107030003E005A00000000000000030087006B00C3
:107040000300430029000F00360018000F002B003A
:107050000F00050088006C000D0044002A000500A8
:10706000370019000A002C00100015008404A40346
:10707000CA020002960104001C00320048005E00B3
:1070800000000000040090007400110044002A0079
:1070900011003200160013002E00100004009100B1
:1070A0007500000000000000060033001700060015
:1070B0002F0011001600EA04EE030E033802BA0195
:1070C00004001A0032004A006200000000000200C2
:1070D0008B006F0011004A002E00070036001800D8
:1070E000220025000D0007008C0070000000000049
:1070F0000000100037001900000000000000170019
:10710000540546045C036602D00104001E003600EC
:107110004E006600000000000400970079000400A3
:107120004B002F000B003600180010002D000F0040
:10713000050098007A000E004C0030000E00370069
:1071400019000E002E0010001800C20596049203CC
:107150009802020204001C00360050006A00000081
:107160000000060093007500060049002D000B008A
:10717000360018001E002E00100004009400760057
:107180000E004A002E0010003700190002002F00E8
:10719000110019003406FC04E803CE021A020400B0
:1071A00020003A0054006E00000000000800840037
:1071B0006A0008004B002F00070036001800160078
:1071C0002D000F00040085006B000D004C00300006
:1071D0001600370019000D002E0010001A00AA0634
:1071E0005A052604F202540204001E003A0056001A
:1071F0007200000000000A008E00720013004A00B6
:107200002E001C003200160021002E00100002008B
:107210008F00730004004B002F000600330017009E
:1072200004002F0011001B002407BC05680428037C
:107230007402040022003E005A00760000000000A4
:10724000080098007A00160049002D00080035005B
:1072500017000C002D000F00040099007B000300B4
:107260004A002E001A00360018001C002E001000E4
:107270001C008107FB05A9046703950205001A009D
:1072800032004A0062007A0000000300930075009B
:10729000030049002D000400360018000B002D00EB
:1072A0000F000A009400760017004A002E001F000D
:1072B000370019001F002E0010001D0003085F0694
:1072C000F3048F03BD0205001E0036004E00660069
:1072D0007E000000070092007400150049002D0098
:1072E00001003500170013002D000F000700930068
:1072F000750007004A002E002500360018001A000D
:107300002E0010001E008908C7065D05D903E9029A
:1073100005001A0034004E006800820000000500DD
:107320009100730013004B002F000F00360018006F
:1073300017002D000F000A00920074000A004C0094
:10734000300019003700190019002E0010001F002E
:1073500013093307AF050904190305001E0038009F
:1073600052006C00860000000D00910073000200C6
:107370004A002E002A003600180017002D000F00CA
:107380000300920074001D004B002F000100370025
:1073900019001C002E0010002000A109A3070506FB
:1073A0005B044D03050022003C00560070008A007B
:1073B00000001100910073000A004A002E000A002C
:1073C0003600180013002D000F0000000000000020
:1073D00017004B002F0023003700190023002E0058
:1073E00010002100330A17085F0693048503050087
:1073F0001E003A00560072008E000000110091003D
:1074000073000E004A002E001D00360018000B000D
:107410002D000F0001009200740015004B002F009A
:107420001300370019002E002E0010002200C90A98
:107430008F08BD06CF04C103050022003E005A009C
:107440007600920000000D00910073000E004A00CB
:107450002E002C00360018003B002E001000060005
:107460009200740017004B002F000700370019002E
:1074700001002F00110023003C0B02091407060530
:10748000DA0306001E0036004E0066007E009600FD
:107490000C00970079000C004B002F0027003600ED
:1074A000180016002D000F00070098007A001A003F
:1074B0004C0030000E003700190029002E0010008B
:1074C0002400DA0B82097A074A051E040600180018
:1074D00032004C00660080009A0006009700790098
:1074E00006004B002F002E003600180002002D0071
:1074F0000F000E0098007A0022004C0030000A00B5
:107500003700190040002E00100025007C0C060AF0
:10751000C8079205480406001C00360050006A00A7
:1075200084009E00110098007A001D004A002E0081
:1075300031003600180018002D000F0004009900DB
:107540007B000E004B002F000A00370019002E00B0
:107550002E0010002600220D8E0A3608DE05760465
:10756000060020003A0054006E008800A2000400CB
:1075700098007A000D004A002E00300036001800F6
:107580002A002D000F00120099007B0020004B0004
:107590002F000E003700190020002E0010002700D9
:1075A000CC0DFC0AA8082E06C60406001A003600F8
:1075B00052006E008A00A600140093007500280097
:1075C0004B002F002B00360018000A002D000F0082
:1075D00004009400760007004C00300016003700CD
:1075E000190043002E00100028007A0E8C0B1E0993
:1075F0008206FC0406001E003A00560072008E004F
:10760000AA0013009400760012004B002F00220005
:107610003600180014002D000F00060095007700BA
:107620001F004C0030002200370019003D002E00E2
:10763000100001020408102040801D3A74E8CD8734
:1076400013264C982D5AB475EAC98F03060C1830CE
:1076500060C09D274E9C254A94356AD4B577EEC10B
:107660009F23468C050A142850A05DBA69D2B96FD1
:10767000DEA15FBE61C2992F5EBC65CA890F1E3C48
:1076800078F0FDE7D3BB6BD6B17FFEE1DFA35BB63D
:1076900071E2D9AF4386112244880D1A3468D0BDF7
:1076A00067CE811F3E7CF8EDC7933B76ECC59733E0
:1076B00066CC85172E5CB86DDAA94F9E21428415E1
:1076C0002A54A84D9A2952A455AA49923972E4D550
:1076D000B773E6D1BF63C6913F7EFCE5D7B37BF6B7
:1076E000F1FFE3DBAB4B963162C495376EDCA557F7
:1076F000AE4182193264C88D070E1C3870E0DDA7D8
:1077000053A651A259B279F2F9EFC39B2B56AC455F
:107710008A09122448903D7AF4F5F7F3FBEBCB8B02
:107720000B162C58B07DFAE9CF831B366CD8AD47C9
:107730008E010000011902321AC603DF33EE1B6806
:10774000C74B0464E00E348DEF811CC169F8C80892
:107750004C71058A652FE1240F2135938EDAF012E2
:1077600082451DB5C27D6A27F9B9C99A09784DE4E9
:1077700072A606BF8B6266DD30FDE29825B31091DC
:10778000228836D094CE8F96DBBDF1D2135C83383D
:1077900046401E42B6A3C3487E6E6B3A2854FA8513
:1077A000BA3DCA5E9B9F0A15792B4ED4E5AC73F3A4
:1077B000A7570770C0F78C80630D674ADEED31C5AF
:1077C000FE18E3A5997726B8B47C114492D92320FA
:1077D000892E373FD15B95BCCFCD908797B2DCFC2B
:1077E000BE61F256D3AB142A5D9E843C3953476D7B
:1077F00041A21F2D43D8B77BA476C41749EC7F0C58
:107800006FF66CA13B52299D55AAFB6086B1BBCC9B
:107810003E5ACB595FB09CA9A0510BF516EB7A7577
:107820002CD74FAED5E9E6E7ADE874D6F4EAA85018
:1078300058AF57E59295EE6615FB432E3D764640D0
:107840005E202D4A98B06456646A6882DACE8C4E07
:1078500008B73D5BCA25333A3AED8C7C05636978FD
:10786000686B6D66A14C035BBF93A9B6C2E1782B30
:107870008BCE4E2BEF7BCED69318639627F3A3883F
:10788000D7EA9E5EB86176AA4FBB9894FCB30562B6
:107890006099113C4F323DA31ABBCAB4DDE153EFEE
:1078A0009CA4D4D4BCBED2ABF7F25DE60E6DDD3540
:1078B000C84A08AC6250DB86A069A5E7E579873045
:1078C000D375FB7E9FB4A998C0E2E4DA6F0075E837
:1078D0005760E315AD7D9E0267B6761191C96F1CA6
:1078E000A535A115F58E0D6630E39991DA46A8DF2E
:1078F000C868E0EA6CB46EBEC393CD1BE8C9152B13
:10790000F5572AC3D477F225097B29AD9198D81F62
:10791000B3B632306E56EF60DE7D2AADE2C1E08252
:107920009C25FBD8EE28C0B40A066ABEF9A704431A
:10793000D18A8A20F27B591B78B9509C2645AB3CF2
:107940001CDE5034FEB9DCF16F4D925E1A156C13DB
:10795000695E71C1568CA37D3A9EE5EFDA673846C1
:10796000723DB781A70D623E8133C8B76210AC1F6C
:10797000F6EA3C987300A79871F8EE6B123FDA258F
:1079800057D269B1784A79C475FB71E91E789F2294
:1079900026E4E63BF35F31DAB0A414412D6F2751A2
:1079A000317671DEC1FAF2A8D929A4F7B11EEE1220
:1079B00078993CC13B744FA1FC6280CD80A1F7391E
:1079C000A338EB6A351ABBAEE268AA07AF23B572DB
:1079D00058292FA37D864814E835230FFA67DDE682
:1079E000191289E700033AF2DDBF6E54E608BC6A5B
:1079F00060930F838B2265DF2765D5C7EDFEC97BBA
:107A0000ABA2C2753260BE073D7947F64537A8BCC8
:107A100059F3BF19487B09910EF701EE2C4E8F3EAA
:107A2000E07E767244A334C2D993CCA925827166D4
:107A300049B5705E5870FDE0CA73BB635905367175
:107A4000812C3A1087D8A9D3240104603CF14968FD
:107A5000EA08F9F577AE34199DE02BCADF13520F0F
:107A6000E419C482D3923C18FB5A2766F03DB23F1A
:107A70002E7B7312DD6F87A0B6CD6BCE5F9678B884
:107A80005B15F79C8CEEBF0B5EE35432A327226C90
:107A9000E87D9DA1A409762ED163CBC12303D16FCC
:107AA000C3F2CBE12E0D20A07ED182A0F2D7F24B03
:107AB0004D2ABD2071417C45E472EBAF7CAAD7E82A
:107AC00085CD743256BA32DCFB59C02E567F7C13FA
:107AD000B8E997D7160E3B9125F2CB86FE59BE5ECC
:107AE0003B417C7164E9EB79164C566127F2C8DCA6
:107AF0006521EFFE7433B71AC957D2DD71152E41D7
:107B00002D32EEB8F9E1663AD1DA6DA51A5FB8C048
:107B100034F523FEEEAFAC4F7B197A2B786CD7503F
:107B200080C9EB08993B651FC64C1F9C6A786B9D0A
:107B3000A4D87074025BF8A324C9CAE50690FE9B22
:107B400087D0AAD10C8B7F8EB6F9B1AEBE1C0A5578
:107B5000EFB8657C98CE6017A33D1BC4F7979ACA0F
:107B6000CF143D0A52741AF7421B3E6BFCB6C8B9DB
:107B7000EB37FBF2D2909AEDB08DC0F898F9CE5564
:107B8000FD8E41A57D17181E7AF0D60681DA1D916B
:107B90007F86CEF5751D293F9F8EE97D947B6B8C8A
:107BA0001A0C098DF3C5E2C5DB2DD365DB781CB556
:107BB0007F0664F702CDC63973DB656DA0522526BA
:107BC000EE31A0D179560B7C1EB55419C2574166CF
:107BD000BEDC461BD110590721F041CA716247DF54
:107BE000F876D65E007A251702E43A790769874E5F
:107BF000F376464CDF594832466FC211D47EB52326
:107C0000DD75EB0BE595937BD5287306C8641AF6F2
:107C1000B6DA7FD724BA6E6A2D33AF09079E9F313B
:107C200044775C7BB1CCBBFEC84E8D95771A7F350F
:107C3000A05DC7D41D18919CD096DAD104D85B2FD3
:107C4000B8922F8CC3C37DF2EE3F636C8CE6F21FBB
:107C5000CC0BB2F3D99CD5E70576DEB48888A23385
:107C60002E750DD751118BF7C5AB5FAD4189B2446D
:107C70006F5F652948D6A9C55F072C9A4D6FEC2820
:107C8000798F3F5750FDF07ED94D22E86A32A852D5
:107C90004C92436AAB19845D2D69F79FDF21E05D4B
:107CA0004D465AA020FE2B965465BECD85343CCA65
:107CB000A5DCCB975D540F54FDADA059E334C761EB
:107CC0005FE734B1297D89F1A6E17602362052D7EB
:107CD000AFC62BEEEB1B65B87F030508A3EE0A0CBD
:107CE0000E090B0D081010080A0C000077AB0240BB
:107CF000305F0C40C343EB3FBEBEE341C1CB2940E4
:107D00000000A03F000000009A99993E0000803FCB
:107D1000000000000000004000004040FA5A47C048
:107D20004F8D4C3FCDEB623FCF4D993D48F78CC016
:107D30005BAEF0BE936ACC3E57D1D4BC032150BF9A
:107D40007B4FFDBD7E905B3F94F9A3C1CD164BC028
:107D50008143D440B3421D403499AEC0BCC486BEFA
:107D6000C8A00ABF6F098840AD5EB73F1420C0BFEE
:107D7000094F6B40DC58B2C18B2FE7BEB9EC0B400A
:107D80001B33154004EF52C12FC8AD41E1B5FA3E97
:107D9000CAFF9EC0459307C17F46A64068CC83407A
:107DA0008575CB409AB10240356D14C0F412E3BF23
:107DB000DF24C63FBA8D3A40BFF1C73FA03B36C073
:107DC000249650C0C9C0673FCF5486BFC339A6BDF3
:107DD00081E3013E5711553BAFF4BE3FA53FCF3F76
:107DE000052B1C3FB245D73FDE21173F9F62703FF6
:107DF0001FEF353FBFA6B8BDC1F87E40E7BA2340AC
:107E0000E4B1F2BF1A1B3DC021E121BFA1440541ED
:107E1000E1C1ACC09B2520BF0DDB5A4048594BC087
:107E20005B0214BF83BF2BC1F344E7BE95216D40B5
:107E3000F0E244C0D63711C114E93E4148C4DF3EE8
:107E400049E81B405EE4D2401AA3E3C0C30CEF3FF5
:107E5000E5A5AAC03823C7BE097712404809B23F3A
:107E6000553CF2C0BEE380BFCA1B3F40C4EF79401F
:107E700083C36EC0908DE63DFBCDF73F0C8AF94081
:107E8000A7ECFD3F5B369C3FD65357C0ABE448C1DF
:107E900069547340B64187BF7A444041D8C1C53E5A
:107EA0003DB983C03EA585BFAEEDC3C0CFBE5A3F2E
:107EB0000D67D33D71048F40BCE327C143E10DBF83
:107EC0003EB94E4022A997400A64B5C00BD7393F4E
:107ED000D3CFD53F0C1DB13DE253E2BF203D8D3FD6
:107EE000553B28BFF366CDBFECB94740B0353B3DAD
:107EF0008D9F7DBF0B61323FDF66893F85AF06BF37
:107F0000E27A98400DF395BE83309040884C10C0C3
:107F10002F0C7FC03D7E133F2618FB40A80CAFC03E
:107F2000D81958408DFCD3C0414539BE4FD53D408E
:107F3000447702407DA2C53EA7AD623E30F9E23FE4
:107F4000DD90363F71224DBFEEBE8CBD5B82383F67
:107F5000892500BFF51EEC3E4C58874073628FBEEA
:107F6000FD5E7240962509C0EFD791C01A03033E0B
:107F700085C2EE40B9769AC0C46620408DC7B1C0B4
:107F8000B821E33DD39854C037CDF9BF90CC18C089
:107F900071FEF0BED2875AC06A11103FCBDFDA3FC4
:107FA00061486B3F41A397BED193C33E9505943F73
:107FB000A5A93341532B683E32715E41001612C1B0
:107FC000A43C70C18B5E443F0F1BF7BF3BEBB6BDBB
:107FD000B0BAB8BF23C1993F028B91BFEAAFDEBDF3
:107FE000FC0EC83F55B3C03DC33880BF850AF0BD05
:107FF0005B505E40DFA21FC07BC6433FA6D606C0D3
:1080000037A52A40A2560EC0416DE03FE444C1BFEF
:1080100006309FC000000000000000000000E03FAC
:10802000000000000000E0BF0000E0FE422EE63F3E
:108030000000E0FE422EE6BF763C7935EF39EA3D9E
:10804000763C7935EF39EABD3E5555555555C53F16
:1080500093BDBE166CC166BF2CDE25AF6A56113FBC
:10806000F16BD2C541BDBBBED0A4BE726937663EBE
:1080700004FA97999999D93FAF788E1DC571CC3F75
:108080009FC678D0099AC33F935555555555E53F3E
:10809000599322942449D23FDE03CB966446C73FCE
:1080A00044523EDF12F1C23F000000000000F03FEA
:1080B000000000000000F83F000000000000000089
:1080C0000000004003B8E23F000000000000000094
:1080D00006D0CF43EBFD4C3E033333333333E33F22
:1080E000FFAB6FDBB66DDB3F4D268F515555D53F4E
:1080F00001411DA96074D13F65DBC9934A86CD3F1C
:10810000EF4E454A287ECA3F3E5555555555C53F09
:1081100093BDBE166CC166BF2CDE25AF6A56113FFB
:10812000F16BD2C541BDBBBED0A4BE726937663EFD
:108130001F1D1F1E1F1E1F1F1E1F1E1F1F1C1F1E59
:108140001F1E1F1F1E1F1E1F00000000000000003A
:10815000004040404040404040404141414141405A
:10816000404040404040404040404040404040400F
:10817000400502020202020202020202020202029E
:1081800002202020202020202020200202020202A3
:1081900002029090909090901010101010101010FB
:1081A0001010101010101010101010100202020207
:1081B000020288888888888808080808080808084B
:1081C0000808080808080808080808080202020247
:1081D00040000000518103004150504B45593A2066
:1081E000253032782025303278202530327820250D
:1081F00030327820253032782025303278202530F2
:1082000032782025303278202530327820253032DF
:108210007820253032782025303278202530327889
:1082200020253032782025303278202530327800F1
:108230004E574B534B45593A202530327820253044
:10824000327820253032782025303278202530329F
:108250007820253032782025303278202530327849
:108260002025303278202530327820253032782091
:10827000253032782025303278202530327820257C
:1082800030327820253032780000000041505053C1
:108290004B45593A20253032782025303278202538
:1082A0003032782025303278202530327820253041
:1082B000327820253032782025303278202530322F
:1082C00078202530327820253032782025303278D9
:1082D0002025303278202530327820253032782021
:1082E00025303278000000002C4150504B45593A5F
:1082F0002530327825303278253032782530327882
:108300002530327825303278253032782530327871
:108310002530327825303278253032782530327861
:108320002530327825303278253032782530327851
:10833000000000002C4E574B534B45593A25303224
:108340007825303278253032782530327825303231
:108350007825303278253032782530327825303221
:108360007825303278253032782530327825303211
:108370007825303278253032782530327800000088
:108380002C415050534B45593A25303278253032E4
:1083900078253032782530327825303278253032E1
:1083A00078253032782530327825303278253032D1
:1083B00078253032782530327825303278253032C1
:1083C00078253032782530327800000052656164BB
:1083D00020466C617368204465766963652045506A
:1083E000442053686F77204D6F64653A2025642CD4
:1083F000204F7665727475726E3A2025642C205475
:10840000656D70657261747572653A20256400004F
:108410005265616420466C617368204465766963C7
:1084200065205265706F727420496E746572766152
:108430006C3A2025646D696E2C2053656E736F72E3
:10844000205265706F727420496E74657276616C2B
:108450003A2025646D696E004E6578742057616B13
:10846000652055702054696D653A20253032643A94
:10847000253032643A253032642C2054696D6520F1
:108480004E6F773A20253034642D253032642D2507
:108490003032643A253032643A253032643A25303D
:1084A0003264000055706461746520537973746997
:1084B0006D65204E6F77203A253034642D2530329B
:1084C000642D253032643A253032643A25303264E6
:1084D0003A25303264202C2054696D657374616DC7
:1084E00070203A256C64000041542B4150504B459C
:1084F000593D202530327820253032782025303201
:108500007820253032782025303278202530327896
:1085100020253032782025303278202530327820DE
:1085200025303278202530327820253032782025C9
:1085300030327820253032782025303278202530AE
:1085400032782C30000000000D0A4170704B6579C4
:108550003A2530327825303278253032782530325D
:10856000782530327825303278253032782530320F
:1085700078253032782530327825303278253032FF
:1085800078253032782530327825303278253032EF
:10859000780D0A00257320537563636573732C206F
:1085A000414C535F4348315F4144435F44617461D0
:1085B0003A2025642C20414C535F4348305F4144AE
:1085C000435F446174613A2025642C20436F6E76CA
:1085D00065727420414C53204C55583A2025642034
:1085E00000000000205A4D4F443434585820436F47
:1085F0006E766572742054564F4320526573756CC5
:1086000074733A202566206D672F6D5E332C2049E8
:1086100041513A2025342E31662C204C6576656C0C
:108620003A2025640A0000004572726F72202564AA
:10863000207A6D6F643434313020647572696E67EE
:108640002072656164206F662073656E736F72209F
:108650007374617475732C2065786974696E672012
:1086600070726F6772616D2100000000205A4D4FDB
:10867000443434585820436F6E76657274205456D3
:108680004F4320526573756C74733A202566206DD4
:10869000672F6D5E332C204941513A2025342E310D
:1086A000662C204C6576656C3A2025642C20436F3F
:1086B000756E743A20256400545344422028257373
:1086C00029206F6C6465737420736563746F7273B3
:1086D000206973203078253038582C2063757272E9
:1086E000656E74207573696E6720736563746F724D
:1086F000206973203078253038582E0A0000000099
:108700005761726E696E673A2063757272656E7436
:108710002074696D657374616D702028256A642901
:10872000206973206C657373207468616E207468AF
:1087300065206C61737420736176652074696D6562
:108740007374616D702028256A64292E205468692D
:10875000732074736C2077696C6C2062652064727E
:108760006F707065642E0A005761726E696E673AA9
:1087700020536563746F722073746174757320691C
:10878000732077726F6E672C207468657265206144
:108790007265206D756C7469706C652073656374A7
:1087A0006F727320696E207573652E0A00000000D9
:1087B0004572726F723A207365742066696C652029
:1087C0006D6F6465204661696C65642E20506C6530
:1087D00061736520646566696E65642074686520F0
:1087E0004644425F5553494E475F46494C455F4DAD
:1087F0004F4445206D6163726F2E0000466C6173BB
:108800006820646576696365207C20252A2E2A739A
:10881000207C20616464723A2030782530386C788E
:10882000207C206C656E3A20307825303878207CAA
:1088300020626C6B5F73697A653A20307825303836
:1088400078207C696E697469616C697A65642066F8
:10885000696E6973682E0000496E697469616C699C
:108860007A65206661696C65642120506172746963
:1088700074696F6E28257329206F6666736574208E
:108880006164647265737328256C6429206F757444
:10889000206F6620666C61736820626F756E642855
:1088A0003C2564292E000000506172746974696F60
:1088B0006E207772697465206572726F7221202054
:1088C000446F6E277420666F756E6420666C6173EA
:1088D000682064657669636528257329206F6620A2
:1088E00074686520706172746974696F6E2825738D
:1088F000292E0000506172746974696F6E20726570
:108900006164206572726F722120446F6E2774203B
:10891000666F756E6420666C617368206465766945
:10892000636528257329206F66207468652070614F
:1089300072746974696F6E282573292E0000000017
:10894000506172746974696F6E206572617365201D
:108950006572726F722120446F6E277420666F7586
:108960006E6420666C61736820646576696365284F
:10897000257329206F6620746865207061727469A0
:1089800074696F6E282573292E0000006E6F726661
:108990006C617368300000005350493200000000E1
:1089A000573235583430434C535349470000000088
:1089B00054686520666C61736820646576696365D8
:1089C000206D616E756661637475726572204944CD
:1089D000206973203078253032582C206D656D6FFA
:1089E0007279207479706520494420697320307849
:1089F000253032582C206361706163697479204995
:108A000044206973203078253032582E0000000051
:108A10004D323550343000004132354C3038300062
:108A20004D323550383000004D3235503332000071
:108A30004632354C3030340053535432355646307C
:108A400038304200454E323551333242000000008A
:108A5000474432355136344200000000504354320E
:108A6000355646303136420053535432355646302F
:108A70003136420047443235513136420000000061
:108A8000414D4943000000004154343544423136E1
:108A90003145000049535349000000005332354628
:108AA0004C3231364B000000454F4E0053323546B4
:108AB0004C3033325000000045534D54000000004C
:108AC00053535400573235513430425600000000A1
:108AD000573235513332425600000000573235517B
:108AE000313642560000000057323551313238429B
:108AF000560000005732355136344356000000000E
:108B0000573235513235364656000000573235510E
:108B1000363444570000000057696E626F6E64007F
:108B20004769676144657669636500004879756ED9
:108B30006461690041746D656C000000496E746584
:108B40006C000000467564616E0000004D69637240
:108B50006F6E000053616E796F0000004379707290
:108B60006573730046756A69747375004D69637245
:108B70006F6E6978000000004572726F723A204390
:108B80006865636B2053464450207369676E617457
:108B9000757265206572726F722E2049742773207A
:108BA0006D75737420626520353034343436353356
:108BB0006828275327202746272027442720275087
:108BC00027292E005761726E696E673A20526561DF
:108BD00064205346445020706172616D6574657203
:108BE0002068656164657220696E666F726D61747C
:108BF000696F6E206661696C65642E20546865201B
:108C00002573206973206E6F7420737570706F7296
:108C100074204A4544454320534644502E000000EA
:108C200034204B422045726173652069732073754F
:108C300070706F72746564207468726F7567686FA6
:108C4000757420746865206465766963652E2043B9
:108C50006F6D6D616E6420697320307825303258F5
:108C60002E000000436865636B204A45444543205D
:108C7000626173696320666C617368207061726100
:108C80006D65746572206865616465722069732022
:108C90004F4B2E20546865207461626C65206964B6
:108CA0002069732025642C20726576657273696F64
:108CB0006E206973205625642E25642C206C656E09
:108CC0006774682069732025642C20706172616D5F
:108CD00065746572207461626C6520706F696E7472
:108CE00065722069732030782530366C582E00006C
:108CF0004572726F723A2054686520666C617368C1
:108D0000206361706163697479206973206772619F
:108D1000746572207468616E2033322047622F20A0
:108D20003420474221204E6F7420537570706F724B
:108D30007465642E000000004572726F723A205410
:108D400068697320726576657273696F6E2856253F
:108D5000642E256429204A45444543206261736995
:108D60006320666C61736820706172616D65746503
:108D70007220686561646572206973206E6F74206B
:108D8000737570706F727465642E0000426C6F634F
:108D90006B2050726F74656374206269747320690C
:108DA0006E206465766963652773207374617475DA
:108DB00073207265676973746572206172652073D0
:108DC0006F6C656C7920766F6C6174696C652E00D0
:108DD000466C6173682064657669636520726571AD
:108DE000756972657320696E737472756374696FE7
:108DF0006E20353068206173207468652077726951
:108E0000746520656E61626C65207072696F722096
:108E1000746F20706572666F726D696E6720612075
:108E2000766F6C6174696C65207772697465207403
:108E30006F20746865207374617475732072656740
:108E400069737465722E0000466C617368206465F6
:108E50007669636520726571756972657320696EE4
:108E6000737472756374696F6E2030366820617335
:108E70002074686520777269746520656E61626C24
:108E800065207072696F7220746F20706572666FF2
:108E9000726D696E67206120766F6C6174696C65B4
:108EA00020777269746520746F207468652073740C
:108EB000617475732072656769737465722E000042
:108EC0004572726F723A20546865204A45444543A2
:108ED00020626173696320666C61736820706172DF
:108EE000616D65746572207461626C65206C656E7D
:108EF00067746820286E6F772069732025642920A5
:108F00006572726F722E0000288F0300000000202F
:108F10001008000042590000B8910300100800201A
:108F2000400301002C1A0100012803366464D019A3
:108F300006011501260137014A015D017101880111
:108F40009F01B801D201EE0153127A14083FBC22EE
:108F500065E816012D35C7963275D743B4E73BEA6D
:108F600091681A3B4164647214E910E1923C1B0160
:108F70000F011D0101010F72CA0176011D0E2301AF
:108F80004F8F4F8F380B26010F2A0914620A274F83
:108F90006209222A39ED0131198C092538198C0909
:108FA00036620A274F6209272A192609328C0927B7
:108FB000380B35018F620A274F620929C41430101B
:108FC000183CAEFE02085ADE084B0EFF085A3E0857
:108FD0005A6E085A9E085ACE085AFE08122E3A03B4
:108FE000081A5E089112502428C3E3138040101021
:108FF00050FF38FED4FE70FE0CFDA8FD44FCE014CA
:109000005202672008CD03342303A34318130649F3
:10901000064A064B064C064D064E069706D70657DF
:10902000081A4D101E4B064A865940312340021340
:1090300004041B2050081A06081A60081A0808239E
:1090400068041A0A081A970881393022102A0E304B
:1090500022082A1E3019202A263022202A2A3019D6
:109060000841F207145C0303120812104B4C090864
:109070001C3C0F030612112BFC1B081212147C2936
:1090800003120E1214147C38031A0C101CFC450336
:109090001E9218000A156E6F72666C61736830322A
:1090A00040120114899A011425B50114F504021C1B
:1090B000ED5701120112548C89031AA00834EF40B5
:1090C000174A082819D829BB5A9820014D1C480175
:1090D00040D50A124090C18B32787C9A390C5A43A1
:1090E0000C1A50081A5F041A6F045A80145A920816
:1090F0005AA6085ABC085AD4085AEE084B0A7908EE
:109100005A28085A48085A6A085A8E085AB4085AFF
:10911000DC084B067A085A32085A60085A90085AF6
:10912000C2085AF6084B2C7B085A64085A9E085A03
:10913000DA084B187C085A58085A9A08011C000D86
:10914000347F415D5D5D417F1F1115111F382A433A
:109150006F7079726967687420286329204D69638C
:10916000726F736F667420436F72706F726174698F
:109170006F6E2E20416C6C20252818732072657349
:1091800065727665642E20202A20205468726561FD
:1091900064582E18107465782D4D302F41433520BA
:1091A0005665727338000A1820362E312E31312060
:0891B0002A1AF001015C000025
:04000005000040C1F6
:00000001FF
