:020000040800F2
:10000000C8140020D9000008C95B0008E3000008FC
:1000100000000000000000000000000000000000E0
:10002000000000000000000000000000BD600008AB
:100030000000000000000000CD5B0008BF60000869
:10004000EB000008EB000008595E0008EB00000818
:10005000EB000008EB000008EB00000891370008F7
:1000600000000000EB000008EB000008EB000008B7
:1000700099110008EB00000800000000EB000008E8
:1000800000000000556400080000000000000000AF
:10009000EB00000800000000EB000008EB00000887
:1000A000EB000008EB000008EB0000083D650008CD
:1000B00091650008EB00000800000000000000004F
:1000C0000448854600F056FE00480047619A000843
:1000D000C046C046C8140020044880470448004772
:1000E000FEE7FEE7FEE7FEE7FEE7FEE7F961000850
:1000F000C100000830B50B46014600202022012433
:1001000009E00D46D5409D4205D31D469540491B4B
:100110002546954040191546521E002DF1DC30BD94
:1001200070B500242546002801DA01244042002948
:1001300001DA01254942FFF7DDFFAC4200D0404221
:10014000002C00D0494270BDF0B51FB40646002017
:1001500082B005464024019100901BE0019922469F
:100160000F46304600F0A2FC049A059B801A994184
:1001700010D310461946224600F088FC361A8F41EB
:100180000197224601200021009F00F07FFC3818D3
:100190004D4100902046641E0028DFDC019B009842
:1001A0002946324607B0F0BD10B5024900F004F808
:1001B00010BD0000980E002070B50C4600683C2170
:1001C000FFF798FF21603C21FFF794FF6160182141
:1001D000FFF790FF0546A1600721001DFFF78AFF8A
:1001E000A1610F48A90008180E49FFF783FF0246D6
:1001F000443288086261E0613B2802D3910700D055
:10020000401C0021084B0A462161995C814203D8B9
:10021000401A521C2261F8E7401CE060204670BD85
:100220006C0B0000B50500007ADD000838B5044607
:10023000C0681821401E4843A16840183C2148432B
:10024000616840183C2148432168451860690C21C9
:100250004843216940186921C900401A3021FFF73D
:100260005FFF114A50434219084600921A2902DBE7
:100270000E49511800910C21FFF752FF0C4A5043D0
:10028000009A801800900B4806E0491E425C074B1C
:100290005A43009BD21800920029F6DC214668469A
:1002A000FFF78AFF009838BD801F86078051010044
:1002B0008033E10186DD000810B503461C460C437F
:1002C000A40703D009E010C9121F10C3042AFAD2F0
:1002D00003E00C781C70491C5B1C521EF9D210BD47
:1002E000D2B201E00270401C491EFBD270470022CE
:1002F000F6E710B513460A4604461946FFF7F0FF25
:10030000204610BD30B505462A460B4610781C78AD
:10031000521C5B1C002801D0A042F7D0002C03D057
:10032000002802D06D1CEFE7284630BD421C017842
:10033000401C0029FBD1801A704730B504460020CC
:10034000034600E05B1C934203D2E05CCD5C401BA3
:10035000F8D030BD0FB400B58DB009900B9010A946
:1003600000200091C0430A9000200C90064806909F
:10037000064807906A4609A80F9900F0D1FB0DB016
:1003800008BC04B018470000410B0008610B0008CE
:10039000FFB50027FF4383B000205C6801909E6892
:1003A0001D46A9697F1C049888470090296A8847E0
:1003B0000028F6D10098401C0CD003204002844352
:1003C000002E19DD600614D500982B2809D02D28A1
:1003D0000FD103E00020C04307B0F0BD0120800230
:1003E0000443A9697F1C04988847761E0090002E5C
:1003F00002DD0098302803D00598002825D035E08C
:10040000012040020443A969761E7F1C0498884796
:100410000090002E03DD782805D0582803D00598D9
:10042000002810D022E00598002801D010281DD106
:10043000012040028443A969761E7F1C04988847E6
:100440000090102002E0082000E00A2005900DE056
:10045000012149020C43059A0199761E514308185F
:100460000190A9697F1C049888470090002E05DD43
:100470000599009800F03EFB0028E9DAE969049844
:100480008847A00502D40120C043A5E7E00722D198
:10049000600611D56005019800D5404229680A1D03
:1004A0002A600968220501D5087014E0220701D5E9
:1004B000088010E008600EE02868011D29600068CF
:1004C000210502D50199017005E02107019901D5A7
:1004D000018000E0016038467EE7FFB5002083B070
:1004E000009050680190916914460026976804981E
:1004F000884705460C990698084305D009E0A1698C
:10050000761C049888470546216A284688470028B3
:10051000F5D1681C03D00198C00704D017E0002073
:10052000C04307B0F0BD2068011D21600068009045
:100530000DE00198C00704D1009805700098401C98
:100540000090A169761C7F1E049888470546002FFD
:100550001CDD681C1AD0069800280FD0E817C00EC2
:10056000401941118A0006994009511840012A1A80
:100570000968012090400142DBD107E00C98002877
:10058000D7D1216A284688470028D2D0E16904984B
:1005900088470C98002807D1002E05DD0198C00778
:1005A00002D1009800210170A068B84204DD0C98C7
:1005B000002804D0002F02D00120C043B1E730460C
:1005C000AFE770B5064606F08DF9046805460A22C5
:1005D0000021304600F0D6FA2C6070BD024670B59E
:1005E0004A40D30FDB0740002DD04A002AD0010E2D
:1005F000140E000212020919400A520A8418E50179
:1006000004465443000A120A2E045043A419421906
:10061000200CC543AA18120C0125AD03521C521917
:1006200012047F39240400D0521C104301D440002E
:10063000491EC2B20C06C0092018401C4008802A7E
:1006400002D003E0002070BD40084000002900DA1D
:100650000020184370BD70B502464A40D50F4000D7
:100660004A00ED0740085208002814D0002A12D092
:10067000C40DD30D41020120C0055202490A520A9D
:10068000E41A091812187D34914201D3641C00E069
:100690004900002C01DA002070BD0023914201D3F3
:1006A000891A0343400849000028F7D100290AD0DD
:1006B000914202D10121C90705E0914201D20121F5
:1006C00001E00121C943E005C018401900F092FA89
:1006D00070BD0000F0B507460846584087B0C00F0F
:1006E000049048000E46590040084908BC1A884149
:1006F00005D2384631461E4617460B46024658007C
:10070000400810434DD0300D039040055900400D76
:10071000490D0590401A0290402873DA1803012110
:10072000000B09050843019004980092002806D0A8
:100730001146019A4942002090410091019002988F
:1007400040210A1A0199009800F0A0F905460C46CC
:100750006B4607CB00F0BBF9C0197141039A0E0D2F
:100760000023D71756401A467A40164344D0049ABD
:10077000002A2DD0029A012A039A15DC1205C01A0C
:10078000914101263605001C7141D20F059ED2070A
:100790000093019202962A46234600F079FA07B0A8
:1007A000F0BD38463146FAE71605234A0F46B2181F
:1007B000C01AB74101210905001C4F4100187F41B3
:1007C000114618187941E20F10436D19644113E086
:1007D000E2076D0815436408C2071443039A012613
:1007E0001205C01A91413605001C7141CE07400820
:1007F00030434908C01851412A46234600F03BFACD
:10080000CDE7FFE7049801224000C117121A002328
:100810008B4104983146C417381AA141EEE730B431
:100820000124E407634030BC54E730B40124E407FA
:10083000614030BC4EE700000000E0FFF0B51FB49F
:1008400088B00B990998002448400999C00F4900C5
:1008500049080991C0070B990090490049080B917C
:1008600009990898A64608431CD00B990A98084392
:1008700018D0099801244000420D4800410D099804
:1008800024050003000B204309900B980003000B84
:1008900020430B9050181C49401800220190144628
:1008A000104605E0002001460DB0F0BD032801DA36
:1008B000034600E003239C46C11A0AAE0AE05F002B
:1008C00008ADED5B4F00F75B7D430027AA187C4124
:1008D000491C5B1E6145F2DD410004AB5A52210404
:1008E000120C0A43240C401C0828DFDB01980290FC
:1008F0000099704601910090059B049A079906980B
:1009000000F0C6F9D0E700000DFCFFFFF0B50C4683
:100910005C4085B0E40FE40703944C0000266408B3
:1009200059009446490802460296224321D0624665
:100930000A431ED06200570D4A000E032303550DD3
:10094000012402462C492405781B1B0B360B40184A
:1009500023432643614600901C46501AB44103D3FA
:100960000098401C009002E0921800985B4100281B
:1009700003DA0020014605B0F0BD00200121090581
:100980000746864611E064461D46141BB54106D352
:100990006546521BB341744607430C43A646CD0738
:1009A00040084908284392185B4105460D43EAD1A7
:1009B0001046184313D06046194650407140084312
:1009C00006D06046101AB34106D20122002306E089
:1009D00000220123DB0702E00122D24353100098DA
:1009E00074460105381C6141029C039D0019694150
:1009F00000F041F9BFE70000FD030000C217C10F7E
:100A0000504010B54018CA079623002100F0FAF8AC
:100A100010BD410040020122400AD205090E801893
:100A20007F2901DA00207047962903DC9622511AAB
:100A3000C8407047963988407047C20FD2074000BF
:100A400040080BD0C10D0723DB01C918400209057E
:100A5000400A1143C2084007114370470020014675
:100A60007047000010B5002904DB0124E407404270
:100A70008C412146002B04DB1C460123DB0752423C
:100A8000A341994200D1904210BD000010B5202A28
:100A900004DB0146203A9140002010BD9140202304
:100AA0009C1A0346E3401943904010BD10B5202A1C
:100AB00004DB0846203AD040002110BD0B46D3404D
:100AC000D0402024A21A91400843194610BD10B509
:100AD000202A06DBCB170846203A1041C1170B43EA
:100AE00006E00B461341D0402024A21A914008434F
:100AF000194610BD3A2800D23038202302469A43C6
:100B0000412A01D310463738884201D30020C04320
:100B1000704700000268137851180160184670474A
:100B200010B5D1600449516104491162002111617D
:100B3000114600F03FF910BD150B0008A10D00088B
:100B40004268002A08D001680B78491C002B03D0AA
:100B5000521E06C0184670470121C160881E7047AA
:100B60004268002A0BD0C3680168002B07D1836854
:100B70008B4204D0491E521C06C000207047002042
:100B8000C0437047F7B5009C0F4600262578641CCB
:100B9000002D05D000F000F90068405DC007F5D1D8
:100BA0002B2D02D02D2D18D0641E39462046029AD6
:100BB00000F09EFA002F04D03968A14201D10099BB
:100BC00039607105022400290BDA4042002803DD58
:100BD00005F088FE0460A007FEBD012080020643E8
:100BE000E3E70028F8DA05F07DFE04600048FEBD6A
:100BF000FFFFFF7F002904DA401C490001D14008B3
:100C00004000704770B40024050C05D11024000486
:100C100002D1002921D01124050E01D1000208348F
:100C2000050F01D10001241D850F01D18000A41CF6
:100C3000002801DB4000641C002908D020252E1B61
:100C40000D46F540A14000D001212943084301068B
:100C50001B1B000ADB1D02D5002070BC7047DB05A2
:100C6000181880180029F8DA401C4900F5D170BC2A
:100C700040084000704710B5002B08DA0024401CE3
:100C8000614192185B411A4301D14008400010BDF8
:100C9000F0B51FB482B005460C0003D0084605F03D
:100CA0002FFD02E005F02CFD203002460090214689
:100CB0002846FFF7EBFE049B059A04460F461843AF
:100CC0001143084314D0184610431BD0009840210C
:100CD0000A1A18460599FFF7E9FE05460E46009ADE
:100CE00005990498FFF7D2FE084305D0012004E0DF
:100CF0002046394607B0F0BD0020C11705430E431A
:100D00002C43374300990E986305401A7905E40A8D
:100D100000220C43FD0A0A3002D500200146E9E713
:100D20000105101969410C9C0D9D00196941FFF7DF
:100D3000A2FFDFE74A0009030123090B1B05194342
:100D40000A4B10B5520D9A4202DA0020014610BD3E
:100D5000064B34339A4203DC9A1AFFF7A7FE10BD04
:100D6000034BD218FFF792FE10BD0000FF030000F6
:100D7000CDFBFFFF064C0125064E05E0E36807CCDE
:100D80002B430C3C98471034B442F7D3FFF79CF93F
:100D900040E2000860E200080048704714DE0008E6
:100DA00010B50446FFF7F8FF0068005DC007C00FEC
:100DB00010BD0000F3B58DB000200A9001200B900B
:100DC000002608460C300C460990626901210998FA
:100DD0009047051E2ED0252D2DD0216A884700284A
:100DE00018D06269012109989047216A8847002834
:100DF000F7D1411E62690998904700E0761CA1690D
:100E00000D988847216A88470028F7D1E1690D9835
:100E10008847DAE7A1690D9888470746A84201D1BB
:100E2000761CD2E7E1690D9888477F1C02D10A98A9
:100E3000002877D04AE1002762693D463946099883
:100E400090472A280CD16269012109989047012511
:100E500006E00A214F433F18303FEBD410200543F2
:100E60006269012109989047014630390A2903D265
:100E70009C498F42DEDCECE7E90600D49A4F6C28EF
:100E80000AD04C2810D0682824D06A282ED0742884
:100E90000CD07A280AD00DE06269012109989047A8
:100EA0006C2823D004211CE0202005436269012125
:100EB00009989047A760656065284FD026DC5828C0
:100EC00039D01ADC452849D012DC252834D04128F5
:100ED000B0D143E06269012109989047682802D0A7
:100EE00008210D43E6E70120C002DEE70220DCE72F
:100EF000462833D047282CD130E05B2870D06128B9
:100F00002CD063286CD0642823D161E06F284FD0A7
:100F100009DC662822D0672820D0692826D06E28D0
:100F200017D12EE0CEE070284DD073286FD07528F1
:100F30004ED078280DD154E0A1690D988847054618
:100F4000252800D16CE7E1690D9888476D1C00D118
:100F50006DE7BBE00A224CE00A2252E00120234662
:100F60006A46C0430D99C046C046A4E028464021C9
:100F700008436060A807234601D5002239E000221B
:100F80003FE0E80700D020E72068011D21600068ED
:100F9000290501D5067018E7290701D5068014E751
:100FA000A90703D5F117066041600EE706600CE75C
:100FB0002846402108436060A807234601D508223F
:100FC00017E008221DE0494928460840606016E005
:100FD0002846402108436060A8072346BCD5B9E7EE
:100FE00015E02846402108436060A80707D523463E
:100FF00010220120C0430D99C046C0465BE0234645
:1010000010220120C0430D99FFF7C2F953E00021DF
:101010000C910B460091632802D05B2808D044E075
:101020002079C00601D40120A060012000903CE09E
:1010300062690121099890475E2805D101200C9032
:1010400001466269099890472169002906D10B463B
:1010500001AA8F00491CD3510829FADB002835D09A
:10106000216900290ED1C117C90E09184A11930030
:1010700001AA9A1849094901411A012013688840B8
:101080000343136062690121099890475D28E5D107
:101090000C98002808D0002001AB81005A58401C51
:1010A000D2435A500828F8DB01AB01202246C04346
:1010B0000D99FFF712FA00280ADA401C06D10B98A6
:1010C000002803D00020C0430FB0F0BD0A98FBE712
:1010D000E90702D10A99491C0A91361800200B90A1
:1010E00073E60000CCCCCC0CFFFFFF7FF1F7FFFFD5
:1010F000F7B582B0029C00272078641C1546019742
:10110000302802D0002D15D015E020780127641C6E
:10111000782804D0582802D0002D09D00BE0002DEB
:1011200001D0102D07D1002710252078641C02E083
:10113000082500E00A250026009610E00099012706
:1011400069430818020C294680B2714300908E183A
:101150003804864201D3012001902078641C29467E
:10116000FFF7C8FC0028E9DA0398002805D0002F13
:1011700001D0641E00E0029C04600198002806D0A3
:1011800005F0B0FB02210160C81E05B0F0BD00995A
:1011900030040843F9E7000000BF0A48006808214E
:1011A0000840C00800280BD000BF0648006C80B281
:1011B0000549086000BF08200249086000BF00BF61
:1011C00070470000002401400400002070B57D2617
:1011D000F60000BF5248806852490840401C504900
:1011E000886000BF00BF084680684E490840001D67
:1011F0004B49886000BF00BF00BF49480068042118
:10120000084080080028F7D000BF04204449086047
:1012100000BF00BF0846006C80B24349086000BFB1
:101220003F4880683F49084010303D49886000BF12
:1012300000BF084680683B490840801C38498860E8
:1012400000BF3A483A4908803A48058B3A49694311
:10125000084635490968FEF74DFF84B23748848651
:101260003748201A00280DDD33486430844209DAFB
:1012700033496431611A48000A21FEF751FF3149B0
:1012800008700AE02C486430844203DB64202D4956
:10129000087002E000202B4908702A4800781428C2
:1012A0000EDC2948007800280AD101202649087060
:1012B000224800791021884310302049087123E02A
:1012C0002148007800280ED01E48007819280ADD31
:1012D00000201D49087019480079102188431030FA
:1012E0001649087110E017480078184909788842B3
:1012F0000AD0144800781549087010480079102168
:10130000884310300D49087111A112A003F042F872
:101310000C480278214611A003F03CF870BD000093
:1013200000240140E8FFFF7F0400002060EA000085
:10133000020000206000F81FB80B000080070020AA
:10134000C409000000000020010000200C00002063
:101350004C4F47000A5B25735D0000004765742011
:10136000426174746572792025646D562C204C6539
:1013700076656C2025640A0000B58BB0142106A8A0
:10138000FEF7B5FF00200290039004900590012025
:1013900040023D49496B01433B4A51631146496B49
:1013A0000140019100BF00BF38483949896A4203B2
:1013B000520B1143364A916200BF01208005354926
:1013C00009680322920591430143324A116000BF2C
:1013D000002006900790089009900A9006A92C48D2
:1013E00003F024F805202A494969C908C9000143C6
:1013F000274A516100BF0020114609694908490088
:101400000143116100BF00BF1146C9680422914326
:1014100001431F4AD16000BF00BF1E490968012275
:101420005206914301431B4A116000BF00BF184898
:101430004068042188431649486000BF00BF084641
:101440004068082188431249486000BF080502909F
:10145000002003900490059002A90D4802F0BEFF01
:1014600000BF0B4880680C4908400907401808492C
:10147000886000BF00BF00BF05488068C00F00281B
:10148000F9D10BB000BD000000100240000002C402
:101490000024014008270140E8FFFF7FF7B582B034
:1014A00004460D460026642707F080FF002806D179
:1014B00025A127A002F06EFF27A002F06BFFFF21FD
:1014C0002B48FEF714FF00212948FA30C18020463E
:1014D00004F006FB27A004F003FB2548019023E05D
:1014E00025A10198FEF70EFF00280AD016A118A02A
:1014F00002F050FF214622A002F04CFF002005B070
:10150000F0BD38467043A84209DD23A110A002F0C7
:1015100041FF214622A002F03DFF0220EFE73846BE
:1015200004F0D8FA701C86B204990198FEF7EAFE1E
:101530000028D5D021A106A002F02CFF214620A032
:1015400002F028FF0120DAE74552524F5200000016
:101550000A5B25735D0000004C6F526157414E20BD
:10156000537461747573204552524F52210000002C
:10157000F20800200D0000006572726F720000001A
:101580002225732220617420636D64206578656371
:10159000206572726F7200005741524E00000000C9
:1015A0002225732220617420636D64206578656351
:1015B0002074696D656F7574000000004C4F470022
:1015C0002225732220617420636D64206578656331
:1015D00020737563636573730000000010B5002409
:1015E00016E00DA20D490EA0FFF758FF012809D102
:1015F0000EA10FA002F0CEFE0F4910A002F0CAFE0D
:10160000012010BD601C84B27D20C00004F062FA8D
:10161000032CE6DB0020F4E70D0A0000DC050000E7
:1016200061742B62616E643D3F0000004C4F4700C7
:101630000A5B25735D000000F2080020257300009E
:1016400010B5002416E00DA20D490EA0FFF726FFED
:10165000012809D10DA10EA002F09CFE0E490FA099
:1016600002F098FE012010BD601C84B27D20C000F5
:1016700004F030FA032CE6DB0020F4E70D0A00004A
:10168000DC05000061742B63683D3F004C4F470050
:101690000A5B25735D000000F2080020257300003E
:1016A00010B5002416E00DA20D490EA0FFF7F6FEBE
:1016B000012809D10EA10FA002F06CFE0F4910A065
:1016C00002F068FE012010BD601C84B27D20C000C5
:1016D00004F000FA032CE6DB0020F4E70D0A00001A
:1016E000DC05000061742B636C6173733D3F000087
:1016F0004C4F47000A5B25735D000000F208002094
:101700002573000038B500242CE018A2184919A050
:10171000FFF7C4FE01281FD11AA11BA002F03AFE58
:101720001B491CA002F036FE0823194A113204217D
:10173000194806F04FFF13A113A002F02BFE164824
:10174000C0780090144883784278C01EC17813A0F6
:1017500002F020FE012038BD601C84B27D20C00054
:1017600004F0B8F9032CD0DB0020F4E70D0A0000E8
:10177000DC05000061742B646576616464723D3F32
:10178000000000004C4F47000A5B25735D0000001D
:10179000F2080020257300004B0E002044455641FE
:1017A0004444523A202530327820253032782025A2
:1017B00030327820253032780000000010B586B035
:1017C00000243AE01FA2204920A0FFF767FE01286D
:1017D0002DD121A121A002F0DDFD224922A002F09D
:1017E000D9FD10231F4A0E320821204806F0F2FED0
:1017F00019A11AA002F0CEFD1C48C01E817A427ABF
:10180000007A1A4BDB1EDB7901930392049102905C
:101810001648C01E807900901448C01E4379027992
:10182000C17813A002F0B6FD012006B010BD601C07
:1018300084B27D20C00004F04DF9032CC2DB0020EF
:10184000F3E700000D0A0000DC05000061742B6462
:1018500065766575693D3F004C4F47000A5B25730F
:101860005D000000F2080020257300002B0E002010
:101870004465764555493A20253032782025303266
:101880007820253032782025303278202530327883
:1018900020253032782025303278202530327800EB
:1018A00010B5002416E00DA20D490EA0FFF7F6FDBD
:1018B000012809D10DA10EA002F06CFD0E490FA068
:1018C00002F068FD012010BD601C84B27D20C000C4
:1018D00004F000F9032CE6DB0020F4E70D0A000019
:1018E000DC05000061742B64723D3F004C4F4700E3
:1018F0000A5B25735D000000F208002025730000DC
:1019000010B5002416E00DA20D490EA0FFF7C6FD8C
:10191000012809D10EA10FA002F03CFD0F4910A033
:1019200002F038FD012010BD601C84B27D20C00093
:1019300004F0D0F8032CE6DB0020F4E70D0A0000E9
:10194000DC05000061742B666363643D3F000000AA
:101950004C4F47000A5B25735D000000F208002031
:101960002573000010B5002416E00DA20D490EA04D
:10197000FFF794FD012809D10EA10FA002F00AFD86
:101980000F4910A002F006FD012010BD601C84B2BA
:101990007D20C00004F09EF8032CE6DB0020F4E775
:1019A0000D0A0000DC05000061742B6972713D3F77
:1019B000000000004C4F47000A5B25735D000000EB
:1019C000F20800202573000010B500241CE010A2CE
:1019D000104911A0FFF762FD01280FD111A112A03B
:1019E00002F0D8FC124913A002F0D4FC12A1104856
:1019F000FEF788FC002801D0012010BD601C84B2D5
:101A0000FF20F53004F066F8032CE0DB0020F4E75B
:101A10000D0A0000DC05000061742B6A6F696E3DE1
:101A20003F0000004C4F47000A5B25735D0000003B
:101A3000F2080020257300002C6A6F696E65642C23
:101A40000000000010B500240CA20D490DA0FFF706
:101A500025FD01280FD10EA10EA002F09BFC0F491D
:101A60000FA002F097FC0FA10C48FEF74BFC0028DA
:101A700001D0012010BD0020FCE700000D0A00008D
:101A8000DC05000061742B6A6F696E3D3F00000049
:101A90004C4F47000A5B25735D000000F2080020F0
:101AA000257300002C6A6F696E65642C00000000CD
:101AB00010B5002416E00DA20D490EA0FFF7EEFCB4
:101AC000012809D10EA10FA002F064FC0F4910A05B
:101AD00002F060FC012010BD601C84B27D20C000BB
:101AE00003F0F8FF032CE6DB0020F4E70D0A00000A
:101AF000DC05000061742B6C706370696E3D3F0003
:101B00004C4F47000A5B25735D000000F20800207F
:101B10002573000010B5002416E00DA20D490EA09B
:101B2000FFF7BCFC012809D10FA110A002F032FC84
:101B3000104911A002F02EFC012010BD601C84B2DF
:101B40007D20C00003F0C6FF032CE6DB0020F4E795
:101B50000D0A0000DC05000061742B6D61636D6F80
:101B600064653D3F000000004C4F47000A5B257351
:101B70005D000000F20800202573000010B500246D
:101B800016E00DA20D490EA0FFF788FC012809D12F
:101B90000FA110A002F0FEFB104911A002F0FAFB09
:101BA000012010BD601C84B27D20C00003F092FFB4
:101BB000032CE6DB0020F4E70D0A0000DC05000042
:101BC00061742B7472616E7366706F72743D3F0046
:101BD0004C4F47000A5B25735D000000F2080020AF
:101BE0002573000010B5002416E00DA20D490EA0CB
:101BF000FFF754FC012809D10EA10FA002F0CAFB87
:101C00000F4910A002F0C6FB012010BD601C84B279
:101C10007D20C00003F05EFF032CE6DB0020F4E72C
:101C20000D0A0000DC05000061742B7061726D3DCF
:101C30003F0000004C4F47000A5B25735D00000029
:101C4000F20800202573000010B5002416E00DA254
:101C50000D490EA0FFF722FC012809D10EA10FA00B
:101C600002F098FB0F4910A002F094FB012010BD78
:101C7000601C84B27D20C00003F02CFF032CE6DB47
:101C80000020F4E70D0A0000DC05000061742B70F1
:101C9000777269643D3F00004C4F47000A5B257333
:101CA0005D000000F20800202573000010B500243C
:101CB00016E00DA20D490EA0FFF7F0FB012809D197
:101CC0000EA10FA002F066FB0F4910A002F062FB0C
:101CD000012010BD601C84B27D20C00003F0FAFE1C
:101CE000032CE6DB0020F4E70D0A0000DC05000011
:101CF00061742B7278323D3F000000004C4F47006A
:101D00000A5B25735D000000F208002025730000C7
:101D100010B5002416E00DA20D490EA0FFF7BEFB82
:101D2000012809D10EA10FA002F034FB0F4910A029
:101D300002F030FB012010BD601C84B27D20C00089
:101D400003F0C8FE032CE6DB0020F4E70D0A0000D8
:101D5000DC05000061742B7278313D3F000000000B
:101D60004C4F47000A5B25735D000000F20800201D
:101D70002573000010B5002416E00DA20D490EA039
:101D8000FFF78CFB012809D10FA110A002F002FB84
:101D9000104911A002F0FEFA012010BD601C84B2AF
:101DA0007D20C00003F096FE032CE6DB0020F4E764
:101DB0000D0A0000DC05000061742B727863686511
:101DC00078743D3F000000004C4F47000A5B2573CC
:101DD0005D000000F20800202573000010B500240B
:101DE00016E00DA20D490EA0FFF758FB012809D1FE
:101DF0000EA10FA002F0CEFA0F4910A002F0CAFA0D
:101E0000012010BD601C84B27D20C00003F062FE82
:101E1000032CE6DB0020F4E70D0A0000DC050000DF
:101E200061742B736C6565703D3F00004C4F47003B
:101E30000A5B25735D000000F20800202573000096
:101E400010B5002416E00DA20D490EA0FFF726FBE9
:101E5000012809D10EA10FA002F09CFA0F4910A091
:101E600002F098FA012010BD601C84B27D20C000F1
:101E700003F030FE032CE6DB0020F4E70D0A00003F
:101E8000DC05000061742B7665723D3F00000000A8
:101E90004C4F47000A5B25735D000000F2080020EC
:101EA0002573000010B5002414E00CA20C490DA00D
:101EB000FFF7F4FA012807D10D48007840084000E8
:101EC0000B490870012010BD601C84B27D20C00049
:101ED00003F000FE032CE8DB0020F4E76F6B00004A
:101EE000DC05000061742B7265626F6F7400000086
:101EF000280E002070B586B004460026142101A8E3
:101F0000FEF7F5F9002C01D016A000E016A005465A
:101F10002A4616A101A804F0C7FB2A46164917A0B5
:101F2000FFF7BCFA01280AD117A118A002F032FA73
:101F3000294618A002F02EFA002006B070BD0DE070
:101F400020A20D4901A8FFF7A9FA012800D1F4E762
:101F5000701C86B27D20C00003F0BCFD032EEFDBB9
:101F60000020EAE76F6E00006F66660061742B6107
:101F700064723D2573000000DC05000061742B6174
:101F800064723D3F000000004C4F47000A5B257320
:101F90005D00000043757272656E742041445220EA
:101FA000697320616C72656164792025732C206EE1
:101FB0006F206E65656420746F20636F6E6669675D
:101FC000757265006F6B000010B5A8B00024342155
:101FD0001BA8FEF78CF94A48C07B4949897B484ACF
:101FE000527B474B133BDB7F0A930B920C910D9076
:101FF00043481338817F427F007F414B133BDB7E98
:1020000006930892099107903D481338827E407EDE
:102010003B491339097E3A4B133BDB7D0293059212
:102020000391049036481338807D35491339497D32
:102030000091019032481338037DC27C31491BA8BE
:1020400004F032FB34210EA8FEF751F92C48C27B74
:10205000807B2B49497B2A4B133BDB7F0A930D92F4
:102060000B910C9026481338827F407F2449133906
:10207000097F234B133BDB7E06930992079108905F
:102080001F481338817E427E007E1D4B133BDB7D53
:10209000029304920591039019481338807D1849E2
:1020A0001339497D0091019015481338037DC27C96
:1020B00015490EA804F0F8FA0EAA144914A0FFF767
:1020C000EDF9012809D119A119A002F063F91AA0AC
:1020D00002F060F9002028B010BD0DE025A20B49E8
:1020E0001BA8FFF7DBF9012800D1F4E7601C84B2DC
:1020F0007D20C00003F0EEFC032CEFDB0020EAE7BC
:102100003B0E0020C0E000080CE10008DC050000E8
:1021100061742B6170706B65793D3F7777772E6CBA
:10212000616E7665652E636F6D0000004C4F470051
:102130000A5B25735D00000043757272656E742042
:102140004150504B455920697320616C7265616440
:102150007920636F6E666967757265642C206E6F97
:10216000206E65656420746F20636F6E66696775A5
:10217000726500006F6B000010B5A8B00024342118
:102180001BA8FEF7B4F84448C07B4349897B424A08
:10219000527B414B1B7B0A930B920C910D903E4856
:1021A000C27A807A3C49497A3B4B1B7A0693099262
:1021B000079108903848C17982794079364B1B796C
:1021C00002930492059103903348C078324989788C
:1021D0000091019030484378C01FC2792F491BA855
:1021E00004F062FA34210EA8FEF781F82A48C17B78
:1021F000807B294A527B284B1B7B0A930B920D91C3
:102200000C902548C07A2449897A234A527A224B75
:102210001B7A06930792089109901F48C0791E49BE
:1022200089791D4A52791C4B1B79029303920491C0
:1022300005901948C078184989780091019016488E
:102240004378C01FC27916490EA804F02DFA0EAAD1
:10225000144915A0FFF722F9012809D11AA11BA0E2
:1022600002F098F81BA002F095F8002028B010BDED
:102270000DE027A20B491BA8FFF710F9012800D198
:10228000F4E7601C84B27D20C00003F023FC032C23
:10229000EFDB0020EAE700004F0E002070E00008AE
:1022A0000CE10008DC05000061742B617070736B39
:1022B00065793D3F6162702C7777772E6C616E7621
:1022C00065652E636F6D00004C4F47000A5B2573F8
:1022D0005D00000043757272656E7420415050536A
:1022E0004B455920697320616C7265616479206384
:1022F0006F6E666967757265642C206E6F206E65FF
:10230000656420746F20636F6E666967757265001F
:102310006F6B000008B505A00068009004A2FF21C3
:10232000F5316846FFF7BAF8002008BD2B2B2B00CB
:102330000D0A00001CB514A103C9019100900024EE
:102340001EE013A213496846FFF7A8F8012811D12F
:1023500011A112A002F01EF8124913A002F01AF8FF
:10236000FF211048FDF7C3FF00210E48FA30C1805D
:1023700001201CBD601C84B27D20C00003F0AAFBBC
:10238000032CDEDB0020F4E761742B6578697400B0
:102390000D0A0000DC0500004C4F47000A5B257366
:1023A0005D000000F20800202573000030B585B004
:1023B0000446002514216846FDF799FF23461CA218
:1023C0001421684604F054F91CA21D491DA0FFF712
:1023D00065F8012810D121461D48FDF793FF00281C
:1023E0000AD01CA11CA001F0D5FF21461CA001F0C1
:1023F000D1FF002005B030BD16E026A21049684686
:10240000FFF74CF8012809D112A113A001F0C2FF77
:102410000F4909A001F0BEFF0120EBE7681C85B25F
:102420007D20C00003F056FB032DE6DB0020E1E732
:1024300061742B62616E643D257300000D0A00001B
:10244000DC05000061742B62616E643D3F0000009A
:10245000F20800204C4F47000A5B25735D00000026
:1024600043757272656E742062616E6420697320B8
:10247000616C72656164792025732C206E6F206E0B
:1024800065656420746F20636F6E66696775726539
:10249000000000006F6B000030B59BB005460024C3
:1024A00034210EA8FDF723FF342101A8FDF71FFFFB
:1024B00017A10EA804F0F8F81AA21B491BA0FEF7FA
:1024C000EDFF012810D10FA902311A48FDF71AFFBC
:1024D000002809D018A119A001F05CFF19A001F093
:1024E00059FF00201BB030BD0DE025A225490EA8E4
:1024F000FEF7D4FF012800D1F4E7601C84B27D20F0
:10250000C00003F0E7FA032CEFDB0020EAE700004D
:1025100061742B63683D75733931352C322C302C46
:10252000330000000D0A0000DC05000061742B631D
:10253000683D3F00F20800204C4F47000A5B2573BE
:102540005D00000043757272656E742043484D4112
:10255000534B20697320616C726561647920636FED
:102560006E666967757265642C206E6F206E656596
:102570006420746F20636F6E666967757265000012
:102580006F6B0000C409000070B58CB004460026D3
:10259000142107A8FDF7ABFE002C01DB022C0ADD9D
:1025A00025A127A001F0F6FE214627A001F0F2FEAA
:1025B00000200CB070BD2B4A1168506892680692DA
:1025C00004910590A00004A90D582A4626A107A849
:1025D00004F06AF827A108460DC8C9680293019261
:1025E000039100902B4627A20F21684604F040F883
:1025F0006A46284928A0FEF751FF012809D129A1E0
:102600000FA001F0C7FE294627A001F0C3FE00205D
:10261000CFE70DE031A21F4907A8FEF73FFF0128D1
:1026200000D1C6E7701C86B27D20C00003F052FACC
:10263000032EEFDB0020BCE74552524F5200000052
:102640000A5B25735D000000496E76616C69642049
:10265000636C61737320706172616D657465723A49
:102660002025640014C5000861742B636C617373CA
:102670003D25730061742B636C6173733D3F0D0DD9
:102680000A61000061742B636C6173733D3F0D0D33
:102690000A257300DC05000061742B636C617373A1
:1026A0003D3F00004C4F470043757272656E7420C9
:1026B000636C61737320697320616C726561647906
:1026C0002025732C206E6F206E65656420746F204A
:1026D000636F6E6669677572650000006F6B00005E
:1026E00010B594B00024342107A8FDF700FE142192
:1026F00002A8FDF7FCFD2048C0781F4989780091A9
:1027000001901D484378C01EC2781CA107A803F0A1
:10271000CBFF1948C0781849897800910190164874
:102720004378C01EC2781DA102A803F0BDFF02AA13
:102730001F4920A0FEF7B2FE01280AD121A122A044
:1027400001F028FE02A922A001F024FE002014B00E
:1027500010BD0DE02BA2164907A8FEF79FFE012829
:1027600000D1F4E7601C84B27D20C00003F0B2F910
:10277000032CEFDB0020EAE74B0E002061742B6492
:102780006576616464723D30782530327825303268
:1027900078253032782530327800000030782530C6
:1027A0003278253032782530327825303278000082
:1027B000DC05000061742B646576616464723D3FE2
:1027C000000000004C4F47000A5B25735D000000CD
:1027D00043757272656E74204445564144445220DC
:1027E000697320616C72656164792025732C206E99
:1027F0006F206E65656420746F20636F6E66696715
:10280000757265006F6B000070B596B004460025C8
:10281000142111A8FDF76BFD224620A111A803F099
:1028200043FF342104A8FDF762FD1FA104A803F0B3
:102830003BFF1FA21F4904A8FEF730FE01281AD152
:10284000002001900290039001AA1BA11E48FDF7F1
:1028500081FD01A8FDF7B5FE0646A6420AD11BA1DF
:102860001BA001F097FD21461BA001F093FD002065
:1028700016B070BD00BF0DE025A20E4911A8FEF7ED
:102880000DFE012800D1F3E7681C85B27D20C00051
:1028900003F020F9032DEFDB0020E9E761742B64DE
:1028A000723D25640000000061742B64723D3F009E
:1028B0000D0A0000DC05000061742B64723D3F0DC1
:1028C0000D0A25730D0A0000F20800204C4F470046
:1028D0000A5B25735D00000043757272656E74209B
:1028E00064617461207261746520697320616C7227
:1028F000656164792025642C206E6F206E656564A7
:1029000020746F20636F6E666967757265000000E2
:102910006F6B000070B586B004460026142101A834
:10292000FDF7E5FC002C01D016A000E016A005463E
:102930002A4616A101A803F0B7FE2A46164917A099
:10294000FEF7ACFD01280AD117A118A001F022FD65
:10295000294618A001F01EFD002006B070BD0DE054
:1029600021A20D4901A8FEF799FD012800D1F4E745
:10297000701C86B27D20C00003F0ACF8032EEFDBA4
:102980000020EAE76F6E00006F66660061742B66D8
:102990006363643D25730000DC05000061742B66F1
:1029A0006363643D3F0000004C4F47000A5B2573A2
:1029B0005D00000043757272656E742046434344A7
:1029C00020697320616C72656164792025732C2005
:1029D0006E6F206E65656420746F20636F6E66692C
:1029E00067757265000000006F6B000070B586B0FF
:1029F00004460026142101A8FDF779FC002C01D023
:102A00001AA000E01AA00546002C04D01AA101A8C3
:102A100003F04AFE04E02A461AA101A803F044FE8E
:102A20002A461C491CA0FEF739FD01280AD11DA128
:102A30001DA001F0AFFC29461DA001F0ABFC002059
:102A400006B070BD0DE028A2124901A8FEF726FDD0
:102A5000012800D1F4E7701C86B27D20C00003F08D
:102A600039F8032EEFDB0020EAE700006162700016
:102A70006F7461610000000061742B6A6F696E3DC4
:102A80006162700061742B6A6F696E3D25732C3131
:102A900030000000DC05000061742B6A6F696E3D38
:102AA0003F0000004C4F47000A5B25735D000000AB
:102AB00043757272656E74206A6F696E206D6F6403
:102AC0006520697320616C72656164792025732CBF
:102AD000206E6F206E65656420746F20636F6E6674
:102AE00069677572650000006F6B000070B592B089
:102AF0000446002614210DA8FDF7F9FB002C01D097
:102B00001DA000E01DA005462A461EA10DA803F049
:102B1000CBFD34216846FDF7EAFB1EA1684603F0B1
:102B2000C3FD2A461E496846FEF7B8FC012810D1AD
:102B30001CA11E48FDF7E6FB00280AD01CA11DA021
:102B400001F028FC29461D4801F024FC002012B0A9
:102B500070BD0DE01AA212490DA8FEF79FFC0128D6
:102B600000D1F4E7701C86B27D20C00002F0B2FFF5
:102B7000032EEFDB0020EAE7616270006F74616191
:102B80000000000061742B6A6F696E3D25732C3064
:102B90000000000061742B6A6F696E3D3F00000009
:102BA000DC0500006F7461612C300000F208002029
:102BB0004C4F47000A5B25735D000000DCDF000816
:102BC0006F6B000010B5002418A2194919A0FEF778
:102BD00065FC01280ED11BA11B48FDF793FB0028C3
:102BE00008D01AA11AA001F0D5FB1BA001F0D2FB5E
:102BF000002010BD16E00DA20D4925A0FEF74EFCE9
:102C0000012809D111A112A001F0C4FB0E4924A092
:102C100001F0C0FB0120ECE7601C84B27D20C00005
:102C200002F058FF032CE6DB0020E2E70D0A00006B
:102C3000DC05000061742B6A6F696E6164723D3F50
:102C4000000000006F666600F20800204C4F47004D
:102C50000A5B25735D00000043757272656E742017
:102C60004A6F696E41647220697320616C7265619C
:102C70006479204F46462C206E6F206E6565642077
:102C8000746F20636F6E666967757265000000007F
:102C900061742B6A6F696E6164723D6F66660000D5
:102CA0002573000010B5002411A2124912A0FEF7EE
:102CB000F5FB012808D113A113A001F06BFB14A0B0
:102CC00001F068FB002010BD0DE01EA209491EA006
:102CD000FEF7E4FB012800D1F5E7601C84B27D20FB
:102CE000C00002F0F7FE032CEFDB0020EBE7000052
:102CF0006D616300DC05000061742B6D6F64653DE0
:102D00003F0000004C4F47000A5B25735D00000048
:102D100043757272656E74206D6F646520697320EF
:102D2000616C7265616479204D41432C206E6F2087
:102D30006E65656420746F20636F6E666967757277
:102D4000650000006F6B000061742B6D6F64653D62
:102D50006D61630010B5A8B0002434211BA8FDF7F5
:102D6000C6FA4448C07B4349897B424A527B414B67
:102D70001B7B0A930B920C910D903E48C27A807A8D
:102D80003C49497A3B4B1B7A06930992079108907C
:102D90003848C17982794079364B1B790293049285
:102DA000059103903348C0783249897800910190A9
:102DB000304843781738C27D2F491BA803F074FCB4
:102DC00034210EA8FDF793FA2A48C17B807B294A5B
:102DD000527B284B1B7B0A930B920D910C9025483C
:102DE000C07A2449897A234A527A224B1B7A069365
:102DF0000792089109901F48C0791E4989791D4A98
:102E000052791C4B1B790293039204910590194847
:102E1000C07818498978009101901648437817388E
:102E2000C27D16490EA803F03FFC0EAA144915A056
:102E3000FEF734FB012809D11AA11BA001F0AAFA60
:102E40001BA001F0A7FA002028B010BD0DE027A2BA
:102E50000B491BA8FEF722FB012800D1F4E7601CF8
:102E600084B27D20C00002F035FE032CEFDB002091
:102E7000EAE700005F0E002020E000080CE10008F7
:102E8000DC05000061742B6E776B736B65793D3FD9
:102E90006162702C7777772E6C616E7665652E6334
:102EA0006F6D00004C4F47000A5B25735D0000000A
:102EB00043757272656E74204E574B534B455920C3
:102EC000697320616C726561647920636F6E6669F5
:102ED00067757265642C206E6F206E656564207462
:102EE0006F20636F6E666967757265006F6B0000B7
:102EF00070B588B004460025142103A8FDF7F7F942
:102F000022461CA103A803F0CFFB1FA21F4920A04B
:102F1000FEF7C4FA01281AD1002000900190029017
:102F20006A461FA12448FDF715FA6846FDF749FBDC
:102F30000646A6420AD121A121A001F02BFA214682
:102F400021A001F027FA002008B070BD00BF0DE0FD
:102F50002AA20E4903A8FEF7A1FA012800D1F3E73F
:102F6000681C85B27D20C00002F0B4FD032DEFDBAC
:102F70000020E9E761742B7472616E7366706F7282
:102F8000743D2564000000000D0A0000DC0500000F
:102F900061742B7472616E7366706F72743D3F0062
:102FA00061742B7472616E7366706F72743D3F0D45
:102FB0000D0A25730D0A0000F20800204C4F47004F
:102FC0000A5B25735D00000043757272656E7420A4
:102FD000706F727420697320616C7265616479200E
:102FE00025642C206E6F206E65656420746F2063ED
:102FF0006F6E666967757265000000006F6B000098
:1030000070B59CB004460D46002634210FA8FDF78C
:103010006EF92B4622461DA10FA803F045FB1FA207
:103020001F4920A0FEF73AFA01281CD13421684636
:10303000FDF75DF90DAB0EAA1DA12248FDF78AF937
:103040000E98A0420ED10D98A8420BD11EA11FA030
:1030500001F0A0F92A4621461E4801F09BF9002004
:103060001CB070BD00BF0DE01BA20D490FA8FEF7FC
:1030700015FA012800D1F3E7701C86B27D20C0004C
:1030800002F028FD032EEFDB0020E9E761742B72CC
:1030900078323D25642C2564000000000D0A0000F4
:1030A000DC05000061742B7278323D3F00000000A7
:1030B00061742B7278323D3F0D0D0A25642C256416
:1030C0000D0A0000F20800204C4F47000A5B2573F0
:1030D0005D00000098DF00086F6B000030B595B010
:1030E000002434221E4908A8FDF7E6F81C221DA181
:1030F00001A8FDF7E1F801A8FDF718F905462A46F1
:1031000001A908A8FDF7D8F81DA21E491EA0FEF7C8
:10311000C5F9012810D10AA903311E48FDF7F2F8BC
:10312000002809D01CA11DA001F034F91DA001F058
:1031300031F9002015B030BD0DE02AA2114908A8D0
:10314000FEF7ACF9012800D1F4E7601C84B27D20C1
:10315000C00002F0BFFC032CEFDB0020EAE7000018
:1031600040C5000861742B736C6565703D6C6967C0
:1031700068742C302C6C6576656C2C6C6F77000055
:103180000D0A0000DC05000061742B736C6565702E
:103190003D3F0000F20800204C4F47000A5B2573BA
:1031A0005D00000043757272656E7420736C656516
:1031B00070206D6F646520697320616C7265616455
:1031C0007920636F6E666967757265642C206E6F17
:1031D000206E65656420746F20636F6E6669677525
:1031E000726500006F6B000010B588B0002006907B
:1031F000079018216846FDF77AF80520000701F0CE
:103200003DF9454801F03AF9444801F037F9012009
:1032100001F0E8FA022001F0E5FAFF210131052072
:10322000000701F0EDF9012109030520000701F075
:10323000E7F9FF200130009001200190002002906A
:103240000390049069460520000701F059F9012018
:103250000003009069460520000701F051F90120A4
:10326000C0030090002001900220049069462A4883
:1032700001F046F90120C0030090012001900020D8
:1032800002900390049069460520000701F038F988
:103290000121C9030520000701F0B2F900200190C7
:1032A000022004908020009069461B4801F028F914
:1032B00001211B481B4A03069B0DD258040C0F2307
:1032C000A3409A43040C0B46A3401A43154B040633
:1032D000A40D1A5100BF802002210F4AD268034674
:1032E00043435C001B199A43034643434B431A4331
:1032F000094BDA6000BF00211A46126803464343B7
:103300005C001B199A43034643434B431A43024B49
:103310001A6000BF08B010BD000400500008005043
:1033200001000C000800014000B58FB01C2108A866
:10333000FCF7DDFF182102A8FCF7D9FF012080036C
:103340002C49496B01432B4A51631146496B01409B
:10335000019100BF00BF012001F060FA012040028E
:103360000290022003900320049000200590069014
:103370000420079002A90520000701F0C1F80120F0
:103380008002029002200390032004900020059008
:10339000012006900420079002A90520000701F0F3
:1033A000AFF801211B2003F061FA1B2003F0DAF9CA
:1033B000E12040020890002009900A900B900C2018
:1033C0000C9000200D900E9008A90B4801F03AFFD8
:1033D000094801F000FF084801F007FF064801F026
:1033E0001DFF054801F006FF034801F0F1FE0FB094
:1033F00000BD0000001002400038014000B58FB051
:103400001C2108A8FCF773FF182102A8FCF76FFF26
:10341000012040043349896B0143324A91631146CC
:10342000896B0140019100BF00BF012001F0F6F956
:1034300004200290022003900320049000200590B5
:1034400006900420079002A90520000701F058F813
:103450000820029002200390032004900020059091
:10346000012006900420079002A90520000701F022
:1034700047F801211C2003F0F9F91C2003F072F930
:10348000E12040020890002009900A900B900C2047
:103490000C9000200D900E9008A9134801F0D2FE68
:1034A000114801F098FE00BF0F4880680121090310
:1034B00008430D49886000BF00BF08468068491472
:1034C00088430949886000BF084601F08EFE06481F
:1034D00001F0A4FE044801F08DFE034801F078FEDF
:1034E0000FB000BD0010024000440040F8B5054692
:1034F0000E461746294608A000F04CFF002404E0C1
:10350000315D0BA000F046FF641CBC42F8DB0AA052
:1035100000F040FFF8BD00000A2052656376205598
:103520006172742044617461205B25735D3A000010
:1035300020253032780000000A00000001B500218B
:1035400005E0042100BF0846491E0028FBD1009871
:10355000421E00920028F4D108BD000010B5324888
:10356000006832490968884203D93148807A0528C1
:1035700015DB30480078C007C00F00280FD02C485A
:1035800000893C21484329490968401826490860B8
:1035900027480079102188431030254908712548B3
:1035A0000078C007C00F00283CD02348808800283E
:1035B00038D122480078002826D0FF212048FCF787
:1035C00096FEDC211F48FCF792FE1E4C01221E498C
:1035D0001E4806F043F91C48027821461B4806F0B5
:1035E0003DF916480078401EC0B214490870002802
:1035F00007D17D21C9001648FCF779FE134806F073
:103600008DF906F063FC0DE009480079C006C00F93
:10361000002807D006480079102188430449087122
:1036200000F018F810BD0000140000203800002041
:1036300080070020280E0020EC0800201000002049
:10364000EC070020B00400201C000020940400209F
:10365000AC00002070B5414D0024DC212846FCF769
:1036600046FE00203E4908702946012006F028FE4B
:1036700004462D193A48007800193949087029463E
:103680004D2006F01DFE04462D193548007800191E
:103690003349087029468B2006F012FE04462D1986
:1036A0002F48007800192E4908702946492006F055
:1036B00007FE04462D192A48007800192849087089
:1036C00029464A2006F0FCFD04462D1924480078BE
:1036D00000192349087029464B2006F0F1FD0446E5
:1036E0002D191F48007800191D49087029464C20E3
:1036F00006F0E6FD04462D1919480078001918490E
:1037000008702946862006F0DBFD04462D19144872
:103710000078001912490870124806F025F806468C
:103720000F480078401C864210DB01220C490D48EE
:1037300006F02AF90A48027808490A4806F024F9EE
:1037400009480078401C0849087006E007A109A054
:1037500000F020FE09A000F01DFE70BDB0040020A6
:103760001C00002094040020100000204552524FFD
:10377000520000000A5B25735D0000004C77726206
:1037800020416C72656164792046756C6C000000A4
:103790008020174949690140814201D1012100E09F
:1037A0000021002923D080201149486100BF114821
:1037B00000790007C00F00280CD00E4800790821BE
:1037C00088430C4908710846007902218843801C0F
:1037D000084908710748007904218843001D0549FC
:1037E000087108468079032801DA03208871704740
:1037F000000401408007002010B501F05FF80120AF
:103800000749096881430143054A116000BF01F07F
:1038100041F8002001F05CF801F032F830BF10BD33
:103820000070004000BF0020C0430749C86000BFCF
:1038300000BF00BF0448C06840210840800900283C
:10384000F7D00020704700000028004000B500BFFE
:103850008020C0430249C86000BF02F0F1FE00BDF5
:103860000028004000210A4A51610A4949680122A2
:1038700052021143074A5160114649680822114318
:10388000044A51600021C209D20111607047000052
:10389000800E00200020024070B503461C46002028
:1038A00004E0256886008D51241D401C9042F8DB01
:1038B00070BD000010B50AA000F06CFD18A000F06B
:1038C00069FD27A000F066FD0722102133A000F05B
:1038D00061FD00F085F801214048017210BD000033
:1038E0000A2A2A2A2A2A2A2A2A2A2A2A2A2A2A2A58
:1038F0002A2A2A2A2A2A2A2A2A2A2A2A2A2A2A2A28
:103900002A2A2A2A2A2A2A2A2A2A2A2A2A2A2A2A17
:103910002A2A2A2A2A2A2A2A2A2A2A2A2A0A00007B
:103920002A2A2A2A2A2A2A2A2A2A2A2A2A2A2A2AF7
:103930002A2A2A2A2A2A2A2A2A2A2A2A2A2A2A2AE7
:103940002A2A2A2A2A2A2A2A2A2A2A2A2A2A2A2AD7
:103950002A2A2A2A2A2A2A2A2A2A2A2A0A00000065
:103960002A2A2A2A2A2A2A2A2A2A2A2A2A2A2A20C1
:10397000484B54203A20536D6172742052756D6526
:103980006E20426F6C7573202A2A2A2A2A2A2A2A34
:103990002A2A2A2A2A2A2A0A000000002A2A2A2A4F
:1039A0002A2A2A2A2048415244574152455F564507
:1039B000523A20307825303278202C534F465457D5
:1039C0004152455F5645523A2030782530327820B2
:1039D0002A2A2A2A2A2A2A2A0A000000680E0020F7
:1039E00038B5104C012269462046FFF755FF0E49B5
:1039F00000980881084600892D214901884203DC8E
:103A0000094800890A2802DA0F200749088107A11E
:103A100008A000F0BFFC0448018908A000F0BAFC2F
:103A200038BD000000F4000880070020464C4153D8
:103A3000480000000A5B25735D0000005265616468
:103A400020466C6173682044657669636520526521
:103A5000706F727420496E74657276616C3A2025BD
:103A6000646D696E00000000002039498969FF22F9
:103A700001321140914208D136494969022211436D
:103A8000344A5161FF2101310843314989690122DA
:103A900052021140914208D12E4949690122114335
:103AA0002C4A5161012149020843294989690122AF
:103AB00092021140914208D12649496908221143D6
:103AC000244A51610121890208432149896901225F
:103AD000D2021140914208D11E4949690422114382
:103AE0001C4A51610121C90208431949896901220F
:103AF00052031140914208D11649496910221143DD
:103B0000144A51610121490308431149896901227D
:103B100052041140914207D10E49496920221143B4
:103B20000C4A516120210843094989690122120484
:103B30001140914208D10749496940221143054A81
:103B4000516101210904084301498861704700005F
:103B500000200240800E002070B5044605F056FD9E
:103B600005460BE0601C002808D0002C04D005F0AE
:103B70004DFD401BA04201D9032070BD1F48806944
:103B8000C007C00F0028EDD11C4880690221084001
:103B9000022801D11949886118488069FF21013143
:103BA0000840884223D0154880694900084088426F
:103BB0001DD01248806949000840884217D00F483C
:103BC000806949000840884211D00C48806989000A
:103BD000084088420BD009488069090108408842A2
:103BE00005D00648806949100840884203D1FFF794
:103BF0003BFF0120C1E70020BFE70000002002409A
:103C0000F7B582B007460D46002001903E460024DD
:103C100013E0A0002A583146022000F08DF80190F0
:103C20000198002804D13068A1006958884202D068
:103C3000012005B0F0BD361D641C04988442E8DB09
:103C40000020F6E730B585B000250E4C0E480089FF
:103C5000049000F099F80020009001940120029057
:103C600000BF03A9684600F011F80028F9D101222D
:103C700004A92046FFF7C4FF054600F04DF828468A
:103C800005B030BD00F4000880070020F8B50446F8
:103C90000E460127002500BF1C48007C012801D1E9
:103CA0000220F8BD01201949087400BF1848FFF729
:103CB00053FF0746002F22D1401E3060656817E091
:103CC0002846FFF7CFFD1248FFF746FF0746114889
:103CD0004068082188430F494860084640684915F4
:103CE00088430C494860002F01D0356006E08035DC
:103CF000A068C00161684018A842E1D800BF00BFB9
:103D000000200249087400BF3846CAE7800E002030
:103D100050C30000002002400648406802210843CA
:103D20000449486008464068012108430149486049
:103D30000020704700200240F8B507460C461546A3
:103D4000012600BF0E48007C012801D10220F8BDE9
:103D500001200B49087400BF0A48FFF7FDFE064624
:103D6000002E06D10649486125600648FFF7F4FE9B
:103D7000064600BF00200249087400BF3046E6E74F
:103D8000800E002050C300001D484068C007C00FCF
:103D9000002816D000BFEFF31080014600BF72B6B6
:103DA0001848174AD0601848D06000BF81F31088C7
:103DB00000BF10464068C007C00F002801D0012096
:103DC00070470F48406802221040022815D100BFFA
:103DD000EFF31080014672B60C48094A10610C4896
:103DE0001061084680F3108800BF10464068022228
:103DF0001040022801D10120E2E70020E0E70000A6
:103E000000200240EFCDAB8905040302BFAE9D8CBC
:103E10001615141300B587B000BF25480068400888
:103E200040002349086000BF012040052149896BFB
:103E30008143204A916300BF182101A8FCF757FA7B
:103E4000022000F0DDFC1C4800F018FBFF200130D0
:103E5000019001200290032003900020049005901F
:103E600001A9154800F04CFB01204002019001A976
:103E7000114800F045FB012149020F4800F0BCFB4E
:103E8000FF2101310C4800F0B7FB0420FFF756FB7F
:103E9000FF210131084800F0B5FB01214902064825
:103EA00000F0B0FB0420FFF749FB07B000BD0000A5
:103EB00000540040001002400004005000B58FB0D4
:103EC000FFF7A8FF1C2108A8FCF711FA182102A887
:103ED000FCF70DFA022000F093FCFF200130029065
:103EE00002200390032004900120059006900420F6
:103EF000079002A92F4800F003FB01204002029026
:103F000002200390032004900120059006900420D5
:103F1000079002A9274800F0F3FA0120400526493E
:103F2000896B0143244A91631146896B01400191D9
:103F300000BF00BF00BF2148406801214906084377
:103F40001E49486000BF00BF0846C068C9138843C7
:103F50001A49C86000BF00BF084600680121C904B3
:103F600088431649086000BF00BF08460068012169
:103F7000490488431149086000BF00200890E120EF
:103F8000C000099000200A900B900C900D900E90AC
:103F900008A90A4800F096FB00210846074AD268A3
:103FA000074B1A400B4603431A43044BDA6000BF29
:103FB0000FB000BD0004005000100240005400404B
:103FC00001F8FFFFFFB583B005460F4616460024F3
:103FD000002002900EE0641C3F4884420AD93FA1B1
:103FE00040A000F0D7F9414941A000F0D3F90120E9
:103FF00007B0F0BD424800F0AEFB0028EBD14048CE
:1040000000F0DBFB002802D13D4800F00DFB3D48ED
:10401000002100910190690033460022384800F0E9
:104020000DFB00240DE0641C2B48844209D92BA110
:104030002CA000F0AFF92D492DA000F0ABF9012024
:10404000D6E72F4800F0ADFB0028ECD031463846CB
:1040500000F038F900240DE0641C1F48844209D99F
:104060001EA120A000F096F9204921A000F092F9AD
:104070000120BDE700BF2248806940210840800937
:104080000028E9D02048C904009101906800411C33
:1040900000221B480C9B00F0D1FA0C99069800F006
:1040A000D5F800240DE0641C0B48844209D90BA10B
:1040B0000CA000F06FF90D490DA000F06BF9012084
:1040C00096E70F4800F061FB0028ECD00C4800F0A8
:1040D000A1FA00208CE70000102700004552524F43
:1040E000520000000A5B25735D00000047AC000829
:1040F0002573204932435F54494D454F55540000C4
:10410000005400400020008000240080FFB583B0F0
:1041100005460F4616460024002002900EE0641C5F
:104120003E4884420AD93EA13FA000F033F94049FD
:1041300040A000F02FF9012007B0F0BD414800F089
:104140000AFB0028EBD13F4800F037FB002802D1E2
:104150003C4800F069FA3C48C102009101906900B6
:1041600033460022374800F069FA00240DE0641C51
:104170002A48844209D92AA12BA000F00BF92C4926
:104180002CA000F007F90120D6E72E4800F009FB2B
:104190000028ECD03146384600F094F800240DE0B9
:1041A000641C1E48844209D91DA11FA000F0F2F82A
:1041B0001F4920A000F0EEF80120BDE700BF214814
:1041C000806980210840C0090028E9D000208904C6
:1041D00000910190690002461A480C9B00F02EFAEB
:1041E0000C99069800F09AF800240DE0641C0B4826
:1041F000844209D90AA10CA000F0CCF80C490DA00A
:1042000000F0C8F8012097E70E4800F0BEFA002839
:10421000ECD00C4800F0FEF900208DE710270000DC
:104220004552524F520000000A5B25735D000000AA
:1042300036AC00082573204932435F54494D454F41
:10424000555400000054004000200080F8B5054699
:104250000E46002700241BE000270DE07F1C0E48BF
:10426000874209D90DA10FA000F094F80F4910A0C2
:1042700000F090F80120F8BD114800F07AFA00280B
:10428000ECD000BF0E48406AC0B22855601CC4B2D2
:10429000B442E1D30020EEE7102700004552524F10
:1042A000520000000A5B25735D00000020AC00088E
:1042B0002573204932435F54494D454F5554000002
:1042C00000540040F8B504460D460026E7B2FF2032
:1042D0000002204000120090012D04D139460D4803
:1042E00000F07BFA14E00B48009900F076FA002603
:1042F00005E0761C0848864201D90120F8BD054832
:1043000000F04FFA0028F4D03946024800F065FA70
:1043100000BFF3E70054004010270000F8B5054641
:104320000E46002700241AE000270DE07F1C0E48EF
:10433000874209D90DA10FA000F02CF80F4910A059
:1043400000F028F80120F8BD114800F02AFA0028F2
:10435000ECD0295D0E4800F040FA601CC4B2B442B3
:10436000E2D30020EFE70000102700004552524F33
:10437000520000000A5B25735D00000009AC0008D4
:104380002573204932435F54494D454F5554000031
:10439000005400400FB438B50498002804D00498A5
:1043A000FBF7C4FF002803D138BC08BC04B0184791
:1043B00005A80090FF21F5310748009B049A02F000
:1043C00087F9054600200090034CA9B2204602F070
:1043D0001FF900BFE8E70000000C002070B504469C
:1043E0000D460026204600F019F8002810D1A968D3
:1043F00068680843E9680843E168074A11400843D0
:10440000E06020698000800829680843206100E09E
:104410000126304670BD0000C73FFFFF0146886897
:10442000C007C00F012250405040704770B505468C
:104430000C4600262846FFF7F1FF00280ED16168E0
:1044400020680843A1680843E168084321690843DC
:10445000E968044A11400843E86000E0012630465C
:1044600070BD00003CC2FEFF0349096849084900CD
:104470000143014A116070470020024070B50446B4
:10448000002505200007844206D1012000F0D4F960
:10449000012000F0D9F928E01548844206D1022015
:1044A00000F0CAF9022000F0CFF91EE01148844262
:1044B00006D1042000F0C0F9042000F0C5F914E092
:1044C0000D48844206D1082000F0B6F9082000F01B
:1044D000BBF90AE00948844206D1802000F0ACF91B
:1044E000802000F0B1F900E00125284670BD0000F1
:1044F0000004005000080050000C0050001C005048
:10450000F0B502460B46002600216CE00124B440C1
:10451000186820400146002964D05868012802D05C
:104520005868022816D1986894680D464D436F006C
:10453000ED19AC430D464D4345432C43946000BFF9
:10454000DC68186855688543074667433D435560F6
:1045500000BF00BF1869D4680D464D436F00ED19C8
:10456000AC430D464D4345432C43D46000BF5868CF
:10457000022829D1FF2911D85869146A0D464D43E4
:104580004D434D432F017D1BAC430D464D434D43E1
:104590004D4345432C43146200BF15E05F69080A90
:1045A00040430C0A60430C0A60430401241A506A19
:1045B000A0430C0A64430D0A6C430D0A6C437C4310
:1045C0002043506200BF00BF586814680D464D4339
:1045D0006F00ED19AC430D464D4345432C43146029
:1045E00000BF00BF761C1868F04000288ED1F0BDD7
:1045F0000246506908407047816270478161704788
:104600008161704781617047002A01D0816100E0BB
:1046100081627047C16920221143C1617047C1693D
:1046200020221143C16170470168012211430160DA
:10463000704701680122114301607047F0B5069C84
:104640004668650D0127BF023D400B4F3D430127E2
:104650007F03ED197F003D43BF02ED19074F3D4336
:10466000AE430D4615431F043D43059F3D4325437F
:104670002E434660F0BD0000FF0B00000010FF025B
:10468000F0B5069C4668650D0127BF023D400B4F03
:104690003D4301277F03ED197F003D43BF02ED1924
:1046A000074F3D43AE430D4615431F043D43059F51
:1046B0003D4325432E434660F0BD0000FF0B000044
:1046C0000010FF0230B5024600BF106840084000ED
:1046D000106000BFCB68886814681F252D02AC43AA
:1046E0001D0205432C43146000BF4868106100BFE1
:1046F00000BF106801231843106000BF00BF90681E
:10470000DB039843906000BF8B6908699468E40AF2
:10471000E40205461D432C43946000BF086900284D
:1047200007D000BF90680123DB031843906000BFEF
:1047300000BF0868136803242405A34303431360E0
:1047400000BF486953680124E403A3430343536053
:1047500000BF002030BD014688690122D20310400D
:10476000C00B7047014688690122D2031040C00B7C
:10477000704701468869042210408008704701464E
:104780008869042210408008704701468869202209
:1047900010404009704701468869202210404009B6
:1047A0007047014688690222104040087047014660
:1047B0008869022210404008704701460868C00717
:1047C000C00F012250405040704701460868C007A2
:1047D000C00F012250405040704781627047816293
:1047E0007047000008B50549C96A0143034AD16210
:1047F0001146C96A0140009100BF08BD0010024087
:1048000008B50549C96A0143034AD1621146C96A1C
:104810000140009100BF08BD0010024008B50549E5
:10482000C96A0143034AD1621146C96A0140009135
:1048300000BF08BD001002400249C9690143014A96
:10484000D1617047001002400249C9698143014AA1
:10485000D16170470010024070B504467D25ED001F
:1048600029462046FBF746FC401E044948610020CB
:1048700088610520086100BF70BD000000E000E015
:10488000034800690421084301490861704700009A
:1048900000ED00E003480068042108430149086076
:1048A000704700000070004003480068FF2101319C
:1048B00008430149086070470070004003480068E1
:1048C0000121490208430149086070470070004017
:1048D00003490968022291430143014A116070476C
:1048E00000700040044909680322D2029143014349
:1048F000014A1160704700000070004002480069E2
:104900000321090408407047401002400248C06873
:104910000C2108407047000000100240F8B5044622
:104920000025032C2FD1204600F066F82104401A00
:104930001ED0012804D0022806D0032817D10FE08A
:1049400001F07CF905461DE000F072F8002806D061
:1049500000F082F8002801D0254D00E0254D11E03F
:1049600000F082F8002801D00125ED030AE000BF25
:1049700001F064F9074601F02BF9064601F04CF905
:10498000054600BF00BF0C2C2FD1204600F034F8A4
:104990002104401A1ED0042804D0082806D00C2870
:1049A00017D10FE001F04AF905461DE000F040F88C
:1049B000002806D000F050F8002801D00C4D00E08F
:1049C0000C4D11E000F050F8002801D00125ED0356
:1049D0000AE000BF01F032F9074601F0F9F8064697
:1049E00001F008F9054600BF00BF2846F8BD0000E9
:1049F00000093D000024F40001460348C068084057
:104A00000A04104370470000401002400348006849
:104A1000012108430149086070470000001002406E
:104A200002480068042108408008704700100240D6
:104A300002480068042108408008704700100240C6
:104A4000044949681F221202914302021143014A9C
:104A50005160704700100240024800681021084071
:104A60000009704700100240034800690121490213
:104A70000840400A70470000401002400248406869
:104A80000721490308407047001002400349C968E4
:104A9000F02291430143014AD16070470010024067
:104AA0000449C9680722120291430143014AD160B7
:104AB00070470000001002400449C9680722D20272
:104AC00091430143014AD160704700000010024049
:104AD0000449C9680122D20391430143014AD160CC
:104AE00070470000001002400649C9680209FF2310
:104AF0001B031A40914302011A401143014AD1603D
:104B000070470000401002400449C9680322920225
:104B100091430143014AD1607047000040100240B8
:104B20000349C968890889000143014AD160704777
:104B3000001002400449C968020C914382B211433B
:104B4000014AD1607047000040100240F8B5069C51
:104B5000F02515402D041607360B35430D43F0267E
:104B60001E4036021F073F0D3E433543F0262640C8
:104B700027073F0F3E4335430095C569024E354038
:104B8000009E3543C561F8BD808080FF8168FF22AB
:104B90000132914381607047F0B585B005460E46FD
:104BA0001446002E0DD1284600F0DCF9002800D074
:104BB00002E00020206000BFE068002800D10EE085
:104BC0000DE0284600F0CEF9002800D002E00020D9
:104BD000206000BFE068002800D100E000BF284648
:104BE00000F08BF9E06800281ED100BFE8690121C0
:104BF00089078843E86100BF002E04D0217C284645
:104C000000F06AF821E0207C0A21FBF773FA070123
:104C1000207C0A21FBF76EFA0F43F8B2014603909D
:104C2000284600F059F810E000BFE8690121890723
:104C30000843E86100BF207CE9690F221206914316
:104C400002061143E96100BF00BF002E08D0A07921
:104C500000906379227928462168FFF777FF2BE0DF
:104C6000A0790A21FBF746FA0701A0790A21FBF790
:104C700041FA0F43F8B2039060790A21FBF73AFA40
:104C8000070160790A21FBF735FA0F43F8B2029069
:104C900020790A21FBF72EFA070120790A21FBF778
:104CA00029FA0F43F8B20190039800902168284632
:104CB000029B019AFFF74AFFA068E969054A114083
:104CC0000143E96100BF284600F01FF9002005B04C
:104CD000F0BD00007F7F7F7F10B5F0220A401206F2
:104CE0000B071B091A43C3693F242406A3431A4335
:104CF000C26110BDC16880221140024A1143C160E7
:104D0000704700007FFEFFFFF8B5069CF0252540A8
:104D10002D042607360B35434E033543F0261E403F
:104D200036021F073F0D3E433543F0261640170756
:104D30003F0F3E43354300954568034E3540009E86
:104D400035434560F8BD0000C00000FF01464868DB
:104D50008206920E302010400009000113071B0F3D
:104D600018437047014648681F231B02184002463B
:104D7000012000031040000B00010F231B02134011
:104D80001B0A184370470146486807225203104027
:104D9000400B704701464868FF231B041840024639
:104DA0000F2000051040000D00010F231B041340CD
:104DB0001B0C18437047F7B584B00D46144601200C
:104DC0000390002D09D1607810210840102804D1EB
:104DD0006078EF2108400A306070002D00D100E0BB
:104DE00000BF049800F089F8049800F091F80128B9
:104DF00043D0002D08D0E07800906378A278217825
:104E00000498FFF781FF29E0E0780A21FBF772F9A7
:104E10000701E0780A21FBF76DF90F43FEB26078D5
:104E20000A21FBF767F9070160780A21FBF762F9AD
:104E30000F43F8B20290A0780A21FBF75BF9070153
:104E4000A0780A21FBF756F90F43F8B200960190BB
:104E500021780246029B0498FFF756FF049800F061
:104E600043F8049800F08FF8002804D1049800F06B
:104E70001FF9039001E000200390049800F045F82A
:104E8000039807B0F0BD000070B504460125204628
:104E900000F033F8204600F03BF8012819D000203C
:104EA00020600E4860610E486060A0684007400FB7
:104EB000A0600C4820610020E0612062E062E063B5
:104EC0006064A064E0602064E064204600F0F0F8D4
:104ED0000546204600F019F8284670BDFFFF000087
:104EE00001210000FF007F008021C943C16070479D
:104EF000CA214162532141627047CA214162532154
:104F000041627047FF2141627047FF214162704753
:104F1000F8B505467D20C00000900026284600F028
:104F200026F800281CD100BF401EE86000BF2846BC
:104F300000F01DF804460EE000F002F9012802D14D
:104F40000098401E0090284600F011F80446009892
:104F5000002800D101260098002801D0012CEBD1B7
:104F60003046F8BD0146886840221040704701462F
:104F7000C86840221040800970470146C868202256
:104F800010404009704701468868202210404009BF
:104F900070470000F8B5069CF02515402D04160753
:104FA000360B35430D43F0261E4036021F073F0DDA
:104FB0003E433543F026264027073F0F3E43354307
:104FC00000950568024E3540009E35430560F8BDEA
:104FD000808080FFF7B584B00D4614460120039011
:104FE000002D09D10498FFF7BDFF002800D002E092
:104FF0000020206000BF09E00498FFF7B3FF0028FD
:1050000000D002E00020206000BF00BF0498FFF73E
:1050100074FF0498FFF77CFF012843D0002D08D0CF
:10502000A07900906379227921680498FFF7B2FF94
:1050300029E0A0790A21FBF75DF80701A0790A2190
:10504000FBF758F80F43FEB260790A21FBF752F8DC
:10505000070160790A21FBF74DF80F43F8B202907F
:1050600020790A21FBF746F8070120790A21FBF78E
:1050700041F80F43F8B20096019021680246029B66
:105080000498FFF787FF0498FFF72EFF0498FFF7B7
:105090007AFF002804D1049800F00AF8039001E098
:1050A000002003900498FFF730FF039807B0F0BD8D
:1050B000F8B504467D20C0000090002500BFE068E0
:1050C00080210840A021C9430843E06000BF20467A
:1050D000FFF753FF06460EE000F032F8012802D138
:1050E0000098401E00902046FFF747FF06460098B4
:1050F000002800D101250098002801D0002EEBD116
:10510000012D1BD07D20C00000902046FFF735FF09
:1051100006460EE000F014F8012802D10098401E67
:1051200000902046FFF729FF06460098002800D18E
:1051300001250098002801D0012EEBD12846F8BDAA
:1051400003480069012109040840000C7047000071
:1051500000E000E001490860704700004C000020BA
:1051600010B50246136801208007824205D0164818
:10517000824202D01548824205D118467024A043CD
:105180004C682043034601208007824205D00E4828
:10519000824202D00D48824206D1184603242402DE
:1051A000A043CC682043034613608868D06200BFE8
:1051B0000888906200BF00BF5069012420435061FD
:1051C00000BF002010BD0000000801400014014095
:1051D00001210162704741680922D2029143416076
:1051E00081682A229143816070470168012211433E
:1051F0000160704770B5044600BF00BFEFF3108038
:105200000546012001F081FB2068FF2101310843A0
:105210002060284601F079FB00BF70BD70B50446E0
:1052200000BF00BFEFF310800546012001F06DFBC9
:105230002068202108432060284601F066FB00BF5B
:1052400070BD0000F0B585B004460D460120049005
:1052500000200390204600F07BF8002858D1E96830
:105260006868084329690843A969084321682A4AEC
:10527000114008432060A86861680322120391432B
:105280000143616000BF6869A16812119143014345
:10529000A16000BF2148844204D10320FFF73EFBF8
:1052A000039006E01E48844203D10C20FFF736FB32
:1052B0000390039800282BD02868002828D00020CD
:1052C0000490039FA86902902E680121C9030298E7
:1052D000884214D17900720888183146FAF70AFF1B
:1052E00080B201900F490198084000900198000792
:1052F000400F0099084300900098E06006E07108B4
:10530000C8193146FAF7F6FE80B2E06000BF00BF70
:10531000049805B0F0BD0000F369FFEF00380140CC
:1053200000440040F0FF00000146C869C007C00FFC
:1053300001225040504070470146C8692022104069
:10534000400970470146C8694022104080097047F3
:1053500001460868C007C00F012250405040704706
:105360008162704710B50D480088002814D00B48A2
:105370000088401E094908800120C0030521090753
:10538000886200BF05480088002805D10121C903B3
:1053900005200007FFF732F910BD000024000020AF
:1053A00030B593B0D3A207CA10AB07C3D4A103C9C9
:1053B0000F910E90012005F02BF804F069FD1420E8
:1053C00000F088FBFF20F53000F084FBFCF7A2FF23
:1053D000FCF7F4F9002817D100BF00BF00BF00BFE1
:1053E00000BFBFF34F8F00BF00BF00BFC648C74913
:1053F000C86000BF00BF00BFBFF34F8F00BF00BF3A
:1054000000BF00BF00BFFDE7FCF71AFD1022C04936
:10541000C048FAF751FF0822BF49BE480838FAF7DA
:105420004BFF0422BD49BB481030FAF745FF10225C
:10543000BB49B8481430FAF73FFF1022B949B548C4
:105440002430FAF739FF0422B2490C3908461C30DF
:10545000FAF732FF0120FDF7C9FAFCF7B5FDFDF7B9
:105460003FF9FCF789FEFDF775FC0020FCF742FDD3
:10547000ADA0FCF79BFFAE490820FDF7C1FDAD488C
:10548000FDF70AF80320FDF7BFF90020FCF732FD15
:10549000FDF798FB0020FDF777F80A20FDF728FDBF
:1054A000FDF71CFE0120FDF735FAFDF7FBFBFCF7CD
:1054B000F9FCA14800F00EFBFCF72CFFFCF722F9E9
:1054C000FCF7EEF8FCF75AFBFCF7EAF9FCF7B8F842
:1054D000FCF7BAFBFCF782FCFCF744FAFCF7E6FBAE
:1054E000FCF77CF8FCF7E4FAFCF712FCFCF712FB83
:1054F000FCF740FCFCF704FAFCF774FB142000F006
:10550000E9FA002004F084FF8CA20A2110A801F01F
:10551000AFF88CA205210EA801F0AAF88AA0FEF728
:1055200039FF00F00BFB044693A0807930380A2144
:10553000484391A1C9794018014630398EA0C078FE
:1055400030380A2250438CA2127980180246303A31
:1055500089A0007830380A23584387A35B78C018A5
:105560000346303B87A00079202801D1002002E0CB
:1055700084A0007930380A25684382A56D79303DD2
:10558000401905930692079104907EA0C0793038A7
:105590000A2148437BA1097A401830380A21484340
:1055A00078A1497A303940180A21484375A1897A8F
:1055B0003039401876A10EAA10AB039400920191E5
:1055C00002900722102173A0FEF7E4FE5148133821
:1055D000817A407A4F4A133A127A4E4B133BDB7969
:1055E00001930292049103904A4813388079009005
:1055F0004848133843790279C17874A0FEF7CAFE8F
:1056000044481030C0780090424810308378427887
:10561000C01EC17878A0FEF7BDFE3E481430C27BA4
:10562000807B3C491431497B3A4B14331B7B0993F3
:105630000C920A910B9037481430C17A827A407AE2
:10564000344B14331B7A0593079208910690314826
:105650001430C27980792F49143149792D4B143394
:105660001B7901930492029103902A481430C07868
:1056700000902848143083784278C01FC17966486A
:10568000FEF788FE23482430C17B827B407B214B80
:1056900024331B7B09930B920C910A901D482430F4
:1056A000C17A827A407A1B4B24331B7A0593079286
:1056B0000891069017482430C079164924318A7918
:1056C0004979144B24331B7901930392029104907E
:1056D00010482430C07800900E48243083784278F7
:1056E0001738C17D4D48FEF755FE17A0FEF752FE54
:1056F00013B030BD41533932335F415332000000A3
:105700004F544141000000000400FA0500ED00E0A4
:105710005C0000203B0E0020540000206C000020A4
:1057200070000020800000207573393135000000C2
:10573000A0700837606BE035B80B00005553393165
:1057400035000000414250000D0A2A2A2A2A2A2A3E
:105750002A2A2A2A2A2A2A2A2A2A2A2A2A2A2A2AA9
:105760002A2A2A2A2A2A2A2A2A2A2A2A2A2A2A2A99
:105770002A2A0D0A0000000032313A33333A353418
:105780000000000053657020313420323032350083
:10579000410000000D0A536F66745665723A562533
:1057A000642E25645F25735F25735F436C6173739B
:1057B00025735F4F435F25642E25642E25645F2586
:1057C000643A25643A25640D0A0000000D0A446518
:1057D000764575693A253032782530327825303271
:1057E00078253032782530327825303278253032BD
:1057F00078253032780D0A000D0A446576416464DC
:10580000723A25303278253032782530327825309A
:1058100032780D0A00000000A0E1000850E1000805
:1058200010B503F0F3FE81490968884200D210BD2B
:1058300003F0ECFE7D21C90040187C4908607C48DB
:10584000007A030000F073FF05041D3A6C8FED0031
:105850007848006878490968884211D87448007A05
:1058600000280DD17248C079022809D10121704861
:105870000172724880793C2802DA3C206F498871B5
:10588000D0E06B4840380078400840006849403913
:105890000870012004F0BCFDFCF73CFD0120FDF781
:1058A000A5F867A000F01CF9142000F013F90020FF
:1058B0006649088002215E480172B3E0FCF7C2F835
:1058C000002805D003215A480172FCF733FD26E079
:1058D0005E480088401C5D4908805DA15DA0FEF720
:1058E00059FD5A4801885DA0FEF754FD57480088CD
:1058F000782814DB00205549088060A155A0FEF7E8
:1059000049FD60A0FEF746FD02214948C17104210E
:1059100001720320494988710120FDF7E7F881E011
:1059200043484038007840084000401C4049403916
:10593000087000205B4908704449088000213C48F9
:105940000172C17103203D49887108460079102118
:1059500088431030394908715349544881800020E8
:1059600004F056FD5EE00320344988710021304880
:1059700001720221C1712F4800682F4909688842CD
:105980004BD848480078401C4649087008460078C3
:10599000052801DD0520087042480078030000F06A
:1059A000C6FE062B040C141C242B23480068E1219E
:1059B000C90040181F49086025E01F480068E12120
:1059C000090140181B4908601DE01B480068E121DF
:1059D000490140181749086015E017480068E1219F
:1059E000C9014018134908600DE0134800683049A8
:1059F00040181049086006E00F4800682C4940181C
:105A00000C49086000BF00BF11A112A0FEF7C2FC44
:105A10000848016827A0FEF7BDFC002004F0F8FC50
:105A200000E000BF00BF00BF01E70000A0000020B1
:105A3000680E00209C000020380000208007002015
:105A400061742B6A6F696E0D00000000A4000020D5
:105A50004C4F47000A5B25735D0000004C6F52619C
:105A600057414E205761697420456E746572204914
:105A70006E204E6574202564000000005741524E90
:105A8000000000004C6F526157414E20456E746516
:105A90007220496E204E65742054696D656F75746F
:105AA000210000009800002070170000EC08002082
:105AB00080510100557064617465205265636F6E9A
:105AC0006E6563742054696D657374616D703A20FE
:105AD000256C640010B50446A0B203F0B5FF10BDFC
:105AE00070B504462046FAF721FC85B229462046C7
:105AF00000F002F870BD0000F8B504460D4600261F
:105B000027460CE03046721C96B2395C0948FFF714
:105B100027FC00BF0748FFF715FC0028FAD0AE426B
:105B2000F0DB05488079032802DA032002498871F6
:105B3000F8BD000000380140800700201FA18978CF
:105B400070292ED00CDC672929D004DC622918D0FA
:105B500063292ED12BE06C291FD06E2929D108E0B2
:105B6000722910D074291ED076291ED0792920D10F
:105B700011E012A14978612901D1012000E006203D
:105B800019E0022017E00DA14978612901D1032015
:105B900000E004200FE005200DE007200BE00820C6
:105BA00009E0092007E00A2005E00B2003E00C20B3
:105BB00001E0002000BF00BF704700005365702067
:105BC000313420323032350000BFFEE7704700002C
:105BD000014600BF0548C068F0221040104000098F
:105BE000034A125C0846D040704700000010024093
:105BF000CFC40008014600BF0548C0680722120252
:105C00001040000A034A125C0846D040704700006A
:105C100000100240DFC40008014600BF0548C0680C
:105C20000722D2021040C00A034A125C0846D04044
:105C30007047000000100240DFC4000810B500BF2C
:105C40001648C0680C210840002806D004280CD053
:105C5000082812D00C2816D111E0FEF70FFF400BD8
:105C6000401C01218140CC0315E0FEF7F5FE002821
:105C700001D00B4C00E00B4C0DE00B4C0BE000F0A6
:105C800015F8044607E0FEF7F9FE400B401C012121
:105C90008140CC0300BF00BF204610BD0010024071
:105CA00000093D000024F40000127A00F8B500BF9E
:105CB0001448C0680121090408400546002D07D199
:105CC000FEF7CAFE002801D00F4C00E00F4C01E0A7
:105CD0000F4C00BF00BF00BF0A48C0680321890500
:105CE0000840800D461C0748C0680F218904084001
:105CF000800C0849085C604307463146FAF7FAF918
:105D0000F8BD00000010024000093D000024F4002E
:105D100000127A00E7C4000830B58BB0044647484B
:105D2000FFF7E6F84548FEF731FF00BF43488068BB
:105D30000121090388434149886000BF0846FFF7F5
:105D4000E1F8002006900A21A068FAF7D3F90501CE
:105D50000A21A068FAF7CEF90D43684605770A21B3
:105D60006068FAF7C7F905010A216068FAF7C2F915
:105D70000D43684645770A212068FAF7BBF905010B
:105D80000A212068FAF7B6F90D43684685770120A5
:105D9000C007089006AA01212848FEF7FDFE274803
:105DA000FFF7A6F800BF25488068FF2101310843AE
:105DB0002249886000BF0846FEF79CFF00BF1F48CD
:105DC00080680121090308431C49886000BF012045
:105DD00040041B4909680143194A116000BF00BF14
:105DE000114689680143916000BF0F21022000F035
:105DF00001FD022000F0AAFC1048FFF783F811A172
:105E000011A0FEF7C7FA1248006811494968104A04
:105E100092680F4BDB6802930392049105900C4843
:105E20000069401C0A4949690091019009482368AA
:105E30006268A168FEF7AEFA0BB030BD00280040E2
:105E4000000401404C4F47000A5B25735D000000D1
:105E5000C007002040DF000810B500BF144880686C
:105E6000012109030840000B00281AD000BF104888
:105E7000C06809110840000A002812D00D480079B6
:105E800040084000401C0B4908710948FEF732FFEA
:105E90000748FFF72DF80648FEF778FE0448FFF79D
:105EA00031F8012040040449486100BF10BD0000E2
:105EB0000028004080070020000401403EB55448FF
:105EC000FEF7E2FF0120000452490969032212048F
:105ED000914301434F4A116100BF00BF1046006962
:105EE0000121890408431146086100BF4848FEF7B4
:105EF000FFFFFDF797FC0020454989684022914348
:105F00000143434A916000BF7F20114609690204A2
:105F10009143020411433E4A116100BFFF20114624
:105F20000969C90BC9030143116100BF3A48017EE9
:105F3000684601723849C8680A21FAF7DBF804019B
:105F40003549C8680A21FAF7D5F80C4368468472C7
:105F500031490969481C0A21FAF7CCF804012E4995
:105F60000969481C0A21FAF7C5F80C4368464472CF
:105F7000294949697D221201881A0A21FAF7BAF8DB
:105F80000401254949697D221201881A0A21FAF77C
:105F9000B1F80C436846C47202AA01211C48FEF7FE
:105FA0000AFF002000901C4988680A21FAF7A2F82D
:105FB0000401194988680A21FAF79CF80C436846DD
:105FC0000471154948680A21FAF794F80401124946
:105FD00048680A21FAF78EF80C43684644710E4966
:105FE00008680A21FAF786F804010B4908680A21B3
:105FF000FAF780F80C43684684716A460121044828
:10600000FEF7E8FFFDF722FC0148FEF77BFF3EBDEF
:106010000028004040100240C007002038B500248E
:1060200004F074F8442003F041FB684604F08CFA55
:106030000446002C08D009A10AA0FEF7ABF92146BE
:106040000AA0FEF7A7F907E013A106A0FEF7A2F940
:1060500012A00099FEF79EF938BD00004552524F3C
:10606000520000000A5B25735D0000005348543461
:1060700030582F5354533430204765742053657281
:1060800069616C204E756D626572204552524F52A7
:106090003A202564000000004C4F47005348543418
:1060A00030582F53545334302053657269616C203B
:1060B0004E756D6265723A20256400007047704726
:1060C00010B50020FEF7D0F900BF00BF47480068B8
:1060D000C007C00F0028F8D10120C002FEF702FC63
:1060E000FEF794FC00BFFEF79BFC0128FBD11020BB
:1060F000FEF7A6FCFEF7D8FBFEF700FC0121090421
:10610000884211D000BF3A480069C90008433849A5
:10611000086100BF00BF084600690121C904884327
:106120003349086100BF00BF0020314909690322DB
:10613000D202914301432E4A116100BF00BF1046B5
:106140000069911508431146086100BF00BF00BFF8
:1061500027480069012149020840400A0028F6D07A
:10616000FEF7CCFB0121090488420AD008462049E9
:10617000096903221204914301431D4A116100BFC2
:1061800000BF00BF1A48006901218904084318496B
:10619000086100BF9020FEF779FC0020FEF780FC2C
:1061A0000020FEF789FC0120FEF7BAFC00BFFEF7D5
:1061B000ADFB0428FBD10F48FEF74EFB0D48FEF760
:1061C000C9FF03200004FEF7B5FC03208004FEF79E
:1061D000B1FC0020FEF798FC03200004FEF784FCCD
:1061E0000120C003FEF774FC10BD00000020024037
:1061F0004010024000093D007047000010B53948CA
:106200000068401C3749086037480068401C364920
:106210000860344800683B2863DD0020314908608D
:1062200008464068401C4860084640683B2858DDE6
:106230000020486008468068401C886008468068E6
:1062400017284EDD002088600846C068401CC860E2
:1062500008468069401C886108468069062801DD7F
:10626000002088611F48006980002049085C20499F
:1062700008701C484469E017800F001980108000E6
:10628000201A06D1174948696421F9F749FF002906
:1062900007D114494869FF219131F9F741FF0029DD
:1062A00008D110480069012804D111480078401C29
:1062B0000F4908700B48C0680D490978884210DD05
:1062C00001200849C86008460069401C086108466A
:1062D00000690B2805DD0020086108464069401C64
:1062E000486110BDC0070020380000207CAC0008C9
:1062F0003C00002010B53A480068401C384908604E
:1063000038480088401C3749088037480068401CDE
:106310003549086035480068401C344908603448F5
:106320000089002805D032480089401E81B23048DB
:10633000018130480089002805D02E480089401E80
:1063400081B22C4801812C488088002805D02A4839
:106350008088401E81B22848818028480088002813
:1063600004D026480088401E244908801F48006841
:106370007D21C900884207D300201C4908602048BD
:106380000068401C1E4908601E480078401C1D49DA
:10639000087008460078052803DD0020087002F028
:1063A000FBF80F4800687D21C900884215D3002002
:1063B0000B490860FFF722FF0F48808800280CD1A6
:1063C00011488079002808D010480078002804D1AE
:1063D0000D488079401E0C498871FEF7C3FF10BD3F
:1063E0004000002034000020280000203000002061
:1063F000F60B0020EC090020EC0800200200002031
:106400002C00002044000020800700201D000020F8
:1064100008B501200E49496B01430D4A51631146ED
:10642000496B0140009100BF00BF00071146896B16
:10643000014391631146896B0140009100BF00BF89
:10644000FEF732FA0321081F00F098F908BD00009A
:106450000010024010B500BF08480069C007C00F17
:10646000012148404840002806D000BFC81E03490B
:10647000086100BFFFF73EFF10BD000000100040A4
:1064800030B585B004460D4600200190029003907F
:10649000049010202749896B0143264A91631146D5
:1064A000896B0140009100BF00BF0121112000F065
:1064B000A1F9112000F04AF9681E69468880002081
:1064C0000290601E039001A91B48FEF749FE00BF21
:1064D00019480068802108431749086000BF002060
:1064E0004968702291430143134A516000BF00BFC5
:1064F00010468068802188431146886000BF00BF35
:1065000008460068012108431146086000BF00BF2B
:1065100008460068022188431146086000BF00BF9A
:106520000846C068012108431146C86000BF05B095
:1065300030BD0000001002400010004010B51248AD
:10654000FEF7FAFE002815D000BF0F49496AC9B20C
:1065500008460E49C988FF290BDA0C49CA88C98840
:10656000491C8BB20949CB80FA3988541422FA317C
:106570000A8100BF0448FEF7D7FE002802D0024877
:10658000FEF726FE10BD000000380140EC09002097
:1065900010B51C48FEF7D0FE002815D000BF1949E1
:1065A000496AC9B208461849C988FF290BDA164951
:1065B000CA88C988491C8BB21349CB80FA398854E0
:1065C0001422FA310A8100BF0E48FEF7ADFE002802
:1065D00002D00C48FEF7FCFD00BF0A48C069082144
:1065E0000840C008002805D000BF082005490862FF
:1065F00000BF00BF05488079032802DA0320034961
:10660000887110BD00440040F60B00208007002078
:10661000F8B504460D46002627460CE03046721CAD
:1066200096B2395C0548FEF79BFE00BF0348FEF7B3
:1066300089FE0028FAD0AE42F0DBF8BD00440040ED
:1066400000BF0A48C06880210840A021C943084310
:106650000649C86000BF00BF00BF0448C0682021D1
:10666000084040090028F7D000207047002800406B
:106670000FB47CB50C0009AD01D0611E00E0002113
:1066800001910090074B6A462946089800F0FAF9F4
:10669000002C02D0009A002111707CBC08BC04B010
:1066A00018470000C17100080FB410B504A9074BCA
:1066B00002AA039800F0E6F9044602A9002000F0BF
:1066C0008AFD204610BC08BC04B01847D7710008EA
:1066D0007CB51D4616460C0001D0611E00E000216D
:1066E00001910090054B6A462946304600F0CAF9F0
:1066F000002C02D0009A002111707CBDC1710008ED
:106700002021020C01D010211046020A01D01046AF
:106710000839020901D01046091F820801D010462D
:10672000891E420801D0881E7047081A704730B48D
:106730007446641E2578641CAB4204D3635D5B0021
:10674000E31830BC18471D46F8E70000002805DBB9
:10675000C206D20E01219140014A1160704700002B
:1067600000E100E0002805DBC206D20E01219140C5
:10677000014A11607047000000E100E010B50028F8
:1067800019DB1A4A03231B02D21883089B00D25834
:106790008307DC0EFF23A3409A438B071B0E84075D
:1067A000E40EA3401A43114B032424021B1984084E
:1067B000A4001A5118E00E4A03071B0F083B9B0860
:1067C0009B00D2588307DC0EFF23A3409A438B071C
:1067D0001B0E8407E40EA3401A43054B0407240F45
:1067E000083CA408A4001A5110BD000000E100E01C
:1067F0001CED00E010B5002819DB1A4A03231B0228
:10680000D21883089B00D2588307DC0EFF23A340D5
:106810009A438B071B0E8407E40EA3401A43114BC7
:10682000032424021B198408A4001A5118E00E4AFC
:1068300003071B0F083B9B089B00D2588307DC0E05
:10684000FF23A3409A438B071B0E8407E40EA3404B
:106850001A43054B0407240F083CA408A4001A514E
:1068600010BD000000E100E01CED00E010B50028C4
:1068700019DB1A4A03231B02D21883089B00D25843
:106880008307DC0EFF23A3409A438B071B0E84076C
:10689000E40EA3401A43114B032424021B1984085D
:1068A000A4001A5118E00E4A03071B0F083B9B086F
:1068B0009B00D2588307DC0EFF23A3409A438B072B
:1068C0001B0E8407E40EA3401A43054B0407240F54
:1068D000083CA408A4001A5110BD000000E100E02B
:1068E0001CED00E000487047A800002002E008C846
:1068F000121F08C1002AFAD170477047002001E03A
:1069000001C1121F002AFBD1704780F31088704725
:10691000F0B51FB486B00998089A030D0021024310
:1069200014D05148514A18185043051411980128A1
:1069300010981AD0281A401C00264D4F4D49009639
:1069400001910490002812DA444211E011980124C8
:1069500049A3012801D11098C1430698119A846077
:106960000360C26041600BB0F0BD4042E4E7044602
:10697000210500203F4A001C51410391029012E082
:10698000E00707D032463B4601990098F9F756FFD9
:106990000191009032463B4610461946F9F74EFFEA
:1069A00006460F466410002CEAD10498039B002889
:1069B000029A0999089806DAF9F740FF019B009AB4
:1069C000F9F73CFF05E0F9F7A1FF019B009AF9F701
:1069D0009DFF04460E460022284BFAF743F803D8E1
:1069E0000020C043014607E00022254B20463146E7
:1069F000F9F770FEFAF79EF9102409E0002C0ADB83
:106A00000A220023F9F7A0FB079B30321A55641EB7
:106A100002460A43F2D11122641C079B121B1C1967
:106A2000119B012B03D0012308430ED10AE0084338
:106A300004D0112010900020119077E71098151ABB
:106A40006D1E0BE01098824202DD00236D1C03E0F6
:106A5000824201DA00236D1E002BEED006981199B8
:106A60008260C16030C07EE701FCFFFF104D000076
:106A7000000014400000F03F300000000000F04330
:106A80000000E03FFFB597B0064600251BE2252831
:106A900076D100242746F749049400E00443761C8D
:106AA00032780120203A90400842F7D130782A28E5
:106AB0000ED00222307801463039092916D80499BF
:106AC0000A235943303940181443761C0490F1E7E7
:106AD000189802C804911890002904DA0120400394
:106AE00004434842049002200443761C30782E2848
:106AF00014D1042004437078761C2A2809D11898F0
:106B0000761C80C8189009E00A214F43303FC7190E
:106B1000761C3078014630390929F5D930786C284F
:106B200010D006DC4C281AD068280ED06A2817D15D
:106B300004E0742813D07A2812D110E00120400517
:106B400004430CE00121090501E0032109050C4380
:106B50007178814203D1012000052418761C761C2F
:106B6000307866280BD013DC58287DD009DC00284B
:106B70007BD04528F6D04628F4D047281AD1A9E181
:106B800018E0632835D0642870D0652812D1A1E1BF
:106B900070286CD008DC6728F1D069287DD06E2879
:106BA0000DD06F2806D1BCE073282ED0752873D085
:106BB000782859D01A9A199990476D1C82E1600281
:106BC000400F022809D003280DD004281898016826
:106BD0000DD00D60001D189074E11898EA17016837
:106BE0000D604A60F6E7189801680D80F2E70D70B5
:106BF000F0E718986A4601781172001D189000207D
:106C0000507202A80090012005E0189802C8189060
:106C100000200091C04361070ED5002101E00199D9
:106C2000491C0191B94213DA8142F8DB019A0099BB
:106C3000895C0029F3D10BE0002101E00199491C96
:106C400001918142FADB019A0099895C0029F5D112
:106C5000019904981A9B471A21463846199A00F060
:106C600099FA4019019903E051E030E115E050E054
:106C7000451807E0009800990078491C00911A9A7D
:106C8000199990470198401E0190401CF2D121466D
:106C900038461A9B199A12E137E00A200021009029
:106CA00001916002410F022907D0189A01CA189277
:106CB000C2179446032908D00AE01898C01DC108DD
:106CC000C90005C91891944607E000B2C21794465E
:106CD000042902D140B2C1178C4600226146944576
:106CE00006DA0A460021404291418C462D2102E0FD
:106CF000210504D52B216A461173012103E0E10728
:106D000001D02021F7E7029156E00A200AE0102086
:106D100008E010200090002104200443019108277E
:106D200003E008200021019100906002410F022938
:106D300007D0189A01CA189200229446032908D055
:106D400008E01898C01DC108C90005C918919446EB
:106D500003E080B2042900D1C0B2002102912107D2
:106D60002AD531780D91702906D0009A1021019B07
:106D70004A401A4305D00EE040216A4611730121B2
:106D800008E06146014306D030216A4611730D992F
:106D9000517302210291009A0821019B4A401A4333
:106DA0000AD16146014301D1610705D530216A4608
:106DB000117301217F1E02913178582904D02EA130
:106DC0000E910DA90D910DE030A1F9E76146019BEF
:106DD000009AF9F7B9F90E9B8C469B5C0D9A521EEE
:106DE0000D92137061460143F0D10D9805A9081A60
:106DF00020300190600703D501200004844300E0A7
:106E000001270198874201DD381A00E0002001992E
:106E100000904118029809180498401A0490E00361
:106E200006D421461A9B199A049800F0B3F9451923
:106E3000002706E003A81A9AC05D199990476D1CB7
:106E40007F1C02988742F5DBE0030CD521461A9B94
:106E5000199A049800F09EF9451904E01A9A302016
:106E6000199990476D1C0099481E00900029F5DC87
:106E70001FE0000009280100303132333435363745
:106E80003839616263646566000000003031323376
:106E90003435363738394142434445460000000016
:106EA0000D980D990078491C0D911A9A19999047DF
:106EB0006D1C0199481E01900029F1DC4DE100F0A4
:106EC00059F94519761C3078002800D0DFE52846AE
:106ED0001BB0F0BD600700D406271898C01DC1087C
:106EE000C90048680A680831C30FDB071891190008
:106EF00001D09CA108E0210501D59BA104E0E10798
:106F000001D09AA100E09AA14300109130785B086B
:106F100065280CD006DC452809D046281DD0472816
:106F200041D141E0662818D067283CD13CE00021DF
:106F3000112F01DB112000E0781C0191009008A9BD
:106F400011A8FFF7E5FC139905910021119A1592FC
:106F50007F1C12980197009150E00120C007039018
:106F60000120019008A9009711A8FFF7D1FC139AFE
:106F7000149905920022119B009212981593059A7C
:106F80000192002901D0104602E0791C40180190BE
:106F9000381A01D5019804E04042401E0090781C48
:106FA0000190C01B029043E0012F00DA012700216D
:106FB000112F01DD112000E038460191009008A951
:106FC00011A8FFF7A5FC13990591119A00211298B9
:106FD00015920091019721070CD40599B94201DB64
:106FE000019900E00191012904DD159A491E515CC7
:106FF000302906D0B84201DA011D05DA01210291DB
:1070000015E00199491EEDE7002805DC00994118BB
:1070100000910199091A03E0019A411C914200DD97
:1070200001910099401A401C02900120C007039072
:10703000200706D402990198814202DB0020C04358
:10704000029000206946C87707AF012103980337F3
:10705000C907884224D0022011902B201290039857
:1070600000280CDA404203902D20129007E00A21FC
:107070000398F9F73FF830317F1E0390397011996A
:10708000481E11900029F2DC03980028EFD1791EE8
:10709000129808703078202108404530BF1E3870A3
:1070A00006A8C01BC01D039010980078002800D0CF
:1070B0000120019941180298C0170918039809186E
:1070C0000498401A401E0490E00306D421461A9BFF
:1070D000199A049800F05EF8451910980078002875
:1070E00003D01A9A199990476D1CE00324D52146C4
:1070F0001A9B199A049800F04DF845191CE0009865
:10710000002807DB00990598884203DD1598405C4C
:10711000199901E0199930201A9A904700986D1C2E
:10712000401C00900298401E0290002804D11A9A38
:107130002E20199990476D1C0199481E0190002935
:10714000DDDC05E038781A9A7F1C199990476D1C90
:107150000399481E03900029F4DC21461A9B199AD2
:107160000498ACE62D0000002B0000002000000079
:1071700000000000F8B5044600251E4617468804A6
:1071800004D405E039462020B0476D1C641EF9D5B3
:107190002846F8BDFFB50446002581B01E46C80349
:1071A00001D5302700E02027880404D505E03846C3
:1071B0000399B0476D1C641EF9D5284605B0F0BD93
:1071C0004A68002A06D00A68531C0B601070486891
:1071D000401E486070470A68531C0B60107070476F
:1071E000F0B587B00020059006900390334904A8BD
:1071F00000F010FC0546294631A000F0C3FC2F49E1
:1072000003A800F0E3FA0546294634A000F0BAFCD2
:107210002A4905A800F054FE0546294635A000F08D
:10722000B1FC694614228A5E1011F9F7E7FB0746A4
:1072300001218907F9F7D2F90646F9F7EAFBC1B24D
:1072400031480170694616228A5E1011F9F7D6FBA3
:10725000074601218907F9F7C1F90646F9F7D9FB75
:10726000C1B229484170694618228A5E1011F9F7A7
:10727000C5FB074601218907F9F7B0F90646F9F77A
:10728000C8FBC1B2204881702038406A04990C1AAA
:107290001D482038049941621CA11DA0FDF77AF811
:1072A00019482038406A0094019017488378427842
:1072B000017819A0FDF76EF807B0F0BDF40D0020BD
:1072C000626D61343536775F737465705F636F75B7
:1072D0006E7465725F6F757470757400626D613481
:1072E0003536685F726561645F696E745F7374617F
:1072F00074757300626D61345F726561645F6163B0
:1073000063656C5F78797A00A00700204C4F4700D6
:107310000A5B25735D000000436F6E766572742012
:10732000583D2025642C20593D2025642C205A3DB1
:10733000202564472C2053746570203D202564204F
:107340002564000010B592B00020119010900E90AE
:107350000F9003220121464800F07CFD044621469F
:1073600044A000F00FFC424800F00CFA044621460D
:1073700045A000F007FC3E49B62000F022FF0520A2
:1073800002F062FB3A4800F0C9FB0446214643A0E4
:1073900000F0F8FB364910A800F0B8FC044621467E
:1073A00045A000F0EFFB002C42D1052110A8017090
:1073B0000021C170417081702D4900F067FE0446C4
:1073C000214645A000F0DEFB2949012000F0A8FE7F
:1073D0000446214648A000F0D5FB254802F024F8D9
:1073E000044621464CA000F0CDFB002C20D100210A
:1073F00008A80176012141760A21684641870021CB
:1074000008A801770121417719490EA800F04AFA2E
:107410000446214648A000F0B5FB002C08D11449D1
:1074200011A800F04FF9044621464EA000F0AAFB37
:10743000002C09D10E4A0121C80200F0C7F8044609
:10744000214652A000F09EFB094901A800F00EFB66
:107450000446074901A800F031FB044653A154A09B
:10746000FCF798FF54A0FCF795FF12B010BD000088
:10747000F40D0020626D61345F696E74657266613F
:1074800063655F696E697400626D61343536685F8B
:10749000696E69742073746174757300626D613410
:1074A0003536685F77726974655F636F6E666967AA
:1074B0002073746174757300626D61345F67657405
:1074C0005F616363656C5F636F6E66696720737489
:1074D0006174757300000000626D61345F736574E0
:1074E0005F616363656C5F636F6E66696720737469
:1074F0006174757300000000626D61345F736574C0
:107500005F616363656C5F656E61626C6520737457
:1075100061747573000000006765745F616E795F68
:107520006E6F5F6D6F745F636F6E666967207374F3
:107530006174757300000000626D61343536685FF8
:107540007365745F6175746F5F6C6F775F706F7771
:1075500065725F636F6E66696720737461747573BB
:1075600000000000626D61343536685F6765745FE6
:107570006175746F5F6C6F775F706F7765725F7343
:10758000746174652073746174757300626D613425
:107590003536685F666561747572655F656E6162D8
:1075A0006C65207374617475730000004C4F470064
:1075B0000A5B25735D000000424D41343536204999
:1075C0006E6974205375636365737300FEB5074677
:1075D0000D46144600200190002602200090002C49
:1075E0001ED02078162818D1234601A92820009AF9
:1075F00000F0F7FC0646002E14D1012D06D12246DC
:1076000001A9384601F0A8F806460BE0224601A978
:10761000384601F070F8064604E00326F64301E020
:107620000026F6433046FEBDF0B59BB004460F463B
:1076300000201A90602102A8F8F759FE00250020CA
:10764000019000900026002F36D0002C34D03B460D
:10765000042202A95E2000F0C4FC1A901A980028A7
:107660002DD102A8405D019002A9681C085C40076A
:10767000400D0090009901980843064602A9681C35
:10768000085C08210840C008207102A9681C085C39
:107690001021084000096071668002A9A81C085CDE
:1076A0000190E81C085CC006C00C0090009901988D
:1076B00008430646268002E00020C0431A901A982C
:1076C0001BB0F0BDF8B504460D460026002D0FD0C6
:1076D000002C0DD02B46012269462A2000F081FCA7
:1076E000064668460078102108400009207001E035
:1076F0000026F6433046F8BDF0B59BB004460E4672
:1077000000201A90602102A8F8F7F1FD0425002757
:10771000002001900090002E2ED0002C2CD033465B
:10772000082202A95E2000F05CFC1A901A9800283A
:1077300025D102A8475D02A9681C085C00020190DF
:10774000019838430090681C085C08210840C00874
:10775000207100984005400D608002A9A81C0F5CB4
:10776000E81C085C000201900198384300900098E2
:10777000C004C00C208002E00020C0431A901A9878
:107780001BB0F0BD7CB504460F4903C901910090C0
:10779000204600F034FB0546002D12D12078162833
:1077A0000DD1102020735E20A0750320C00220861A
:1077B0000622694620461D30F8F77EFD01E00325CC
:1077C000ED4328467CBD000074DD000870B5054619
:1077D0000C460026002C0DD0002D0BD0207816284A
:1077E00005D12146284600F0DBFB064604E00326CF
:1077F000F64301E00026F643304670BDF0B599B07F
:1078000004460E460027602101A8F8F770FD002508
:10781000002E41D0002C3FD03346042201A95E2027
:1078200000F0DFFB0746002F38D1A07801A94855AA
:107830006088FF2109020840010A01AA681C11544E
:1078400001A9681C085C082188432179C900082225
:107850001140084301AA691C505401A9681C085C26
:10786000102188436179090110221140084301AABF
:10787000691C50542178A81C11542088FF2109024A
:107880000840010AE81C11543346042201A95E2075
:1078900000F0FEFC074601E00027FF43384619B020
:1078A000F0BD0000F0B599B004460E46602101A875
:1078B000F8F71DFD582700200090002E5BD0002C0B
:1078C00059D03078162852D133465E2201A910468D
:1078D00000F087FB0090009800284FD101A8C05D00
:1078E00001AA791C515C090208430546680840005A
:1078F0002178C907C90F0843054628460221884355
:1079000061784900022211400843054628461D4976
:107910000840618889001B4AD2431140084305464C
:10792000284603214903884321794903032252034E
:1079300011400843054628460121C903884361795F
:10794000C9030122D20311400843054601A9CD55C0
:10795000FF2000022840010A01AA781C1154334676
:107960005E2201A9104600F093FC009006E003207F
:10797000C043009002E00020C0430090009819B07E
:10798000F0BD000003E0FFFFF0B599B004460E46DD
:107990000027602101A8F8F7AAFC0425002E34D0A6
:1079A000002C32D03346082201A95E2000F019FBDA
:1079B0000746002F2BD1A07801A948556088FF21E8
:1079C00009020840010A01AA681C115401A9681C97
:1079D000085C082188432179C90008221140084326
:1079E00001AA691C50542178A81C11542088FF2139
:1079F00009020840010AE81C11543346082201A973
:107A00005E2000F045FC074601E00027FF433846B2
:107A100019B0F0BDF8B505460C46002000900026D0
:107A2000002C1FD0002D1DD02078162817D12346FA
:107A3000042269461E2000F0D4FA0646002E13D117
:107A40006946087849780902084369468978090433
:107A500008436946C97809060843286004E00326FC
:107A6000F64301E00026F6433046F8BDF0B599B084
:107A700005460C46602101A8F8F739FC01AE002745
:107A8000002C16D0002D14D0207816280ED12346B5
:107A90005E2201A9104600F0A4FA0746002F0AD181
:107AA00008363146284600F019FE04E00327FF435C
:107AB00001E00027FF43384619B0F0BDF0B599B09A
:107AC00005460C46602101A8F8F711FC082700269E
:107AD000002C1DD0002D1BD02078162815D1234650
:107AE0005E2201A9104600F07CFA0646002E11D154
:107AF00001AA3946284602F023FF23465E2201A947
:107B0000104600F0C5FB064604E00326F64301E0FC
:107B10000026F643304619B0F0BD000070B50446AB
:107B20000025002C1FD02078162819D1A08A022801
:107B300013D3A08A0321C90288420EDC207DC0072E
:107B4000C00F002802D0A08A401EA08208482061F1
:107B5000204600F047FB054607E00925ED4304E019
:107B60000325ED4301E00025ED43284670BD0000EC
:107B7000CFAC000870B504460D462046FBF7DEFC8E
:107B800070BD000070B505460C46002C41D029465A
:107B900020A0FCF7FFFB601C002804D121461EA09A
:107BA000FCF7F8FB35E0A01C002804D1214621A0F9
:107BB000FCF7F0FB2DE0601D002804D1214627A032
:107BC000FCF7E8FB25E0A01D002804D121462EA0EB
:107BD000FCF7E0FB1DE0201D002804D1214632A067
:107BE000FCF7D8FB15E020460830002804D12146D8
:107BF00035A0FCF7CFFB0CE020460F30002804D165
:107C000021463848FCF7C6FB03E0214636A0FCF7C6
:107C1000C1FB70BD257309004572726F72205B2530
:107C2000645D203A204E756C6C20706F696E7465CF
:107C3000720D0A004572726F72205B25645D203AF6
:107C400020436F6D6D756E69636174696F6E206638
:107C500061696C7572650D0A000000004572726FF3
:107C600072205B25645D203A20496E76616C696400
:107C700020636F6E66696775726174696F6E2073D9
:107C8000747265616D0D0A004572726F72205B251A
:107C9000645D203A2053656C6620746573742066B9
:107CA00061696C65640D0A004572726F72205B2514
:107CB000645D203A20446576696365206E6F7420A8
:107CC000666F756E640D0A004572726F72205B25D7
:107CD000645D203A204F7574206F662052616E6794
:107CE000650D0A00F0E100084572726F72205B2595
:107CF000645D203A20556E6B6E6F776E20657272F0
:107D00006F7220636F64650D0A000000F8B50446C9
:107D10000D4600200090284601F042FF0646002E46
:107D200024D1002C22D02B4602226946402000F0AC
:107D300058F90646002E1BD1684600780007000F50
:107D4000207068460078702108400009607068461D
:107D5000007880210840C009A070684640788007FC
:107D6000800FE070A1783220415501E00026F643F3
:107D70003046F8BDF8B504460D4600200090284670
:107D800001F00EFF0646002E10D1002C0ED02B461F
:107D9000012269467C2000F024F90646002E07D116
:107DA00068460078C007C00F207001E00026F64347
:107DB0003046F8BDFEB504460D4616461F463878D7
:107DC0000290B0B22B460122214600900298FCF7A7
:107DD000F9F840B201900198FEBDFEB504460D468B
:107DE00016461F46387802902B46012221460096FF
:107DF0000298FCF78BF940B201900198FEBD7CB56A
:107E00000446002101910091204601F0C9FE05467B
:107E1000002D1CD1207A002809D10120E0722346D0
:107E200001226946002000F0DCF8054601E0002050
:107E3000E072002D0BD12346012201A9002000F0A1
:107E4000D0F80546002D02D16846007920702846FA
:107E50007CBD0000F8B504460D4616460027002CF0
:107E600018D0012D0BD10DA0FCF794FA1820104961
:107E70000870012020720F4860620F48A06266738C
:107E80000B4860600D48E0620820A082002132208B
:107E9000015501E00027FF433846F8BD0A49324347
:107EA00020496E74657266616365200A00000000F7
:107EB000A7000020B57D0008DB7D0008757B000869
:107EC000FEB504460D460027002002900090019068
:107ED000284601F065FE0646002E5DD1002C5BD0E1
:107EE0002B4606226946122000F07BF80646002E3B
:107EF00054D168464078029068460778029800029C
:107F0000384300B220806846C0780290684687787F
:107F100002980002384300B26080684640790290BF
:107F20006846077902980002384300B2A080287B97
:107F30000C2814D1A05FC117090F0918091121805D
:107F40000220205EC117090F091809116180042061
:107F5000205EC117090F09180911A18017E0287BBD
:107F60000E2814D10020205EC117890F091889102E
:107F700021800220205EC117890F091889106180B5
:107F80000420205EC117890F09188910A180294695
:107F9000204601F0F4FA01E00026F6433046FEBD2B
:107FA000F8B504460D4600200090284601F0F8FD83
:107FB0000646002E11D1002C0FD02B460222694616
:107FC0001C2000F00EF80646002E08D16846007806
:107FD000208068464078607001E00026F643304615
:107FE000F8BDFFB581B00F4615461C460020009035
:107FF000204601F0D5FD0646002E42D1002F40D08C
:1080000001985E2835D121466846FFF7B3FE064643
:1080100068460078012804D12146002000F0ACF821
:108020000646E807C00F002816D1A07DA84213D34A
:10803000002E11D1A08AA84206D2224629463846EF
:1080400001F0DDFE064609E023462A4639465E2059
:1080500001F09EFE064601E00926F643002E12D1ED
:108060006846007801280ED1214600F085F80646C2
:1080700009E023462A463946019801F089FE064662
:1080800001E00026F643304605B0F0BDF8B50446E1
:108090000D4600200090284601F082FD0646002E85
:1080A00039D1002C37D0A2786178207802F0BAFC60
:1080B0000646002E31D120780107090F684601706D
:1080C000017860780007000E01436846017001786E
:1080D000A078C007000E014368460170E078810770
:1080E000890F684641702B460122411C412000F057
:1080F000CFF80646002E10D12B46012269464020BB
:1081000000F0C6F806466846007880210840C1099C
:108110003220415501E00026F6433046F8BD00000C
:10812000F8B506460C4600200090204601F038FDC8
:108130000546002D1CD12346012269467D20FFF70C
:1081400050FF0546002D13D1694608780421884365
:10815000B1000422114008430090234601226946E1
:108160007D2000F095F805460248E26A6168904774
:108170002846F8BDA8610000F8B506460C46002068
:108180000090204601F00CFD0546002D17D1234636
:10819000012269467C20FFF724FF0546002D0ED101
:1081A0006946087840084000F107C90F084300906D
:1081B0002346012269467C2000F06AF805462846DD
:1081C000F8BD73B50C46204601F0EAFC0546002DCB
:1081D00006D12346012269467E2000F059F8054663
:1081E00028467CBD7CB50446002101910026009103
:1081F00021460020FFF7C0FF0546002D46D123464B
:10820000012201A9592000F043F80546002D3DD177
:1082100000BF09E0216988192246314602F021F9A0
:108220000546A08A801986B2208EB042F2DC002D6D
:108230002CD1012001902346012201A9592000F0F0
:1082400027F80546002D21D1962001F0FDFB23469D
:10825000012269462A20FFF7C4FE054668460078D9
:108260000107090F0091002D10D168460078012800
:1082700001D06D1F0AE021460120FFF77DFF054672
:10828000002D03D1204601F053F9054628467CBD58
:10829000FFB581B00F4615461C46002000902046D1
:1082A00001F07EFC0646002E44D1002F42D00198FA
:1082B0005E2837D121466846FFF75CFD06466846D2
:1082C0000078012806D1002E04D121460020FFF7B6
:1082D00053FF0646E807C00F002816D1A07DA8422C
:1082E00013D3002E11D1A08AA84206D222462946D5
:1082F000384602F01FFC064609E023462A46394666
:108300005E2002F0E1FB064601E00926F643002E5E
:1083100012D16846007801280ED12146FFF72CFFC4
:10832000064609E023462A463946019802F0CCFB6E
:10833000064601E00026F643304605B0F0BD70B5B4
:108340000446606880470546E0784007400F0028F3
:1083500002DD2088401C2080E078C009A8421CD0A3
:10836000E07838218843E1788906490F491CC90023
:10837000382211400843E0708006400F032810DBCC
:10838000E07880218843E901802211400843E070B1
:10839000E07838218843E07003E0E07838218843B2
:1083A000E070E0784007400F0300FEF7C0F90604D4
:1083B0002858AEF3D0F3E078C009E1784906C90F38
:1083C000884216D1A078F0218843A070A0680028C8
:1083D00002D02046A168884700202080A0780009AC
:1083E0000001401CA070E078C008C000401CE07094
:1083F00004E0A078F02188438030A070CAE0E078E3
:10840000C009E1784906C90F884212D0A078F0214E
:1084100088431030A070E068002802D02046E16850
:10842000884700202080E078C008C000801CE070F1
:1084300014E020884B21C90088420FDDA078F0218C
:1084400088435030A070E069002802D02046E169DE
:108450008847E078C008C000401DE0709AE0E078EE
:10846000C009E1784906C90F884225D1A078F021DA
:108470008843A070A068002802D02046A1688847E1
:10848000A07800090001A178491C0907090F0843D9
:10849000A070A078F02188432030A07020690028C7
:1084A00002D020462169884700202080E078C0085B
:1084B000C000C01CE07027E020883C2824DDA078A4
:1084C0000007000F01280BD1A078F021884330303D
:1084D000A0706069002813D02046616988470FE0CA
:1084E000A0780007000F02280AD1A078F021884365
:1084F0004030A070A069002802D02046A1698847BA
:10850000E078C008C000E07044E0E078C009E1789D
:108510004906C90F884219D0A078F021884310304D
:10852000A070E068002802D02046E16888472088D3
:108530003C2807DA00202080E078C008C000801CBA
:10854000E07003E0E078C008C000E07022E0E0786E
:10855000C009E1784906C90F88420BD1A078F02103
:1085600088436030A070206A002812D02046216A1B
:1085700088470EE0A078F02188431030A070E068B2
:10858000002802D02046E1688847E078C008C00093
:10859000E07000BF00BF70BD10B50548046803E07F
:1085A0002046FFF7CCFE646A002CF9D110BD000014
:1085B0005000002070B504460025032204492046DF
:1085C000F7F7BBFE002800D00125284670BD00004B
:1085D000E3AB0008FFB581B004461D46002C14D063
:1085E000002A12D0002D10D0029E002E0DD0284659
:1085F000EE0F361876107600AE1B06D1EE0F761908
:1086000077100095029EB74202DD002005B0F0BD54
:108610000021002300BF50E0505C612808DB505C63
:10862000662805DC505CC01F0007000EE05418E00F
:10863000505C412808DB505C462805DC505CC01FBC
:108640000007000EE0540CE0505C302807DB505C63
:10865000392804DC505C0007000EE05401E00020E3
:10866000D4E7481C81B2505C612808DB505C662866
:1086700005DCE05C565C80195738E05419E0505C2A
:10868000412808DB505C462805DCE05C565C80191C
:108690003738E0540DE0505C302808DB505C392856
:1086A00005DCE05C565C80193038E05401E00020C5
:1086B000ACE7581C83B2481C81B2A942ACDB184617
:1086C000A4E700000146034848434013024A801AC9
:1086D0007047000073550000C8AF000010B5034696
:1086E000012205E00C881C80891C9B1C541CE2B2F2
:1086F000192AF7DD10BDF8B506460C4615460027C9
:1087000000200090002D25D0002C23D0F04386B20D
:10871000E05D3040E055781C205CFF2109023140CB
:10872000090A0840791C60542B4601222146282062
:10873000FFF7AEFD0090009800280BD1FF20C3305A
:10874000EA6A696890472B460122611C2920FFF7DD
:108750009FFD00900098F8BDF8B507460C461546F9
:10876000002600200090002D24D0002C22D0A05DF7
:10877000F9B20843A055701C205CFF210902394062
:10878000090A0843711C60542B4601222146282007
:10879000FFF77EFD0090009800280BD1FF20C3302A
:1087A000EA6A696890472B460122611C2920FFF77D
:1087B0006FFD00900098F8BD03B593B01E20FE49F0
:1087C0008871FEA11398F7F79DFD002834D0149806
:1087D000182831D8149815282ED3FEA11398F7F72E
:1087E00091FD12901298401CF7F7EBFE80B21190A9
:1087F0002D2149011198884202DC11980A2802DAD9
:108800001198002810D1EC4911980881F2A1F3A029
:10881000FBF7C0FDE848008901461090F1A0FBF786
:10882000B9FDFBF70FFA03E0F6A1ECA0FBF7B2FDF0
:10883000F6A0FBF7AFFDE0E3FEA11398F7F762FDAA
:10884000002834D01498162831D8149813282ED321
:10885000E0A11398F7F756FD12901298401CF7F715
:10886000B0FE80B211902D2149011198884202DC9E
:1088700011980A2802DA1198002810D1CE491198CF
:108880000881F1A1D5A0FBF785FDCB480089014601
:108890001090EEA0FBF77EFDFBF7D4F903E0EAA110
:1088A000CEA0FBF777FDF1A0FBF774FDA5E3F7A1E0
:1088B0001398F7F727FD00287ED0FF21F531F74800
:1088C000F7F715FDF6488078002876D1F5A1F34832
:1088D000FDF7EAFEF148F7F729FDF049401811903D
:1088E000F3480278F3A11198FDF7DEFEEB48F7F7A5
:1088F0001DFDEA4940180022F3A11190FDF7D4FEB6
:10890000E648F7F713FDE54940181190AA48008999
:108910000246F1A110901198FDF7C6FEDF48F7F767
:1089200005FDDE494018F1A2F2A11190FDF7BCFE51
:10893000DA48F7F7FBFCD94940181190D848807AFB
:10894000D749497AD64A127AD54BDB7902930392FA
:1089500004910590D2488079D149497900910190DC
:10896000CF4800791090CE48C0780F900246E5A11C
:10897000109B1198FDF798FEC848F7F7D7FCC74938
:1089800040181190C648817C407CC54A127CC44B7B
:10899000DB7B0293039205910490C148807BC04920
:1089A000497B00910190BE48007B1090BC48C07A82
:1089B0000F900246DEA101E09FE25BE0109B119860
:1089C000FDF772FEB548F7F7B1FCB44940181190B5
:1089D000B3481330C07BB24913318A7B497BB04B1B
:1089E000DB7F0A930C920B910D90AD48827F407F04
:1089F000AB49097FAA4BDB7E069309920791089049
:108A0000A748807EA649497EA54A127EA44BDB7DFD
:108A10000293039204910590A148807DA049497D6D
:108A2000009101909E48007D10909D48C07C0F9061
:108A30000246CA49109B1198FDF736FE9748F7F792
:108A400075FC96494018C6A11190FDF72DFE93487C
:108A5000F7F76CFC91494018C4A11190FDF724FE72
:108A60008E48F7F763FC8D494018C3A11190FDF7BC
:108A70001BFE38E28BA18948FDF716FE8748F7F701
:108A800055FC8649401811908948027889A11198AF
:108A9000FDF70AFE8148F7F749FC8049401800229B
:108AA00089A11190FDF700FE7C48F7F73FFC7B4958
:108AB0004018119040480089024687A110901198F3
:108AC000FDF7F2FD7548F7F731FC74494018ADA287
:108AD00088A11190FDF7E8FD7048F7F727FC6F4972
:108AE000401811906E48827A407A6D49097A6C4B31
:108AF000DB79029305920391049069488079684973
:108B00004979009101906648007910906448C078D6
:108B10000F9002467BA1109B1198FDF7C5FD5F48A1
:108B2000F7F704FC5D49401811905D48807C5C4972
:108B30004A7C097C5A4BDB7B02930492039105909B
:108B40005748807B5649497B009101905448007BEF
:108B500010905348C07A0F90024675A1109B11984F
:108B6000FDF7A2FD4D48F7F7E1FB4C494018119085
:108B70004B481330C17B807B494A1332527B484BB0
:108B8000DB7F0A930B920D910C904548817F427FC9
:108B9000007F434BDB7E0693089209910790404883
:108BA000807E3F49497E3E4A127E3D4BDB7D0293EB
:108BB000039204910590E9E080070020536574203A
:108BC0005265706F727420496E74657276616C3A8A
:108BD000000000003A0000004C4F47000A5B25737C
:108BE0005D00000052656376205561727420526505
:108BF000706F727420496E74657276616C3A2025CC
:108C0000646D00004552524F520000005265637679
:108C10002055617274205265706F727420496E74B1
:108C2000657276616C20506172616D204552524FC1
:108C3000520000007365744461746153796E63502F
:108C40006572696F643A000041434B007365744478
:108C500061746153796E63506572696F643A20255F
:108C6000646D696E200D0A204F4B000073657444DB
:108C700061746153796E63506572696F64205061ED
:108C800072616D204552524F520000006765744476
:108C90006576696365537461747565008C050020A1
:108CA000280E0020646576696365537461746500FD
:108CB000000000202C6261747465727953746174D1
:108CC00075733A25640000002C706F7765725374D9
:108CD000617475733A2564002C6461746153796E14
:108CE00063506572696F643A25640000436C617378
:108CF000732041002C4C6F526157414E4A6F696E90
:108D00003A2573002C4445564555493A253032786A
:108D10002530327825303278253032782530327857
:108D20002530327825303278253032780000000046
:108D30002C4150504555493A25303278253032780B
:108D40002530327825303278253032782530327827
:108D500025303278253032780000000018DE000817
:108D60002C444556414444523A0000002C41505096
:108D7000534B45593A0000002C4E574B534B455925
:108D80003A000000436C6173732043009C48807D6F
:108D90009B49497D009101909948007D1090984829
:108DA000C07C0F9002469749109B1198FDF77CFC00
:108DB0009548F7F7BBFA9449401811909048233032
:108DC000C0788F4923318978009101908C482330F5
:108DD000407810908A482030C0780F9002468BA1CE
:108DE000109B1198FDF760FC8748F7F79FFA8649BA
:108DF0004018119082482730C27B807B8049273100
:108E0000497B7F4B27331B7B0A930D920B910C9070
:108E10007B482730C17A827A407A794B27331B7A94
:108E2000069308920991079075482730C279817995
:108E30004079734B27331B79029303AB07C3704808
:108E40002730C0786E4927318978009101906C48AD
:108E50002730407810906A482030C0790F90024641
:108E60007149109B1198FDF71FFC6748F7F75EFAF0
:108E700065494018119062483730C27B817B407B46
:108E80005F4B37331B7B0A930BAB07C35C48373010
:108E9000C17A827A407A5A4B37331B7A069308920A
:108EA0000991079056483730C27981794079544BFF
:108EB00037331B79029303AB07C351483730C0786F
:108EC0004F4937318978009101904D4837304078CB
:108ED00010904B482030C07D0F9002465349109BA4
:108EE0001198FDF7E1FB524908466C38FBF752FA3E
:108EF000454950A0FBF74EFA7FE04FA11398F7F7D2
:108F000001FA00285ED051A11398F7F7FBF9401C35
:108F100011901198F7F755FB10901098002850D039
:108F2000E121C90110984018109010A8F7F73CF9FA
:108F30000F900F98416946480818464948610F98B4
:108F4000006908610F98C1684248C1600F98806845
:108F5000404988600F98406848600F980068086032
:108F60000846C0680E9008460069401C0D900846EF
:108F700040690C900E9A0D9901F06EFD354988619B
:108F800000F022FA2A497039081DFBF703FA31482C
:108F90000068304949682F4A926800920191029016
:108FA0002C48C0680E902B480069401C0D90294841
:108FB00040690C90014628A00E9B0D9AFBF7EAF938
:108FC00000BF1AE031A11398F7F79CF9002803D0ED
:108FD00001203149087010E030A11398F7F792F999
:108FE000002803D000202C49087006E02F48807923
:108FF000032802DA03202D49887115B000BD000056
:10900000280E002018DE00088C0500202C44455650
:10901000414444523A253032782530327825303276
:109020007825303278000000B0DE000864DE0008E9
:10903000488C00082573000073796E634465766977
:10904000636554696D657374616D70003A0000006A
:109050006C070000C00700205265637620556172DE
:10906000742053796E632054696D6520434D44200C
:109070004F4B2C253034642D253032642D25303271
:10908000642D25643A25643A256400006B6565709B
:109090004D61696E52756E001E0000206C65617630
:1090A000654D61696E52756E0000000080070020FA
:1090B000F3B581B007463846FFF77CFA012810D196
:1090C0006048C2880146FA395FA0FAF70FFA60A13A
:1090D00060A0FBF75FF95B49FA3960A0FBF75AF92A
:1090E000FEBDF878C007C00F00285AD0624EDC21C0
:1090F0003046F7F7FCF83146FF2001F0E1F85F4910
:109100000870084600783618FF215D48F7F7EFF839
:1091100003225C495A48F7F7CFF800205849C87035
:1091200059480078087158480078401C5649087022
:109130005248027850495248401DF7F7BDF84F4851
:109140000078401D5149088000F030F9002802D114
:10915000012001F05DF9642000F076FC4B480188A5
:109160004748FCF7C9FC49480288454948A0FAF736
:10917000BDF9642000F068FC002001F049F934A139
:1091800034A0FBF707F944A0FBF704F948493F482E
:10919000818048488079032802DA03204549887194
:1091A00000BF0298401FC4B229A12AA0FBF7F2F821
:1091B000214641A0FBF7EEF87D1D3DE028780090A8
:1091C00023A124A0FBF7E6F845A00099FBF7E2F8FD
:1091D0000098862827D168780002A97808430646B7
:1091E0002D204001864201DC0A2E01DA002E0DD12D
:1091F00030480681FAF726FD15A116A0FBF7CAF83C
:109200002C4801893DA0FBF7C5F808E010A111A08A
:10921000FBF7C0F82748018941A0FBF7BBF8E01E27
:10922000C4B2ED1C00BFA01EC4B2AD1C00BF00BF85
:10923000C82C00DD02E000BF002CBFD100BF00BF82
:109240004EE70000EC0900204C6F526157414E0080
:109250004C4F47000A5B25735D0000005265637642
:109260002055617274204C6F526157414E20446109
:1092700074613A2025730000B00400201C00002017
:10928000EC070020E3AB00081F000020EC080020E2
:1092900053656E64000000004C6F52612053656E90
:1092A00064446174612053756363657373000000E7
:1092B000881300008007002052656376204C6F52AF
:1092C0006157414E20434D442C20546F74616C20F3
:1092D00044617461204C656E203A2025642C0000A6
:1092E000416E616C797369732044617461205479B3
:1092F0007065203A20253032780000005570646196
:109300007465204465766963652053796E632049EE
:109310006E74657276616C3A2025646D696E00002A
:10932000557064617465204465766963652053797E
:109330006E6320496E74657276616C204552524F9F
:10934000523A2025646D696E0000000010B5154882
:109350000089002810D11348C08800280CD011487B
:10936000C188FA38FFF7A4FEFF210E48FA38F6F755
:10937000BEFF00210B48C1800B480089002810D196
:109380000948C08800280CD00748C188FA38FFF780
:1093900013FAFF210448FA38F6F7A9FF0021024822
:1093A000C18010BDEC090020F60B002010B5012192
:1093B000090305200007FBF71BF9002801D0012055
:1093C00010BD0020FCE7000000B58BB02C216846E2
:1093D000F6F78DFF114840691149401A05900F4872
:1093E000006904900D48C06803900C4880680290A2
:1093F0000A48406801900948006800900748806961
:1094000006900020C04308906846F6F70FFFE12160
:10941000C901401A034908600BB000BDC007002015
:109420006C0700003800002070B5054629461A4830
:10943000FEF7FAF80446214618A0FEF7A3FB002C1D
:1094400028D16420144948801D48088029461248C4
:10945000FEF7D4F9044621461AA0FEF793FB002C30
:1094600018D129460C48FEF747F9044621461EA0AC
:10947000FEF788FB002C0DD1AA2007494880052063
:10948000088029460448FEF77FFA044621461FA0BB
:10949000FEF778FB204670BD46000020626D613407
:1094A0003536685F6765745F616E795F6D6F745F95
:1094B000636F6E6669672073746174757300000072
:1094C00004E00000626D61343536685F7365745F77
:1094D000616E795F6D6F745F636F6E66696720732D
:1094E0007461747573000000626D61343536685FB5
:1094F0006765745F6E6F5F6D6F745F636F6E6669D3
:10950000672073746174757300000000626D6134CC
:109510003536685F7365745F6E6F5F6D6F745F6320
:109520006F6E666967207374617475730000000064
:109530007CB50546002101910091284600F030FBE2
:109540000446002C19D12B46012201A95B2000F012
:109550001FFC0446002C06D12B46012269465C20E4
:1095600000F016FC0446002C07D16846007900077D
:10957000000FE87568460178297620467CBD3CB529
:109580000024009401940122931E05886C462580D6
:10959000458865808588A5802024645C002C07D1DF
:1095A0004C7F64006D462C5B544324B2048006E07B
:1095B0004C7F64006D462C5B5C4324B20480212404
:1095C000645C002C07D18C7F64006D462C5B544397
:1095D00024B2448006E08C7F64006D462C5B5C43C3
:1095E00024B244802224645C002C07D1CC7F640028
:1095F0006D462C5B544324B2848006E0CC7F64002B
:109600006D462C5B5C4324B284803CBD01480068FD
:1096100070470000280000207CB50546002101911C
:109620000091284600F0BCFA0446002C3CD12B46A1
:10963000012201A95B2000F0ABFB0446002C07D1FE
:109640002B46012269465C2000F0A2FB044601E0A3
:109650000124E443002C25D16846007801016846C6
:1096600000790007000F01430E46A88AC10F0918B0
:10967000491089198EB23107090F01913005010E89
:1096800000912B46012201A95B2001F01DFA04463E
:10969000002C09D12B46012269465C2001F014FA06
:1096A000044601E00124E44320467CBD01490870E2
:1096B00070470000A600002000B58DB02C2102A844
:1096C000F6F715FE1A48006801901A480078C0079E
:1096D000C00F002808D11848006818490968884256
:1096E00002D9154800680190114800680199884224
:1096F00002D20F4800680190114800680199884221
:1097000008D20F4800680D490968884202D90C4800
:1097100000680190E121C90101984018019002A957
:1097200001A8F6F749FD02A8FCF7F6FA0DB000BD56
:1097300018000020280E00209C0000203800002087
:109740001400002010B57D22D2000449044800F026
:109750006BF80449024800F003F910BDAC0000208A
:1097600094040020D59A00081CB5014600290DD0AC
:10977000144B0868984209D1DB438869984205D1A7
:109780004868002802D08868002801D100201CBD4C
:1097900008690190C8680090009B0198984201D127
:1097A0008A680CE0019B0098984203D9019B0098BD
:1097B000C21A04E08868009C019B1B1BC21A501E41
:1097C000E5E70000EFBEADDE1CB5014600290DD077
:1097D000144B0868984209D1DB438869984205D147
:1097E0004868002802D08868002801D100201CBDEC
:1097F00008690190C8680090009B0198984201D1C7
:1098000000220CE0009B0198984203D9009B01982C
:10981000C21A04E08868019C009B1B1BC21A1046F8
:10982000E5E70000EFBEADDE70B504460D46164616
:10983000002C03D0002D01D0002E01D1002070BDDE
:109840001C212046F6F753FDA660656002482060A3
:10985000C043A0610120F2E7EFBEADDEFEB50446D5
:109860000F4615460097002C11D02B4920688842DE
:109870000DD1C943A069884209D16068002806D08B
:10988000A068002803D0002F01D0002D01D10020B6
:10989000FEBD2046FFF798FF02900298A84201D231
:1098A000029800E028460546002D00D1F0E7E06868
:1098B0000190A0680199401AA84203D2A0680199BA
:1098C000401A00E0284606466068019A8118324630
:1098D0000098F6F7F1FC019880190190AD1B002D5E
:1098E00006D06168009A90192A46F6F7E5FC0195C2
:1098F000A0680199884201D8002001900198E06099
:1099000000BF6069002804D07219002120466369F5
:10991000984700BF7019BBE7EFBEADDE10B5044637
:10992000002C1AD00D492068884216D1C943A0697D
:10993000884212D1606800280FD0A06800280CD09F
:1099400000202061E06000BF6069002804D0002290
:10995000022120466369984700BF10BDEFBEADDE0F
:1099600000280ED0074B02689A420AD1DB43826975
:109970009A4206D14268002A03D08268002A00D0A9
:1099800041617047EFBEADDEFEB504460F46154699
:109990000097002C11D02B49206888420DD1C94373
:1099A000A069884209D16068002806D0A068002814
:1099B00003D0002F01D0002D01D10020FEBD204694
:1099C000FFF7D2FE02900298A84201D2029800E06E
:1099D00028460546002D00D1F0E720690190A068D7
:1099E0000199401AA84203D2A0680199401A00E0E8
:1099F000284606466168019A881832460099F6F7AB
:109A00005BFC019880190190AD1B002D06D0009AD7
:109A100091192A466068F6F74FFC0195A0680199F4
:109A2000884201D8002001900198206100BF606940
:109A3000002804D07219012120466369984700BFAD
:109A40007019BBE7EFBEADDE01460022034B1A8062
:109A500000BF024A12888A42FBDB704734000020B4
:109A6000FCF7D6FCFCF72CFB04217D20C000FCF7A2
:109A700007FDF9F7B9FBF9F757FCF9F7BFFCFAF75F
:109A80001DFAF9F717FF00F03FFFFFF75BFEFCF749
:109A9000C5FA00F097F8FDF755FCFDF7A1FBF7F7C5
:109AA0006BFCF7F793FBFBF77BFC00BFFBF7B8FE03
:109AB00007480078C007C00F0028F7D007E000F083
:109AC00039FEFBF7ADFEF9F749FDFFF73FFCF6E77E
:109AD000280E002070B506460C461546002C0BD00B
:109AE000012C12D0022C19D10EA110A0FAF752FCB1
:109AF00010A0FAF74FFC12E00AA10CA0FAF74AFCFA
:109B0000294613A0FAF746FC09E006A107A0FAF7D8
:109B100041FC294618A0FAF73DFC00E000BF00BF59
:109B200070BD00004C575242000000000A5B2573D4
:109B30005D0000005B4556545D20427566666572A7
:109B4000207265736574206576656E74210000006F
:109B50005B4556545D20427566666572207265618C
:109B600064206576656E743A202564206279746598
:109B700028732921000000005B4556545D20427582
:109B800066666572207772697465206576656E74A5
:109B90003A20256420627974652873292100000029
:109BA00001460020002908D04A6A002A05D08A6AA6
:109BB000002A02D0CA6A002A02D10020C04300E075
:109BC00000207047FEB54F4800684F490968884239
:109BD00073D84D480068B4304A49086001A800F0C5
:109BE00076FC0446002C08D048A14AA0FAF7D2FB24
:109BF00021464AA0FAF7CEFB21E00198002803DBBA
:109C000056480199816206E0019840420121C90548
:109C100008435249886252A13EA0FAF7BBFB019863
:109C2000F6F7ECFE4F490090F6F715FD0746F6F7FC
:109C300004FF05462A460B464BA0FAF7ABFB00F0A3
:109C4000AFFC4648806A5049884211D34348806A35
:109C50000121C90588420BD240480089F02807D16C
:109C60000F203E490881284800684849086011E0F3
:109C70003A48806A4449884205D33848806A0121BD
:109C8000C905884206D3354800890F2802D1F02043
:109C9000324908810198002810DB0A210198F6F763
:109CA0003FFA81B22D48827A807A401C2B4B987201
:109CB000520018460C30815213E022E00A2101982C
:109CC0004042F6F72DFA0121C903084381B2234827
:109CD000827A807A401C214B9872520018460C30D0
:109CE00081521E48807A05280ADB1C480089F0282A
:109CF00003D100201949887202E0052017498872B3
:109D000000BFFEBD18000020380000204552524F11
:109D1000520000000A5B25735D0000004572726FFF
:109D20007220657865637574696E67205348543492
:109D300030582F5354533430204D6561737572651C
:109D40006D656E7420486967682050726563697339
:109D5000696F6E3A2025640A000000008007002029
:109D60004C4F470000007A4453545334302052651E
:109D700061642054656D70657261747572653A2016
:109D800025302E3266430000C05D00001400002024
:109D9000FFB5A1B00E461C462046FFF701FF2090FC
:109DA0002098002825D1002E23D0207A002803D126
:109DB0008021219808432190E17A636823980A184A
:109DC0006946676A2198B8476072607A00280CD1AA
:109DD000002506E0E07A40196946085C7055681C69
:109DE00085B223988542F5D306E00120C043209038
:109DF00002E00020C0432090209825B0F0BDF7B5C8
:109E000084B006461446A18A0598F6F773F90390C4
:109E1000A18A0598F6F76EF988B2029000200190A9
:109E2000204600F002FB0546002D2DD1002715E04D
:109E3000A28A0198311823465E20FFF7A9FF054644
:109E4000002D0AD12046FFF7E7FB0546002D04D17F
:109E5000A18A0198081880B201907F1C039887425C
:109E6000E6D30298002809D0002D07D101983118B7
:109E700023465E20029AFFF78BFF0546002D03D193
:109E8000204600F0D2FA0546284607B0F0BD000093
:109E900010B50022FF21013105200007FAF7B4FBBD
:109EA0000520FBF717FE0122110205200007FAF733
:109EB000ABFB1920C001FBF70DFE034800784008FA
:109EC00040000149087010BD280E002010B5FFF7B2
:109ED0006DFA002802D1012000F09AFA03224C49C1
:109EE0004C48F6F7E9F900204A49C8704A4800781A
:109EF000087149480078401C474908704748027873
:109F000047494448401DF6F7D7F944480078401DBA
:109F10004449088044480078401C4349087008467A
:109F20000078602849DB00200870F8F7F3F9F7F7AC
:109F30004BFD002815D0F8F7FDF9FF20F530FFF7AD
:109F400083FD384801883348FBF7D6FD3548028841
:109F5000304936A0F9F7CAFAFF20F530FFF774FD53
:109F60003CE0FFF795FFFF20F530FBF7B3FDF8F776
:109F7000E1F9002000F04CFA2E480078400840003B
:109F80002C49087002212B484030C1710021017218
:109F9000294800682949086029A12AA0FAF7FAF996
:109FA0002648016829A0FAF7F5F930488079032896
:109FB00002DA03202D49887110BD6420FFF744FDAB
:109FC000184801881348FBF797FD16480288114985
:109FD00016A0F9F78BFA6420FFF736FD002000F099
:109FE00017FA17A117A0FAF7D5F921A0FAF7D2F9B5
:109FF00025480078002809D024490A4881801B4858
:10A000008079032802DA03201849887100BFD3E75A
:10A01000E3AB0008EC0700201F0000201C0000201C
:10A02000B0040020EC0800202000002053656E647E
:10A0300000000000280E0020380000209C000020B6
:10A040004C4F47000A5B25735D000000557064614A
:10A050007465205265636F6E6E6563742054696D1C
:10A06000657374616D703A20256C64008007002070
:10A070004C6F52612053656E644461746120537566
:10A0800063636573730000001000002088130000F4
:10A090000146087800024A78104370470146087864
:10A0A00000064A78120410438A7812021043CA78D4
:10A0B0001043704770B505460E4614463146284693
:10A0C00000F006F8A04201D0012070BD0020FCE79E
:10A0D00070B502460B46FF20002114E0555C684035
:10A0E00008240CE080250540002D04D045003126D1
:10A0F0007540E8B201E04506280E651EECB2002C62
:10A10000F0DC4D1CA9B29942E8DB70BD704700003D
:10A11000FEB506460F46144600BF1A48FAF722FB62
:10A120000028FAD11748FAF750FB002802D1154849
:10A13000FAF77FFA14480121490600910190700056
:10A14000411C234600220F48FAF79AFA00250BE03B
:10A1500000BF0C48FAF713FB0028FAD000BF0948EB
:10A16000406AC0B278556D1CA542F1DB00BF0548BE
:10A17000FAF711FB0028FAD00248FAF750FA00204B
:10A18000FEBD0000005400400024008070B504466D
:10A190007D21C9002046F5F7ADFF401C85B2284659
:10A1A000FFF752FC70BD0000FEB506460F46144690
:10A1B00000BF1B48FAF7D6FA0028FAD11848FAF778
:10A1C00004FB002802D11648FAF733FA15480103B8
:10A1D000009101907100234600221148FAF750FACD
:10A1E00000BF0F48FAF7E3FA0028FAD000250AE08A
:10A1F00000BF0B48FAF7DBFA0028FAD0795D08486F
:10A20000FAF7EDFA6D1CA542F2DB00BF0448FAF73D
:10A21000C2FA0028FAD00248FAF701FA0020FEBD7F
:10A220000054004000200080F7B582B00D4614466F
:10A23000E10F091949104A00891889B20091204696
:10A24000E10F091849104900611A02D0042005B035
:10A25000F0BD2946009A0298FFF75AFF0746002FE3
:10A2600001D03846F3E700260020019019E0B11C28
:10A270006A5CA8190221FFF71DFF0746002F01D0D5
:10A280003846E4E7AA5D0198411C89B201912A543D
:10A29000701C2A5C0198411C89B201912A54F01C5F
:10A2A00086B200988642E2DB0020D0E770B5044613
:10A2B0000D461646324629462046FFF775FF70BD0B
:10A2C00030B5034601200B704B2B59D00CDC092B09
:10A2D0001AD004DC012B10D0032B74D180E0492B61
:10A2E0005CD04A2BF9D144E04C2B50D04D2B1CD0E4
:10A2F000862B7BD08B2BF0D167E010224A7007228F
:10A300008A70821CD0B27CE03F4A926A1202120E1E
:10A310004A703D4A128D1204120E8A703A4A203257
:10A32000127ACA70C21CD0B26BE0374A927A4A7075
:10A33000002210E05500344C0C34645B24125500AC
:10A34000AD1C4C555500304C0C34655D5400E41C7C
:10A350000D55541CE2B22C4CA47A9442EADC2A4AF1
:10A36000927A5200521C1218D0B20022264CA272CD
:10A3700047E0254A203212784A70421CD0B240E0B1
:10A38000214A203252784A70421CD0B239E01E4A2B
:10A39000203292784A70421CD0B232E01A4A526A95
:10A3A000120E4A70184A526A1202120E8A70164A27
:10A3B000928C1204120ECA70134A203212790A715A
:10A3C000021DD0B21DE01BE010E00F4A928E121267
:10A3D0004A700D4A2032127D8A70821CD0B210E081
:10A3E0000A4A12784A70421CD0B20AE0064A128920
:10A3F00012124A70044A127A8A70821CD0B200E0AB
:10A4000000BF00BF30BD000080070020000000201A
:10A4100010B5044622460121090305200007FAF77A
:10A42000F3F80520FBF756FB10BD70B50446204637
:10A43000FFF7B6FB0546002D11D123460122214628
:10A4400017315B2000F040FB0546002D07D1234665
:10A450000122214618315C2000F036FB05462846D3
:10A4600070BDFEB507460C4615462046E10F09189B
:10A47000C9040A0E01922046E10F0918C9060A0F05
:10A4800000922846FFF78CFB0646002E1BD1002FBA
:10A4900019D02B46012269465B20FDF7F9FE0646DE
:10A4A000002E12D12B46012201A95C20FDF7F0FEFF
:10A4B0000646002E09D1AA8A2B4639465E2000F0B6
:10A4C00003FB064601E00026F6433046FEBD38B5E4
:10A4D0000446684600F00CF80546002D01D02846D9
:10A4E00038BD68460088FEF7EDF820600020F7E7E9
:10A4F000F8B505460026FD223146761C68464254D2
:10A500000F49087832466946FFF7D0FE0446002C12
:10A5100001D02046F8BD0B48FFF738FE08490878FF
:10A5200002226946FFF780FE0446002C01D0204637
:10A53000F0E76846FFF7ACFD28800020EAE700005E
:10A54000A6000020102700007CB5054600268922C1
:10A550003146761C684642540F49087832466946AF
:10A56000FFF7A4FE0446002C01D020467CBD0B481A
:10A57000FFF70CFE0849087804226946FFF754FEED
:10A580000446002C01D02046F0E76846FFF786FD20
:10A5900028600020EAE70000A60000201027000045
:10A5A00038B50025942229466D1C68464254084956
:10A5B00008782A466946FFF779FE0446002C01D048
:10A5C000204638BD0348FFF7E1FD0020F9E7000011
:10A5D000A60000201027000070B55348FAF7D3FBFF
:10A5E000F021084005110A2045434F48FAF7CBFBFC
:10A5F0000007000F2818C0B2072801D100200EE084
:10A600004948FAF7C0FBF021084005110A204543EC
:10A610004548FAF7B8FB0007000F2818C0B24349B5
:10A6200088614148FAF7B6FBF021084005110A207D
:10A6300045433D48FAF7AEFB0007000F2818C0B2AB
:10A640007D2109014018394948613748FAF78AFBEA
:10A65000F021084005110A2045433348FAF782FBF0
:10A660000007000F2818C0B2401E304908612E486C
:10A67000FAF76CFBF021084005110A2045432A48EF
:10A68000FAF764FB0007000F2818C0B22749C8601A
:10A6900000BF25490968264A1140084603210905DB
:10A6A0000140090D09010F2212040240120C11434E
:10A6B0000904072212030240120B12010F231B028E
:10A6C00003401B0A1A43120211437022024012096E
:10A6D000120103071B0F1A430C46144300BF200C42
:10A6E000F021084000110A2148432103090F4018B6
:10A6F0000E498860200AF021084000110A214843D1
:10A700002105090F4018C0B208494860F0202040D8
:10A7100000110A2148432107090F4018C0B203491C
:10A720000860FEF751FE70BD00280040C007002001
:10A730007F7F3F001FB55A48808800287ED1594846
:10A7400080790028FAD1574800794007C00F0028C7
:10A75000F4D155480078C007C00F002809D05348ED
:10A760000078002805D14F480079C006C00F0028A6
:10A7700009D04D484030C0790228DFD14A484030E6
:10A78000007A0028DAD100BF0020FFF741FE012146
:10A79000C90305200007F9F731FFFEF78DFF444894
:10A7A000444909680143434A116000BF3D480079AC
:10A7B0000821884308303B490871F9F71DF8F9F77B
:10A7C0007DFB38480079C007C00F002805D1354807
:10A7D00000798007C00F002825D032480079C007D3
:10A7E000C00F00280CD02F480079400840002D49A8
:10A7F000087131A131A0F9F7CDFD32A0F9F7CAFDFA
:10A80000284800798007C00F00280CD02AA12BA06F
:10A81000F9F7C0FD31A0F9F7BDFD2248007902210A
:10A82000884320490871FFF7D7FE23A123A0F9F739
:10A83000B1FD314803683148006800E02EE02F493F
:10A8400049682E4A926803930092019102902B4826
:10A85000C3680069421C294841692948F9F79AFDF3
:10A86000104800794007C00F002805D00D48007936
:10A87000042188430B490871FFF7A4F91E480068BA
:10A8800020490968884203D20648807A052804DBFB
:10A89000FCF7A6FCF6F79AFC00E075E71FBD000088
:10A8A000EC08002080070020280E00201000002067
:10A8B00001000C00000401404C4F47000A5B257367
:10A8C0005D0000004465766963652057616B652013
:10A8D00055702046726F6D2052544300446576696E
:10A8E00063652057616B652055702046726F6D203F
:10A8F000455854490000000038000020C0070020DF
:10A90000FCDE00081400002010B50B480B4948611C
:10A910000120C8600B2088600B46DA681B69591C4F
:10A92000064B586900F098F804498861FEF74CFD21
:10A93000FBF7C4FA10BD0000E6070000C0070020C6
:10A94000F0B503461846012410E006780D464F1C6A
:10A95000F9B256550588FF26360235402E0A0D46B7
:10A960004F1CF9B25655801C651CECB2192CECDD5D
:10A9700003264C25AE54AE54F0BD000070B586B031
:10A9800003460A46002013A52E686C68AD6803963E
:10A990000595049412A635687468B6680296009509
:10A9A00001940B2A01D00C2A01D10E20C0430021B2
:10A9B0000BE003AC645C944205D16C46645C9C4241
:10A9C00001DA0E20C0434C1CE1B20A29F1DB06B0CB
:10A9D00070BD00000102030405060708090A000013
:10A9E00007070707060504030201000002460020CE
:10A9F000012904D1022A0BD90720C04308E000290D
:10AA000004D1072A04D90720C04301E00720C0432E
:10AA1000704701460020002901D00C2901D90720E8
:10AA2000C0437047F8B506460F46144621463846DF
:10AA3000FFF7DCFF0546002D03D13046FFF7E9FFA5
:10AA40000546002D06D1002C04D131463846FFF7CB
:10AA500095FF05462846F8BDF7B584B00E46374643
:10AA600006980390022F03DC0498401E04900C37D4
:10AA700064210498F5F754FB044664210498F5F723
:10AA80004FFB0D46791C0D22514308460521F5F771
:10AA900047FB0246E017810F081980106100401A39
:10AAA0004019E9178B0F5919891040181118019591
:10AAB000009403980818401E029007210298F5F7A9
:10AAC0002FFB084607B0F0BDFFB581B005460E4626
:10AAD0001C462046FFF764F800900098002823D118
:10AAE000002E21D0207A002801D16D066D0EA76AB4
:10AAF000636831462846039AB8476072607A002836
:10AB00000ED13220005D012804D10220E26A616882
:10AB100090470CE0FF20C330E26A6168904706E08E
:10AB20000120C043009002E00020C0430090009844
:10AB300005B0F0BDF7B584B006461446A18A059865
:10AB4000F5F7D8FA0390A18A0598F5F7D3FA88B2F9
:10AB5000029000272046FFF768FC0546002D2CD107
:10AB6000019014E0A28AF11923465E20FFF7ACFFA2
:10AB70000546002D08D12046FEF74EFD0546002D66
:10AB800002D1A08AC01987B20198401C0190039994
:10AB900001988842E6D30298002808D0002D06D1FB
:10ABA000F11923465E20029AFFF78EFF0546002D1D
:10ABB00003D12046FFF739FC0546284607B0F0BD13
:10ABC000081C3044586C80000000000400040000A1
:10ABD0000800000008000008000000080000040051
:10ABE00008000C686B74081C3044586C800000002E
:10ABF0000004000400000800000008000008000035
:10AC000000080000040008000C493243315F57720D
:10AC10006974654D756C7469706C6544617461002C
:10AC2000493243315F526561644D756C7469706C73
:10AC3000654461746100493243315F4D61737465ED
:10AC400072577269746500493243315F4D617374A4
:10AC50006572526561640000081C3044586C8000C5
:10AC600000000004000400000800000008000008C4
:10AC7000000000080000040008000C001F00000095
:10AC80001C0000001F0000001E0000001F0000004C
:10AC90001E0000001F0000001F0000001E0000003A
:10ACA0001F0000001E0000001F000000081C3044B0
:10ACB000586C800000000004000400000800000040
:10ACC00008000008000000080000040008000CC88C
:10ACD0002E002EC82E002EC82E002EC82E002EC8E4
:10ACE0002E002EC82E002EC82E002E802E92B05080
:10ACF00039212EB0F01030212E16F0802EF80025CC
:10AD000050235201423B80413001423C80002E01E1
:10AD1000400142212EFFAFB82E4B88802E180080B4
:10AD20002E1800802E1800802E1800802E1800800B
:10AD30002E1800802E1800802E1800802E180080FB
:10AD40002E1800802E1800802E1800802E180080EB
:10AD50002E1800802E1800802E1800802E180080DB
:10AD60002E1800802E1800802E1800802E1800FD4E
:10AD70002D000000000000000000000000030003A0
:10AD8000006400000000000100000000007E00AA36
:10AD9000000500AA0005002D01D47B3B01DB7A04ED
:10ADA000003F7BCD6CC3048509C304ECE60C46016F
:10ADB00000270019009600A00001000C00F03C00E4
:10ADC000010100030001000E0000000400EE06F285
:10ADD00005808016F102024080880000000100001A
:10ADE0000000000000000000000000000000000063
:10ADF0000000000000000000000000000000000053
:10AE00000000000000000000000000000000000042
:10AE10000000000000000000000000000000000032
:10AE20000000000000000000000000000000000022
:10AE30000000000000000000000000000000000012
:10AE40000000000000000000000000000000000002
:10AE500000000000000000000000000000000000F2
:10AE600000000000000000000000000000000000E2
:10AE700000000000000000000000000000000000D2
:10AE80000000000000000000000000012E55F0C08E
:10AE90002E212E55F01050FB7F2125982EEE00FB21
:10AEA0006F2125F05F1025802EC0018386013000C0
:10AEB00030944024180600530E4F02F92FB82E1A72
:10AEC000242600802E4101802E1800802E18009D1F
:10AED000006000A60062005100AF00FF00EC00FF20
:10AEE000B7000200B00580C9F00040FF7F008088F5
:10AEF0000080005EF059F089F05400002056F08880
:10AF00000055005A005800FFFB52F0330933070088
:10AF100008900100F85D000180AF00FF1FA936AB6B
:10AF2000041D6CAD00590131D1717DE40C1202B3E6
:10AF300000B4046203C0021FF8E107D30701E0B6C2
:10AF400000C000C200BA00B900BC00B500BF00DEFE
:10AF50000019520B506042003F0D54424269820F6B
:10AF600054424242826B304240100850427E804B35
:10AF700042713201421050032E40F056900880F08A
:10AF80007F31301F2F033017521154143506301300
:10AF90005055321D1AE322181A1558E3220430D5F1
:10AFA00040B50DE1BE6FBB8091A90D0189B523109D
:10AFB000A1F72FDA0E1435EB2F012E2500701A00A1
:10AFC000302130482240B2062F232E59F0982EDE31
:10AFD00000002E002ED02EF06F01312026014210ED
:10AFE00030212E59F0982EDE0001500352982E1673
:10AFF000B4015005841330055064300752934284E5
:10B0000042982E16B40550068071300142982E42A7
:10B01000B1002E002ED02E982E78B0012E540000B4
:10B02000B2122F0030212E54000950982E38B0094A
:10B0300050982E4DB1982E48B509500152982E27A0
:10B04000B409500552982E27B4982EDE00E12D3019
:10B050005000301B560530052CFB7F3EBED2BAB2E5
:10B06000B96C0B530EF92F531A012F4D0EF52FD239
:10B070007F04301F2CE17FC501A303720E032F72E2
:10B080001A0F2F790F0D2FE16F4F045FB9B1BFFA7F
:10B090000BD26F9606B12551BFEB7F0600B2252774
:10B0A00003DB7FCFBF3EBF01B8D2BA41BAB2B90706
:10B0B0000A6E0BC090DF2F4091DD2FFB6FD05FB881
:10B0C0002E802E1800802E1800802E1800FD2D9442
:10B0D00001DD03C0AD0B2FC0A8032FC090072F8048
:10B0E000A6052F40A9122F4091012F00AB0E2FC0B3
:10B0F000AC00301F52072FC0A9032FC091032F802F
:10B10000A7012F40A1052FC02E17250625C02EF020
:10B110003F1D52B82E80A80325102F8090012F418B
:10B120000E0C2FF33F180505305D07150E032F5544
:10B130001A022FCC0F002F58040125B82EB82E600C
:10B1400050032E8500E07FF17FDB7F303021540AF1
:10B150001A282F1A257A8200304330323005300405
:10B1600030F66FF209FC13C2ABB309EF2380B3E6EC
:10B170006FB701002E8B414B42032F46408617814B
:10B180008D4642418B23BDB3BD03894182070C43E9
:10B19000A3E62FE16FA26F5242002EB26F5242001F
:10B1A0002EC26F424203B2032E59F0F33D02320B1E
:10B1B000088A0ADB6F0222A05F212E59F0B82E0701
:10B1C0002E00F0032E00F027509CBE02402352F4C4
:10B1D00033DCBAD90F9408062F49AF042F510A0265
:10B1E0003447A38A0A91223C80252E59F001400160
:10B1F00042B82E6050C37FD47FE77FF67FB27FA531
:10B200007F3630072E01F0BEBDBEBB295877050939
:10B21000562B5427410641F8BFBE0BB511D6420349
:10B22000895A0EF62F1230252E54000231252EB8E1
:10B23000F0D46FC36FE76FB26FA56FF66FA05FC8F2
:10B240002E7050428ED47FF67F47251A182D52F16A
:10B250000064250130390294418141E27FBEBBBDCB
:10B260008D02BDB57F8EB5BA0AC67FAB7F512598DA
:10B270002E00B0D56FE26F2A182D54B2010230C4EF
:10B280006F7A0312417425D07F52BCD3416EBADE6F
:10B29000B6200BC77F917F982E00B0F26FD56FCA92
:10B2A000165518DD18956FEA182D5A3125750101CC
:10B2B00030202539025EBA82BC8EB6210B982E0052
:10B2C000B0E26FB56F2A18E07FF17F04302D54F2A1
:10B2D000007C02856FD06F0D176818E018906FC45E
:10B2E0006FC518EB6FB2011B4302307A03FB6F3D51
:10B2F0008F0B433EBA12BD52BC6EBBA20A9EB5DE96
:10B30000B6300BF77F982E00B0F56F3125D16F92D4
:10B310006FAB6F50434343905F1D56802E23B01098
:10B3200050034019181F5619053625F77F4A175440
:10B3300018EC18091701300C07E218DE00F26F97BD
:10B34000021B58DC009102BFB821BD8A0AC02E0240
:10B3500042F05F2F503130232E57000240510A2116
:10B3600042002E01400142B82E072E7D005025904C
:10B370005032BC33BD1A25B4BD798E77883FBBFBF4
:10B380007F0B308FB8AFB98B7F4090CB430B43E13D
:10B390007FD37FC67F032F982E42B1E16F0B309E83
:10B3A0000A910A80B2902E08B2012E5C000190250D
:10B3B000250E2F3152012E5900B47FA27F982E0EF8
:10B3C000B20430292E5C00E16FD36FA26FB46F0B13
:10B3D00030012E7D00572585BF06BFFFBBC0B36679
:10B3E000BB94B1B67F172F395C06080F2E86003349
:10B3F0005CFFBF9B43FFBB212E7D00C0918B4306AA
:10B400002F3B50002E1B421B421B420B42002E358D
:10B4100050002E1B420B42C0B2052F3350002E1697
:10B42000400B40767F8B7FD90A012E59003152376D
:10B430005C982E5AB2946F00B30B2FC46F00B30800
:10B440002F3354355890401043213082400243231B
:10B450002E5EF0D46F00B32D2F052E86003350AF33
:10B46000BC746F826F14429FB802424090092F3B18
:10B4700050A8BCC8B91442590A1142A8B8124201D6
:10B4800042002EC06F0090152F3552002E504041C3
:10B49000402004510640AA042F40900B2FB16F4862
:10B4A0000F082FB06F00B2052F3550213014422302
:10B4B0002E5EF00242002EE46F00B3132F092E57C8
:10B4C00000052E5800221A0D2F2F58252E57002226
:10B4D000434230004100430989002E0243032D14EA
:10B4E00030292E5C00FB6F705FB82E09861B54E478
:10B4F00040C3809404C3401305054025058A177393
:10B500003073098C17F308E3004C821501B3B5536F
:10B51000428B1643B652424C175442554253425244
:10B5200042544245426D823D54524210503F545263
:10B5300042FB7F22304156434244820B3052425BF1
:10B54000427C844B42358290808B420B4235800492
:10B55000300B42378015306025982E4DB28B83FB1F
:10B560006F6542C02E4442F05F0580023051820276
:10B5700042133041404B0843543E805114C02E01C9
:10B5800042002E4051D17F12250230424332308298
:10B5900043C67FE57FB47FA37F907F8B7F982EE3A8
:10B5A00000C07E00AC012F1D50C07E002E906F09A0
:10B5B0008AD16F757F4C826341657F117F002E6455
:10B5C000414485527F457F002EA6408040327F82D5
:10B5D0008EC26E4541F07F277F027F982EB9B0233F
:10B5E0006FD16FC240F986237F80B2E07E0F2F3289
:10B5F0006F646F8240F27F5082426F506F736F852D
:10B6000040C34004410640E26E982EB9B0E07EF39C
:10B6100031106F3680E16E0240717F51040230407C
:10B62000A891044A22891693084A0095B409188EF5
:10B630001613309308216F607F4D860280B200415F
:10B640004021B5507F437F982E28B1406F626F55DF
:10B650006F134084400140454142BE1D184C0431E7
:10B660000F048AC06F1130022F002E032C014223D9
:10B67000300342002ED66F44418A87768B00B35345
:10B680007F152F046F455E8B8DE701C0A5844101B6
:10B690002F00A1032FC0AD082F00A5062FC64081A3
:10B6A0008D07303C05D642042CC442022C073007DB
:10B6B000308686946FD77E0E8D00407489C7400215
:10B6C000B2F92945418641BE80214175238240C798
:10B6D00042457F347F207F982E28B1316F606F24E0
:10B6E0006F22400541434013014386AC0FD16F30B8
:10B6F0007F002F4442488A4188E140137F047FF550
:10B700007E982E28B1116F606F346F424003409ACB
:10B710000404414382A20E036F002FC242002E4157
:10B7200040726F982E28B1256F726F5341930ED1DE
:10B730006F46801B3003300C2F04400091424208BA
:10B740002FF66E446F8641B40E032F0288DB7E0312
:10B75000430B42468D44414780056F940F767F60CE
:10B760007F022F4589424303434988A56F4091A436
:10B770007F1530E26FD36E032F04308342802EFE9C
:10B78000B304402529044283424582946F0485C056
:10B79000B2902EEAB315873C8CC440467FC2860720
:10B7A000408641F4BF00B30C2F906F1680462500F1
:10B7B0004057250418AE0E1030063075254623601C
:10B7C0006F6425C440FA8600B3337F092F936FD886
:10B7D00088536F0441C340DC0E13300430DC22B3C5
:10B7E0002540B3022F3B25C090052F916FD06F9855
:10B7F0002E4DB24D2C04308D8843408240547FDA68
:10B800000F0430082FC1804042C20F022F0030C009
:10B810007E1B2DC07E192DE1BC926F4F0490844099
:10B82000A8210583404C224B0EB6842130022F11F3
:10B8300030042CC17EE36FC17EC142002E004081E6
:10B840004004BD406F982E28B1506F113002405116
:10B8500008C36E038099150B40B16FD06FB67F5B44
:10B860007F04300D540330112C1480556F06407541
:10B870000158BB6A090542C18647405125BE0156A1
:10B8800043002E4641F403B66F47435E0EED2F3161
:10B890006F606F42401530028295080442524202A6
:10B8A0002C444204303E8E916F4F8C02408341B550
:10B8B0008D930ED06F012F982E4DB2002EC0418176
:10B8C00041C10FC06F012F0442002E706F3C8200F7
:10B8D000404140891695084A0004BC91B4010EE02D
:10B8E0006F072FA16F002E414040B2022FA16F05BC
:10B8F000424442002E8B6FC05EB82E098602301281
:10B9000042430EFC2F378013301342124212421270
:10B910004202420380418411420242B82E468A907C
:10B920005063414389F07FE37F428C0441052E86BA
:10B930000000410DB8AFBFD07F00B2FFBBAEBDB6B7
:10B940007FBFB94041C77F902ECAB4512556408170
:10B9500091A17F102F0130F06F4143002EB26F1381
:10B96000409342002E13409342002E00408042BD7F
:10B9700080C02E0142705FC0B30130475E3B5C0D5A
:10B980002FC0B20B2F00B2092F91439143D33F93A5
:10B9900008D14391438143252E8600C143478B1232
:10B9A000304641F36F8641044143BEC3BB65BF656A
:10B9B000BA747F877F917F7B89D66F511575094057
:10B9C000B3D5400B2F0641AE050730FE0580A9B761
:10B9D00023776F770F966FD623D66F977F009000EF
:10B9E0002F05434182018943A2E72F936FA16F186E
:10B9F0001A022F0030382C40424340DA28846F432B
:10BA0000425C0E302FC16F40B2192F00B2172F03C6
:10BA10002E5D00475A418E57430130404101020DCF
:10BA20005278BA404308BF3B56660BF909010969D1
:10BA300009D74208B8D5424108D442C142002EE19C
:10BA40006F40B2032F7F825114232E5EF0F06FB14E
:10BA50006F12405242002E12405242002E0040030C
:10BA60002C404210304042705FB82E1F50501A04D4
:10BA70002F1D5641804B1A818441220030C02E82F6
:10BA8000040A28FF80143020140A1808173000C058
:10BA9000B23C030B2FD0A0032FF0802010072C08FE
:10BAA0001705316B05651503122311050AC8162306
:10BAB0001A042F4A0C1D54C02E9FB80A00B82E80BD
:10BAC000A0173004303C2240A0BC23061A4A172F8E
:10BAD000081000305001B48817DB7F072F80A803BF
:10BAE0002FF43F2004032CA6073804A60780B214C5
:10BAF0002FC917C0B242250B2FD0A0032FF086CB41
:10BB000015072C0130023193048A12FB154B14FAED
:10BB10000B8800FE02982EA5B7042D40ACF13F0320
:10BB2000300B22DB6FD05F4952C02E010E08221F5E
:10BB300056054069180D17E1181905162537254ACD
:10BB4000175418EC1804306407EA188E005F021BC3
:10BB50005693004C022FB991BC910A0242B82E01B3
:10BB60002E7E0001311050010800B2FB7F102F0122
:10BB70002E870001900030032F212E8700982E9BE6
:10BB8000B7982E67B500B2062F8030212E5EF003E5
:10BB90002D1030212E8700FB6FF05FB82E092EDCB0
:10BBA0000000516F504D54095A57525556515E710D
:10BBB0005CEB7F0091652F5928FF29B77FC17FD6A5
:10BBC0007F9A895141080E01220A0F10224F541BFF
:10BBD00052A47F957F807F982ECEB4B26F102598A7
:10BBE0002ECEB4826FE3301025982EDAB4A56FC83C
:10BBF0001651541B5250435343A57F982ECEB48206
:10BC00006FE3301025982EDAB4A16F4817504245E3
:10BC100042718A53541B52A57F982ECEB4C26F1026
:10BC200025982ECEB4826FE3301025982EDAB4A575
:10BC30006FC81655541B5250435343A57F982ECEC0
:10BC4000B4826FE3301025982EDAB4A16FC817596B
:10BC50005650424742F37F7D82826F555A57585360
:10BC60005C5556A17F982EB9B0D36FA26FD0429089
:10BC7000882B52956F6F504D54D37F690EA12F11B1
:10BC80003001431A25708A0956C57FD57F11324B82
:10BC90005CB37F71000530B36F8741C440FC0197EE
:10BCA000430C1787413C039443967FF57FA17F00A7
:10BCB0002ED640300E0622B37F320F902251584FBD
:10BCC0005C5156982EB9B0C56FB26F5043C57F0511
:10BCD000302B50500EA16F4482966F4D546F50DA46
:10BCE0002F7D5213304640F3284342C4A07152C105
:10BCF0007F33304B582E2F1583595CB17FF67F74FC
:10BD0000251641A47F977F002E0441CC17FB08F332
:10BD1000006503DEBEB2B95D0B280E05222A0F9026
:10BD200022555A5758535C5556982EB9B00530C114
:10BD30006F795650424B0EB06FC17F0482926FA450
:10BD40006F85423330595C6F504D54B17F1543D5E8
:10BD50002F2B2EB5007D524182C17F982EE300D15A
:10BD60006FB07F982EE3000952A07F982EE3000069
:10BD7000A01D524823A26FB16F957FB330982EDA81
:10BD8000B4A26FA07FB3304152982EF8B4D16FC5E2
:10BD90006F0230D27FC07F817FB330424051417506
:10BDA0007F982EDAB4D56F816F68294140C26FD574
:10BDB0007FB330982EDAB4816F756F795450426A30
:10BDC0000EE92FB26F916F982ECEB41025B33021AB
:10BDD00025982EDAB420257F505B52982E30B57FFF
:10BDE00054B56F5D5005049140080F9D8A824073E1
:10BDF00052082FBF8480A8252EC00002300B2F527E
:10BE0000420A2C4242818485A0252EC00052301067
:10BE100030012F52424042002E226F5F52910F108C
:10BE20006F0130022F6156030F122F036FC0A88BD2
:10BE300005DE22635CDE0FC17F06300B2F65568363
:10BE40000E1630032F80A41630002F2630032CC688
:10BE50007F3630C67F002E4241658B8090082F755B
:10BE600054B8843032864290001B302D2EC2008B95
:10BE70004278874241755A321A022F56430F2C419D
:10BE8000430B2EC30012306A2902322B2EC3002A24
:10BE90000E042F7754898AC06F80424143002E05DB
:10BEA0002E5F00848CC740A5410D50C0B32809CC3B
:10BEB00005C4888341F3BF828DB77F947F0A2F0921
:10BEC0002EC1000091062F6958847F81826B5A6BC6
:10BED000500C2C4B401809828458B8B8B94C0467F0
:10BEE0005EB3BE03BC8B4013BE877FB33086416D0B
:10BEF00052A26F767F657F507F4B7F347F982EDA1A
:10BF0000B4D16F880E0130032F0B2EB90040B3025D
:10BF10002F232EBB000F2D052EBB0015309528704A
:10BF20006F08B8252EBB00100EC26F7950022F1576
:10BF30004212420142B330A26F416F982EDAB4D15F
:10BF40006F080F032F032EB9004090032F013023F9
:10BF50002EBD00122D032EBD00756F0D5441826A57
:10BF600009232EBD000D0E072F7B5242820530653E
:10BF70004212304542252EBC00916F7E8A40407CA3
:10BF8000844541052883404042C3B2023000302B33
:10BF90002FC06F00B20030272F012EC1000090008B
:10BFA00030052FC290032FC06F039000301C2F204C
:10BFB0006F836F830E0030172F136F506F980F0031
:10BFC00030122FB06F980E00300E2F036F606F98F5
:10BFD0000F0030092F306F980E0030052F40B3004E
:10BFE00030022F252EB9001030414045AC012F0002
:10BFF000B2042F7B524282252EBC004242002EEB1F
:10C000006F005FB82E4B50013081541142420EFC3C
:10C010002F1030C02E212EB9003050F37FC0ACE479
:10C020007FD57F032F00308204F36FC30640AD0538
:10C030002FE06F05302804D16F6907E07F40A10130
:10C0400030202F132502250432063002300330AF92
:10C05000BBB1BDDF0A9FBB21BD970A8FBB91BC015D
:10C06000BC4F0A6B0E042F6B1A072FE76F7A0F0471
:10C070002FE76F97041730070ADD06818D340EE62F
:10C080002F002E0D2D6B0E0030052F6B1A072FE0A1
:10C090006F420F0030032FE06F9004DD061030F583
:10C0A0006FC37FB27F40AD062F0330B26F9A04C4D6
:10C0B0006FDC06B27FC37F002ED26FAA0C80AC0269
:10C0C00030012F10045106D05FB82E802E1800804A
:10C0D0002E1800802E1800802E1800802E18008048
:10C0E0002E1800802E1800802E1800802E18008038
:10C0F0002E1800802E1800802E1800802E18008028
:10C100002E1800802E1800802E1800802E18008017
:10C110002E1800802E1800802E1800802E18008007
:10C120002E1800802E1800802E1800802E180080F7
:10C130002E1800802E1800802E1800802E180080E7
:10C140002E1800802E1800802E1800802E180080D7
:10C150002E1800802E1800802E1800802E180080C7
:10C160002E1800802E1800802E1800802E180080B7
:10C170002E1800802E1800802E1800802E180080A7
:10C180002E1800802E1800802E1800802E18008097
:10C190002E1800802E1800802E1800802E18008087
:10C1A0002E1800802E1800802E1800802E18008077
:10C1B0002E1800802E1800802E1800802E18008067
:10C1C0002E1800802E1800802E1800802E18008057
:10C1D0002E1800802E1800802E1800802E18008047
:10C1E0002E1800802E1800802E1800802E18008037
:10C1F0002E1800802E1800802E1800802E18008027
:10C200002E1800802E1800802E1800802E18008016
:10C210002E1800802E1800802E1800802E18008006
:10C220002E1800802E1800802E1800802E180080F6
:10C230002E1800802E1800802E1800802E180080E6
:10C240002E1800802E1800802E1800802E180080D6
:10C250002E1800802E1800802E1800802E180080C6
:10C260002E1800802E1800802E1800802E180080B6
:10C270002E1800802E1800802E1800802E180080A6
:10C280002E1800802E1800802E1800802E18008096
:10C290002E1800802E1800802E1800802E18008086
:10C2A0002E1800802E1800802E1800802E18008076
:10C2B0002E1800802E1800802E1800802E18008066
:10C2C0002E1800802E1800802E1800802E18008056
:10C2D0002E1800802E1800802E1800802E18008046
:10C2E0002E1800802E1800802E1800802E18008036
:10C2F0002E1800802E1800802E1800802E18008026
:10C300002E1800802E1800802E1800802E18008015
:10C310002E1800802E1800802E1800802E18008005
:10C320002E1800802E1800802E1800802E180080F5
:10C330002E1800802E1800802E1800802E180080E5
:10C340002E1800802E1800802E1800802E180080D5
:10C350002E1800802E1800802E1800802E180080C5
:10C360002E1800802E1800802E1800802E180080B5
:10C370002E1800802E1800802E1800802E180080A5
:10C380002E1800802E1800802E1800802E18008095
:10C390002E1800802E1800802E1800802E18008085
:10C3A0002E1800802E1800802E1800802E18008075
:10C3B0002E1800802E1800802E1800802E18008065
:10C3C0002E1800802E1800802E1800802E18008055
:10C3D0002E1800802E1800802E1800802E18008045
:10C3E0002E1800802E1800802E1800802E18008035
:10C3F0002E1800802E1800802E1800802E18008025
:10C400002E1800802E1800802E1800802E18008014
:10C410002E1800802E1800802E1800802E18008004
:10C420002E1800802E1800802E1800802E180080F4
:10C430002E1800802E1800802E1800802E180080E4
:10C440002E1800802E1800802E1800802E180080D4
:10C450002E1800802E1800802E1800802E180080C4
:10C460002E1800802E1800802E1800802E180080B4
:10C470002E1800802E1800802E1800802E180080A4
:10C480002E1800802E1800802E1800802E18008094
:10C490002E1800802E1800802E1800802E18008084
:10C4A0002E1800802E1800802E1800802E18008074
:10C4B0002E1800802E1800802E1800802E18008064
:10C4C0002E1800802E1800802E1800802E180000D4
:10C4D0000000000000000001020304060708090034
:10C4E00000000001020304030406080C10182030A9
:10C4F000081C3044586C8000000000040004000058
:10C500000800000008000008000000080000040007
:10C5100008000C008CDF000890DF000894DF0008A2
:10C5200061742B727870726C656E3D6175746F2CDE
:10C530003135303000000000000000000000000035
:10C5400020000000000000000000000000000000CB
:10C5500000000000000000000000000000000000DB
:10C5600000000000000000000000000000000000CB
:10C5700000000000C82E002EC82E002EC82E002E4F
:10C58000802EAE00802E6E01C82E002EC82E002EEA
:10C59000802E9A015035212EB0F01030212E16F049
:10C5A000802EE7018B50795201423B80413001429D
:10C5B0003C80002E01400142212EFFAFB82E6D00BD
:10C5C000802E1800802E1800802E1800802E180053
:10C5D000802E1800802E1800802E1800802E180043
:10C5E000802E1800802E1800802E1800802E180033
:10C5F000802E1800802E1800802E1800802E180023
:10C60000802E1800802E1800802E1800802E180012
:10C61000802E1800802E180000000000000000008E
:10C620000000000000000000040000000000000006
:10C63000000001001E0101000000000003000401D1
:10C6400000000000010000000000000000000000E9
:10C6500000000000000000000000000000000000DA
:10C6600000000000000000000000000000000000CA
:10C6700000000000000000000000000000000000BA
:10C6800000000000000000000000000000000000AA
:10C69000000000000000000000000000000000009A
:10C6A000000000000000000000000000000000008A
:10C6B000000000000000000000000000000000007A
:10C6C00000000000212EB0F01030C02E212E16F0F8
:10C6D0009050E57FD77FF67F86307B5A002E47410A
:10C6E0005743002E47414743002E4741BE092D2E98
:10C6F00069000D2E69008091022F46302D2E5A00C0
:10C700000D2E57F0473045416F09D2BA4091795A02
:10C71000B50967BB2D2E8C000E2FC47FB37FA27F7F
:10C72000917F807F7B7F982E33B5806F916FA26F52
:10C73000B36FC46F7B6F795A2B2EB9F0E56FD76F4B
:10C74000F66F705FC82E012E58F00137010800B255
:10C750001030032F032E5A0044B2012F0030B82EA0
:10C76000B82E012E58F07952C02E010807B8802E3D
:10C770001800FD2DCC000500CC0064003301F678D4
:10C780008500CD6C07009A7933735F05BE0A5F059B
:10C7900096E8EF4101000D000C004A00A0000000E7
:10C7A00003003C0F0001010003000100080000002D
:10C7B0000600090082000600060008005000000084
:10C7C0004C040200030000000000000091414840BA
:10C7D00088006C005F006A008200570054009500DA
:10C7E000FC1F00E0FF1F0301010155F0800057F01E
:10C7F00039F058F089F00040FF7F008088005EF03B
:10C8000059F0001000080020760000F8A000E803AE
:10C810000180B87EE17A7FFF26F09104F000FF00EE
:10C8200000FF56F08E0062006600FFFB52F03309F5
:10C8300033079001C83B39C49137660200010201F9
:10C840008C00AF00EC00FFB9000200B00580C9F019
:10C850007050F07FE17FDB7F982EE90000B27950C5
:10C860001B30052F032E03F09DBC9FB84090042F72
:10C87000372E6100212EBCF0102D69527D50C57FEE
:10C88000B47FA37F927F982ED6011030212E5200C4
:10C89000926FA36FB46FC56F7950212EB8F0E16F1E
:10C8A000F06FDB6F905FC82E8050E17FF07FDB7F01
:10C8B000002E7F52002E6040414008BC410A40B229
:10C8C000122F877F712567528150947FA27FB37F9B
:10C8D000C57F982ED60110301725212E6B00C56F0D
:10C8E000B36FA26F946F876F012E6B00010A00B2C5
:10C8F000072F1B30372E530040900B30012F372E5F
:10C900006B00982EE90000B2022F7950212EBAF068
:10C910000B31372EB8F0E16FDB6FF06F805FC82E00
:10C92000052E01F02EBDAEB934304384E30425401A
:10C930000440D8BE2C0B2311544203804A0EF62F1C
:10C94000B82E1A242600802E00B0012E55F0C02EDD
:10C95000212E55F01050FB7F2125982E7AB1FB6FC8
:10C960002125F05F1025802E1EB1802E1800802E0C
:10C970001800FD2D1050982E00B86B50982EA8006E
:10C9800077500480F07F002E002ED02E012E2C0137
:10C9900001BC0EB8212E5B00982ED9B1982EA0B400
:10C9A000012E530000B2902EB8B0012E5A0003A001
:10C9B000352F03B2062F75527350212E8B00232E74
:10C9C00075001B2D052E0301012E5B00513008045C
:10C9D00023BDA3B8481240B212305122012E6A0082
:10C9E0006F54715602084B08010A61546352212E9C
:10C9F0006A00252E7500232E8B006750982E99B162
:10CA000067505F52982E0EB267506552982E0EB244
:10CA1000012E5A000490022F6750982E3EB5052E25
:10CA20005A0082B2512F80B24F2F81B26D50412FE8
:10CA300083B2032E73002F2F8490532F052E69008D
:10CA40008090032F0030212E5D004C2D072E890091
:10CA5000052E2C01C0B2062F1330D308C0B2022F0E
:10CA60000330272E5A00072E6D00590A40B2022FBC
:10CA70000130232E5D002130510840B2322F032EA9
:10CA80005D001008418202B8232E5D00480E292F58
:10CA90000030212E5A00262D40B2232F1130403075
:10CAA0000230232E6C00232E8200212E5A00252EC8
:10CAB0005D00182D012E5E003F80212E5E0000AA31
:10CAC000102F3030212E5A000D2D032E5B00023224
:10CAD00010305110212E6C00212E8200212E5A0080
:10CAE000232E5E000230252E5300012E00F0092E69
:10CAF0002C01072E69004FBAC090032E5C00062F50
:10CB000040B20030292F252E5C00272C01254090B3
:10CB1000012F212E5C00032E5A0040B2122F4490A8
:10CB200000301A2F00B3012E5C00162F982EE9005A
:10CB300000B27032112F9331982EF7000090903090
:10CB40000C2C18220091012F212E5C002133233060
:10CB5000012E5B000100272E5A0000B2012F212E6A
:10CB600000F0012E52000090032F012E610000B250
:10CB7000062F6950982E99B16950982E19B302303A
:10CB8000252E5200012E55F0212E55F0F06F033165
:10CB90000140052E5A00CB0AF43E83904C084B22EC
:10CBA0000142002E012E55F0212E55F0802E09B0A5
:10CBB0003050003083560530052CFB7F3EBED2BA84
:10CBC000B2B96C0B530EF92F531A012F4D0EF52FDE
:10CBD000D27F04301F2CE17FC501A303720E032F07
:10CBE000721A0F2F790F0D2FE16F4F045FB9B1BF8C
:10CBF000FA0BD26F9606B12551BFEB7F0600B22526
:10CC00002703DB7FCFBF3EBF01B8D2BA41BAB2B96A
:10CC1000070A6E0BC090DF2F4091DD2FFB6FD05FB6
:10CC2000B82E9401DD03C0AD0B2FC0A8032FC09018
:10CC3000072F80A6052F40A9122F4091012F00AB8E
:10CC40000E2FC0AC00308752072FC0A9032FC09110
:10CC5000032F80A7012F40A1052FC02E17250625E1
:10CC6000C02EF03F8552B82E8386013000309440AC
:10CC700024180600530E4F02F92FB82E80A8032562
:10CC8000102F8090012F410E0C2FF33F1805053017
:10CC90005D07150E032F551A022FCC0F002F5804D5
:10CCA0000125B82EB82E6050032E2E01E07FF17FB3
:10CCB000DB7F303089540A1A282F1A257A820030F7
:10CCC0004330323005300430F66FF209FC13C2AB4A
:10CCD000B309EF2380B3E66FB701002E8B414B42BF
:10CCE000032F46408617818D4642418B23BDB3BD3D
:10CCF00003894182070C43A3E62FE16FA26F5242E2
:10CD0000002EB26F5242002EC26F424203B2032E77
:10CD100059F0F33D02320B088A0ADB6F0222A05F52
:10CD2000212E59F0B82E032E00F0072E00F0BCBEC5
:10CD3000052E2C018D50AFB90240F433DCBAC1B2DC
:10CD400094080E2F072E5A00C4900A2F7956CB0F45
:10CD5000072F49AF052F7952510A023447A38A0A97
:10CD600091223C80252E59F001400142B82E0A86BE
:10CD700002301242430EFC2F36801330134212420F
:10CD80001242124202420480418411420242B82EF1
:10CD900046868050E440C240F47F83B00B2E57F0AB
:10CDA0004288EE13E47F7430C28AFC0903304343A7
:10CDB000C0B3C77FD07F692F41255540B17F4191D6
:10CDC0000E2F0343002EE16F12405242002E1240FC
:10CDD0005242002E004040427D80C02E0342805FC0
:10CDE0000889113016410541A67F398986414541A0
:10CDF000D3BED3BA65BF957F65BB0530867F8B15E3
:10CE0000BE0980B30A2F07400641FE050630C0A9BF
:10CE1000B705FE23866F7E0F4D23C76F80B2062FA6
:10CE2000A66F8F5E8641F709C0B3C76F012F06401A
:10CE30000643C18601800189C3A2E02FB06F2A1A80
:10CE4000022F0130252C014202409128936F0242AB
:10CE5000530E1D2FF26F80B2032FBF848A14252E2C
:10CE60005EF0D46FE36F1241D24202301541D542D9
:10CE7000002E0441C442C386A56F915845412C0938
:10CE8000C14200B3042F002E032C02421030404256
:10CE9000805FB82E7050428ED47FF67F47251A18D7
:10CEA0009352F10064250130390294418141E27FBF
:10CEB000BEBBBD8D02BDB57F8EB5BA0AC67FAB7F46
:10CEC0005125982E57B1D56FE26F2A189354B201AD
:10CED0000230C46F7A0312417425D07F52BCD34113
:10CEE0006EBADEB6200BC77F917F982E57B1F26FD6
:10CEF000D56FCA165518DD18956FEA18935A312563
:10CF000075010130202539025EBA82BC8EB6210B34
:10CF1000982E57B1E26FB56F2A18E07FF17F043089
:10CF20009354F2007C02856FD06F0D176818E018DB
:10CF3000906FC46FC518EB6FB2011B4302307A03C8
:10CF4000FB6F3D8F0B433EBA12BD52BC6EBBA20AB3
:10CF50009EB5DEB6300BF77F982E57B1F56F3125B1
:10CF6000D16F926FAB6F50434343905F8556802ED5
:10CF700084B1105003401918875619053625F77FDC
:10CF80004A175418EC18091701300C07E218DE0094
:10CF9000F26F97028358DC009102BFB821BD8A0A64
:10CFA000C02E0242F05F032E58F002373050CA08FC
:10CFB000C090FB7F0E2F032E56F0323E4A08232EE0
:10CFC00056F0E07FD37F982EEB011030212E6100C8
:10CFD000E06FD36F032E6100409095521B2F052EFA
:10CFE00060008B88B4B903433025982E95B300B206
:10CFF000E07F092F032E56F0323E02BC4A08010A98
:10D00000212E56F0982EEB01E06F00A61030082F6D
:10D01000212E5EF0062D03309550982E5AB3272E00
:10D020006100FB6FD05FB82E0C8202301242410EBD
:10D03000FC2F358091521142002E97520142B82E9A
:10D040000788468E06413C8B321A4241C741162F53
:10D050008091232F570F16300C2F0680002E004092
:10D0600000B2042F4582002E4140D10F022F06301E
:10D070000643464380B3112F03434743B82ED70ED0
:10D080000C2F438217044140410F072F0343428373
:10D090004743002E4340C1864342B82EB82E8888AD
:10D0A000C050398D8881E27F02300540F27F41AB6C
:10D0B000223095228641995E9A0004413718660114
:10D0C0009B56EB00C17FB37FD57F48823980824079
:10D0D000A07F917F8B7F0630835A9D588356982E70
:10D0E00090B2916F7B82C66F4240818442424382FC
:10D0F000838B424086897B828487717F80B2957F53
:10D10000647F507F022FC540418BC54287896740AD
:10D11000070F858B417F828D47403C2F8141010E57
:10D12000E16F2D2F468C906F86410740FE0E022F37
:10D13000044100B3212F4482043041407100F90EB4
:10D14000362F464180A7013004300D2FE46F002EAA
:10D150000441740F0430072F8090002FC1420386D2
:10D160008184C2420142143042854143A142002ED3
:10D17000824080901C2F01421B2D0642192C043046
:10D18000B26FBA04021E80431230C06F2330982E53
:10D1900066B30E2C0430B26FC06FBA00516F0186B7
:10D1A0004A1CC1422230E16F1330982E66B304301E
:10D1B000526F9F52406FC47F982EFFB2416F706FC5
:10D1C0004240A152982EFFB2416F706F4240014021
:10D1D000D36FD300CB1EA1521342B07F982EFFB263
:10D1E000B06F3E84D16F824003405104591C01420C
:10D1F0000282A06F42400340D30F003014306022FF
:10D20000C56F4091012F530E262FE56F4785002EE5
:10D210008340590F202F626F4A8F8540C7417F8D11
:10D220006F0FA615173004300F2FE06F0B80002E04
:10D2300007403E0800B20030062F591A042FFD1295
:10D24000C09013304B2206257125C0B3042FA44291
:10D25000A442838284424442002E8B6F405FB82EEA
:10D260008750501A042F855641804B1A81844122E1
:10D270000030C02E82040A28FF80143020140A18BF
:10D2800008173000C0B23C030B2FD0A0032FF08052
:10D290002010072C081705316B05651503122311A3
:10D2A000050AC816231A042F4A0C8554C02E9FB8AD
:10D2B0000A00B82E20504A253E89072E8C000230E5
:10D2C000C0B20243FB7F302F072E8D00C0B2112F5A
:10D2D000C1900D2F052E2A01072E2B01A132982E69
:10D2E000FFB4E36F0430272E2B01292E8D00132D60
:10D2F000122C0430A550A3321440114018B900403C
:10D3000098BC610A900A982EF1B41430292E8D0031
:10D31000212E2B0104307B56A354C1408A08C242FF
:10D32000FE86292E8C00C440C442002EFB6FE05FB5
:10D33000B82EA75800300C2C8A005540050C05303B
:10D3400001BF0FB80090340C418B062250A3F72F79
:10D350004A0EF22FB82E40500A253C80FB7F014236
:10D36000D27FE37F32301025982EDFB4FB6FC05F91
:10D37000B82E70500A253980F37F0342A17FC27F07
:10D38000D17F03300343E47FBB7F22301025982EEA
:10D39000DFB4D26F02170408C16F0C09041A1030F1
:10D3A0000430202201B2142FA9581409F330930835
:10D3B00024BD44BA940A0217F36F4C089A088A0AEB
:10D3C000AD525108AB58940828BD98B8E46F510A83
:10D3D0000143002EBB6F905FB82EAF503130232E2B
:10D3E00064000240510A2142002E01400142B82E41
:10D3F0008050092E58F0F07F433023085A25113011
:10D4000023307230798B6108E308A208073080B2BC
:10D410004743EB7FD17FC07FB37F902EE0B5092ECD
:10D42000680000B3092FB152012E6500A57F982E28
:10D43000E6B52F2E6800B36FA56F032E1D0115BE34
:10D440004FBA00B316BE46BA14B1A67F6125B358D1
:10D45000B550C16F02300E2FB75EB709B35E2D2EE7
:10D460001D01D243C2430630B954AF5E9642570EF7
:10D47000FC2F164206422A25D90AB88C012E6500D7
:10D48000F26FB152982E2AB6B35A906F544100B23F
:10D490004541082FD06F00B2052FB55023301442FC
:10D4A0000542272E5EF0B06F00B2AF502B2F033035
:10D4B000B9520231C0B26425082FD0A0022FF08CDF
:10D4C000052CAE13D305A313EF15B70B5642C88630
:10D4D000480EEF2FD36FC090152FB552002E53403A
:10D4E0004140E304690640AA042F40900B2FA16F2E
:10D4F0004B0F082FA36FC0B2052FB5562130D44271
:10D50000C542232E5EF0C56F40B3162F856F092EDE
:10D5100064002C1A112F092E56F0C33F2B2E6400E5
:10D5200023096C0B25424530044004420988002E33
:10D530000543032D15302B2E6800EB6F805FB82E4E
:10D5400010505A84FB7F033053424A0EFC2F098649
:10D550008354E440C3809404C34013050640A605E9
:10D560004A1773302B094E17EB0873017286D3B438
:10D57000D1424917C542C3869400D14223B5C54262
:10D58000FD864A16D242C388C14212432D85BB563E
:10D59000934201431330BD529142358291508042F3
:10D5A000BE804025982E1FB60B83FB6FC02E4342D2
:10D5B000F05F0580023002425182BF5441403E80FC
:10D5C0005114C02E0142002E3051D17F122502305D
:10D5D000424332308243C67FE57FB47FA37F907F92
:10D5E0008B7F982EF001D07E00AC012F8552D17E2A
:10D5F000002E916F498AD16F757F4C826341657FA0
:10D60000117F002E64414485527F457F002EA64045
:10D61000327F828E8040D26E4541F07F277F027F2D
:10D62000982E90B2236FD16FC240F986237F80B2CB
:10D63000E07E0F2F326F646F8240F27F5082426F24
:10D64000506F736F8540C34004410640E26E982ED0
:10D6500090B2E07E002E116F7682717F4280E26E82
:10D660004140607F527F982E76B41025B33021253B
:10D67000982E82B4216F4D8620254140606F437FF4
:10D68000982EFFB2746F606F1230C16F456F4242C7
:10D69000068352414341044100407A8BDC04101858
:10D6A000617F757FB30E022FC16F2030404205307D
:10D6B000D16F4A80936FA26F407FD78680B21F2FB1
:10D6C000C04000B21C2F5582C55CC358C156026FC2
:10D6D000317FF57F982E90B2316F768200A4424060
:10D6E000012F80A0032F00AC092F80A4072F416FCA
:10D6F0000530404001805042AA04022C42420530CD
:10D70000002EC46F906F0E86716F0441E06F42402F
:10D71000C34002B30542DA22646F10300241902800
:10D7200002430C8578828440202880427C88AE8029
:10D730004140526F737F607F347F982EFFB2336F0A
:10D74000626FBE80E1408240307F237F982EFFB21F
:10D75000216F606F346F22400541434013014386BF
:10D76000AC0FD16F207F002F4442488A4188E140AE
:10D77000137F047FF57E982EFFB2116F636F4040D8
:10D78000C340226F180482404D86900E016F002F17
:10D790004042002E346FD66F1541516F906F11804B
:10D7A00086858D0E1F2FF56E8143002E4641776FC3
:10D7B000370F0640042F80910630152F4643142D55
:10D7C000854042B3042F80910B2F05300A2C8542EF
:10D7D000E66F1B308B43828A063046434C8B8B426C
:10D7E0004643022C0630063005418D0F1389056F24
:10D7F0002B30042F414345834E8A4B424643002E33
:10D80000916F4F8A0441C340A30E757F062F0040DD
:10D810000090032F8E8086420642002EA06F00905B
:10D82000D06F032F8B6FD05E802E1FB6078413300E
:10D830008440232984424488E56FA27F05844141C6
:10D84000627F40B26B2F814040A611302D2FA06F18
:10D85000916F024046824F863C80414024BD537FF9
:10D86000347F207F982EFFB2506F1330014040B2BA
:10D87000028011300B2F916F5682246FA26F0441EA
:10D88000414082400C1824BD960E013059220040C0
:10D8900000B2D06F626F346F0630062F916F588AD6
:10D8A000416F45414140CD0E5E224090032F916F64
:10D8B000982E1FB62F2D81400241CA0F082F606F8E
:10D8C000418201424A0ED67E192F002E182CD17E9D
:10D8D0000380048202404040A1BC04BC480440A82C
:10D8E00031044822517FD37EB330C752982E82B480
:10D8F000516FC80F2130022FE06FD17E01420630F8
:10D90000B16FD06E424010005042002E40400602DF
:10D910004042002E616F4282438046420642002E02
:10D92000A16F706F434002409A0E35867E88916FDA
:10D93000D06F012F982E1FB6002E0141C040C80F96
:10D94000C16F002F4642002E8B6FD05EB82E802E06
:10D950001800802E1800802E1800802E1800802EAF
:10D960001800802E1800802E1800802E1800802E9F
:10D970001800FD2DDB50CF5221422050AB52014206
:10D980002980D15201420280013F02405108FB7FB1
:10D9900011420B310B423E80F13201420980032ECD
:10D9A00040F05690E07F31301F2F0330D952D354CE
:10D9B00024350630D55055321D1AE322181AD7588F
:10D9C000E3220430D540B50DE1BE6FBB8091A90DB7
:10D9D0000189B52310A1F72FDA0E2435EB2F012E84
:10D9E0002500701A00302130482240B2062F232E25
:10D9F00059F0982EEB01002E002ED02EE06F013151
:10DA0000202602407956930A224201421030212EEC
:10DA100059F0982EEB015F50C952982EFDB15F501E
:10DA20000584143065505330CB5294428342982E73
:10DA3000FDB1CD5065540130868411426330FB6FD7
:10DA4000E05F83420142802E33B5802E1800802E85
:10DA50001800802E1800802E1800802E1800802EAE
:10DA60001800802E1800802E1800802E1800802E9E
:10DA70001800802E1800802E1800802E1800802E8E
:10DA80001800802E1800802E1800802E1800802E7E
:10DA90001800802E1800802E1800802E1800802E6E
:10DAA0001800802E1800802E1800802E1800802E5E
:10DAB0001800802E1800802E1800802E1800802E4E
:10DAC0001800802E1800802E1800802E1800802E3E
:10DAD0001800802E1800802E1800802E1800802E2E
:10DAE0001800802E1800802E1800802E1800802E1E
:10DAF0001800802E1800802E1800802E1800802E0E
:10DB00001800802E1800802E1800802E1800802EFD
:10DB10001800802E1800802E1800802E1800802EED
:10DB20001800802E1800802E1800802E1800802EDD
:10DB30001800802E1800802E1800802E1800802ECD
:10DB40001800802E1800802E1800802E1800802EBD
:10DB50001800802E1800802E1800802E1800802EAD
:10DB60001800802E1800802E1800802E1800802E9D
:10DB70001800802E1800802E1800802E1800802E8D
:10DB80001800802E1800802E1800802E1800802E7D
:10DB90001800802E1800802E1800802E1800802E6D
:10DBA0001800802E1800802E1800802E1800802E5D
:10DBB0001800802E1800802E1800802E1800802E4D
:10DBC0001800802E1800802E1800802E1800802E3D
:10DBD0001800802E1800802E1800802E1800802E2D
:10DBE0001800802E1800802E1800802E1800802E1D
:10DBF0001800802E1800802E1800802E1800802E0D
:10DC00001800802E1800802E1800802E1800802EFC
:10DC10001800802E1800802E1800802E1800802EEC
:10DC20001800802E1800802E1800802E1800802EDC
:10DC30001800802E1800802E1800802E1800802ECC
:10DC40001800802E1800802E1800802E1800802EBC
:10DC50001800802E1800802E1800802E1800802EAC
:10DC60001800802E1800802E1800802E1800802E9C
:10DC70001800802E1800802E1800802E1800802E8C
:10DC80001800802E1800802E1800802E1800802E7C
:10DC90001800802E1800802E1800802E1800802E6C
:10DCA0001800802E1800802E1800802E1800802E5C
:10DCB0001800802E1800802E1800802E1800802E4C
:10DCC0001800802E1800802E1800802E1800802E3C
:10DCD0001800802E1800802E1800802E1800802E2C
:10DCE0001800802E1800802E1800802E1800802E1C
:10DCF0001800802E1800802E1800802E1800802E0C
:10DD00001800802E1800802E1800802E1800802EFB
:10DD10001800802E1800802E1800802E1800802EEB
:10DD20001800802E1800802E1800802E1800802EDB
:10DD30001800802E1800802E1800802E1800802ECB
:10DD40001800802E1800802E1800802E1800802EBB
:10DD50001800802E1800802E1800802E1800802EAB
:10DD60001800802E1800802E1800802E1800802E9B
:10DD70001800FD2D0001020000001F1D1F1E1F1EA8
:10DD80001F1F1E1F1E1F1F1C1F1E1F1E1F1F1E1FAB
:10DD90001E1F004040404040404040404141414102
:10DDA0004140404040404040404040404040404072
:10DDB0004040400502020202020202020202020286
:10DDC0000202022020202020202020202002020207
:10DDD000020202029090909090901010101010107B
:10DDE000101010101010101010101010101002024F
:10DDF00002020202888888888888080808080808BB
:10DE0000080808080808080808080808080802029E
:10DE10000202400093DD00082C4150504B45593A16
:10DE200025303278253032782530327825303278F6
:10DE300025303278253032782530327825303278E6
:10DE400025303278253032782530327825303278D6
:10DE500025303278253032782530327825303278C6
:10DE6000000000002C4E574B534B45593A25303299
:10DE700078253032782530327825303278253032A6
:10DE80007825303278253032782530327825303296
:10DE90007825303278253032782530327825303286
:10DEA00078253032782530327825303278000000FD
:10DEB0002C415050534B45593A2530327825303259
:10DEC0007825303278253032782530327825303256
:10DED0007825303278253032782530327825303246
:10DEE0007825303278253032782530327825303236
:10DEF0007825303278253032780000005570646122
:10DF000074652053797374696D65204E6F77203A7C
:10DF1000253034642D253032642D253032643A2585
:10DF20003032643A253032643A25303264202C2075
:10DF300054696D657374616D70203A256C640000DE
:10DF40004E6578742057616B652055702054696D5B
:10DF5000653A20253032643A253032643A25303231
:10DF6000642C2054696D65204E6F773A202530343B
:10DF7000642D253032642D253032643A25303264E8
:10DF80003A253032643A25303264000061000000E6
:10DF9000620000006300000043757272656E7420B9
:10DFA00052583220697320616C7265616479206314
:10DFB0006F6E666967757265642061732025642CD5
:10DFC00025642C206E6F206E65656420746F20635D
:10DFD0006F6E666967757265000000004375727246
:10DFE000656E74206A6F696E206D6F646520697359
:10DFF00020616C726561647920257320616E6420F4
:10E00000636C6F7365642C206E6F206E6565642091
:10E01000746F20636F6E666967757265000000003B
:10E0200061742B6E776B736B65793D6162702C2523
:10E0300030327825303278253032782530327825E4
:10E0400030327825303278253032782530327825D4
:10E0500030327825303278253032782530327825C4
:10E0600030327825303278253032782530327800D9
:10E0700061742B617070736B65793D6162702C25E2
:10E080003032782530327825303278253032782594
:10E090003032782530327825303278253032782584
:10E0A0003032782530327825303278253032782574
:10E0B0003032782530327825303278253032780089
:10E0C00061742B6170706B65793D25303278253035
:10E0D0003278253032782530327825303278253044
:10E0E0003278253032782530327825303278253034
:10E0F0003278253032782530327825303278253024
:10E100003278253032782530327800002530327868
:10E110002530327825303278253032782530327803
:10E1200025303278253032782530327825303278F3
:10E1300025303278253032782530327825303278E3
:10E1400025303278253032782530327800000000D2
:10E150000D0A4E776B534B65793A2530327825306E
:10E1600032782530327825303278253032782530B3
:10E1700032782530327825303278253032782530A3
:10E180003278253032782530327825303278253093
:10E19000327825303278253032780D0A00000000C0
:10E1A0000D0A417070534B65793A2530327825302D
:10E1B0003278253032782530327825303278253063
:10E1C0003278253032782530327825303278253053
:10E1D0003278253032782530327825303278253043
:10E1E000327825303278253032780D0A0000000070
:10E1F0004572726F72205B25645D203A20496E760D
:10E20000616C69642062616E64776964746820611E
:10E210006E64204F445220636F6D62696E61746951
:10E220006F6E20696E20416363656C204176657274
:10E230006167696E67206D6F64650D0A00000000FC
:10E2400060E2000800000020AC000000EC6800085C
:10E250000CE30008AC0000201C140000FC6800085F
:10E26000000000000000000000000000640000004A
:10E27000000000000000000000000000000000009E
:10E28000000000000000000000000000000000008E
:10E29000000000000000000000000000000000007E
:10E2A000000000000000000000000000000020004E
:10E2B00000000000083FBC00650000012D35C79636
:10E2C0003275D743B4E73BEA91681A3B4164647105
:10E2D0002D35C7963275D743B4E73BEA91681A3BB0
:10E2E0002D35C7963275D743B4E73BEA91681A3BA0
:10E2F000013224020A0213B30000000000000000F3
:0CE30000000000000000460000000000CB
:04000005080000D916
:00000001FF
