:020000040800F2
:10000000E8140020D90000082D4D0008DD33000859
:1000100000000000000000000000000000000000E0
:100020000000000000000000000000005D54000817
:100030000000000000000000314D00085F5400087F
:10004000EB000008EB000008E5520008EB00000898
:10005000EB00000811250008EB0000084925000806
:1000600000000000EB000008EB000008EB000008B7
:10007000EB000008EB00000800000000EB000008A7
:1000800000000000FD580008000000000000000013
:10009000EB00000800000000EB000008EB00000887
:1000A000EB000008EB000008EB000008EB00000884
:1000B000E159000891420008000000000000000023
:1000C0000448854600F036FC004800476D8C000867
:1000D000C046C046E8140020044880470448004752
:1000E000FEE7FEE7FEE7FEE7FEE7FEE7495600080B
:1000F000C100000830B50B46014600202022012433
:1001000009E00D46D5409D4205D31D469540491B4B
:100110002546954040191546521E002DF1DC30BD94
:1001200070B500242546002801DA01244042002948
:1001300001DA01254942FFF7DDFFAC4200D0404221
:10014000002C00D0494270BDF0B51FB40646002017
:1001500082B005464024019100901BE0019922469F
:100160000F46304600F0B4FA049A059B801A994174
:1001700010D310461946224600F09AFA361A8F41DB
:100180000197224601200021009F00F091FA3818C3
:100190004D4100902046641E0028DFDC019B009842
:1001A0002946324607B0F0BD38B50446C06818216C
:1001B000401E4843A16840183C21484361684018EC
:1001C0003C2148432168451860690C214843216956
:1001D00040186921C900401A3021FFF7A1FF114AD8
:1001E00050434219084600921A2902DB0E49511861
:1001F00000910C21FFF794FF0C4A5043009A80189D
:1002000000900B4806E0491E425C074B5A43009B96
:10021000D21800920029F6DC2146684600F084FAE4
:10022000009838BD801F8607805101008033E101AE
:100230005D96000803460B439B0703D009E008C9FD
:10024000121F08C0042AFAD203E00B780370401C86
:10025000491C521EF9D27047D2B201E00270401C14
:10026000491EFBD270470022F6E710B513460A4636
:1002700004461946FFF7F0FF204610BD30B505468D
:100280002A460B4610781C78521C5B1C002801D0B3
:10029000A042F7D0002C03D0002802D06D1CEFE75D
:1002A000284630BD421C0178401C0029FBD1801A31
:1002B000704730B504460020034600E05B1C9342C3
:1002C00003D2E05CCD5C401BF8D030BD70B5104D62
:1002D000002800D12868002414E00A4602E09E426B
:1002E00003D0521C1378002BF9D1DAB2224307D085
:1002F000002B06D0002C04D000210170401C04E02B
:100300000446401C0678002EE7D12860204670BDC8
:10031000C800002070B5064605F020FD04680546BB
:100320000A220021304600F039FA2C6070BD00002E
:10033000F0B507460846584087B0C00F0490480003
:100340000E46590040084908BC1A884105D2384673
:1003500031461E4617460B460246580040081043D9
:100360004DD0300D039040055900400D490D0590CA
:10037000401A0290402873DA18030121000B090586
:100380000843019004980092002806D01146019A73
:1003900049420020904100910190029840210A1AA0
:1003A0000199009800F084F905460C466B4607CB8E
:1003B00000F09FF9C0197141039A0E0D0023D71761
:1003C00056401A467A40164344D0049A002A2DD04B
:1003D000029A012A039A15DC1205C01A91410126DE
:1003E0003605001C7141D20F059ED2070093019281
:1003F00002962A46234600F016FA07B0F0BD3846AA
:100400003146FAE71605234A0F46B218C01AB7411B
:1004100001210905001C4F4100187F4111461818A1
:100420007941E20F10436D19644113E0E2076D0852
:1004300015436408C2071443039A01261205C01A23
:1004400091413605001C7141CE07400830434908F0
:10045000C01851412A46234600F0D8F9CDE7FFE7FE
:10046000049801224000C117121A00238B410498FE
:100470003146C417381AA141EEE730B40124E4072D
:10048000634030BC54E730B40124E407614030BC21
:100490004EE700000000E0FFF0B51FB488B00B99F4
:1004A0000998002448400999C00F4900490809915A
:1004B000C0070B990090490049080B9109990898C9
:1004C000A64608431CD00B990A98084318D00998EF
:1004D00001244000420D4800410D09982405000305
:1004E000000B204309900B980003000B20430B9056
:1004F00050181C494018002201901446104605E08F
:10050000002001460DB0F0BD032801DA034600E0EB
:1005100003239C46C11A0AAE0AE05F0008ADED5BFA
:100520004F00F75B7D430027AA187C41491C5B1EE6
:100530006145F2DD410004AB5A522104120C0A431A
:10054000240C401C0828DFDB0198029000997046BB
:1005500001910090059B049A0799069800F063F9B1
:10056000D0E700000DFCFFFFF0B50C465C4085B005
:10057000E40FE40703944C000026640859009446F5
:10058000490802460296224321D062460A431ED001
:100590006200570D4A000E032303550D0124024645
:1005A0002C492405781B1B0B360B4018234326438C
:1005B000614600901C46501AB44103D30098401C79
:1005C000009002E0921800985B41002803DA0020B6
:1005D000014605B0F0BD0020012109050746864609
:1005E00011E064461D46141BB54106D36546521BF7
:1005F000B341744607430C43A646CD07400849085B
:10060000284392185B4105460D43EAD11046184332
:1006100013D06046194650407140084306D06046EA
:10062000101AB34106D20122002306E00022012362
:10063000DB0702E00122D243531000987446010503
:10064000381C6141029C039D0019694100F0DEF8ED
:10065000BFE70000FD0300000EB50549029100212F
:1006600000910A460B46019100F0DDF803B000BD91
:10067000330400004A0009030123090B1B05194339
:10068000094B10B5520D9A4201DA002010BD064BFD
:1006900034339A4203DC9A1A00F01AF810BD034969
:1006A0005118884010BD0000FF030000CDFBFFFF84
:1006B00010B5202A04DB0146203A9140002010BDED
:1006C000914020239C1A0346E3401943904010BDFB
:1006D00010B5202A04DB0846203AD040002110BD86
:1006E0000B46D340D0402024A21A9140084319461B
:1006F00010BD10B5202A06DBCB170846203A104162
:10070000C1170B4306E00B461341D0402024A21A28
:1007100091400843194610BD10B5024900F004F895
:1007200010BD0000B80C002070B50C4600683C21DC
:10073000FFF7E0FC21603C21FFF7DCFC6160182141
:10074000FFF7D8FC0546A1600721001DFFF7D2FC8A
:10075000A1610F48A90008180E49FFF7CBFC02461B
:10076000443288086261E0613B2802D3910700D0DF
:10077000401C0021084B0A462161995C814203D844
:10078000401A521C2261F8E7401CE060204670BD10
:100790006C0B0000B505000069960008F7B5009CD9
:1007A0000F4600262578641C002D05D000F0D4F8F3
:1007B0000068405DC007F5D12B2D02D02D2D18D03B
:1007C000641E39462046029A00F0CAF8002F04D071
:1007D0003968A14201D100993960710502240029CC
:1007E0000BDA4042002803DD05F0B8FA0460A007E8
:1007F000FEBD012080020643E3E70028F8DA05F099
:10080000ADFA04600048FEBDFFFFFF7F10B5002B6E
:1008100008DA0024401C614192185B411A4301D15F
:100820004008400010BDF0B51FB482B005460C0072
:1008300003D0084605F058F902E005F055F92030DC
:100840000246009021462846FFF732FF049B059A96
:1008500004460F4618431143084314D0184610436A
:100860001BD0009840210A1A18460599FFF730FF5F
:1008700005460E46009A05990498FFF719FF0843AC
:1008800005D0012004E02046394607B0F0BD002025
:10089000C11705430E432C43374300990E98630557
:1008A000401A7905E40A00220C43FD0A0A3002D5F9
:1008B00000200146E9E70105101969410C9C0D9DD6
:1008C00000196941FFF7A2FFDFE700004A000903B2
:1008D0000123090B1B0519430A4B10B5520D9A420F
:1008E00002DA0020014610BD064B34339A4203DC85
:1008F0009A1AFFF7EDFE10BD034BD218FFF7D8FE92
:1009000010BD0000FF030000CDFBFFFF10B5002964
:1009100004DB0124E40740428C412146002B04DB28
:100920001C460123DB075242A341994200D1904269
:1009300010BD0000064C0125064E05E0E36807CC1B
:100940002B430C3C98471034B442F7D3FFF7BCFB61
:10095000809A0008A09A000800487047F89600089E
:10096000F7B582B0029C00272078641C15460197D9
:10097000302802D0002D15D015E020780127641C06
:10098000782804D0582802D0002D09D00BE0002D83
:1009900001D0102D07D1002710252078641C02E01B
:1009A000082500E00A250026009610E0009901279E
:1009B00069430818020C294680B2714300908E18D2
:1009C0003804864201D3012001902078641C294616
:1009D00000F019F80028E9DA0398002805D0002F64
:1009E00001D0641E00E0029C04600198002806D03B
:1009F00005F0B4F902210160C81E05B0F0BD0099F0
:100A000030040843F9E73A2800D230382023024660
:100A10009A43412A01D310463738884201D3002037
:100A2000C0437047F0B589B037480068401C36496C
:100A3000086009680A01501AFFF70EFE06460F46C5
:100A400032490968324A51430846FFF705FE044619
:100A50000022304BFFF717FD32463B4601910090D4
:100A6000FFF70BFD00222C4B03910290FFF714FDC2
:100A70000022284B05910490FFF776FD0791069020
:100A80000022264B07990698FFF752FC0446FFF711
:100A9000F1FD234908700846007822490978884208
:100AA0000AD01F4800781F4908701F4800790221AA
:100AB0008843801C1C4908711948007814280EDCF2
:100AC0001A48007800280AD10120184908701648F1
:100AD000007902218843801C1349087111E01348F2
:100AE000007800280DD00E480078192809DD002074
:100AF0000E4908700C48007902218843801C0A497D
:100B0000087109B0F0BD000010000020580000205E
:100B10003E03000080845E41000059400000E03F39
:100B2000000000200C000020D00000200100002068
:100B3000F7B582B00E46144600276420019007F0F6
:100B400057FE002809D13BA13CA002F049FC3DA082
:100B500002F046FC002005B0F0BD07F07BFE002847
:100B600008D134A135A002F03BFC3BA002F038FCD8
:100B70000020F0E7FF21F5313D48FFF774FB00202E
:100B80003C49C885029804F061F83BA004F05EF887
:100B9000374D3AA12046FFF771FB002805D13AA155
:100BA0002046FFF76BFB002800D0ED1D32E021A1AD
:100BB0002846FFF763FB002809D01EA11FA002F002
:100BC0000FFC34A0029902F00BFC0020C3E737A110
:100BD0002846FFF753FB002809D016A117A002F002
:100BE000FFFB35A0029902F0FBFB0020B3E7019860
:100BF0007843B04209DD37A110A002F0F1FB37A025
:100C0000029902F0EDFB0220A5E7019804F018F824
:100C1000781C87B221462846FFF730FB0028C6D053
:100C200035A106A002F0DCFB34A0029902F0D8FB4B
:100C3000012090E74552524F520000000A5B257395
:100C40005D0000004C6F526157414E204D6F64654E
:100C5000204552524F5221004C6F526157414E2055
:100C6000537461747573204552524F522100000035
:100C700002030020C80400200D0A00002B4C494E3E
:100C80004B20494E464F3A002B52544320494E4682
:100C90004F3A00002225732220617420636D642086
:100CA00065786563206572726F720000424144206E
:100CB0005041524D00000000222573222061742013
:100CC000636D642065786563206261642070617281
:100CD0006D0000005741524E000000002225732293
:100CE00020617420636D6420657865632074696D8C
:100CF000656F7574000000004C4F47002225732279
:100D000020617420636D642065786563207375636A
:100D10006365737300000000F0B587B000255FE0E5
:100D200031A2324932A0FFF703FF012852D133A18B
:100D300033A002F055FB34A13648FFF79FFA07466F
:100D4000394635A002F04CFB78213448FFF78BFA86
:100D50002DA13048FFF792FA0646002006900024A5
:100D600006AB2E4A2EA1304605F001FD0AE0611CBB
:100D700089002A4B5A582B4908190223012105F0F2
:100D80007FFC641C0699481E06900029EFD11BA128
:100D90001BA002F025FB23480B38807C21490B392E
:100DA000497C204A0B3A127C1E4B0B3BDB7B0193A8
:100DB0000292039104901B480B38807B00901948E5
:100DC0000B38437B027BC17A17A002F009FB01209C
:100DD00007B0F0BD681C85B27D20C00003F030FF75
:100DE000032D9DDB0020F3E74F4B0000DC050000E6
:100DF00041542B4150504555493F00004C4F47004E
:100E00000A5B25735D0000002B4150504555493A5F
:100E1000000000000203002025730000D00B00201A
:100E200020000000530C00204150504555493A2005
:100E30002530327820253032782025303278202530
:100E40003032782025303278202530327820253015
:100E50003278202530327800F0B58FB0002578E068
:100E60003EA23F493FA0FFF763FE01286BD140A19E
:100E700040A002F0B5FA41A14348FFF7FFF9074649
:100E8000394642A002F0ACFA78214148FFF7EBF96D
:100E90003AA13D48FFF7F2F9064600200E900024E3
:100EA0000EAB3B4A3BA1304605F061FC0AE0611CF9
:100EB0008900374B5A58384908190223012105F097
:100EC000DFFB641C0E99481E0E900029EFD128A16B
:100ED00028A002F085FA3048C07B2F49897B2E4A32
:100EE000527B2D4B133BDB7F09930A920B910C90A5
:100EF00029481338807F284913394A7F097F264BB8
:100F0000133BDB7E05930792069108902248133825
:100F1000827E407E20491339097E1F4B133BDB7DC7
:100F200001930492029103901B481338807D009036
:100F300019481338437D027DC17C184802F050FAED
:100F400001200FB0F0BD681C85B27D20C00003F009
:100F500077FE032D84DB0020F3E700004F4B0000F9
:100F6000DC05000041542B4150504B45593F0000D7
:100F70004C4F47000A5B25735D0000002B41505029
:100F80004B45593A00000000020300202573000081
:100F9000D00B0020200000005B0C002058970008B8
:100FA000F0B58FB0002571E03AA23B493BA0FFF7B6
:100FB000BFFD012864D13CA13CA002F011FA3DA183
:100FC0003F48FFF75BF9074639463EA002F008FAB2
:100FD00078213D48FFF747F936A13948FFF74EF928
:100FE000064600200E9000240EAB374A37A130464B
:100FF00005F0BDFB0AE0611C8900334B5A583449A7
:1010000008190223012105F03BFB641C0E99481EC0
:101010000E900029EFD124A124A002F0E1F92C4880
:10102000C07B2B49897B2A4A527B294B1B7B099326
:101030000A920B910C902648C07A2549897A244A55
:10104000527A234B1B7A0593069207910890204809
:10105000C17980791E4A52791D4B1B790193029206
:10106000049103901A48C078009019488378427818
:10107000C01FC179174802F0B3F901200FB0F0BDCD
:10108000681C85B27D20C00003F0DAFD032D8BDBE8
:101090000020F3E74F4B0000DC05000041542B41DA
:1010A0005050534B45593F004C4F47000A5B257346
:1010B0005D0000002B415050534B45593A00000051
:1010C0000203002025730000D00B00202000000048
:1010D0006F0C00200C98000870B500241BE010A2D3
:1010E000104911A0FFF724FD01280ED111A112A073
:1010F00002F076F912A11448FFF7C0F80546294618
:1011000012A002F06DF9012070BD601C84B27D2038
:10111000C00003F095FD032CE1DB0020F4E70000A4
:101120004F4B0000DC05000041542B42414E443F30
:10113000000000004C4F47000A5B25735D00000073
:101140002B42414E440000000203002025730000A2
:1011500070B500241BE010A2104911A0FFF7E8FCB5
:1011600001280ED111A112A002F03AF912A11448DF
:10117000FFF784F80546294612A002F031F9012054
:1011800070BD601C84B27D20C00003F059FD032CAB
:10119000E1DB0020F4E700004F4B0000DC0500001D
:1011A00041542B434C4153533F0000004C4F4700E8
:1011B0000A5B25735D0000002B434C4153533A00FA
:1011C000020300202573000070B500241BE010A26C
:1011D000104911A0FFF7ACFC01280ED111A112A0FB
:1011E00002F0FEF812A11548FFF748F80546294617
:1011F00013A002F0F5F8012070BD601C84B27D20C0
:10120000C00003F01DFD032CE1DB0020F4E700002B
:101210004F4B0000DC05000041542B434F4E464924
:10122000524D3F004C4F47000A5B25735D000000A4
:101230002B434F4E4649524D3A0000000203002016
:1012400025730000FEB500254DE029A229492AA0FA
:10125000FFF76EFC012840D12AA12BA002F0C0F8B4
:101260002BA12E48FFF70AF8074639462CA002F0BA
:10127000B7F878212B48FEF7F6FF25A12748FEF79F
:10128000FDFF064600200190002401AB254A26A15F
:10129000304605F06CFA0AE0611C8900214B5A586F
:1012A000224908190223012105F0EAF9641C019979
:1012B000481E01900029EFD112A113A002F090F86E
:1012C0001A48C0780090194883784278C01EC178C7
:1012D00017A002F085F80120FEBD681C85B27D20B4
:1012E000C00003F0ADFC032DAFDB0020F4E70000ED
:1012F0004F4B0000DC05000041542B44455641444F
:1013000044523F004C4F47000A5B25735D000000CC
:101310002B444556414444523A0000000203002049
:1013200025730000D00B0020200000006B0C002073
:10133000444556414444523A2025303278202530E5
:1013400032782025303278202530327800000000B5
:10135000F0B587B000255FE031A2344934A0FFF733
:10136000E7FB012852D135A135A002F039F82CA1B4
:101370003548FEF783FF0746394634A002F030F8BF
:1013800078213348FEF76FFF25A12F48FEF776FF3F
:10139000064600200690002406AB2D4A2DA13046BB
:1013A00005F0E5F90AE0611C8900294B5A582A49E1
:1013B00008190223012105F063F9641C0699481EEF
:1013C00006900029EFD11DA11DA002F009F82248C6
:1013D000C01E807A2049C91E497A1F4AD21E127A3D
:1013E0001D4BDB1EDB7901930292039104901A4896
:1013F000C01E807900901848C01E43790279C178D8
:1014000016A001F0EDFF012007B0F0BD681C85B209
:101410007D20C00003F014FC032D9DDB0020F3E7CA
:101420002B4445564555493A00000000DC050000B4
:1014300041542B4445564555493F00004C4F470009
:101440000A5B25735D000000020300202573000085
:10145000D00B0020200000004B0C00204465764596
:1014600055493A20253032782025303278202530F1
:1014700032782025303278202530327820253032DD
:1014800078202530327820253032780070B500245D
:101490001BE010A2104911A0FFF74AFB01280ED152
:1014A00012A113A001F09CFF13A11648FEF7E6FE5F
:1014B0000546294614A001F093FF012070BD601C71
:1014C00084B27D20C00003F0BBFB032CE1DB0020D5
:1014D000F4E700004F4B0000DC05000041542B44B2
:1014E000415441524154453F000000004C4F4700D9
:1014F0000A5B25735D0000002B4441544152415466
:10150000453A0000020300202573000070B5002456
:101510001BE010A2104911A0FFF70AFB01280ED111
:1015200011A112A001F05CFF12A11448FEF7A6FE63
:101530000546294612A001F053FF012070BD601C32
:1015400084B27D20C00003F07BFB032CE1DB002094
:10155000F4E700004F4B0000DC05000041542B462F
:101560005245513F000000004C4F47000A5B257375
:101570005D0000002B465245513A00000203002056
:1015800025730000F0B58FB0002571E03AA23B4909
:101590003BA0FFF7CDFA012864D13CA13CA001F0AB
:1015A0001FFF3DA13F48FEF769FE074639463EA0B2
:1015B00001F016FF78213D48FEF755FE36A1394867
:1015C000FEF75CFE064600200E9000240EAB374A64
:1015D00037A1304605F0CBF80AE0611C8900334B97
:1015E0005A58344908190223012105F049F8641CAE
:1015F0000E99481E0E900029EFD124A124A001F0DD
:10160000EFFE2C48C07B2B49897B2A4A527B294B11
:101610001B7B09930A920B910C902648C07A2549AE
:10162000897A244A527A234B1B7A059306920791B2
:1016300008902048C17980791E4A52791D4B1B7948
:1016400001930292049103901A48C07800901948BF
:10165000837842781738C17D174801F0C1FE012018
:101660000FB0F0BD681C85B27D20C00003F0E8FA21
:10167000032D8BDB0020F3E74F4B0000DC0500005F
:1016800041542B4E574B534B45593F004C4F47004D
:101690000A5B25735D0000002B4E574B534B455999
:1016A0003A0000000203002025730000D00B002048
:1016B000200000007F0C0020B097000870B50024C7
:1016C0001BE010A2104911A0FFF732FA01280ED139
:1016D00011A112A001F084FE12A11448FEF7CEFD64
:1016E0000546294612A001F07BFE012070BD601C5A
:1016F00084B27D20C00003F0A3FA032CE1DB0020BC
:10170000F4E700004F4B0000DC05000041542B5073
:101710004F52543F000000004C4F47000A5B2573B6
:101720005D0000002B504F52543A0000020300208D
:101730002573000070B500241BE010A2104911A011
:10174000FFF7F6F901280ED110A111A001F048FE13
:1017500011A11348FEF792FD0546294611A001F09C
:101760003FFE012070BD601C84B27D20C00003F0EC
:1017700067FA032CE1DB0020F4E700004F4B000088
:10178000DC05000041542B5258323F004C4F4700BB
:101790000A5B25735D0000002B5258323A000000AE
:1017A000020300202573000070B500241BE010A286
:1017B000114912A0FFF7BCF901280ED111A112A006
:1017C00001F00EFE0AA11248FEF758FD0546294613
:1017D00010A001F005FE012070BD601C84B27D20C8
:1017E000C00003F02DFA032CE1DB0020F4E7000039
:1017F0002B56455200000000DC05000041542B56DA
:1018000045523F004C4F47000A5B25735D000000C6
:10181000020300202573000010B5002419E00FA278
:101820000F4910A0FFF784F901280CD11048007867
:10183000400840000E49087000BF06F0B7FF0028BE
:10184000FBD0012010BD601C84B27D20C00003F0DD
:10185000F7F9032CE3DB0020F4E700004F4B000016
:10186000DC05000041542B464143544F52590000BF
:10187000480C002010B500240DE009A209490AA077
:10188000FFF756F9012800D110BD601C84B27D20FD
:10189000C00003F0D5F9032CEFDB0020F4E70000D3
:1018A0004F4B0000DC05000041542B5341564500CE
:1018B00010B590B00024242218A107A8FEF7BAFCA6
:1018C0001F48807C1E49497C1D4A127C1C4BDB7BD7
:1018D00002930392049105901948807B1849497B33
:1018E000009101901648037BC27A16A107A804F064
:1018F000D5F80EE020A2214907A8FFF719F9012821
:1019000001D110B010BD601C84B27D20C00003F076
:1019100097F9032CEEDB0020F3E7000041542B4144
:1019200050504555493D20464620464620464520D4
:101930003030203030203030203030203031000046
:10194000480C002041542B4150504555493D20251D
:1019500030327820253032782025303278202530FA
:1019600032782025303278202530327820253032E8
:1019700078202530327800004F4B0000DC05000055
:1019800010B59EB00024402227A10EA8FEF752FCFD
:101990003548C07B3449897B334A527B324B133BF9
:1019A000DB7F0A930B920C910D902F481338827FA6
:1019B000417F007F2C4B133BDB7E069307AB07C3B5
:1019C00029481338807E28491339497E264A133A1C
:1019D000127E254B133BDB7D02930392049105900D
:1019E00021481338807D20491339497D00910190A9
:1019F0001D481338037DC27C1C490EA804F04EF824
:101A00000EE01BA21B490EA8FFF792F8012801D196
:101A10001EB010BD601C84B27D20C00003F010F920
:101A2000032CEEDB0020F3E741542B4150504B4593
:101A3000593D203242203745203135203136203281
:101A4000382041452044322041362041422046374B
:101A50002031352038382030392043462034462084
:101A600033432C30000000005B0C0020D4990008A8
:101A70004F4B0000DC0500003EB5044600250EA2D9
:101A800007CA6B4607C322460EA1684604F006F853
:101A90000DE00FA20F496846FFF74AF8012800D170
:101AA0003EBD681C85B27D20C00003F0C9F8032D3F
:101AB000EFDB0020F4E7000041542B434C4153532B
:101AC0003D30000041542B434C4153533D256400AD
:101AD0004F4B0000DC0500007FB504460D46002694
:101AE0000FA30FCB03936B4607C32B46224610A1CF
:101AF000684603F0D3FF0EE012A213496846FFF7D1
:101B000017F8012801D104B070BD701C86B27D2089
:101B1000C00003F095F8032EEEDB0020F3E7000091
:101B200041542B434F4E4649524D3D312C3300001A
:101B300041542B434F4E4649524D3D25642C25645C
:101B4000000000004F4B0000DC05000010B58CB019
:101B500000242C220BA101A8FEF76CFB0EE014A2BE
:101B6000144901A8FEF7E4FF012801D10CB010BD13
:101B7000601C84B27D20C00003F062F8032CEEDB11
:101B80000020F3E741542B465245513D322C332C73
:101B90003836353036323530302C38363534303210
:101BA0003530302C3836353938353030300000009B
:101BB0004F4B0000DC05000010B5002416E00DA21C
:101BC0000D490EA0FEF7B4FF012809D1FF21F53120
:101BD0000F48FEF748FB00200E49C885012010BDC4
:101BE000601C84B27D20C00003F02AF8032CE6DBE1
:101BF0000020F4E74F4B0000DC05000041542B4A65
:101C00004F494E3D312C312C31322C313000000007
:101C100002030020C804002010B500240DE009A232
:101C200009490AA0FEF784FF012800D110BD601CFD
:101C300084B27D20C00003F003F8032CEFDB00200A
:101C4000F4E700004F4B0000DC05000041542B4F2F
:101C50005441413D312C30003EB5044600250EA2D2
:101C600007CA6B4607C322460EA1684603F016FF5B
:101C70000DE010A210496846FEF75AFF012800D176
:101C80003EBD681C85B27D20C00002F0D9FF032D47
:101C9000EFDB0020F4E7000041542B504F52543D3D
:101CA0003230000041542B504F52543D2530327891
:101CB000000000004F4B0000DC05000070B586B04E
:101CC00004460D46002614220EA101A8FEF7B2FA22
:101CD0002B46224610A101A803F0E0FE0EE012A25E
:101CE000124901A8FEF724FF012801D106B070BDFA
:101CF000701C86B27D20C00002F0A2FF032EEEDB36
:101D00000020F3E741542B5258323D302C383639FD
:101D1000353235303030000041542B5258323D2599
:101D2000642C2564000000004F4B0000DC0500001F
:101D300010B58CB0182106A8FEF795FA1821684650
:101D4000FEF791FA0120800401F086FB022001F0E9
:101D500025FD0120800200900220019003200290C6
:101D60000020039001200490042005906946334828
:101D700001F062FC0120C0020090022001900320CB
:101D800002900020039001200490042005906946F1
:101D90002A4801F051FC00211D2003F067FF1D209F
:101DA00003F0E0FE4B20C001069000200790089051
:101DB00009900C200A9000200B9006A9204801F001
:101DC00031FD1F4801F01CFD00BF00BF00BF03F044
:101DD000C9FF0446012003F0D7FF19480068FF211E
:101DE0000131084316490860204603F0CDFF00BFCB
:101DF00000BF00BF01201349086200BF104801F076
:101E0000FFFC00BF0E480068012108430C49086030
:101E100000BF00BF00BF0A48C06901214905084052
:101E2000400D0028F6D000BF0548C06949000840B1
:101E3000800D0028EED00CB010BD00000004005052
:101E4000004800400038014000B589B000200790EC
:101E50000890182101A8FEF706FA0520000701F0F6
:101E6000A9FB7B4801F0A6FB7A4801F0A3FB012007
:101E700001F086FC022001F083FC4021744801F04F
:101E80005BFC2021724801F057FC1021704801F0E2
:101E900053FC08216E4801F04FFC402001900120C6
:101EA0000290002003900490059001A9684801F079
:101EB000C3FB2020019001A9654801F0BDFB102063
:101EC000019001A9624801F0B7FB0820019001A927
:101ED0005F4801F0B1FB012189035D4801F02EFC50
:101EE000FF2101310520000701F028FC0121090331
:101EF0000520000701F022FC012080030190012051
:101F000002900320039000200490059001A95048FE
:101F100001F092FBFF200130019001A9052000078C
:101F200001F08AFB01200003019001A905200007B0
:101F300001F082FB0120C003019000200290059077
:101F400001A9434801F078FB0120C002019001A9DA
:101F50000520000701F070FB0021084602F0C2F8DE
:101F6000002201210520000701F0F7FB00220121DA
:101F70000520000701F0E4FB01200790012108A8DB
:101F80000170002141700121817007A801F0A8FAB9
:101F90003149002002F0A6F83049002002F0A2F8F2
:101FA000012240210520000701F0D7FB01228021FA
:101FB0000520000701F0D1FB002240210520000789
:101FC00001F0BEFB002280210520000701F0B8FBD4
:101FD00040200790012108A80170002141700121D3
:101FE000817007A801F07CFA8020079007A801F013
:101FF00077FA0021072003F0C1FD0720002815DB38
:10200000C206D20E01219140154A116000BF00BFE7
:1020100000BFBFF34F8F00BF00BF00BF00BF00BFB6
:1020200000BFBFF36F8F00BF00BF00BF00BF002124
:10203000052003F0A3FD0520002806DBC206D20E12
:1020400001219140064A803A116000BF09B000BDED
:1020500000040050000800500100080001000C00BE
:1020600080E100E010B58EB01C2107A8FEF7FBF858
:10207000182101A8FEF7F7F80120400401F0ECF95F
:10208000012001F08BFB042001900220029003202C
:10209000039000200490012005900420069001A9DF
:1020A0000520000701F0C8FA0820019002200290E4
:1020B0000320039000200490012005900420069046
:1020C00001A90520000701F0B7FA00211C2003F048
:1020D000CDFD1C2003F046FDE120400207900020CA
:1020E000089009900A900C200B9000200C900D9005
:1020F00007A9254802F052F800BF2348406809218B
:10210000C902884320494860084680682A218843DC
:102110001D49886000BF00BF0846006801210843D0
:102120001949086000BF00BF00BF00BF03F01AFEDE
:102130000446012003F028FE1348006820210843CC
:1021400011490860204603F01FFE00BF00BF00BF1A
:1021500000BF00BF03F006FE0446012003F014FE9A
:1021600009480068FF2101310843074908602046FB
:1021700003F00AFE00BF00BF00BF01200249086251
:1021800000BF0EB010BD000000440040F8B5054689
:102190000E461746294608A001F022F9002404E063
:1021A000315D0BA001F01CF9641CBC42F8DB0AA0F5
:1021B00001F016F9F8BD00000A55617274204461FF
:1021C0007461205B25735D3A2025642C200000009B
:1021D00020253032780000000A00000010B52C489D
:1021E00000798007C00F00281ED0294800790221FD
:1021F000884327490871DC212648FEF734F8254931
:10220000032006F073FF244908700122234806F0DA
:10221000C1FC214802781F49204806F0BBFC204839
:102220000078401C1E490870194800794007C00F0B
:1022300000281ED0164800790421884314490871EB
:10224000DC211448FEF70FF81249832006F04EFFF8
:10225000114908700122114806F09CFC0E480278D2
:102260000C490E4806F096FC0D480078401C0C49BD
:102270000870074840794007C00F002807D004487D
:102280004079042188430249487107F065F810BD80
:10229000D0000020C00800203D000020A40800203D
:1022A0003C00002010B53E48008F002874D13D4806
:1022B0000078C007C00F00286ED03B480078002887
:1022C00044D0002136488186FF21F531FF38C138DE
:1022D000FDF7C9FFDC213548FDF7C5FF334C23E08E
:1022E00001223349334806F0BFFB314802782146CA
:1022F000304806F0B9FB2A48808E2D4909784018ED
:10230000642810DA2A480078241827480078401EEC
:10231000254908702248808E25490978401881B2E5
:102320001F48818600E003E01F4800780028D7D1CD
:1023300000BF06F075FD00201B490870E6211E480D
:10234000FDF791FF1B4806F0EFFB25E01B480079E5
:102350000007C00F00280BD01848007908218843D7
:102360001649087100F030F815490D48018713E04F
:10237000124800794006C00F00280DD00F480079A0
:10238000402188430D49087100200E49086000F083
:102390003DF80B4902480187FFF720FF10BD000000
:1023A000C8020020480C00203C000020C00800208B
:1023B0003D000020A4080020BC070020D000002021
:1023C000881300005C00002010B50D4CDC21204675
:1023D000FDF749FF00210B4881862146072006F0C2
:1023E00085FE094908700846007824180548808E43
:1023F0000978401881B20348818606F011FD10BDAE
:10240000C0080020C80200203D00002010B53D4C4F
:10241000DC212046FDF727FF00213B48818621462D
:10242000012006F063FE3949087008460078241838
:102430003548808E0978401881B23348818621461C
:10244000032006F053FE314908700846007824182E
:102450002D48808E0978401881B22B48818621460C
:10246000862006F043FE29490870084600782418A3
:102470002548808E0978401881B2234881862146FC
:10248000042006F033FE214908700846007824181D
:102490001D48808E0978401881B21B4881862146EC
:1024A000052006F023FE1949087008460078241814
:1024B0001548808E0978401881B2134881862146DC
:1024C000062006F013FE114908700846007824180B
:1024D0000D48808E0978401881B20B4881862146CC
:1024E000832006F003FE0949087008460078241886
:1024F0000548808E0978401881B20348818606F02D
:102500008FFC10BDC0080020C80200203D00002044
:1025100010B5012001F042F800280DD0012000F094
:10252000A9FF06480078002806D10121044801745B
:10253000044803492039886110BD00003E00002096
:10254000F000002060EA000010B5402001F026F8FD
:1025500000280DD0402000F08DFF0F48808D7D2198
:10256000C900884204DA0C48808D401C0A498885DD
:10257000802001F013F800280DD0802000F07AFFB1
:102580000548C08D7D21C900884204DA0248C08D0B
:10259000401C0149C88510BDD000002000210A4A16
:1025A00051610A494968012252021143074A5160A8
:1025B0001146496808221143044A51600021C209AA
:1025C000D201116070470000A00C002000200240E2
:1025D000F0B589B024216846FDF745FE3A4F09223F
:1025E0006946384600F094F96C460025374E284677
:1025F0006D1C80002158304606F0A0FF361D28468D
:102600006D1C80002158304606F098FF361D284684
:102610006D1C80002158304606F090FF361D28467C
:102620006D1C80002158304606F088FF361D284674
:102630006D1C80002158304606F080FF361D28466C
:102640006D1C80002158304606F078FF361D284664
:102650006D1C80002158304606F070FF361D28465C
:102660006D1C80002158304606F068FF361DA8001A
:102670002158304606F062FF30462338C0780028E3
:1026800004D030462338C078FF281AD10F48C01E26
:10269000C079002804D00D48C01EC079FF2810D191
:1026A00004220B490948FDF7C5FD102209490748D6
:1026B000001DFDF7BFFD1022074904481430FDF747
:1026C000B9FD09B0F0BD000000C800086B0C002087
:1026D0009400002098000020A8000020F0B589B0E8
:1026E000202101A8FDF7BFFD334F082201A938467C
:1026F00000F00EF901AC0025304E28466D1C80001C
:102700002158304606F01AFF361D28466D1C800001
:102710002158304606F012FF361D28466D1C8000F9
:102720002158304606F00AFF361D28466D1C8000F1
:102730002158304606F002FF361D28466D1C8000E9
:102740002158304606F0FAFE361D28466D1C8000E2
:102750002158304606F0F2FE361D28466D1C8000DA
:102760002158304606F0EAFE361DA80021583046B2
:1027700006F0E4FE30461F38C07A002804D0304608
:102780001F38C07AFF2815D10C48C01EC07C002815
:1027900004D00A48C01EC07CFF280BD11022084973
:1027A00006481030FDF746FD082206490348083068
:1027B000FDF740FD09B0F0BD00C400084B0C00203F
:1027C000840000207C00002038B5104C01226946AE
:1027D000204600F09DF80E490098888108468089BF
:1027E0002D214901884203DC09488089012802DA49
:1027F0001E200749888107A108A000F0F1FD0448C8
:10280000818908A000F0ECFD38BD000000D8000868
:10281000D0000020464C4153480000000A5B25735D
:102820005D0000005265616420466C61736820445D
:102830006576696365205265706F727420495249EC
:102840006E74657276616C203A2025646D696E0045
:102850001CB5194C02226946204600F059F8174968
:10286000009848700198887008464078FE2803DC7C
:1028700008464078012802DA0A20104948700F48BB
:102880008078002806D00D488078022802D00020E9
:102890000A4988700AA10CA000F0A2FD07488078C0
:1028A000002801D00AA000E00BA0024603484178AE
:1028B0000BA000F095FD1CBD00CC0008480C0020CA
:1028C000464C4153480000000A5B25735D00000040
:1028D000436C617373204300436C61737320410048
:1028E0005265616420466C61736820446576696353
:1028F00065204C6F526157414E20506F72743A20E0
:1029000025642C20436C6173733A2025730000000A
:1029100070B503461C46002004E0256886008D51F2
:10292000241D401C9042F8DB70BD000010B517A0BC
:1029300000F056FD25A000F053FD34A000F050FD3E
:102940000922012141A000F04BFD00F0F1F800F058
:10295000A5F8FFF739FF00F029F9FFF7BFFEFFF7F1
:1029600037FEFFF775FF00F061F9484800798021D4
:10297000884346490871642045490870012145484B
:10298000017200204449087010BD00000A2A2A2A5A
:102990002A2A2A2A2A2A2A2A2A2A2A2A2A2A2A2A97
:1029A0002A2A2A2A2A2A2A2A2A2A2A2A2A2A2A2A87
:1029B0002A2A2A2A2A2A2A2A2A2A2A2A2A2A2A2A77
:1029C0002A2A2A2A2A2A2A2A2A0A00002A2A2A2ADB
:1029D0002A2A2A2A2A2A2A2A2A2A2A2A2A2A2A2A57
:1029E0002A2A2A2A2A2A2A2A2A2A2A2A2A2A2A2A47
:1029F0002A2A2A2A2A2A2A2A2A2A2A2A2A2A2A2A37
:102A00002A2A2A2A2A2A2A2A0A0000002A2A2A2AC4
:102A10002A2A2A2A2A2A2A2A2A2A2A2A20484B54B7
:102A2000203A2050656F706C6520436F756E746539
:102A3000722053656E736F72202A2A2A2A2A2A2A44
:102A40002A2A2A2A2A2A2A2A0A0000002A2A2A2A84
:102A50002A2A2A2A2048415244574152455F564566
:102A6000523A20307825303278202C534F46545734
:102A70004152455F5645523A203078253032782011
:102A80002A2A2A2A2A2A2A2A0A000000D0000020FC
:102A900000000020880C00203E00002038B5134CB8
:102AA000012269462046FFF733FF1149009848810B
:102AB00000980A2804D32D2149010098884202D9A0
:102AC0000098002803D10A490098488103E0FF20BC
:102AD000E1300749488107A108A000F081FC0448C3
:102AE000418908A000F07CFC38BD000000D400083B
:102AF000D0000020464C4153480000000A5B25737B
:102B00005D0000005265616420466C61736820447A
:102B10006576696365205265706F727420496E74C2
:102B2000657276616C203A2025646D696E00000044
:102B300038B50F4C012269462046FFF7E9FE0D49E2
:102B40000098887108468079072803DC0846807958
:102B5000012802DA01200749887107A108A000F0C6
:102B60003FFC0448817908A000F03AFC38BD000021
:102B700000D00008D0000020464C4153480000001F
:102B80000A5B25735D0000005265616420466C613C
:102B9000736820446576696365205265706F72744E
:102BA000204D6F6465203A202564000038B50F4C35
:102BB000012269462046FFF7ABFE0D490098C88107
:102BC0000846C0890B49884203DC0948C0890128AE
:102BD00002DA64200649C88107A109A000F000FCC0
:102BE0000348C18908A000F0FBFB38BD00DC0008E9
:102BF000D000002010270000464C41534800000040
:102C00000A5B25735D0000005265616420466C61BB
:102C1000736820446576696365205265706F7274CD
:102C200020436F756E74203A202564003EB5104C29
:102C3000032269462046FFF76BFE0E490098087292
:102C40000846007A012811D1029AD1B2019AD0B275
:102C500006F0FAF908A10AA000F0C2FB0A4843797D
:102C600002790448017A09A000F0BAFB3EBD0000D9
:102C700000E40008D0000020464C4153480000000A
:102C80000A5B25735D000000BC0B00205265616487
:102C900020466C6173682054696D65204576656EC9
:102CA00074203A202564202C416C6D6154696D6557
:102CB0003A20253032643A253032640010B50120C4
:102CC00008498871FF20E13048811E2088816420F6
:102CD000C88100F043FA00F01DFA00F0ADF900F0F1
:102CE00061FA10BDD0000020002039498969FF2217
:102CF00001321140914208D13649496902221143FB
:102D0000344A5161FF210131084331498969012267
:102D100052021140914208D12E49496901221143C2
:102D20002C4A51610121490208432949896901223C
:102D300092021140914208D1264949690822114363
:102D4000244A5161012189020843214989690122EC
:102D5000D2021140914208D11E494969042211430F
:102D60001C4A51610121C90208431949896901229C
:102D700052031140914208D116494969102211436A
:102D8000144A51610121490308431149896901220B
:102D900052041140914207D10E4949692022114342
:102DA0000C4A516120210843094989690122120412
:102DB0001140914208D10749496940221143054A0F
:102DC00051610121090408430149886170470000ED
:102DD00000200240A00C002070B5044605F0B2FDB2
:102DE00005460BE0601C002808D0002C04D005F03C
:102DF000A9FD401BA04201D9032070BD1F48806976
:102E0000C007C00F0028EDD11C488069022108408E
:102E1000022801D11949886118488069FF210131D0
:102E20000840884223D015488069490008408842FC
:102E30001DD01248806949000840884217D00F48C9
:102E4000806949000840884211D00C488069890097
:102E5000084088420BD0094880690901084088422F
:102E600005D00648806949100840884203D1FFF721
:102E70003BFF0120C1E70020BFE700000020024027
:102E8000F0B58FB000200E9032480D90002724211D
:102E900004A8FDF7E8F9304C002610E0207805067C
:102EA000607800044519A07800024519E0784519BA
:102EB000241D38467F1C800004A90D50361D042EA9
:102EC000ECD3254C241D002610E020780506607800
:102ED00000044519A07800024519E0784519241D21
:102EE00038467F1C800004A90D50361D102EECD3EF
:102EF000194C1434002610E0207805066078000490
:102F00004519A07800024519E0784519241D384676
:102F10007F1C800004A90D50361D102EECD300F04C
:102F200017FA002000900D9801900120029000BF38
:102F300003A9684600F08EF90028F9D1092204A9F6
:102F40000D9800F0C5F80E9000F0CAF90E980FB079
:102F5000F0BD000000C800086B0C0020F0B58FB079
:102F600000200E9032480D900027202105A8FDF783
:102F70007AF9304C002610E02078050660780004CD
:102F80004519A07800024519E0784519241D3846F6
:102F90007F1C800005A90D50361D082EECD3254C52
:102FA0000834002610E020780506607800044519F2
:102FB000A07800024519E0784519241D38467F1C89
:102FC000800005A90D50361D082EECD3194C103485
:102FD000002610E020780506607800044519A078E6
:102FE00000024519E0784519241D38467F1C8000F1
:102FF00005A90D50361D102EECD300F0A9F90020C4
:1030000001900D9802900120039000BF04A901A82F
:1030100000F020F90028F9D1082205A90D9800F048
:1030200057F80E9000F05CF90E980FB0F0BD00005C
:1030300000C400084B0C002030B585B000250E4CB4
:103040000E488089049000F083F9002000900194DC
:103050000120029000BF03A9684600F0FBF8002899
:10306000F9D1012204A9204600F032F8054600F00B
:1030700037F9284605B030BD00D80008D000002040
:1030800030B587B00025104C1048407805900F48A7
:103090008078069000F05CF90020019002940120F5
:1030A000039000BF04A901A800F0D4F80028F9D1CA
:1030B000022205A9204600F00BF8054600F010F9A1
:1030C000284607B030BD000000CC0008480C0020A6
:1030D000F7B582B007460D46002001903E46002419
:1030E00013E0A0002A583146022000F009F90190AF
:1030F0000198002804D13068A1006958884202D0A4
:10310000012005B0F0BD361D641C04988442E8DB44
:103110000020F6E730B585B000250E4C0E484089FA
:10312000049000F015F90020009001940120029015
:1031300000BF03A9684600F08DF80028F9D10122EC
:1031400004A92046FFF7C4FF054600F0C9F8284649
:1031500005B030BD00D40008D000002030B585B0E7
:1031600000250E4C0E488079049000F0F1F8002004
:10317000009001940120029000BF03A9684600F06E
:1031800069F80028F9D1012204A92046FFF7A0FF21
:10319000054600F0A5F8284605B030BD00D000086F
:1031A000D000002030B585B000250E4C0E48C089F7
:1031B000049000F0CDF800200090019401200290CE
:1031C00000BF03A9684600F045F80028F9D10122A4
:1031D00004A92046FFF77CFF054600F081F8284649
:1031E00005B030BD00DC0008D000002030B587B04D
:1031F0000025154C1548007A04901448007A0128DF
:1032000006D113480079059011484079069002E0F4
:1032100000200590069000F09BF80020009001949B
:103220000120029000BF03A9684600F013F80028AF
:10323000F9D1032204A92046FFF74AFF054600F012
:103240004FF8284607B030BD00E40008D000002049
:10325000BC0B0020F8B504460E460127002500BF30
:103260001C48007C012801D10220F8BD0120194929
:10327000087400BF1848FFF7AFFD0746002F22D1A2
:10328000401E3060656817E02846FFF787F912484E
:10329000FFF7A2FD074611484068082188430F49FF
:1032A000486008464068491588430C494860002F2B
:1032B00001D0356006E08035A068C0016168401823
:1032C000A842E1D800BF00BF00200249087400BF37
:1032D0003846CAE7A00C002050C30000002002407E
:1032E000064840680221084304494860084640688F
:1032F0000121084301494860002070470020024036
:10330000F8B507460C461546012600BF0E48007C5E
:10331000012801D10220F8BD01200B49087400BF2B
:103320000A48FFF759FD0646002E06D106494861B6
:1033300025600648FFF750FD064600BF0020024901
:10334000087400BF3046E6E7A00C002050C3000020
:103350001D484068C007C00F002816D000BFEFF31B
:103360001080014600BF72B61848174AD06018484E
:10337000D06000BF81F3108800BF10464068C007CE
:10338000C00F002801D0012070470F48406802227A
:103390001040022815D100BFEFF31080014672B62D
:1033A0000C48094A10610C481061084680F31088E7
:1033B00000BF1046406802221040022801D10120BF
:1033C000E2E70020E0E7000000200240EFCDAB89FB
:1033D00005040302BFAE9D8C1615141300BFFEE753
:1033E0000FB438B50498002804D00498FCF75AFFAD
:1033F000002803D138BC08BC04B0184705A80090C9
:103400000748009A049902F05DFB054600200090F1
:10341000034CA9B2204600F005F800BFEAE700001F
:10342000C805002070B500231A4604460FE0154673
:10343000561CB2B2635D074DAB6200BF00BF00BF58
:10344000044BDB6940252B409B09002BF7D08A42B7
:10345000EDDB70BD0044004008B50549896B0143B0
:10346000034A91631146896B0140009100BF08BD7A
:10347000001002400149486170470000000401400B
:10348000024949688143014A516070470004014084
:10349000024909688143014A1160704700040140F4
:1034A000024949680143014A5160704700040140E4
:1034B0000249C9680143014AD160704700040140D4
:1034C000024909680143014A116070470004014044
:1034D000024989680143014A916070470004014034
:1034E00070B504460025207900284DD020680028BA
:1034F00050D06079002804D0012809D0022815D1C5
:103500000DE02068FFF7BCFF2068FFF7D9FF0FE050
:103510002068FFF7BDFF2068FFF7C2FF08E02068C2
:10352000FFF7CEFF2068FFF7BBFF01E0012500BFDA
:1035300000BFA07900282DD0A079012804D002284E
:103540000DD003281DD115E020681349C9688143B7
:10355000114AD16000BF2068FFF7BAFF13E020686E
:103560000D49896881430C4A916000BF2068FFF7CC
:103570009FFF08E02068FFF7ABFF2068FFF798FF88
:1035800001E0012500BF05E02068FFF781FF20680A
:10359000FFF776FF284670BD00040140014604484D
:1035A00040690840884201D1012070470020FCE7B3
:1035B0000004014070B50446002505200007844240
:1035C00006D1012000F0F8F8012000F0FDF828E015
:1035D0001548844206D1022000F0EEF8022000F0E7
:1035E000F3F81EE01148844206D1042000F0E4F80C
:1035F000042000F0E9F814E00D48844206D10820C8
:1036000000F0DAF8082000F0DFF80AE00948844208
:1036100006D1802000F0D0F8802000F0D5F800E03E
:103620000125284670BD000000040050000800502D
:10363000000C0050001C0050F0B502460B4600265E
:1036400000216CE00124B4401868204001460029A4
:1036500064D05868012802D05868022816D19868AA
:1036600094680D464D436F00ED19AC430D464D4334
:1036700045432C43946000BFDC6818685568854357
:10368000074667433D43556000BF00BF1869D468D3
:103690000D464D436F00ED19AC430D464D43454378
:1036A0002C43D46000BF5868022829D1FF2911D8C3
:1036B0005869146A0D464D434D434D432F017D1B00
:1036C000AC430D464D434D434D4345432C4314629B
:1036D00000BF15E05F69080A40430C0A60430C0A0A
:1036E00060430401241A506AA0430C0A64430D0A83
:1036F0006C430D0A6C437C432043506200BF00BF03
:10370000586814680D464D436F00ED19AC430D46E3
:103710004D4345432C43146000BF00BF761C18681E
:10372000F04000288ED1F0BD024610690840704775
:103730000246506908407047816270478161704756
:1037400030B503680C464C4365006419A3430C462E
:103750004C4354432343036030BD30B5C3680C462B
:103760004C4365006419A3430C464C435443234324
:10377000C36030BD002A01D0816100E081627047E2
:1037800008B50549C96A0143034AD1621146C96AAD
:103790000140009100BF08BD0010024008B5054976
:1037A000C96A0143034AD1621146C96A01400091C6
:1037B00000BF08BD001002400249C9690143014A27
:1037C000D1617047001002400249C9698143014A32
:1037D000D16170470010024070B504467D25ED00B0
:1037E00029462046FCF786FC401E0449486100201B
:1037F00088610520086100BF70BD000000E000E0A6
:1038000070B5044600BF02F0ADFA0546012002F093
:10381000BBFA2068202108432060284602F0B4FA51
:1038200000BF70BDF0B585B004460D460120039081
:1038300000BF2068C007C00F012148404840002851
:103840003AD1E968686808432969084321681C4A35
:10385000114008432060A868616803221203914365
:103860000143616000BF6869A1681211914301437F
:10387000A16000BF900000F03BF80746002F1BD06E
:103880002868002818D00020039002972E68002E88
:1038900010D0FF210131029802F03DF97208002397
:1038A00080185941324601910090FCF74DFC0549C2
:1038B0000840E06000BF00BF039805B0F0BD000005
:1038C000F3E9FFEFFFFF0F0003480068FF2101311C
:1038D00008430149086070470070004003480069D0
:1038E00001218904084301490861704740100240E2
:1038F000F8B50446002500BF1948C06820400028DC
:1039000020D001218902401A04D0401A06D0401A62
:1039100017D10FE001F078FC05461DE000F0A6F895
:10392000002806D000F0AAF8002801D00D4D00E0D4
:103930000D4D11E000F0AAF8002801D00125ED039B
:103940000AE000BF01F060FC074601F027FC0646D4
:1039500001F036FC054600BF00BF2846F8BD000058
:103960004010024000093D000024F40002480069B4
:10397000032109040840704740100240F8B504468E
:103980000025032C2FD1204600F066F82104401AB0
:103990001ED0012804D0022806D0032817D10FE03A
:1039A00001F032FC05461DE000F060F8002806D06A
:1039B00000F064F8002801D0254D00E0254D11E00D
:1039C00000F064F8002801D00125ED030AE000BFF3
:1039D00001F01AFC074601F0E1FB064601F002FC8B
:1039E000054600BF00BF0C2C2FD1204600F034F854
:1039F0002104401A1ED0042804D0082806D00C2820
:103A000017D10FE001F000FC05461DE000F02EF894
:103A1000002806D000F032F8002801D00C4D00E05C
:103A20000C4D11E000F032F8002801D00125ED0323
:103A30000AE000BF01F0E8FB074601F0AFFB0646D5
:103A400001F0BEFB054600BF00BF2846F8BD0000E0
:103A500000093D000024F40001460348C068084006
:103A60000A041043704700004010024002480068FA
:103A70000421084080087047001002400248006896
:103A800010210840000970470010024003480069F7
:103A9000012149020840400A7047000040100240DE
:103AA000024840680721490308407047001002405F
:103AB000F8B5069CF02515402D041607360B354346
:103AC0000D43F0261E4036021F073F0D3E4335438F
:103AD000F026264027073F0F3E4335430095C56932
:103AE000024E3540009E3543C561F8BD808080FFA1
:103AF000F0B585B005460E461446002E0DD1284679
:103B000000F0A8F9002800D002E00020206000BFEB
:103B1000E068002800D10EE00DE0284600F09AF998
:103B2000002800D002E00020206000BFE0680028EC
:103B300000D100E000BF284600F05AF9E0680028F4
:103B40001ED100BFE869012189078843E86100BFF1
:103B5000002E04D0217C284600F06AF821E0207C69
:103B60000A21FCF7C7FA0701207C0A21FCF7C2FAF8
:103B70000F43F8B201460390284600F059F810E0D0
:103B800000BFE869012189070843E86100BF207C84
:103B9000E9690F221206914302061143E96100BF51
:103BA00000BF002E08D0A0790090637922792846C2
:103BB0002168FFF77DFF2BE0A0790A21FCF79AFA34
:103BC0000701A0790A21FCF795FA0F43F8B2039098
:103BD00060790A21FCF78EFA070160790A21FCF767
:103BE00089FA0F43F8B2029020790A21FCF782FA91
:103BF000070120790A21FCF77DFA0F43F8B2019002
:103C00000398009021682846029B019AFFF750FF15
:103C1000A068E969054A11400143E96100BF2846EF
:103C200000F0EBF8002005B0F0BD00007F7F7F7F43
:103C300010B5F0220A4012060B071B091A43C3698C
:103C40003F242406A3431A43C26110BDC1688022E9
:103C50001140024A1143C160704700007FFEFFFF20
:103C6000F8B5069CF02525402D042607360B354374
:103C70004E033543F0261E4036021F073F0D3E43DC
:103C80003543F026164017073F0F3E433543009556
:103C90004568034E3540009E35434560F8BD000041
:103CA000C00000FF014648688206920E3020104096
:103CB0000009000113071B0F1843704701464868AD
:103CC0001F231B0218400246012000031040000B76
:103CD00000010F231B0213401B0A184370470146C3
:103CE0004868072252031040400B7047014648685D
:103CF000FF231B04184002460F2000051040000D52
:103D000000010F231B0413401B0C18437047F7B529
:103D100084B00D46144601200390002D09D160782F
:103D200010210840102804D16078EF2108400A30A3
:103D30006070002D00D100E000BF049800F058F83A
:103D4000049800F05DF8012843D0002D08D0E078F9
:103D500000906378A27821780498FFF781FF29E02A
:103D6000E0780A21FCF7C6F90701E0780A21FCF7A0
:103D7000C1F90F43FEB260780A21FCF7BBF90701D5
:103D800060780A21FCF7B6F90F43F8B20290A078E8
:103D90000A21FCF7AFF90701A0780A21FCF7AAF97C
:103DA0000F43F8B20096019021780246029B0498D6
:103DB000FFF756FF049800F012F8049800F087F817
:103DC000002804D1049800F045F9039001E0002098
:103DD0000390049800F011F8039807B0F0BD80211B
:103DE000C943C1607047CA21416253214162704793
:103DF000CA214162532141627047FF2141627047ED
:103E0000F8B505467D20C00000900026284600F049
:103E100052F800281CD100BF401EE86000BF2846B1
:103E200000F049F804460EE000F070F9012802D1D4
:103E30000098401E0090284600F03DF80446009887
:103E4000002800D101260098002801D0012CEBD1D8
:103E50003046F8BD0146886840221040704770B572
:103E600004460D4601262046FFF7C2FF2046FFF715
:103E7000C7FF01281AD02868A16840229143014356
:103E8000A16000BFA8682169C90BC9030143216172
:103E900000BF686821697F22120491430204114324
:103EA000216100BF2046FFF79AFF00262046FFF75A
:103EB000A4FF304670BD0146C8684022104080090A
:103EC00070470146C86820221040400970470146EB
:103ED000886820221040400970470000F8B5069C11
:103EE000F02515402D041607360B35430D43F026FB
:103EF0001E4036021F073F0D3E433543F026264045
:103F000027073F0F3E43354300950568024E354075
:103F1000009E35430560F8BD808080FF014608683B
:103F20003F231B0418400246032000051040000DEB
:103F300000010F231B0413401B0C1843704701465C
:103F400008687F231B021840024607200003104028
:103F5000000B00010F231B0213401B0A184370477C
:103F6000014608684206520E702010400009000108
:103F700013071B0F18437047F7B584B00D4614465E
:103F800001200390002D09D10498FFF763FF00285A
:103F900000D002E00020206000BF09E00498FFF795
:103FA00059FF002800D002E00020206000BF00BFC1
:103FB0000498FFF71DFF0498FFF722FF012843D064
:103FC000002D08D0A07900906379227921680498A7
:103FD000FFF784FF29E0A0790A21FCF78BF807019D
:103FE000A0790A21FCF786F80F43FEB260790A2116
:103FF000FCF780F8070160790A21FCF77BF80F4392
:10400000F8B2029020790A21FCF774F807012079B0
:104010000A21FCF76FF80F43F8B20096019021686F
:104020000246029B0498FFF759FF0498FFF7D7FE5A
:104030000498FFF74CFF002804D1049800F00AF818
:10404000039001E0002003900498FFF7D6FE039848
:1040500007B0F0BDF8B504467D20C00000900025F3
:1040600000BFE06880210840A021C9430843E06008
:1040700000BF2046FFF725FF06460EE000F046F899
:10408000012802D10098401E00902046FFF719FF3A
:1040900006460098002800D101250098002801D08C
:1040A000002EEBD1012D1BD07D20C00000902046BA
:1040B000FFF707FF06460EE000F028F8012802D1BE
:1040C0000098401E00902046FFF7FBFE0646009831
:1040D000002800D101250098002801D0012EEBD145
:1040E0002846F8BD10B5084A0B069B0DD2580C0C9B
:1040F0000F23A3409A430C0C0346A3401A43024BE0
:104100000C06A40D1A5110BD0800014003480069B7
:10411000012109040840000C7047000000E000E0A5
:1041200001490860704700007800002010B5024681
:10413000136801208007824205D01648824202D0CF
:104140001548824205D118467024A0434C6820438C
:10415000034601208007824205D00E48824202D0E9
:104160000D48824206D1184603242402A043CC689D
:104170002043034613608868D06200BF08889062BD
:1041800000BF00BF506901242043506100BF0020E0
:1041900010BD00000008014000140140F0B585B0DA
:1041A00004460D460120049000200390204600F0B4
:1041B00067F8002858D1E968686808432969084306
:1041C000A969084321682A4A114008432060A86869
:1041D00061680322120391430143616000BF686973
:1041E000A168121191430143A16000BF214884429C
:1041F00004D10320FFF7C2FB039006E01E4884426F
:1042000003D10C20FFF7BAFB0390039800282BD0B2
:104210002868002828D000200490039FA8690290F5
:104220002E680121C9030298884214D179007208CE
:1042300088183146FBF75EFF80B201900F49019864
:104240000840009001980007400F00990843009033
:104250000098E06006E07108C8193146FBF74AFF94
:1042600080B2E06000BF00BF049805B0F0BD000060
:10427000F369FFEF0038014000440040F0FF000008
:1042800001460868C007C00F0122504050407047E7
:1042900010B500BF2448C06920210840400900280B
:1042A00023D000BF2049496AC9B208461F49C98DB9
:1042B000FF22F532914217DA1C49CA8DC98D491C7B
:1042C0001A4BD9851A49885432211A46118611464B
:1042D000C98D012908D116491A39897E002903D1CF
:1042E0001146C98D491ED18500BF00BF0E48C06967
:1042F000C007C00F012148404840002805D000BF3A
:1043000001200949086200BF00BF00BF0648C0691C
:1043100008210840C008002805D000BF0820024935
:10432000086200BF00BF10BD00480040C804002064
:104330000203002010B540480088002812D03E48F3
:104340000088401E3C490880012240213B48FFF77D
:1043500011FA39480088002804D10022402137484A
:10436000FFF708FA36480088002812D03448008841
:10437000401E33490880012220213048FFF7FAF916
:104380002F480088002804D1002220212B48FFF765
:10439000F1F92C480088002812D02A480088401ED5
:1043A00028490880012208212448FFF7E3F925481D
:1043B0000088002804D1002208212048FFF7DAF9FC
:1043C0002148007800281FD020480068401C1F4961
:1043D000086008460068E121C90088420EDD01221C
:1043E00010211648FFF7C6F9184800687D21090119
:1043F000884220DD0020154908601CE000221021C1
:104400000E48FFF7B7F916E011480088002812D0CF
:104410000F480088401E0E490880012210210748DD
:10442000FFF7A8F90A480088002804D100221021CB
:104430000248FFF79FF910BD14000020000400504F
:10444000160000201A000020010000203800002083
:104450001800002030B593B0A6A207CA10AB07C35E
:10446000A7A103C90F910E90012004F003FF0120C2
:1044700004F0F2FE04F0B6FC142000F0E1FBFDF7BE
:10448000CBF9FCF765FFFDF78FF904229E4908463A
:104490001C30FBF7CFFE10229C499B480C30FBF7E9
:1044A000C9FE08229A499848001DFBF7C3FE042262
:1044B000984995481C30FBF7BDFE1022964992485A
:1044C0002030FBF7B7FE102294498F483030FBF7BD
:1044D000B1FEFDF7A1FBFDF7EBF9FDF751FAFDF792
:1044E00035FB8F490220FDF7E9FB0020FDF7C4FAF8
:1044F0000A20FDF7B1FB03210120FDF7EDFAFDF7DE
:104500005BFBFDF7B7F9142000F09AFBFCF7A4FC65
:10451000FCF702FCFCF796FEFCF742FDFDF732F8D3
:10452000FCF716FEFDF7CAF8FCF7B0FFFCF7EEFF4C
:10453000FDF700F9FCF748FEFCF7CEFDFDF79AF910
:10454000142000F07DFB002004F094FE75A20A21E7
:1045500010A801F087FA6AA205210EA801F082FADC
:1045600072A0FEF73DFF00F09BFB04467BA0807924
:1045700030380A21484379A1C979401801463039B9
:1045800076A0C07830380A22504374A2127980187D
:104590000246303A71A0007830380A2358436FA39E
:1045A0005B78C0180346303B6FA00079202801D10A
:1045B000002002E06CA0007930380A2568436AA523
:1045C0006D79303D4019059306920791049066A0DD
:1045D000C07930380A21484363A1097A401830383D
:1045E0000A21484360A1497A303940180A214843DA
:1045F0005DA1897A303940185EA10EAA10AB0394F0
:10460000009201910290092201215BA0FEF7E8FED1
:104610003D48C01F817A427A007A3B4BDB1FDB7931
:1046200001930392049102903748C01F8079009053
:104630003548C01F43790279C1785DA0FEF7D0FEEE
:1046400031480C30C07B30490C31897B2E4A0C320A
:10465000527B2D4BDB1FDB7F09930A920B910C9051
:104660002948C01F817F407F274AD21F127F264BD7
:10467000DB1FDB7E05930692089107902248C01F3E
:10468000807E2149C91F4A7E097E1F4BDB1FDB7DCF
:1046900001930392029104901B48C01F807D0090FB
:1046A0001948C01F437D027DC17C4C48FEF798FE2F
:1046B0001548C01F807C1449C91F497C124AD21F6B
:1046C000127C114BDB1FDB7B019302920391049060
:1046D0000D48C01F807B00900B48C01F437B027BAE
:1046E000C17A3FA0FEF77CFE10A0FEF779FE13B062
:1046F00030BD000041533932335F41533200000076
:104700004F544141000000004F0C00208400002065
:104710007C0000209400002098000020A8000020C9
:10472000F080A633494E3836350000000D0A2A2A9B
:104730002A2A2A2A2A2A2A2A2A2A2A2A2A2A2A2AD9
:104740002A2A2A2A2A2A2A2A2A2A2A2A2A2A2A2AC9
:104750002A2A2A2A2A2A0D0A0000000031313A3377
:10476000363A3235000000004D6179203137203271
:1047700030323400410000000D0A536F66745665F4
:10478000723A5625642E25645F25735F25735F4357
:104790006C61737325735F4C49525F25642E2564E9
:1047A0002E25645F25643A25643A25640D0A0000CD
:1047B0000D0A4465764575693A25303278253032E0
:1047C00078253032782530327825303278253032ED
:1047D0007825303278253032780D0A00349A000876
:1047E0000D0A4170704575693A25303278253032AE
:1047F00078253032782530327825303278253032BD
:104800007825303278253032780D0A0010B504F062
:1048100099F8A2490968884200D210BD04F092F8C4
:10482000FF30F5309D4908609D48007A030001F093
:104830008AF9050416369CD5FC009A4800689A4906
:10484000096888420AD89648007A002806D1944818
:10485000C079022802D10121914801721BE19048E0
:1048600040380078400840008D49403908700120E8
:1048700004F000FD012004F0EFFC04F0B3FA142072
:1048800000F0DEF9002004F0E7FC642000F0D8F925
:10489000002086490880022181480172FBE003F074
:1048A00085FF00281ED003F0C8FF00281AD003217E
:1048B0007B4801727E48007800280BD0FF20F5303D
:1048C00000F0BEF97BA17CA0FEF78AFD7CA0FEF77C
:1048D00087FD49E089A178A0FEF782FD88A0FEF758
:1048E0007FFD41E071480088401C7049088083A129
:1048F00071A0FEF775FD6D4801888CA0FEF770FD74
:104900006A480088F0282FDB002068490880684842
:10491000007800281CD0FF20F53000F091F965A147
:1049200065A0FEF75DFD89A0FEF75AFDFF20F5307A
:1049300000F086F95FA160A0FEF752FD92A0FEF79D
:104940004FFD0421564801720020594908700BE0C0
:1049500098A159A0FEF744FD98A0FEF741FD022161
:104960004F48C1710421017295E051480078002838
:1049700011D000204E4908707D20C00000F060F981
:104980004CA14DA0FEF72CFD94A0FEF729FDFF20C1
:10499000F53000F055F942484038007840084000B2
:1049A000401C3F49403908700020984908703F4931
:1049B000088000213A480172C171002220219448E8
:1049C000FEF7D8FE7D2000019249088092480079C8
:1049D000402188434030904908715CE00021304814
:1049E00001720221C1712F4800682F49096888426D
:1049F0004CD886480078401C8449087008460078E6
:104A0000052801DD0520087080480078030001F0CA
:104A10009AF8062C040D151D252C23480068E12169
:104A2000C90040181F49086026E033E01E480068AE
:104A3000E121090140181B4908601DE01A4800687F
:104A4000E121490140181749086015E0164800683F
:104A5000E121C9014018134908600DE012480068BF
:104A60006E4940180F49086006E00F4800686B491E
:104A700040180C49086000BF00BF20A10EA0FEF73F
:104A8000AFFC0848016866A0FEF7AAFC002004F00D
:104A9000F1FB00E000BF00BF00BFBEE6C000002089
:104AA000880C0020BC00002060000020C400002012
:104AB0003E00002041434B000A5B25735D0000006F
:104AC000666163746F72794D6F64652050656F70B5
:104AD0006C6520436F756E7465722053656E736FDD
:104AE0007220537465703A4C6F5261205265676949
:104AF0007374657220537563657373004C4F470080
:104B00002050656F706C6520436F756E7465722000
:104B100053656E736F72204C6F52612052656769E6
:104B20007374657220537563657373004C6F5261C3
:104B300057414E205761697420456E746572204953
:104B40006E204E6574202564000000006661637469
:104B50006F72794D6F64652050656F706C6520438E
:104B60006F756E7465722053656E736F7220537427
:104B700065703A4C6F526120526567697374657253
:104B8000204661696C000000666163746F72794D44
:104B90006F64652050656F706C6520436F756E742F
:104BA00065722053656E736F7220537465703A4559
:104BB000786974005741524E000000004C6F5261FA
:104BC00057414E20456E74657220496E204E6574C3
:104BD0002054696D656F757421000000666163740F
:104BE0006F72794D6F64652050656F706C652043FE
:104BF0006F756E7465722053656E736F7220537497
:104C000065703A46696E697368000000B80000205C
:104C10000004005016000020D00000208051010048
:104C2000557064617465205265636F6E6E65637460
:104C30002054696D657374616D703A20256C640051
:104C400010B50446A0B204F005F810BD70B50446D6
:104C50002046FBF727FB85B22946204600F002F8E4
:104C600070BD0000F8B504460D4600262746FBF748
:104C7000D9FE0FE03146721C96B2785C0749886213
:104C800000BF00BF00BF0548C0694021084080093F
:104C90000028F7D0AE42EDDBF8BD00000048004030
:104CA0001FA1897870292ED00CDC672929D004DC5B
:104CB000622918D063292ED12BE06C291FD06E29D0
:104CC00029D108E0722910D074291ED076291ED06F
:104CD000792920D111E012A14978612901D101205F
:104CE00000E0062019E0022017E00DA149786129B3
:104CF00001D1032000E004200FE005200DE0072093
:104D00000BE0082009E0092007E00A2005E00B205D
:104D100003E00C2001E0002000BF00BF704700004E
:104D20004D617920313720323032340000BFFEE748
:104D30007047000010B503F005FE15490968884268
:104D400000D210BD03F0FEFDFF30F53010490860C1
:104D50001048808DFA2803DB0E48C08DFA2803DA4C
:104D6000C8200D49088003E07D20C0000B49088061
:104D70000BA10CA0FEF734FB0648C28D818D0BA061
:104D8000FEF72EFB002003498885C88500BFD8E7C1
:104D900030000020D00000201A0000201400002065
:104DA0004C4F47000A5B25735D0000005B416C6956
:104DB000676E6D656E74206D6F64655D20496E660B
:104DC00072617265642053656E736520436F756E02
:104DD0007420413A2025642C20436F756E74204264
:104DE0003A2025640A00000010B503F033FD0128C5
:104DF00016D11A48008F002812D119480078C00730
:104E0000C00F002809D116484030C079022807D1C8
:104E100013484030007A002802D1002004F02AFA1A
:104E200010488079C007C00F002816D00D482030E8
:104E3000007C032811D10B4880893C214843094953
:104E4000896A884209D800200649886208460079A4
:104E50000821884308300349087110BDC8020020AA
:104E6000480C0020D000002010B5A0480068401C6D
:104E70009E4908609E48007C012802DC00200860F2
:104E800032E10A2199480068FBF734F90029F7D18B
:104E900096480068974988423DD9974800689749E5
:104EA000884203D39648006888421FD29048203831
:104EB0000079C009002810D18D4820380079802160
:104EC000884380308A4920390871084600790421D6
:104ED0008843001D8649203908718848894908603F
:104EE000002089490870894908700DE08048203801
:104EF0000079C009002807D07D482038007980213A
:104F000088437B49203908710020784908607A4934
:104F100008607B4908607B480068002805D0794814
:104F20000068401E77490860C9E07748007800288B
:104F300021D16F482038808D04280BDA6C48203846
:104F4000C08D6B492039898D884203DD01206E496F
:104F500008703BE066482038C08D042836DA644883
:104F60002038808D62492039C98D88422EDD02208B
:104F7000654908702AE05E482038C08D042810DAA0
:104F80005B482038808D5A492039C98D884208DD18
:104F90005D480078012804D15B4800785B490870BF
:104FA00014E053482038808D04280FDA5048203808
:104FB000C08D4F492039898D884207DD52480078DD
:104FC000022803D1504800785049087048482038DA
:104FD000808D042873DD46482038C08D04286EDD9E
:104FE0004A480078002865D01420464908604748A0
:104FF0000078012813D1C820454908804549088018
:105000003B482038C08B401C39492039C8830846AA
:10501000406A401C486200213548417416E03B4814
:105020000078022812D1C8203A4908803A490880FD
:105030002F482038808B401C2D4920398883084612
:10504000006A401C08620121294841742848203820
:1050500000790007C00F00282CD12548007C0328C8
:1050600028D1234820388079042809DB20482038BB
:1050700000790821884308301D492039087119E05A
:105080001B4820388079022814DB19482038808B8F
:1050900017492039C98B401815492039C9898842D8
:1050A00008DB13482038007908218843083010496C
:1050B00020390871002014490870144908700C4800
:1050C0002038808D0C49096840180B490860084851
:1050D0002038C08D0A490968401809490860002035
:1050E000034920398885C88510BD000020000020B4
:1050F000F00000202F75000024000020B80B0000F5
:10510000280000201C0000202C0000202D00002082
:1051100014000020160000201A0000201C4880699E
:10512000002834D01A488069401E19498861084611
:10513000806900282BD108462030007C012804D04B
:1051400002280DD003281CD11AE00221104820307B
:10515000017410480E49886100208883C88315E0D7
:1051600003210B48203001747D2000010A4908808A
:10517000074800790821884308300549087105E08F
:1051800004E0032102482030017400BF00BF7047D3
:10519000D0000020C0D4010016000020014600BF4E
:1051A0000548C068F022104010400009034A125C14
:1051B0000846D04070470000001002403C960008AE
:1051C000014600BF0548C068072212021040000ACD
:1051D000034A125C0846D0407047000000100240AD
:1051E0004C960008014600BF0548C0680722D2025D
:1051F0001040C00A034A125C0846D04070470000C5
:10520000001002404C96000810B500BF1648C06858
:105210000C210840002806D004280CD0082812D001
:105220000C2816D111E0FEF73BFC400B401C01217D
:105230008140CC0315E0FEF721FC002801D00B4C87
:1052400000E00B4C0DE00B4C0BE000F015F80446B1
:1052500007E0FEF725FC400B401C01218140CC03F8
:1052600000BF00BF204610BD0010024000093D00F5
:105270000024F40000127A00F8B500BF1448C0689A
:105280000121090408400546002D07D1FEF7F6FB71
:10529000002801D00F4C00E00F4C01E00F4C00BF84
:1052A00000BF00BF0A48C068032189050840800D7F
:1052B000461C0748C0680F2189040840800C084933
:1052C000085C604307463146FAF714FFF8BD00005A
:1052D0000010024000093D000024F40000127A0092
:1052E0005496000810B5012040040F49486100BFE2
:1052F00000BF0E48C06889150840000A002811D078
:105300000A48FEF7A3FC0A48007A01280AD10020C7
:105310000749086248620846407904218843001D15
:105320000349487110BD00000004014000280040FE
:10533000D000002000B587B00020049005900690B2
:10534000029003900190FEF7C9FA0021022000F0BC
:10535000C9FC0220002805DBC206D20E01219140C3
:10536000194A116000BF012040041849096801432F
:10537000164A116000BF00BF114689680143916061
:1053800000BF002004907F200590FF20069004A914
:105390000F48FEF764FD0021684601734173817375
:1053A00002AA01210A48FEF7E7FD012168460171C2
:1053B000417181712221C17101AA01210448FEF7C6
:1053C000A6FC07B000BD000000E100E000040140C1
:1053D0000028004008B518480078002803D1174875
:1053E0000078002800D008BD1548007C012802D1B3
:1053F000FFF7A0FC01E0FFF7F7FC12480068124934
:105400000968884200D9EEE70F480068C01C0D49C2
:1054100008600EA10EA0FDF7E3FF09482038406A9E
:10542000009007482038C38B026A818B0A48FDF739
:10543000D7FF00BFD7E700003E0000203F0000205C
:10544000F0000020340000206000002049520000DD
:105450000A5B25735D000000FC96000870477047EA
:1054600010B5002073490968490849000143714A91
:10547000116000BF00BF00BF6E480068C007C00FCA
:105480000028F8D10320C0026B4909680246914305
:105490000143694A116000BF00BF68480068911568
:1054A00008436649086000BF00BF00BF634800684A
:1054B000012149020840400A0028F6D00520400397
:1054C0005E49496807225203914301435B4A516098
:1054D00000BF0020114649680902090A020611436B
:1054E000564A516000BFFEF7EFF9FEF73FFA01217F
:1054F0000904884214D000BF504840300069C900F8
:1055000008434E494031086100BF00BF08460069AA
:105510000121C904884349494031086100BF00BFE7
:1055200000204649403109690322D20291430143D8
:10553000424A4032116100BF00BF10460069911518
:1055400008431146086100BF00BF00BF3B48403020
:105550000069012149020840400A0028F5D0FEF701
:1055600005FA0121090488420CD00846334940312C
:1055700009690322120491430143304A4032116108
:1055800000BF00BFFEF7AAF900202C49C968F0222D
:1055900091430143294AD16000BF00BF1146C96849
:1055A0000722120291430143244AD16000BF00BF89
:1055B0001146C9680722D202914301431F4AD160B4
:1055C00000BF00BF1146C968890889000143D16046
:1055D00000BF00BF00BF1948C0680C210840002868
:1055E000F8D11748FEF7F8F81548FEF799FD154869
:1055F00012494031C968020C914382B211430F4AEB
:105600004032D16000BF00201146C96803229202D7
:1056100091430143094A4032D16000BF00BF0749AE
:10562000C9680122D20391430143044AD16000BFFB
:1056300010BD000000200240007000400010024039
:1056400068FF1F0004000C007047000010B54F48B1
:105650000068401C4D4908604D480068401C4C499A
:1056600008604A4840681E280AD1484800681E2839
:1056700006D14848407904218843001D45494871B6
:10568000424800683B287FDD00204049086008460A
:105690004068401C486040480068401C3E49086023
:1056A0003C49498988420DD33A484089002809D0AD
:1056B000002039490860374800794021884340304C
:1056C00034490871314840683B285DDD00202F498E
:1056D000486008468068401C886030480068401C6C
:1056E0002E4908602948806817284DDD0020274989
:1056F00088600846C068401CC86008468069401C35
:10570000886108468069062801DD002088611F48FD
:10571000006980002249085C224908701B484469DE
:10572000E017800F001980108000201A06D1174959
:1057300048696421FAF7F4FC002907D11349486944
:10574000FF219131FAF7ECFC002904D115480078CB
:10575000401C144908700D48C068124909788842F5
:1057600012DD01200949C86008460069401C086133
:10577000084600690B2807DD0020086108464069DB
:10578000401C00E000E0486110BD0000900B0020CC
:1057900060000020D00000205C00002058000020A5
:1057A0000C9600087000002010B539480068401CB5
:1057B0003749086037480088401C36490880364819
:1057C0000068401C3449086034480068401C334974
:1057D000086033488089002805D031488089401E00
:1057E00081B22F4881812F48008E002804D02D4897
:1057F000008E401E2B4908862B48008F002805D0BC
:105800002948008F401E81B2274801872748008819
:10581000002804D025480088401E244908801F48DD
:1058200000687D21C900884207D300201B49086019
:105830001F480068401C1E490860154800687D210B
:10584000C90088421CD3002011490860194880799A
:10585000C007C00F002805D01648806A401C1549B3
:10586000886202E0002013498862124840690028DB
:1058700004D010484069401E0E494861FFF7E6FE1B
:10588000FFF7F2FAFEF756FDFFF748FC10BD0000E7
:105890007400002054000020480000205000002028
:1058A000BA050020C8040020C80200200200002021
:1058B0004C000020D000002008B501200E49496BA3
:1058C00001430D4A51631146496B0140009100BFED
:1058D00000BF00071146896B014391631146896B34
:1058E0000140009100BF00BFFDF7EEFF0321081F3C
:1058F00000F0F8F908BD00000010024010B500BF2C
:105900000120C0430249086100BFFFF74DFF10BDF1
:105910000010004030B585B004460D4600200190CF
:1059200002900390049010202A49896B0143294A70
:1059300091631146896B0140009100BF00BF0021B7
:10594000112000F057F91120002805DBC206D20E05
:1059500001219140204A116000BF681E694688807D
:1059600000200290601E039001A91C48FEF7DEFB98
:1059700000BF1A480068802108431849086000BF2A
:1059800000204968702291430143144A516000BFCE
:1059900000BF10468068802188431146886000BFA0
:1059A00000BF08460068012108431146086000BF97
:1059B00000BF08460068022188431146086000BF06
:1059C00000BF0846C068012108431146C86000BFF7
:1059D00005B030BD0010024000E100E000100040C2
:1059E00000BF1E48C069202108404009002815D08A
:1059F00000BF1A49496AC9B2084619494989642948
:105A00000BDA17494A894989491C8BB214494B81E1
:105A10005A39885414225A318A8100BF00BF0F4876
:105A2000C069C007C00F012148404840002805D088
:105A300000BF01200949086200BF00BF00BF07483E
:105A4000C06908210840C008002805D000BF082010
:105A50000249086200BF00BF7047000000440040D8
:105A6000BA0500200FB47CB50C0009AD01D0611E51
:105A700000E0002101910090074B6A4629460898F2
:105A800000F040FA002C02D0009A002111707CBC7A
:105A900008BC04B018470000416600080FB410B5F8
:105AA00004A9074B02AA039800F02CFA044602A9A5
:105AB000002000F0D0FD204610BC08BC04B0184700
:105AC0005766000837B514460846064B6A46214615
:105AD00000F018FA04466946002000F0BCFD20469C
:105AE0003EBD0000576600082021020C01D01021A5
:105AF0001046020A01D010460839020901D01046AA
:105B0000091F820801D01046891E420801D0881E54
:105B10007047081A7047F8B582B28BB2040C0D0CAE
:105B200010465843002126465E43370C3604801940
:105B3000794116466E43370C360480197941264662
:105B40006E438919F8BD30B47446641E2578641C10
:105B5000AB4204D3635D5B00E31830BC18471D46BD
:105B6000F8E70000002805DBC206D20E01219140B3
:105B7000014A11607047000000E100E010B5002804
:105B800019DB1A4A03231B02D21883089B00D25840
:105B90008307DC0EFF23A3409A438B071B0E840769
:105BA000E40EA3401A43114B032424021B1984085A
:105BB000A4001A5118E00E4A03071B0F083B9B086C
:105BC0009B00D2588307DC0EFF23A3409A438B0728
:105BD0001B0E8407E40EA3401A43054B0407240F51
:105BE000083CA408A4001A5110BD000000E100E028
:105BF0001CED00E010B5002819DB1A4A03231B0234
:105C0000D21883089B00D2588307DC0EFF23A340E1
:105C10009A438B071B0E8407E40EA3401A43114BD3
:105C2000032424021B198408A4001A5118E00E4A08
:105C300003071B0F083B9B089B00D2588307DC0E11
:105C4000FF23A3409A438B071B0E8407E40EA34057
:105C50001A43054B0407240F083CA408A4001A515A
:105C600010BD000000E100E01CED00E010B50028D0
:105C700019DB1A4A03231B02D21883089B00D2584F
:105C80008307DC0EFF23A3409A438B071B0E840778
:105C9000E40EA3401A43114B032424021B19840869
:105CA000A4001A5118E00E4A03071B0F083B9B087B
:105CB0009B00D2588307DC0EFF23A3409A438B0737
:105CC0001B0E8407E40EA3401A43054B0407240F60
:105CD000083CA408A4001A5110BD000000E100E037
:105CE0001CED00E010B5002819DB1A4A03231B0243
:105CF000D21883089B00D2588307DC0EFF23A340F1
:105D00009A438B071B0E8407E40EA3401A43114BE2
:105D1000032424021B198408A4001A5118E00E4A17
:105D200003071B0F083B9B089B00D2588307DC0E20
:105D3000FF23A3409A438B071B0E8407E40EA34066
:105D40001A43054B0407240F083CA408A4001A5169
:105D500010BD000000E100E01CED00E000487047CD
:105D6000CC000020EFF31080704702E008C8121F3B
:105D700008C1002AFAD170477047002001E001C134
:105D8000121F002AFBD1704780F310887047000073
:105D9000F0B51FB486B00998089A030D002102439C
:105DA00014D05148514A181850430514119801282D
:105DB00010981AD0281A401C00264D4F4D490096C5
:105DC00001910490002812DA444211E01198012454
:105DD00049A3012801D11098C1430698119A846003
:105DE0000360C26041600BB0F0BD4042E4E704468E
:105DF000210500203F4A001C51410391029012E00E
:105E0000E00707D032463B4601990098FAF744FB79
:105E10000191009032463B4610461946FAF73CFB8A
:105E200006460F466410002CEAD10498039B002814
:105E3000029A0999089806DAFAF72EFB019B009A54
:105E4000FAF72AFB05E0FAF78FFB019B009AFAF7B5
:105E50008BFB04460E460022284BFAF757FD03D869
:105E60000020C043014607E00022254B2046314672
:105E7000FAF75EFAFAF72AFD102409E0002C0ADB93
:105E80000A220023FAF760F9079B30321A55641E84
:105E900002460A43F2D11122641C079B121B1C19F3
:105EA000119B012B03D0012308430ED10AE00843C4
:105EB00004D0112010900020119077E71098151A47
:105EC0006D1E0BE01098824202DD00236D1C03E082
:105ED000824201DA00236D1E002BEED00698119944
:105EE0008260C16030C07EE701FCFFFF104D000002
:105EF000000014400000F03F300000000000F043BC
:105F00000000E03FFFB597B0064600251BE22528BC
:105F100076D100242746F749049400E00443761C18
:105F200032780120203A90400842F7D130782A2870
:105F30000ED00222307801463039092916D804994A
:105F40000A235943303940181443761C0490F1E772
:105F5000189802C804911890002904DA012040031F
:105F600004434842049002200443761C30782E28D3
:105F700014D1042004437078761C2A2809D118987B
:105F8000761C80C8189009E00A214F43303FC7199A
:105F9000761C3078014630390929F5D930786C28DB
:105FA00010D006DC4C281AD068280ED06A2817D1E9
:105FB00004E0742813D07A2812D110E001204005A3
:105FC00004430CE00121090501E0032109050C430C
:105FD0007178814203D1012000052418761C761CBB
:105FE000307866280BD013DC58287DD009DC0028D7
:105FF0007BD04528F6D04628F4D047281AD1A9E10D
:1060000018E0632835D0642870D0652812D1A1E14A
:1060100070286CD008DC6728F1D069287DD06E2804
:106020000DD06F2806D1BCE073282ED0752873D010
:10603000782859D01A9A199990476D1C82E160020C
:10604000400F022809D003280DD0042818980168B1
:106050000DD00D60001D189074E11898EA170168C2
:106060000D604A60F6E7189801680D80F2E70D7040
:10607000F0E718986A4601781172001D1890002008
:10608000507202A80090012005E0189802C81890EC
:1060900000200091C04361070ED5002101E0019965
:1060A000491C0191B94213DA8142F8DB019A009947
:1060B000895C0029F3D10BE0002101E00199491C22
:1060C00001918142FADB019A0099895C0029F5D19E
:1060D000019904981A9B471A21463846199A00F0EC
:1060E00099FA4019019903E051E030E115E050E0E0
:1060F000451807E0009800990078491C00911A9A09
:10610000199990470198401E0190401CF2D12146F8
:1061100038461A9B199A12E137E00A2000210090B4
:1061200001916002410F022907D0189A01CA189202
:10613000C2179446032908D00AE01898C01DC10868
:10614000C90005C91891944607E000B2C2179446E9
:10615000042902D140B2C1178C4600226146944501
:1061600006DA0A460021404291418C462D2102E088
:10617000210504D52B216A461173012103E0E107B3
:1061800001D02021F7E7029156E00A200AE0102012
:1061900008E010200090002104200443019108270A
:1061A00003E008200021019100906002410F0229C4
:1061B00007D0189A01CA189200229446032908D0E1
:1061C00008E01898C01DC108C90005C91891944677
:1061D00003E080B2042900D1C0B20021029121075E
:1061E0002AD531780D91702906D0009A1021019B93
:1061F0004A401A4305D00EE040216A46117301213E
:1062000008E06146014306D030216A4611730D99BA
:10621000517302210291009A0821019B4A401A43BE
:106220000AD16146014301D1610705D530216A4693
:10623000117301217F1E02913178582904D02EA1BB
:106240000E910DA90D910DE030A1F9E76146019B7A
:10625000009AF9F779FF0E9B8C469B5C0D9A521EB3
:106260000D92137061460143F0D10D9805A9081AEB
:1062700020300190600703D501200004844300E032
:1062800001270198874201DD381A00E000200199BA
:1062900000904118029809180498401A0490E003ED
:1062A00006D421461A9B199A049800F0B3F94519AF
:1062B000002706E003A81A9AC05D199990476D1C43
:1062C0007F1C02988742F5DBE0030CD521461A9B20
:1062D000199A049800F09EF9451904E01A9A3020A2
:1062E000199990476D1C0099481E00900029F5DC13
:1062F0001FE00000092801003031323334353637D1
:106300003839616263646566000000003031323301
:1063100034353637383941424344454600000000A1
:106320000D980D990078491C0D911A9A199990476A
:106330006D1C0199481E01900029F1DC4DE100F02F
:1063400059F94519761C3078002800D0DFE5284639
:106350001BB0F0BD600700D406271898C01DC10807
:10636000C90048680A680831C30FDB071891190093
:1063700001D09CA108E0210501D59BA104E0E10723
:1063800001D09AA100E09AA14300109130785B08F7
:1063900065280CD006DC452809D046281DD04728A2
:1063A00041D141E0662818D067283CD13CE000216B
:1063B000112F01DB112000E0781C0191009008A949
:1063C00011A8FFF7E5FC139905910021119A159288
:1063D0007F1C12980197009150E00120C0070390A4
:1063E0000120019008A9009711A8FFF7D1FC139A8A
:1063F000149905920022119B009212981593059A08
:106400000192002901D0104602E0791C4018019049
:10641000381A01D5019804E04042401E0090781CD3
:106420000190C01B029043E0012F00DA01270021F8
:10643000112F01DD112000E038460191009008A9DC
:1064400011A8FFF7A5FC13990591119A0021129844
:1064500015920091019721070CD40599B94201DBEF
:10646000019900E00191012904DD159A491E515C52
:10647000302906D0B84201DA011D05DA0121029166
:1064800015E00199491EEDE7002805DC0099411847
:1064900000910199091A03E0019A411C914200DD23
:1064A00001910099401A401C02900120C0070390FE
:1064B000200706D402990198814202DB0020C043E4
:1064C000029000206946C87707AF0121039803377F
:1064D000C907884224D0022011902B2012900398E3
:1064E00000280CDA404203902D20129007E00A2188
:1064F0000398F9F7FFFD30317F1E03903970119931
:10650000481E11900029F2DC03980028EFD1791E73
:10651000129808703078202108404530BF1E38702E
:1065200006A8C01BC01D039010980078002800D05A
:106530000120019941180298C017091803980918F9
:106540000498401A401E0490E00306D421461A9B8A
:10655000199A049800F05EF8451910980078002800
:1065600003D01A9A199990476D1CE00324D521464F
:106570001A9B199A049800F04DF845191CE00098F0
:10658000002807DB00990598884203DD1598405CD8
:10659000199901E0199930201A9A904700986D1CBA
:1065A000401C00900298401E0290002804D11A9AC4
:1065B0002E20199990476D1C0199481E01900029C1
:1065C000DDDC05E038781A9A7F1C199990476D1C1C
:1065D0000399481E03900029F4DC21461A9B199A5E
:1065E0000498ACE62D0000002B0000002000000005
:1065F00000000000F8B5044600251E461746880432
:1066000004D405E039462020B0476D1C641EF9D53E
:106610002846F8BDFFB50446002581B01E46C803D4
:1066200001D5302700E02027880404D505E038464E
:106630000399B0476D1C641EF9D5284605B0F0BD1E
:106640004A68002A06D00A68531C0B60107048681C
:10665000401E486070470A68531C0B6010707047FA
:1066600070B504460025032204492046F9F721FEAF
:10667000002800D00125284670BD0000E3950008E1
:10668000FFB581B004461D46002C14D0002A12D05C
:10669000002D10D0029E002E0DD02846EE0F361889
:1066A00076107600AE1B06D1EE0F761977100095A6
:1066B000029EB74202DD002005B0F0BD002100239C
:1066C00000BF50E0505C612808DB505C662805DCA8
:1066D000505CC01F0007000EE05418E0505C4128D9
:1066E00008DB505C462805DC505CC01F0007000E2C
:1066F000E0540CE0505C302807DB505C392804DCA7
:10670000505C0007000EE05401E00020D4E7481C74
:1067100081B2505C612808DB505C662805DCE05CD7
:10672000565C80195738E05419E0505C412808DB6A
:10673000505C462805DCE05C565C80193738E05434
:106740000DE0505C302808DB505C392805DCE05C4B
:10675000565C80193038E05401E00020ACE7581C4A
:1067600083B2481C81B2A942ACDB1846A4E7FFB54E
:1067700081B007460D46164600200090002F04D039
:106780003846F9F78FFD002801D105B0F0BD002D86
:1067900004D02846F9F786FD002800D1F5E7294600
:1067A0003846F9F793FD044608E010C60098401CEF
:1067B000009029460020F9F789FD0446002CF4D109
:1067C00004990098086000BFDFE7FEB507460D4654
:1067D00000263C463846F9F765FDC0B2009025E03A
:1067E000002001901EE02078302804DB2078392832
:1067F00001DC2078A8552078412804DB20785A282D
:1068000001DC2078A8552078612804DB20787A28DC
:1068100001DC2078A855641C701CC6B20198401C8D
:10682000C0B20190009901988842DCDB20780028F2
:10683000D6D1FEBD10B5FF202D3002F00BFA45A1D8
:1068400045A0FCF7CDFD46A0FCF7CAFD7D20000168
:106850004E49088002F0FEF97D2000014C49088075
:1068600002F0F8F97D2000014A49088002F0F2F9AF
:106870007D2000014849088036A137A0FCF7B0FD13
:1068800046A0FCF7ADFD01F085FF0446002C05D0C5
:1068900000BF01F07FFF0028FBDC002400BF01F0F7
:1068A00079FF0028FBD0FF20F53002F0D3F929A1B1
:1068B00029A0FCF795FD44A0FCF792FD01F06AFFCA
:1068C0000446002C04D100BF01F064FF0028FBD077
:1068D00000BF01F05FFF0028FBDCFF20F53002F075
:1068E000B9F91CA11CA0FCF77BFD42A0FCF778FDC8
:1068F00001F0BDFF044600BF01F0B9FFA042FBD18B
:10690000FF202D3002F0A6F912A113A0FCF768FDBC
:1069100043A0FCF765FDFF20F53002F09BF901F084
:10692000B2FF044600BF01F0AEFFA042FBD1FF2042
:106930002D3002F08FF907A107A0FCF751FD43A00D
:10694000FCF74EFDFF20F53002F084F901214A48A2
:10695000017210BD41434B000A5B25735D000000CE
:10696000666163746F72794D6F64652050656F70F6
:106970006C6520436F756E7465722053656E736F1E
:106980007220537465703A3100000000140000203A
:1069900016000020180000201A00002066616374B1
:1069A0006F72794D6F64652050656F706C65204320
:1069B0006F756E7465722053656E736F72205374B9
:1069C00065703A3200000000666163746F72794D41
:1069D0006F64652050656F706C6520436F756E74D1
:1069E00065722053656E736F7220537465703A330D
:1069F00000000000666163746F72794D6F646520FA
:106A000050656F706C6520436F756E7465722053AE
:106A1000656E736F7220537465703A340000000025
:106A2000666163746F72794D6F64652050656F7035
:106A30006C6520436F756E7465722053656E736F5D
:106A40007220537465703A3500000000666163740B
:106A50006F72794D6F64652050656F706C6520436F
:106A60006F756E7465722053656E736F7220537408
:106A700065703A3600000000880C002003B595B020
:106A8000FCA11598F9F7FAFB002834D016981828BD
:106A900031D8169815282ED3FCA11598F9F7EEFBDE
:106AA00014901498401CF9F735FC80B21390139899
:106AB0000A2804DB2D2149011398884202DD13982E
:106AC000002810D1F24913984881F2A1F2A0FCF7F6
:106AD00087FCEF48408901461290F1A0FCF780FC4A
:106AE000FCF718FB03E0F6A1EBA0FCF779FCF6A09D
:106AF000FCF776FCFEE3FEA11598F9F7BFFB002832
:106B00002CD01698152829D1E0A11598F9F7B6FBD5
:106B100014901498401CF9F7FDFBC0B21390139821
:106B2000042813DC1398002810DDD94913988871C4
:106B3000D8A1D9A0FCF754FCD54880790146129021
:106B4000F0A0FCF74DFCFCF709FB03E0DCA1D2A0B0
:106B5000FCF746FCF2A0FCF743FCCBE7F9A1159843
:106B6000F9F78CFB00282ED016981B282BD8C7A12C
:106B70001598F9F783FB14901498401CF9F7CAFB99
:106B800080B213902D2149011398884213DA13988B
:106B9000002810DDBE4913988881BEA1BEA0FCF775
:106BA0001FFCBB48808901461290ECA0FCF718FC42
:106BB000FCF742FA03E0C2A1B7A0FCF711FCEFA07A
:106BC000FCF70EFC96E7F7A11598F9F757FB00289C
:106BD0002ED0169818282BD8ACA11598F9F74EFB93
:106BE00014901498401CF9F795FB80B213907D2106
:106BF00009011398884213DA1398002810DDA4497C
:106C00001398C881A3A1A4A0FCF7EAFBA048C089FF
:106C100001461290E9A0FCF7E3FBFCF7C3FA03E09E
:106C2000A7A19DA0FCF7DCFBEBA0FCF7D9FB61E77B
:106C3000F2A11598F9F722FB002834D016981628EF
:106C400031D8169813282ED390A11598F9F716FB72
:106C500014901498401CF9F75DFB80B213901398C0
:106C60000A2804DB2D2149011398884202DD13987C
:106C7000002810D1864913984881E5A186A0FCF729
:106C8000AFFB8348408901461290E2A0FCF7A8FBC5
:106C9000FCF740FA03E0DEA17FA0FCF7A1FBE5A032
:106CA000FCF79EFB26E7EBA11598F9F7E7FA002819
:106CB0002CD016980F2829D174A11598F9F7DEFA6F
:106CC00014901498401CF9F725FBC0B21390139848
:106CD000042813DC1398002810DD6D49139888717F
:106CE000CBA16DA0FCF77CFB69488079014612902E
:106CF000DCA0FCF775FBFCF731FA03E0C4A166A049
:106D0000FCF76EFBDDA0FCF76BFBF3E6E2A1159848
:106D1000F9F7B4FA00282ED0169816282BD85BA1C4
:106D20001598F9F7ABFA14901498401CF9F7F2FA99
:106D300080B213902D2149011398884213DA1398D9
:106D4000002810DD524913988881B1A152A0FCF7A8
:106D500047FB4F48808901461290D4A0FCF740FBC6
:106D6000FBF732FD03E0AAA14BA0FCF739FBD7A04B
:106D7000FCF736FBBEE6DDA11598F9F77FFA00288F
:106D80002ED0169817282BD840A11598F9F776FA27
:106D900014901498401CF9F7BDFA80B213907D212D
:106DA00009011398884213DA1398002810DD384936
:106DB0001398C88196A138A0FCF712FB3448C0890B
:106DC00001461290CEA0FCF70BFBFCF7EBF903E0B9
:106DD0008FA131A0FCF704FBD1A0FCF701FB89E6F1
:106DE000D7A11598F9F74AFA00283FD0D7A11598EE
:106DF000F9F744FA0028F8D0D7A11598F9F73EFA28
:106E00000028F2D07821D748F9F72DFAD6A11598A5
:106E1000F9F734FA139000201290119012ABD14A76
:106E2000D5A11398FFF7A3FC129808281FD178A1C9
:106E300019A0FCF7D5FAD1A0FCF7D2FAC94800682E
:106E400012A11090F9F71AFA14901498401CF9F74F
:106E500029FA00280CD01498401CF9F723FA0328CB
:106E600006D81498401CF9F755FA91E177E377E3D7
:106E70009CE10000536574205265706F7274204964
:106E80006E74657276616C3A000000003A00000092
:106E9000D00000204C4F47000A5B25735D000000C6
:106EA000526563762055617274205265706F7274FA
:106EB00020496E74657276616C203A2025646D00FD
:106EC0004552524F52000000526563762055617260
:106ED00074205265706F727420496E7465727661A9
:106EE0006C20506172616D204552524F520000007B
:106EF000536574204952205265706F7274204D6F33
:106F000064653A005265637620556172742052655B
:106F1000706F7274204D6F6465203A202564000004
:106F2000526563762055617274205265706F727479
:106F3000204D6F646520506172616D204552524F43
:106F400052000000536574204952205265706F72E0
:106F50007420496E74657276616C3A00526563768E
:106F60002055617274205265706F727420496E747E
:106F7000657276616C203A20256400005265637664
:106F80002055617274205265706F727420496E745E
:106F90006572766120506172616D204552524F5288
:106FA00000000000536574204952205265706F72D2
:106FB0007420436F756E743A00000000526563766A
:106FC0002055617274205265706F727420436F7522
:106FD0006E74203A202564005265637620556172F4
:106FE00074205265706F727420436F756E742050F8
:106FF0006172616D204552524F52000073657444B6
:1070000061746153796E63506572696F643A000010
:1070100041434B007365744461746153796E6350EE
:107020006572696F643A2025646D200D0A204F4B0C
:10703000000000007365744461746153796E63509D
:107040006572696F6420506172616D204552524FC4
:10705000520000007365745265706F72744D6F64F6
:10706000653A00007365745265706F72744D6F6499
:10707000653A202564200D0A204F4B007365745239
:1070800065706F72744D6F646520506172616D2020
:107090004552524F520000007365745265706F7212
:1070A00074496E74657276616C3A0000736574524F
:1070B00065706F7274496E74657276616C3A2025E2
:1070C0006473200D0A204F4B00000000736574525A
:1070D00065706F7274496E74657276616C20506170
:1070E00072616D204552524F52000000736574501A
:1070F000656F706C655468726573686F6C643A0094
:1071000073657450656F706C655468726573686FF1
:107110006C643A202564200D0A204F4B00000000CB
:1071200073657450656F706C655468726573686FD1
:107130006C6420506172616D204552524F520000C4
:107140004C6F526157414E506F7274004C6F5261D8
:1071500057414E46726571004C6F526157414E4A1D
:107160006F696E00D00B00204C6F526157414E503A
:107170006F72743A000000002C0000007365744CBC
:107180006F526157414E506172616D204F4B00004C
:10719000F4494870F449F548FCF722F9F148407881
:1071A00001461090F2A0FCF71BF903E0EE49EF480E
:1071B000FCF716F9F5A0FCF713F9FB484068FBA1B2
:1071C0001090F9F75BF814901498401CF9F76AF8DE
:1071D00006281DD1F6A000681090149B5B1CF5A238
:1071E000032110A8FEF73EFC10A8F9F793F87D21C3
:1071F000C9004843DB49C864DB49DC48FCF7F0F8C8
:10720000D848C06C01460F90EBA0FCF7E9F803E00A
:10721000D549D648FCF7E4F8DCA0FCF7E1F8E248F1
:107220008068E2A11090F9F729F814901498401C96
:10723000F9F738F8072819D1E6A11498401CF9F796
:107240001DF8002803D00020C649887002E0022003
:10725000C4498870C449C548FCF7C2F8C148807861
:1072600001461090DCA0FCF7BBF803E0BE49BF4824
:10727000FCF7B6F8DFA0FCF7B3F8CB48C068CBA1A9
:107280001090F8F7FBFF401C14901498F9F70AF8D7
:10729000082840D1002011900DE0B2480B30119920
:1072A00040181090149840180F901099FFF78DFA1D
:1072B0001198401C119011980828EEDBAB49091F6A
:1072C000081DFCF78DF8A748807CA649497CA54A93
:1072D000127CA44BDB7B0193029203910490A148A2
:1072E000807B00909F48407B10909E48007B0F90D1
:1072F0009C4800E099E2C07C0E900146C4A0109B1F
:107300000F9AFCF76DF898499848FCF769F8CCA0FB
:10731000FCF766F803E094499448FCF761F8CEA0C6
:10732000FCF75EF8A0480069A0A11090F8F7A6FF4E
:10733000401C14901498F8F7B5FF102853D1002082
:1073400011900DE08748133011994018109014984F
:1073500040180F901099FFF738FA1198401C1190BF
:1073600011981028EEDB8149091F081DFCF738F839
:107370007C481330C07B7B4913318A7B497B794B36
:10738000DB7F09930B920A910C907648807F7549B8
:107390004A7F097F734BDB7E059307920691089025
:1073A0007048827E417E007E6E4BDB7D019302AB96
:1073B00007C36C48807D00906A48407D1090694802
:1073C000007D0F906748C07C0E900146AA48109B34
:1073D0000F9AFCF705F864496448FCF701F8A7A088
:1073E000FBF7FEFF03E060496048FBF7F9FFA9A047
:1073F000FBF7F6FF6C4840696CA11090F8F73EFF70
:10740000401C14901498F8F74DFF042836D1002042
:1074100011900DE0534823301199401810901498A2
:1074200040180F901099FFF7D0F91198401C119057
:1074300011980428EEDB4D49091F081DFBF7D0FF0A
:1074400048482330C0780090464823308078109018
:107450004448233040780F9042482030C0780E9046
:10746000014694A0109B0F9AFBF7BAFF3E493F4894
:10747000FBF7B6FF97A0FBF7B3FF03E03A493B48A1
:10748000FBF7AEFF99A0FBF7ABFF4748806947A128
:107490001090F8F7F3FE401C14901498F8F702FFD0
:1074A00010285BD1002011900DE02E482730119953
:1074B00040181090149840180F901099FFF785F914
:1074C0001198401C119011981028EEDB2749091FD4
:1074D000081DFBF785FF23482730C27B817B407B5B
:1074E000204B27331B7B09930AAB07C31D4827306A
:1074F000C17A827A407A1B4B27331B7A0593079215
:107500000891069017482730C079164927318A79A3
:107510004979144B27331B7901930392029104900C
:1075200010482730C07800900E482730807810909F
:107530000C48273040780F900A482030C0790E90D0
:1075400001467248109B0F9AFBF74AFF064907480D
:10755000FBF746FF6EA0FBF743FFE9E0E4E065E1DF
:107560005CE10000480C002010700008986E0008D4
:107570007365744C6F526157414E506F72743A206C
:107580002564200D0A204F4B000000007365744CE9
:107590006F526157414E506F727420506172616D2D
:1075A000204552524F520000D00B00203A000000FC
:1075B00038363800257300007365744C6F5261577C
:1075C000414E467265713A202564200D0A204F4BCA
:1075D00000000000410000007365744C6F52615759
:1075E000414E4A6F696E3A202564200D0A204F4BA8
:1075F000000000007365744C6F526157414E4A6F32
:10760000696E20506172616D204552524F520000E8
:107610004170704555493A20253032782025303266
:107620007820253032782025303278202530327885
:1076300020253032782025303278202530327800ED
:107640007365744C6F526157414E415050455549D6
:10765000200D0A204F4B00007365744C6F52615728
:10766000414E41707045554920506172616D204511
:1076700052524F5200000000589700087365744C36
:107680006F526157414E4150504B4559200D0A20D1
:107690004F4B00007365744C6F526157414E41501F
:1076A000504B455920506172616D204552524F52E6
:1076B00000000000444556414444523A20253032EF
:1076C00078202530327820253032782025303278E5
:1076D000000000007365744C6F526157414E444581
:1076E0005641444452200D0A204F4B007365744CA0
:1076F0006F526157414E44455641444452205061B7
:1077000072616D204552524F520000000C980008E3
:107710007365744C6F526157414E415050534B4505
:1077200059200D0A204F4B00F749F848FBF758FE47
:10773000F7A0FBF755FEFE48C069FEA11090F8F7D0
:107740009DFD401C14901498F8F7ACFD102853D1FF
:10775000002011900CE0F8481199401810901498EE
:1077600040180F901099FFF730F81198401C1190B5
:1077700011981028EFDBE549091F081DFBF730FEC3
:10778000ED48C27B807BEC49497BEB4B1B7B09932B
:107790000C920A910B90E848C07AE749897AE64A48
:1077A000527AE54B1B7A0593069207910890E248BE
:1077B000C17982794079E04B1B790193039204915E
:1077C0000290DD48C0780090DB4880781090DA485D
:1077D00040780F90D8481738C07D0E900146D748A2
:1077E000109B0F9AFBF7FCFDC749C848FBF7F8FD53
:1077F000D3A0FBF7F5FD03E0C349C448FBF7F0FD58
:10780000D5A0FBF7EDFDFBF7A9FBFBF739FBFBF779
:1078100037FC0121C8480930017203E0BA49BB486E
:10782000FBF7DEFDD4A0FBF7DBFDD1E3D7A1159874
:10783000F8F724FD002814D0D94800780028F4D1A6
:10784000B149B248FBF7CCFDD6A0FBF7C9FD01203A
:10785000D34908700421B84809300172FEF7EAFFE5
:10786000B6E3D9A11598F8F709FD00287ED0DA48CB
:107870000078002806D10120D74908700421AE48BD
:1078800009300172FF21F531D448F8F7ECFCAA4821
:107890003738807800286AD1D1A1D048FEF7FEF8A9
:1078A000CE48F8F7FFFCCD4940181390CF48027836
:1078B000CFA11398FEF7F2F8C848F8F7F3FCC749D0
:1078C00040180122CFA11390FEF7E8F8C348F8F75B
:1078D000E9FCC24940181390CE4840890246CEA127
:1078E00012901398FEF7DAF8BC48F8F7DBFCBB49B6
:1078F0004018CEA2CFA11390FEF7D0F8B748F8F702
:10790000D1FCB649401813908B483738827A417AB7
:10791000007A894B373BDB79029303AB07C3864878
:107920003738807984493739497900910190824804
:1079300037380079129080483738C0781190024665
:10794000C0A1129B1398FEF7A9F8A448F8F7AAFC67
:10795000A2494018139078483738827C407C764999
:107960003739097C744B373BDB7B01E0C5E278E0BB
:1079700002930592039104906F483738807B6E49DB
:107980003739497B009101906B483738007B129062
:1079900069483738C07A11900246B5A1129B1398F6
:1079A000FEF77CF88D48F8F77DFC8C494018139061
:1079B00061482438C17B827B407B5F4B373BDB7F58
:1079C0000A930C920D910B905B483738827F417F70
:1079D000007F594B373BDB7E069307AB07C3564806
:1079E0003738807E54493739497E534A373A127EB8
:1079F000514B373BDB7D02930392049105904E4837
:107A00003738807D4C493739497D009101904A488B
:107A10003738007D129048483738C07C11900246B4
:107A20009E49129B1398FEF739F86C48F8F73AFC18
:107A30006A4940189AA11390FEF730F86748F8F7A2
:107A400031FC6649401899A11390FEF727F8634866
:107A5000F8F728FC6149401897A11390FEF71EF82B
:107A600039E25FA15D48FEF719F85C48F8F71AFCA7
:107A70005A49401813905D4802785DA11398FEF7AB
:107A80000DF85648F8F70EFC5449401801225DA144
:107A90001390FEF703F85148F8F704FC4F494018DB
:107AA00013905C48408902465BA112901398FDF741
:107AB000F5FF4A48F8F7F6FB4849401881A25DA156
:107AC0001390FDF7EBFF4548F8F7ECFB43494018EE
:107AD000139019483738817A427A007A164B373B2F
:107AE000DB7902930492059103901348373880792B
:107AF000114937394979009101900F483738007999
:107B000012900D483738E1E010700008986E0008B8
:107B10007365744C6F526157414E415050534B4501
:107B20005920506172616D204552524F5200000041
:107B3000D00B00203A0000007F0C0020B097000816
:107B40007365744C6F526157414E4E574B534B45C2
:107B500059200D0A204F4B007365744C6F526157CA
:107B6000414E4E574B534B455920506172616D2029
:107B70004552524F520000004C6F526157414E2007
:107B8000504152414D204552524F52007374617220
:107B900074466163746F72795465737400000000F9
:107BA0003E00002070656F706C65436F756E746584
:107BB00072207374617274466163746F7279546574
:107BC0007374204F4B0000006765744465766963E9
:107BD00065537461747565003F0000209C090020A6
:107BE0006465766963655374617465000000002004
:107BF0002C626174746572795374617475733A257B
:107C0000640000002C706F77657253746174757333
:107C10003A256400D00000202C6461746153796EB1
:107C200063506572696F643A25640000436C617348
:107C3000732041002C4C6F526157414E4A6F696E60
:107C40003A2573002C4445564555493A253032783B
:107C50002530327825303278253032782530327828
:107C60002530327825303278253032780000000017
:107C70002C4150504555493A2530327825303278DC
:107C800025303278253032782530327825303278F8
:107C900025303278253032780000000068980008DE
:107CA0002C444556414444523A0000002C41505067
:107CB000534B45593A0000002C4E574B534B4559F6
:107CC0003A000000436C617373204300C078119048
:107CD0000246C049129B1398FDF7E0FEBE48F8F734
:107CE000E1FABD4940181390BC48807CBB494A7CEE
:107CF000097CBA4BDB7B0293049203910590B74851
:107D0000807BB649497B00910190B448007B12907A
:107D1000B248C07A11900246AE492C31129B13989A
:107D2000FDF7BCFEAC48F8F7BDFAAB49401813901C
:107D3000AA481330C27B807BA8491331497BA74BEB
:107D4000DB7F0A930D920B910C90A448827F417FB8
:107D5000007FA24BDB7E069307AB07C39F48807E64
:107D60009E49497E9D4A127E9C4BDB7D0293039285
:107D7000049105909948807D9849497D0091019032
:107D80009648007D12909548C07C11900246944917
:107D9000129B1398FDF782FE8F48F8F783FA8E49FD
:107DA000401813908D482330C0788C49233189784E
:107DB0000091019089482330407812908748203004
:107DC000C0781190024687A1129B1398FDF766FEBA
:107DD0008148F8F767FA8049401813907F482730A8
:107DE000C27B817B407B7D4B27331B7B0A930BAB94
:107DF00007C37A482730C27A807A78492731497A8E
:107E0000764B27331B7A06930992079108907348A3
:107E10002730C27980797149273149796F4B2733EF
:107E20001B7902930592039104906C482730C07827
:107E30006A49273189780091019068482730407855
:107E4000129066482030C079119002466C49129B0E
:107E50001398FDF723FE6048F8F724FA5E494018AE
:107E600013905E483730C07B5C4937318A7B497B51
:107E70005A4B37331B7B0A930C920B910D9057484A
:107E80003730C27A817A407A544B37331B7A069363
:107E900007AB07C351483730C279817940794F4BDE
:107EA00037331B79029303AB07C34C483730C07894
:107EB0004A493731897800910190484837304078F5
:107EC000129046482030C07D119002464D49129BC9
:107ED0001398FDF7E3FD4048F8F7E4F93E494018F0
:107EE00049A11390FDF7DAFD49494A48FBF778FAB2
:107EF000394949A0FBF774FA6AE048A11598F8F7E8
:107F0000BDF900285DD04AA11598F8F7B7F9401CD3
:107F100013901398F8F7FEF91290129800284FD09A
:107F2000E121C90112984018129012A8F8F7F4FB49
:107F30001190119840693F4940183F494861119894
:107F40000069401C08611198C1683B48C1601198E4
:107F500080683949886011984068486011980068C5
:107F600008600846C068109008460069401C0F90E1
:107F7000084640690E90109A0F9901F0E9FA2E49CF
:107F8000886100F08DFC2349091F081DFBF728FAC2
:107F9000294801684068284A92680092029101903D
:107FA0002548C0681090244800690F902248406915
:107FB0000E90014621A0109B0F9AFBF711FA00BF0B
:107FC00006E02AA11348FBF70BFA2AA0FBF708FAF0
:107FD00017B000BD447C00089C090020480C00201C
:107FE000689800082C444556414444523A253032A2
:107FF000782530327825303278253032780000000C
:1080000000990008B49800082C4952433031000010
:1080100010700008986E00082573000073796E6375
:1080200044657669636554696D657374616D70004C
:108030003A0000006C070000900B00205265637648
:1080400020556172742053796E632054696D6520E8
:10805000434D442C253034642D253032642D253099
:1080600032642D25643A25643A2564005741524E06
:108070000000000055617274204661696C656420DF
:10808000546F205061727365204461746121000057
:10809000F3B585B000250698C5B2059E3046FEF7BB
:1080A000DFFA012801D107B0F0BDF078C007C00F9A
:1080B000002814D0CC4FDC213846F8F7D4F83946E4
:1080C000FF2001F013F8C9490870084600783F18EE
:1080D00008460178C648818600F0A2FE00BFC5A10F
:1080E000C5A0FBF77DF92946C5A0FBF779F9741DFA
:1080F000681FC5B271E120780490BEA1BEA0FBF755
:108100006FF9C9A00499FBF76BF904987F2871D027
:1081100008DC04280DD005281DD0062830D00728FB
:1081200069D142E0802867D0852866D08628F7D1BB
:1081300027E16078C3498871A81EC5B2A41CFBF76B
:108140000DF8ACA1ACA0FBF74BF9BE488179BEA0FD
:10815000FBF746F93CE160780002A1780843B94991
:108160008881E81EC5B2E41CFAF766FFA1A1A2A0AF
:10817000FBF736F9B3488189BBA0FBF731F927E15A
:1081800060780002A1780843AE49C881E81EC5B2F4
:10819000E41CFBF707F897A197A0FBF721F9A94882
:1081A000C189BAA0FBF71CF912E16778012F0FD142
:1081B000681EC5B2641C0020A2498883C883086277
:1081C00048628CA18CA0FBF70BF9B8A0FBF708F96B
:1081D000681EC5B2641C9B4800790821884308309A
:1081E0009849087183A184A0FBF7FAF8B5A0FBF7C2
:1081F000F7F8EDE08EE0E7E029E06778012F0BD19A
:108200000A20B6494870002088700121B3484030E8
:108210000172FAF735FF0EE0022F0CD10A20AF49A8
:108220004870002088700121AC4840300172FAF794
:1082300027FFFAF743FDA81EC5B2A41CA8A16EA093
:10824000FBF7CEF83946A8A0FBF7CAF8C0E0607883
:1082500064280EDCA0780B280BDCE0781F2808DCF3
:108260002079172805DC60793B2802DCA0793B28BF
:1082700007DDA6A160A0FBF7B3F8A6A0FBF7B0F856
:1082800044E06078AA49C870A078401C4870E07843
:1082900088702079A749087160794871A079887140
:1082A00054A155A0FBF79CF8A2488079A1494979CF
:1082B000A04A12790092019102909D4883784278F9
:1082C000C1789DA0FBF78CF89A49994800F0E0FF2F
:1082D00060787D2109014018A2494861A178A14830
:1082E0000161E0789F49C8602079886060794860C2
:1082F000A07908600B46DA681B69591C994B5869CC
:1083000001F026F99749886100F0CAFAE81FC5B262
:10831000E41D5DE0607800280BD14A49087200F046
:1083200045FD34A134A0FBF75BF88FA0FBF758F8AC
:1083300017E06078012814D1A078172802DCE078D3
:108340003B2807DD71A12CA0FBF74AF889A0FBF7B9
:1083500047F806E001203B490872E178A07800F078
:1083600073FEFAF743FF23A123A0FBF739F8E37864
:10837000A278617886A0FBF733F8E81EC5B2E41C4A
:1083800026E060780002A178084307460A2F03DB45
:108390002D204001874201DD002F0CD12948478163
:1083A000FAF7B8FE13A114A0FBF71AF8394682A019
:1083B000FBF716F807E00FA10FA0FBF711F83946FD
:1083C00086A0FBF70DF800BFA81EC5B2A41C00BF15
:1083D00000BFC82D00DD03E000BF002D00D08AE6FD
:1083E00000BF00BF5FE60000C00800203D00002085
:1083F000C80200204C4F47000A5B25735D00000057
:1084000052656376204C6F526157414E20434D4474
:108410002C20546F74616C2044617461204C656E33
:10842000203A2025642C0000416E616C79736973D9
:1084300020446174612054797065203A20253032DF
:1084400078000000D00000205570646174652044FD
:108450006576696365205265706F7274204D6F6434
:1084600065203A20256400005570646174652044DD
:108470006576696365205265706F727420496E7409
:10848000657276616C203A20256400005570646145
:10849000746520446576696365205265706F7274F7
:1084A00020436F756E74203A202564005365727600
:1084B00065722041736B205A65726F20436F756E31
:1084C000740000005365727665722041736B205210
:1084D00065706F727420436F756E7400480C0020D5
:1084E0005741524E00000000526563762044657685
:1084F000696365205265737420466163746F727995
:1085000020434D44203A2025640000004552524F3C
:108510005200000057726F6E672074696D652C43BE
:108520006865636B2073656E7420646174612100FB
:108530006400002068000020526563762053657255
:108540007665722053796E632054696D6520434DC2
:10855000442C25642D25642D25642D25642D25644A
:108560002D256400900B0020416C6D613A6F6666AA
:108570000000000077726F6E672074696D652C4390
:108580006865636B2073656E74206461746121009B
:1085900052656376204465766963652054696D652C
:1085A000204576656E7420434D44203A2025642092
:1085B00025642025640000005570646174652044C2
:1085C00065766963652053796E6320496E746572C0
:1085D00076616C203A2025640000000055706461CB
:1085E0007465204465766963652053796E6320491C
:1085F0006E74657276616C204572726F723A2025D6
:108600006400000010B51C48008E00281ED11A48D6
:10861000C08D00281AD01848C28D184918A0F9F743
:10862000B5FD19A119A0FAF7DBFE144919A0FAF754
:10863000D7FE1148C18D1148FFF72AFDFF21F53102
:108640000E48F7F710FE00200B49C88518488089AE
:10865000002810D11648408900280CD014484189C0
:108660005A38FEF70BFA642111485A38F7F7FBFD28
:1086700000210F48418110BDC804002002030020E2
:1086800052656376000000004C4F47000A5B25737B
:108690005D000000526563762055617274204C6F56
:1086A000526157414E20446174613A2025730000A5
:1086B000BA05002070B504460D463548FBF72EFC80
:1086C000F021084006110A2046433148FBF726FCFA
:1086D0000007000F301828712D48FBF730FCF021FF
:1086E000084006110A2046432948FBF728FC0007EA
:1086F000000F301868712648FBF732FCF021084063
:1087000006110A2046432248FBF72AFC0007000F07
:108710003018A8711E48FBF7E9FAF021084006114D
:108720000A2046431A48FBF7E1FA0007000F301809
:10873000E0701748FBF7C2FAF021084006110A2042
:1087400046431348FBF7BAFA0007000F3018607071
:108750000F48FBF7A7FAF021084006110A2046430C
:108760000B48FBF79FFA0007000F3018A07008486D
:10877000FBF7B5FAF021084006110A2046430448E9
:10878000FBF7ADFA0007000F3018207070BD000035
:108790000028004000B5012105200007FAF7C4FFBA
:1087A000002801D0012000BD0020FCE710B5012108
:1087B000C9030448FAF7B8FF002801D0012010BD12
:1087C0000020FCE70004005070B500250BE07D2080
:1087D000C000FCF735FAFFF7E9FF0446002C01D092
:1087E000002070BD6D1C0F2DF1DB0120F9E70000AA
:1087F00010B5012189030448FAF79AFF002801D037
:10880000012010BD0020FCE70004005070B57D2061
:10881000C000FCF715FA00250BE000F00EF8044646
:10882000002C01D0002070BD7D20C000FCF708FAAC
:108830006D1C062DF1DB0120F5E710B50121C90201
:1088400005200007FAF770FF002801D0012010BDB5
:108850000020FCE710B50121090305200007FAF705
:1088600067FF002801D0012010BD0020FCE700B503
:10887000402105200007FAF757FF002801D001200A
:1088800000BD0020FCE700B5802105200007FAF7B5
:108890004BFF002801D0012000BD0020FCE70000B4
:1088A00000B58FB02C2104A8F7F7DDFC1E48406905
:1088B0001E49401A09901C480069401E08901A4839
:1088C000C06807901848806806901748406805906F
:1088D000154800680490144880690A900020C0433D
:1088E0000C9004A8F7F760FCE121C901401A104977
:1088F000086010A110A0FAF773FD0D4803680A483C
:1089000001684068084A92680393009202910190BE
:108910000548C3680069421C034841690848FAF7E2
:108920005FFD0FB000BD0000900B00206C07000041
:10893000600000204C4F47000A5B25735D0000007B
:108940004C9900080148006870470000480000206A
:1089500010B5E6220449054800F06CF804490348C4
:1089600000F004F910BD0000BC070020A40800209E
:10897000E18C00081CB5014600290DD0144B086895
:10898000984209D1DB438869984205D1486800289C
:1089900002D08868002801D100201CBD0869019020
:1089A000C8680090009B0198984201D18A680CE049
:1089B000019B0098984203D9019B0098C21A04E0D9
:1089C0008868009C019B1B1BC21A501EE5E7000033
:1089D000EFBEADDE1CB5014600290DD0144B086872
:1089E000984209D1DB438869984205D1486800283C
:1089F00002D08868002801D100201CBD08690190C0
:108A0000C8680090009B0198984201D100220CE0B8
:108A1000009B0198984203D9009B0198C21A04E078
:108A20008868019C009B1B1BC21A1046E5E70000EA
:108A3000EFBEADDE70B504460D461646002C03D0E1
:108A4000002D01D0002E01D1002070BD1C21204638
:108A5000F7F709FCA660656002482060C043A0618A
:108A60000120F2E7EFBEADDEFEB504460F46154627
:108A70000097002C11D02B49206888420DD1C943A2
:108A8000A069884209D16068002806D0A068002843
:108A900003D0002F01D0002D01D10020FEBD2046C3
:108AA000FFF798FF02900298A84201D2029800E0D6
:108AB00028460546002D00D1F0E7E0680190A06847
:108AC0000199401AA84203D2A0680199401A00E017
:108AD000284606466068019A811832460098F7F7E2
:108AE000A9FB019880190190AD1B002D06D061688B
:108AF000009A90192A46F7F79DFB0195A068019905
:108B0000884201D8002001900198E06000BF6069B0
:108B1000002804D07219002120466369984700BFDD
:108B20007019BBE7EFBEADDE10B50446002C1AD0BD
:108B30000D492068884216D1C943A069884212D1E4
:108B4000606800280FD0A06800280CD000202061A9
:108B5000E06000BF6069002804D0002202212046A6
:108B60006369984700BF10BDEFBEADDE00280ED090
:108B7000074B02689A420AD1DB4382699A4206D1C6
:108B80004268002A03D08268002A00D04161704701
:108B9000EFBEADDEFEB504460F4615460097002C2D
:108BA00011D02B49206888420DD1C943A069884261
:108BB00009D16068002806D0A068002803D0002FE3
:108BC00001D0002D01D10020FEBD2046FFF7D2FECE
:108BD00002900298A84201D2029800E02846054679
:108BE000002D00D1F0E720690190A0680199401A9A
:108BF000A84203D2A0680199401A00E02846064620
:108C00006168019A881832460099F7F713FB0198BA
:108C100080190190AD1B002D06D0009A91192A46AB
:108C20006068F7F707FB0195A0680199884201D8B1
:108C3000002001900198206100BF6069002804D0E5
:108C40007219012120466369984700BF7019BBE77C
:108C5000EFBEADDE01460022034B1A8000BF024A80
:108C600012888A42FBDB704754000020FCF724FE88
:108C7000FCF7F6FB00F042FC01211548FCF74AFE28
:108C8000F9F7E2F8F9F7EEF9F9F752F8F9F74EFECD
:108C9000FFF75EFEFBF7DEFB0720002805DBC206C0
:108CA000D20E012191400B4A116000BF01210A48F8
:108CB00001740A4808492039886107E0FBF7A6FDDE
:108CC000FFF7A0FCF9F7EEFAFCF784FBF6E70000EB
:108CD0003108000000E100E0F000002060EA000040
:108CE00070B506460C461546002C0BD0012C12D050
:108CF000022C19D10EA110A0FAF772FB10A0FAF7FE
:108D00006FFB12E00AA10CA0FAF76AFB294613A038
:108D1000FAF766FB09E006A107A0FAF761FB29460E
:108D200018A0FAF75DFB00E000BF00BF70BD0000B7
:108D30004C575242000000000A5B25735D000000A2
:108D40005B4556545D204275666665722072657398
:108D50006574206576656E74210000005B4556548D
:108D60005D20427566666572207265616420657675
:108D7000656E743A20256420627974652873292110
:108D8000000000005B4556545D20427566666572C2
:108D9000207772697465206576656E743A20256463
:108DA00020627974652873292100000010B50C48F1
:108DB000FBF719F800BF0A488068FF21013188439A
:108DC0000749886000BF00BF08468068891488434F
:108DD0000349886000BF00BFFF20486200BF10BD8C
:108DE0000028004010B50022FF21013105200007B6
:108DF000FAF7C0FC0520FBF723FF01221102052032
:108E00000007FAF7B7FCC820FBF71AFF0348007801
:108E1000400840000149087010BD0000480C0020C7
:108E200010B5FFF7E5FC012802D1002000F014FA8C
:108E3000FFF710FD002802D1012000F01BFA00BF4F
:108E4000FFF7B4FC0028FBD06420FFF703FF0322E8
:108E50004B494C48F7F7EEF900204A49C8704A4898
:108E60000078087148480078401C47490870474816
:108E7000828E4749FF38BC38F7F7DCF94348808ECB
:108E8000401D81B241488186818E3E48FBF7EAFE53
:108E90003E48828E3B493FA0F9F778F9FFF794FCF2
:108EA000002807D03DA13FA0FAF79AFA3FA0FAF7B1
:108EB00097FA04E0FFF7AAFC00284FD000BF37A1C3
:108EC00038A0FAF78DFA3FA0FAF78AFA2F48808E79
:108ED000401F81B22D48818601220146343143482A
:108EE000FFF758FE2948828E29494048FFF752FE75
:108EF0003F480078401C3E4908703E48C079401CFD
:108F00003C49C8710846C07905281DDB0020C8719E
:108F10003948007840084000374908700221364837
:108F20004030C1710021017234480068E121C9005C
:108F300040183349086033A11AA0FAF751FA3048B3
:108F4000016831A0FAF74CFAFF21F5310F483A30A9
:108F5000F7F789F900203449C88510BD002025495C
:108F6000C87128A10FA0FAF73BFA30A0FAF738FA37
:108F7000344906480187F7F755FD00BFEDE70000CB
:108F8000E39500080801002040000020C8020020EE
:108F9000C008002053656E64000000005741524E27
:108FA000000000000A5B25735D00000057616974D2
:108FB000204275737920494F2054696D656F75742F
:108FC000000000004C6F52612053656E6444617470
:108FD00061204661696C2C20577269746520446178
:108FE000746520546F20436163686500A408002005
:108FF0003C000020D0000020480C00206000002031
:10900000BC0000204C4F47005570646174652052CD
:1090100065636F6E6E6563742054696D657374610A
:109020006D703A20256C6400C80400204C6F5261BA
:109030002053656E64446174612053756363657386
:10904000730000008813000070B504460D46FFF75A
:10905000ADFE00201949086088710120C0078860B2
:10906000084604714571024600211548FAF740FD93
:109070001348FAF7B8FE1248FAF7E8FD00BF1048A7
:109080008068FF21013108430D49886000BF00BF9F
:1090900008468068891408430949886000BF00BFFA
:1090A000FF20486200BF07A107A0FAF799F92A46F6
:1090B000214607A0FAF794F970BD0000BC0B002010
:1090C000002800404C4F47000A5B25735D000000FC
:1090D00053455420416C6D612074696D653A2025BB
:1090E0003032643A253032640000000070B5064624
:1090F0000C4601252670072E44D007DC3300FCF710
:1091000022FD07A0121921272D37A000842E71D02F
:1091100004DC822E72D0832E6ED174E0862E6CD049
:10912000FF2EF9D188E0012060700920A070A81CF2
:10913000C5B287E006224549601CF7F77BF8A81DF9
:10914000C5B27FE0424800786070681CC5B279E023
:10915000404880796070681CC5B273E03D488089E2
:10916000001260703B48007BA070A81CC5B269E08B
:109170003848C089001260703648807BA070A81CF7
:10918000C5B25FE03348808B001260703148007FC9
:10919000A0703048C08B0012E0702E48807F207194
:1091A0002C48006A000E60712A48006A0002000E16
:1091B000A0712848008C0004000EE0712548008C46
:1091C00020722448406A000E60722248406A000201
:1091D000000EA0721F48808C0004000EE0721D4833
:1091E000808C207300201B498883C88328460C305C
:1091F000C5B227E00EE001E023E013E0012060703B
:10920000681CC5B21EE013480079C0096070681C74
:10921000C5B217E00F484079C007C00F6070681CE6
:10922000C5B20FE00B484089001260700948807A8F
:10923000A070A81CC5B205E0FF206070681CC5B214
:1092400000E000BF00BF284670BD00004D0C0020AC
:1092500000000020D000002010B504462246012165
:1092600089030348FAF786FA0520FBF7E9FC10BDED
:109270000004005010B504462246012109030520D0
:109280000007FAF777FA6420FBF7DAFC10BD00005C
:109290007FB504460D4600202860A2786178E37807
:1092A0007D263601981900F053F9002801D10720D6
:1092B00007E0A2786178E3787D263601981900F0FE
:1092C00047F920702A4600211048FAF755FE224639
:1092D00000210E48FAF71BFD29462046FFF7EAF960
:1092E0000BA10CA0FAF77CF82078A9796A792B7980
:1092F0000093019202910390A3786278E0787D2632
:109300003601811905A0FAF76BF87FBD00280040EF
:109310004C4F47000A5B25735D0000005570646187
:1093200074652053797374696D65204E6F77203AA8
:10933000253034642D253032642D253032642025CB
:109340003032643A253032643A2530326420776511
:10935000656B3A25303264007FB56048FAF7BFFC90
:10936000F021084005110A2045435C48FAF7B7FC94
:109370000007000F2818C0B2072801D100200EE016
:109380005648FAF7ACFCF021084005110A20454385
:109390005248FAF7A4FC0007000F2818C0B2504941
:1093A00088614E48FAF7A2FCF021084005110A2016
:1093B00045434A48FAF79AFC0007000F2818C0B244
:1093C0007D2109014018464948614448FAF776FC76
:1093D000F021084005110A2045434048FAF76EFC89
:1093E0000007000F2818C0B2401E3D4908613B48E5
:1093F000FAF758FCF021084005110A204543374888
:10940000FAF750FC0007000F2818C0B23449C860B2
:1094100000BF32490968334A114008460321090553
:109420000140090D09010F2212040240120C1143E0
:109430000904072212030240120B12010F231B0220
:1094400003401B0A1A431202114370220240120900
:10945000120103071B0F1A430C46144300BF200CD4
:10946000F021084000110A2148432103090F401848
:109470001B498860200AF021084000110A21484356
:109480002105090F4018C0B215494860F02020405E
:1094900000110A2148432107090F4018C0B21049A2
:1094A0000860FFF7FDF910A110A0F9F799FF114826
:1094B00003680B4800680A494968094A926803939F
:1094C0000092019102900648C3680069421C04485A
:1094D00041690948F9F784FF7FBD0000002800407A
:1094E000900B00207F7F3F004C4F47000A5B2573A5
:1094F0005D000000600000209099000810B50D4844
:109500000D494861002008610120C8600020886082
:10951000486008600B46DA681B69591C064B58699D
:1095200000F016F804498861FFF7BAF9FBF702FF6B
:1095300010BD0000E6070000900B00200A0E02702C
:109540000A02120E42700A04120E8270C170704735
:10955000F7B584B00E46374606980390022F03DC19
:109560000498401E04900C3764210498F6F7D8FD47
:10957000044664210498F6F7D3FD0D46791C0D22AC
:10958000514308460521F6F7CBFD0246E017810F4F
:10959000081980106100401A4019E9178B0F5919FA
:1095A0008910401811180195009403980818401E5E
:1095B000029007210298F6F7B3FD084607B0F0BD08
:1095C000081C3044586C80000000000400040000B7
:1095D0000800000008000008000000080000040067
:1095E00008000C686B740000081C3044586C800044
:1095F000000000040004000008000000080000084B
:10960000000000080000040008000C001F0000001B
:109610001C0000001F0000001E0000001F000000D2
:109620001E0000001F0000001F0000001E000000C0
:109630001F0000001E0000001F00000000000000CE
:1096400000000000010203040607080900000000F2
:1096500001020304030406080C101820301F1C1F0D
:109660001E1F1E1F1F1E1F1E1F1F1D1F1E1F1E1F12
:109670001F1E1F1E1F0040404040404040404041D0
:1096800041414141404040404040404040404040D6
:109690004040404040400502020202020202020233
:1096A000020202020202202020202020202020206E
:1096B000020202020202029090909090901010100C
:1096C000101010101010101010101010101010109A
:1096D0001002020202020288888888888808080826
:1096E00008080808080808080808080808080808FA
:1096F0000802020202400000769600085B436F7584
:109700006E745D20496E66726172656420436F7588
:109710006E74657220413A2025642C20546F746168
:109720006C20436F756E74657220413A2025642C5D
:1097300020436F756E74657220423A2025642C2098
:10974000546F74616C20436F756E74657220423A79
:109750002025640A000000004150504B45593A2032
:109760002530327820253032782025303278202577
:10977000303278202530327820253032782025305C
:10978000327820253032782025303278202530324A
:1097900078202530327820253032782025303278F4
:1097A000202530327820253032782025303278005C
:1097B0004E574B534B45593A2025303278202530AF
:1097C000327820253032782025303278202530320A
:1097D00078202530327820253032782025303278B4
:1097E00020253032782025303278202530327820FC
:1097F00025303278202530327820253032782025E7
:10980000303278202530327800000000415050532B
:109810004B45593A202530327820253032782025A2
:1098200030327820253032782025303278202530AB
:109830003278202530327820253032782025303299
:109840007820253032782025303278202530327843
:10985000202530327820253032782025303278208B
:1098600025303278000000002C4150504B45593AC9
:1098700025303278253032782530327825303278EC
:1098800025303278253032782530327825303278DC
:1098900025303278253032782530327825303278CC
:1098A00025303278253032782530327825303278BC
:1098B000000000002C4E574B534B45593A2530328F
:1098C000782530327825303278253032782530329C
:1098D000782530327825303278253032782530328C
:1098E000782530327825303278253032782530327C
:1098F00078253032782530327825303278000000F3
:109900002C415050534B45593A253032782530324E
:10991000782530327825303278253032782530324B
:10992000782530327825303278253032782530323B
:10993000782530327825303278253032782530322B
:109940007825303278253032780000005570646117
:1099500074652053797374696D65204E6F77203A72
:10996000253034642D253032642D253032643A257B
:109970003032643A253032643A25303264202C206B
:1099800054696D657374616D70203A256C640000D4
:1099900052746320546F2053797374696D65204E3F
:1099A0006F77203A253034642D253032642D2530F0
:1099B00032643A253032643A253032643A25303206
:1099C00064202C2054696D657374616D70203A2594
:1099D0006C64000041542B4150504B45593D2025AB
:1099E00030327820253032782025303278202530EA
:1099F00032782025303278202530327820253032D8
:109A00007820253032782025303278202530327881
:109A100020253032782025303278202530327820C9
:109A200025303278202530327820253032782C309D
:109A3000000000000D0A4170704B65793A25303204
:109A4000782530327825303278253032782530321A
:109A5000782530327825303278253032782530320A
:109A600078253032782530327825303278253032FA
:109A7000782530327825303278253032780D0A005A
:109A8000A09A000800000020D00000006A5D0008D5
:109A9000709B0008D0000020181400007A5D0008B8
:109AA0000000000000000000000000006400000052
:109AB00000000000000000000000000000000000A6
:109AC0000000000000000000000000000000000096
:109AD0000000000000000000000000000000000086
:109AE0000000000000000000000000000000000076
:109AF0000000000000000000000000000000000066
:109B00000000000000000000000000000000000055
:109B1000000000000000000000002000083FBC0022
:109B2000650000012D35C7963275D743B4E73BEA8F
:109B300091681A3B416464722D35C7963275D743DC
:109B4000B4E73BEA91681A3B2D35C7963275D74387
:109B5000B4E73BEA91681A3B0000000000000000F7
:109B600000000000000000000000000000000000F5
:04000005080000D916
:00000001FF
