:020000040800F2
:10000000401D0020D5000008B17D000831700008B7
:1000100000000000000000000000000000000000E0
:100020000000000000000000000000000581000842
:100030000000000000000000E3000008E5000008E8
:10004000E7000008E7000008417F0008E70000081B
:10005000E7000008D9300008E7000008E7000008C2
:1000600000000000E7000008E7000008E7000008C3
:10007000E7000008E700000800000000098600080B
:1000800000000000198600080000000000000000C9
:10009000F985000800000000E7000008E7000008FC
:1000A000E7000008E7000008E7000008C18C00082E
:1000B000158D0008797300080000000000000000A2
:1000C0000348854601F072F80048004785BF0008E4
:1000D000401D00200448804704480047FEE7FEE733
:1000E000FEE7FEE7FEE7FEE77D840008C1000008AA
:1000F00030B50B46014600202022012409E00D46C0
:10010000D5409D4205D31D469540491B2546954047
:1001100040191546521E002DF1DC30BD70B500248B
:100120002546002801DA01244042002901DA012590
:100130004942FFF7DDFFAC4200D04042002C00D026
:10014000494270BDF0B51FB40646002082B0054696
:100150004024019100901BE0019922460F46304651
:1001600000F0B6FE049A059B801A994110D3104600
:100170001946224600F09CFE361A8F41019722460E
:1001800001200021009F00F093FE38184D4100909F
:100190002046641E0028DFDC019B00982946324679
:1001A00007B0F0BD004870475CCF000810B50446AA
:1001B000FFF7F8FF0068005DC007C00F10BD00002A
:1001C00010B5024900F004F810BD00001015002021
:1001D00070B50C4600683C21FFF78AFF21603C2186
:1001E000FFF786FF61601821FFF782FF0546A160D7
:1001F0000721001DFFF77CFFA1610F48A900081827
:100200000E49FFF775FF0246443288086261E061DB
:100210003B2802D3910700D0401C0021084B0A461E
:100220002161995C814203D8401A521C2261F8E78F
:10023000401CE060204670BD6C0B0000B50500005E
:1002400060CF000838B50446C0681821401E4843F6
:10025000A16840183C214843616840183C2148434C
:100260002168451860690C214843216940186921BB
:10027000C900401A3021FFF751FF114A504342197B
:10028000084600921A2902DB0E49511800910C21F0
:10029000FFF744FF0C4A5043009A801800900B4827
:1002A00006E0491E425C074B5A43009BD21800925D
:1002B0000029F6DC21466846FFF78AFF009838BD22
:1002C000801F8607805101008033E1016CCF000858
:1002D00070B50546002900D10721541AFF206E3061
:1002E000241D844209DB286800F03DF9A04204DCAB
:1002F0002868401C2860012070BD002C05DA2868A1
:10030000401E286000F02FF9041907212046FFF74E
:1003100005FF401C70BDFFB589B009981D4600243B
:1003200002920890A20002AB99580878491C995093
:1003300000280DD0252810D00A9901290AD9099939
:1003400008700998401C09900A98401E0A90F6E02F
:10035000641EF4E000200DB0F0BD0878491C9950EF
:100360000028F5D03021022607915A28EFD020DC52
:100370004D287BD014DC442842D008DC2528DBD073
:1003800041282AD042282ED04328E0D130E0462808
:100390003DD047284ED0482857D04928D7D156E0DD
:1003A0005238030008F053FD087779A1838693A1A2
:1003B000A3CB6138030008F04AFD190E141921255A
:1003C000C22F14C253C2C2565BC261C26CC27274E5
:1003D000C287969BC2006FA000E075A0A969069134
:1003E000BCE082A000E08D482969F8E78CA140E0DC
:1003F00064216869FFF792FE13307CE0E8687AE0D8
:100400008BA105E0E86806902020079074E08BA19E
:10041000641CA200995092E08B4869690818069004
:1004200006A8EA69A969FFF753FF64210698FFF758
:1004300075FE12E08448696904260818069006A82B
:10044000EA69A969FFF744FF56E0A86853E0A86885
:100450000C211730FFF762FE491C06914CE005E0C5
:100460000326E86900E02869401C44E0686842E02F
:1004700076A1641CA20002A8815060E0A8680C2844
:1004800001DA73A000E073A0641CA20002A98850E6
:1004900055E071A1EDE773A1EBE728682BE073A1AC
:1004A000E7E7A8690126002825D1072023E0A969EC
:1004B000E86912E0644869690818069006A8EA69C4
:1004C000A969FFF705FF16E00126A86913E0A869EE
:1004D0000721801DFFF722FEE869401A0721C01D91
:1004E000FFF71CFE07E052A1C3E761A1C1E70426A4
:1004F000554869690818069000206946087101AFDF
:1005000015E00A210698FFF709FE30317F1E397089
:100510000A210698FFF702FE0690002807D102E0A4
:100520007F1E079838703046761E0028F8DC30466B
:10053000761E0028E5DC641CA10002A84750002CB0
:1005400000DBEFE609990020087008990998401A25
:1005500001E70178401C0029FBD106994A1E06924A
:100560000029F6DC90E710B5044681070BD1642121
:10057000FFF7D4FD00290AD1FF2191312046FFF772
:10058000CDFD002903D00020FF306E3010BD0120CA
:10059000FAE7000053756E004D6F6E0054756500EC
:1005A00057656400546875004672690053617400B1
:1005B00053756E646179004D6F6E64617900547596
:1005C0006573646179005765646E65736461790071
:1005D0005468757273646179004672696461790068
:1005E0005361747572646179000000004A616E00A5
:1005F000466562004D617200417072004D61790084
:100600004A756E004A756C0041756700536570004D
:100610004F6374004E6F76004465630078CF000826
:1006200025612025622025652025542025590000BC
:10063000256D2F25642F25790000000025592D25D3
:100640006D2D2564000000006C0700000A0000000A
:10065000414D0000504D000025493A254D3A2553A3
:100660002025700025483A254D00000009000000B3
:1006700025483A254D3A25530000000003460B4318
:100680009B0703D009E008C9121F08C0042AFAD248
:1006900003E00B780370401C491C521EF9D27047CE
:1006A000D2B201E00270401C491EFBD2704700220A
:1006B000F6E710B513460A4604461946FFF7F0FF61
:1006C000204610BD421E5378521C002BFBD10B78E4
:1006D0001370491C521C002BF9D1704730B50546E8
:1006E0002A460B4610781C78521C5B1C002801D04F
:1006F000A042F7D0002C03D0002802D06D1CEFE7F9
:10070000284630BD421C0178401C0029FBD1801ACC
:10071000704730B504460020034600E05B1C93425E
:1007200003D2E05CCD5C401BF8D030BD10B5044670
:1007300000E0401C0378002BFBD100E0401C521E5F
:1007400004D30B78491C0370002BF7D100210170F2
:10075000204610BD70B5104D002800D12868002437
:1007600014E00A4602E09E4203D0521C1378002B8C
:10077000F9D1DAB2224307D0002B06D0002C04D0E6
:1007800000210170401C04E00446401C0678002E45
:10079000E7D12860204670BDBC00002010B503469C
:1007A000002004E01C70401C491C521E5B1C012AE6
:1007B00002D90C78002CF5D1002A04D000221A703E
:1007C00001E0401C491C0A78002AFAD110BD10B57E
:1007D0000346002002E0401C521E5B1C002A15D07C
:1007E0001C78002CF7D104E01C70401C491C521EE0
:1007F0005B1C012A03D90C78002CF5D101E0002AFA
:1008000004D000221A7001E0401C491C0A78002A1A
:10081000FAD110BD70B5064608F05AFB04680546CB
:100820000A220021304600F0C9FB2C6070BDF8B5EB
:1008300002464A40D40F42004B0052085B089A42DD
:1008400002D20246084611464A0023D0C30D4A0090
:10085000DDB2120EAD1A202D35DA49020126490A01
:10086000F6058A19002C00D0524220214F1B114658
:10087000B9402A411018C20D9A4221D0002C17D03D
:10088000012D08DCDA05801AD20F8019D207DBB2FD
:1008900000F0D4FBF8BDDA05801A012340001B06E6
:1008A000C01880185A428018CA0F1043490007E048
:1008B0004908C2071143DA05801A801940088018D8
:1008C00000F0B4FBF8BD61000122511A001BF7E7EC
:1008D0000122D2075140AAE70122D2075040A6E7E1
:1008E000024670B54A40D30FDB0740002DD04A00C6
:1008F0002AD0010E140E000212020919400A520AEF
:100900008418E50104465443000A120A2E04504399
:10091000A4194219200CC543AA18120C0125AD03D5
:10092000521C521912047F39240400D0521C104367
:1009300001D44000491EC2B20C06C0092018401C58
:100940004008802A02D003E0002070BD400840002B
:10095000002900DA0020184370BD70B502464A40F5
:10096000D50F40004A00ED0740085208002814D077
:10097000002A12D0C40DD30D41020120C00552023D
:10098000490A520AE41A091812187D34914201D317
:10099000641C00E04900002C01DA002070BD002337
:1009A000914201D3891A0343400849000028F7D136
:1009B00000290AD0914202D10121C90705E09142E4
:1009C00001D2012101E00121C943E005C01840190D
:1009D00000F02CFB70BD420005D04200120E5242C6
:1009E0008A4201DB00207047C905081870470000E3
:1009F000F0B507460846584087B0C00F049048003D
:100A00000E46590040084908BC1A884105D23846AC
:100A100031461E4617460B46024658004008104312
:100A20004CD0300D039040055900400D490D059004
:100A3000401A0290402872DA18030121000B0905C0
:100A40000843019004980092002805D00199524271
:100A50000020884100920190029840210A1A0199D1
:100A6000009800F025FA05460C466B4607CB00F0CF
:100A700040FAC0197141039A0E0D0023D717564052
:100A80001A467A40164344D0049A002A2DD0029A7E
:100A9000012A039A15DC1205C01A91410126360578
:100AA000001C7141D20F059ED2070093019202965D
:100AB0002A46234600F008FB07B0F0BD3846314611
:100AC000FAE71605224A0F46B218C01AB7410121AB
:100AD0000905001C4F4100187F4111461818794143
:100AE000E20F10436D19644113E0E2076D081543EE
:100AF0006408C2071443039A01261205C01A9141E3
:100B00003605001C7141CE07400830434908C01823
:100B100051412A46234600F0CAFACDE7FFE7049880
:100B200001224000C117121A00238B41049831465C
:100B3000C417381AA141EEE730B40124E40763403A
:100B400030BC55E730B40124E407614030BC4FE7C6
:100B50000000E0FFF0B51FB488B00B99099800249D
:100B600048400999C00F490049080991C0070B99ED
:100B70000090490049080B9109990898A646084336
:100B80001CD00B990A98084318D0099801244000FA
:100B9000420D4800410D099824050003000B204335
:100BA00009900B980003000B20430B9050181C4930
:100BB0004018002201901446104605E0002001462E
:100BC0000DB0F0BD032801DA034600E003239C4684
:100BD000C11A0AAE0AE05F0008ADED5B4F00F75B9B
:100BE0007D430027AA187C41491C5B1E6145F2DD4C
:100BF000410004AB5A522104120C0A43240C401C3D
:100C00000828DFDB0198029000997046019100905E
:100C1000059B049A0799069800F056FAD0E7000061
:100C20000DFCFFFFF0B50C465C4085B0E40FE40717
:100C300003944C0000266408590094464908024673
:100C40000296224321D062460A431ED06200570D0D
:100C50004A000E032303550D012402462C492405A6
:100C6000781B1B0B360B401823432643614600902C
:100C70001C46501AB44103D30098401C009002E077
:100C8000921800985B41002803DA0020014605B065
:100C9000F0BD0020012109050746864611E06446A3
:100CA0001D46141BB54106D36546521BB34174461D
:100CB00007430C43A646CD0740084908284392182D
:100CC0005B4105460D43EAD11046184313D06046F8
:100CD000194650407140084306D06046101AB3418F
:100CE00006D20122002306E000220123DB0702E0F6
:100CF0000122D2435310009874460105381C61410B
:100D0000029C039D0019694100F0D1F9BFE7000082
:100D1000FD030000C217C10F504010B54018CA07AC
:100D20009623002100F08AF910BD10B50022962309
:100D3000114600F083F910BD0EB5C217C10F504027
:100D4000CA0740180021054B0293019200910A4600
:100D50000B4600F0B9F903B000BD000033040000F9
:100D60000EB505490291002100910A460B460191FA
:100D700000F0AAF903B000BD3304000070B5CD0F38
:100D80004A0009030123090B1B0519430B4BED070F
:100D90000024520D9A4201DA002070BD074B343313
:100DA0009A4203DC9A1A00F093F802E004495118C1
:100DB00088402C43F1D0404270BD0000FF0300008A
:100DC000CDFBFFFF4A0009030123090B1B05194353
:100DD000094B10B5520D9A4201DA002010BD064BA6
:100DE00034339A4203DC9A1A00F072F810BD0349BA
:100DF0005118884010BD0000FF030000CDFBFFFF2D
:100E0000C20FD207400040080BD0C10D0723DB0101
:100E1000C91840020905400A1143C208400711439E
:100E2000704700200146704710B5002904DB0124FB
:100E3000E40740428C412146002B04DB1C46012381
:100E4000DB075242A3418B4200D1824210BD000019
:100E500010B5002904DB0124E40740428C412146FF
:100E6000002B04DB1C460123DB075242A3419942BD
:100E700000D1904210BD0000CB0FDB07490010B538
:100E8000490802460A4307D00A0D07240903E40172
:100E9000090B121B002A01DC002010BDC900440F01
:100EA0000C43C100E018D205801800F0BFF810BD57
:100EB00010B5202A04DB0146203A9140002010BDE5
:100EC000914020239C1A0346E3401943904010BDF3
:100ED00010B5202A04DB0846203AD040002110BD7E
:100EE0000B46D340D0402024A21A91400843194613
:100EF00010BD10B5202A06DBCB170846203A10415A
:100F0000C1170B4306E00B461341D0402024A21A20
:100F100091400843194610BD0FB400B589B00CA923
:100F200000910B990023CB60204B214A0693079236
:100F3000042201921F4A02921F4A089202466B46FF
:100F4000002000F0D4F909B008BC04B0184770B50F
:100F500086B006460020C0430190002015460C468E
:100F60000091029104903246694604A8FFF7D4FF2D
:100F7000024604982118002D05D0002801D008460B
:100F800000E020462860049800280DD0002A02DDE9
:100F90000098884208D0081B0190009432466946A8
:100FA000029404A8FFF7B8FF06B070BD451500080D
:100FB00065150008FFFFFF7FAD010008F7B5009C35
:100FC0000F4600262578641C002D05D0FFF7EAF8AF
:100FD0000068405DC007F5D12B2D02D02D2D18D013
:100FE000641E39462046029A00F0CEFA002F04D043
:100FF0003968A14201D100993960710502240029A4
:101000000BDA4042002803DD07F062FF0460A0070E
:10101000FEBD012080020643E3E70028F8DA07F06E
:1010200057FF04600048FEBDFFFFFF7F002904DA80
:10103000401C490001D140084000704770B40024B2
:10104000050C05D11024000402D1002921D011245F
:10105000050E01D100020834050F01D10001241D45
:10106000850F01D18000A41C002801DB4000641C16
:10107000002908D020252E1B0D46F540A14000D0A8
:1010800001212943084301061B1B000ADB1D02D571
:10109000002070BC7047DB05181880180029F8DAAA
:1010A000401C4900F5D170BC40084000704710B5A5
:1010B000002B08DA0024401C614192185B411A435E
:1010C00001D14008400010BDF0B51FB482B0054604
:1010D0000C0003D0084607F08BFE02E007F088FE04
:1010E00020300246009021462846FFF7E1FE049B8F
:1010F000059A04460F4618431143084314D0184676
:1011000010431BD0009840210A1A18460599FFF792
:10111000DFFE05460E46009A05990498FFF7C8FEC3
:10112000084305D0012004E02046394607B0F0BD51
:101130000020C11705430E432C43374300990E98F6
:101140006305401A7905E40A00220C43FD0A0A30BF
:1011500002D500200146E9E70105101969410C9C00
:101160000D9D00196941FFF7A2FFDFE74A0009035F
:101170000123090B1B0519430A4B10B5520D9A4266
:1011800002DA0020014610BD064B34339A4203DCDC
:101190009A1AFFF79DFE10BD034BD218FFF788FE89
:1011A00010BD0000FF030000CDFBFFFF064C012532
:1011B000064E05E0E36807CC2B430C3C98471034FF
:1011C000B442F7D3FEF780FFCCD40008ECD400087B
:1011D000FFB5087889B01546FF2805D0491C2D2891
:1011E00004D00022002407E000240BE00122F9E7EC
:1011F0000A235C430419491C0878FF28F8D1002A07
:1012000000D06442002004902A7801462D2A01D0A3
:101210002B2A0FD16D1C2D2A02D00022049209E046
:101220000122FBE700260A2233466D1C00F0FFF97D
:10123000381871412F78FF2FF4D10C9AA21806921A
:1012400002460A4304D0FF23069A9133DA4205DAB4
:10125000002109980A4606C00DB0F0BD0024B74A27
:10126000B54D2646079200F02FFA0290069803919A
:10127000002801DA474200E0074639050020AF4A5E
:10128000001C51410191009012E0F80707D022465E
:101290002B4630460799FFF75DFC0646079122462C
:1012A0002B4610461946FFF755FC04460D467F10A5
:1012B000002FEAD10698019B0028009A0399029812
:1012C00006DAFFF7AFFC3246079BFFF7ABFC05E001
:1012D000FFF740FC3246079BFFF73CFC049A002ACC
:1012E00002D00122D2075140099A03C2B4E7FFB5E8
:1012F00091B0002009900025ED432E209E685C6887
:101300001F460190B9696D1C129888470090396A90
:1013100088470028F6D10098401C0AD00D20C00153
:101320008443002E12DD00982B2809D02D280DD1E2
:1013300003E00020C04315B0F0BD0120800204434B
:10134000B9696D1C12988847761E009003A9600544
:1013500001D52D2000E02B206A461073491C0CA8F3
:101360000F9102900AE0B9696D1C129888470090AD
:101370000120400204431398761E0560002E02DD12
:1013800000983028EFD001990098884246D18020FB
:10139000044308E00998401E0990012040020443DC
:1013A0001399681C0860B9696D1C761E12988847ED
:1013B00000903028EED031E00199884205D1200616
:1013C00003D480200443761E1EE0009807F066FEDA
:1013D000002826D001204002044307A90F980331BA
:1013E000761E88420BD200980F99303808700F98FB
:1013F000401C0F90200607D50998401E03E02006E8
:1014000002D40998401C0990A00502D51399681CC4
:101410000860B9696D1C129888470090002ECBDCDB
:1014200059E0002E57DD0098652801D0452852D19B
:10143000A00550D5032000028443B9696D1C761EB7
:10144000129888470090002E0CDD2B2804D02D2800
:1014500008D1FF2001300443B9696D1C12988847F8
:10146000761E0090E00501D52D2100E02B21029889
:1014700001700298401C0290019025E0012040027A
:1014800004430EA902980131761E88420ED20098BC
:10149000029930380006000E087003D102990198B5
:1014A00081420AD90298401C029006E0E00501D56D
:1014B000234801E0224840420990B9696D1C129806
:1014C0008847009013980560002E04DD009807F00F
:1014D000E5FD0028D2D1F969129888470F99FF20BD
:1014E0000870029903AA087000200A900B900CA9BA
:1014F0000AA8099BFFF76CFEA00502D40120C04397
:1015000019E72420044209D0E00713D138680B9A68
:101510000A99031D3B60006806C00BE00B990A980E
:10152000FFF7AAFC0146E00704D13868021D3A60C3
:10153000006801602846FEE6000014400000F03F0D
:10154000F1D8FFFF4268002A08D001680B78491CD7
:10155000002B03D0521E06C0184670470121C160FF
:10156000881E70474268002A0BD0C3680168002BB0
:1015700007D183688B4204D0491E521C06C000204C
:1015800070470020C0437047F7B582B0029C002727
:101590002078641C15460197302802D0002D15D004
:1015A00015E020780127641C782804D0582802D040
:1015B000002D09D00BE0002D01D0102D07D1002700
:1015C00010252078641C02E0082500E00A2500268A
:1015D000009610E00099012769430818020C29467B
:1015E00080B2714300908E183804864201D30120E6
:1015F00001902078641C294600F056F80028E9DAAA
:101600000398002805D0002F01D0641E00E0029C42
:1016100004600198002806D007F05AFC02210160FE
:10162000C81E05B0F0BD009930040843F9E7F0B5D5
:101630001FB486B000200090019002900698069991
:1016400080B204900798090C02040014114307901B
:101650000027089D099806913E463C460390039852
:10166000A9B20204000C039004982D0C15434843C2
:1016700000212246FFF71CFCC719714110340E46A9
:10168000402CECDB3846029AFFF712FC009A019BD3
:101690008018009059410298019110300290402822
:1016A000CCDB00980BB0F0BD3A2800D230382023B4
:1016B00002469A43412A01D310463738884201D363
:1016C0000020C043704700000EB5054A0292002278
:1016D000009213460192FFF7F7FC03B000BD000033
:1016E0003304000070B5134E144D7168124A481C43
:1016F00070602C7902231C43914216D8101A642181
:101700004843FFF72DFB00220D4BFFF78BFA002219
:101710000C4BFFF76DF9FFF755FBC0B270703178D5
:10172000884201D030702C7170BD2C710020707017
:1017300070BD000000000020409C00005405002007
:101740000088E3400000E03F70B5044620688168EF
:10175000490724D5816810254907002905DA8168E1
:10176000890702D481682943816003F079F906462C
:1017700011E003F075F9801B0A280CD920688068F5
:10178000400708D5606D28436065A06D01210843BE
:10179000A065012070BD206880684007E9D4002062
:1017A00070BD000038B50446084807490068FEF7D8
:1017B0009FFC6043009002E00098401E009000985B
:1017C0000028F9D138BD000040420F004800002039
:1017D000F8B50446206881688907890F012931D14D
:1017E0000168C9072ED08168052211401025012605
:1017F000012907D0606D28436065A06D3043A06566
:101800000120F8BD81680222114381602168032014
:10181000086003F025F9074610E003F021F9C01B2A
:101820000A280BD920688068C00707D0606D28435C
:101830006065A06D3043A0650120F8BD2068806818
:10184000C007EAD10020F8BDF8B5044620688168D9
:101850008907890F012902D10168C9072FD1816841
:10186000184A102611400125002907D0606D304329
:101870006065A06D2843A0650120F8BD81682943FB
:1018800081600120FFF78EFF03F0EAF8074611E0C0
:1018900003F0E6F8C01B0A280CD920680068C04392
:1018A000C00707D0606D30436065A06D2843A06518
:1018B0000120F8BD20680068C043C007E8D10020BF
:1018C000F8BD000017000080F7B50F46002464251E
:1018D00009F08EFD002819D009F0AEFD00281ED0B9
:1018E0003948FF210646FEF7E2FE37480021FA306C
:1018F000C180009806F098F834A006F095F834A15D
:101900000298FEF7EBFE002818D111E033A135A0B4
:1019100005F00CFD35A005F009FD0020FEBD2FA14E
:1019200030A005F003FD36A005F000FD0020FEBD4F
:1019300039A10298FEF7D2FE002834D0F61D32E01D
:1019400026A13046FEF7CAFE002809D023A125A013
:1019500005F0ECFC33A0009905F0E8FC0020FEBD8A
:1019600036A13046FEF7BAFE002809D01BA11DA003
:1019700005F0DCFC34A0009905F0D8FC0020FEBD89
:1019800028466043B84209DD36A116A005F0CEFC1A
:1019900036A0009905F0CAFC0220FEBD284606F0DC
:1019A0003FF8641CA4B230460299FEF797FE002867
:1019B000C6D035A10BA005F0B9FC34A0009905F004
:1019C000B5FC0120FEBD0000D20C00200D0A000075
:1019D0002B4C494E4B20494E464F3A004552524FF0
:1019E000520000000A5B25735D0000004C6F5261DD
:1019F00057414E204D6F6465204552524F4521009E
:101A00004C6F526157414E20537461747573204579
:101A100052524F45210000002B52544320494E465C
:101A20004F3A00002225732220617420636D6420E8
:101A300065786563206572726F72000042414420D0
:101A40005041524D00000000222573222061742075
:101A5000636D6420657865632062616420706172E3
:101A60006D0000005741524E0000000022257322F5
:101A700020617420636D6420657865632074696DEE
:101A8000656F7574000000004C4F470022257322DB
:101A900020617420636D64206578656320737563CD
:101AA000636573730000000070B586B000242C4D90
:101AB0007D26F6002BA229462BA0FFF705FF012863
:101AC00009D0641CA4B2304605F0AAFF032CF1D360
:101AD000002006B070BD27A127A005F027FC2B48E9
:101AE00027A10446FEF7FAFD014629A005F01EFCD9
:101AF00078212848FEF7DBFD21A12046FEF7EEFD08
:101B000000210591002405AB224A23A108F09CF98D
:101B1000224D204E09E0601C8000325828190B30FD
:101B20000223012108F03EF9641C0598401E05902F
:101B3000401CF0D10FA110A005F0F8FBA87C697C37
:101B40002A7CEB7B0193029203910490A87B009086
:101B50006B7B2A7BE97A12A005F0E8FB0120B8E74D
:101B6000DC0500004F4B000041542B4150504555BF
:101B7000493F00004C4F47000A5B25735D000000A1
:101B80002B4150504555493A00000000D20C00202E
:101B900025730000E81300202000000060140020DE
:101BA0004150504555493A20253032782025303271
:101BB0007820253032782025303278202530327850
:101BC00020253032782025303278202530327800B8
:101BD00070B58EB00024354D7D26F60034A229461E
:101BE00034A0FFF771FE012809D0641CA4B230466E
:101BF00005F016FF032CF1D300200EB070BD30A10C
:101C000030A005F093FB344830A10446FEF766FD92
:101C1000014632A005F08AFB78213148FEF747FDE6
:101C20002AA12046FEF75AFD00210D9100240DAB9C
:101C30002B4A2CA108F008F92B4D294E09E0601C15
:101C400080003258281913300223012108F0AAF825
:101C5000641C0D98401E0D90401CF0D118A119A0D5
:101C600005F064FB2048EB7F2030817842780078D3
:101C700009930B920C910A90A87F697F2A7FEB7ED3
:101C80000593069207910890AA7E687E297EEB7DD7
:101C90000193049202910390A87D00906B7D2A7DB0
:101CA000E97C124805F042FB0120A6E7DC050000B4
:101CB0004F4B000041542B4150504B45593F0000C1
:101CC0004C4F47000A5B25735D0000002B415050CC
:101CD0004B45593A00000000D20C0020257300004B
:101CE000E8130020200000006014002018D0000835
:101CF00070B58EB00024354D7D26F60034A22946FD
:101D000034A0FFF7E1FD012809D0641CA4B23046DD
:101D100005F086FE032CF1D300200EB070BD30A17B
:101D200030A005F003FB344830A10446FEF7D6FC92
:101D3000014632A005F0FAFA78213148FEF7B7FCE7
:101D40002AA12046FEF7CAFC00210D9100240DAB0C
:101D50002B4A2CA108F078F8294D2B4E09E0601C85
:101D600080002A58301927300223012108F01AF880
:101D7000641C0D98401E0D90401CF0D118A119A0B4
:101D800005F0D4FA20482030817D427D037DC47C5B
:101D900009940A930B920C91817C427C037CC47B56
:101DA0000594069307920891817B427B037BC47A5A
:101DB0000194029303920491817A0091437A027A0A
:101DC000C179124805F0B2FA0120A6E7DC0500004F
:101DD0004F4B000041542B415050534B45593F004D
:101DE0004C4F47000A5B25735D0000002B415050AB
:101DF000534B45593A000000D20C002025730000D7
:101E0000E81300202000000060140020CCD000085F
:101E100070B50024104D7D26F60010A2294610A0B2
:101E2000FFF752FD012808D0641CA4B2304605F02B
:101E3000F7FD032CF1D3002070BD0CA10CA005F020
:101E400075FA0DA10E48FEF749FC01460DA005F0FC
:101E50006DFA012070BD0000DC0500004F4B000052
:101E600041542B42414E443F000000004C4F47007C
:101E70000A5B25735D0000002B42414E44000000C8
:101E8000D20C00202573000070B50024104D7D2673
:101E9000F60010A2294610A0FFF716FD012808D071
:101EA000641CA4B2304605F0BBFD032CF1D3002026
:101EB00070BD0CA10CA005F039FA0DA10E48FEF77B
:101EC0000DFC01460DA005F031FA012070BD0000A7
:101ED000DC0500004F4B000041542B434C41535351
:101EE0003F0000004C4F47000A5B25735D00000077
:101EF0002B434C4153533A00D20C00202573000071
:101F000070B50024104D7D26F60010A2294610A0C1
:101F1000FFF7DAFC012808D0641CA4B2304605F0B3
:101F20007FFD032CF1D3002070BD0CA10CA005F0A7
:101F3000FDF90DA10F48FEF7D1FB01460EA005F0FB
:101F4000F5F9012070BD0000DC0500004F4B0000DA
:101F500041542B434F4E4649524D3F004C4F470092
:101F60000A5B25735D0000002B434F4E4649524DDE
:101F70003A000000D20C0020257300007CB500243C
:101F8000284D7D26F60028A2294628A0FFF79CFCB4
:101F9000012808D0641CA4B2304605F041FD032C92
:101FA000F1D300207CBD24A124A005F0BFF928486E
:101FB00024A10446FEF792FB014626A005F0B6F9DF
:101FC00078212548FEF773FB1EA12046FEF786FB0D
:101FD00000210191002401AB1F4A20A107F034FF2A
:101FE0001D4D1F4E09E0601C80002A583019233017
:101FF0000223012107F0D6FE641C0198401E0190C7
:10200000401CF0D10CA10DA005F090F9144820302F
:102010008179009143790279C17812A005F086F99F
:1020200001207CBDDC0500004F4B000041542B44D7
:102030004556414444523F004C4F47000A5B2573CC
:102040005D0000002B444556414444523A000000D4
:10205000D20C002025730000E813002020000000AF
:1020600060140020444556414444523A2025303201
:10207000782025303278202530327820253032788B
:102080000000000070B586B000242C4D7D26F600BF
:102090002BA229462DA0FFF717FC012809D0641CAC
:1020A000A4B2304605F0BCFC052CF1D3002006B0EC
:1020B00070BD29A129A005F039F92A4820A10446BC
:1020C000FEF70CFB014628A005F030F978212748DF
:1020D000FEF7EDFA1AA12046FEF700FB002105915C
:1020E000002405AB214A22A107F0AEFE214D1F4E70
:1020F00009E0601C800032582819C01C022301210D
:1021000007F050FE641C0598401E0590401CF0D15D
:1021100011A112A005F00AF9A87A697A2A7AEB7956
:102120000193029203910490A87900906B792A7927
:10213000E97811A005F0FAF80120B8E7DC05000005
:102140002B4445564555493A0000000041542B4464
:1021500045564555493F00004C4F47000A5B2573E3
:102160005D000000D20C002025730000E813002061
:1021700020000000601400204465764555493A204F
:1021800025303278202530327820253032782025CD
:1021900030327820253032782025303278202530B2
:1021A000327820253032780070B50024104D7D261D
:1021B000F60010A2294610A0FFF786FB012808D0E0
:1021C000641CA4B2304605F02BFC032CF1D3002094
:1021D00070BD0DA10DA005F0A9F80EA11048FEF7E5
:1021E0007DFA01460FA005F0A1F8012070BD0000A6
:1021F000DC0500004F4B000041542B444154415238
:102200004154453F000000004C4F47000A5B2573D6
:102210005D0000002B44415441524154453A0000B6
:10222000D20C00202573000070B50024104D7D26CF
:10223000F60010A2294610A0FFF746FB012808D09F
:10224000641CA4B2304605F0EBFB032CF1D3002054
:1022500070BD0CA10CA005F069F80DA10E48FEF7A9
:102260003DFA01460DA005F061F8012070BD0000A7
:10227000DC0500004F4B000041542B465245513FB6
:10228000000000004C4F47000A5B25735D00000012
:102290002B465245513A0000D20C00202573000015
:1022A00070B58EB00024364D7D26F60035A2294645
:1022B00035A0FFF709FB012809D0641CA4B2304601
:1022C00005F0AEFB032CF1D300200EB070BD31A1A0
:1022D00031A005F02BF8354831A10446FEF7FEF990
:1022E000014633A005F022F878213248FEF7DFF9E5
:1022F0002BA12046FEF7F2F900210D9100240DAB31
:102300002C4A2DA107F0A0FD2A4D2C4E09E0601C9F
:1023100080002A58301937300223012107F042FD8E
:10232000641C0D98401E0D90401CF0D119A11AA0FC
:1023300004F0FCFF21484030817942790379C47868
:1023400009940A930B920C91817842780378203893
:10235000C47F0594069307920891817F427F037F93
:10236000C47E0194029303920491817E0091437E86
:10237000027EC17D124804F0D9FF0120A5E70000CC
:10238000DC0500004F4B000041542B4E574B534B84
:1023900045593F004C4F47000A5B25735D00000024
:1023A0002B4E574B534B45593A000000D20C00209E
:1023B00025730000E81300202000000060140020B6
:1023C00070D0000870B50024104D7D26F60010A2D4
:1023D000294610A0FFF778FA012808D0641CA4B29F
:1023E000304605F01DFB032CF1D3002070BD0CA17D
:1023F0000CA004F09BFF0DA10E48FEF76FF90146FB
:102400000DA004F093FF012070BD0000DC0500006A
:102410004F4B000041542B504F52543F00000000DE
:102420004C4F47000A5B25735D0000002B504F5254
:10243000543A0000D20C00202573000070B500242F
:10244000104D7D26F60010A2294610A0FFF73CFA99
:10245000012808D0641CA4B2304605F0E1FA032C30
:10246000F1D3002070BD0BA10BA004F05FFF0CA105
:102470000D48FEF733F901460CA004F057FF012088
:1024800070BD0000DC0500004F4B000041542B5292
:1024900058323F004C4F47000A5B25735D00000037
:1024A0002B5258323A000000D20C00202573000055
:1024B00070B50024104D7D26F60010A2294611A00B
:1024C000FFF702FA012808D0641CA4B2304605F0D8
:1024D000A7FA032CF1D3002070BD0CA10CA004F0CE
:1024E00025FF06A10C48FEF7F9F801460BA004F001
:1024F0001DFF012070BD0000DC0500002B56455279
:102500000000000041542B5645523F004C4F4700FD
:102510000A5B25735D000000D20C002025730000CB
:1025200070B500240E4D7D26F6000EA229460EA0A1
:10253000FFF7CAF9012808D0641CA4B2304605F0A0
:102540006FFA032CF1D3002070BD0A4801784908C6
:102550004900017008F030FF0028FBD0012070BD59
:10256000DC0500004F4B000041542B464143544FC3
:10257000525900006014002070B500240A4D7D26D9
:10258000F6000AA229460AA0FFF79EF9012808D002
:10259000641CA4B2304605F043FA032CF1D30020AA
:1025A00070BD012070BD0000DC0500004F4B000035
:1025B00041542B534156450070B590B0002424225D
:1025C00016A107A8FEF75AF81D48817C427C037CBF
:1025D000C57B0295039304920591817B427B019117
:1025E0000092037BC27A17A107A806F0DBFB7D26C9
:1025F000214DF6000BE021A2294607A8FFF764F958
:10260000012809D0641CA4B2304605F009FA032C55
:10261000F1D3002010B070BD0120FBE741542B41E5
:1026200050504555493D20464620464620464520C7
:102630003030203030203030203030203031000039
:102640006014002041542B4150504555493D2025F0
:1026500030327820253032782025303278202530ED
:1026600032782025303278202530327820253032DB
:102670007820253032780000DC0500004F4B000048
:1026800070B59EB0002440221FA10EA8FDF7F6FFF2
:102690002D488178427803782038C57F0A950B93BE
:1026A0000C920D91837F417F027FC57E0695099331
:1026B00007920891817E437E027EC57D0295049338
:1026C00003920591817D427D01910092037DC27C40
:1026D0001E490EA806F066FB7D261D4DF6000BE098
:1026E0001CA229460EA8FFF7EFF8012809D0641CA8
:1026F000A4B2304605F094F9032CF1D300201EB0AB
:1027000070BD0120FBE7000041542B4150504B4568
:10271000593D203242203745203135203136203294
:10272000382041452044322041362041422046375E
:102730002031352038382030392043462034462097
:1027400033432C30000000008014002020D4000807
:10275000DC0500004F4B0000FEB5002410A14D68C1
:102760000B68896801950093029102460FA16846A3
:1027700006F018FB7D26104DF6000BE00FA229464F
:102780006846FFF7A1F8012808D0641CA4B23046BF
:1027900005F046F9032CF1D30020FEBD0120FEBD5B
:1027A00041542B434C4153533D30000041542B4383
:1027B0004C4153533D256400DC0500004F4B0000A5
:1027C000F0B585B0002413A56F682E68EB68AA6881
:1027D00001970096039302920B46024611A16846A8
:1027E00006F0E0FA7D26144DF6000BE013A2294610
:1027F0006846FFF769F8012809D0641CA4B2304686
:1028000005F00EF9032CF1D3002005B0F0BD012036
:10281000FBE7000041542B434F4E4649524D3D319A
:102820002C33000041542B434F4E4649524D3D2519
:10283000642C256400000000DC0500004F4B000004
:10284000F0B587B007460D4616460024182211A1A0
:1028500001A8FDF713FF2B463A4614A101A80096E4
:1028600006F0A0FA7D26164DF6000BE015A22946CB
:1028700001A8FFF729F8012809D0641CA4B230464A
:1028800005F0CEF8032CF1D3002007B0F0BD0120F5
:10289000FBE7000041542B465245513D312C32306C
:1028A0002C383638313030303030000041542B462F
:1028B0005245513D25642C25642C25640000000000
:1028C000DC0500004F4B000070B500240E4D7D2646
:1028D000F6000EA229460EA0FEF7F6FF012808D04A
:1028E000641CA4B2304605F09BF8032CF1D3002001
:1028F00070BDFF210B48FDF7DAFE0A480021FA30CF
:10290000C180012070BD0000DC0500004F4B0000BD
:1029100041542B4A4F494E3D312C312C31322C3110
:1029200030000000D20C002070B500240A4D7D2636
:10293000F6000AA229460AA0FEF7C6FF012808D021
:10294000641CA4B2304605F06BF8032CF1D30020D0
:1029500070BD012070BD0000DC0500004F4B000081
:1029600041542B4F5441413D312C3000FEB50024E1
:1029700010A14D680B688968019500930291024689
:102980000FA1684606F00EFA7D26114DF6000BE009
:1029900010A229466846FEF797FF012808D0641C5C
:1029A000A4B2304605F03CF8032CF1D30020FEBD64
:1029B0000120FEBD41542B504F52543D3230000097
:1029C00041542B504F52543D2530327800000000C6
:1029D000DC0500004F4B000070B586B005460E4682
:1029E0000024142210A101A8FDF748FE33462A4610
:1029F00012A101A806F0D6F97D26144DF6000BE0D1
:102A000013A2294601A8FEF75FFF012809D0641C24
:102A1000A4B2304605F004F8032CF1D3002006B030
:102A200070BD0120FBE7000041542B5258323D306D
:102A30002C383639353235303030000041542B5285
:102A400058323D25642C256400000000DC050000A0
:102A50004F4B000070B500240E4D7D26F6000EA2EF
:102A600029460EA0FEF730FF012808D0641CA4B24E
:102A7000304604F0D5FF032CF1D3002070BDFF21B8
:102A80000948FDF714FE08480021FA30C1800120F2
:102A900070BD0000B80B00004F4B000041542B529A
:102AA0004553455400000000D20C002030B58BB0D7
:102AB0001546284A936B012423439363002407940B
:102AC000089409940A94059406940194029403943A
:102AD0000494214B92041A60491E59609C60401E68
:102AE000D8601C6180205861184603F031FE002830
:102AF00001D000F007FB01200003079007A916484A
:102B000003F0C6FE002801D000F0FCFA124803F0E2
:102B1000F2FF002801D000F0F5FA0594069405A90B
:102B20000D4803F0CDFD002801D000F0EBFA602045
:102B30000190029503940494002201A9064803F031
:102B4000FBFF002801D000F0DDFA034803F0ACFFE2
:102B50000BB030BD001002407403002070B5054674
:102B60000846FF247334214648436421FDF7C0FA28
:102B700082B204212046FFF799FF0021094804F0A2
:102B80004DF8284601F018FD0021064804F08CF8A5
:102B9000044803F06DFE01210022C903024801F040
:102BA00058FF70BD740300200004005070B501F0A0
:102BB0004DFD0024074D01267602A0004119002298
:102BC000022001F015FD641CB442F6DB01F03EFD6D
:102BD00070BD0000000008080348C1790A2901D22D
:102BE0000A21C171704700005405002004490120EA
:102BF00008700448C1790A2901D20A21C1717047BD
:102C00001A000020540500200348C1790A2901D286
:102C10000A21C171704700005405002070B50F4DA6
:102C20000F4E69683068814216D80E4C3C222189CB
:102C300051430818686000F08DF805F047FB2079D3
:102C400080210843207108A108A004F06FFB3268BE
:102C50000848696804F06AFB70BD00000C000020A1
:102C600040000020540500204C4F47000A5B2573AC
:102C70005D000000D0CF000870B5FFF7CFFF134C08
:102C8000A08800280AD11249124D0879C20906D03D
:102C90004006400E087100F021F8A58070BD48790B
:102CA000C20707D0400840004871152009F0ACFB6E
:102CB000A58070BD084A1278D207FAD04207F8D52D
:102CC000FB221040487100F035FA70BDCC0C00209A
:102CD00054050020102700006014002010B50120CA
:102CE00009F092FB10BD70B504460D46164601F082
:102CF000ADFC03E001CC01C501F070FC3046761E4E
:102D0000B6B20028F6D170BDF8B505460E46174696
:102D100001F09CFC002407E0A00032584119022079
:102D200001F066FC641CA4B2BC42F5D301F08EFC39
:102D3000F8BDC0010121C905892212047F2318436F
:102D400004E0014200D05040490852080B02DB0B5E
:102D5000F7D17047FEB51249081F00F077F811A1AE
:102D600011A004F0E3FA0E4F203F386AFDF7D2FFBE
:102D70000F4E3146FDF7F1FDFEF742F804460D46D1
:102D8000F869FDF7C7FF3146FDF7E7FDFEF738F8B4
:102D900002460B4607A00195009404F0C7FAFEBD59
:102DA000740500204C4F47000A5B25735D0000004E
:102DB00000007A44436F6E766572742054656D70BE
:102DC00074657261747572653A20252E32662C2006
:102DD00048756D6964697469793A20252E326600F8
:102DE00070B50D4684B2E41E0E49284648430028BB
:102DF00004DD32306421FDF791F903E032386421BB
:102E0000FDF78CF96C43002C05DD2034E117890EA9
:102E10000919891104E0203CE117890E091989116B
:102E2000081A70BDB36A000080B24843002806DD6E
:102E3000FF300130C117C90D081840127047FF3824
:102E40000138C117C90D081840127047FEB5044675
:102E50000D46002001900090294E0122202130468D
:102E600001F0F7FD00F09CF8032000F0F5F80028D1
:102E700003D024A004F05AFAFEBD822005F074FFAE
:102E8000694601A800F004F9002803D025A004F049
:102E90004DFAFEBD019800F0C1F87D27FF00002823
:102EA0001ED0019800F0C7F800281DD039460198BF
:102EB000FFF796FF2060009800F0B0F8002817D0C8
:102EC000009800F0B8F8002816D039460098FFF7AF
:102ED000ABFF286000222021304601F0BAFDFEBD84
:102EE00017A004F023FAE6E71BA004F01FFAE2E7BC
:102EF0001FA004F01BFAEDE723A004F017FAE9E79E
:102F000000040050454E533231305F53656E7353A9
:102F1000746172745F536574204661696C65640AFC
:102F200000000000454E533231305F544856616C0A
:102F30005F476574204661696C65640A00000000A3
:102F4000542072617720646174612043524320658C
:102F500072726F722E0A00005420726177206461D1
:102F60007461204E4F542076616C69642E0A000013
:102F70004820726177206461746120435243206568
:102F800072726F722E0A00004820726177206461AD
:102F90007461204E4F542076616C69642E0A0000E3
:102FA00010B5282005F0E0FE802000F063F801460F
:102FB000080004D009A004F0B9F9002010BD0420D5
:102FC00005F0D2FE002000F039F8002804D00AA055
:102FD00004F0ACF9002010BD012010BD454E533265
:102FE00031303A2564205265736574204661696CFE
:102FF00065642E0A00000000454E533231303A20FD
:1030000053657474696E672072756E206D6F6465A8
:10301000206661696C65642E0A00000010B501022B
:103020004C0EC003C00BFFF784FEA04201D101206B
:1030300010BD002010BDC003C00F704708B505A12A
:1030400009680091694648700222862004F05CF904
:1030500008BD00002100000008B505A10968009125
:10306000694648700222862004F04EF908BD00002F
:103070002200000008B505A1096800916946487062
:103080000222862004F040F908BD00001000000074
:103090007FB504460D460FA0006801900620009001
:1030A00002AB012201A9862004F01CF86B46997A34
:1030B0000A04597A09020A43197A0A432260597BA1
:1030C0001A7B090412021143DA7A1143296004B011
:1030D00070BD00003000000010B505200121000780
:1030E00001F0B0FC012801D101F0F2FB02210448FB
:1030F00001F0A8FC012802D1022001F0E9FB10BD7B
:103100000004005072B6FEE710B5084900234B6179
:1031100007494A684C1522434A604A6808242243FA
:103120004A60C009C001036010BD0000B81400204F
:1031300000200240F0B5B1B03C2121A8FDF7B7FA5C
:1031400014211CA8FDF7B3FA00201B90642102A8EB
:10315000FDF7ADFA884D012230A92846FFF7C3FDDF
:10316000012201A9281DFFF7BEFD84A185A004F05E
:10317000DDF886A0019A309904F0D8F8309E002E30
:103180007DD02A2E01D92A2602E07B480830019002
:1031900008238C4A10211CA806F0D8FD0024CCE09E
:1031A000642102A8FDF783FA3C2121A8FDF77FFAEC
:1031B00085A102A8FDF786FA10221CA902A8FDF736
:1031C000B5FA82A102A8FDF77DFA282280A11BA8EA
:1031D00005F0E8FD1BA902A8FDF774FA7D490A88ED
:1031E000501C08807AA11BA805F0DCFD1BA902A8D1
:1031F000FDF768FA162276A11BA805F0D3FD1BA9DE
:1032000002A8FDF75FFA5DA15EA004F08FF82146E9
:1032100071A0019A04F08AF80C2279490198FFF70D
:1032200062FD0198303001907649884202D95248B7
:1032300008300190002321AF714998000958C01946
:1032400005F0FDFA5B1C9BB20C2BF5D321A902A85B
:10325000FDF738FA6CA14BA004F068F802A96BA046
:1032600004F064F808F0C4F8012802D1002009F045
:10327000FFFA08F0E1F8002804D1012000E03FE067
:1032800009F004FB08F098F80028FBD0142001F0A6
:1032900093F902A804F0C8FB08F098F8002806D0BB
:1032A00060A138A004F042F860A004F03FF808F0F4
:1032B000A9F8002826D05BA132A004F037F861A05D
:1032C00004F034F86749042248791043487188793A
:1032D000401CC0B28871052812D300228A71394877
:1032E000C01E017849084900017002214030C171B7
:1032F00002725D48E1210068C90040185B4908601E
:1033000031B0F0BD5749002088713FA11DA004F0E5
:103310000DF857A004F00AF807F0F2FF3098401EAD
:103320003090012230A92846FFF7EEFC012201A9C6
:10333000281DFFF7E9FC641CA4B2B44200D22FE7B9
:10334000534852498180FFF731FC00203090281DFE
:103350000190012230A92846FFF7D6FC012201A9DD
:10336000281DFFF7D1FC05A106A003F0DFFF49A04F
:1033700003F0DCFFC4E7000000000808464C41539E
:10338000480000000A5B25735D000000526561641F
:1033900020466C61736820436163686520446174F2
:1033A00061204C656E3A2025642C2043616368657A
:1033B000204461746120416464723A203078253081
:1033C0003878000063140020542C53312C00000086
:1033D00025642C000E000020456570726F6D205230
:1033E00065616420436163686520446174612041C4
:1033F0006464725B25645D3A20307825303878004B
:10340000A8050020CF0708084C4F47004C6F5261B9
:103410002053656E644361636865446174613A205A
:10342000257300005741524E000000005761697437
:10343000204275737920494F2054696D656F75740A
:10344000000000004C6F52612053656E644361635D
:10345000686544617461204661696C2C2045786917
:10346000740D0A005405002040000020A000002038
:103470004C6F52612053656E6443616368654461BB
:103480007461205375636365737300001027000037
:10349000CC0C0020436C65617220466C617368201F
:1034A00043616368652044617461200038B50C484D
:1034B0000122694600F038F800980A4C80B2A081D9
:1034C0002D21401E4901884200D3A18106A108A0F8
:1034D00003F02CFFA18908A003F028FF38BD0000ED
:1034E00000F8000854050020464C415348000000F5
:1034F0000A5B25735D0000005265616420466C61C3
:1035000073682044657669636520477073204C6F4B
:103510006361746520496E74657276616C203A202F
:1035200025646D696E00000030B5002303E010C80B
:103530009D004C515B1C9342F9DB30BD7CB535A03E
:1035400003F0F4FE43A003F0F1FE52A003F0EEFE00
:10355000282203215CA003F0E9FE00F0FDF8FFF74C
:10356000A5FF102268496948FDF788F867480822D6
:1035700067490838FDF782F864480422654910302D
:10358000FDF77CF86148102263491430FDF776F8A6
:103590005E48102261492430FDF770F800F018F9F8
:1035A000002401945E4E012201A93046FFF79BFBE7
:1035B0007D200199C0005B4D814217D9FFF7F6FAD3
:1035C0000194574808300090012201A93046FFF7C6
:1035D0009BFB01226946301DFFF796FB52A154A0C8
:1035E00003F0A4FE54A003F0A1FE05E0002903D0DF
:1035F0006879042108436871554964200870687926
:10360000022108436871414801212D30017251485F
:1036100004707CBD0A2A2A2A2A2A2A2A2A2A2A2A25
:103620002A2A2A2A2A2A2A2A2A2A2A2A2A2A2A2AFA
:103630002A2A2A2A2A2A2A2A2A2A2A2A2A2A2A2AEA
:103640002A2A2A2A2A2A2A2A2A2A2A2A2A2A2A2ADA
:103650002A0A00002A2A2A2A2A2A2A2A2A2A2A2A3E
:103660002A2A2A2A2A2A2A2A2A2A2A2A2A2A2A2ABA
:103670002A2A2A2A2A2A2A2A2A2A2A2A2A2A2A2AAA
:103680002A2A2A2A2A2A2A2A2A2A2A2A2A2A2A2A9A
:103690000A0000002A2A2A2A2A2A2A2A2A2A2A2A28
:1036A0002A2A2A20484B54203A2054485442205376
:1036B000656E736F72202A2A2A2A2A2A2A2A2A2A1F
:1036C0002A2A2A2A2A0A00002A2A2A2A2A2A2A2ACE
:1036D0002048415244574152455F5645523A2030A6
:1036E0007825303278202C534F4654574152455F4D
:1036F0005645523A20307825303278202A2A2A2A14
:103700002A2A2A2A0A0000006000002073140020E0
:103710005800002070000020740000208400002069
:103720000000080854050020464C415348000000A2
:103730000A5B25735D000000436C65617220466C76
:10374000617368204361636865204461746120008F
:10375000010000200C00002038B50C480122694609
:10376000FFF7E2FE00980A4C80B220812D21401E16
:103770004901884201D33C20208106A107A003F023
:10378000D5FD218907A003F0D1FD38BD00F4000864
:1037900054050020464C4153480000000A5B257345
:1037A0005D0000005265616420466C6173682044CE
:1037B0006576696365205265706F727420496E7416
:1037C000657276616C203A2025646D696E00000098
:1037D00010B51F4808221F49FFF7A6FE1D4CE068E0
:1037E000002801D05A280CDD012020606060A06014
:1037F0001921E1601D21C943216163216161A0613B
:10380000E161202213491448FCF738FF13A115A0E9
:1038100003F08CFD15A003F089FD1BA0216803F0C7
:1038200085FD20A0616803F081FD26A0A16803F05A
:103830007DFD2BA0E16803F079FD31A0626921696B
:1038400003F074FD39A0E269A16903F06FFD10BDBA
:1038500000F00008D805002084050020464C4153A4
:10386000480000000A5B25735D000000526561643A
:1038700020466C6173682053797374656D20436FC3
:103880006E666967000000000D0A0973797374653C
:103890006D2072756E20656E61626C653A202564DC
:1038A000000000000D0A0962617474657279206479
:1038B00065636574696F6E20656E61626C653A2040
:1038C000256400000D0A096D6F76652064656365E7
:1038D00074696F6E20656E61626C653A20256400C4
:1038E0000D0A09616E676C6520616C61726D2074F0
:1038F00068726573686F6C643A202564000000008C
:103900000D0A0974656D7020616C61726D207468B8
:10391000726573686F6C642C206C6F773A20256435
:103920002C20686967683A20256400000D0A096840
:10393000756D6920616C61726D2074687265736861
:103940006F6C642C206C6F773A2025642C2068699A
:1039500067683A202564000010B50D483C210181BC
:103960002D21490181810121016341638163192274
:10397000C2631D22D2430264632242648164C26432
:1039800000F03AFA00F0D8F900F058FA10BD000043
:103990005405002010B50020204A9169CB0520492C
:1039A00004D54869022318434861901593699B0523
:1039B00005D54B69012423434B6163021843936986
:1039C0005B0505D54B69082423434B61E30118438C
:1039D00093691B0505D54B69042423434B6163029E
:1039E000184393699B0405D54B69102423434B610D
:1039F0006302184393699B0304D54C6920231C433D
:103A00004C6118439369DB0305D54B69402423437C
:103A10004B61A1020843906110BD000000200240EC
:103A2000B814002070B5044601F01AF80546184E87
:103A30000AE0601C08D0002C04D001F011F8401BF3
:103A4000A04201D9032070BDB069C007F1D1B069AF
:103A5000800701D50220B061B069C00511D4B069FA
:103A600080050ED4B06940050BD4B069000508D4B8
:103A7000B069800405D4B069800302D4B069C00382
:103A800003D5FFF787FF012070BD002070BD000047
:103A900000200240F3B58FB00C46314E00210D914D
:103AA000302101A8FCF703FE01220DA93046FFF7E3
:103AB0001AF901220EA9301DFFF715F929490E98B0
:103AC000274F4018F921C9000837884204D30D98C0
:103AD00030214843C0190E900D9D2A2D08D32A216C
:103AE0002846FCF705FB30204143C8190E9003E03F
:103AF00030206843C0190E906D1C0D950023A50859
:103B0000A00701D06D1CADB201AF07E00F989C007B
:103B1000201804F09CFE38515B1C9BB2AB42F5D3DD
:103B200001220DA93046FFF7EFF801220EA9301D42
:103B3000FFF7EAF80C2201A90E98FFF7E5F80A480A
:103B4000042241791143417108A10AA003F0EEFB60
:103B50000AA00E9A0D9903F0E9FB11B0F0BD000028
:103B600000000808F8FFF7F754050020464C4153C1
:103B7000480000000A5B25735D0000004565707217
:103B80006F6D2057726974652043616368652044D6
:103B900061746120416464725B25645D3A20307811
:103BA000253038780000000070B58EB02E4D00240E
:103BB000242105A8FCF77BFD2C49002005AA0B78E1
:103BC0001B064E783604F3188E783602F318CE783A
:103BD000F318091D2646641CB6009351001D0428E5
:103BE000EDD32249091D00200B781B064E783604C0
:103BF000F3188E783602F318CE78F318091D26468E
:103C0000641CB6009351001D1028EDD317481430E2
:103C1000002103781B0646783604F31886783602AE
:103C2000F318C678F318001D2646641CB60093519D
:103C3000091D1029EDD300F089FD002001900295A7
:103C40000120039004A901A800F01AFD0028F9D171
:103C5000092205A9284600F0B5F8044600F04AFDFF
:103C600020460EB070BD000000E80008831400205C
:103C700070B58CB02E4D0024202104A8FCF717FD50
:103C80002C49002004AA0B781B064E783604F31842
:103C90008E783602F318CE78F318091D2646641C78
:103CA000B6009351001D0828EDD3224908310020A9
:103CB0000B781B064E783604F3188E783602F3180C
:103CC000CE78F318091D2646641CB6009351001DDA
:103CD0000828EDD317481030002103781B064678DA
:103CE0003604F31886783602F318C678F318001DE8
:103CF0002646641CB6009351091D1029EDD300F02F
:103D000025FD0020009001950120029003A968463E
:103D100000F0B6FC0028F9D1082204A9284600F0DA
:103D200051F8044600F0E6FC20460CB070BD0000DF
:103D300000E400086314002010B586B00D4C0E4856
:103D40008089059000F002FD00200190029401207E
:103D5000039004A901A800F093FC0028F9D10122E6
:103D600005A9204600F02EF8044600F0C3FC2046CA
:103D700006B010BD00F800085405002010B586B04C
:103D80000E4C0F48417804918078059000F0DEFCDD
:103D90000020009001940120029003A9684600F0E1
:103DA0006FFC0028F9D1022204A9204600F00AF88D
:103DB000044600F09FFC204606B010BD00EC000851
:103DC00060140020F7B505460F4600240FE0A6005A
:103DD000BA592946022000F09BFC002803D128682C
:103DE000B959884201D00120FEBD2D1D641C0298E6
:103DF0008442ECDB0020FEBD10B586B00D4C0E48B1
:103E00000089059000F0A2FC00200190029401209E
:103E1000039004A901A800F033FC0028F9D1012285
:103E200005A92046FFF7CEFF044600F063FC2046BC
:103E300006B010BD00F40008540500201FB50C4C5E
:103E400000F084FC0020009001940120029003A95E
:103E5000684600F015FC0028F9D1082205492046E3
:103E6000FFF7B0FF044600F045FC204604B010BD4B
:103E700000F0000884050020F8B507F033FB3B4D47
:103E8000A968884270D307F02DFBFF30F530A86099
:103E9000374EE9683068374C374F814202D9617933
:103EA000490622D56179BF2211406171A1893C2266
:103EB00051430818E86001225103304800F0C9FD61
:103EC000012211032D4800F0C4FD0021B960F96002
:103ED00039617961B420288029A12AA003F026FA4B
:103EE00032682A48E96803F021FA288800283BD084
:103EF000401E288022A123A003F018FA298824A0BC
:103F0000326803F013FAE0790A2801D20A20E0713E
:103F1000288800280DD000221346F968B868FCF7FD
:103F200083FF21D00022134679693869FCF77CFFB2
:103F30001AD0002028800121002249030F4800F0F8
:103F400088FDA0893C21484331684018E8600CA1F5
:103F50000CA003F0EBF932681A48E96803F0E6F9BF
:103F60006079012108436071F8BD00001C00002049
:103F70004000002054050020880600200004005066
:103F80004C4F47000A5B25735D0000009CD200087F
:103F9000436F6E7665727420477073204D6F646551
:103FA00020526573756C7420436E743A2025642C1E
:103FB000204E6F772054696D657374616D703A207F
:103FC0002564000058D2000810B50A467D2301463A
:103FD000DB00054802F0B8FF0448C1790A2901D284
:103FE0000A21C17110BD00006C01002054050020A1
:103FF000F8B50446002625464035287C012808D01F
:1040000001202874206881688907890F01290ED151
:1040100001E00220F8BD0168C90708D0606D2021C9
:10402000084360650126002028743046F8BD616DA4
:10403000FF2201329143022211436165C168890761
:10404000890F0091C16889088900C1602068816872
:1040500092071143816000F003FD074612E000F073
:10406000FFFCC01B0A280DD920688068002809DAE7
:10407000606D022188431021084360650020287488
:104080000120F8BD206880680028E8DB2068C1684E
:10409000009A1143C160606D80088000401C60651B
:1040A000C1E70000F8B50C4605464035297C0129DA
:1040B0000DD00121297401688A68520709D5416D24
:1040C000202211434165002028740120F8BD022000
:1040D000F8BD194B6268D8054710184E9A4215D0A2
:1040E0008A6A23685B035B0B1A438A62216849036F
:1040F00005D5B1680143B1600A20FDF753FB206884
:10410000800315D5B0683843B06011E08A6A23682F
:104110005B035B0B9A438A622168490302D5B1684D
:104120008143B1602068800302D5B068B843B060B5
:1041300000202874F8BD0000011000000027014095
:1041400070B50446002C0AD0606D022108436065FA
:104150002046FDF7F9FA0546280002D009E00120C3
:1041600070BD2046FDF734FB0546012D01D001202E
:1041700060650026012D32D0206841681A4A11403E
:1041800041602168D04308602068816801221207DD
:10419000914381602068C168144A1140C160206861
:1041A0000169134A1140016120684169C908C900C9
:1041B00041612068016A0F4A114001622068803025
:1041C000416BC909C901416320688030416BC9094D
:1041D000C9014163204600F0FBF8A66566654034DE
:1041E0002674284670BD000060F7FFFF00023E8382
:1041F00002FCFF3F00F000F0406D70470068006C6B
:104200007047000070B50446002C06D0606D26464D
:1042100000254036002802D006E0012070BDA565CB
:104220003574204600F0EAF8606DC00603D42068BB
:104230008168490706D5606D1021084360653574B3
:10424000012070BD616DFF220132914302221143B2
:10425000616581685C4A8907890F012902D101687B
:10426000C9072BD1032361689B07994205D05B42A4
:10427000994202D05B00994209D1016989008908FD
:104280000161206801696368194301610CE00169FB
:1042900089008908016190680F2189048843906032
:1042A00090686168084390602068C168182399434A
:1042B000C1602068C168A3681943C160906801218A
:1042C0004906884390609068A18E49060843906033
:1042D00020688168C90004D4816801221207114353
:1042E00081602068C168394A1140C1602069E26874
:1042F000022825D000200243204620300178037B8D
:1043000049035B0019430A43216B0A43A1698903EE
:104310000A43E169C9030A432168CB681A43CA60AA
:10432000616A0A46FF3AC23A05D0A26A114322687E
:10433000D3681943D16042780121012A02D00BE0F1
:104340000420D8E70078002823D0606D2022104395
:104350006065A06D0843A065E06B012820D020684F
:104360000169C90703D00169490849000161206852
:104370004169C908C900416120684169A26B1143C4
:104380004161A565606D80088000401C606500206B
:1043900070BD2068C26801231B041A43C260DBE7BA
:1043A00020680269FF239B009A430261206802692A
:1043B000236CA66C1A43636C33431A430261206872
:1043C00002690A430261D2E7002701401902FEFF99
:1043D00010B500680649884208D10648416B42156D
:1043E000914341630121044800F0E0F910BD000051
:1043F00000240140001002400004005010B586B0B7
:104400000446142101A8FCF752F90E49206888429D
:1044100015D10D48416B421511434163C26A022117
:104420000A43C262C06A0840009001200190032044
:1044300002900020039001A9044800F055FA06B04C
:1044400010BD000000240140001002400004005094
:10445000F8B504460D4627466069403708280BD05A
:104460002068C068C00709D0606D202108436065DE
:10447000002038740120F8BD082600E00C2600F06A
:10448000EFFA009015E0681C13D0002D05D000F065
:10449000E7FA0099401AA8420BD920680068304218
:1044A00007D1606D04210843606500203874032043
:1044B000F8BD206800683042E5D0606D01214902F6
:1044C000084360652068C1680C220905890F00292E
:1044D0001BD12021095D002917D10168090714D5D6
:1044E000816801234907002908DB41689143416045
:1044F000606D190288431843606506E0606D2021F5
:1045000008436065A06D1843A065A069002801D12B
:10451000206802600020F8BD70B5044600202168C4
:104520008968490723D425464035297C01291CD0B8
:1045300001212974E169012902D02046FDF784F99F
:10454000002811D1616D0B4A1140FF220132114345
:1045500061650021A165297422681C211160216810
:104560008A6804231A438A6070BD022070BD02204D
:1045700070BD0000FEF1FFFF70B5044625464035D2
:10458000287C012807D001262E742046FDF7DCF890
:10459000002802D00CE0022070BD2046FDF718F97B
:1045A000002805D1616DFF220132914331436165DD
:1045B0000021297470BD000070B5044600F050FA67
:1045C0000546601C02D004480078241800F048FA20
:1045D000401BA042FAD370BDB000002003484168E0
:1045E000012211434160002070470000002002407A
:1045F000F8B505460E461446124F387C012807D000
:10460000012038741048FFF70DFA002802D00FE09F
:104610000220F8BD00217961022D0CD0012D0CD0B3
:10462000002D0CD00120002802D00748FFF7FAF92E
:1046300000213974F8BD3460F5E73480F3E7347055
:10464000F1E70000B814002050C300000948416899
:10465000C9070DD0EFF3108172B6074AC260074A4E
:10466000C26081F310884068C00701D00120704704
:104670000020704700200240EFCDAB890504030203
:10468000F8B505460E46184F387C012807D00120A2
:1046900038741648FFF7C6F9002802D020E002203F
:1046A000F8BD0021C94331606C6813E02046FEF775
:1046B0002BFD0E48FFF7B6F90D494A6808239A43C7
:1046C0004A604A684B159A434A60002801D034601A
:1046D00006E08034A9686A68C9018918A142E5D852
:1046E00000213974F8BD0000B814002050C3000048
:1046F00000200240054841680222114341604168A0
:104700000122114341600020704700000020024058
:10471000F8B50E4617460B4C207C012808D0012026
:1047200020740948FFF77EF90025002802D006E032
:104730000220F8BD656137600348FFF773F92574FF
:10474000F8BD0000B814002050C3000012484168B2
:10475000C9070DD0EFF3108172B6104AC260104A3B
:10476000C26081F310884168C90701D001207047F9
:10477000416889070DD5EFF3108172B6094A0261CD
:10478000094A026181F310884068800701D5012041
:10479000704700207047000000200240EFCDAB8939
:1047A00005040302BFAE9D8C16151413F0B500224C
:1047B00059E0012393409E460B40002B52D09508B0
:1047C0002B4CAD002D19AC689607370F0F26BE4055
:1047D0003440A44605242407A04201D1002414E05B
:1047E000244CA04201D101240FE0234CA04201D16E
:1047F00002240AE0214CA04201D1032405E0204C10
:10480000A04201D1052400E00624BC4064450FD13C
:104810001C4C27689F43276067689F436760A768B1
:104820009F43A760E7689F43E760AB68B343AB6013
:10483000046855000323AB401C430460D408A40063
:104840002418266A5507EF0E0F25BD40AE43266299
:10485000C4689C43C46044687546AC434460846843
:104860009C438460521C0B46D340A2D1F0BD000093
:10487000000001400004005000080050000C0050EF
:10488000001C00500004014010B50A4C022806D15B
:10489000627920210A43627122790A432271012838
:1048A00002D105A002F042FDE0790A2801D20A20D7
:1048B000E07110BD540500200D0A524545442053B7
:1048C000574954434820455854490D0A00000000F8
:1048D00010B504494A69024202D04861FFF7D4FF8B
:1048E00010BD000000040140F0B5002296E0012751
:1048F00097403B40002B6ED00C79A407A40F012CED
:1049000001D0022C10D1856854000326A640B5437F
:10491000CE68A6402E4386604468BC430D79ED0600
:10492000ED0F9540254345600C79E443A40708D07A
:10493000C56854000326A640B5438E68A6402E43A2
:10494000C6600C79A407A40F022C0CD1D408A400D3
:1049500027183D6A5407E40E0F26A640B5430E699A
:10496000A6402E433E62056854000326A640B54388
:104970000E79B607B60FA6402E4306604C68A40316
:10498000A40F4AD0284C666B01252E436663950818
:10499000264CAD002F19BD689407240F0F26A640A2
:1049A000B54305263607B04201D1002615E0204E5A
:1049B000B04201D1012610E01E4EB04201D10226C4
:1049C0000BE01D4EB04201D1032606E01B4EB04263
:1049D00002D1052601E020E00626A6402E43BE6057
:1049E000174D2C689C434E68F60300D51C432C6081
:1049F0006C689C434E68B60300D51C436C60AC6881
:104A00009C434E68F60200D51C43AC60EC689C43A6
:104A10004E68B60200D51C43EC60521C0B681C4665
:104A2000D44000D063E7F0BD001002400000014018
:104A30000004005000080050000C0050001C005002
:104A4000000401400069084201D0012070470020A5
:104A50007047002A01D08161704781627047000071
:104A60000148806870470000B000002070B5024621
:104A700040325378202B01D0022070BD1378012BD7
:104A800019D0012414702423537003681D68A543B2
:104A90001D6003681D682603B5431D6003681D681B
:104AA0000D431D60006801682143016020205070A3
:104AB0000020107070BD022070BD70B502464032FB
:104AC0005378202B01D0022070BD1378012B18D011
:104AD000012515702423537003681C68AC431C60C7
:104AE00003681C680F263602B4430902214319608B
:104AF0000068016829430160202050700020107078
:104B000070BD022070BD000004494A6B01231A43A6
:104B10004A6303494A6802434A60704700100240F2
:104B20000000014070B50446002C12D02420254618
:104B300040356870206801684908490001602046D6
:104B400000F0D8F90020606468702063A8702870B5
:104B500070BD012070BD000070B50446002C06D069
:104B60002546403568780026002802D005E001205F
:104B700070BD2E70204600F0D9F92420687020689E
:104B800001684908490001600F21606809068843EF
:104B900021680861206882680121C9038A43826014
:104BA000E068012809D02122A068920210432268FF
:104BB0009060E068022805D008E0A06822680843F9
:104BC0009060F6E701202268C002506020684268C9
:104BD0000F4B1A4342602068C2688A43C260616911
:104BE00020690843A169090208432168C860216A55
:104BF000E0690843216808602068016801221143C8
:104C000001606664202068702663AE70002070BD6D
:104C100000800002FFB583B0044625464035687821
:104C2000202802D0022007B0F0BD0C98002815D033
:104C30000D98002812D02878012814D0012028705F
:104C4000FFF70EFF064601221923D10320460096E6
:104C500002F0E2FA002808D00120E4E70120400237
:104C600060640120DFE70220DDE722206870402039
:104C7000A870002767640C9860620D986085676370
:104C80000E980090019604A90EC9204602F03CFA45
:104C9000002802D02F700120C5E7618D3848FF2918
:104CA00009D9FF222285012300901B062046049982
:104CB00002F09EFA0AE0618D21850090208D01238B
:104CC000C2B25B062046049902F092FA00960022D6
:104CD000042120460E9B02F09FFA002801D00120FB
:104CE000A1E72068406A616A0870606A401C6062DF
:104CF000208D401E80B22085618D491E6185618DA9
:104D0000002924D0002822D10096002280212046AC
:104D10000E9B02F081FA002801D0012083E7608D0C
:104D2000FF2809D9FF22228501231B060097204670
:104D3000049902F05DFA0AE0608D20850097208DCD
:104D40000123C2B25B062046049902F051FA608D3D
:104D50000028BBD1324620460E9902F084FA002882
:104D600001D001205FE720682021C16120684268EE
:104D7000044B1A4042606970AF702F70002052E7F8
:104D80000024008000E800FEFFB583B004462546FD
:104D900040356878202802D0022007B0F0BD0C987A
:104DA000002815D00D98002812D02878012814D09A
:104DB00001202870FFF754FE074601221923D10372
:104DC0002046009702F028FA002808D00120E4E7E6
:104DD0000120400260640120DFE70220DDE721209E
:104DE00068704020A870002666640C9860620D9878
:104DF000608566630E980090019704A90EC920464D
:104E000002F0BCF9002802D02E700120C5E7608DA9
:104E1000FF2809D9FF22228501231B060096204680
:104E2000049902F0E5F90AE0608D20850096208D56
:104E30000123C2B25B062046049902F0D9F93A4632
:104E400020460E9902F036FA002801D00120A4E78E
:104E5000606A216800788862606A401C6062608DC8
:104E6000401E6085208D401E80B22085618D002906
:104E700024D0002822D100970022802120460E9BBA
:104E800002F0CAF9002801D0012086E7608DFF28D2
:104E900009D9FF22228501231B060096204604998A
:104EA00002F0A6F90AE0608D20850096208D01238E
:104EB000C2B25B062046049902F09AF9608D002880
:104EC000BDD13A4620460E9902F0CDF9002801D016
:104ED000012062E720682021C16120684268044BFC
:104EE0001A4042606970AE702E70002055E70000D5
:104EF00000E800FE10B50068094988420FD1094852
:104F0000816B0122520591438163074C8115204634
:104F1000FFF74CFC012149022046FFF747FC10BD7A
:104F200000540040001002400004005010B586B04C
:104F30000446142101A8FBF7BAFB144920688842F3
:104F400021D1134CE16A02200143E162E16A014090
:104F50000091032000020190122002900020039093
:104F6000032004900420059001A90A48FFF7BCFC27
:104F70002015FFF7C9FDE014FFF7C6FDA06B012166
:104F800049050843A06306B010BD0000005400406E
:104F9000001002400004005002488168027889181D
:104FA00081607047B000002010B5002407480168F8
:104FB000402211430160032000F00AF8002801D0CC
:104FC000012401E000F054F8204610BD002002400A
:104FD00030B587B0054600222946142000F070F84D
:104FE000142000F061F81C48416B04221143416316
:104FF00001A902A800F048FA0698002815D000F090
:1050000079FA40001549FBF773F8411E1548144A18
:105010000260154AC260416000210161816001F0B7
:1050200097FB0446002C03D013E000F063FAE9E795
:105030000C4801F0F3FB0446002C0AD1042D07D2E2
:1050400000222946142000F03BF80848056000E0E3
:105050000124204607B030BD0010024040420F003E
:1050600000080140D0140020E7030000B400002035
:105070000448416B012211434163816B02041143D7
:105080008163704700100240002809DBC106C90E89
:105090000120884003490860BFF34F8FBFF36F8F33
:1050A0007047000080E100E0002805DBC106C90E62
:1050B00001208840014908607047000000E100E0DD
:1050C00010B503F0E3FE10BD02480168021511435C
:1050D00001607047007000400248016842151143AA
:1050E0000160704700700040F0B5154E32687415CD
:1050F0002240144B1B6ADB07DB0F002A04D0002B75
:1051000002D03568A54335603568AD08AD0005436C
:1051100035600D4F3D69042005433D6101290DD0E7
:1051200040BF20BF20BF396981433961002A04D0C4
:10513000002B02D0306820433060F0BD30BFF2E772
:10514000007000400000014000ED00E0F8B50446AA
:1051500000262078584D80067CD557484038806B13
:10516000C00006D454484038816B02041143816367
:10517000012652480168C90512D4016882151143FD
:105180000160FFF76DFC074606E0FFF769FCC01BF6
:10519000642801D90320F8BD48480068C005F4D54B
:1051A00045484038016803221205114060680240FA
:1051B0008A420AD08103890F032906D13E4940392A
:1051C0000968890301D50120F8BD2A690321090472
:1051D0000A40002A21D0084090421ED02078800644
:1051E0001BD5286988432A690121C9040A432A6119
:1051F0002A698A432A612861C0050ED5FFF730FC71
:10520000074607E0FFF72CFCC11B2D48814201D95E
:105210000320F8BD28698005F4D560688103890FF3
:10522000032908D1244B403B1968032212059143FE
:10523000104001431960286903226168120411407B
:1052400008432861012E05D11B484038826B0104B8
:105250008A4382632078C00705D0E868A168800887
:1052600080000843E8602078800705D5E8680C21B5
:105270008843E1680843E8602078400706D5E8687D
:1052800003218902884321690843E86020780007E8
:1052900006D5E86803210903884361690843E8608B
:1052A0002078000606D5E868032189048843A169AF
:1052B0000843E8600020F8BD401002400070004044
:1052C00088130000F8B504460E46002C0FD068483D
:1052D0000068C007C00FB04218D2654F3868400858
:1052E000400030433860FFF7BBFB054609E0012072
:1052F000F8BDFFF7B5FB411B5E48814201D9032091
:10530000F8BD3868C007C00FB042F2D120785A4FBC
:10531000800705D5F868F0218843A1680843F86044
:105320002078C00760D06068022808D003280BD01E
:1053300001280ED03968890510D40120F8BD3968DC
:1053400089030BD40120F8BD3968890106D40120F6
:10535000F8BD3968490701D40120F8BDF96889080A
:1053600089000143F960FFF77BFB0546606802286E
:105370000CD0032818D0012824D031E0FFF770FBAF
:10538000411B3C48814201D90320F8BDF868000761
:10539000800F0228F2D127E0FFF762FB411B35485E
:1053A000814201D90320F8BDF8680007800F032867
:1053B000F2D119E0FFF754FB411B2E48814201D97D
:1053C0000320F8BDF8680007800F0128F2D10BE038
:1053D000FFF746FB411B2748814201D90320F8BD56
:1053E000F8680007800FF3D121480168C907C90F89
:1053F000B14217D9014608684008400030430860B0
:10540000FFF72EFB054607E0FFF72AFB411B194873
:10541000814201D90320F8BD15480068C007C00FBC
:10542000B042F1D12078400706D5F868072109027B
:105430008843E1680843F8602078000707D5F868DA
:105440000721C90288432169C9000843F86000F0B8
:1054500061F8F968094A0906090F515CC840084912
:10546000086008480068FFF7B3FD0028D3D1F8BDF5
:10547000002002408813000000100240B8CE00084F
:1054800048000020B400002010B50F2202600C4A32
:10549000D3689B079B0F4360D368F024234083604D
:1054A000D368072424022340C360D268E3001A4073
:1054B000D208026103480068C007C00F086010BD31
:1054C00000100240002002400148006870470000C0
:1054D0004800002000B5FFF7F7FF0449C968044AF7
:1054E0004905490F515CC84000BD00000010024052
:1054F000D1CE000800B5FFF7E7FF0449C968044AA8
:105500008904490F515CC84000BD000000100240F2
:10551000D1CE000870B5214EF2680C21104608402B
:105520001F498B0004280CD04D00082810D00C28EF
:1055300010D070680004410F491C0120C00388404E
:1055400070BD3068C00601D5084670BD184670BDF4
:10555000284670BD9002134C000F205C1202940F7D
:10556000641CF268D20307D5294603F058FC224692
:105570000023FAF7E7FD70BD3268D20606D503F0C6
:105580004EFC22460023FAF7DDFD70BD194603F0FC
:1055900046FC22460023FAF7D5FD70BD00100240FC
:1055A00000093D00C8CE0008FEB50446002C0FD00F
:1055B000FE4DEE680C200640EF6801200004074015
:1055C0002078C00753D0082E08D00C2E02D00DE052
:1055D0000120FEBD01200004874207D12868800316
:1055E00045D56068002842D10120FEBD01206168D8
:1055F0000004814203D129680143296015E0052395
:1056000001221B049204994206D1296811432960A2
:1056100029680143296008E02968814329602968D5
:1056200001400091286890432860606800280FD0EE
:10563000FFF716FA019007E0FFF712FA0199401AF6
:10564000642801D90320FEBD28688003F4D50EE04C
:10565000FFF706FA019007E0FFF702FA0199401AF6
:10566000642801D90320FEBD28688003F4D4207883
:1056700080075AD5E0680921042E0DD00C2E01D1E7
:10568000002F09D000283ED02A688A4302432A60AE
:10569000FFF7E6F907462AE02A68520701D50028F5
:1056A0001CD06A681F231B029A4323691B021A43FA
:1056B0006A602A688A4302432A60FFF72BFFE96881
:1056C00009060A0FBA49895CC840BA490860BA4855
:1056D0000068FFF77DFC0028C5D126E00120FEBD53
:1056E000FFF7BEF9C01B022801D90320FEBD2868C0
:1056F0004007F5D568681F2109028843216909021E
:105700000843686011E02868400840002860FFF7FF
:10571000A7F9074606E0FFF7A3F9C01B022801D945
:105720000320FEBD28684007F5D42078C00664D564
:10573000002E0BD0A06900284CD02868FF21013131
:1057400008432860FFF78CF9074631E02868800598
:1057500002D5A069002822D0686807214903884340
:10576000216A084368606868217F0002000A090610
:1057700008436860206A410B491C0120C00388402F
:10578000E96809060A0F8A49895CC84089490860A6
:1057900089480068FFF71CFC0028C2D12DE00120D9
:1057A000FEBDFFF75DF9C01B022801D90320FEBD35
:1057B00028688005F5D56868072149038843216A70
:1057C000084368606868217F0002000A09060843F0
:1057D000686012E02968FF20013081432960FFF7EB
:1057E0003FF9074606E0FFF73BF9C01B022801D945
:1057F0000320FEBD28688005F5D420786F4F000790
:1058000029D56069002813D038690121084338611F
:10581000FFF726F9019007E0FFF722F90199401AF6
:10582000022801D90320FEBD38698007F4D512E0B3
:105830003869400840003861FFF712F9019007E02D
:10584000FFF70EF90199401A022801D90320FEBD85
:1058500038698007F4D42078400775D5002000907F
:10586000A86BC00006D4A86B012109070843A863F0
:105870000120009052480168C90514D40146086807
:105880008A1510430860FFF7EBF8019007E0FFF777
:10589000E7F80199401A642801D90320FEBD484861
:1058A0000068C005F3D5FF20A2680130824203D111
:1058B0003969014339611BE001218902002A0AD0BC
:1058C00005231B029A420DD13A690A433A613969AC
:1058D000014339610CE03A6982433A61386988438F
:1058E000386105E03A6982433A6138698843386132
:1058F000A068002810D0FFF7B3F8019008E0FFF788
:10590000AFF80199411A2F48814201D90320FEBD09
:1059100038698005F3D50FE0FFF7A2F8019008E0A1
:10592000FFF79EF80199411A2648814201D90320C8
:10593000FEBD38698005F3D40098012804D1A86B16
:10594000012109078843A863606A00286DD00C2EE6
:1059500052D001273F06022806D02868B8432860A5
:10596000FFF77EF8044643E02868B8432860FFF755
:1059700077F8064606E0FFF773F8801B022801D986
:105980000320FEBD28688001F5D4E16AA06AEA68B8
:105990000843216BFD231B049A4311430843E8602D
:1059A000286838432860FFF75BF80DE000100240DC
:1059B000B8CE000848000020B4000020401002408B
:1059C0000070004088130000044606E0FFF748F826
:1059D000001B022801D90320FEBD28688001F5D5EF
:1059E00023E0FFF73DF8001B022801D90320FEBD8C
:1059F00028688001F5D418E0012814D0E868012156
:105A00000904A26A014091420BD10F218904E26A84
:105A10000140914205D1032189050840216B88424C
:105A200003D00120FEBD0120FEBD0020FEBD704759
:105A300002480168491C01607047000044000020D2
:105A400010B504462068C068400509D52046FFF718
:105A5000EFFF2068C16880221140054A8918C160A3
:105A6000012004490005486101202034607010BD08
:105A70007FFBFFFF0004014002480168491C0160F0
:105A8000704700004400002070B50446206881681B
:105A90008025C90400290BDAC068C00508D5204656
:105AA000FFF7EAFF2068C1682940FF398239C160E9
:105AB0002068816889040BD5C068800508D5204618
:105AC000FFF7B5FF2068C168054A29408918C16001
:105AD000012004494004486101202034607070BDF9
:105AE0007FFDFFFF0004014010B50B4600684168D0
:105AF0000D480140080CD870CC04E40E5C708C0694
:105B0000A40E9C700904490F1970002A0AD102F0F2
:105B1000E7F9D870587802F0E3F95870987802F0F5
:105B2000DFF99870002010BD3FFFFF0010B50B4655
:105B30000168896A5960016809694904490C9960DA
:105B4000006801680E4801408802800E18704C04FD
:105B5000640E5C704C06640E9C70090C402421405D
:105B6000D970002A0AD102F0BBF91870587802F0F7
:105B7000B7F95870987802F0B3F99870002010BD0A
:105B80007F7F7F00F8B50446002C05D025462035E0
:105B90006878002802D006E00120F8BD00202870B7
:105BA000204600F055F8022068702168CA2048623B
:105BB000216853204862204602F0A5F9FF260427F9
:105BC000002804D0206846626F700120F8BD20686C
:105BD00081681E4A11408160206881686268A369FB
:105BE000114322691A43114381602168E06808610A
:105BF0002068016922891204114301612068C1688B
:105C000080229143C1602068C16C89088900C16409
:105C1000E169606901432068C26C1143C164206876
:105C2000806880060BD4204600F0ECF9002806D0EE
:105C3000206846626F70002028700120F8BD20683F
:105C40004662012068700020F8BD0000BFFF8FFF92
:105C500010B50068084988420DD108480169012241
:105C6000920411430161002211460220FFF728FA35
:105C70000220FFF719FA10BD002800404010024032
:105C8000FEB50B46044611462546203528780128E6
:105C90003ED001202870022068701A46203200276A
:105CA000002937D020688068400600D4DF70D869AA
:105CB000844618789E78000406435878D978000204
:105CC000090408430643107800060643604606436D
:105CD0005869064399695868084300902168CA20AA
:105CE0004862216853204862FF22586A01328023AB
:105CF000904252D120688168914381602068C168D8
:105D00001940FF398239C160FEF7AAFE01902FE0E9
:105D10000220FEBD20688068400600D4DF7018783D
:105D200002F0E6F80604587802F0E2F800020643B2
:105D3000987802F0DDF80643D8780004064310781E
:105D400002F0D6F800060643D869064358690643B0
:105D5000C0E7FEF785FE0199411A7D20C00081420F
:105D600006D92168FF204862032068702F70FEBDAD
:105D70002068C068C007ECD02068C6612168009820
:105D8000486420688168FF220132114381602068E5
:105D9000816812011143816032E02068816801222C
:105DA0005202914381602068C1681E4A19408918D7
:105DB000C160FEF755FE01900EE0FEF751FE01991D
:105DC000411A7D20C000814206D92168FF20486227
:105DD000032068702F70FEBD2068C0688007ECD576
:105DE0002068066221680098886420688168012222
:105DF0005202114381602068816812011143816061
:105E000009480268012149040A43026082680A4382
:105E100082602168FF204862012068702F70002096
:105E2000FEBD00007FFDFFFF00040140F8B5044601
:105E30000B46254620352878012806D001202870F9
:105E400002206870002A02D008E00220F8BD5878CD
:105E5000C10603D5EF2108400A305870002A1DD032
:105E6000D8789E78000406435878197800024903D0
:105E7000084306432168CA204862216853204862CB
:105E8000204602F040F80027002818D02168FF20A3
:105E90004862042068702F700120F8BDD87802F0A5
:105EA00027F80604587802F023F800020643987891
:105EB00002F01EF80643187840030643DAE711485B
:105EC0000640206846602068C16880229143C16016
:105ED0002068806880060CD4204600F093F80028E3
:105EE00007D02168FF204862042068702F700120CD
:105EF000F8BD2168FF204862012068702F700020E3
:105F0000F8BD00003FFFFF00F8B504460D462646E9
:105F100020363078012829D001203070022070709E
:105F20000027002A24D020688068400600D4EF7043
:105F30002978A878090408436978EA7809021204E4
:105F40001143084300902168CA2048622168532009
:105F50004862204601F0D7FF002820D02168FF20AA
:105F600048620420707037700120F8BD0220F8BD2F
:105F700020688068400600D4EF70287801F0B8FFF0
:105F80000204687801F0B4FF00020243A87801F02F
:105F9000AFFF0243E878000402430092D3E71849B8
:105FA00000980840216808602068816801229204F6
:105FB00091438160E9682869014320688268114340
:105FC00081602068C16880229143C1602068806838
:105FD00080060CD4204600F015F8002807D0216870
:105FE000FF2048620420707037700120F8BD2168DE
:105FF000FF2048620120707037700020F8BD00005B
:106000007F7F7F0070B505462868C168A022914354
:10601000C160FEF725FD04467D26F60006E0FEF78A
:106020001FFD001BB04201D9032070BD2868C06865
:106030008006F4D5002070BD70B50446002C10D049
:10604000022025464035687420680168402291434B
:106050000160204600F064F80020606568742874D0
:1060600070BD012070BDF8B50446002C0ED0FF278E
:10607000606A0537002600280AD026616661A6629C
:1060800025464035687C002807D00AE00120F8BD8D
:106090006068B842F3D0E661F1E72E74204600F064
:1060A00075F8022169742068026840239A430260EF
:1060B0002123A26860689B021A4038401043E368BD
:1060C0008A021340184323690B40217D1843C907F6
:1060D000C90F0843A169931019400843E1693823A7
:1060E00019400843216A802319400843A16A93009C
:1060F0001940084321680860A0690421000C084089
:10610000616A102319400843216848602068C1690A
:106110009143C1616665012068740020F8BD0000EC
:1061200010B586B000681749884229D11648416BDE
:1061300082149143416305242407F0212046FEF791
:1061400035FBF0210191012002900021039104917F
:1061500001A92046FEF7C8FB012210212046FEF7C8
:1061600078FC012220212046FEF773FC0122402109
:106170002046FEF76EFC012280212046FEF769FCD6
:1061800006B010BD0030014000100240F0B587B0ED
:106190000446142102A8FAF78AFA154920688842B1
:1061A00023D11448416B821411434163C16A012514
:1061B0002943C162C06A28400190F0200290022069
:1061C00003900024049403260596069405273F07B0
:1061D00002A93846FEF788FB10200290039504942C
:1061E000059602A93846FEF77FFB07B0F0BD000018
:1061F0000030014000100240FFB583B004461D4648
:106200000027FF212646606805314036884202D1CA
:10621000A06800280CD0307C012814D001203074F4
:10622000FEF71EFC0290707C01280ED0022783E04E
:1062300004207074049A009511462046059B00F0D6
:1062400045F907B0F0BD0220FBE7049800282BD0E9
:106250000598002828D004207074002060650499F7
:10626000A1630599A1870599E1872063A086E0864F
:10627000206460640122A068D2034021904208D1CA
:10628000206802688A430260206802680B029A4311
:10629000026020680268520602D402680A43026063
:1062A000E06800281AD037E0012745E020688168BF
:1062B000C90709D0007BA16B0870A06B401CA063CC
:1062C000E08F401EE08709E0FEF7CAFB0299401A02
:1062D000A84201D3681C05D1002D03D0E08F00280F
:1062E000E4D11CE0032727E020688168C90709D0B2
:1062F000C068A16B0880A06B801CA063E08F401E6B
:10630000E08709E0FEF7ACFB0299401AA84201D3EE
:10631000681C17D1002D15D0E08F0028E4D1294644
:106320002046029A01F016FE002801D02020606568
:10633000606D002800D001270120707400203074A7
:1063400038467EE70327F7E7FFB583B004461D46CE
:10635000002726464036307C01280AD001203074C0
:10636000FEF77EFB02900599707C012804D002277D
:10637000A6E0022007B0F0BD0498002833D00598AD
:10638000002830D00320707400206065049A2263D6
:10639000059AA286059AE286A063A087E0876064DA
:1063A00020640122A068D203904209D120680268CB
:1063B00040239A430260206802681B021A4302606D
:1063C00020680268520603D4026840231A43026020
:1063D0000122E068D202904230D16068002804D0E7
:1063E000012902D024E001276AE0206B216800889F
:1063F000C860206B801C2063E08E401EE08617E0A2
:1064000020688168890709D5216B0988C160206BE4
:10641000801C2063E08E401EE08609E0FEF720FB32
:106420000299401AA84201D3681C05D1002D03D05F
:10643000E08E0028E4D12CE0032741E060680028CA
:1064400001D0012922D1206B216800780873206BCC
:10645000401C2063E08E401EE08617E020688168C3
:10646000890709D5216B09780173206B401C2063D3
:10647000E08E401EE08609E0FEF7F2FA0299401A2B
:10648000A84201D3681C11D1002D0FD0E08E002846
:10649000E4D129462046029A01F0A4FD002801D04B
:1064A00020206065A068002802D005E0032707E0EF
:1064B0002068C16880680190606D002800D00127C5
:1064C0000120707400203074384653E7FFB583B064
:1064D0000C9E044601250020019027464037387C59
:1064E000012810D001203874FEF7BAFA0290797CA6
:1064F0006268069801290ED0D31FFD3B08D1A2681F
:10650000002A05D102E0022007B0F0BD042902D024
:1065100002200190CEE0049900292DD00599002990
:106520002AD00699002927D0797C042901D0052199
:10653000797400216165059AA263069AE287069A3A
:10654000A287049A2263069AE286069AA2862164AA
:10655000616421680A68520603D40A6840231A431A
:106560000A600122E168D202914249D161680029A2
:1065700005D0012803D03CE0012001909AE0206B77
:1065800021680088C860206B801C2063E08E401E5C
:10659000E0862EE02068816889070ED5E18E00290B
:1065A0000BD0012D09D1216B0988C160206B801CA3
:1065B0002063E08E401EE086002520688168C907C0
:1065C0000CD0E18F002909D0C068A16B0880A06BB6
:1065D000801CA063E08F401EE0870125FEF740FA93
:1065E0000299401AB04204D3701C02D003200190DB
:1065F00060E0E08E0028CDD1E08F0028CAD143E0D2
:106600006168002901D0012838D1206B2168007809
:106610000873206B401C2063E08E401EE0862DE056
:106620002068816889070ED5E18E00290BD0012DE5
:1066300009D1216B09780173206B401C2063E08E27
:10664000401EE086002520688168C9070CD0E18FD4
:10665000002909D0C068A16B0870A06B401CA06322
:10666000E08F401EE0870125FEF7FAF90299401AF3
:10667000B04201D3701C13D1002E11D0E08E00283F
:10668000CED1E08F0028CBD131462046029A01F0CE
:10669000A9FC002807D0012001902020606509E0B6
:1066A0000320019006E0A068002803D12068C1689B
:1066B000806800900120787400203874019823E7E6
:1066C000F0B502462032137E012B1ED0012616762D
:1066D0000223537603685D689C687027BD430F688A
:1066E0002F435F600068B307984205D0084B98427B
:1066F00002D0084B984204D180239C43496821432F
:106700008160567600201076F0BD0220F0BD0000BA
:10671000000801400014014010B502210446203455
:10672000617601680A6A094B1A4203D10A68520865
:1067300052000A6000F02CF80020A077A076E076E6
:10674000207760776076207610BD00001111000080
:1067500070B50546002D05D02C462034607E0028FB
:1067600002D006E0012070BD00202076284600F00F
:106770002DF802206076291D286801F083FF012092
:10678000A077A076E076207760776076002070BDF5
:1067900010B50068012292070A49904207D1886B20
:1067A0004008400088630F20FEF76EFC10BD064ACB
:1067B0009042FBD1886B1022904388631120FEF732
:1067C00063FC10BD001002400010004010B50068CE
:1067D000012292070F4990420CD1886B012210438D
:1067E0008863002211460F20FEF76AFC0F20FEF797
:1067F0005BFC10BD084A9042FBD1886B102210430D
:106800008863002211461120FEF75AFC1120FEF782
:106810004BFC10BD0010024000100040014620312A
:106820004A7E012A01D00120704702224A7601687F
:10683000CB6801221343CB6000689107884205D0E2
:106840000949884202D00949884208D1816849072C
:10685000490F062906D001681143016002E0016872
:1068600011430160002070470008014000140140FE
:1068700001680A6A054B1A4203D10A68520852009D
:106880000A6001212030417600207047111100007C
:10689000F8B50446002625462035287E012817D065
:1068A0000120287602206876206882687727BA431C
:1068B000FF231B029A4382600868502838D00EDC00
:1068C000202853D006DC002850D010281ED14DE0DF
:1068D0000220F8BD302849D0402817D13CE060287C
:1068E00030D0702819D001221203801A0FD09042A4
:1068F0000CD1CB684A688968206801F0FCFE2068EA
:106900008168012292031143816000E00126012089
:106910006876002028763046F8BDCB684A688968DA
:10692000206801F0E8FE2068816839438160EEE765
:10693000CA684968206801F05EFF5021206801F0B4
:10694000E5FEE4E7CA684968206801F065FF602158
:10695000206801F0DBFEDAE7CA684968206801F0C8
:106960004AFF4021206801F0D1FED0E722680146AD
:10697000104601F0CBFECAE7704770B504462068A8
:1069800001690025C9438907002916DBC168C9438D
:10699000890712D4E91E01610120207620688069F0
:1069A000800703D02046FFF7E7FF05E0204600F010
:1069B000A1F8204600F030F9257620680169C94326
:1069C000490718D4C168C943490714D40421C943ED
:1069D000016102202076206880698005800F03D045
:1069E0002046FFF7C9FF05E0204600F083F8204667
:1069F00000F012F9257620680169C943090717D408
:106A0000C168C943090713D40821C943016104209F
:106A100020762068C069800703D02046FFF7ACFFCE
:106A200005E0204600F066F8204600F0F5F82576EF
:106A300020680169C943C90618D4C168C943C90699
:106A400014D41021C9430161082020762068C06950
:106A50008005800F03D02046FFF78EFF05E020461B
:106A600000F048F8204600F0D7F825762068016944
:106A7000C943C90708D1C168C943C90704D1891EE0
:106A80000161204600F034F920680169C9434906D4
:106A900009D4C168C943490605D44021C9430161ED
:106AA000204600F039F970BD10B586B004461421B7
:106AB00001A8F9F7FCFD012120688907884215D15A
:106AC0000B48C16A01221143C162C06A10400090A4
:106AD000D003019002200290002003900320049034
:106AE0000520059001A90007FDF7FEFE06B010BDC8
:106AF00000100240704770B50546002D05D02C46A9
:106B00002034607E002802D006E0012070BD002005
:106B10002076284600F00FF802206076291D2868AC
:106B200001F0B0FD0120A077A076E07620776077B5
:106B30006076002070BD7047F8B504460D4600270A
:106B400026462036307E01280ED001203076002ADD
:106B50000CD0042A1ED0082A33D00C2A45D0012795
:106B6000002030763846F8BD0220F8BD294620685E
:106B700001F0D4FD206881690822114381612068F9
:106B8000826904218A43826120688169EA6811432D
:106B90008161E5E72946206801F0D8FD2068826917
:106BA0000121C9020A43826120688169012292029F
:106BB0009143816120688169EA6812021143816111
:106BC000CEE72946206801F0DDFD2068C169082272
:106BD0001143C1612068C26904218A43C2612068EF
:106BE000C169EA681143C161BAE72946206801F02A
:106BF000E4FD2068C1690122D2021143C16120680D
:106C0000C269012189028A43C2612068C169EA68B8
:106C100012021143C161A3E77047000070B5054639
:106C20002C462034002908D0042908D0082908D08F
:106C3000627F012A07D0012070BDA27EF9E7E27EC3
:106C4000F7E7227FF5E7022000291DD004291DD097
:106C500008291DD060770122286801F03FFD01213D
:106C6000286889070122884205D00D49884202D050
:106C70000C4988420ED181684907490F06290CD07A
:106C800001681143016008E0A076E4E7E076E2E7FE
:106C90002077E0E7016811430160002070BD00002B
:106CA000000801400014014070B504460D46002262
:106CB0002946206801F012FD2068016A0B4A114242
:106CC00003D1016849084900016001202034002DEA
:106CD00006D0042D06D0082D06D06077002070BDA8
:106CE000A076FBE7E076F9E72077F7E711110000DF
:106CF00010B5044606492068884201D1FEF74CF9D8
:106D000004492068884201D101F00CFC10BD00004C
:106D10000008014000100040704770B50446002C88
:106D200019D02420A0672068016849084900016043
:106D30002068002505602068456020688560204641
:106D400000F044F880200551A567E56725666034AA
:106D50002575002070BD012070BD10B50446002CC3
:106D600003D0A06F002802D007E0012010BD002151
:106D700074200155204600F069F82420A06720689F
:106D80000168490849000160204601F005FE01281C
:106D900019D0606A002802D0204601F063FD206807
:106DA00041680922D20291434160206881682A2209
:106DB00091438160206801680122114301602046EF
:106DC00001F0B6FD10BD012010BD000010B5016836
:106DD00019481A4A81420DD1906B012189048843D8
:106DE0009063032189021648FDF7E0FC1D20FEF7A1
:106DF0004BF910BD134B0520000799420CD1516B84
:106E000001239B039943516303214902FDF7CEFC03
:106E10001B20FEF739F910BD0B4B9942FBD1916B4A
:106E200001235B04994391630C21FDF7BFFC1C20F7
:106E3000FEF72AF910BD0000004800400010024093
:106E4000000400500038014000440040F0B587B015
:106E50000446142102A8F9F72AFC364E21680023C3
:106E60003548022203240425B1421DD1816B56040A
:106E700031438163C16A1143C162C06A104001900D
:106E8000A0020290039204930594069502A92B4850
:106E9000FDF72AFD002211461D20FEF711F91D20E5
:106EA000FEF702F907B0F0BD254F0126B9421ED109
:106EB000416BB70339434163C16A3143C162C06A60
:106EC0003040019003204002029003920493059405
:106ED0000695052002A90007FDF706FD00221146D0
:106EE0001B20FEF7EDF81B20FEF7DEF8DAE7154F62
:106EF000B942D7D1816B01277F0439438163C16ACD
:106F00003143C162C06AC007C00F01900C200290DB
:106F10000392049305940695052002A90007FDF746
:106F2000E3FC002211461C20FEF7CAF81C20FEF7E5
:106F3000BBF8B7E7004800400010024000040050D2
:106F40000038014000440040FFB583B004460E46BF
:106F50001546A06F202802D0022007B0F0BD002EF9
:106F60000AD0002D08D00120A1680003814209D178
:106F70002069002802D005E00120EEE7F00701D0EB
:106F80000120EAE7204660300290007D01281CD0F5
:106F90000298012101750020802108512120A0675D
:106FA000FDF75EFD0190274640373D827D8201203E
:106FB000A1680003814202D12069002807D035462C
:106FC000002602990020087518E00220C5E7002578
:106FD000F7E706980090002280212046019B01F0EF
:106FE00001FE002801D00320B7E7002D15D0287836
:106FF00021686D1C8862788A401E7882788A002811
:10700000E7D106980090002240212046019B01F024
:10701000E9FD002808D003209FE73088B61CC00592
:107020002168C00D8862E6E72020A067002094E771
:10703000FEE701688A69D243920701D400228A627E
:1070400000688169C943C90703D0816901221143DE
:1070500081617047F8B504460E461746206881697D
:10706000C943C9063AD44168890104D44168012260
:107070009203114341602546403508E0701C06D05C
:10708000FDF7EEFCC01BB0421ED8002E1CD02068BD
:107090008069C0438006F1D421681020C86120684F
:1070A0002026C6612046FFF7C4FF206841680C4ACD
:1070B00011404160606C0421084360646E700020E0
:1070C000A87028700120F8BD616C20200143616424
:1070D00068700020A87028700120F8BD0020F8BD5D
:1070E00000E800FE3EB5069CFF25F535A4B20093EE
:1070F0000295019493B20A7881B20248FDF78AFDA5
:107100003EBD000020010020F8B5079F044616464A
:107110001D4619480090EAB20023204600F068F8A6
:107120003A462046069900F0C5F8002801D0012013
:10713000F8BD2846F5B201280BD02168300A8862D4
:107140003A462046069900F0B5F8002804D0012000
:10715000F8BD2068856201E0206885620097002202
:1071600040212046069B00F057F8002801D001205E
:10717000F8BD0020F8BD000000200080F8B5079F92
:10718000044616461D4619480090C302EAB220463E
:1071900000F02EF83A462046069900F08BF80028B9
:1071A00001D00120F8BD2846F5B201280BD0216896
:1071B000300A88623A462046069900F07BF800289B
:1071C00004D00120F8BD2068856201E02068856256
:1071D0000097002280212046069B00F01DF8002821
:1071E00001D00120F8BD0020F8BD00000020008083
:1071F000F0B5059C00684568660D8905890D054F49
:10720000120411433E431943B54321430D434560E6
:10721000F0BD0000FF63FF03F8B505460E461746B4
:107220001C4609E0601C07D0FDF71AFC0699401ABD
:10723000A0420BD8002C09D02868816930468843C9
:107240000FD00020B842EDD00020F8BD696C20209E
:1072500001436964403568700020A87028700120DF
:10726000F8BD0120EEE770B504460D4616460FE066
:10727000324629462046FFF7EDFE002801D00120C6
:1072800070BDFDF7EDFB801BA84208D8002D06D08D
:1072900020688069C0438006EAD4002070BD616C1C
:1072A000202001436164403460700020A070207091
:1072B000012070BD70B505460C46164611E03246F9
:1072C00021462846FFF7C6FE002801D0012070BDE8
:1072D000601C06D0FDF7C4FB801BA04208D8002C20
:1072E00006D028688069C0438007E8D4002070BDBC
:1072F000696C202001436964403568700020A870E3
:107300002870012070BD00003EB5064B01244A1CC8
:107310000293019400920A7881B223460248FDF755
:1073200033FD3EBD88130000200100200FB410B5CE
:10733000029800280DD0F9F7E5F9002809D003AA32
:107340000648029901F042FD044A81B2104600F05D
:1073500007F810BC08BC04B01847000080070020E4
:1073600010B50A467D230146DB000248FFF7ECFD1D
:1073700010BD00007402002018B5104AD0698006C4
:1073800010D50F490F4B4889984209D2546A431CC3
:107390004B810D4BC018603084723220888101E02F
:1073A000506A0090D069000701D508201062074894
:1073B000C1790A2901D20A21C17118BD00480040D3
:1073C000601300201F030000E00F00205405002080
:1073D0007047000010B53721202004F07BFD032109
:1073E000212004F077FDC021222004F073FD8821C4
:1073F000232004F06FFD0421242004F06BFD7F2185
:10740000302004F067FD0321322004F063FD0321E6
:10741000332004F05FFD07484079C00604D40F21F3
:10742000202004F057FD03E04F21202004F052FDFE
:10743000002010BD5405002010B592B05FA003C815
:10744000119110905FA003C80F910E90012005F0DC
:107450001DFA012005F00CFA04F0CAFE142000F019
:10746000DFFAFBF75DF8FAF70DFEFBF721F8FBF703
:107470005BFAFBF7A1F8FBF703F9544A032101205B
:10748000FBF7DEF952490020FBF7A6FA0020FBF7D4
:1074900063F90A20FBF76AFA03210120FBF790F950
:1074A000FBF712FAFAF794FBFAF7FEFAFAF766FD21
:1074B000FAF71EFCFAF7F4FEFAF7E6FCFAF782FF99
:1074C000FAF772FEFAF7B0FEFAF7B8FFFAF718FD0E
:1074D000FAF79EFCFBF750F8142000F0A1FA002008
:1074E00005F0D4F93BA2082110A801F041FC35A217
:1074F00005210EA801F03CFC38A0FFF717FF00F0B3
:10750000ADFA39210E2210230593069207913F49C7
:107510003FA20EAB0B2400930192029103900494BE
:1075200010AB282203213BA0FFF700FF474CA07AB5
:10753000617A227AE3790193029203910490A0790F
:10754000009063792279E17841A0FFF7EFFE2046B1
:107550002030817842780078E37F09930B920C9178
:107560000A90A17F627F207FE37E059307920891B6
:107570000690A27E607E217EE37D019304920291BB
:107580000390A07D0090637D227DE17C3B48FFF766
:10759000CDFEA07C617C227CE37B0193029203916F
:1075A0000490A07B0090637B227BE17A34A0FFF7FC
:1075B000BDFE0AA0FFF7BAFE12B010BD434E34372D
:1075C000305F30004F54414100000000A027BE331F
:1075D00008E6D33345553836380000000D0A2A2A0C
:1075E0002A2A2A2A2A2A2A2A2A2A2A2A2A2A2A2AFB
:1075F0002A2A2A2A2A2A2A2A2A2A2A2A2A2A2A2AEB
:107600002A2A2A2A2A2A0D0A00000000E707000079
:10761000410000000D0A536F66745665723A562594
:10762000642E25645F25735F25735F436C617373FC
:1076300025735F4C49525F25642E25642E25645FB7
:1076400025643A25643A25640D0A00006014002080
:107650000D0A4465764575693A2530327825303211
:10766000782530327825303278253032782530321E
:107670007825303278253032780D0A0080D4000821
:107680000D0A4170704575693A25303278253032DF
:1076900078253032782530327825303278253032EE
:1076A0007825303278253032780D0A00F8B503F0AD
:1076B00019FF824D696888421CD303F013FFFF3025
:1076C000F53068607E4C7F4F217A00267E480B00A3
:1076D00001F0BDFB0504112C7EB31000A968006801
:1076E000814207D8E079022804D178483C21C17151
:1076F00001202072F8BD72484038017849084900DD
:107700000170012005F0C2F8012005F0B1F8FBF787
:10771000A1F9142000F084F9002005F0A9F86420F4
:1077200000F07EF96E8002202072F8BD03F044FE66
:10773000002818D003F078FE002814D0032020720F
:107740003878002807D062A162A0FFF7EFFD63A0A0
:10775000FFF7ECFDF8BD6EA15EA0FFF7E7FD6DA0A1
:10776000FFF7E4FDF8BD6888401C688068A159A057
:10777000FFF7DCFD698870A0FFF7D8FD6888F02866
:10778000F0D36E803878002813D051A151A0FFF7B4
:10779000CDFD71A0FFF7CAFDFF20F53000F040F9E4
:1077A0004BA14CA0FFF7C2FD77A0FFF7BFFD3E70D5
:1077B00009E07EA147A0FFF7B9FD7EA0FFF7B6FD67
:1077C00042490320C8710220E07104202072F8BDF4
:1077D000387800280FD03E707D20C00000F020F9DE
:1077E0003BA13CA0FFF7A2FD7AA0FFF79FFDFF2081
:1077F000F53000F015F96E802E70314801224038C6
:107800000178114301702672E6717D207A490001EA
:10781000088084101E212046FBF7A0F9204600F0C6
:10782000FFF81E212046FBF799F9C82000F0F8F870
:107830001E216000FBF792F9F8BD24490A22CA71A3
:1078400026720221E171A9680068814231D8297845
:10785000491CC9B22970052901D9052129702A7846
:107860006649130001F0F3FA061B04090E13181BF6
:10787000E121C9004018A86013E0E1210901401886
:10788000A8600EE0E12149014018A86009E0E1216B
:10789000C9014018A86004E04018A86001E0401841
:1078A000A8601BA10BA0FFF741FD55A0A968FFF739
:1078B0003DFD002004F0EAFFF8BD00009800002024
:1078C000A01400200C0000204000002054050020DF
:1078D00041434B000A5B25735D00000066616374E1
:1078E0006F72794D6F646520544854422053656E21
:1078F000736F7220537465703A4C6F5261205265F9
:107900006769737465722053756365737300000053
:107910004C4F4700544854422053656E736F722099
:107920004C6F52612052656769737465722053759C
:1079300063657373000000004C6F526157414E2025
:107940005761697420456E74657220496E204E65DA
:107950007420256400000000666163746F72794DC5
:107960006F646520544854422053656E736F7220D3
:10797000537465703A4C6F52612052656769737435
:107980006572204661696C00666163746F72794D3F
:107990006F646520544854422053656E736F7220A3
:1079A000537465703A457869740000005741524E2F
:1079B000000000004C6F526157414E20456E7465C7
:1079C0007220496E204E65742054696D656F757420
:1079D00021000000666163746F72794D6F646520E9
:1079E000544854422053656E736F7220537465700F
:1079F0003A46696E697368001800002080510100E2
:107A0000557064617465205265636F6E6E65637452
:107A10002054696D657374616D703A20256C640043
:107A200010B5FCF7C9FD10BD10B504462046F8F7A7
:107A300069FE81B2204600F001F810BD10B50A467B
:107A40007D230146DB000348FFF77EFA02490A2046
:107A5000C87110BDF00100205405002005207047BA
:107A60001CB51B48416B4215114341630021009135
:107A700001911948174A0260C163032292074260CC
:107A800081600622826301220261C16002462032C7
:107A9000117051708162FF23C2334362117304225B
:107AA0004261016381614163C161FCF7ABFB002866
:107AB00001D0FBF727FB094800904014019069466C
:107AC0000548FCF7EFFA002801D0FBF71BFB1CBDB3
:107AD0000010024000240140C400002000010020EA
:107AE000F0B587B0142102A8F8F7E1FD4348C16A58
:107AF00001252943C162C16A29400191C16A02245A
:107B00002143C162C06A204001903D4E00223146AF
:107B10003C48FCF79EFF029411273F040397002482
:107B2000049402A93748FCF7DFFE04200290039476
:107B3000049402A93348FCF7D7FE029603950494F7
:107B40000326059602A92F48FCF7CEFE0520002249
:107B500039120007FCF77DFF0022A9032948FCF732
:107B600078FFA803029003950494059602A925487E
:107B7000FCF7BAFE3812029003950494059605208E
:107B800002A90007FCF7B0FEE803029003940494F6
:107B900002A91C48FCF7A8FEE80202900394049492
:107BA000052002A90007FCF79FFE029503970494A5
:107BB000052002A90007FCF797FE012200210520FD
:107BC000FDF77EFA0520FDF76FFA01220E490F48F6
:107BD00002F05AF80E4A03210C4801F056FF0D4AF4
:107BE00004210A4801F051FF0B4A0521074801F022
:107BF0004CFF064802F064F807B0F0BD00100240E8
:107C0000203000000004005049B40008F8050020AE
:107C1000092C0008D92B0008ED2B000810B51348DB
:107C20001149016004214160002181600122C2608C
:107C3000016141618161C1610162FCF78DFF002832
:107C400001D0FBF75FFA00210848FCF70FFF00287E
:107C500001D0FBF757FA00210448FCF72EFF00285B
:107C600001D0FBF74FFA10BD005400402001002066
:107C700010B51248104C0460E12149024160002116
:107C80008160C16001610C224261816101624162D7
:107C9000FFF763F8002801D0FBF734FAEFF3108008
:107CA000012181F310882168FF22213211432160D4
:107CB00080F3108810BD0000004800406C010020D7
:107CC00010B50F480D490160FF21053141600021C9
:107CD0008160C1600222026101224261520282611E
:107CE000C1610162416281620721C162FEF7BBF995
:107CF000002801D0FBF706FA10BD0000003001405B
:107D00001C03002010B51248104C04604B21C9011F
:107D1000416000218160C16001610C22426181618A
:107D2000C16101624162FFF718F8002801D0FBF73A
:107D3000E9F9EFF31080012181F310882168FF2217
:107D400021321143216080F3108810BD00380140BA
:107D5000F001002010B51548134C0460E1214902E0
:107D6000416000218160C16001610C22426181613A
:107D7000C161016230214162A11481634900C16384
:107D8000FEF7EBFF002801D0FBF7BCF9EFF3108002
:107D9000012181F310882168FF22213211432160E3
:107DA00080F3108810BD00000044004074020020E1
:107DB000FEE7000070B596B00446424840490160B5
:107DC000002646607F218160FF214931C160066144
:107DD0008661C661FDF7D6FE002801D0FBF792F957
:107DE000FF2001300F90012008A9087680070D9030
:107DF00040000B900F2000060C906946CE76207A4A
:107E0000087620794876207888760796002206A999
:107E10002C48FDF735FF002801D0FBF773F92A4DF8
:107E20007D21287D0901401A10A9C875287C401CB5
:107E30004875287B401E8875287E401C08750022E6
:107E400015A92048FDF7F2FF002801D0FBF75AF9E9
:107E5000287A10A908702879487028788870CE7020
:107E60001396149600221748FEF74EF8002801D00A
:107E7000FBF748F9002211460220FDF721F9022004
:107E8000FDF712F9114801690122920411430161C1
:107E90000FA110A0FFF74AFA28460BC8EA6803931F
:107EA00002920491059028696969401C0190009133
:107EB0000A4823686268A168FFF738FA16B070BDF7
:107EC00000280040F802002028070020401002404F
:107ED0004C4F47000A5B25735D000000E0D20008AC
:107EE00001090A2251430007000F4018C0B2704731
:107EF000002102E0491C0A38C0B20A28FAD2090758
:107F0000090E0843704770B505462868C1684906E0
:107F100013D40021C943C160FCF7A2FD04467D26AD
:107F2000F60006E0FCF79CFD001BB04201D90320DF
:107F300070BD2868C0684006F4D5002070BD000000
:107F400010B50348FDF7A0FD0148FDF779FD10BD10
:107F5000F8020020F8B50446FF26012360680536C4
:107F60009B02B0420AD1A0685D01A84201D09842AC
:107F700004D1206805684027BD430560606820255E
:107F8000B0421ED1A06898420DD00B46009200224C
:107F90008021204600F058F8002820D0606D28434A
:107FA00060650320F8BD0B460092002201212046A7
:107FB00000F04AF8002812D0606D28436065032065
:107FC000F8BD0B46009200220121204600F03CF84B
:107FD000002804D0606D284360650320F8BD0020B0
:107FE000F8BD00007CB504460E46154615481449F8
:107FF0000068F8F77DF87D21C9004843019060686A
:10800000C11FFD390ED13346002280212046009544
:1080100000F01AF8002810D0606D20210843606538
:1080200003207CBD0198002807D00198401E0190D4
:1080300020688068C0430006F4D500207CBD0000A5
:1080400000366E0148000020FFB581B004461E4690
:108050000A9DFCF705FD401B351AFCF701FD07469C
:10806000274800684001000D684300903BE0701C09
:1080700039D0FCF7F5FCC01BA84205D2002D03D077
:10808000009800282BD02BE020684168E022914323
:1080900041606068C11FFD390CD10121A068C9038E
:1080A000884202D04911884204D1206801684022E8
:1080B000914301600121A06A4903884207D12068E9
:1080C00002688A430260206802680A430260012055
:1080D0004034607400202074032005B0F0BD0025FA
:1080E0000098401E0090206881680298884305D05F
:1080F000002003998842BAD10020EEE70120F8E77A
:10810000480000207047000010B5AEB0982108A8C4
:10811000F8F7CDFA002004900590069007900190A2
:108120000290039032214C48F8F7C1FA08234B4AD9
:10813000102104A801F00AFE49A108A8F8F7C2FA24
:10814000102204A908A8F8F7F1FA46A108A8F8F740
:10815000B9FA282244A101A800F024FE01A908A828
:10816000F8F7B0FA41484288511C41803EA101A86D
:1081700000F018FE01A908A8F8F7A4FA3CA108A885
:10818000F8F7A0FA3C4C3DA1228901A800F00AFEB4
:1081900001A908A8F8F796FA3AA101A8226C00F004
:1081A00001FE01A908A8F8F78DFA38A101A8626CB0
:1081B00000F0F8FD01A908A8F8F784FA35A101A894
:1081C000A26C00F0EFFD01A908A8F8F77BFA33A133
:1081D00001A8E26C00F0E6FD01A908A8F8F772FA20
:1081E00030A101A8626B00F0DDFD01A908A8F8F735
:1081F00069FA2EA101A8A26B00F0D4FD01A908A87C
:10820000F8F760FA2BA101A8226B00F0CBFD01A9C1
:1082100008A8F8F757FAA28928A101A800F0C2FD22
:1082200001A908A8F8F74EFAA28924A101A800F034
:10823000B9FD01A908A8F8F745FA22A101A8E26B47
:1082400000F0B0FD01A908A8F8F73CFA08A803F06F
:10825000EDFF2EB010BD00002005002063140020AB
:10826000522C00002C00000025642C000C00002083
:108270003130312C0000000054050020312C2564E1
:108280003B000000322C25643B000000332C2564A9
:108290003B000000342C25643B000000352C256495
:1082A0003B000000362C25643B000000372C256481
:1082B0003B000000382C25643B000000392C25646D
:1082C0003B00000031302C256400000070B5002513
:1082D000224E012220213046FCF7BBFB0021204822
:1082E000FBF786FE00241E48FCF716F932211C48D5
:1082F000FCF7AEF81A48FBF77FFF800503D5184856
:10830000FBF77CFF2D18641C1E2CECDB15A116A0BE
:10831000FFF70CF81E212846F7F7EAFE0246294629
:1083200013A0FFF703F800F04DF81B491B488D42DE
:1083300009D2012101741AA10BA0FEF7F7FF1AA0C0
:10834000FEF7F4FF04E0017C002901D00021017454
:10835000002220213046FCF77CFB70BD0004005059
:10836000C40000204C4F47000A5B25735D000000ED
:10837000436F766572742054616D7065722041445C
:10838000432056616C756520526573756C743A2094
:1083900025642C2025640000F824010054050020E9
:1083A0005741524E000000004465766963652048DD
:1083B0006173204265656E2052656D6F766564213C
:1083C0002121000010B50248FCF7D6F810BD0000CE
:1083D000C400002030B599B034210CA8F8F767F933
:1083E000142107A8F8F763F91C216846F8F75FF92C
:1083F000204801680322D202114301600A200C9038
:1084000009200F901020109001251195002415943B
:108410000CA8FDF7C9F8002801D0FAF773FE0F2069
:108420000790089509940A940B94002107A8FCF77B
:1084300049FF002801D0FAF765FE2F200090029432
:108440000394049405940120400401906846FCF7CD
:108450007DFE002801D0FAF755FEFCF73DFEFCF743
:1084600033FE0548C1680122D2031143C16019B02F
:1084700030BD000000700040001002407047000056
:10848000FEB525480168491C0160244E7269521CE2
:1084900072613B293FDD002505604168491C416050
:1084A0003B2938DD45608168491C8160172932DD30
:1084B0008560C168491CC16001918169491C816165
:1084C000062900DD85611448154A0469A100575C3E
:1084D000377040690090800705D164210098F7F754
:1084E0001DFE002906D1FF2191310098F7F716FEF5
:1084F000002901D17F1C37703278019906489142DA
:1085000009DD0121C160641C04610B2C03DD0561E0
:108510000099491C4161FEBD280700202C00002065
:1085200088CE0008F8B52B4C6068401C6060A068DD
:10853000401CA0602169491C2161274A108900283C
:1085400001D0401E1081254A1089002801D0401E0C
:108550001081234DA888002801D0401EA880214A00
:108560009089002801D0401E90811F4A108D00285C
:1085700001D0401E10851D4A1088002801D0401EE1
:1085800010807D27FF000026B94203D32661E068F2
:10859000401CE0606078401CC0B26070052802D9C1
:1085A000667001F09FFB6068B8420FD36660FFF70A
:1085B00067FFA888002809D10D49C879002805D08F
:1085C0000C4A1278002A01D1401EC871FEF700FF44
:1085D000F8BD00002C000020D60F0020CC0D00209C
:1085E000CC0C002060130020201000200800002088
:1085F000540500200C00002010B50248FEF7BDF91C
:1086000010BD0000D014002010B50248FEF7B5F9E7
:1086100010BD00007403002010B50248FEF7ADF94C
:1086200010BD0000B40300201CB5134A936B102446
:1086300023439363002400940194114A0F4B136069
:10864000491E51609460401ED060802050611046E9
:10865000FEF77EF8002801D0FAF754FD009401944B
:1086600069460748FEF72CF8002801D0FAF74AFDC2
:108670000348FEF7D3F81CBD001002400010004074
:10868000B403002070B5026801239B07114C124D02
:10869000984203D0A04201D0A84203D17026B24331
:1086A0004E683243984203D0A04201D0A84204D180
:1086B00003231B029A43CB681A4380239A430B6916
:1086C0001A4302608A68C2620968816201214161BD
:1086D00070BD0000000801400014014010B5C9063B
:1086E000C90E01238B40046A9C430462036A8A40DA
:1086F0001343036210BD30B58468FF252D02AC43DF
:108700001B0213430B432343836030BD82687023F5
:108710009A430A4307210A438260704730B5026AD0
:10872000520852000262026A446883697025AB43B2
:108730009B089B000D681D4302239A438B681343DB
:108740004460856149684163036230BD30B5026AA7
:1087500010239A430262036A45688269072424034E
:10876000A24303242402A2430C68240214432022BF
:1087700093438A6812011A434560846149688163A2
:10878000026230BD30B5026AFF2301339A430262B0
:10879000026A4468C3697025AB439D08AD000B684D
:1087A0002B4301256D02AA438D682D0215434460B9
:1087B000C3614968C163056230BD30B5026A0123F7
:1087C0001B039A430262036A4568C26907242403B3
:1087D000A24303242402A2430C682402144301226E
:1087E000520393438A6812031A434560C46149687F
:1087F0000164026230BD30B5036A046A6408640033
:1088000004628469F025AC43120122430A24A34385
:108810000B438261036230BD30B5036A1024A34369
:1088200003628369046A0F252D03AB4312031A43C5
:10883000A0239C43090121438261016230BD0A0EDD
:1088400002700A0C42700A0A8270C1707047027886
:10885000C178120689184278807812040002101834
:108860000818704710B5818CC90707D001684A689D
:1088700001235B049A43836A1A434A60818C890707
:1088800007D501684A6801231B049A43C36A1A4347
:108890004A60818C490707D501684A6801239B0417
:1088A0009A43036B1A434A60818C090707D5016814
:1088B0004A680123DB039A43436B1A434A60818C65
:1088C000C90607D501688A6801231B039A43836B95
:1088D0001A438A60818C890607D501688A6801235A
:1088E0005B039A43C36B1A438A60818C490612D595
:1088F00001684B6801221205046C934323434B60CB
:10890000016C914207D101684A6803235B059A43D1
:10891000436C1A434A60818C090607D501684A688E
:108920000123DB04806C9A4302434A6010BD0000BF
:10893000F8B50446002580200551FCF791F807465C
:1089400020680068134E00070BD501213B4600222A
:1089500049052046009600F045F9002801D0032083
:10896000F8BD2068006840070BD501213B46002276
:1089700089052046009600F035F9002801D0032033
:10898000F8BD2020A067E0672566603425750020CB
:10899000F8BD0000FFFFFF01F8B504460025894B34
:1089A00020682269A168E669114362693243114374
:1089B0000268854E32400A43026020684168032203
:1089C00012039143E26811434160A0692168994212
:1089D00001D0226A10438A680B263602B243024352
:1089E0008A607A4922687A488A4213D1C06880072F
:1089F000800F07D0012809D0022805D0032807D00E
:108A0000102738E0012736E0022734E0042732E05F
:108A1000082730E06F498A4213D1C0680C21084012
:108A200007D0042809D0082805D00C2807D0102723
:108A300021E000271FE002271DE004271BE0082794
:108A400019E09A4216D1C0680321890208400BD070
:108A500001218902401A0BD0401A07D0884201D167
:108A6000082708E0102706E0002704E0022702E0BC
:108A7000042700E0102756495748403986009A429B
:108A800036D1002F13D0022F14D0042F17D0082F67
:108A900018D000200125002808D062685100511824
:108AA000814202D8110381420FD2012584E0FCF7F4
:108AB00011FDF0E70968C906EDD43046EBE7FCF795
:108AC00029FDE8E70120C003E5E7010E0602500892
:108AD000002330185941F7F735FB032109023F4ABB
:108AE000411A914202D82168C86065E0012563E01F
:108AF0000122E369D203934232D13B0000F0A7F98F
:108B00000906090C1611161616141600FCF7E2FCDD
:108B10000EE0FCF7EFFC0BE00968C90608D430460C
:108B200006E0FCF7F7FC03E0104601E00020012519
:108B3000002841D0616840004A088018F7F7D8FA49
:108B400080B202462649103A8A4207D8491C0140A1
:108B50000007420F0A432068C2602DE001252BE088
:108B60003B0000F074F90906090C161116161614CC
:108B70001600FCF7AFFC0EE0FCF7BCFC0BE009684C
:108B8000C90608D4304606E0FCF7C4FC03E01046F2
:108B900001E00020012500280ED061684A08101865
:108BA000F7F7A6FA80B201460D4A1039914202D871
:108BB0002168C86000E0012500206066A0662846A4
:108BC000F8BD000000480040F369FFEF00380140A5
:108BD000401002400044004000093D00FFFC0F002F
:108BE000EFFF0000FFB581B00A9D04460F46264600
:108BF000603658E0681C56D0FBF732FF0499401AE3
:108C0000A84230D8002D2ED02068016849074AD5E7
:108C1000C069C043000546D401202168C002086233
:108C2000EFF31081012080F3108820680368FF2291
:108C3000A1329343036081F31088EFF31081012088
:108C400080F310882068826852085200826081F3A5
:108C500010882020A067E0678034206000203075F5
:108C6000032005B0F0BDEFF31081012080F31088E0
:108C700020680368FF22A1329343036081F31088C8
:108C8000EFF31081012080F3108820688268520879
:108C90005200826081F310882020A067E0670020E6
:108CA00030750320DDE72068C1693846884305D068
:108CB0000020039988429DD00020D2E70120F8E7E8
:108CC00018B5104AD069800610D50F49C888FE280B
:108CD0000AD2546A431CCB800C4BC018FF300130C1
:108CE00084713220088101E0506A0090D069000749
:108CF00001D5082010620648C1790A2901D20A214B
:108D0000C17118BD00380140CC0D0020CC0B0020F3
:108D10005405002018B5104AD069800610D50F49B7
:108D2000C888FE280AD2546A431CCB800C4BC0185A
:108D3000FF30013084713220088101E0506A0090D8
:108D4000D069000701D5082010620648C1790A29B8
:108D500001D20A21C17118BD00440040D60F002085
:108D6000D60D00205405002010B5FBF725FC10BDE2
:108D70000FB41CB50246002007AC00290BD0491ED9
:108D800001910092064B6A462146069800F08EF942
:108D9000009A002111701CBC08BC04B018470000E8
:108DA000E59700080FB410B504A9074B02AA039871
:108DB00000F07CF9044602A9002000F01EFD2046C8
:108DC00010BC08BC04B01847FB97000837B5144620
:108DD0000846064B6A46214600F068F90446694693
:108DE000002000F00AFD20463EBD0000FB97000871
:108DF0002021020C01D010211046020A01D0104699
:108E00000839020901D01046091F820801D0104616
:108E1000891E420801D0881E7047081A7047F8B5AD
:108E2000040C8BB2264682B25E430D0C1046370C02
:108E30005843360480190021794116466E43370C99
:108E400036048019794126466E438919F8BD30B43D
:108E50007446641E2578641CAB4200D21D46635DD7
:108E60005B00E31830BC18474100080200D0042022
:108E70000A0E01D001221043090EFF2901D102215F
:108E80000843012800D10520704700008307FF2216
:108E9000DB0E9A408907090E9940002808DB8308F9
:108EA00009489B001818036893430B4303607047FD
:108EB0000007000F0838830804489B001818C3698E
:108EC00093430B43C361704700E400E000ED00E012
:108ED00000487047C000002010B5F7F7A8FC10BD8F
:108EE0005E2110B5C9430807F7F775FD10BD0000F6
:108EF0000148006870470000C000002002E008C878
:108F0000121F08C1002AFAD170477047002001E003
:108F100001C1121F002AFBD17047000001490860FF
:108F200070470000C0000020F0B51FB486B009985B
:108F3000089A030D0021024314D05148514A1818D1
:108F4000504305141198012810981AD0281A401C73
:108F500000264D4F4D49009601910490002812DAE9
:108F6000444211E01198012449A3012801D110982D
:108F7000C1430698119A84600360C26041600BB0DF
:108F8000F0BD4042E4E70446210500203F4A001CB2
:108F900051410391029012E0E00707D032463B4670
:108FA00001990098F7F7D6FD0191009032463B46B3
:108FB00010461946F7F7CEFD06460F466410002C02
:108FC000EAD10498039B0028029A0999089806DAC6
:108FD000F7F7C0FD019B009AF7F7BCFD05E0F7F736
:108FE00021FE019B009AF7F71DFE04460E46002263
:108FF000284BF7F72DFF03D80020C043014607E0B8
:109000000022254B20463146F7F7F2FCF8F7AEF880
:10901000102409E0002C0ADB0A220023F7F792F85B
:10902000079B30321A55641E02460A43F2D11122C0
:10903000641C079B121B1C19119B012B03D00123DD
:1090400008430ED10AE0084304D0112010900020FC
:10905000119077E71098151A6D1E0BE01098824258
:1090600002DD00236D1C03E0824201DA00236D1E45
:10907000002BEED0069811998260C16030C07EE767
:1090800001FCFFFF104D0000000014400000F03F05
:10909000300000000000F0430000E03F30380A28B4
:1090A00001D201207047002070470000FFB597B043
:1090B0000646002518E2252877D100242746FD49D9
:1090C000049400E00443761C32780120203A90405A
:1090D0000842F7D130782A280ED002223078014693
:1090E0003039092916D804990A23594330394018D0
:1090F0001443761C0490F1E7189802C80491189064
:10910000002904DA0120400304434842049002206D
:109110000443761C30782E2814D104200443707840
:10912000761C2A2809D11898761C80C8189009E066
:109130000A214F43303FC719761C30780146303939
:109140000929F5D930786C2810D006DC4C281AD0C3
:1091500068280ED06A2817D104E0742813D07A2822
:1091600012D110E00120400504430CE00121090563
:1091700001E0032109050C437178814203D10120EC
:1091800000052418761C761C3078119066280BD0C8
:1091900013DC58287DD009DC00287BD04528F6D088
:1091A0004628F4D047281AD1A5E118E0632835D025
:1091B000642870D0652812D19DE170286CD008DC3D
:1091C0006728F1D069287BD06E280DD06F2806D192
:1091D000BAE073282ED0752871D0782859D01A9A01
:1091E000199990476D1C7EE16002400F022809D05A
:1091F00003280DD00428189801680DD00D60001DBB
:10920000189070E11898EA1701680D604A60F6E757
:10921000189801680D80F2E70D70F0E718986A461B
:1092200001781172001D18900020507202A8009061
:10923000012005E0189802C8189000200091C04352
:1092400061070DD5002101E00199491C0191B94246
:1092500012DA8142F8DB009A515C0029F4D10BE06C
:10926000002101E00199491C01918142FADB019A38
:109270000099895C0029F5D1019904981A9B471A35
:1092800021463846199A00F097FA01994019451875
:109290000BE04FE02CE113E04EE0009800990078DD
:1092A000491C00911A9A199990470198401E019003
:1092B000401CF2D1214638461A9B199A10E137E03A
:1092C0000A200021009001916002410F022907D07D
:1092D000189A01CA1892C2179446032908D00AE0C6
:1092E0001898C01DC108C90005C91891944607E027
:1092F00000B2C2179446042902D140B2C1178C466D
:1093000000226146944506DA0A4600214042914116
:109310008C462D2102E0210504D52B216A461173CC
:10932000012103E0E10701D02021F7E7029155E098
:109330000A200AE0102008E01020009000210420FC
:1093400004430191082703E00820002101910090C7
:109350006002410F022907D0189A01CA1892002210
:109360009446032908D008E01898C01DC108C90018
:1093700005C91891944603E080B2042900D1C0B217
:1093800000210291210729D51199702906D0009A50
:109390001021019B4A401A4305D00EE040216A4645
:1093A0001173012108E06146014306D030216A466D
:1093B00011731199517302210291009A0821019BA6
:1093C0004A401A430AD16146014301D1610705D5DC
:1093D00030216A46117301217F1E0291119958298B
:1093E00004D035A10E910DA90D910DE037A1F9E73B
:1093F0006146019B009AF6F7A5FE0E9B8C469B5C8E
:109400000D9A521E0D92137061460143F0D10D98D2
:1094100005A9081A20300190600703D50120000437
:10942000844300E001270198874201DD381A00E0FB
:109430000020019900904118029809180498401AD8
:109440000490E00306D421461A9B199A049800F070
:10945000B3F94519002706E003A81A9AC05D1999C7
:1094600090476D1C7F1C02988742F5DBE0030CD50A
:1094700021461A9B199A049800F09EF9451904E0B8
:109480001A9A3020199990476D1C0099481E009037
:109490000029F5DC08E00D980D990078491C0D9124
:1094A0001A9A199990476D1C0199481E019000293C
:1094B000F1DC63E1092801003031323334353637CD
:1094C0003839616263646566000000003031323310
:1094D00034353637383941424344454600000000B0
:1094E00000F05AF94519761C3078002800D0E2E5E2
:1094F00028461BB0F0BD600700D406271898C01D91
:10950000C108C90048680A680831C30FDB07189111
:10951000190001D09CA108E0210501D59BA104E020
:10952000E10701D09AA100E09AA1430011985B08DD
:10953000109165280CD006DC452809D046281DD09E
:10954000472841D141E0662818D067283CD13CE04B
:109550000021112F01DB112000E0781C0191009007
:1095600008A911A8FFF7E0FC139905910021119AB1
:1095700015927F1C12980197009150E00120C007BE
:1095800003900120019008A9009711A8FFF7CCFCD7
:10959000139A149905920022119B00921298159328
:1095A000059A0192002901D0104602E0791C40186A
:1095B0000190381A01D5019804E04042401E009005
:1095C000781C0190C01B029043E0012F00DA0127B4
:1095D0000021112F01DD112000E03846019100909B
:1095E00008A911A8FFF7A0FC13990591119A002171
:1095F000129815920091019721070CD40599B94250
:1096000001DB019900E00191012904DD159A491E51
:10961000515C302906D0B84201DA011D05DA01217A
:10962000029115E00199491EEDE7002805DC00993B
:10963000411800910199091A03E0019A411C9142D5
:1096400000DD01910099401A401C02900120C007E2
:109650000390200706D402990198814202DB002082
:10966000C043029000206946C87707AF01210398E4
:109670000337C907884224D0022011902B20129072
:10968000039800280CDA404203902D20129007E046
:109690000A210398F6F72CFD30317F1E03903970B4
:1096A0001199481E11900029F2DC03980028EFD18F
:1096B000791E129808703078202108404530BF1E6E
:1096C000387006A8C01BC01D0390109800780028B1
:1096D00000D00120019941180298C0170918039879
:1096E00009180498401A401E0490E00306D421464D
:1096F0001A9B199A049800F05FF8451910980078A1
:10970000002803D01A9A199990476D1CE00324D5BC
:1097100021461A9B199A049800F04EF845191CE04E
:109720000098002807DB00990598884203DD15980A
:10973000405C199901E0199930201A9A90470098D5
:109740006D1C401C00900298401E0290002804D11D
:109750001A9A2E20199990476D1C0199481E019064
:109760000029DDDC05E038781A9A7F1C19999047AA
:109770006D1C0399481E03900029F4DC21461A9BB6
:10978000199A0498ACE600002D0000002B000000A0
:109790002000000000000000F8B5044600251E4629
:1097A0001746880404D405E039462020B0476D1CD4
:1097B000641EF9D52846F8BDFFB50446002581B0E2
:1097C0001E46C80301D5302700E02027880404D5B1
:1097D00005E038460399B0476D1C641EF9D528464C
:1097E00005B0F0BD4A68002A06D00A68531C0B6019
:1097F00010704868401E486070470A68531C0B6030
:1098000010707047F0B50C4601461D224B00D20681
:109810009F18E52605463606620087B02046B74207
:109820007DD21D27FF06D719B74278D24F004300DB
:109830003E0E1A0EB21A1B2A07DD002902DA7548FD
:1098400007B0F0BD744807B0F0BD1A26F24217DA2F
:10985000002807DA002902DA704807B0F0BD704826
:1098600007B0F0BD21462846F7F777F80446FFF722
:10987000FBFA042801D1FFF733FB204607B0F0BD07
:109880009F4211D9002902DA664F674E01E0674F07
:10989000674E23462C461D4601220346D207084642
:1098A0005440504019460BE0002807DA002902DA3C
:1098B000604F614E04E0614F614E01E00026374683
:1098C000421A012352001B069A4230D248405D4999
:1098D0000BD5BF20000603903846F6F7F9FF074680
:1098E00059493046F6F7F4FF0AE03F20000603909E
:1098F0003846F6F79CFF074653493046F6F797FF80
:10990000064628460399F6F7EBFF2146F6F78FFF48
:10991000009021460398F6F7E3FF294600E03AE07D
:10992000F6F7DAFF0099F7F718F8044604E0214645
:109930002846F7F712F804460146F6F7D1FF4349E7
:109940000090F6F7CDFF4249F6F771FF0099F6F760
:10995000C7FF4049F6F76BFF0099F6F7C1FF3E4994
:10996000F6F765FF0099F6F7BBFF3C49F6F75FFF96
:10997000054620460099F6F7B3FF2946F6F7B0FFF3
:109980003146F6F754FF2146F6F751FF3946F6F710
:109990004EFF07B0F0BDFF263606B34201D8B242F3
:1099A00005D901462846FFF797FA07B0F0BD2F46C4
:1099B00007437F000AD0B3420CD1B2420AD1012240
:1099C0009207904391430D4604462FE7FF22D205AC
:1099D0001043F9E7B34208D0460006D05340F4D410
:1099E000002A08DB9F26F60507E0FF22D205114377
:1099F000E00FC0071AE75F26F60531462846F6F75E
:109A00006FFF054631462046F6F76AFF04462946B1
:109A10000CE70000DB0FC9BFDB0FC93FDB0F49C0FC
:109A2000DB0F49400000C9BF22AAFDB90000C93FB1
:109A300022AAFD39000049C022AA7DBA000049408F
:109A400022AA7D3A0060ED3EC30ACE372DAD65BD3A
:109A50008FB8D53D0FB511BE61C84C3EA8AAAABEAD
:109A600030B583B00446FFF743FA05460020009066
:109A70000246019021466846F7F769FA2846FFF743
:109A80004DFA0199009803B030BD89000818826032
:109A9000704770B50446606880470146E078420729
:109AA00002D02288521C2280C309C7228B4212D0C6
:109AB0000623D84101235B07C0181A23D841830627
:109AC0005B0FE070032B08D34006400EC90108432A
:109AD0001040E07001E01040E070E07800254107A0
:109AE000490F0B00FFF7B3F90604244F931DB11D76
:109AF000C1094006C00F814214D1A0780007000FB1
:109B0000A070A168002901D0204688472580A07850
:109B100000090001401CA070E078C008C000401C93
:109B2000E07070BDA0780007000F8030A07070BD9D
:109B3000C1094006C00F814210D0A0780007000F75
:109B40001030A070E168002901D0204688472580A8
:109B5000E078C008C000801CE07070BD20884B21F8
:109B6000C9008842F9D9A0780007000F5030A070D2
:109B7000E169002901D020468847E078C008C0008C
:109B8000401DE07070BDC1094006C00F81421FD169
:109B9000A0780007000FA070A168002901D020461E
:109BA0008847A0780421C841890640181C21C84173
:109BB0000007000F2030A0702169002901D0204645
:109BC00088472580E078C008C000C01CE07070BDE8
:109BD00020883C28FBD9A0780007000F012802D07C
:109BE000022808D00EE03030A0706169002909D049
:109BF0002046884706E04030A070A169002901D0C6
:109C000020468847E078C008C000E07070BDC109F8
:109C10004006C00F8142F9D0A0780007000F103035
:109C2000A070E168002901D02046884720883C28A0
:109C300006D22580E078C008C000801CE07070BDAE
:109C4000E078C008C000E07070BDC1094006C00FD8
:109C500081420AD1A0780007000F6030A070216A0D
:109C60000029F1D02046884770BDA0780007000F7A
:109C70001030A070E168002901D020468847E078C4
:109C8000C008C000E07070BD70B504460D461646B1
:109C900028212046F6F70BFDA0780007000F803042
:109CA000A0706560A847C101E0784006400E0843F7
:109CB000BF210840F107490E0843E07070BD000065
:109CC000074B19680A4605E0814202D10020C043D3
:109CD0007047496A0029F7D1426218600020704736
:109CE0004C00002010B50548046803E02046FFF74B
:109CF000D0FE646A002CF9D110BD00004C00002099
:109D000010B50024012204A1F6F703FD002800D0BD
:109D10000124204610BD0000520000001CB5024680
:109D2000002400200090019010230821684600F0D4
:109D300039F8082269460448F6F7EBFC002800D001
:109D4000012420461CBD000063140020FFB583B031
:109D500016461D46002E07D00398002804D0002D7B
:109D600002D06F008F4202D9002007B0F0BD002062
:109D70000190029000240DE0002001900290325DDD
:109D800006A101A8FFF70EF801A90398F6F79AFCBF
:109D9000641CA4B2AC42EFD3B8B2E6E72530325827
:109DA0000000000070B50446002C0AD0002A08D03C
:109DB000002B06D0002904D0D80702D158088842C9
:109DC00001D9002070BD0025002038E0515D0E460D
:109DD000613E052E03D8C91F090121540CE00E462F
:109DE000413E052E03D8C91F0901215404E0303932
:109DF00009290DD8090121546D1CADB2515D0E46E3
:109E0000613E052E06D8265C71185739215412E0A0
:109E1000002070BD0E46413E052E04D8265C711808
:109E20003739215407E00E46303E092E0AD8265C09
:109E3000711830392154401C80B26D1CADB29D4266
:109E4000C4D370BD002070BDFFB581B007460E467B
:109E500014460025002F1AD03846F6F753FC002888
:109E600015D0002E13D03046F6F74CFC00280ED04B
:109E700031463846F6F76EFC05E001C46D1C3146EC
:109E80000020F6F767FC0028F7D10498056005B0BC
:109E9000F0BD70B50E4600250446F6F733FCC2B29D
:109EA0001AE0002016E021780B46303B092B00D841
:109EB000715521780B46413B192B00D871552178FB
:109EC0000B46613B192B00D87155641C6D1CEDB21B
:109ED000401CC0B29042E6D320780028E1D170BD8A
:109EE000F3B583B0039800680178002939D003994D
:109EF00049680978002934D00399896809780029CC
:109F00002FD00399C968097800292AD0FFF7A8FD46
:109F100006460F46304C0022234630463946F6F7B7
:109F200081FEF6F72BFFF6F707FF01910090002264
:109F3000234601990098F6F70DFE32463B46F6F7A8
:109F400001FE0022254BF6F76DFE019B009AF6F705
:109F50004FFD06460F46039840680078532803D00B
:109F600005E0012005B0F0BD0120C007474003987F
:109F70008068FFF775FD04460D460022164B20460B
:109F80002946F6F74FFEF6F7F9FEF6F7D5FE0191F2
:109F900000900022104B01990098F6F7DBFD224655
:109FA0002B46F6F7CFFD00220C4BF6F73BFE019B4C
:109FB000009AF6F71DFD04460D460398C068007828
:109FC000572801D1C00745400498C76086600498AF
:109FD000456104610020C5E70000594000004E4083
:109FE0007047000038B5002100916B46154A16A154
:109FF000FFF72AFF0024134D20E0A000285813A1EA
:10A00000F6F76CFB002818D0A4002859F6F77AFB65
:10A01000024629590E48F6F731FB78210948F6F730
:10A0200046FB6B46074A0BA10948FFF70DFF08499D
:10A030000448683102F020F838BD641C009884425E
:10A04000DBDB38BDE813002024000000524D430044
:10A05000200600202C000000F3B58FB00C46EF4E18
:10A060001E20F071EEA10F98F6F738FBF24D002894
:10A0700024D0182C22D8162C20D3F0A10F98F6F754
:10A080002DFB401CF6F7C6FB80B201460A39A942F7
:10A090000BD83081EAA1EBA0FDF748F93189EBA09C
:10A0A000FDF744F9F9F7A8FE03E0F0A1E5A0FDF7FC
:10A0B0003DF9F0A0FDF73AF911B0F0BDF7A10F9806
:10A0C000F6F70CFB002823D0162C21D8132C1FD315
:10A0D000DAA10F98F6F702FB401CF6F79BFB80B263
:10A0E00001460A39A9420BD83081F1A1D5A0FDF76C
:10A0F0001DF93189EFA0FDF719F9F9F77DFE03E0AD
:10A10000EBA1D0A0FDF712F9F2A0FDF70FF9D3E70C
:10A11000F8A10F98F6F7E2FAF94F3D463C46403574
:10A12000203400287ED0F7A10F98F6F7D7FA002840
:10A13000F8D0F7A10F98F6F7D1FA0028F2D07821DD
:10A14000F648F6F7B4FAF6A10F98F6F7C7FA002129
:10A150000D9100260DABF14AF5A1FFF775FE0D98A4
:10A16000082807D0D2A1B7A0FDF7E0F8F1A0FDF7CD
:10A17000DDF8A1E7CEA1B3A0FDF7D8F8F2A0FDF776
:10A18000D5F8E648ADA10068F6F7A8FA0E900E984B
:10A19000401CF6F7B7FA002813D00E98401CF6F7CB
:10A1A000B1FA03280DD80E98401CF6F733FB7870EF
:10A1B000BFA1A4A0FDF7BAF87978E8A0FDF7B6F83A
:10A1C00003E0BBA19FA0FDF7B1F8EBA0FDF7AEF84F
:10A1D000D2489AA14068F6F781FA0E900E98401C7A
:10A1E000F6F790FA062878D0B1A196A0FDF79EF870
:10A1F000E1A0FDF79BF8C94890A18068F6F76EFAD8
:10A200000E900E98401CF6F77DFA072866D0A8A19C
:10A210008CA0FDF78BF8DFA0FDF788F8BF4887A179
:10A22000C06800E0F6E2F6F759FA401C0E900E986E
:10A23000F6F768FA082874D09DA182A0FDF776F899
:10A24000DBA0FDF773F8B5487CA10069F6F746FA84
:10A25000401C0E900E98F6F755FA102871D094A174
:10A2600078A0FDF763F8DAA0FDF760F8AB4873A1BA
:10A270004069F6F733FA401C0E900E98F6F742FA52
:10A2800004287DD08AA16FA0FDF750F8D8A0FDF773
:10A290004DF8A24869A18069F6F720FA401C0E909B
:10A2A0000E98F6F72FFA10286BD081A165A0FDF764
:10A2B0003DF8D7A0FDF73AF8984860A1C069F6F7D5
:10A2C0000DFA401C0E900E98F6F71CFA10287DD05F
:10A2D00077A15CA0FDF72AF801E00CE027E0D4A00C
:10A2E000FDF724F8F9F7C4FCF9F75EFCF9F746FD31
:10A2F000012028723AE7D6A000680C900E9BD5A2E8
:10A300005B1C03210CA8FEF733FD0CA8F6F782FABC
:10A310007D21C9004843F86465A14AA0FDF706F80D
:10A3200000E01AE0CCA0F96CFDF700F860E70E98A9
:10A33000D0A1401CF6F7D2F9002803D00020B87055
:10A3400002E032E00220B87059A13EA0FCF7EEFF17
:10A35000B978C9A0FCF7EAFF5DE70E98B9190B318F
:10A360008019FFF796FD761C082EF6DB34A135A088
:10A37000FCF7DCFFB87C797C3A7CFB7B019301E045
:10A38000BAE1D9E1029203910490B87B00907B7B03
:10A390003A7BF97CBFA0FCF7C9FF45A129A0FCF7D7
:10A3A000C5FFC8A0FCF7C2FF4AE700260E98B919FE
:10A3B00013318019FFF76DFD761C102EF6DB20A1FE
:10A3C00020A0FCF7B3FFA078617800E0EAE12278F2
:10A3D000FB7F09930A920B910C90B87F797F3A7FAB
:10A3E000FB7E0593069207910890B87E797E3A7EAF
:10A3F000FB7D0193029203910490B87D00907B7DD8
:10A400003A7DF97CB548FCF791FF29A10DA0FCF736
:10A410008DFFB3A0FCF78AFF25E70000540500205C
:10A42000536574205265706F727420496E74657242
:10A4300076616C3A00000000960500003A000000CA
:10A440004C4F47000A5B25735D0000005265637640
:10A450002055617274205265706F727420496E7459
:10A46000657276616C203A2025646D004552524F2A
:10A470005200000052656376205561727420526567
:10A48000706F727420496E74657276616C205061D1
:10A4900072616D204552524F520000007365744442
:10A4A00061746153796E63506572696F643A00003C
:10A4B00041434B007365744461746153796E63501A
:10A4C0006572696F643A2025646D200D0A204F4B38
:10A4D000000000007365744461746153796E6350C9
:10A4E0006572696F6420506172616D204552524FF0
:10A4F000520000004C6F526157414E506F72740011
:10A50000601400204C6F526157414E4672657100D5
:10A510004C6F526157414E4A6F696E00E81300203C
:10A520004C6F526157414E506F72743A00000000F8
:10A530002C0000004C6F526157414E205041524157
:10A540004D204552524F52007365744C6F52615703
:10A55000414E506172616D204F4B00007365744C29
:10A560006F526157414E506F72743A202564200D2E
:10A570000A204F4B000000007365744C6F52615706
:10A58000414E506F727420506172616D204552527D
:10A590004F5200007365744C6F526157414E4A6FC1
:10A5A000696E20506172616D204552524F52000019
:10A5B0007365744C6F526157414E417070455549F7
:10A5C00020506172616D204552524F5200000000D0
:10A5D0007365744C6F526157414E4150504B455911
:10A5E00020506172616D204552524F5200000000B0
:10A5F0007365744C6F526157414E44455641444413
:10A600005220506172616D204552524F520000003D
:10A610007365744C6F526157414E415050534B45D6
:10A620005920506172616D204552524F5200000016
:10A630007365744C6F526157414E4E574B534B45A7
:10A640005920506172616D204552524F52000000F6
:10A6500038363800257300007365744C6F526157AB
:10A66000414E467265713A202564200D0A204F4BF9
:10A6700000000000410000007365744C6F52615788
:10A68000414E4A6F696E3A202564200D0A204F4BD7
:10A69000000000004170704555493A20253032785D
:10A6A000202530327820253032782025303278202D
:10A6B0002530327820253032782025303278202518
:10A6C000303278007365744C6F526157414E41507F
:10A6D00050455549200D0A204F4B000018D0000866
:10A6E0007365744C6F526157414E4150504B455900
:10A6F000200D0A204F4B000000260E98B919233177
:10A700008019FFF7C6FB761C042EF6DBFE49081DF8
:10A71000FCF70CFEA079009063792279E178FBA028
:10A72000FCF704FEF849703108466C38FCF7FEFD72
:10A73000FEA0FCF7FBFDA9E500260E98B91927310C
:10A740008019FFF7A6FB761C102EF6DBEE49081DDC
:10A75000FCF7ECFDA07D617D227DE37C09930A92EC
:10A760000B910C90A27C617C207CE37B059306AB73
:10A7700007C3A27B617B207BE37A019302AB07C313
:10A78000A07A0090637A227AE179EE48FCF7CEFD58
:10A79000DD49703108466C38FCF7C8FDEAA0FCF7CB
:10A7A000C5FD86E500260E98B91937318019FFF7E7
:10A7B00070FB761C102EF6DBD349081DFCF7B6FDA6
:10A7C000AA7968792979EB7809930C920A910B9010
:10A7D000AA7868782978E37F059308920691079014
:10A7E000A27F637F217FE07E039304920291019018
:10A7F000A07E0090637E227EE17DD948FCF796FD25
:10A80000C149703108466C38FCF790FDD5A0FCF7C3
:10A810008DFD61E5D9A10F98F5F760FF002812D0F2
:10A82000DB4C2078002800D046E4B7497031084658
:10A830006C38FCF77BFDD7A0FCF778FD0120207079
:10A84000FFF7CEFB38E4DBA10F98F5F747FF0028B0
:10A850007ED0FF212D31DB48F5F729FFDA48D94FAB
:10A860008078002875D0D9A13846FEF79BFA384683
:10A87000F5F748FFD849C0190A78D8A1FEF792FA2F
:10A880003846F5F73FFF7179C0198907CA0FD8A17B
:10A89000FEF788FA3846F5F735FFC0193289D8A196
:10A8A000FEF780FA3846F5F72DFFC019D9A2DBA1D3
:10A8B000FEF778FA3846F5F725FFC34EC0198446EF
:10A8C000B07A717A327AF379029303920491059007
:10A8D000B0797179009101903379F278D3A1604613
:10A8E000FEF760FA3846F5F70DFFC0198446B07CD4
:10A8F000717C327CF37B0293039204910590B07BD0
:10A90000717B00910190337BF27AD3A16046FEF710
:10A9100049FA3846F5F7F6FEC0198446A078617802
:10A920002278F37F0A930B920C910D90B07F717F88
:10A93000327FF37E0693079208910990B07E717E74
:10A94000327EF37D0293039204910590B17D01E084
:10A95000D0E16AE0707D01910090337DF27CC949BD
:10A960006046FEF71FFA3846F5F7CCFEA17962790A
:10A9700001910092C0192379E278C3A1FEF712FA7F
:10A980003846F5F7BFFEA17D627D237DE67C0A9601
:10A990000B930C920D91A17C627C237CE67B069646
:10A9A000079308920991A17B627B237BE67A02964A
:10A9B000039304920591A17A627A01910092C019E1
:10A9C000237AE279B749FEF7EDF93846F5F79AFEB2
:10A9D000AA796B792979EE780A960C930D920B91EE
:10A9E000AB7869782A78E57F0695099307920891F4
:10A9F000A17F637F227FE57E0295049303920591F8
:10AA0000A17E627E01910092C019237EE27DA6495B
:10AA1000FEF7C8F93C49703108466C38FCF786FCF3
:10AA20006849A2A0FCF782FC0CE768A16548FEF724
:10AA3000B9F96448F5F766FE6749C0190A7867A155
:10AA4000FEF7B0F95F48F5F75DFE7179C019890727
:10AA5000CA0F67A1FEF7A6F95A48F5F753FEC019C9
:10AA6000328967A1FEF79EF95648F5F74BFEC019EB
:10AA70008FA26AA1FEF796F95248F5F743FE524DB0
:10AA8000C019A97A6A7A2B7AEE7902960393049216
:10AA90000591A9796A79019100922B79EA7863A1ED
:10AAA000FEF780F94748F5F72DFEA97C6A7C2B7CE0
:10AAB000EE7B0296039304920591A97B6A7B019138
:10AAC0000092C0192B7BEA7A63A1FEF76BF93D482F
:10AAD000F5F718FEA17862782378EC7F0A940B933F
:10AAE0000C920D91A97F6A7F2B7FEC7E06940793D1
:10AAF00008920991AB7E6A7E297EEC7D029403ACBC
:10AB00000EC4C019A97DD7E040A4000844455641B1
:10AB10004444523A2025303278202530327820259E
:10AB20003032782025303278000000007365744C94
:10AB30006F526157414E44455641444452200D0ADC
:10AB4000204F4B00CCD000087365744C6F52615796
:10AB5000414E415050534B4559200D0A204F4B0058
:10AB600070D000087365744C6F526157414E4E5758
:10AB70004B534B4559200D0A204F4B0073746172A3
:10AB800074466163746F72795465737400000000D9
:10AB90000C000020646F6F7253656E736F722073C8
:10ABA00074617274466163746F7279546573742052
:10ABB0004F4B000067657444657669636553746143
:10ABC00074756500F40300206014002064657669E4
:10ABD0006365537461746500010000202C62617428
:10ABE000746572795374617475733A25640000005A
:10ABF0002C706F7765725374617475733A256400B5
:10AC00002C6461746153796E63506572696F643A44
:10AC100025640000436C6173732043002C4C6F5219
:10AC20006157414E4A6F696E3A2573002C44455670
:10AC30004555493A253032782530327825303278FA
:10AC40002530327825303278253032782530327808
:10AC500025303278000000002C4150504555493ACB
:10AC600025303278253032782530327825303278E8
:10AC700025303278253032782530327825303278D8
:10AC80000000000028D100082C444556414444529D
:10AC90003A253032782530327825303278253032F6
:10ACA00078000000C0D1000874D1000825730000AE
:10ACB000436C6173732041006A7D019100922B7D8A
:10ACC000EA7C4A49FEF76EF84948F5F71BFDC019C2
:10ACD00048A1FEF767F84648F5F714FDC01948A1EA
:10ACE000FEF760F84248F5F70DFDC01947A1FEF7E1
:10ACF00059F88FE648A10F98F5F7F0FC002838D0F6
:10AD00003EA10F98F5F7EAFC401CF5F783FD0D9086
:10AD1000002800D196E5E121C90140180D900DA849
:10AD2000F5F74EFA414A4169414C8B18636101695C
:10AD30002161C268E2608568A56045686560006859
:10AD40002060184602F078F8A06100F085FB3949D0
:10AD5000081DFCF7EBFA6268A16820680290019276
:10AD60000091226934A0521CE3686169FCF7DEFAA5
:10AD700068E53DA10F98F5F7B1FC002816D01FA19A
:10AD80000F98F5F7ABFC401CF5F744FDC4B2601E0C
:10AD90000628BFD82749081DFCF7C8FA214635A068
:10ADA000FCF7C4FA204601F07DFD4BE538A10F9871
:10ADB000F5F794FC002803D038480121417041E5A3
:10ADC00037A10F98F5F78AFC002803D033490020FB
:10ADD000487037E5174836A1001DFCF7A7FA36A0E2
:10ADE000FCF7A4FA0A20F0712CE5000028D1000835
:10ADF000F40300202C444556414444523A000000DC
:10AE00002C415050534B45593A0000002C4E574BA3
:10AE1000534B45593A00000073796E634465766977
:10AE2000636554696D657374616D70006C07000033
:10AE30002807002040A400085265637620556172FF
:10AE4000742053796E632054696D6520434D442C02
:10AE5000253034642D253032642D253032642D2583
:10AE6000643A25643A2564007365744770734D6FC6
:10AE700064650000526563762055617274205365E5
:10AE80007420477073204D6F64653A20256400007C
:10AE90006B6565704D61696E52756E000C00002027
:10AEA0006C656176654D61696E52756E00000000DB
:10AEB0005741524E000000005561727420496E6681
:10AEC0006F204661696C656420546F205061727315
:10AED0006520446174612100F0B58FB08EA1F5F753
:10AEE000FDFB04462046FEF70BFF01281BD0A01CEB
:10AEF000FEF714FF01280FD000200D900027002539
:10AF00002C2101A8F5F7D3FB0EAB01AA83A12046A3
:10AF1000FEF79AFF824EF5E082A184A0FCF706FAC4
:10AF200084A0FCF703FA0FB0F0BD78217C48F5F758
:10AF3000BEFBB80001A908580DAB794A85A1FEF700
:10AF400083FF002F1AD000247F1CA0003058F5F793
:10AF500061FC0C9080A175A0FCF7E8F97FA00C992A
:10AF6000FCF7E4F90C980300FDF771FF0DCC1F31DD
:10AF70004253647586CC97A7B9CACC000324F06805
:10AF8000F5F748FC0C9074A168A0FCF7CFF978A005
:10AF90000C99FCF7CBF90C98652803D00D9805287F
:10AFA000C1DBD1E7FDF7B0F8BDE7641CA000305865
:10AFB000F5F730FC744C208167A15CA0FCF7B6F972
:10AFC000218972A0FCF7B2F9F8F716FF9AE0641C29
:10AFD000A0003058F5F71EFC6B4C20645EA153A016
:10AFE000FCF7A4F971A0216CFCF7A0F9012589E018
:10AFF000641CA0003058F5F70DFC634C606456A14A
:10B000004AA0FCF793F975A0616CFCF78FF9012554
:10B0100078E0641CA0003058F5F7FCFB5A4CA064A3
:10B020004DA142A0FCF782F978A0A16CFCF77EF953
:10B03000012567E0641CA0003058F5F7EBFB524C8B
:10B04000E06445A139A0FCF771F97BA0E16CFCF745
:10B050006DF9012556E0641CA0003058F5F7DAFBC5
:10B06000494C60633CA131A0FCF760F97DA0616BA5
:10B07000FCF75CF9012545E0641CA0003058F5F7A9
:10B08000C9FB414CA06334A128A0FCF74FF97CA078
:10B09000A16BFCF74BF9012534E0601C80003058AF
:10B0A000F5F7B8FB384D28632BA120A0FCF73EF93B
:10B0B0007AA0296BFCF73AF90125641CA0003058EE
:10B0C000F5F7A8FB304CA08123A118A0FCF72EF9BE
:10B0D000A18979A0FCF72AF9F8F72EFE12E0641C8A
:10B0E000A0003058F5F796FB274CE0631AA10FA09B
:10B0F000FCF71CF979A0E16BFCF718F9012501E0D8
:10B10000F8F72AFC0E98B84200DB0EE7002D00D1BC
:10B1100009E7F8F793FE06E7522C00003B00000019
:10B12000E81300204552524F520000000A5B25737D
:10B130005D0000004461746120436865636B2044D6
:10B140006576696365204465764575692045525288
:10B150004F5221002C0000004C4F470044617461A5
:10B1600020526563762054797065202564000000C4
:10B17000446174612046697273742052656376205D
:10B180005479706520256400540500204461746181
:10B190002052656376205265706F727420496E7418
:10B1A000657276616C202564000000004461746162
:10B1B00020526563762054656D7065726174757296
:10B1C0006520416C61726D204C6F77205468726508
:10B1D00073686F6C64202564000000004461746132
:10B1E00020526563762054656D7065726174757266
:10B1F0006520416C61726D204869676820546872EF
:10B200006573686F6C64202564000000446174619C
:10B2100020526563762048756D69646974792041B0
:10B220006C61726D204C6F77205468726573686F23
:10B230006C642025640000004461746120526563E1
:10B24000762048756D696469747920416C61726D0E
:10B250002048696768205468726573686F6C642061
:10B260002564000044617461205265637620426168
:10B27000747465727920497361626C65202564007D
:10B28000446174612052656376204D6F7665204974
:10B290007361626C65202564000000004461746184
:10B2A00020526563762053797374656D204973610C
:10B2B000626C6520256400004461746120526563FE
:10B2C0007620475053205265706F727420496E7417
:10B2D000657276616C202564000000004461746131
:10B2E000205265637620416E676C6520416C617207
:10B2F0006D205468726573686F6C6420256400006B
:10B3000070B51F4C00252089002815D1E088002841
:10B3100012D01CA11CA0FCF709F82146FA390E46F0
:10B320001BA0FCF703F8E1883046FFF7D5FDFF21AD
:10B330003046F5F7BCF9E5801C4CA08900280CD1FB
:10B340006189002909D01A480646FEF74BFE1921EB
:10B3500049013046F5F7ABF96581164C2089002884
:10B360000CD1E188002909D02046FA380646FEF7BC
:10B3700073FEFF213046F5F79AF9E58070BD0000B5
:10B38000CC0D00204C4F47000A5B25735D00000088
:10B39000526563762055617274204C6F526157413B
:10B3A0004E20446174613A20257300006013002030
:10B3B0004A100020D60F002010B50121C903024811
:10B3C000F9F740FB10BD00000004005070B50024E8
:10B3D0007D25ED002846FCF723FBFFF7EDFF002855
:10B3E00001D0002070BD641C1E2CF3DB012070BD59
:10B3F00010B5012189030248F9F724FB10BD0000B4
:10B400000004005070B500247D25ED0000F00CF81C
:10B41000002801D0002070BD2846FCF701FB641C09
:10B42000062CF3DB012070BD10B501210520C902F7
:10B430000007F9F707FB10BD10B50121052009032E
:10B440000007F9F7FFFA10BD10B50520012100072C
:10B45000F9F7F8FA10BD000000B58BB02C21684652
:10B46000F5F725F90E480F4A4169891805910169D8
:10B470000491C1680391816802914168019101685A
:10B48000009180690690D01208906846F4F7DAFEC1
:10B49000E121C901401A044908600BB000BD000059
:10B4A0002807002094F8FFFF400000207CB50546E7
:10B4B00000246E46204628303119C0B200F0E6FC68
:10B4C000641CE4B2062CF5D369460020085E001126
:10B4D00028800220085E001168800420085E0011A8
:10B4E000A8807CBD01488068704700002C000020C7
:10B4F00070B504460E46002C09D00025F4F752FE24
:10B500000068615D415C202903D0022070BD0120EC
:10B5100070BD6D1C062DF4D3A079002801D0032046
:10B5200070BD20790A2230386179504330380818CC
:10B53000A1780A233039E2785943303952182178FA
:10B540000A25303963786943303959187D231B0146
:10B55000C0181D4B5861521E1A61D96041235B010E
:10B56000984200DB64380C2A09D318A119A0FBF714
:10B57000DDFE214619A0FBF7D9FE042070BD4B1E4D
:10B580001F2B09D311A113A0FBF7D0FE21461BA04E
:10B59000FBF7CCFE052070BD204BC01870613261F6
:10B5A000F1603046F4F74EFE1D490860E122D201F9
:10B5B0003146801801F090F91849706949424018E5
:10B5C0007061002070BD0000540700205741524EAA
:10B5D000000000000A5B25735D0000006770735F68
:10B5E00064646D6D7979282573292C206D616C66F2
:10B5F0006F726D6564206D6F6E7468006770735F45
:10B6000064646D6D7979282573292C206D616C66D1
:10B610006F726D65642064617900000094F8FFFF2B
:10B620004000002070B504460E46002C11D00025C5
:10B63000F4F7B8FD0068615D415C20290BD017A1CB
:10B6400018A0FBF773FE214618A0FBF76FFE02203F
:10B6500070BD012070BD6D1C062DECDB20780A2228
:10B6600030386178504330380818B060A1780A2328
:10B670003039E27859433039511871602179627953
:10B680003039594330395118316010498860706839
:10B69000486030680860002070BD00005741524E7D
:10B6A000000000000A5B25735D0000006770735F97
:10B6B00068686D6D7373282573292C206D616C6625
:10B6C0006F726D65642074696D6500005407002019
:10B6D000F0B599B014210BA8F4F7E9FFF248F34E46
:10B6E0004579E80601D40020B065EF48B16D407996
:10B6F000DF22EF4F1040EF4C0B00FDF7A8FB0705D2
:10B7000013F5F0EFEEED1100002020706060E748C7
:10B7100012211838F4F7CBFFE80601D50120B065F7
:10B7200019B0F0BDA9060BD5DF4948710020207083
:10B7300060700021B161F16131627162B162F162E8
:10B74000FFF7D0FE61688842EAD3FFF7CBFE1430E2
:10B7500060600BA8FFF7AAFE6A462C20105EF5F782
:10B76000D9FA3060054617906A462E20105EF5F72C
:10B77000D1FAB060074616906A463020105EF5F7A1
:10B78000C9FA30611590149028467168F5F7A0F851
:10B79000F5F736FB49004908F5F76EFB0990384686
:10B7A000F168F5F795F8F5F72BFB49004908F5F72F
:10B7B00063FB054671691498F5F78AF8F5F720FBE5
:10B7C00049004908F5F758FB0146BB4A09989042E1
:10B7D00003DC954201DC91420DDD0021B161F16194
:10B7E00031627162B162F162002020706070B3A0BA
:10B7F000FBF79CFD24E0BB4F17983946F5F7ADF8F1
:10B80000F5F7FEFAF369B269F5F7F2F8F161B061A4
:10B8100039461698F5F7A1F8F5F7F2FA736A326A25
:10B82000F5F7E6F87162306239461598F5F795F844
:10B83000F5F7E6FAF36AB26AF5F7DAF8F162B062A0
:10B8400030687060B068F060306970612078401CCA
:10B85000C0B2207019283AD3002121706078401CB2
:10B86000C0B260700A2832D361709F4F00223B46FD
:10B87000F169B069F5F7D6F9716304460D46306396
:10B8800000223B46716A306AF5F7CCF9F163B06388
:10B890001391129000223B46F16AB06AF5F7C2F9A3
:10B8A000716430640222B2650022B261F2613262D8
:10B8B00072620023B362F3620391029012981399AB
:10B8C000009022462B4601918848FBF72FFD7648D1
:10B8D000C179032905D323E76FE15DE042E23CE251
:10B8E00002E00321C1711BE70BA8FFF7DFFD6946EA
:10B8F0003020085EF5F70EFA044669462C20085EF3
:10B90000F5F708FA2146FDF77DFFF5F779FA784C4F
:10B910003A462346F5F71EF9F5F7AEFA0A906A465D
:10B920003020105EF5F7F6F905466A462E20105EC7
:10B930004042F5F7EFF92946FDF764FFF5F760FAA5
:10B940003A462346F5F706F9F5F796FA0746694CA5
:10B950000A98A04204D368490A98F4F768FF0A904D
:10B96000A74204D364493846F4F761FF07463846D6
:10B97000F5F746FA04460D460A98F5F741FA0246ED
:10B980000B465EA001950094FBF7D0FC0A98B064CA
:10B9900037650320B065C3E6FFF7A4FD6168884200
:10B9A000A1D3FFF79FFD4349143048600BA8FFF770
:10B9B0007DFD69462C20085EF5F7ACF94949F4F79E
:10B9C000CCFFF5F71DFA394B9A69DB69F5F710F8EA
:10B9D000364A0646D1610F4690616C462E20205EA5
:10B9E000F5F798F93F49F4F7B8FFF5F709FA2F4B47
:10B9F0001A6A5B6AF4F7FCFF2C4A516210621191DB
:10BA000010906D463020285EF5F784F93549F4F73B
:10BA1000A4FFF5F7F5F9254B9A6ADB6AF4F7E8FF1E
:10BA2000224A0446D1620D4690622248214900789C
:10BA3000401CC0B20870192835D300200870104689
:10BA4000436B026B30463946F5F776F849004908F2
:10BA5000F5F712FA099015481199C36B826B10988B
:10BA6000F5F76AF849004908F5F706FA08900F4813
:10BA70002946436C026C2046F5F75EF849004908F8
:10BA8000F5F7FAF907900798F5F7BAF904460D4665
:10BA90000898F5F7B5F906460F460998F5F7B0F995
:10BAA00002460B463CE081E054050020881300204C
:10BAB00000C2631A50000020000040420D0A446595
:10BAC00076696365206D6F766520746F6F206C6199
:10BAD000726765722C207761697420737461626C7F
:10BAE000650A00000000C8410000244070D300082F
:10BAF000DCA54C4000008080000034430D0A6F6CD0
:10BB00006420726F6C6C3A252E32662C206F6C6448
:10BB10002070697463683A252E32660A00000000BE
:10BB20009AA00197009603950294FBF7FFFBA749A3
:10BB300009980627884220DC089888421DDCA44921
:10BB40000798884219DCA34D0020A861E861002114
:10BB500029626962A962E9629F4C00266670A17839
:10BB6000481CA0709DA0FBF7E1FBA07814281DD312
:10BB7000A670AF65A0488676D2E59648002282611D
:10BB8000C261026242628262C262934A002393707F
:10BB90005178491CC9B25170072907D35370876582
:10BBA00095480121817695A0FBF7C0FB9249C879A1
:10BBB0000328E1D20320C871B2E50BA8FFF776FC99
:10BBC00069463020085EF5F7A5F8044669462C2042
:10BBD000085EF5F79FF82146FDF714FEF5F710F91A
:10BBE0008C4C3A462346F4F7B5FFF5F745F90A9031
:10BBF0006A463020105EF5F78DF8054669462E201E
:10BC0000085E4042F5F786F82946FDF7FBFDF5F79B
:10BC1000F7F83A462346F4F79DFFF5F72DF9074666
:10BC20007D4C0A98A04204D37C490A98F4F7FFFDA2
:10BC30000A90A74204D379493846F4F7F8FD07463D
:10BC40003846F5F7DDF804460D460A98F5F7D8F8BA
:10BC500002460B4672A001950094FBF767FB0A9819
:10BC6000F06477650120B0650020B061F0610021CB
:10BC700031627162B162F1623846316DF4F728FECB
:10BC8000F5F7BEF86F4C4900490800222346F5F746
:10BC9000DFF80CD2316D706DF4F71AFEF5F7B0F8DD
:10BCA000490049080022684BF5F7BEF81DD3B16C76
:10BCB000F06CF4F70DFEF5F7A3F8490049080022EF
:10BCC0002346F5F7C5F80CD2B16CF06CF4F700FE22
:10BCD000F5F796F84900490800225B4BF5F7A4F800
:10BCE00003D34548807E002834D058A158A0FBF7E4
:10BCF0001DFB3848406DF5F783F8044635480D467E
:10BD0000006DF5F77DF8064632480F46C06CF5F732
:10BD100077F808902F480991806CF5F771F8364A4A
:10BD2000927E0692039705950494089A099B0092C7
:10BD30000193024602960B464748FBF7F7FA2E4856
:10BD40004021407908432C494871444844490068DF
:10BD50000860E5E40420B065E2E4A806F9D5012016
:10BD6000B065DDE42449AA06F3D548710520B06525
:10BD70000021B161F16131627162B162F162002052
:10BD80002070607037A0FBF7D1FAC9E40D0A6D6F1F
:10BD900076652078206F66667365743A252E326664
:10BDA0002C206D6F76652079206F66667365743A16
:10BDB000252E32662C206D6F7665207A206F6666A0
:10BDC0007365743A252E32660A000000000048426E
:10BDD0000000A04288130020500000200D0A446596
:10BDE00076696365206D6F766520746F6F20736D63
:10BDF000616C6C2025640A00540500200D0A44651E
:10BE00007669636520486173204D6F7665642121F2
:10BE1000210A0000DCA54C40000080800000344373
:10BE20000D0A6E657720726F6C6C3A252E32662C87
:10BE3000206E65772070697463683A252E32660A31
:10BE40000000000000003940006063404C4F470094
:10BE50000A5B25735D000000B8D300084000002095
:10BE6000100000200D0A20416363207374616E642A
:10BE7000627920746F20616363206D6F7665206343
:10BE80006865636B206576656E740000F8B50C46D6
:10BE900080221043009005252D07002210212846FE
:10BEA000F8F7D7FDFF26F5363346012269460848E4
:10BEB000FAF74AFA3346012221460548FAF79CF977
:10BEC000012210212846F8F7C4FD0120F8BD00002A
:10BED0001C03002038B54006400E6A4610705170B1
:10BEE00005242407002210212046F8F7B2FDFF2385
:10BEF000F533022269460548FAF726FA0122102195
:10BF00002046F8F7A6FD012038BD00001C030020E4
:10BF100000B597B02C210CA8F4F7C9FB2C2101A87F
:10BF2000F4F7C5FB1348016813480068814201D249
:10BF3000009100E00090114800990068884204D206
:10BF40000F490978C90700D10090E1210098C90183
:10BF50004018009001A96846F4F73AF903980E904A
:10BF600002980D9001980C900CA8FBF723FF17B0D6
:10BF700000BD00002800002010000020A0000020CC
:10BF800060140020F9F710F8FCF724FA7D20042152
:10BF9000C000FCF749FBFBF7A3FDFBF769FEFBF7CD
:10BFA000B1FEFBF7D7FEFBF78BFEFBF737FEFBF787
:10BFB00057FDFF203221F530F6F7D0FDF7F7BEFA36
:10BFC000F6F7C8FE00F022FFF5F78CFBFBF734FA1A
:10BFD000FBF700FA00F00CFDFBF768FBF6F74CFEF0
:10BFE000FFF78EF9F7F748FFFFF772FBF2E7000063
:10BFF00010B500230178242901D0212903D1401C48
:10C0000001E04B40401C01782A2901D00029F8D1D9
:10C010002A210170401C02A20521FCF7A9FE10BDD7
:10C02000253032580D0A000070B5044620463830DD
:10C0300064220546F4F7B2FB3820005D24280ED0B8
:10C0400064220BA12846F4F7C2FB2846F4F75AFBFA
:10C050008034E06181B22846F7F7B6FF70BD6422F4
:10C0600004A12846F4F7B3FB2846FFF7C1FFECE72D
:10C070000D0A00002A000000F0B58BB005460C4602
:10C08000A8680078412804D0442802D000206060CD
:10C0900094E068680178002936D0696A0978002937
:10C0A00032D06946FFF7BEFA00282DD16946686A8A
:10C0B000FFF71EFA002827D1424E0298B06001987F
:10C0C000706000983060039AF260049931610598BD
:10C0D000706100F0B1FEB0613B4F3C4E386870605B
:10C0E000FFF7BAF938687168394A411A91420BD999
:10C0F00038493C230A895A43374B12181A608989F8
:10C100003C2251430818F060284621460C30FDF7C8
:10C11000E7FE01460120002937D02060E869017858
:10C12000002907D0FDF79CFC2C4A2D4BF4F712FD9B
:10C1300061622062286A0178002903D0FDF790FC33
:10C14000E161A061A86A0178002937D0E96A09781D
:10C15000002933D0FDF784FC61632063EA6A12781A
:10C16000452A05D0572A14D000211E482163606358
:10C17000636B226B0993089209980121000D400519
:10C180004905C8420BD001200AE00221216060600D
:10C19000C4E70122D207514061632063E8E7002031
:10C1A000002807D05900104649080F4A0F4BF4F7F2
:10C1B0003BFE03D800210B482163606300200BB0D5
:10C1C000F0BD000028070020400000201C000020D7
:10C1D000805101005405002010000020CF16AD2F23
:10C1E0005476E03F0000F87F0AD7A3703D0AB73FBE
:10C1F00070B5FF24052501342D070022214628466D
:10C20000F8F727FC0520FBF70BFC01222146284606
:10C21000F8F71FFCC820FBF703FC03480178490826
:10C220004900017070BD00006014002070B5044624
:10C23000FFF7DEF8012802D1002000F019FBFFF71C
:10C24000FBF8002802D1012000F020FBFFF7B4F832
:10C250000028FBD01420F8F7AFF936A136A0FBF781
:10C2600065F8214636A0FBF761F82046FBF7DCFBBA
:10C27000F5F738FAFFF7AAF8002806D035A12EA066
:10C28000FBF754F835A0FBF751F8FFF7BBF8394D31
:10C29000002400283AD02FA127A0FBF747F8364901
:10C2A00036A0FBF743F83448F4F72CFA032806D9F4
:10C2B0003148F4F727FAC1B22F48F7F7EBFBA8791A
:10C2C000401CC0B2A871052818D3AC713948017858
:10C2D00049084900017002214030C171047236489A
:10C2E000E1210068C900354D4018286011A112A055
:10C2F000FBF71CF832A02968FBF718F8FF21384833
:10C30000F4F7D5F93648FA30C48070BDAC7109A194
:10C3100009A0FBF70BF833A0FBF708F830483749C2
:10C32000801F81803648374A41889142EDD30121F0
:10C33000418070BD4C4F47000A5B25735D000000D3
:10C340004C6F52612053656E64446174613A2025DC
:10C35000730000005741524E00000000576169749D
:10C36000204275737920494F2054696D656F75744B
:10C370000000000054050020200500204C6F526191
:10C380002053656E6444617461204661696C2C20A1
:10C390005772697465204361636865204461746500
:10C3A00020546F20454550524F4D3A2025730D0AB9
:10C3B000000000006014002040000020A0000020C9
:10C3C000557064617465205265636F6E6E65637449
:10C3D0002054696D657374616D703A20256C64003A
:10C3E000D20C00204C6F52612053656E644461741E
:10C3F0006120537563636573730000008813000048
:10C400000C000020FFFF0000F0B5B1B005469821F8
:10C410000BA8F4F74CF900240794089409940A94A3
:10C420000494059406943221DD48F4F740F908237A
:10C43000DC4A102107A8FDF789FCDBA10BA8F4F763
:10C4400041F9102207A90BA8F4F770F9D7A10BA89E
:10C45000F4F738F92822D6A104A8FCF7A3FC04A914
:10C460000BA8F4F72FF9D3484288511C4180D0A182
:10C4700004A8FCF797FC04A90BA8F4F723F9CE4E07
:10C48000062D10D006DC2B00FCF7E1FC068C949402
:10C490009494948C072DF4D0082DF2D0C74F152D0D
:10C4A00002D0162D7ED185E01522C1A104A8FCF78B
:10C4B00079FC04A90BA8F4F705F900221346796961
:10C4C0003869F4F7B1FC06D000221346F968B86861
:10C4D000F4F7AAFC08D1BAA10BA8F4F7F3F8B8A1B5
:10C4E000AF48F4F7EFF84CE0796938694D00002265
:10C4F0006D0804461346F4F797FC01D0B2A200E0A1
:10C50000B2A2B3A104A801950094FCF74BFC04A9C6
:10C510000BA8F4F7D7F804A9A148F4F7D3F8F96801
:10C52000B8684D0000226D0804461346F4F77CFC01
:10C5300001D0A9A200E0A9A2A5A104A80195009498
:10C54000FCF730FC04A90BA8F4F7BCF804A9944844
:10C55000F4F7B8F8A2486D46C16844680368826879
:10C5600016C50393036942695B1C9EA104A8FCF7EE
:10C5700019FC04A90BA8F4F7A5F804A98848F4F756
:10C58000A1F8F069F4F7C6FB9E49F4F7E6F9F4F771
:10C5900037FC02460B469CA104A8FCF703FC04A947
:10C5A0000BA800E0E2E0F4F78DF804A97C48F4F76A
:10C5B00089F8DBE001227EA104A8FCF7F3FB944F8D
:10C5C0003878F4F7B2FB9349F4F7C7F9F4F718FC9D
:10C5D000914A924BF4F70CFAF4F74EFC0546B07E04
:10C5E000002808D0B06B002805D0072270A104A84D
:10C5F000FCF7D8FB3EE0307C002805D008226CA177
:10C6000004A8FCF7CFFB35E0854B7D221969F06962
:10C61000D2005143884205DA022265A104A8FCF742
:10C62000C1FB27E05A697D23DB005A43904205DDB8
:10C6300002225FA104A8FCF7B5FB1BE0306A884228
:10C6400005DA04225AA104A8FCF7ACFB12E09042E0
:10C6500005DD052256A104A8FCF7A4FB0AE0706BD7
:10C66000002807D06F48854204DC062250A104A8A8
:10C67000FCF798FB04A90BA8F4F724F8307C0028F9
:10C6800005D1B07E002802D13878142802D20120CA
:10C69000707600E07476727E45A104A8FCF782FBF8
:10C6A00004A90BA8F4F70EF804A93D48F4F70AF81A
:10C6B000F069F4F72FFB534F3946F4F74EF9F4F7CE
:10C6C0009FFB02460B4658A104A8FCF76BFB04A98C
:10C6D0000BA8F3F7F7FF04A93148F3F7F3FF306A2B
:10C6E000F4F718FB3946F4F738F9F4F789FB0246FA
:10C6F0000B464DA104A8FCF755FB04A90BA8F3F7C2
:10C70000E1FF04A92648F3F7DDFFB06B002806D04F
:10C71000B27E27A104A8FCF745FBB47604E044A24E
:10C7200044A104A8FCF73EFB04A90BA8F3F7CAFF39
:10C7300004A91B48F3F7C6FF706B002809D02846F0
:10C74000F4F75EFB02460B462FA104A8FCF72AFB78
:10C7500004E037A238A104A8FCF724FB04A90BA825
:10C76000F3F7B0FF04A90E48F3F7ACFF0D48C01E65
:10C770000078C00704D00BA8FFF758FD31B0F0BD1A
:10C780002EA130A0FAF7D2FD054930A0FAF7CEFD70
:10C790000348F3F7B7FFC1B20148F7F77BF9EDE7BC
:10C7A0002005002063140020542C53312C0000007D
:10C7B00025642C000C000020540500208806002071
:10C7C0002A2C2A2C2A2C00004500000057000000CB
:10C7D0002573256C662C00004E00000053000000FD
:10C7E0005407002025642E253032642E2530326413
:10C7F00020253032643A253032643A253032642CB8
:10C800000000000000007A44252E31660000000080
:10C81000010000200000C842CDCCCCCCCCCC0440E0
:10C82000D805002033333340252E31662C0000001C
:10C830002A00000025732C00257300005741524E3A
:10C84000000000000A5B25735D00000057726974E8
:10C8500065204361636865204461746520546F20DE
:10C86000454550524F4D3A2025730D0A00000000F7
:10C8700010B50246012189030348F8F7EAF80520BC
:10C88000FBF7CEF810BD00000004005010B50246C2
:10C890000121052009030007F8F7DBF80520FBF765
:10C8A000BFF810BD1FB507A10A461CCAC96802948B
:10C8B0000193009203913030694608720548FFF7F2
:10C8C000B3FB1FBD245043415330342C332A314134
:10C8D0000D0A00008806002033B587B00C4607A873
:10C8E000F3F76EFC0546182101A8F3F7E0FE2B468E
:10C8F00012A2182101A8F3F70EFD01A8F3F78AFF91
:10C9000013494018606102A80130F3F783FF401E0D
:10C91000206103A8F3F77EFFE06003A80330F3F77C
:10C9200079FFA06004A80230F3F774FF606005A8E7
:10C930000130F3F76FFF206009B030BD25592D2578
:10C940006D2D25642025483A254D3A2553000000D9
:10C9500094F8FFFF10B58AB0002204A91D48F9F72A
:10C96000E5F8002209A91B48F9F7BEF808ABD87909
:10C970007D210901184C401860615979491E2161D7
:10C980009A79521CE2601B795B1EA3616B461B7C8B
:10C99000A3606B465B7C63606B469B7C236000F00E
:10C9A0004BFAA061FEF758FD0CA10DA0FAF7BEFCF2
:10C9B0000D48626803682168A068009003930192A3
:10C9C000029122690948521CE3686169FAF7AEFCDA
:10C9D0000AB010BDF8020020280700204C4F470085
:10C9E0000A5B25735D000000400000202CD3000886
:10C9F000F0B589B0FEF776FDA94C216888427DD359
:10CA0000FEF770FDFF30F5302060A64FA64E787916
:10CA1000A64DC106002972DA317800290BD0002119
:10CA20003170EF21084078713221A148F6F796F86D
:10CA3000FAF702FDDDE09F48808800285ED1F87992
:10CA400000285BD19C480078002857D19B4800788B
:10CA5000002853D1954840380078C00702D0387973
:10CA6000C00905D0E879022848D1287A002845D1A4
:10CA7000934E0420B06593A193A0FAF757FC306D54
:10CA8000F4F7BEF904460D46B06CF4F7B9F904AA00
:10CA900033C2716C306C03910290F16BB06B0090FB
:10CAA00001918B48736B326BFAF740FCFFF730FA59
:10CAB00084A185A0FAF73AFC864803688648026894
:10CAC0008648016886A0FAF731FC7EA17EA0FAF7BD
:10CAD0002DFC93A0FAF72AFC387940210843DF2582
:10CAE0002840EF24204038710020FFF7CFFE1420AB
:10CAF000F7F762FD9248F9F70FFE01E043E044E0EA
:10CB00009048FAF70AF99048F9F796FA8F48F8F73B
:10CB100009F88F48F7F714FB01210846F8F7E4FA03
:10CB20001420F7F749FD7D200421C000FBF77CFDB0
:10CB3000FBF79EF8FBF7E6F8FBF70CF9FBF7C0F8FC
:10CB4000FBF76CF8FAF78CFFFFF704FF3879C106A2
:10CB500001D4810617D5C10608D52040387159A1E6
:10CB600059A0FAF7E3FB7BA0FAF7E0FB38798006DF
:10CB700009D554A154A0FAF7D9FB7CA0FAF7D6FB4B
:10CB800038792840387109B0F0BDFEF75DFC012806
:10CB90002FD10024FEF758FC002823D06420F7F79B
:10CBA0000BFD641C1E2CF5DB46A147A0FAF7BEFB6B
:10CBB00075A0FAF7BBFB78791021084378717D20C6
:10CBC0003221C000F5F7CAFFFF20F530F7F7F4FC7B
:10CBD000FEF73AFC0028FBD13070FAF7FBFB01208E
:10CBE0002872D0E737A138A0FAF7A0FB6DA0FAF7BA
:10CBF0009DFB1420F7F7E0FC32A133A0FAF796FB77
:10CC000071A0FAF793FBFAF7E5FB764C002220219E
:10CC10002046F7F71EFF0121002209032046F7F7FF
:10CC200018FF0121002249032046F7F712FF0020D8
:10CC3000FFF72CFE1420F7F7BFFC4148F9F76CFD15
:10CC40004048FAF76AF86848FAF767F83E48F9F793
:10CC5000F3F93E48F7F766FF3D48F7F771FA01210F
:10CC60000846F8F741FA1420F7F7A6FCFBF772F82C
:10CC7000FAF7FEFFFBF746F87D200421C000FBF722
:10CC8000D3FCFBF71DF8FAF7C9FFFAF7E9FE0DA18F
:10CC90000DA0FAF74BFB55A0FAF748FB75E700002B
:10CCA00014000020540500201A000020A0140020C9
:10CCB000B80B0000CC0C00200C0000200D00002060
:10CCC000881300204C4F47000A5B25735D0000006D
:10CCD0000CD2000840000020280000201000002096
:10CCE0004E6578742054656D7065726174757265F7
:10CCF00020436F766572743A2025642C204E657847
:10CD0000742047707320436F766572743A202564EF
:10CD10002C2054696D65204E6F773A202564000001
:10CD20003E3E3E3E3E3E456E74657220536C6565E8
:10CD300070204D6F64653C3C3C3C3C3C0000000076
:10CD4000B40300206C0100201C03002020010020FF
:10CD5000C40000204465766963652057616B6520D7
:10CD600055702046726F6D205254430044657669B9
:10CD700063652057616B652055702046726F6D208A
:10CD800045585449000000003E3E3E3E3E3E204F86
:10CD900050454E20446576696365203C3C3C3C3CF4
:10CDA0003C0000003E3E3E3E3E3E20547279204F05
:10CDB00070656E20446576696365204661696C2004
:10CDC0003C3C3C3C3C3C00003E3E3E3E3E3E204F18
:10CDD000464620446576696365203C3C3C3C3C3CCF
:10CDE0000000000000040050740200203E3E3E3E61
:10CDF0003E3E2057616B652055502044657669633F
:10CE000065203C3C3C3C3C3C0000000010B5094C1B
:10CE100007486061002121610122E260A160616038
:10CE2000216000F009F8A061FEF716FB10BD0000BC
:10CE3000E607000028070020F8B50C461746022C2C
:10CE400001DC401E0C346421F3F768F905460E46F8
:10CE5000641C0D2060430521F3F760F9E9170246D1
:10CE6000890F481980106900401AF3179B0F991910
:10CE70008019891040181018C019401E0721F3F7B7
:10CE80004DF90846F8BD00001F0000001C0000001E
:10CE90001F0000001E0000001F0000001E00000018
:10CEA0001F0000001F0000001E0000001F00000007
:10CEB0001E0000001F000000000000000000000035
:10CEC0000102030406070809030406080C101820D1
:10CED0003000000000010203040040404040404098
:10CEE000404040414141414140404040404040403D
:10CEF00040404040404040404040050202020202A3
:10CF0000020202020202020202022020202020204D
:10CF100020202020020202020202029090909090B3
:10CF20009010101010101010101010101010101081
:10CF300010101010100202020202028888888888ED
:10CF400088080808080808080808080808080808E1
:10CF5000080808080802020202400000DACE0008B1
:10CF60001F1D1F1E1F1E1F1F1E1F1E1F1F1C1F1EDB
:10CF70001F1E1F1F1E1F1E1F4A616E7561727900E2
:10CF80004665627275617279004D61726368004135
:10CF90007072696C004D6179004A756E65004A7562
:10CFA0006C79004175677573740053657074656DB5
:10CFB000626572004F63746F626572004E6F7665D2
:10CFC0006D62657200446563656D626572000000A4
:10CFD0004E6578742054656D706572617475726504
:10CFE00020416E642054616D70657220436F6E76CF
:10CFF0006572742054696D657374616D703A202593
:10D00000642C204E6F772054696D657374616D7068
:10D010003A202564000000004150504B45593A2009
:10D02000253032782025303278202530327820257E
:10D030003032782025303278202530327820253063
:10D040003278202530327820253032782025303251
:10D0500078202530327820253032782025303278FB
:10D060002025303278202530327820253032780063
:10D070004E574B534B45593A2025303278202530B6
:10D080003278202530327820253032782025303211
:10D0900078202530327820253032782025303278BB
:10D0A0002025303278202530327820253032782003
:10D0B00025303278202530327820253032782025EE
:10D0C0003032782025303278000000004150505333
:10D0D0004B45593A202530327820253032782025AA
:10D0E00030327820253032782025303278202530B3
:10D0F00032782025303278202530327820253032A1
:10D10000782025303278202530327820253032784A
:10D110002025303278202530327820253032782092
:10D1200025303278000000002C4150504B45593AD0
:10D1300025303278253032782530327825303278F3
:10D1400025303278253032782530327825303278E3
:10D1500025303278253032782530327825303278D3
:10D1600025303278253032782530327825303278C3
:10D17000000000002C4E574B534B45593A25303296
:10D1800078253032782530327825303278253032A3
:10D190007825303278253032782530327825303293
:10D1A0007825303278253032782530327825303283
:10D1B00078253032782530327825303278000000FA
:10D1C0002C415050534B45593A2530327825303256
:10D1D0007825303278253032782530327825303253
:10D1E0007825303278253032782530327825303243
:10D1F0007825303278253032782530327825303233
:10D20000782530327825303278000000437572720C
:10D21000656E742078206F66667365743A252E32C9
:10D22000662C2079206F66667365743A252E326607
:10D230002C207A206F66667365743A252E32662C30
:10D2400020726F6C6C3A252E32662C2070697463E4
:10D25000683A252E32660000436C6F736520477074
:10D2600073204D6F646520506F7765722C204E657A
:10D27000787420436F6E766572742054696D65739F
:10D2800074616D703A2025642C204E6F77205469AC
:10D290006D657374616D703A202564004F70656E22
:10D2A00020477073204D6F646520506F7765722C36
:10D2B000204E65787420436F6E76657274205469D1
:10D2C0006D657374616D703A2025642C204E6F7704
:10D2D0002054696D657374616D703A202564000097
:10D2E0004E6578742057616B652055702054696DC8
:10D2F000653A20253032643A253032643A2530329E
:10D30000642C2054696D65204E6F773A20253034A7
:10D31000642D253032642D253032643A2530326454
:10D320003A253032643A253032640000527463206A
:10D33000546F2053797374696D65204E6F77203A6E
:10D34000253034642D253032642D253032643A2561
:10D350003032643A253032643A25303264202C2051
:10D3600054696D657374616D70203A256C640000BA
:10D370000D0A63757272656E742078206F6666732D
:10D3800065743A252E32662C2063757272656E7450
:10D390002079206F66667365743A252E32662C20DC
:10D3A00063757272656E74207A206F666673657439
:10D3B0003A252E32660A000057616B652075702091
:10D3C00066726F6D206C697332646831322C206F25
:10D3D0006C6420726F6C6C3A20252E32662C206EA5
:10D3E000657720726F6C6C3A20252E32662C206F88
:10D3F0006C642070697463683A20252E32662C2094
:10D400006E65772070697463683A20252E32662C29
:10D41000206D6F76652073746174653A2025640011
:10D4200041542B4150504B45593D202530327820F6
:10D43000253032782025303278202530327820256A
:10D44000303278202530327820253032782025304F
:10D45000327820253032782025303278202530323D
:10D4600078202530327820253032782025303278E7
:10D47000202530327820253032782C300000000012
:10D480000D0A4170704B65793A253032782530327B
:10D490007825303278253032782530327825303290
:10D4A0007825303278253032782530327825303280
:10D4B0007825303278253032782530327825303270
:10D4C0007825303278253032780D0A00ECD4000807
:10D4D00000000020C4000000FC8E0008B0D5000849
:10D4E000C40000207C1C00000C8F000864000000B9
:10D4F000000000000000000000000000000000002C
:10D50000000000000000000000000000000000001B
:10D51000000000000000000000000000000000000B
:10D5200000000000000000000000000000000000FB
:10D5300000000000000020000000000000000000CB
:10D5400000000000083FBC00650000012D35C796B3
:10D550003275D743B4E73BEA91681A3BFFFFFEA759
:10D560002D35C7963275D743B4E73BEA91681A3B2D
:10D570002D35C7963275D743B4E73BEA91681A3B1D
:10D58000000000000000000000000000000000009B
:10D59000000000000000000000000000010000008A
:10D5A0000400000000000000000000000000000077
:04000005080000D51A
:00000001FF
