:020000040800F2
:10000000401D0020D5000008517C0008D16E00087A
:1000100000000000000000000000000000000000E0
:10002000000000000000000000000000A57F0008A4
:100030000000000000000000E3000008E5000008E8
:10004000E7000008E7000008E17D0008E70000087D
:10005000E7000008C9300008E7000008E7000008D2
:1000600000000000E7000008E7000008E7000008C3
:10007000E7000008E700000800000000A98400086D
:1000800000000000B984000800000000000000002B
:100090009984000800000000E7000008E70000085D
:1000A000E7000008E7000008E7000008618B00088F
:1000B000B58B000819720008000000000000000065
:1000C0000348854601F072F80048004711BE000859
:1000D000401D00200448804704480047FEE7FEE733
:1000E000FEE7FEE7FEE7FEE71D830008C10000080B
:1000F00030B50B46014600202022012409E00D46C0
:10010000D5409D4205D31D469540491B2546954047
:1001100040191546521E002DF1DC30BD70B500248B
:100120002546002801DA01244042002901DA012590
:100130004942FFF7DDFFAC4200D04042002C00D026
:10014000494270BDF0B51FB40646002082B0054696
:100150004024019100901BE0019922460F46304651
:1001600000F0B6FE049A059B801A994110D3104600
:100170001946224600F09CFE361A8F41019722460E
:1001800001200021009F00F093FE38184D4100909F
:100190002046641E0028DFDC019B00982946324679
:1001A00007B0F0BD00487047F0CD000810B5044618
:1001B000FFF7F8FF0068005DC007C00F10BD00002A
:1001C00010B5024900F004F810BD00001015002021
:1001D00070B50C4600683C21FFF78AFF21603C2186
:1001E000FFF786FF61601821FFF782FF0546A160D7
:1001F0000721001DFFF77CFFA1610F48A900081827
:100200000E49FFF775FF0246443288086261E061DB
:100210003B2802D3910700D0401C0021084B0A461E
:100220002161995C814203D8401A521C2261F8E78F
:10023000401CE060204670BD6C0B0000B50500005E
:10024000F4CD000838B50446C0681821401E484364
:10025000A16840183C214843616840183C2148434C
:100260002168451860690C214843216940186921BB
:10027000C900401A3021FFF751FF114A504342197B
:10028000084600921A2902DB0E49511800910C21F0
:10029000FFF744FF0C4A5043009A801800900B4827
:1002A00006E0491E425C074B5A43009BD21800925D
:1002B0000029F6DC21466846FFF78AFF009838BD22
:1002C000801F8607805101008033E10100CE0008C5
:1002D00070B50546002900D10721541AFF206E3061
:1002E000241D844209DB286800F03DF9A04204DCAB
:1002F0002868401C2860012070BD002C05DA2868A1
:10030000401E286000F02FF9041907212046FFF74E
:1003100005FF401C70BDFFB589B009981D4600243B
:1003200002920890A20002AB99580878491C995093
:1003300000280DD0252810D00A9901290AD9099939
:1003400008700998401C09900A98401E0A90F6E02F
:10035000641EF4E000200DB0F0BD0878491C9950EF
:100360000028F5D03021022607915A28EFD020DC52
:100370004D287BD014DC442842D008DC2528DBD073
:1003800041282AD042282ED04328E0D130E0462808
:100390003DD047284ED0482857D04928D7D156E0DD
:1003A0005238030008F0A3FC087779A1838693A153
:1003B000A3CB6138030008F09AFC190E141921250B
:1003C000C22F14C253C2C2565BC261C26CC27274E5
:1003D000C287969BC2006FA000E075A0A969069134
:1003E000BCE082A000E08D482969F8E78CA140E0DC
:1003F00064216869FFF792FE13307CE0E8687AE0D8
:100400008BA105E0E86806902020079074E08BA19E
:10041000641CA200995092E08B4869690818069004
:1004200006A8EA69A969FFF753FF64210698FFF758
:1004300075FE12E08448696904260818069006A82B
:10044000EA69A969FFF744FF56E0A86853E0A86885
:100450000C211730FFF762FE491C06914CE005E0C5
:100460000326E86900E02869401C44E0686842E02F
:1004700076A1641CA20002A8815060E0A8680C2844
:1004800001DA73A000E073A0641CA20002A98850E6
:1004900055E071A1EDE773A1EBE728682BE073A1AC
:1004A000E7E7A8690126002825D1072023E0A969EC
:1004B000E86912E0644869690818069006A8EA69C4
:1004C000A969FFF705FF16E00126A86913E0A869EE
:1004D0000721801DFFF722FEE869401A0721C01D91
:1004E000FFF71CFE07E052A1C3E761A1C1E70426A4
:1004F000554869690818069000206946087101AFDF
:1005000015E00A210698FFF709FE30317F1E397089
:100510000A210698FFF702FE0690002807D102E0A4
:100520007F1E079838703046761E0028F8DC30466B
:10053000761E0028E5DC641CA10002A84750002CB0
:1005400000DBEFE609990020087008990998401A25
:1005500001E70178401C0029FBD106994A1E06924A
:100560000029F6DC90E710B5044681070BD1642121
:10057000FFF7D4FD00290AD1FF2191312046FFF772
:10058000CDFD002903D00020FF306E3010BD0120CA
:10059000FAE7000053756E004D6F6E0054756500EC
:1005A00057656400546875004672690053617400B1
:1005B00053756E646179004D6F6E64617900547596
:1005C0006573646179005765646E65736461790071
:1005D0005468757273646179004672696461790068
:1005E0005361747572646179000000004A616E00A5
:1005F000466562004D617200417072004D61790084
:100600004A756E004A756C0041756700536570004D
:100610004F6374004E6F7600446563000CCE000893
:1006200025612025622025652025542025590000BC
:10063000256D2F25642F25790000000025592D25D3
:100640006D2D2564000000006C0700000A0000000A
:10065000414D0000504D000025493A254D3A2553A3
:100660002025700025483A254D00000009000000B3
:1006700025483A254D3A25530000000003460B4318
:100680009B0703D009E008C9121F08C0042AFAD248
:1006900003E00B780370401C491C521EF9D27047CE
:1006A000D2B201E00270401C491EFBD2704700220A
:1006B000F6E710B513460A4604461946FFF7F0FF61
:1006C000204610BD421E5378521C002BFBD10B78E4
:1006D0001370491C521C002BF9D1704730B50546E8
:1006E0002A460B4610781C78521C5B1C002801D04F
:1006F000A042F7D0002C03D0002802D06D1CEFE7F9
:10070000284630BD421C0178401C0029FBD1801ACC
:10071000704730B504460020034600E05B1C93425E
:1007200003D2E05CCD5C401BF8D030BD10B5044670
:1007300000E0401C0378002BFBD100E0401C521E5F
:1007400004D30B78491C0370002BF7D100210170F2
:10075000204610BD70B5104D002800D12868002437
:1007600014E00A4602E09E4203D0521C1378002B8C
:10077000F9D1DAB2224307D0002B06D0002C04D0E6
:1007800000210170401C04E00446401C0678002E45
:10079000E7D12860204670BDBC00002010B503469C
:1007A000002004E01C70401C491C521E5B1C012AE6
:1007B00002D90C78002CF5D1002A04D000221A703E
:1007C00001E0401C491C0A78002AFAD110BD10B57E
:1007D0000346002002E0401C521E5B1C002A15D07C
:1007E0001C78002CF7D104E01C70401C491C521EE0
:1007F0005B1C012A03D90C78002CF5D101E0002AFA
:1008000004D000221A7001E0401C491C0A78002A1A
:10081000FAD110BD70B5064608F0AAFA046805467C
:100820000A220021304600F0C9FB2C6070BDF8B5EB
:1008300002464A40D40F42004B0052085B089A42DD
:1008400002D20246084611464A0023D0C30D4A0090
:10085000DDB2120EAD1A202D35DA49020126490A01
:10086000F6058A19002C00D0524220214F1B114658
:10087000B9402A411018C20D9A4221D0002C17D03D
:10088000012D08DCDA05801AD20F8019D207DBB2FD
:1008900000F0D4FBF8BDDA05801A012340001B06E6
:1008A000C01880185A428018CA0F1043490007E048
:1008B0004908C2071143DA05801A801940088018D8
:1008C00000F0B4FBF8BD61000122511A001BF7E7EC
:1008D0000122D2075140AAE70122D2075040A6E7E1
:1008E000024670B54A40D30FDB0740002DD04A00C6
:1008F0002AD0010E140E000212020919400A520AEF
:100900008418E50104465443000A120A2E04504399
:10091000A4194219200CC543AA18120C0125AD03D5
:10092000521C521912047F39240400D0521C104367
:1009300001D44000491EC2B20C06C0092018401C58
:100940004008802A02D003E0002070BD400840002B
:10095000002900DA0020184370BD70B502464A40F5
:10096000D50F40004A00ED0740085208002814D077
:10097000002A12D0C40DD30D41020120C00552023D
:10098000490A520AE41A091812187D34914201D317
:10099000641C00E04900002C01DA002070BD002337
:1009A000914201D3891A0343400849000028F7D136
:1009B00000290AD0914202D10121C90705E09142E4
:1009C00001D2012101E00121C943E005C01840190D
:1009D00000F02CFB70BD420005D04200120E5242C6
:1009E0008A4201DB00207047C905081870470000E3
:1009F000F0B507460846584087B0C00F049048003D
:100A00000E46590040084908BC1A884105D23846AC
:100A100031461E4617460B46024658004008104312
:100A20004CD0300D039040055900400D490D059004
:100A3000401A0290402872DA18030121000B0905C0
:100A40000843019004980092002805D00199524271
:100A50000020884100920190029840210A1A0199D1
:100A6000009800F025FA05460C466B4607CB00F0CF
:100A700040FAC0197141039A0E0D0023D717564052
:100A80001A467A40164344D0049A002A2DD0029A7E
:100A9000012A039A15DC1205C01A91410126360578
:100AA000001C7141D20F059ED2070093019202965D
:100AB0002A46234600F008FB07B0F0BD3846314611
:100AC000FAE71605224A0F46B218C01AB7410121AB
:100AD0000905001C4F4100187F4111461818794143
:100AE000E20F10436D19644113E0E2076D081543EE
:100AF0006408C2071443039A01261205C01A9141E3
:100B00003605001C7141CE07400830434908C01823
:100B100051412A46234600F0CAFACDE7FFE7049880
:100B200001224000C117121A00238B41049831465C
:100B3000C417381AA141EEE730B40124E40763403A
:100B400030BC55E730B40124E407614030BC4FE7C6
:100B50000000E0FFF0B51FB488B00B99099800249D
:100B600048400999C00F490049080991C0070B99ED
:100B70000090490049080B9109990898A646084336
:100B80001CD00B990A98084318D0099801244000FA
:100B9000420D4800410D099824050003000B204335
:100BA00009900B980003000B20430B9050181C4930
:100BB0004018002201901446104605E0002001462E
:100BC0000DB0F0BD032801DA034600E003239C4684
:100BD000C11A0AAE0AE05F0008ADED5B4F00F75B9B
:100BE0007D430027AA187C41491C5B1E6145F2DD4C
:100BF000410004AB5A522104120C0A43240C401C3D
:100C00000828DFDB0198029000997046019100905E
:100C1000059B049A0799069800F056FAD0E7000061
:100C20000DFCFFFFF0B50C465C4085B0E40FE40717
:100C300003944C0000266408590094464908024673
:100C40000296224321D062460A431ED06200570D0D
:100C50004A000E032303550D012402462C492405A6
:100C6000781B1B0B360B401823432643614600902C
:100C70001C46501AB44103D30098401C009002E077
:100C8000921800985B41002803DA0020014605B065
:100C9000F0BD0020012109050746864611E06446A3
:100CA0001D46141BB54106D36546521BB34174461D
:100CB00007430C43A646CD0740084908284392182D
:100CC0005B4105460D43EAD11046184313D06046F8
:100CD000194650407140084306D06046101AB3418F
:100CE00006D20122002306E000220123DB0702E0F6
:100CF0000122D2435310009874460105381C61410B
:100D0000029C039D0019694100F0D1F9BFE7000082
:100D1000FD030000C217C10F504010B54018CA07AC
:100D20009623002100F08AF910BD10B50022962309
:100D3000114600F083F910BD0EB5C217C10F504027
:100D4000CA0740180021054B0293019200910A4600
:100D50000B4600F0B9F903B000BD000033040000F9
:100D60000EB505490291002100910A460B460191FA
:100D700000F0AAF903B000BD3304000070B5CD0F38
:100D80004A0009030123090B1B0519430B4BED070F
:100D90000024520D9A4201DA002070BD074B343313
:100DA0009A4203DC9A1A00F093F802E004495118C1
:100DB00088402C43F1D0404270BD0000FF0300008A
:100DC000CDFBFFFF4A0009030123090B1B05194353
:100DD000094B10B5520D9A4201DA002010BD064BA6
:100DE00034339A4203DC9A1A00F072F810BD0349BA
:100DF0005118884010BD0000FF030000CDFBFFFF2D
:100E0000C20FD207400040080BD0C10D0723DB0101
:100E1000C91840020905400A1143C208400711439E
:100E2000704700200146704710B5002904DB0124FB
:100E3000E40740428C412146002B04DB1C46012381
:100E4000DB075242A3418B4200D1824210BD000019
:100E500010B5002904DB0124E40740428C412146FF
:100E6000002B04DB1C460123DB075242A3419942BD
:100E700000D1904210BD0000CB0FDB07490010B538
:100E8000490802460A4307D00A0D07240903E40172
:100E9000090B121B002A01DC002010BDC900440F01
:100EA0000C43C100E018D205801800F0BFF810BD57
:100EB00010B5202A04DB0146203A9140002010BDE5
:100EC000914020239C1A0346E3401943904010BDF3
:100ED00010B5202A04DB0846203AD040002110BD7E
:100EE0000B46D340D0402024A21A91400843194613
:100EF00010BD10B5202A06DBCB170846203A10415A
:100F0000C1170B4306E00B461341D0402024A21A20
:100F100091400843194610BD0FB400B589B00CA923
:100F200000910B990023CB60204B214A0693079236
:100F3000042201921F4A02921F4A089202466B46FF
:100F4000002000F0D4F909B008BC04B0184770B50F
:100F500086B006460020C0430190002015460C468E
:100F60000091029104903246694604A8FFF7D4FF2D
:100F7000024604982118002D05D0002801D008460B
:100F800000E020462860049800280DD0002A02DDE9
:100F90000098884208D0081B0190009432466946A8
:100FA000029404A8FFF7B8FF06B070BD451500080D
:100FB00065150008FFFFFF7FAD010008F7B5009C35
:100FC0000F4600262578641C002D05D0FFF7EAF8AF
:100FD0000068405DC007F5D12B2D02D02D2D18D013
:100FE000641E39462046029A00F0CEFA002F04D043
:100FF0003968A14201D100993960710502240029A4
:101000000BDA4042002803DD07F0B2FE0460A007BF
:10101000FEBD012080020643E3E70028F8DA07F06E
:10102000A7FE04600048FEBDFFFFFF7F002904DA31
:10103000401C490001D140084000704770B40024B2
:10104000050C05D11024000402D1002921D011245F
:10105000050E01D100020834050F01D10001241D45
:10106000850F01D18000A41C002801DB4000641C16
:10107000002908D020252E1B0D46F540A14000D0A8
:1010800001212943084301061B1B000ADB1D02D571
:10109000002070BC7047DB05181880180029F8DAAA
:1010A000401C4900F5D170BC40084000704710B5A5
:1010B000002B08DA0024401C614192185B411A435E
:1010C00001D14008400010BDF0B51FB482B0054604
:1010D0000C0003D0084607F0DBFD02E007F0D8FD66
:1010E00020300246009021462846FFF7E1FE049B8F
:1010F000059A04460F4618431143084314D0184676
:1011000010431BD0009840210A1A18460599FFF792
:10111000DFFE05460E46009A05990498FFF7C8FEC3
:10112000084305D0012004E02046394607B0F0BD51
:101130000020C11705430E432C43374300990E98F6
:101140006305401A7905E40A00220C43FD0A0A30BF
:1011500002D500200146E9E70105101969410C9C00
:101160000D9D00196941FFF7A2FFDFE74A0009035F
:101170000123090B1B0519430A4B10B5520D9A4266
:1011800002DA0020014610BD064B34339A4203DCDC
:101190009A1AFFF79DFE10BD034BD218FFF788FE89
:1011A00010BD0000FF030000CDFBFFFF064C012532
:1011B000064E05E0E36807CC2B430C3C98471034FF
:1011C000B442F7D3FEF780FFD8D20008F8D2000867
:1011D000FFB5087889B01546FF2805D0491C2D2891
:1011E00004D00022002407E000240BE00122F9E7EC
:1011F0000A235C430419491C0878FF28F8D1002A07
:1012000000D06442002004902A7801462D2A01D0A3
:101210002B2A0FD16D1C2D2A02D00022049209E046
:101220000122FBE700260A2233466D1C00F0FFF97D
:10123000381871412F78FF2FF4D10C9AA21806921A
:1012400002460A4304D0FF23069A9133DA4205DAB4
:10125000002109980A4606C00DB0F0BD0024B74A27
:10126000B54D2646079200F02FFA0290069803919A
:10127000002801DA474200E0074639050020AF4A5E
:10128000001C51410191009012E0F80707D022465E
:101290002B4630460799FFF75DFC0646079122462C
:1012A0002B4610461946FFF755FC04460D467F10A5
:1012B000002FEAD10698019B0028009A0399029812
:1012C00006DAFFF7AFFC3246079BFFF7ABFC05E001
:1012D000FFF740FC3246079BFFF73CFC049A002ACC
:1012E00002D00122D2075140099A03C2B4E7FFB5E8
:1012F00091B0002009900025ED432E209E685C6887
:101300001F460190B9696D1C129888470090396A90
:1013100088470028F6D10098401C0AD00D20C00153
:101320008443002E12DD00982B2809D02D280DD1E2
:1013300003E00020C04315B0F0BD0120800204434B
:10134000B9696D1C12988847761E009003A9600544
:1013500001D52D2000E02B206A461073491C0CA8F3
:101360000F9102900AE0B9696D1C129888470090AD
:101370000120400204431398761E0560002E02DD12
:1013800000983028EFD001990098884246D18020FB
:10139000044308E00998401E0990012040020443DC
:1013A0001399681C0860B9696D1C761E12988847ED
:1013B00000903028EED031E00199884205D1200616
:1013C00003D480200443761E1EE0009807F0B6FD8B
:1013D000002826D001204002044307A90F980331BA
:1013E000761E88420BD200980F99303808700F98FB
:1013F000401C0F90200607D50998401E03E02006E8
:1014000002D40998401C0990A00502D51399681CC4
:101410000860B9696D1C129888470090002ECBDCDB
:1014200059E0002E57DD0098652801D0452852D19B
:10143000A00550D5032000028443B9696D1C761EB7
:10144000129888470090002E0CDD2B2804D02D2800
:1014500008D1FF2001300443B9696D1C12988847F8
:10146000761E0090E00501D52D2100E02B21029889
:1014700001700298401C0290019025E0012040027A
:1014800004430EA902980131761E88420ED20098BC
:10149000029930380006000E087003D102990198B5
:1014A00081420AD90298401C029006E0E00501D56D
:1014B000234801E0224840420990B9696D1C129806
:1014C0008847009013980560002E04DD009807F00F
:1014D00035FD0028D2D1F969129888470F99FF206D
:1014E0000870029903AA087000200A900B900CA9BA
:1014F0000AA8099BFFF76CFEA00502D40120C04397
:1015000019E72420044209D0E00713D138680B9A68
:101510000A99031D3B60006806C00BE00B990A980E
:10152000FFF7AAFC0146E00704D13868021D3A60C3
:10153000006801602846FEE6000014400000F03F0D
:10154000F1D8FFFF4268002A08D001680B78491CD7
:10155000002B03D0521E06C0184670470121C160FF
:10156000881E70474268002A0BD0C3680168002BB0
:1015700007D183688B4204D0491E521C06C000204C
:1015800070470020C0437047F7B582B0029C002727
:101590002078641C15460197302802D0002D15D004
:1015A00015E020780127641C782804D0582802D040
:1015B000002D09D00BE0002D01D0102D07D1002700
:1015C00010252078641C02E0082500E00A2500268A
:1015D000009610E00099012769430818020C29467B
:1015E00080B2714300908E183804864201D30120E6
:1015F00001902078641C294600F056F80028E9DAAA
:101600000398002805D0002F01D0641E00E0029C42
:1016100004600198002806D007F0AAFB02210160AF
:10162000C81E05B0F0BD009930040843F9E7F0B5D5
:101630001FB486B000200090019002900698069991
:1016400080B204900798090C02040014114307901B
:101650000027089D099806913E463C460390039852
:10166000A9B20204000C039004982D0C15434843C2
:1016700000212246FFF71CFCC719714110340E46A9
:10168000402CECDB3846029AFFF712FC009A019BD3
:101690008018009059410298019110300290402822
:1016A000CCDB00980BB0F0BD3A2800D230382023B4
:1016B00002469A43412A01D310463738884201D363
:1016C0000020C043704700000EB5054A0292002278
:1016D000009213460192FFF7F7FC03B000BD000033
:1016E0003304000070B5134E144D7168124A481C43
:1016F00070602C7902231C43914216D8101A642181
:101700004843FFF72DFB00220D4BFFF78BFA002219
:101710000C4BFFF76DF9FFF755FBC0B270703178D5
:10172000884201D030702C7170BD2C710020707017
:1017300070BD000000000020409C00005405002007
:101740000088E3400000E03F70B5044620688168EF
:10175000490724D5816810254907002905DA8168E1
:10176000890702D481682943816003F0C9F80646DD
:1017700011E003F0C5F8801B0A280CD920688068A6
:10178000400708D5606D28436065A06D01210843BE
:10179000A065012070BD206880684007E9D4002062
:1017A00070BD000038B50446084807490068FEF7D8
:1017B0009FFC6043009002E00098401E009000985B
:1017C0000028F9D138BD000040420F004800002039
:1017D000F8B50446206881688907890F012931D14D
:1017E0000168C9072ED08168052211401025012605
:1017F000012907D0606D28436065A06D3043A06566
:101800000120F8BD81680222114381602168032014
:10181000086003F075F8074610E003F071F8C01B8C
:101820000A280BD920688068C00707D0606D28435C
:101830006065A06D3043A0650120F8BD2068806818
:10184000C007EAD10020F8BDF8B5044620688168D9
:101850008907890F012902D10168C9072FD1816841
:10186000184A102611400125002907D0606D304329
:101870006065A06D2843A0650120F8BD81682943FB
:1018800081600120FFF78EFF03F03AF8074611E070
:1018900003F036F8C01B0A280CD920680068C04342
:1018A000C00707D0606D30436065A06D2843A06518
:1018B0000120F8BD20680068C043C007E8D10020BF
:1018C000F8BD000017000080F7B50F46002464251E
:1018D00009F0DEFC002819D009F0FEFC00281ED01B
:1018E0003948FF210646FEF7E2FE37480021FA306C
:1018F000C180009805F0E8FF34A005F0E5FF34A1B1
:101900000298FEF7EBFE002818D111E033A135A0B4
:1019100005F05CFC35A005F059FC0020FEBD2FA1B0
:1019200030A005F053FC36A005F050FC0020FEBDB1
:1019300039A10298FEF7D2FE002834D0F61D32E01D
:1019400026A13046FEF7CAFE002809D023A125A013
:1019500005F03CFC33A0009905F038FC0020FEBDEA
:1019600036A13046FEF7BAFE002809D01BA11DA003
:1019700005F02CFC34A0009905F028FC0020FEBDE9
:1019800028466043B84209DD36A116A005F01EFCCA
:1019900036A0009905F01AFC0220FEBD284605F08D
:1019A0008FFF641CA4B230460299FEF797FE002810
:1019B000C6D035A10BA005F009FC34A0009905F0B4
:1019C00005FC0120FEBD0000D20C00200D0A000025
:1019D0002B4C494E4B20494E464F3A004552524FF0
:1019E000520000000A5B25735D0000004C6F5261DD
:1019F00057414E204D6F6465204552524F4521009E
:101A00004C6F526157414E20537461747573204579
:101A100052524F45210000002B52544320494E465C
:101A20004F3A00002225732220617420636D6420E8
:101A300065786563206572726F72000042414420D0
:101A40005041524D00000000222573222061742075
:101A5000636D6420657865632062616420706172E3
:101A60006D0000005741524E0000000022257322F5
:101A700020617420636D6420657865632074696DEE
:101A8000656F7574000000004C4F470022257322DB
:101A900020617420636D64206578656320737563CD
:101AA000636573730000000070B586B000242C4D90
:101AB0007D26F6002BA229462BA0FFF705FF012863
:101AC00009D0641CA4B2304605F0FAFE032CF1D311
:101AD000002006B070BD27A127A005F077FB2B489A
:101AE00027A10446FEF7FAFD014629A005F06EFB8A
:101AF00078212848FEF7DBFD21A12046FEF7EEFD08
:101B000000210591002405AB224A23A108F0ECF83E
:101B1000224D204E09E0601C8000325828190B30FD
:101B20000223012108F08EF8641C0598401E0590E0
:101B3000401CF0D10FA110A005F048FBA87C697CE7
:101B40002A7CEB7B0193029203910490A87B009086
:101B50006B7B2A7BE97A12A005F038FB0120B8E7FD
:101B6000DC0500004F4B000041542B4150504555BF
:101B7000493F00004C4F47000A5B25735D000000A1
:101B80002B4150504555493A00000000D20C00202E
:101B900025730000E81300202000000060140020DE
:101BA0004150504555493A20253032782025303271
:101BB0007820253032782025303278202530327850
:101BC00020253032782025303278202530327800B8
:101BD00070B58EB00024354D7D26F60034A229461E
:101BE00034A0FFF771FE012809D0641CA4B230466E
:101BF00005F066FE032CF1D300200EB070BD30A1BD
:101C000030A005F0E3FA344830A10446FEF766FD43
:101C1000014632A005F0DAFA78213148FEF747FD97
:101C20002AA12046FEF75AFD00210D9100240DAB9C
:101C30002B4A2CA108F058F82B4D294E09E0601CC6
:101C400080003258281913300223012107F0FAFFCF
:101C5000641C0D98401E0D90401CF0D118A119A0D5
:101C600005F0B4FA2048EB7F203081784278007884
:101C700009930B920C910A90A87F697F2A7FEB7ED3
:101C80000593069207910890AA7E687E297EEB7DD7
:101C90000193049202910390A87D00906B7D2A7DB0
:101CA000E97C124805F092FA0120A6E7DC05000065
:101CB0004F4B000041542B4150504B45593F0000C1
:101CC0004C4F47000A5B25735D0000002B415050CC
:101CD0004B45593A00000000D20C0020257300004B
:101CE000E81300202000000060140020ACCE0008A3
:101CF00070B58EB00024354D7D26F60034A22946FD
:101D000034A0FFF7E1FD012809D0641CA4B23046DD
:101D100005F0D6FD032CF1D300200EB070BD30A12C
:101D200030A005F053FA344830A10446FEF7D6FC43
:101D3000014632A005F04AFA78213148FEF7B7FC97
:101D40002AA12046FEF7CAFC00210D9100240DAB0C
:101D50002B4A2CA107F0C8FF294D2B4E09E0601C2F
:101D600080002A58301927300223012107F06AFF2A
:101D7000641C0D98401E0D90401CF0D118A119A0B4
:101D800005F024FA20482030817D427D037DC47C0B
:101D900009940A930B920C91817C427C037CC47B56
:101DA0000594069307920891817B427B037BC47A5A
:101DB0000194029303920491817A0091437A027A0A
:101DC000C179124805F002FA0120A6E7DC050000FF
:101DD0004F4B000041542B415050534B45593F004D
:101DE0004C4F47000A5B25735D0000002B415050AB
:101DF000534B45593A000000D20C002025730000D7
:101E0000E8130020200000006014002060CF0008CC
:101E100070B50024104D7D26F60010A2294610A0B2
:101E2000FFF752FD012808D0641CA4B2304605F02B
:101E300047FD032CF1D3002070BD0CA10CA005F0D0
:101E4000C5F90DA10E48FEF749FC01460DA005F0AD
:101E5000BDF9012070BD0000DC0500004F4B000003
:101E600041542B42414E443F000000004C4F47007C
:101E70000A5B25735D0000002B42414E44000000C8
:101E8000D20C00202573000070B50024104D7D2673
:101E9000F60010A2294610A0FFF716FD012808D071
:101EA000641CA4B2304605F00BFD032CF1D30020D6
:101EB00070BD0CA10CA005F089F90DA10E48FEF72C
:101EC0000DFC01460DA005F081F9012070BD000058
:101ED000DC0500004F4B000041542B434C41535351
:101EE0003F0000004C4F47000A5B25735D00000077
:101EF0002B434C4153533A00D20C00202573000071
:101F000070B50024104D7D26F60010A2294610A0C1
:101F1000FFF7DAFC012808D0641CA4B2304605F0B3
:101F2000CFFC032CF1D3002070BD0CA10CA005F058
:101F30004DF90DA10F48FEF7D1FB01460EA005F0AB
:101F400045F9012070BD0000DC0500004F4B00008A
:101F500041542B434F4E4649524D3F004C4F470092
:101F60000A5B25735D0000002B434F4E4649524DDE
:101F70003A000000D20C0020257300007CB500243C
:101F8000284D7D26F60028A2294628A0FFF79CFCB4
:101F9000012808D0641CA4B2304605F091FC032C43
:101FA000F1D300207CBD24A124A005F00FF928481E
:101FB00024A10446FEF792FB014626A005F006F98F
:101FC00078212548FEF773FB1EA12046FEF786FB0D
:101FD00000210191002401AB1F4A20A107F084FEDB
:101FE0001D4D1F4E09E0601C80002A583019233017
:101FF0000223012107F026FE641C0198401E019077
:10200000401CF0D10CA10DA005F0E0F814482030E0
:102010008179009143790279C17812A005F0D6F850
:1020200001207CBDDC0500004F4B000041542B44D7
:102030004556414444523F004C4F47000A5B2573CC
:102040005D0000002B444556414444523A000000D4
:10205000D20C002025730000E813002020000000AF
:1020600060140020444556414444523A2025303201
:10207000782025303278202530327820253032788B
:102080000000000070B586B000242C4D7D26F600BF
:102090002BA229462DA0FFF717FC012809D0641CAC
:1020A000A4B2304605F00CFC052CF1D3002006B09C
:1020B00070BD29A129A005F089F82A4820A104466D
:1020C000FEF70CFB014628A005F080F87821274890
:1020D000FEF7EDFA1AA12046FEF700FB002105915C
:1020E000002405AB214A22A107F0FEFD214D1F4E21
:1020F00009E0601C800032582819C01C022301210D
:1021000007F0A0FD641C0598401E0590401CF0D10E
:1021100011A112A005F05AF8A87A697A2A7AEB7907
:102120000193029203910490A87900906B792A7927
:10213000E97811A005F04AF80120B8E7DC050000B5
:102140002B4445564555493A0000000041542B4464
:1021500045564555493F00004C4F47000A5B2573E3
:102160005D000000D20C002025730000E813002061
:1021700020000000601400204465764555493A204F
:1021800025303278202530327820253032782025CD
:1021900030327820253032782025303278202530B2
:1021A000327820253032780070B50024104D7D261D
:1021B000F60010A2294610A0FFF786FB012808D0E0
:1021C000641CA4B2304605F07BFB032CF1D3002045
:1021D00070BD0DA10DA004F0F9FF0EA11048FEF78F
:1021E0007DFA01460FA004F0F1FF012070BD000050
:1021F000DC0500004F4B000041542B444154415238
:102200004154453F000000004C4F47000A5B2573D6
:102210005D0000002B44415441524154453A0000B6
:10222000D20C00202573000070B58EB00024364D0E
:102230007D26F60035A2294635A0FFF745FB01288B
:1022400009D0641CA4B2304605F03AFB032CF1D34C
:1022500000200EB070BD31A131A004F0B7FF3548A9
:1022600031A10446FEF73AFA014633A004F0AEFF6E
:1022700078213248FEF71BFA2BA12046FEF72EFAF2
:1022800000210D9100240DAB2C4A2DA107F02CFD4F
:102290002A4D2C4E09E0601C80002A583019373036
:1022A0000223012107F0CEFC641C0D98401E0D9006
:1022B000401CF0D119A11AA004F088FF2148403039
:1022C000817942790379C47809940A930B920C912D
:1022D0008178427803782038C47F0594069307926A
:1022E0000891817F427F037FC47E01940293039211
:1022F0000491817E0091437E027EC17D124804F0EC
:1023000065FF0120A5E70000DC0500004F4B000041
:1023100041542B4E574B534B45593F004C4F4700B0
:102320000A5B25735D0000002B4E574B534B4559FC
:102330003A000000D20C002025730000E8130020B2
:10234000200000006014002004CF000870B50024B5
:10235000104D7D26F60010A2294610A0FFF7B4FA12
:10236000012808D0641CA4B2304605F0A9FA032C59
:10237000F1D3002070BD0CA10CA004F027FF0DA12B
:102380000E48FEF7ABF901460DA004F01FFF012037
:1023900070BD0000DC0500004F4B000041542B5085
:1023A0004F52543F000000004C4F47000A5B25731A
:1023B0005D0000002B504F52543A0000D20C002018
:1023C0002573000070B50024104D7D26F60010A284
:1023D000294610A0FFF778FA012808D0641CA4B29F
:1023E000304605F06DFA032CF1D3002070BD0BA12F
:1023F0000BA004F0EBFE0CA10D48FEF76FF90146AF
:102400000CA004F0E3FE012070BD0000DC0500001C
:102410004F4B000041542B5258323F004C4F470065
:102420000A5B25735D0000002B5258323A00000011
:10243000D20C00202573000070B50024104D7D26BD
:10244000F60010A2294611A0FFF73EFA012808D095
:10245000641CA4B2304605F033FA032CF1D30020FB
:1024600070BD0CA10CA004F0B1FE06A10C48FEF753
:1024700035F901460BA004F0A9FE012070BD000053
:10248000DC0500002B5645520000000041542B563D
:1024900045523F004C4F47000A5B25735D0000002A
:1024A000D20C00202573000070B500240E4D7D264F
:1024B000F6000EA229460EA0FFF706FA012808D062
:1024C000641CA4B2304605F0FBF9032CF1D30020C4
:1024D00070BD0A48017849084900017008F0BCFE47
:1024E0000028FBD0012070BDDC0500004F4B000030
:1024F00041542B464143544F525900006014002070
:1025000070B500240A4D7D26F6000AA229460AA0CD
:10251000FFF7DAF9012808D0641CA4B2304605F0B0
:10252000CFF9032CF1D3002070BD012070BD000055
:10253000DC0500004F4B000041542B534156450031
:1025400070B590B00024242216A107A8FEF796F8D3
:102550001D48817C427C037CC57B029503930492D9
:102560000591817B427B01910092037BC27A17A186
:1025700007A806F067FB7D26214DF6000BE021A29F
:10258000294607A8FFF7A0F9012809D0641CA4B2C6
:10259000304605F095F9032CF1D3002010B070BD42
:1025A0000120FBE741542B4150504555493D204601
:1025B00046204646204645203030203030203030FE
:1025C00020303020303100006014002041542B4175
:1025D00050504555493D20253032782025303278FD
:1025E000202530327820253032782025303278206E
:1025F000253032782025303278202530327800009E
:10260000DC0500004F4B000070B59EB00024402256
:102610001FA10EA8FEF732F82D4881784278037882
:102620002038C57F0A950B930C920D91837F417FD3
:10263000027FC57E0695099307920891817E437EAD
:10264000027EC57D0295049303920591817D427DB2
:1026500001910092037DC27C1E490EA806F0F2FA99
:102660007D261D4DF6000BE01CA229460EA8FFF7A3
:102670002BF9012809D0641CA4B2304605F020F9DA
:10268000032CF1D300201EB070BD0120FBE7000039
:1026900041542B4150504B45593D20324220374543
:1026A0002031352031362032382041452044322037
:1026B00041362041422046372031352038382030FD
:1026C000392043462034462033432C30000000009C
:1026D000801400202CD20008DC0500004F4B0000C5
:1026E000FEB5002410A14D680B6889680195009320
:1026F000029102460FA1684606F0A4FA7D26104D0D
:10270000F6000BE00FA229466846FFF7DDF8012826
:1027100008D0641CA4B2304605F0D2F8032CF1D3E3
:102720000020FEBD0120FEBD41542B434C415353BC
:102730003D30000041542B434C4153533D25640030
:10274000DC0500004F4B0000F0B585B0002413A558
:102750006F682E68EB68AA6801970096039302924F
:102760000B46024611A1684606F06CFA7D26144D10
:10277000F6000BE013A229466846FFF7A5F80128EA
:1027800009D0641CA4B2304605F09AF8032CF1D3AA
:10279000002005B0F0BD0120FBE7000041542B43B1
:1027A0004F4E4649524D3D312C33000041542B438E
:1027B0004F4E4649524D3D25642C256400000000D3
:1027C000DC0500004F4B0000FEB5002410A14D6851
:1027D0000B68896801950093029102460FA1684633
:1027E00006F030FA7D26104DF6000BE00FA22946C8
:1027F0006846FFF769F8012808D0641CA4B2304687
:1028000005F05EF8032CF1D30020FEBD0120FEBDD3
:1028100041542B44454255473D31000041542B441F
:10282000454255473D256400DC0500004F4B000044
:10283000F0B587B007460D4616460024182211A1B0
:1028400001A8FDF71BFF2B463A4614A101A80096EC
:1028500006F0F8F97D26164DF6000BE015A2294684
:1028600001A8FFF731F8012809D0641CA4B2304652
:1028700005F026F8032CF1D3002007B0F0BD0120AD
:10288000FBE7000041542B465245513D312C32307C
:102890002C383638313030303030000041542B463F
:1028A0005245513D25642C25642C25640000000010
:1028B000DC0500004F4B000070B500240E4D7D2656
:1028C000F6000EA229460EA0FEF7FEFF012808D052
:1028D000641CA4B2304604F0F3FF032CF1D30020B3
:1028E00070BDFF210B48FDF7E2FE0A480021FA30D7
:1028F000C180012070BD0000DC0500004F4B0000CE
:1029000041542B4A4F494E3D312C312C31322C3120
:1029100030000000D20C002070B500240A4D7D2646
:10292000F6000AA229460AA0FEF7CEFF012808D029
:10293000641CA4B2304604F0C3FF032CF1D3002082
:1029400070BD012070BD0000DC0500004F4B000091
:1029500041542B4F5441413D312C3000FEB50024F1
:1029600010A14D680B688968019500930291024699
:102970000FA1684606F066F97D26114DF6000BE0C2
:1029800010A229466846FEF79FFF012808D0641C64
:10299000A4B2304604F094FF032CF1D30020FEBD16
:1029A0000120FEBD41542B504F52543D32300000A7
:1029B00041542B504F52543D2530327800000000D6
:1029C000DC0500004F4B000070B586B005460E4692
:1029D0000024142210A101A8FDF750FE33462A4618
:1029E00012A101A806F02EF97D26144DF6000BE089
:1029F00013A2294601A8FEF767FF012809D0641C2D
:102A0000A4B2304604F05CFF032CF1D3002006B0E2
:102A100070BD0120FBE7000041542B5258323D307D
:102A20002C383639353235303030000041542B5295
:102A300058323D25642C256400000000DC050000B0
:102A40004F4B000070B500240E4D7D26F6000EA2FF
:102A500029460EA0FEF738FF012808D0641CA4B256
:102A6000304604F02DFF032CF1D3002070BDFF2170
:102A70000948FDF71CFE08480021FA30C1800120FA
:102A800070BD0000B80B00004F4B000041542B52AA
:102A90004553455400000000D20C002030B58BB0E7
:102AA0001546284A936B012423439363002407941B
:102AB000089409940A94059406940194029403944A
:102AC0000494214B92041A60491E59609C60401E78
:102AD000D8601C6180205861184603F089FD0028E9
:102AE00001D000F007FB01200003079007A916485A
:102AF00003F01EFE002801D000F0FCFA124803F09B
:102B00004AFF002801D000F0F5FA0594069405A9C3
:102B10000D4803F025FD002801D000F0EBFA6020FD
:102B20000190029503940494002201A9064803F041
:102B300053FF002801D000F0DDFA034803F004FF42
:102B40000BB030BD001002407403002070B5054684
:102B50000846FF247334214648436421FDF7C8FA30
:102B600082B204212046FFF799FF0021094803F0B3
:102B7000A5FF284601F070FC0021064803F0E4FFA1
:102B8000044803F0C5FD01210022C903024801F0F9
:102B9000B0FE70BD740300200004005070B501F059
:102BA000A5FC0024074D01267602A0004119002251
:102BB000022001F06DFC641CB442F6DB01F096FCCF
:102BC00070BD0000000008080348C1790A2901D23D
:102BD0000A21C171704700005405002004490120FA
:102BE00008700448C1790A2901D20A21C1717047CD
:102BF0001A000020540500200348C1790A2901D297
:102C00000A21C171704700005405002070B50F4DB6
:102C10000F4E69683068814216D80E4C3C222189DB
:102C200051430818686000F08DF805F09FFA20798C
:102C300080210843207108A108A004F0C7FA326877
:102C40000848696804F0C2FA70BD00000C0000205A
:102C500040000020540500204C4F47000A5B2573BC
:102C60005D00000064CE000870B5FFF7CFFF134C85
:102C7000A08800280AD11249124D0879C20906D04D
:102C80004006400E087100F021F8A58070BD48791B
:102C9000C20707D0400840004871152009F0F8FA33
:102CA000A58070BD084A1278D207FAD04207F8D53D
:102CB000FB221040487100F035FA70BDCC0C0020AA
:102CC00054050020102700006014002010B50120DA
:102CD00009F0DEFA10BD70B504460D46164601F047
:102CE00005FC03E001CC01C501F0C8FB3046761EAF
:102CF000B6B20028F6D170BDF8B505460E461746A7
:102D000001F0F4FB002407E0A00032584119022032
:102D100001F0BEFB641CA4B2BC42F5D301F0E6FB9B
:102D2000F8BDC0010121C905892212047F2318437F
:102D300004E0014200D05040490852080B02DB0B6E
:102D4000F7D17047FEB51249081F00F077F811A1BE
:102D500011A004F03BFA0E4F203F386AFDF7DAFF6E
:102D60000F4E3146FDF7F9FDFEF74AF804460D46D1
:102D7000F869FDF7CFFF3146FDF7EFFDFEF740F8AC
:102D800002460B4607A00195009404F01FFAFEBD11
:102D9000740500204C4F47000A5B25735D0000005E
:102DA00000007A44436F6E766572742054656D70CE
:102DB00074657261747572653A20252E32662C2016
:102DC00048756D6964697469793A20252E32660008
:102DD00070B50D4684B2E41E0E49284648430028CB
:102DE00004DD32306421FDF799F903E032386421C3
:102DF000FDF794F96C43002C05DD2034E117890EB2
:102E00000919891104E0203CE117890E091989117B
:102E1000081A70BDB36A000080B24843002806DD7E
:102E2000FF300130C117C90D081840127047FF3834
:102E30000138C117C90D081840127047FEB5044685
:102E40000D46002001900090294E0122202130469D
:102E500001F04FFD00F09CF8032000F0F5F8002889
:102E600003D024A004F0B2F9FEBD822005F0CCFE10
:102E7000694601A800F004F9002803D025A004F059
:102E8000A5F9FEBD019800F0C1F87D27FF000028DC
:102E90001ED0019800F0C7F800281DD039460198CF
:102EA000FFF796FF2060009800F0B0F8002817D0D8
:102EB000009800F0B8F8002816D039460098FFF7BF
:102EC000ABFF286000222021304601F012FDFEBD3C
:102ED00017A004F07BF9E6E71BA004F077F9E2E71E
:102EE0001FA004F073F9EDE723A004F06FF9E9E700
:102EF00000040050454E533231305F53656E7353BA
:102F0000746172745F536574204661696C65640A0C
:102F100000000000454E533231305F544856616C1A
:102F20005F476574204661696C65640A00000000B3
:102F3000542072617720646174612043524320659C
:102F400072726F722E0A00005420726177206461E1
:102F50007461204E4F542076616C69642E0A000023
:102F60004820726177206461746120435243206578
:102F700072726F722E0A00004820726177206461BD
:102F80007461204E4F542076616C69642E0A0000F3
:102F900010B5282005F038FE802000F063F80146C7
:102FA000080004D009A004F011F9002010BD04208D
:102FB00005F02AFE002000F039F8002804D00AA00D
:102FC00004F004F9002010BD012010BD454E53321D
:102FD00031303A2564205265736574204661696C0E
:102FE00065642E0A00000000454E533231303A200D
:102FF00053657474696E672072756E206D6F6465B9
:10300000206661696C65642E0A00000010B501023B
:103010004C0EC003C00BFFF784FEA04201D101207B
:1030200010BD002010BDC003C00F704708B505A13A
:1030300009680091694648700222862004F0B4F8BD
:1030400008BD00002100000008B505A10968009135
:10305000694648700222862004F0A6F808BD0000E8
:103060002200000008B505A1096800916946487072
:103070000222862004F098F808BD0000100000002D
:103080007FB504460D460FA0006801900620009011
:1030900002AB012201A9862003F074FF6B46997AE6
:1030A0000A04597A09020A43197A0A432260597BB1
:1030B0001A7B090412021143DA7A1143296004B021
:1030C00070BD00003000000010B505200121000790
:1030D00001F008FC012801D101F04AFB022104485B
:1030E00001F000FC012802D1022001F041FB10BDDB
:1030F0000004005072B6FEE710B5084900234B618A
:1031000007494A684C1522434A604A68082422430A
:103110004A60C009C001036010BD0000B81400205F
:1031200000200240F0B5B1B03C2121A8FDF7BFFA64
:1031300014211CA8FDF7BBFA00201B90642102A8F3
:10314000FDF7B5FA884D012230A92846FFF7C3FDE7
:10315000012201A9281DFFF7BEFD84A185A004F06E
:1031600035F886A0019A309904F030F8309E002E90
:103170007DD02A2E01D92A2602E07B480830019012
:1031800008238C4A10211CA806F030FD0024CCE056
:10319000642102A8FDF78BFA3C2121A8FDF787FAEC
:1031A00085A102A8FDF78EFA10221CA902A8FDF73E
:1031B000BDFA82A102A8FDF785FA282280A11BA8EA
:1031C00005F040FD1BA902A8FDF77CFA7D490A889D
:1031D000501C08807AA11BA805F034FD1BA902A889
:1031E000FDF770FA162276A11BA805F02BFD1BA98E
:1031F00002A8FDF767FA5DA15EA003F0E7FF214694
:1032000071A0019A03F0E2FF0C2279490198FFF7BF
:1032100062FD0198303001907649884202D95248C7
:1032200008300190002321AF714998000958C01956
:1032300005F055FA5B1C9BB20C2BF5D321A902A813
:10324000FDF740FA6CA14BA003F0C0FF02A96BA0F0
:1032500003F0BCFF08F01CF8012802D1002009F09F
:103260004BFA08F039F8002804D1012000E03FE0D3
:1032700009F050FA07F0F0FF0028FBD0142001F00D
:10328000EBF802A804F020FB07F0F0FF002806D0BE
:1032900060A138A003F09AFF60A003F097FF08F048
:1032A00001F8002826D05BA132A003F08FFF61A0B7
:1032B00003F08CFF674904224879104348718879EC
:1032C000401CC0B28871052812D300228A71394887
:1032D000C01E017849084900017002214030C171C7
:1032E00002725D48E1210068C90040185B4908602E
:1032F00031B0F0BD5749002088713FA11DA003F0F7
:1033000065FF57A003F062FF07F04AFF3098401EA8
:103310003090012230A92846FFF7EEFC012201A9D6
:10332000281DFFF7E9FC641CA4B2B44200D22FE7C9
:10333000534852498180FFF731FC00203090281D0E
:103340000190012230A92846FFF7D6FC012201A9ED
:10335000281DFFF7D1FC05A106A003F037FF49A007
:1033600003F034FFC4E7000000000808464C415356
:10337000480000000A5B25735D000000526561642F
:1033800020466C6173682043616368652044617402
:1033900061204C656E3A2025642C2043616368658A
:1033A000204461746120416464723A203078253091
:1033B0003878000063140020542C53312C00000096
:1033C00025642C000E000020456570726F6D205240
:1033D00065616420436163686520446174612041D4
:1033E0006464725B25645D3A20307825303878005B
:1033F000A8050020CF0708084C4F47004C6F5261CA
:103400002053656E644361636865446174613A206A
:10341000257300005741524E000000005761697447
:10342000204275737920494F2054696D656F75741A
:10343000000000004C6F52612053656E644361636D
:10344000686544617461204661696C2C2045786927
:10345000740D0A005405002040000020A000002048
:103460004C6F52612053656E6443616368654461CB
:103470007461205375636365737300001027000047
:10348000CC0C0020436C65617220466C617368202F
:1034900043616368652044617461200038B50C485D
:1034A0000122694600F038F800980A4C80B2A081E9
:1034B0002D21401E4901884200D3A18106A108A008
:1034C00003F084FEA18908A003F080FE38BD00004F
:1034D00000F8000854050020464C41534800000005
:1034E0000A5B25735D0000005265616420466C61D3
:1034F00073682044657669636520477073204C6F5C
:103500006361746520496E74657276616C203A203F
:1035100025646D696E00000030B5002303E010C81B
:103520009D004C515B1C9342F9DB30BD7CB535A04E
:1035300003F04CFE43A003F049FE52A003F046FE08
:10354000282203215CA003F041FE00F0FDF8FFF704
:10355000A5FF102268496948FDF790F867480822DE
:1035600067490838FDF78AF8644804226549103035
:10357000FDF784F86148102263491430FDF77EF8A6
:103580005E48102261492430FDF778F800F018F900
:10359000002401945E4E012201A93046FFF79BFBF7
:1035A0007D200199C0005B4D814217D9FFF7F6FAE3
:1035B0000194574808300090012201A93046FFF7D6
:1035C0009BFB01226946301DFFF796FB52A154A0D8
:1035D00003F0FCFD54A003F0F9FD05E0002903D041
:1035E0006879042108436871554964200870687936
:1035F000022108436871414801212D300172514870
:1036000004707CBD0A2A2A2A2A2A2A2A2A2A2A2A35
:103610002A2A2A2A2A2A2A2A2A2A2A2A2A2A2A2A0A
:103620002A2A2A2A2A2A2A2A2A2A2A2A2A2A2A2AFA
:103630002A2A2A2A2A2A2A2A2A2A2A2A2A2A2A2AEA
:103640002A0A00002A2A2A2A2A2A2A2A2A2A2A2A4E
:103650002A2A2A2A2A2A2A2A2A2A2A2A2A2A2A2ACA
:103660002A2A2A2A2A2A2A2A2A2A2A2A2A2A2A2ABA
:103670002A2A2A2A2A2A2A2A2A2A2A2A2A2A2A2AAA
:103680000A0000002A2A2A2A2A2A2A2A2A2A2A2A38
:103690002A2A2A20484B54203A2054485442205386
:1036A000656E736F72202A2A2A2A2A2A2A2A2A2A2F
:1036B0002A2A2A2A2A0A00002A2A2A2A2A2A2A2ADE
:1036C0002048415244574152455F5645523A2030B6
:1036D0007825303278202C534F4654574152455F5D
:1036E0005645523A20307825303278202A2A2A2A24
:1036F0002A2A2A2A0A0000006000002073140020F1
:103700005800002070000020740000208400002079
:103710000000080854050020464C415348000000B2
:103720000A5B25735D000000436C65617220466C86
:10373000617368204361636865204461746120009F
:10374000010000200C00002038B50C480122694619
:10375000FFF7E2FE00980A4C80B220812D21401E26
:103760004901884201D33C20208106A107A003F033
:103770002DFD218907A003F029FD38BD00F40008C4
:1037800054050020464C4153480000000A5B257355
:103790005D0000005265616420466C6173682044DE
:1037A0006576696365205265706F727420496E7426
:1037B000657276616C203A2025646D696E000000A8
:1037C00010B51F4808221F49FFF7A6FE1D4CE068F0
:1037D000002801D05A280CDD012020606060A06024
:1037E0001921E1601D21C943216163216161A0614B
:1037F000E161202213491448FCF740FF13A115A0F2
:1038000003F0E4FC15A003F0E1FC1BA0216803F029
:10381000DDFC20A0616803F0D9FC26A0A16803F0BC
:10382000D5FC2BA0E16803F0D1FC31A062692169CD
:1038300003F0CCFC39A0E269A16903F0C7FC10BD1C
:1038400000F00008D805002084050020464C4153B4
:10385000480000000A5B25735D000000526561644A
:1038600020466C6173682053797374656D20436FD3
:103870006E666967000000000D0A0973797374654C
:103880006D2072756E20656E61626C653A202564EC
:10389000000000000D0A0962617474657279206489
:1038A00065636574696F6E20656E61626C653A2050
:1038B000256400000D0A096D6F76652064656365F7
:1038C00074696F6E20656E61626C653A20256400D4
:1038D0000D0A09616E676C6520616C61726D207400
:1038E00068726573686F6C643A202564000000009C
:1038F0000D0A0974656D7020616C61726D207468C9
:10390000726573686F6C642C206C6F773A20256445
:103910002C20686967683A20256400000D0A096850
:10392000756D6920616C61726D2074687265736871
:103930006F6C642C206C6F773A2025642C206869AA
:1039400067683A202564000010B50D483C210181CC
:103950002D21490181810121016341638163192284
:10396000C2631D22D2430264632242648164C26442
:1039700000F03AFA00F0D8F900F058FA10BD000053
:103980005405002010B50020204A9169CB0520493C
:1039900004D54869022318434861901593699B0533
:1039A00005D54B69012423434B6163021843936996
:1039B0005B0505D54B69082423434B61E30118439C
:1039C00093691B0505D54B69042423434B616302AE
:1039D000184393699B0405D54B69102423434B611D
:1039E0006302184393699B0304D54C6920231C434D
:1039F0004C6118439369DB0305D54B69402423438D
:103A00004B61A1020843906110BD000000200240FC
:103A1000B814002070B5044600F072FF0546184E39
:103A20000AE0601C08D0002C04D000F069FF401BA5
:103A3000A04201D9032070BDB069C007F1D1B069BF
:103A4000800701D50220B061B069C00511D4B0690A
:103A500080050ED4B06940050BD4B069000508D4C8
:103A6000B069800405D4B069800302D4B069C00392
:103A700003D5FFF787FF012070BD002070BD000057
:103A800000200240F3B58FB00C46314E00210D915D
:103A9000302101A8FCF70BFE01220DA93046FFF7EB
:103AA0001AF901220EA9301DFFF715F929490E98C0
:103AB000274F4018F921C9000837884204D30D98D0
:103AC00030214843C0190E900D9D2A2D08D32A217C
:103AD0002846FCF70DFB30204143C8190E9003E047
:103AE00030206843C0190E906D1C0D950023A50869
:103AF000A00701D06D1CADB201AF07E00F989C008C
:103B0000201804F0F4FD38515B1C9BB2AB42F5D396
:103B100001220DA93046FFF7EFF801220EA9301D52
:103B2000FFF7EAF80C2201A90E98FFF7E5F80A481A
:103B3000042241791143417108A10AA003F046FB18
:103B40000AA00E9A0D9903F041FB11B0F0BD0000E0
:103B500000000808F8FFF7F754050020464C4153D1
:103B6000480000000A5B25735D0000004565707227
:103B70006F6D2057726974652043616368652044E6
:103B800061746120416464725B25645D3A20307821
:103B9000253038780000000070B58EB02E4D00241E
:103BA000242105A8FCF783FD2C49002005AA0B78E9
:103BB0001B064E783604F3188E783602F318CE784A
:103BC000F318091D2646641CB6009351001D0428F5
:103BD000EDD32249091D00200B781B064E783604D0
:103BE000F3188E783602F318CE78F318091D26469E
:103BF000641CB6009351001D1028EDD317481430F3
:103C0000002103781B0646783604F31886783602BE
:103C1000F318C678F318001D2646641CB6009351AD
:103C2000091D1029EDD300F0E1FC00200190029560
:103C30000120039004A901A800F072FC0028F9D12A
:103C4000092205A9284600F0B5F8044600F0A2FCB8
:103C500020460EB070BD000000E80008831400206C
:103C600070B58CB02E4D0024202104A8FCF71FFD58
:103C70002C49002004AA0B781B064E783604F31852
:103C80008E783602F318CE78F318091D2646641C88
:103C9000B6009351001D0828EDD3224908310020B9
:103CA0000B781B064E783604F3188E783602F3181C
:103CB000CE78F318091D2646641CB6009351001DEA
:103CC0000828EDD317481030002103781B064678EA
:103CD0003604F31886783602F318C678F318001DF8
:103CE0002646641CB6009351091D1029EDD300F03F
:103CF0007DFC0020009001950120029003A96846F8
:103D000000F00EFC0028F9D1082204A9284600F092
:103D100051F8044600F03EFC20460CB070BD000097
:103D200000E400086314002010B586B00D4C0E4866
:103D30008089059000F05AFC002001900294012037
:103D4000039004A901A800F0EBFB0028F9D101229F
:103D500005A9204600F02EF8044600F01BFC204682
:103D600006B010BD00F800085405002010B586B05C
:103D70000E4C0F48417804918078059000F036FC95
:103D80000020009001940120029003A9684600F0F1
:103D9000C7FB0028F9D1022204A9204600F00AF846
:103DA000044600F0F7FB204606B010BD00EC00080A
:103DB00060140020F7B505460F4600240FE0A6006A
:103DC000BA592946022000F0F3FB002803D12868E5
:103DD000B959884201D00120FEBD2D1D641C0298F6
:103DE0008442ECDB0020FEBD10B586B00D4C0E48C1
:103DF0000089059000F0FAFB002001900294012058
:103E0000039004A901A800F08BFB0028F9D101223E
:103E100005A92046FFF7CEFF044600F0BBFB204675
:103E200006B010BD00F40008540500201FB50C4C6E
:103E300000F0DCFB0020009001940120029003A917
:103E4000684600F06DFB0028F9D10822054920469C
:103E5000FFF7B0FF044600F09DFB204604B010BD04
:103E600000F000088405002010B50A467D230146B5
:103E7000DB00054802F0B8FF0448C1790A2901D2E5
:103E80000A21C17110BD00006C0100205405002002
:103E9000F8B50446002625464035287C012808D080
:103EA00001202874206881688907890F01290ED1B3
:103EB00001E00220F8BD0168C90708D0606D20212B
:103EC000084360650126002028743046F8BD616D06
:103ED000FF2201329143022211436165C1688907C3
:103EE000890F0091C16889088900C16020688168D4
:103EF00092071143816000F003FD074612E000F0D5
:103F0000FFFCC01B0A280DD920688068002809DA48
:103F1000606D0221884310210843606500202874E9
:103F20000120F8BD206880680028E8DB2068C168AF
:103F3000009A1143C160606D80088000401C60657C
:103F4000C1E70000F8B50C4605464035297C01293B
:103F50000DD00121297401688A68520709D5416D85
:103F6000202211434165002028740120F8BD022061
:103F7000F8BD194B6268D8054710184E9A4215D003
:103F80008A6A23685B035B0B1A438A6221684903D0
:103F900005D5B1680143B1600A20FDF703FC206834
:103FA000800315D5B0683843B06011E08A6A236891
:103FB0005B035B0B9A438A622168490302D5B168AF
:103FC0008143B1602068800302D5B068B843B06017
:103FD00000202874F8BD00000110000000270140F7
:103FE00070B50446002C0AD0606D0221084360655C
:103FF0002046FDF7A9FB0546280002D009E0012074
:1040000070BD2046FDF7E4FB0546012D01D00120DF
:1040100060650026012D32D0206841681A4A11409F
:1040200041602168D043086020688168012212073E
:10403000914381602068C168144A1140C1602068C2
:104040000169134A1140016120684169C908C9002A
:1040500041612068016A0F4A114001622068803086
:10406000416BC909C901416320688030416BC909AE
:10407000C9014163204600F0FBF8A665666540343F
:104080002674284670BD000060F7FFFF00023E83E3
:1040900002FCFF3F00F000F0406D70470068006CCC
:1040A0007047000070B50446002C06D0606D2646AF
:1040B00000254036002802D006E0012070BDA5652D
:1040C0003574204600F0EAF8606DC00603D420681D
:1040D0008168490706D5606D102108436065357415
:1040E000012070BD616DFF22013291430222114314
:1040F000616581685C4A8907890F012902D10168DD
:10410000C9072BD1032361689B07994205D05B4205
:10411000994202D05B00994209D10169890089085E
:104120000161206801696368194301610CE001695C
:1041300089008908016190680F2189048843906093
:1041400090686168084390602068C16818239943AB
:10415000C1602068C168A3681943C16090680121EB
:104160004906884390609068A18E49060843906094
:1041700020688168C90004D48168012212071143B4
:1041800081602068C168394A1140C1602069E268D5
:10419000022825D000200243204620300178037BEE
:1041A00049035B0019430A43216B0A43A169890350
:1041B0000A43E169C9030A432168CB681A43CA600C
:1041C000616A0A46FF3AC23A05D0A26A11432268E0
:1041D000D3681943D16042780121012A02D00BE053
:1041E0000420D8E70078002823D0606D20221043F7
:1041F0006065A06D0843A065E06B012820D02068B1
:104200000169C90703D001694908490001612068B3
:104210004169C908C900416120684169A26B114325
:104220004161A565606D80088000401C60650020CC
:1042300070BD2068C26801231B041A43C260DBE71B
:1042400020680269FF239B009A430261206802698B
:10425000236CA66C1A43636C33431A4302612068D3
:1042600002690A430261D2E7002701401902FEFFFA
:1042700010B500680649884208D10648416B4215CE
:10428000914341630121044800F0E0F910BD0000B2
:1042900000240140001002400004005010B586B018
:1042A0000446142101A8FCF702FA0E49206888424E
:1042B00015D10D48416B421511434163C26A022179
:1042C0000A43C262C06A08400090012001900320A6
:1042D00002900020039001A9044800F055FA06B0AE
:1042E00010BD0000002401400010024000040050F6
:1042F000F8B504460D4627466069403708280BD0BC
:104300002068C068C00709D0606D2021084360653F
:10431000002038740120F8BD082600E00C2600F0CB
:10432000EFFA009015E0681C13D0002D05D000F0C6
:10433000E7FA0099401AA8420BD920680068304279
:1043400007D1606D042108436065002038740320A4
:10435000F8BD206800683042E5D0606D0121490257
:10436000084360652068C1680C220905890F00298F
:104370001BD12021095D002917D10168090714D537
:10438000816801234907002908DB416891434160A6
:10439000606D190288431843606506E0606D202156
:1043A00008436065A06D1843A065A069002801D18D
:1043B000206802600020F8BD70B504460020216826
:1043C0008968490723D425464035297C01291CD01A
:1043D00001212974E169012902D02046FDF734FA50
:1043E000002811D1616D0B4A1140FF2201321143A7
:1043F00061650021A165297422681C211160216872
:104400008A6804231A438A6070BD022070BD0220AE
:1044100070BD0000FEF1FFFF70B504462546403533
:10442000287C012807D001262E742046FDF78CF940
:10443000002802D00CE0022070BD2046FDF7C8F92C
:10444000002805D1616DFF2201329143314361653E
:104450000021297470BD000070B5044600F050FAC8
:104460000546601C02D004480078241800F048FA81
:10447000401BA042FAD370BDB00000200348416841
:1044800001221143416000207047000000200240DB
:10449000F8B505460E461446124F387C012807D061
:1044A000012038741048FFF7B5FA002802D00FE059
:1044B0000220F8BD00217961022D0CD0012D0CD015
:1044C000002D0CD00120002802D00748FFF7A2FAE7
:1044D00000213974F8BD3460F5E73480F3E73470B7
:1044E000F1E70000B814002050C3000009484168FB
:1044F000C9070DD0EFF3108172B6074AC260074AB0
:10450000C26081F310884068C00701D00120704765
:104510000020704700200240EFCDAB890504030264
:10452000F8B505460E46184F387C012807D0012003
:1045300038741648FFF76EFA002802D020E00220F7
:10454000F8BD0021C94331606C6813E02046FEF7D6
:10455000D3FD0E48FFF75EFA0D494A6808239A43D7
:104560004A604A684B159A434A60002801D034607B
:1045700006E08034A9686A68C9018918A142E5D8B3
:1045800000213974F8BD0000B814002050C30000A9
:104590000020024005484168022211434160416801
:1045A00001221143416000207047000000200240BA
:1045B000F8B50E4617460B4C207C012808D0012088
:1045C00020740948FFF726FA0025002802D006E0EB
:1045D0000220F8BD656137600348FFF71BFA2574B8
:1045E000F8BD0000B814002050C300001248416814
:1045F000C9070DD0EFF3108172B6104AC260104A9D
:10460000C26081F310884168C90701D0012070475A
:10461000416889070DD5EFF3108172B6094A02612E
:10462000094A026181F310884068800701D50120A2
:10463000704700207047000000200240EFCDAB899A
:1046400005040302BFAE9D8C16151413F0B50022AD
:1046500059E0012393409E460B40002B52D0950811
:104660002B4CAD002D19AC689607370F0F26BE40B6
:104670003440A44605242407A04201D1002414E0BC
:10468000244CA04201D101240FE0234CA04201D1CF
:1046900002240AE0214CA04201D1032405E0204C71
:1046A000A04201D1052400E00624BC4064450FD19E
:1046B0001C4C27689F43276067689F436760A76813
:1046C0009F43A760E7689F43E760AB68B343AB6075
:1046D000046855000323AB401C430460D408A400C5
:1046E0002418266A5507EF0E0F25BD40AE432662FB
:1046F000C4689C43C46044687546AC4344608468A5
:104700009C438460521C0B46D340A2D1F0BD0000F4
:10471000000001400004005000080050000C005050
:10472000001C00500004014010B50A4C022806D1BC
:10473000627920210A43627122790A432271012899
:1047400002D105A002F042FDE0790A2801D20A2038
:10475000E07110BD540500200D0A52454544205318
:10476000574954434820455854490D0A0000000059
:1047700010B504494A69024202D04861FFF7D4FFEC
:1047800010BD000000040140F0B5002296E00127B2
:1047900097403B40002B6ED00C79A407A40F012C4E
:1047A00001D0022C10D1856854000326A640B543E1
:1047B000CE68A6402E4386604468BC430D79ED0662
:1047C000ED0F9540254345600C79E443A40708D0DC
:1047D000C56854000326A640B5438E68A6402E4304
:1047E000C6600C79A407A40F022C0CD1D408A40035
:1047F00027183D6A5407E40E0F26A640B5430E69FC
:10480000A6402E433E62056854000326A640B543E9
:104810000E79B607B60FA6402E4306604C68A40377
:10482000A40F4AD0284C666B01252E436663950879
:10483000264CAD002F19BD689407240F0F26A64003
:10484000B54305263607B04201D1002615E0204EBB
:10485000B04201D1012610E01E4EB04201D1022625
:104860000BE01D4EB04201D1032606E01B4EB042C4
:1048700002D1052601E020E00626A6402E43BE60B8
:10488000174D2C689C434E68F60300D51C432C60E2
:104890006C689C434E68B60300D51C436C60AC68E2
:1048A0009C434E68F60200D51C43AC60EC689C4308
:1048B0004E68B60200D51C43EC60521C0B681C46C7
:1048C000D44000D063E7F0BD00100240000001407A
:1048D0000004005000080050000C0050001C005064
:1048E000000401400069084201D001207047002007
:1048F0007047002A01D081617047816270470000D3
:104900000148806870470000B000002070B5024682
:1049100040325378202B01D0022070BD1378012B38
:1049200019D0012414702423537003681D68A54313
:104930001D6003681D682603B5431D6003681D687C
:104940000D431D6000680168214301602020507004
:104950000020107070BD022070BD70B5024640325C
:104960005378202B01D0022070BD1378012B18D072
:10497000012515702423537003681C68AC431C6028
:1049800003681C680F263602B443090221431960EC
:1049900000680168294301602020507000201070D9
:1049A00070BD022070BD000004494A6B01231A4308
:1049B0004A6303494A6802434A6070470010024054
:1049C0000000014070B50446002C12D0242025467A
:1049D0004035687020680168490849000160204638
:1049E00000F0D8F90020606468702063A870287017
:1049F00070BD012070BD000070B50446002C06D0CB
:104A00002546403568780026002802D005E00120C0
:104A100070BD2E70204600F0D9F9242068702068FF
:104A200001684908490001600F2160680906884350
:104A300021680861206882680121C9038A43826075
:104A4000E068012809D02122A06892021043226860
:104A50009060E068022805D008E0A068226808435A
:104A60009060F6E701202268C0025060206842682A
:104A70000F4B1A4342602068C2688A43C260616972
:104A800020690843A169090208432168C860216AB6
:104A9000E069084321680860206801680122114329
:104AA00001606664202068702663AE70002070BDCF
:104AB00000800002FFB583B0044625464035687883
:104AC000202802D0022007B0F0BD0C98002815D095
:104AD0000D98002812D02878012814D001202870C1
:104AE000FFF70EFF064601221923D1032046009648
:104AF00002F0E2FA002808D00120E4E70120400299
:104B000060640120DFE70220DDE72220687040209A
:104B1000A870002767640C9860620D9860856763D1
:104B20000E980090019604A90EC9204602F03CFAA6
:104B3000002802D02F700120C5E7618D3848FF2979
:104B400009D9FF222285012300901B0620460499E3
:104B500002F09EFA0AE0618D21850090208D0123EC
:104B6000C2B25B062046049902F092FA0096002237
:104B7000042120460E9B02F09FFA002801D001205C
:104B8000A1E72068406A616A0870606A401C606240
:104B9000208D401E80B22085618D491E6185618D0A
:104BA000002924D0002822D100960022802120460E
:104BB0000E9B02F081FA002801D0012083E7608D6E
:104BC000FF2809D9FF22228501231B0600972046D2
:104BD000049902F05DFA0AE0608D20850097208D2F
:104BE0000123C2B25B062046049902F051FA608D9F
:104BF0000028BBD1324620460E9902F084FA0028E4
:104C000001D001205FE720682021C161206842684F
:104C1000044B1A4042606970AF702F70002052E759
:104C20000024008000E800FEFFB583B0044625465E
:104C300040356878202802D0022007B0F0BD0C98DB
:104C4000002815D00D98002812D02878012814D0FB
:104C500001202870FFF754FE074601221923D103D3
:104C60002046009702F028FA002808D00120E4E747
:104C70000120400260640120DFE70220DDE72120FF
:104C800068704020A870002666640C9860620D98D9
:104C9000608566630E980090019704A90EC92046AE
:104CA00002F0BCF9002802D02E700120C5E7608D0B
:104CB000FF2809D9FF22228501231B0600962046E2
:104CC000049902F0E5F90AE0608D20850096208DB8
:104CD0000123C2B25B062046049902F0D9F93A4694
:104CE00020460E9902F036FA002801D00120A4E7F0
:104CF000606A216800788862606A401C6062608D2A
:104D0000401E6085208D401E80B22085618D002967
:104D100024D0002822D100970022802120460E9B1B
:104D200002F0CAF9002801D0012086E7608DFF2833
:104D300009D9FF22228501231B06009620460499EB
:104D400002F0A6F90AE0608D20850096208D0123EF
:104D5000C2B25B062046049902F09AF9608D0028E1
:104D6000BDD13A4620460E9902F0CDF9002801D077
:104D7000012062E720682021C16120684268044B5D
:104D80001A4042606970AE702E70002055E7000036
:104D900000E800FE10B50068094988420FD10948B3
:104DA000816B0122520591438163074C8115204696
:104DB000FFF74CFC012149022046FFF747FC10BDDC
:104DC00000540040001002400004005010B586B0AE
:104DD0000446142101A8FBF76AFC144920688842A4
:104DE00021D1134CE16A02200143E162E16A0140F2
:104DF00000910320000201901220029000200390F5
:104E0000032004900420059001A90A48FFF7BCFC88
:104E10002015FFF7C9FDE014FFF7C6FDA06B0121C7
:104E200049050843A06306B010BD000000540040CF
:104E3000001002400004005002488168027889187E
:104E400081607047B000002010B500240748016859
:104E5000402211430160032000F00AF8002801D02D
:104E6000012401E000F054F8204610BD002002406B
:104E700030B587B0054600222946142000F070F8AE
:104E8000142000F061F81C48416B04221143416377
:104E900001A902A800F048FA0698002815D000F0F1
:104EA00079FA40001549FBF723F9411E1548144AC9
:104EB0000260154AC260416000210161816001F019
:104EC00097FB0446002C03D013E000F063FAE9E7F7
:104ED0000C4801F0F3FB0446002C0AD1042D07D244
:104EE00000222946142000F03BF80848056000E045
:104EF0000124204607B030BD0010024040420F00A0
:104F000000080140D0140020E7030000B400002096
:104F10000448416B012211434163816B0204114338
:104F20008163704700100240002809DBC106C90EEA
:104F30000120884003490860BFF34F8FBFF36F8F94
:104F40007047000080E100E0002805DBC106C90EC3
:104F500001208840014908607047000000E100E03E
:104F600010B503F0E3FE10BD0248016802151143BD
:104F7000016070470070004002480168421511430B
:104F80000160704700700040F0B5154E326874152E
:104F90002240144B1B6ADB07DB0F002A04D0002BD6
:104FA00002D03568A54335603568AD08AD000543CE
:104FB00035600D4F3D69042005433D6101290DD049
:104FC00040BF20BF20BF396981433961002A04D026
:104FD000002B02D0306820433060F0BD30BFF2E7D4
:104FE000007000400000014000ED00E0F8B504460C
:104FF00000262078584D80067CD557484038806B75
:10500000C00006D454484038816B020411438163C8
:10501000012652480168C90512D40168821511435E
:105020000160FFF76DFC074606E0FFF769FCC01B57
:10503000642801D90320F8BD48480068C005F4D5AC
:10504000454840380168032212051140606802405B
:105050008A420AD08103890F032906D13E4940398B
:105060000968890301D50120F8BD2A6903210904D3
:105070000A40002A21D0084090421ED020788006A5
:105080001BD5286988432A690121C9040A432A617A
:105090002A698A432A612861C0050ED5FFF730FCD2
:1050A000074607E0FFF72CFCC11B2D48814201D9C0
:1050B0000320F8BD28698005F4D560688103890F55
:1050C000032908D1244B403B196803221205914360
:1050D00010400143196028690322616812041140DD
:1050E00008432861012E05D11B484038826B01041A
:1050F0008A4382632078C00705D0E868A1688008E9
:1051000080000843E8602078800705D5E8680C2116
:105110008843E1680843E8602078400706D5E868DE
:1051200003218902884321690843E8602078000749
:1051300006D5E86803210903884361690843E860EC
:105140002078000606D5E868032189048843A16910
:105150000843E8600020F8BD4010024000700040A5
:1051600088130000F8B504460E46002C0FD068489E
:105170000068C007C00FB04218D2654F38684008B9
:10518000400030433860FFF7BBFB054609E00120D3
:10519000F8BDFFF7B5FB411B5E48814201D90320F2
:1051A000F8BD3868C007C00FB042F2D120785A4F1E
:1051B000800705D5F868F0218843A1680843F860A6
:1051C0002078C00760D06068022808D003280BD080
:1051D00001280ED03968890510D40120F8BD39683E
:1051E00089030BD40120F8BD3968890106D4012058
:1051F000F8BD3968490701D40120F8BDF96889086C
:1052000089000143F960FFF77BFB054660680228CF
:105210000CD0032818D0012824D031E0FFF770FB10
:10522000411B3C48814201D90320F8BDF8680007C2
:10523000800F0228F2D127E0FFF762FB411B3548BF
:10524000814201D90320F8BDF8680007800F0328C8
:10525000F2D119E0FFF754FB411B2E48814201D9DE
:105260000320F8BDF8680007800F0128F2D10BE099
:10527000FFF746FB411B2748814201D90320F8BDB7
:10528000F8680007800FF3D121480168C907C90FEA
:10529000B14217D901460868400840003043086011
:1052A000FFF72EFB054607E0FFF72AFB411B1948D5
:1052B000814201D90320F8BD15480068C007C00F1E
:1052C000B042F1D12078400706D5F86807210902DD
:1052D0008843E1680843F8602078000707D5F8683C
:1052E0000721C90288432169C9000843F86000F01A
:1052F00061F8F968094A0906090F515CC840084974
:10530000086008480068FFF7B3FD0028D3D1F8BD56
:1053100000200240881300000010024040CD000829
:1053200048000020B400002010B50F2202600C4A93
:10533000D3689B079B0F4360D368F02423408360AE
:10534000D368072424022340C360D268E3001A40D4
:10535000D208026103480068C007C00F086010BD92
:105360000010024000200240014800687047000021
:105370004800002000B5FFF7F7FF0449C968044A58
:105380004905490F515CC84000BD000000100240B3
:1053900059CD000800B5FFF7E7FF0449C968044A82
:1053A0008904490F515CC84000BD00000010024054
:1053B00059CD000870B5214EF2680C211046084006
:1053C0001F498B0004280CD04D00082810D00C2851
:1053D00010D070680004410F491C0120C0038840B0
:1053E00070BD3068C00601D5084670BD184670BD56
:1053F000284670BD9002134C000F205C1202940FDF
:10540000641CF268D20307D5294603F058FC2246F3
:105410000023FAF797FE70BD3268D20606D503F076
:105420004EFC22460023FAF78DFE70BD194603F0AC
:1054300046FC22460023FAF785FE70BD00100240AC
:1054400000093D0050CD0008FEB50446002C0FD0E9
:10545000FE4DEE680C200640EF6801200004074076
:105460002078C00753D0082E08D00C2E02D00DE0B3
:105470000120FEBD01200004874207D12868800377
:1054800045D56068002842D10120FEBD0120616839
:105490000004814203D129680143296015E00523F6
:1054A00001221B049204994206D129681143296004
:1054B00029680143296008E0296881432960296837
:1054C00001400091286890432860606800280FD050
:1054D000FFF716FA019007E0FFF712FA0199401A58
:1054E000642801D90320FEBD28688003F4D50EE0AE
:1054F000FFF706FA019007E0FFF702FA0199401A58
:10550000642801D90320FEBD28688003F4D42078E4
:1055100080075AD5E0680921042E0DD00C2E01D148
:10552000002F09D000283ED02A688A4302432A600F
:10553000FFF7E6F907462AE02A68520701D5002856
:105540001CD06A681F231B029A4323691B021A435B
:105550006A602A688A4302432A60FFF72BFFE968E2
:1055600009060A0FBA49895CC840BA490860BA48B6
:105570000068FFF77DFC0028C5D126E00120FEBDB4
:10558000FFF7BEF9C01B022801D90320FEBD286821
:105590004007F5D568681F2109028843216909027F
:1055A0000843686011E02868400840002860FFF761
:1055B000A7F9074606E0FFF7A3F9C01B022801D9A7
:1055C0000320FEBD28684007F5D42078C00664D5C6
:1055D000002E0BD0A06900284CD02868FF21013193
:1055E00008432860FFF78CF9074631E028688005FA
:1055F00002D5A069002822D06868072149038843A2
:10560000216A084368606868217F0002000A090671
:1056100008436860206A410B491C0120C003884090
:10562000E96809060A0F8A49895CC8408949086007
:1056300089480068FFF71CFC0028C2D12DE001203A
:10564000FEBDFFF75DF9C01B022801D90320FEBD96
:1056500028688005F5D56868072149038843216AD1
:10566000084368606868217F0002000A0906084351
:10567000686012E02968FF20013081432960FFF74C
:105680003FF9074606E0FFF73BF9C01B022801D9A6
:105690000320FEBD28688005F5D420786F4F0007F1
:1056A00029D56069002813D0386901210843386181
:1056B000FFF726F9019007E0FFF722F90199401A58
:1056C000022801D90320FEBD38698007F4D512E015
:1056D0003869400840003861FFF712F9019007E08F
:1056E000FFF70EF90199401A022801D90320FEBDE7
:1056F00038698007F4D42078400775D500200090E1
:10570000A86BC00006D4A86B012109070843A86351
:105710000120009052480168C90514D40146086868
:105720008A1510430860FFF7EBF8019007E0FFF7D8
:10573000E7F80199401A642801D90320FEBD4848C2
:105740000068C005F3D5FF20A2680130824203D172
:105750003969014339611BE001218902002A0AD01D
:1057600005231B029A420DD13A690A433A6139690D
:10577000014339610CE03A6982433A6138698843F0
:10578000386105E03A6982433A6138698843386193
:10579000A068002810D0FFF7B3F8019008E0FFF7E9
:1057A000AFF80199411A2F48814201D90320FEBD6B
:1057B00038698005F3D50FE0FFF7A2F8019008E003
:1057C000FFF79EF80199411A2648814201D903202A
:1057D000FEBD38698005F3D40098012804D1A86B78
:1057E000012109078843A863606A00286DD00C2E48
:1057F00052D001273F06022806D02868B843286007
:10580000FFF77EF8044643E02868B8432860FFF7B6
:1058100077F8064606E0FFF773F8801B022801D9E7
:105820000320FEBD28688001F5D4E16AA06AEA6819
:105830000843216BFD231B049A4311430843E8608E
:10584000286838432860FFF75BF80DE0001002403D
:1058500040CD000848000020B40000204010024065
:105860000070004088130000044606E0FFF748F887
:10587000001B022801D90320FEBD28688001F5D550
:1058800023E0FFF73DF8001B022801D90320FEBDED
:1058900028688001F5D418E0012814D0E8680121B7
:1058A0000904A26A014091420BD10F218904E26AE6
:1058B0000140914205D1032189050840216B8842AE
:1058C00003D00120FEBD0120FEBD0020FEBD7047BB
:1058D00002480168491C0160704700004400002034
:1058E00010B504462068C068400509D52046FFF77A
:1058F000EFFF2068C16880221140054A8918C16005
:10590000012004490005486101202034607010BD69
:105910007FFBFFFF0004014002480168491C016051
:10592000704700004400002070B50446206881687C
:105930008025C90400290BDAC068C00508D52046B7
:10594000FFF7EAFF2068C1682940FF398239C1604A
:105950002068816889040BD5C068800508D5204679
:10596000FFF7B5FF2068C168054A29408918C16062
:10597000012004494004486101202034607070BD5A
:105980007FFDFFFF0004014010B50B460068416831
:105990000D480140080CD870CC04E40E5C708C06F5
:1059A000A40E9C700904490F1970002A0AD102F054
:1059B000E7F9D870587802F0E3F95870987802F057
:1059C000DFF99870002010BD3FFFFF0010B50B46B7
:1059D0000168896A5960016809694904490C99603C
:1059E000006801680E4801408802800E18704C045F
:1059F000640E5C704C06640E9C70090C40242140BF
:105A0000D970002A0AD102F0BBF91870587802F058
:105A1000B7F95870987802F0B3F99870002010BD6B
:105A20007F7F7F00F8B50446002C05D02546203541
:105A30006878002802D006E00120F8BD0020287018
:105A4000204600F055F8022068702168CA2048629C
:105A5000216853204862204602F0A5F9FF2604275A
:105A6000002804D0206846626F700120F8BD2068CD
:105A700081681E4A11408160206881686268A3695C
:105A8000114322691A43114381602168E06808616B
:105A90002068016922891204114301612068C168EC
:105AA00080229143C1602068C16C89088900C1646B
:105AB000E169606901432068C26C1143C1642068D8
:105AC000806880060BD4204600F0ECF9002806D050
:105AD000206846626F70002028700120F8BD2068A1
:105AE0004662012068700020F8BD0000BFFF8FFFF4
:105AF00010B50068084988420DD1084801690122A3
:105B0000920411430161002211460220FFF728FA96
:105B10000220FFF719FA10BD002800404010024093
:105B2000FEB50B4604461146254620352878012847
:105B30003ED001202870022068701A4620320027CB
:105B4000002937D020688068400600D4DF70D8690B
:105B5000844618789E78000406435878D978000265
:105B600009040843064310780006064360460643CE
:105B70005869064399695868084300902168CA200B
:105B80004862216853204862FF22586A013280230C
:105B9000904252D120688168914381602068C16839
:105BA0001940FF398239C160FEF7AAFE01902FE04B
:105BB0000220FEBD20688068400600D4DF7018789F
:105BC00002F0E6F80604587802F0E2F80002064314
:105BD000987802F0DDF80643D87800040643107880
:105BE00002F0D6F800060643D86906435869064312
:105BF000C0E7FEF785FE0199411A7D20C000814271
:105C000006D92168FF204862032068702F70FEBD0E
:105C10002068C068C007ECD02068C6612168009881
:105C2000486420688168FF22013211438160206846
:105C3000816812011143816032E02068816801228D
:105C40005202914381602068C1681E4A1940891838
:105C5000C160FEF755FE01900EE0FEF751FE01997E
:105C6000411A7D20C000814206D92168FF20486288
:105C7000032068702F70FEBD2068C0688007ECD5D7
:105C80002068066221680098886420688168012283
:105C900052021143816020688168120111438160C2
:105CA00009480268012149040A43026082680A43E4
:105CB00082602168FF204862012068702F700020F8
:105CC000FEBD00007FFDFFFF00040140F8B5044663
:105CD0000B46254620352878012806D0012028705B
:105CE00002206870002A02D008E00220F8BD58782F
:105CF000C10603D5EF2108400A305870002A1DD094
:105D0000D8789E7800040643587819780002490331
:105D1000084306432168CA2048622168532048622C
:105D2000204602F040F80027002818D02168FF2004
:105D30004862042068702F700120F8BDD87802F006
:105D400027F80604587802F023F8000206439878F2
:105D500002F01EF80643187840030643DAE71148BC
:105D60000640206846602068C16880229143C16077
:105D70002068806880060CD4204600F093F8002844
:105D800007D02168FF204862042068702F7001202E
:105D9000F8BD2168FF204862012068702F70002044
:105DA000F8BD00003FFFFF00F8B504460D4626464B
:105DB00020363078012829D0012030700220707000
:105DC0000027002A24D020688068400600D4EF70A5
:105DD0002978A878090408436978EA780902120446
:105DE0001143084300902168CA204862216853206B
:105DF0004862204601F0D7FF002820D02168FF200C
:105E000048620420707037700120F8BD0220F8BD90
:105E100020688068400600D4EF70287801F0B8FF51
:105E20000204687801F0B4FF00020243A87801F090
:105E3000AFFF0243E878000402430092D3E7184919
:105E40000098084021680860206881680122920457
:105E500091438160E96828690143206882681143A1
:105E600081602068C16880229143C1602068806899
:105E700080060CD4204600F015F8002807D02168D1
:105E8000FF2048620420707037700120F8BD21683F
:105E9000FF2048620120707037700020F8BD0000BC
:105EA0007F7F7F0070B505462868C168A0229143B6
:105EB000C160FEF725FD04467D26F60006E0FEF7EC
:105EC0001FFD001BB04201D9032070BD2868C068C7
:105ED0008006F4D5002070BD70B50446002C10D0AB
:105EE00002202546403568742068016840229143AD
:105EF0000160204600F064F8002060656874287432
:105F000070BD012070BDF8B50446002C0ED0FF27EF
:105F1000606A0537002600280AD026616661A662FD
:105F200025464035687C002807D00AE00120F8BDEE
:105F30006068B842F3D0E661F1E72E74204600F0C5
:105F400075F8022169742068026840239A43026050
:105F50002123A26860689B021A4038401043E3681E
:105F60008A021340184323690B40217D1843C90757
:105F7000C90F0843A169931019400843E169382308
:105F800019400843216A802319400843A16A9300FD
:105F90001940084321680860A0690421000C0840EA
:105FA000616A102319400843216848602068C1696C
:105FB0009143C1616665012068740020F8BD00004E
:105FC00010B586B000681749884229D11648416B40
:105FD00082149143416305242407F0212046FEF7F3
:105FE00035FBF021019101200290002103910491E1
:105FF00001A92046FEF7C8FB012210212046FEF72A
:1060000078FC012220212046FEF773FC012240216A
:106010002046FEF76EFC012280212046FEF769FC37
:1060200006B010BD0030014000100240F0B587B04E
:106030000446142102A8FAF73AFB15492068884261
:1060400023D11448416B821411434163C16A012575
:106050002943C162C06A28400190F02002900220CA
:1060600003900024049403260596069405273F0711
:1060700002A93846FEF788FB10200290039504948D
:10608000059602A93846FEF77FFB07B0F0BD000079
:106090000030014000100240FFB583B004461D46A9
:1060A0000027FF212646606805314036884202D12C
:1060B000A06800280CD0307C012814D00120307456
:1060C000FEF71EFC0290707C01280ED0022783E0B0
:1060D00004207074049A009511462046059B00F038
:1060E00045F907B0F0BD0220FBE7049800282BD04B
:1060F0000598002828D00420707400206065049959
:10610000A1630599A1870599E1872063A086E086B0
:10611000206460640122A068D2034021904208D12B
:10612000206802688A430260206802680B029A4372
:10613000026020680268520602D402680A430260C4
:10614000E06800281AD037E0012745E02068816820
:10615000C90709D0007BA16B0870A06B401CA0632D
:10616000E08F401EE08709E0FEF7CAFB0299401A63
:10617000A84201D3681C05D1002D03D0E08F002870
:10618000E4D11CE0032727E020688168C90709D013
:10619000C068A16B0880A06B801CA063E08F401ECC
:1061A000E08709E0FEF7ACFB0299401AA84201D350
:1061B000681C17D1002D15D0E08F0028E4D12946A6
:1061C0002046029A01F016FE002801D020206065CA
:1061D000606D002800D00127012070740020307409
:1061E00038467EE70327F7E7FFB583B004461D4630
:1061F000002726464036307C01280AD00120307422
:10620000FEF77EFB02900599707C012804D00227DE
:10621000A6E0022007B0F0BD0498002833D005980E
:10622000002830D00320707400206065049A226337
:10623000059AA286059AE286A063A087E08760643B
:1062400020640122A068D203904209D1206802682C
:1062500040239A430260206802681B021A430260CE
:1062600020680268520603D4026840231A43026081
:106270000122E068D202904230D16068002804D048
:10628000012902D024E001276AE0206B2168008800
:10629000C860206B801C2063E08E401EE08617E003
:1062A00020688168890709D5216B0988C160206B46
:1062B000801C2063E08E401EE08609E0FEF720FB94
:1062C0000299401AA84201D3681C05D1002D03D0C1
:1062D000E08E0028E4D12CE0032741E0606800282C
:1062E00001D0012922D1206B216800780873206B2E
:1062F000401C2063E08E401EE08617E02068816825
:10630000890709D5216B09780173206B401C206334
:10631000E08E401EE08609E0FEF7F2FA0299401A8C
:10632000A84201D3681C11D1002D0FD0E08E0028A7
:10633000E4D129462046029A01F0A4FD002801D0AC
:1063400020206065A068002802D005E0032707E050
:106350002068C16880680190606D002800D0012726
:106360000120707400203074384653E7FFB583B0C5
:106370000C9E044601250020019027464037387CBA
:10638000012810D001203874FEF7BAFA0290797C07
:106390006268069801290ED0D31FFD3B08D1A26880
:1063A000002A05D102E0022007B0F0BD042902D086
:1063B00002200190CEE0049900292DD005990029F2
:1063C0002AD00699002927D0797C042901D00521FB
:1063D000797400216165059AA263069AE287069A9C
:1063E000A287049A2263069AE286069AA28621640C
:1063F000616421680A68520603D40A6840231A437C
:106400000A600122E168D202914249D16168002903
:1064100005D0012803D03CE0012001909AE0206BD8
:1064200021680088C860206B801C2063E08E401EBD
:10643000E0862EE02068816889070ED5E18E00296C
:106440000BD0012D09D1216B0988C160206B801C04
:106450002063E08E401EE086002520688168C90721
:106460000CD0E18F002909D0C068A16B0880A06B17
:10647000801CA063E08F401EE0870125FEF740FAF4
:106480000299401AB04204D3701C02D0032001903C
:1064900060E0E08E0028CDD1E08F0028CAD143E033
:1064A0006168002901D0012838D1206B216800786B
:1064B0000873206B401C2063E08E401EE0862DE0B8
:1064C0002068816889070ED5E18E00290BD0012D47
:1064D00009D1216B09780173206B401C2063E08E89
:1064E000401EE086002520688168C9070CD0E18F36
:1064F000002909D0C068A16B0870A06B401CA06384
:10650000E08F401EE0870125FEF7FAF90299401A54
:10651000B04201D3701C13D1002E11D0E08E0028A0
:10652000CED1E08F0028CBD131462046029A01F02F
:10653000A9FC002807D0012001902020606509E017
:106540000320019006E0A068002803D12068C168FC
:10655000806800900120787400203874019823E747
:10656000F0B502462032137E012B1ED0012616768E
:106570000223537603685D689C687027BD430F68EB
:106580002F435F600068B307984205D0084B9842DC
:1065900002D0084B984204D180239C434968214390
:1065A0008160567600201076F0BD0220F0BD00001C
:1065B000000801400014014010B5022104462034B7
:1065C000617601680A6A094B1A4203D10A685208C7
:1065D00052000A6000F02CF80020A077A076E07648
:1065E000207760776076207610BD000011110000E2
:1065F00070B50546002D05D02C462034607E00285D
:1066000002D006E0012070BD00202076284600F070
:106610002DF802206076291D286801F083FF0120F3
:10662000A077A076E076207760776076002070BD56
:1066300010B50068012292070A49904207D1886B81
:106640004008400088630F20FEF76EFC10BD064A2C
:106650009042FBD1886B1022904388631120FEF793
:1066600063FC10BD001002400010004010B500682F
:10667000012292070F4990420CD1886B01221043EE
:106680008863002211460F20FEF76AFC0F20FEF7F8
:106690005BFC10BD084A9042FBD1886B102210436E
:1066A0008863002211461120FEF75AFC1120FEF7E4
:1066B0004BFC10BD0010024000100040014620318C
:1066C0004A7E012A01D00120704702224A760168E1
:1066D000CB6801221343CB6000689107884205D044
:1066E0000949884202D00949884208D1816849078E
:1066F000490F062906D001681143016002E00168D4
:10670000114301600020704700080140001401405F
:1067100001680A6A054B1A4203D10A6852085200FE
:106720000A600121203041760020704711110000DD
:10673000F8B50446002625462035287E012817D0C6
:106740000120287602206876206882687727BA437D
:10675000FF231B029A4382600868502838D00EDC61
:10676000202853D006DC002850D010281ED14DE040
:106770000220F8BD302849D0402817D13CE06028DD
:1067800030D0702819D001221203801A0FD0904205
:106790000CD1CB684A688968206801F0FCFE20684B
:1067A0008168012292031143816000E001260120EB
:1067B0006876002028763046F8BDCB684A6889683C
:1067C000206801F0E8FE2068816839438160EEE7C7
:1067D000CA684968206801F05EFF5021206801F016
:1067E000E5FEE4E7CA684968206801F065FF6021BA
:1067F000206801F0DBFEDAE7CA684968206801F02A
:106800004AFF4021206801F0D1FED0E7226801460E
:10681000104601F0CBFECAE7704770B50446206809
:1068200001690025C9438907002916DBC168C943EE
:10683000890712D4E91E0161012020762068806951
:10684000800703D02046FFF7E7FF05E0204600F071
:10685000A1F8204600F030F9257620680169C94387
:10686000490718D4C168C943490714D40421C9434E
:10687000016102202076206880698005800F03D0A6
:106880002046FFF7C9FF05E0204600F083F82046C8
:1068900000F012F9257620680169C943090717D469
:1068A000C168C943090713D40821C9430161042001
:1068B00020762068C069800703D02046FFF7ACFF30
:1068C00005E0204600F066F8204600F0F5F8257651
:1068D00020680169C943C90618D4C168C943C906FB
:1068E00014D41021C9430161082020762068C069B2
:1068F0008005800F03D02046FFF78EFF05E020467D
:1069000000F048F8204600F0D7F8257620680169A5
:10691000C943C90708D1C168C943C90704D1891E41
:106920000161204600F034F920680169C943490635
:1069300009D4C168C943490605D44021C94301614E
:10694000204600F039F970BD10B586B00446142118
:1069500001A8F9F7ACFE012120688907884215D10A
:106960000B48C16A01221143C162C06A1040009005
:10697000D003019002200290002003900320049095
:106980000520059001A90007FDF7FEFE06B010BD29
:1069900000100240704770B50546002D05D02C460A
:1069A0002034607E002802D006E0012070BD002067
:1069B0002076284600F00FF802206076291D28680E
:1069C00001F0B0FD0120A077A076E0762077607717
:1069D0006076002070BD7047F8B504460D4600276C
:1069E00026462036307E01280ED001203076002A3F
:1069F0000CD0042A1ED0082A33D00C2A45D00127F7
:106A0000002030763846F8BD0220F8BD29462068BF
:106A100001F0D4FD2068816908221143816120685A
:106A2000826904218A43826120688169EA6811438E
:106A30008161E5E72946206801F0D8FD2068826978
:106A40000121C9020A438261206881690122920200
:106A50009143816120688169EA6812021143816172
:106A6000CEE72946206801F0DDFD2068C1690822D3
:106A70001143C1612068C26904218A43C261206850
:106A8000C169EA681143C161BAE72946206801F08B
:106A9000E4FD2068C1690122D2021143C16120686E
:106AA000C269012189028A43C2612068C169EA681A
:106AB00012021143C161A3E77047000070B505469B
:106AC0002C462034002908D0042908D0082908D0F1
:106AD000627F012A07D0012070BDA27EF9E7E27E25
:106AE000F7E7227FF5E7022000291DD004291DD0F9
:106AF00008291DD060770122286801F03FFD01219F
:106B0000286889070122884205D00D49884202D0B1
:106B10000C4988420ED181684907490F06290CD0DB
:106B200001681143016008E0A076E4E7E076E2E75F
:106B30002077E0E7016811430160002070BD00008C
:106B4000000801400014014070B504460D460022C3
:106B50002946206801F012FD2068016A0B4A1142A3
:106B600003D1016849084900016001202034002D4B
:106B700006D0042D06D0082D06D06077002070BD09
:106B8000A076FBE7E076F9E72077F7E71111000040
:106B900010B5044606492068884201D1FEF74CF939
:106BA00004492068884201D101F00CFC10BD0000AE
:106BB0000008014000100040704770B50446002CEA
:106BC00019D02420A06720680168490849000160A5
:106BD00020680025056020684560206885602046A3
:106BE00000F044F880200551A567E567256660340C
:106BF0002575002070BD012070BD10B50446002C25
:106C000003D0A06F002802D007E0012010BD0021B2
:106C100074200155204600F069F82420A067206800
:106C20000168490849000160204601F005FE01287D
:106C300019D0606A002802D0204601F063FD206868
:106C400041680922D20291434160206881682A226A
:106C50009143816020680168012211430160204650
:106C600001F0B6FD10BD012010BD000010B5016897
:106C700019481A4A81420DD1906B01218904884339
:106C80009063032189021648FDF7E0FC1D20FEF702
:106C90004BF910BD134B0520000799420CD1516BE5
:106CA00001239B039943516303214902FDF7CEFC65
:106CB0001B20FEF739F910BD0B4B9942FBD1916BAC
:106CC00001235B04994391630C21FDF7BFFC1C2059
:106CD000FEF72AF910BD00000048004000100240F5
:106CE000000400500038014000440040F0B587B077
:106CF0000446142102A8F9F7DAFC364E2168002375
:106D00003548022203240425B1421DD1816B56046B
:106D100031438163C16A1143C162C06A104001906E
:106D2000A0020290039204930594069502A92B48B1
:106D3000FDF72AFD002211461D20FEF711F91D2046
:106D4000FEF702F907B0F0BD254F0126B9421ED16A
:106D5000416BB70339434163C16A3143C162C06AC1
:106D60003040019003204002029003920493059466
:106D70000695052002A90007FDF706FD0022114631
:106D80001B20FEF7EDF81B20FEF7DEF8DAE7154FC3
:106D9000B942D7D1816B01277F0439438163C16A2E
:106DA0003143C162C06AC007C00F01900C2002903D
:106DB0000392049305940695052002A90007FDF7A8
:106DC000E3FC002211461C20FEF7CAF81C20FEF747
:106DD000BBF8B7E700480040001002400004005034
:106DE0000038014000440040FFB583B004460E4621
:106DF0001546A06F202802D0022007B0F0BD002E5B
:106E00000AD0002D08D00120A1680003814209D1D9
:106E10002069002802D005E00120EEE7F00701D04C
:106E20000120EAE7204660300290007D01281CD056
:106E30000298012101750020802108512120A067BE
:106E4000FDF75EFD0190274640373D827D8201209F
:106E5000A1680003814202D12069002807D035468D
:106E6000002602990020087518E00220C5E70025D9
:106E7000F7E706980090002280212046019B01F050
:106E800001FE002801D00320B7E7002D15D0287897
:106E900021686D1C8862788A401E7882788A002872
:106EA000E7D106980090002240212046019B01F086
:106EB000E9FD002808D003209FE73088B61CC005F4
:106EC0002168C00D8862E6E72020A067002094E7D3
:106ED000FEE701688A69D243920701D400228A62E0
:106EE00000688169C943C90703D081690122114340
:106EF00081617047F8B504460E46174620688169DF
:106F0000C943C9063AD44168890104D441680122C1
:106F10009203114341602546403508E0701C06D0BD
:106F2000FDF7EEFCC01BB0421ED8002E1CD020681E
:106F30008069C0438006F1D421681020C8612068B0
:106F40002026C6612046FFF7C4FF206841680C4A2E
:106F500011404160606C0421084360646E70002041
:106F6000A87028700120F8BD616C20200143616485
:106F700068700020A87028700120F8BD0020F8BDBE
:106F800000E800FE3EB5069CFF25F535A4B200934F
:106F90000295019493B20A7881B20248FDF78AFD06
:106FA0003EBD000020010020F8B5079F04461646AC
:106FB0001D4619480090EAB20023204600F068F808
:106FC0003A462046069900F0C5F8002801D0012075
:106FD000F8BD2846F5B201280BD02168300A886236
:106FE0003A462046069900F0B5F8002804D0012062
:106FF000F8BD2068856201E0206885620097002264
:1070000040212046069B00F057F8002801D00120BF
:10701000F8BD0020F8BD000000200080F8B5079FF3
:10702000044616461D4619480090C302EAB220469F
:1070300000F02EF83A462046069900F08BF800281A
:1070400001D00120F8BD2846F5B201280BD02168F7
:10705000300A88623A462046069900F07BF80028FC
:1070600004D00120F8BD2068856201E020688562B7
:107070000097002280212046069B00F01DF8002882
:1070800001D00120F8BD0020F8BD000000200080E4
:10709000F0B5059C00684568660D8905890D054FAA
:1070A000120411433E431943B54321430D43456048
:1070B000F0BD0000FF63FF03F8B505460E46174616
:1070C0001C4609E0601C07D0FDF71AFC0699401A1F
:1070D000A0420BD8002C09D028688169304688432B
:1070E0000FD00020B842EDD00020F8BD696C202000
:1070F00001436964403568700020A8702870012041
:10710000F8BD0120EEE770B504460D4616460FE0C7
:10711000324629462046FFF7EDFE002801D0012027
:1071200070BDFDF7EDFB801BA84208D8002D06D0EE
:1071300020688069C0438006EAD4002070BD616C7D
:10714000202001436164403460700020A0702070F2
:10715000012070BD70B505460C46164611E032465A
:1071600021462846FFF7C6FE002801D0012070BD49
:10717000601C06D0FDF7C4FB801BA04208D8002C81
:1071800006D028688069C0438007E8D4002070BD1D
:10719000696C202001436964403568700020A87044
:1071A0002870012070BD00003EB5064B01244A1C2A
:1071B0000293019400920A7881B223460248FDF7B7
:1071C00033FD3EBD88130000200100200FB410B530
:1071D000029800280DD0F9F795FA002809D003AAE3
:1071E0000648029901F042FD044A81B2104600F0BF
:1071F00007F810BC08BC04B0184700008007002046
:1072000010B50A467D230146DB000248FFF7ECFD7E
:1072100010BD00007402002018B5104AD069800625
:1072200010D50F490F4B4889984209D2546A431C24
:107230004B810D4BC018603084723220888101E090
:10724000506A0090D069000701D5082010620748F5
:10725000C1790A2901D20A21C17118BD0048004034
:10726000601300201F030000E00F002054050020E1
:107270007047000010B53721202004F07BFD03216A
:10728000212004F077FDC021222004F073FD882125
:10729000232004F06FFD0421242004F06BFD7F21E6
:1072A000302004F067FD0321322004F063FD032148
:1072B000332004F05FFD07484079C00604D40F2155
:1072C000202004F057FD03E04F21202004F052FD60
:1072D000002010BD5405002010B592B0604803C8CE
:1072E000119110905FA003C80F910E90012005F03E
:1072F00011FA012005F000FA04F0BEFE142000F09F
:10730000DFFAFBF7D1F8FAF7BDFEFBF795F8FBF7CC
:1073100003FBFBF715F9FBF777F90020FBF754FAAD
:10732000524A03210120FBF783FA51490020FBF761
:107330004BFB0020FBF7D4F90A20FBF70FFB0321DE
:107340000120FBF701FAFBF7B7FAFAF741FCFAF76D
:10735000ABFBFAF713FEFAF7CBFCFAF765FFFAF787
:1073600093FDFAF7F3FFFAF71FFFFBF72BF8FAF795
:10737000C7FDFAF74DFDFBF7C3F8142000F0A0FAA3
:10738000002005F0C7F93BA2082110A801F040FC3D
:1073900034A205210EA801F03BFC38A0FFF716FF30
:1073A00000F0ACFA17212A220D23059306920791CB
:1073B0003E493FA20EAB0A24009301920291039032
:1073C000049410AB282203213AA0FFF7FFFE474C9C
:1073D000A07A617A227AE379019302920391049070
:1073E000A079009063792279E17841A0FFF7EEFE61
:1073F00020462030817842780078E37F09930B9211
:107400000C910A90A17F627F207FE37E0593079213
:1074100008910690A27E607E217EE37D0193049216
:1074200002910390A07D0090637D227DE17C3B482A
:10743000FFF7CCFEA07C617C227CE37B019302926F
:1074400003910490A07B0090637B227BE17A34A0BF
:10745000FFF7BCFE09A0FFF7B9FE12B010BD000097
:1074600064CD00084F54414100000000A027BE3306
:1074700008E6D33345553836380000000D0A2A2A6D
:107480002A2A2A2A2A2A2A2A2A2A2A2A2A2A2A2A5C
:107490002A2A2A2A2A2A2A2A2A2A2A2A2A2A2A2A4C
:1074A0002A2A2A2A2A2A0D0A00000000E7070000DB
:1074B000410000000D0A536F66745665723A5625F6
:1074C000642E25645F25735F25735F436C6173735E
:1074D00025735F4C49525F25642E25642E25645F19
:1074E00025643A25643A25640D0A000060140020E2
:1074F0000D0A4465764575693A2530327825303273
:10750000782530327825303278253032782530327F
:107510007825303278253032780D0A008CD2000878
:107520000D0A4170704575693A2530327825303240
:10753000782530327825303278253032782530324F
:107540007825303278253032780D0A00F8B503F00E
:1075500019FF824D696888421CD303F013FFFF3086
:10756000F53068607E4C7F4F217A00267E480B0004
:1075700001F0BDFB0504112C7EB31000A968006862
:10758000814207D8E079022804D178483C21C171B2
:1075900001202072F8BD724840380178490849003E
:1075A0000170012005F0B6F8012005F0A5F8FBF701
:1075B00049FA142000F084F9002005F09DF86420B9
:1075C00000F07EF96E8002202072F8BD03F044FEC8
:1075D000002818D003F078FE002814D00320207271
:1075E0003878002807D062A162A0FFF7EFFD63A002
:1075F000FFF7ECFDF8BD6EA15EA0FFF7E7FD6DA003
:10760000FFF7E4FDF8BD6888401C688068A159A0B8
:10761000FFF7DCFD698870A0FFF7D8FD6888F028C7
:10762000F0D36E803878002813D051A151A0FFF715
:10763000CDFD71A0FFF7CAFDFF20F53000F040F945
:107640004BA14CA0FFF7C2FD77A0FFF7BFFD3E7036
:1076500009E07EA147A0FFF7B9FD7EA0FFF7B6FDC8
:1076600042490320C8710220E07104202072F8BD55
:10767000387800280FD03E707D20C00000F020F93F
:107680003BA13CA0FFF7A2FD7AA0FFF79FFDFF20E2
:10769000F53000F015F96E802E7031480122403827
:1076A0000178114301702672E6717D207A4900014C
:1076B000088084101E212046FBF748FA204600F07F
:1076C000FFF81E212046FBF741FAC82000F0F8F829
:1076D0001E216000FBF73AFAF8BD24490A22CA715C
:1076E00026720221E171A9680068814231D82978A7
:1076F000491CC9B22970052901D9052129702A78A8
:107700006649130001F0F3FA061B04090E13181B57
:10771000E121C9004018A86013E0E12109014018E7
:10772000A8600EE0E12149014018A86009E0E121CC
:10773000C9014018A86004E04018A86001E04018A2
:10774000A8601BA10BA0FFF741FD55A0A968FFF79A
:107750003DFD002004F0DEFFF8BD00009800002091
:10776000A01400200C000020400000205405002040
:1077700041434B000A5B25735D0000006661637442
:107780006F72794D6F646520544854422053656E82
:10779000736F7220537465703A4C6F52612052655A
:1077A00067697374657220537563657373000000B5
:1077B0004C4F4700544854422053656E736F7220FB
:1077C0004C6F5261205265676973746572205375FE
:1077D00063657373000000004C6F526157414E2087
:1077E0005761697420456E74657220496E204E653C
:1077F0007420256400000000666163746F72794D27
:107800006F646520544854422053656E736F722034
:10781000537465703A4C6F52612052656769737496
:107820006572204661696C00666163746F72794DA0
:107830006F646520544854422053656E736F722004
:10784000537465703A457869740000005741524E90
:10785000000000004C6F526157414E20456E746528
:107860007220496E204E65742054696D656F757481
:1078700021000000666163746F72794D6F6465204A
:10788000544854422053656E736F72205374657070
:107890003A46696E69736800180000208051010043
:1078A000557064617465205265636F6E6E656374B4
:1078B0002054696D657374616D703A20256C6400A5
:1078C00010B5FCF7C9FD10BD10B504462046F8F709
:1078D00019FF81B2204600F001F810BD10B50A462C
:1078E0007D230146DB000348FFF77EFA02490A20A8
:1078F000C87110BDF001002054050020022070471F
:107900001CB51B48416B4215114341630021009196
:1079100001911948174A0260C1630322920742602D
:1079200081600622826301220261C1600246203228
:10793000117051708162FF23C233436211730422BC
:107940004261016381614163C161FCF7ABFB0028C7
:1079500001D0FBF7CFFB0948009040140190694625
:107960000548FCF7EFFA002801D0FBF7C3FB1CBD6C
:107970000010024000240140C4000020000100204B
:10798000F0B587B0142102A8F8F791FE4348C16A08
:1079900001252943C162C16A29400191C16A0224BB
:1079A0002143C162C06A204001903D4E0022314611
:1079B0003C48FCF79EFF029411273F0403970024E4
:1079C000049402A93748FCF7DFFE042002900394D8
:1079D000049402A93348FCF7D7FE02960395049459
:1079E0000326059602A92F48FCF7CEFE05200022AB
:1079F00039120007FCF77DFF0022A9032948FCF794
:107A000078FFA803029003950494059602A92548DF
:107A1000FCF7BAFE381202900395049405960520EF
:107A200002A90007FCF7B0FEE80302900394049457
:107A300002A91C48FCF7A8FEE802029003940494F3
:107A4000052002A90007FCF79FFE02950397049406
:107A5000052002A90007FCF797FE0122002105205E
:107A6000FDF77EFA0520FDF76FFA01220E490F4857
:107A700002F05AF80E4A03210C4801F056FF0D4A55
:107A800004210A4801F051FF0B4A0521074801F083
:107A90004CFF064802F064F807B0F0BD0010024049
:107AA0002030000000040050E9B20008F805002072
:107AB000F92B0008C92B0008DD2B000810B513486E
:107AC0001149016004214160002181600122C260EE
:107AD000016141618161C1610162FCF78DFF002894
:107AE00001D0FBF707FB00210848FCF70FFF002837
:107AF00001D0FBF7FFFA00210448FCF72EFF002815
:107B000001D0FBF7F7FA10BD00540040200100201F
:107B100010B51248104C0460E12149024160002177
:107B20008160C16001610C22426181610162416238
:107B3000FFF763F8002801D0FBF7DCFAEFF31080C1
:107B4000012181F310882168FF2221321143216035
:107B500080F3108810BD0000004800406C01002038
:107B600010B50F480D490160FF210531416000212A
:107B70008160C1600222026101224261520282617F
:107B8000C1610162416281620721C162FEF7BBF9F6
:107B9000002801D0FBF7AEFA10BD00000030014014
:107BA0001C03002010B51248104C04604B21C90181
:107BB000416000218160C16001610C2242618161EC
:107BC000C16101624162FFF718F8002801D0FBF79C
:107BD00091FAEFF31080012181F310882168FF22D0
:107BE00021321143216080F3108810BD003801401C
:107BF000F001002010B51548134C0460E121490242
:107C0000416000218160C16001610C22426181619B
:107C1000C161016230214162A11481634900C163E5
:107C2000FEF7EBFF002801D0FBF764FAEFF31080BA
:107C3000012181F310882168FF2221321143216044
:107C400080F3108810BD0000004400407402002042
:107C5000FEE7000070B596B0044642484049016016
:107C6000002646607F218160FF214931C1600661A5
:107C70008661C661FDF7D6FE002801D0FBF73AFA0F
:107C8000FF2001300F90012008A9087680070D9091
:107C900040000B900F2000060C906946CE76207AAB
:107CA000087620794876207888760796002206A9FB
:107CB0002C48FDF735FF002801D0FBF71BFA2A4DB1
:107CC0007D21287D0901401A10A9C875287C401C17
:107CD0004875287B401E8875287E401C0875002248
:107CE00015A92048FDF7F2FF002801D0FBF702FAA2
:107CF000287A10A908702879487028788870CE7082
:107D00001396149600221748FEF74EF8002801D06B
:107D1000FBF7F0F9002211460220FDF721F90220BD
:107D2000FDF712F911480169012292041143016122
:107D30000FA110A0FFF74AFA28460BC8EA68039380
:107D400002920491059028696969401C0190009194
:107D50000A4823686268A168FFF738FA16B070BD58
:107D600000280040F80200202807002040100240B0
:107D70004C4F47000A5B25735D000000ECD0000803
:107D800001090A2251430007000F4018C0B2704792
:107D9000002102E0491C0A38C0B20A28FAD20907B9
:107DA000090E0843704770B505462868C168490642
:107DB00013D40021C943C160FCF7A2FD04467D260F
:107DC000F60006E0FCF79CFD001BB04201D9032041
:107DD00070BD2868C0684006F4D5002070BD000062
:107DE00010B50348FDF7A0FD0148FDF779FD10BD72
:107DF000F8020020F8B50446FF2601236068053626
:107E00009B02B0420AD1A0685D01A84201D098420D
:107E100004D1206805684027BD43056060682025BF
:107E2000B0421ED1A06898420DD00B4600920022AD
:107E30008021204600F058F8002820D0606D2843AB
:107E400060650320F8BD0B46009200220121204608
:107E500000F04AF8002812D0606D284360650320C6
:107E6000F8BD0B46009200220121204600F03CF8AC
:107E7000002804D0606D284360650320F8BD002011
:107E8000F8BD00007CB504460E4615461548144959
:107E90000068F8F72DF97D21C9004843019060681A
:107EA000C11FFD390ED133460022802120460095A6
:107EB00000F01AF8002810D0606D2021084360659A
:107EC00003207CBD0198002807D00198401E019036
:107ED00020688068C0430006F4D500207CBD000007
:107EE00000366E0148000020FFB581B004461E46F2
:107EF0000A9DFCF705FD401B351AFCF701FD0746FE
:107F0000274800684001000D684300903BE0701C6A
:107F100039D0FCF7F5FCC01BA84205D2002D03D0D8
:107F2000009800282BD02BE020684168E022914384
:107F300041606068C11FFD390CD10121A068C903EF
:107F4000884202D04911884204D120680168402249
:107F5000914301600121A06A4903884207D120684A
:107F600002688A430260206802680A4302600120B6
:107F70004034607400202074032005B0F0BD00255B
:107F80000098401E0090206881680298884305D0C0
:107F9000002003998842BAD10020EEE70120F8E7DB
:107FA000480000207047000010B5AEB0982108A826
:107FB000F8F77DFB00200490059006900790019053
:107FC0000290039032214C48F8F771FB08234B4A8A
:107FD000102104A801F00AFE49A108A8F8F772FBD5
:107FE000102204A908A8F8F7A1FB46A108A8F8F7F1
:107FF00069FB282244A101A800F024FE01A908A8D9
:10800000F8F760FB41484288511C41803EA101A81D
:1080100000F018FE01A908A8F8F754FB3CA108A835
:10802000F8F750FB3C4C3DA1228901A800F00AFE64
:1080300001A908A8F8F746FB3AA101A8226C00F0B4
:1080400001FE01A908A8F8F73DFB38A101A8626C60
:1080500000F0F8FD01A908A8F8F734FB35A101A844
:10806000A26C00F0EFFD01A908A8F8F72BFB33A1E3
:1080700001A8E26C00F0E6FD01A908A8F8F722FBD0
:1080800030A101A8626B00F0DDFD01A908A8F8F796
:1080900019FB2EA101A8A26B00F0D4FD01A908A82C
:1080A000F8F710FB2BA101A8226B00F0CBFD01A972
:1080B00008A8F8F707FBA28928A101A800F0C2FDD3
:1080C00001A908A8F8F7FEFAA28924A101A800F0E6
:1080D000B9FD01A908A8F8F7F5FA22A101A8E26BF9
:1080E00000F0B0FD01A908A8F8F7ECFA08A803F021
:1080F000E1FF2EB010BD0000200500206314002019
:10810000522C00002C00000025642C000C000020E4
:108110003130312C0000000054050020312C256442
:108120003B000000322C25643B000000332C25640A
:108130003B000000342C25643B000000352C2564F6
:108140003B000000362C25643B000000372C2564E2
:108150003B000000382C25643B000000392C2564CE
:108160003B00000031302C256400000070B5002574
:10817000224E012220213046FCF7BBFB0021204883
:10818000FBF786FE00241E48FCF716F932211C4836
:10819000FCF7AEF81A48FBF77FFF800503D51848B7
:1081A000FBF77CFF2D18641C1E2CECDB15A116A020
:1081B000FFF70CF81E212846F7F79AFF02462946DA
:1081C00013A0FFF703F800F04DF81B491B488D4240
:1081D00009D2012101741AA10BA0FEF7F7FF1AA022
:1081E000FEF7F4FF04E0017C002901D000210174B6
:1081F000002220213046FCF77CFB70BD00040050BB
:10820000C40000204C4F47000A5B25735D0000004E
:10821000436F766572742054616D706572204144BD
:10822000432056616C756520526573756C743A20F5
:1082300025642C2025640000F8240100540500204A
:108240005741524E0000000044657669636520483E
:108250006173204265656E2052656D6F766564219D
:108260002121000010B50248FCF7D6F810BD00002F
:10827000C400002030B599B034210CA8F8F717FAE3
:10828000142107A8F8F713FA1C216846F8F70FFA2B
:10829000204801680322D202114301600A200C9099
:1082A00009200F901020109001251195002415949D
:1082B0000CA8FDF7C9F8002801D0FAF71BFF0F2022
:1082C0000790089509940A940B94002107A8FCF7DD
:1082D00049FF002801D0FAF70DFF2F2000900294EB
:1082E0000394049405940120400401906846FCF72F
:1082F0007DFE002801D0FAF7FDFEFCF73DFEFCF7FD
:1083000033FE0548C1680122D2031143C16019B090
:1083100030BD0000007000400010024070470000B7
:10832000FEB525480168491C0160244E7269521C43
:1083300072613B293FDD002505604168491C4160B1
:108340003B2938DD45608168491C8160172932DD91
:108350008560C168491CC16001918169491C8161C6
:10836000062900DD85611448154A0469A100575C9F
:10837000377040690090800705D164210098F7F7B5
:10838000CDFE002906D1FF2191310098F7F7C6FEF6
:10839000002901D17F1C377032780199064891423B
:1083A00009DD0121C160641C04610B2C03DD056142
:1083B0000099491C4161FEBD280700202C000020C7
:1083C00010CD0008F8B52B4C6068401C6060A068B8
:1083D000401CA0602169491C2161274A108900289E
:1083E00001D0401E1081254A1089002801D0401E6E
:1083F0001081234DA888002801D0401EA880214A62
:108400009089002801D0401E90811F4A108D0028BD
:1084100001D0401E10851D4A1088002801D0401E42
:1084200010807D27FF000026B94203D32661E06853
:10843000401CE0606078401CC0B26070052802D922
:10844000667001F09FFB6068B8420FD36660FFF76B
:1084500067FFA888002809D10D49C879002805D0F0
:108460000C4A1278002A01D1401EC871FEF700FFA5
:10847000F8BD00002C000020D60F0020CC0D0020FD
:10848000CC0C0020601300202010002008000020E9
:10849000540500200C00002010B50248FEF7BDF97D
:1084A00010BD0000D014002010B50248FEF7B5F949
:1084B00010BD00007403002010B50248FEF7ADF9AE
:1084C00010BD0000B40300201CB5134A936B1024A8
:1084D00023439363002400940194114A0F4B1360CB
:1084E000491E51609460401ED0608020506110464B
:1084F000FEF77EF8002801D0FAF7FCFD0094019405
:1085000069460748FEF72CF8002801D0FAF7F2FD7B
:108510000348FEF7D3F81CBD0010024000100040D5
:10852000B403002070B5026801239B07114C124D63
:10853000984203D0A04201D0A84203D17026B24392
:108540004E683243984203D0A04201D0A84204D1E1
:1085500003231B029A43CB681A4380239A430B6977
:108560001A4302608A68C26209688162012141611E
:1085700070BD0000000801400014014010B5C9069C
:10858000C90E01238B40046A9C430462036A8A403B
:108590001343036210BD30B58468FF252D02AC4340
:1085A0001B0213430B432343836030BD8268702357
:1085B0009A430A4307210A438260704730B5026A32
:1085C000520852000262026A446883697025AB4314
:1085D0009B089B000D681D4302239A438B6813433D
:1085E0004460856149684163036230BD30B5026A09
:1085F00010239A430262036A4568826907242403B0
:10860000A24303242402A2430C6824021443202220
:1086100093438A6812011A43456084614968816303
:10862000026230BD30B5026AFF2301339A43026211
:10863000026A4468C3697025AB439D08AD000B68AE
:108640002B4301256D02AA438D682D02154344601A
:10865000C3614968C163056230BD30B5026A012358
:108660001B039A430262036A4568C2690724240314
:10867000A24303242402A2430C68240214430122CF
:10868000520393438A6812031A434560C4614968E0
:108690000164026230BD30B5036A046A6408640094
:1086A00004628469F025AC43120122430A24A343E7
:1086B0000B438261036230BD30B5036A1024A343CB
:1086C00003628369046A0F252D03AB4312031A4327
:1086D000A0239C43090121438261016230BD0A0E3F
:1086E00002700A0C42700A0A8270C17070470278E8
:1086F000C178120689184278807812040002101896
:108700000818704710B5818CC90707D001684A68FE
:1087100001235B049A43836A1A434A60818C890768
:1087200007D501684A6801231B049A43C36A1A43A8
:108730004A60818C490707D501684A6801239B0478
:108740009A43036B1A434A60818C090707D5016875
:108750004A680123DB039A43436B1A434A60818CC6
:10876000C90607D501688A6801231B039A43836BF6
:108770001A438A60818C890607D501688A680123BB
:108780005B039A43C36B1A438A60818C490612D5F6
:1087900001684B6801221205046C934323434B602C
:1087A000016C914207D101684A6803235B059A4333
:1087B000436C1A434A60818C090607D501684A68F0
:1087C0000123DB04806C9A4302434A6010BD000021
:1087D000F8B50446002580200551FCF791F80746BE
:1087E00020680068134E00070BD501213B4600228C
:1087F00049052046009600F045F9002801D00320E5
:10880000F8BD2068006840070BD501213B460022D7
:1088100089052046009600F035F9002801D0032094
:10882000F8BD2020A067E06725666034257500202C
:10883000F8BD0000FFFFFF01F8B504460025894B95
:1088400020682269A168E6691143626932431143D5
:108850000268854E32400A43026020684168032264
:1088600012039143E26811434160A0692168994273
:1088700001D0226A10438A680B263602B2430243B3
:108880008A607A4922687A488A4213D1C068800790
:10889000800F07D0012809D0022805D0032807D06F
:1088A000102738E0012736E0022734E0042732E0C1
:1088B000082730E06F498A4213D1C0680C21084074
:1088C00007D0042809D0082805D00C2807D0102785
:1088D00021E000271FE002271DE004271BE00827F6
:1088E00019E09A4216D1C0680321890208400BD0D2
:1088F00001218902401A0BD0401A07D0884201D1C9
:10890000082708E0102706E0002704E0022702E01D
:10891000042700E0102756495748403986009A42FC
:1089200036D1002F13D0022F14D0042F17D0082FC8
:1089300018D000200125002808D062685100511885
:10894000814202D8110381420FD2012584E0FCF755
:1089500011FDF0E70968C906EDD43046EBE7FCF7F6
:1089600029FDE8E70120C003E5E7010E06025008F3
:10897000002330185941F7F7E5FB032109023F4A6C
:10898000411A914202D82168C86065E0012563E080
:108990000122E369D203934232D13B0000F0A7F9F0
:1089A0000906090C1611161616141600FCF7E2FC3F
:1089B0000EE0FCF7EFFC0BE00968C90608D430466E
:1089C00006E0FCF7F7FC03E0104601E0002001257B
:1089D000002841D0616840004A088018F7F788FBFA
:1089E00080B202462649103A8A4207D8491C014003
:1089F0000007420F0A432068C2602DE001252BE0EA
:108A00003B0000F074F90906090C1611161616142D
:108A10001600FCF7AFFC0EE0FCF7BCFC0BE00968AD
:108A2000C90608D4304606E0FCF7C4FC03E0104653
:108A300001E00020012500280ED061684A081018C6
:108A4000F7F756FB80B201460D4A1039914202D821
:108A50002168C86000E0012500206066A066284605
:108A6000F8BD000000480040F369FFEF0038014006
:108A7000401002400044004000093D00FFFC0F0090
:108A8000EFFF0000FFB581B00A9D04460F46264661
:108A9000603658E0681C56D0FBF732FF0499401A44
:108AA000A84230D8002D2ED02068016849074AD549
:108AB000C069C043000546D401202168C002086295
:108AC000EFF31081012080F3108820680368FF22F3
:108AD000A1329343036081F31088EFF310810120EA
:108AE00080F310882068826852085200826081F307
:108AF00010882020A067E067803420600020307557
:108B0000032005B0F0BDEFF31081012080F3108841
:108B100020680368FF22A1329343036081F3108829
:108B2000EFF31081012080F31088206882685208DA
:108B30005200826081F310882020A067E067002047
:108B400030750320DDE72068C1693846884305D0C9
:108B50000020039988429DD00020D2E70120F8E749
:108B600018B5104AD069800610D50F49C888FE286C
:108B70000AD2546A431CCB800C4BC018FF30013022
:108B800084713220088101E0506A0090D0690007AA
:108B900001D5082010620648C1790A2901D20A21AC
:108BA000C17118BD00380140CC0D0020CC0B002055
:108BB0005405002018B5104AD069800610D50F4919
:108BC000C888FE280AD2546A431CCB800C4BC018BC
:108BD000FF30013084713220088101E0506A00903A
:108BE000D069000701D5082010620648C1790A291A
:108BF00001D20A21C17118BD00440040D60F0020E7
:108C0000D60D00205405002010B5FBF725FC10BD43
:108C10000FB41CB50246002007AC00290BD0491E3A
:108C200001910092064B6A462146069800F08EF9A3
:108C3000009A002111701CBC08BC04B01847000049
:108C4000859600080FB410B504A9074B02AA039833
:108C500000F07CF9044602A9002000F01EFD204629
:108C600010BC08BC04B018479B96000837B51446E2
:108C70000846064B6A46214600F068F904466946F4
:108C8000002000F00AFD20463EBD00009B96000833
:108C90002021020C01D010211046020A01D01046FA
:108CA0000839020901D01046091F820801D0104678
:108CB000891E420801D0881E7047081A7047F8B50F
:108CC000040C8BB2264682B25E430D0C1046370C64
:108CD0005843360480190021794116466E43370CFB
:108CE00036048019794126466E438919F8BD30B49F
:108CF0007446641E2578641CAB4200D21D46635D39
:108D00005B00E31830BC18474100080200D0042083
:108D10000A0E01D001221043090EFF2901D10221C0
:108D20000843012800D10520704700008307FF2277
:108D3000DB0E9A408907090E9940002808DB83085A
:108D400009489B001818036893430B43036070475E
:108D50000007000F0838830804489B001818C369EF
:108D600093430B43C361704700E400E000ED00E073
:108D700000487047C000002010B5F7F758FD10BD3F
:108D80005E2110B5C9430807F7F725FE10BD0000A6
:108D90000148006870470000C000002002E008C8D9
:108DA000121F08C1002AFAD170477047002001E065
:108DB00001C1121F002AFBD1704700000149086061
:108DC00070470000C0000020F0B51FB486B00998BD
:108DD000089A030D0021024314D05148514A181833
:108DE000504305141198012810981AD0281A401CD5
:108DF00000264D4F4D49009601910490002812DA4B
:108E0000444211E01198012449A3012801D110988E
:108E1000C1430698119A84600360C26041600BB040
:108E2000F0BD4042E4E70446210500203F4A001C13
:108E300051410391029012E0E00707D032463B46D1
:108E400001990098F7F786FE0191009032463B4663
:108E500010461946F7F77EFE06460F466410002CB2
:108E6000EAD10498039B0028029A0999089806DA27
:108E7000F7F770FE019B009AF7F76CFE05E0F7F735
:108E8000D1FE019B009AF7F7CDFE04460E46002264
:108E9000284BF7F7DDFF03D80020C043014607E069
:108EA0000022254B20463146F7F7A2FDF8F75EF980
:108EB000102409E0002C0ADB0A220023F7F742F90C
:108EC000079B30321A55641E02460A43F2D1112222
:108ED000641C079B121B1C19119B012B03D001233F
:108EE00008430ED10AE0084304D01120109000205E
:108EF000119077E71098151A6D1E0BE010988242BA
:108F000002DD00236D1C03E0824201DA00236D1EA6
:108F1000002BEED0069811998260C16030C07EE7C8
:108F200001FCFFFF104D0000000014400000F03F66
:108F3000300000000000F0430000E03F30380A2815
:108F400001D201207047002070470000FFB597B0A4
:108F50000646002518E2252877D100242746FD493A
:108F6000049400E00443761C32780120203A9040BB
:108F70000842F7D130782A280ED0022230780146F4
:108F80003039092916D804990A2359433039401831
:108F90001443761C0490F1E7189802C804911890C5
:108FA000002904DA012040030443484204900220CF
:108FB0000443761C30782E2814D1042004437078A2
:108FC000761C2A2809D11898761C80C8189009E0C8
:108FD0000A214F43303FC719761C3078014630399B
:108FE0000929F5D930786C2810D006DC4C281AD025
:108FF00068280ED06A2817D104E0742813D07A2884
:1090000012D110E00120400504430CE001210905C4
:1090100001E0032109050C437178814203D101204D
:1090200000052418761C761C3078119066280BD029
:1090300013DC58287DD009DC00287BD04528F6D0E9
:109040004628F4D047281AD1A5E118E0632835D086
:10905000642870D0652812D19DE170286CD008DC9E
:109060006728F1D069287BD06E280DD06F2806D1F3
:10907000BAE073282ED0752871D0782859D01A9A62
:10908000199990476D1C7EE16002400F022809D0BB
:1090900003280DD00428189801680DD00D60001D1C
:1090A000189070E11898EA1701680D604A60F6E7B9
:1090B000189801680D80F2E70D70F0E718986A467D
:1090C00001781172001D18900020507202A80090C3
:1090D000012005E0189802C8189000200091C043B4
:1090E00061070DD5002101E00199491C0191B942A8
:1090F00012DA8142F8DB009A515C0029F4D10BE0CE
:10910000002101E00199491C01918142FADB019A99
:109110000099895C0029F5D1019904981A9B471A96
:1091200021463846199A00F097FA019940194518D6
:109130000BE04FE02CE113E04EE00098009900783E
:10914000491C00911A9A199990470198401E019064
:10915000401CF2D1214638461A9B199A10E137E09B
:109160000A200021009001916002410F022907D0DE
:10917000189A01CA1892C2179446032908D00AE027
:109180001898C01DC108C90005C91891944607E088
:1091900000B2C2179446042902D140B2C1178C46CE
:1091A00000226146944506DA0A4600214042914178
:1091B0008C462D2102E0210504D52B216A4611732E
:1091C000012103E0E10701D02021F7E7029155E0FA
:1091D0000A200AE0102008E010200090002104205E
:1091E00004430191082703E0082000210191009029
:1091F0006002410F022907D0189A01CA1892002272
:109200009446032908D008E01898C01DC108C90079
:1092100005C91891944603E080B2042900D1C0B278
:1092200000210291210729D51199702906D0009AB1
:109230001021019B4A401A4305D00EE040216A46A6
:109240001173012108E06146014306D030216A46CE
:1092500011731199517302210291009A0821019B07
:109260004A401A430AD16146014301D1610705D53D
:1092700030216A46117301217F1E029111995829EC
:1092800004D035A10E910DA90D910DE037A1F9E79C
:109290006146019B009AF6F755FF0E9B8C469B5C3E
:1092A0000D9A521E0D92137061460143F0D10D9834
:1092B00005A9081A20300190600703D50120000499
:1092C000844300E001270198874201DD381A00E05D
:1092D0000020019900904118029809180498401A3A
:1092E0000490E00306D421461A9B199A049800F0D2
:1092F000B3F94519002706E003A81A9AC05D199929
:1093000090476D1C7F1C02988742F5DBE0030CD56B
:1093100021461A9B199A049800F09EF9451904E019
:109320001A9A3020199990476D1C0099481E009098
:109330000029F5DC08E00D980D990078491C0D9185
:109340001A9A199990476D1C0199481E019000299D
:10935000F1DC63E10928010030313233343536372E
:109360003839616263646566000000003031323371
:109370003435363738394142434445460000000011
:1093800000F05AF94519761C3078002800D0E2E543
:1093900028461BB0F0BD600700D406271898C01DF2
:1093A000C108C90048680A680831C30FDB07189173
:1093B000190001D09CA108E0210501D59BA104E082
:1093C000E10701D09AA100E09AA1430011985B083F
:1093D000109165280CD006DC452809D046281DD000
:1093E000472841D141E0662818D067283CD13CE0AD
:1093F0000021112F01DB112000E0781C0191009069
:1094000008A911A8FFF7E0FC139905910021119A12
:1094100015927F1C12980197009150E00120C0071F
:1094200003900120019008A9009711A8FFF7CCFC38
:10943000139A149905920022119B00921298159389
:10944000059A0192002901D0104602E0791C4018CB
:109450000190381A01D5019804E04042401E009066
:10946000781C0190C01B029043E0012F00DA012715
:109470000021112F01DD112000E0384601910090FC
:1094800008A911A8FFF7A0FC13990591119A0021D2
:10949000129815920091019721070CD40599B942B1
:1094A00001DB019900E00191012904DD159A491EB3
:1094B000515C302906D0B84201DA011D05DA0121DC
:1094C000029115E00199491EEDE7002805DC00999D
:1094D000411800910199091A03E0019A411C914237
:1094E00000DD01910099401A401C02900120C00744
:1094F0000390200706D402990198814202DB0020E4
:10950000C043029000206946C87707AF0121039845
:109510000337C907884224D0022011902B201290D3
:10952000039800280CDA404203902D20129007E0A7
:109530000A210398F6F7DCFD30317F1E0390397065
:109540001199481E11900029F2DC03980028EFD1F0
:10955000791E129808703078202108404530BF1ECF
:10956000387006A8C01BC01D039010980078002812
:1095700000D00120019941180298C01709180398DA
:1095800009180498401A401E0490E00306D42146AE
:109590001A9B199A049800F05FF845191098007802
:1095A000002803D01A9A199990476D1CE00324D51E
:1095B00021461A9B199A049800F04EF845191CE0B0
:1095C0000098002807DB00990598884203DD15986C
:1095D000405C199901E0199930201A9A9047009837
:1095E0006D1C401C00900298401E0290002804D17F
:1095F0001A9A2E20199990476D1C0199481E0190C6
:109600000029DDDC05E038781A9A7F1C199990470B
:109610006D1C0399481E03900029F4DC21461A9B17
:10962000199A0498ACE600002D0000002B00000001
:109630002000000000000000F8B5044600251E468A
:109640001746880404D405E039462020B0476D1C35
:10965000641EF9D52846F8BDFFB50446002581B043
:109660001E46C80301D5302700E02027880404D512
:1096700005E038460399B0476D1C641EF9D52846AD
:1096800005B0F0BD4A68002A06D00A68531C0B607A
:1096900010704868401E486070470A68531C0B6091
:1096A00010707047F0B50C4601461D224B00D206E3
:1096B0009F18E52605463606620087B02046B74269
:1096C0007DD21D27FF06D719B74278D24F0043003D
:1096D0003E0E1A0EB21A1B2A07DD002902DA75485F
:1096E00007B0F0BD744807B0F0BD1A26F24217DA91
:1096F000002807DA002902DA704807B0F0BD704888
:1097000007B0F0BD21462846F7F727F90446FFF7D2
:10971000FBFA042801D1FFF733FB204607B0F0BD68
:109720009F4211D9002902DA664F674E01E0674F68
:10973000674E23462C461D4601220346D2070846A3
:109740005440504019460BE0002807DA002902DA9D
:10975000604F614E04E0614F614E01E000263746E4
:10976000421A012352001B069A4230D248405D49FA
:109770000BD5BF20000603903846F7F7A9F8074637
:1097800059493046F7F7A4F80AE03F200006039055
:109790003846F7F74CF8074653493046F7F747F88D
:1097A000064628460399F7F79BF82146F7F73FF856
:1097B000009021460398F7F793F8294600E03AE035
:1097C000F7F78AF80099F7F7C8F8044604E021464D
:1097D0002846F7F7C2F804460146F7F781F84349EF
:1097E0000090F7F77DF84249F7F721F80099F7F76D
:1097F00077F84049F7F71BF80099F7F771F83E49F9
:10980000F7F715F80099F7F76BF83C49F7F70FF8F9
:10981000054620460099F7F763F82946F7F760F800
:109820003146F7F704F82146F7F701F83946F6F71D
:10983000FEFF07B0F0BDFF263606B34201D8B242A4
:1098400005D901462846FFF797FA07B0F0BD2F4625
:1098500007437F000AD0B3420CD1B2420AD10122A1
:109860009207904391430D4604462FE7FF22D2050D
:109870001043F9E7B34208D0460006D05340F4D471
:10988000002A08DB9F26F60507E0FF22D2051143D8
:10989000E00FC0071AE75F26F60531462846F7F7BE
:1098A0001FF8054631462046F7F71AF804462946C0
:1098B0000CE70000DB0FC9BFDB0FC93FDB0F49C05E
:1098C000DB0F49400000C9BF22AAFDB90000C93F13
:1098D00022AAFD39000049C022AA7DBA00004940F1
:1098E00022AA7D3A0060ED3EC30ACE372DAD65BD9C
:1098F0008FB8D53D0FB511BE61C84C3EA8AAAABE0F
:1099000030B583B00446FFF743FA054600200090C7
:109910000246019021466846F7F719FB2846FFF7F3
:109920004DFA0199009803B030BD89000818826093
:10993000704770B50446606880470146E07842078A
:1099400002D02288521C2280C309C7228B4212D027
:109950000623D84101235B07C0181A23D841830688
:109960005B0FE070032B08D34006400EC90108438B
:109970001040E07001E01040E070E0780025410701
:10998000490F0B00FFF7B3F90604244F931DB11DD7
:10999000C1094006C00F814214D1A0780007000F12
:1099A000A070A168002901D0204688472580A078B2
:1099B00000090001401CA070E078C008C000401CF5
:1099C000E07070BDA0780007000F8030A07070BDFF
:1099D000C1094006C00F814210D0A0780007000FD7
:1099E0001030A070E168002901D02046884725800A
:1099F000E078C008C000801CE07070BD20884B215A
:109A0000C9008842F9D9A0780007000F5030A07033
:109A1000E169002901D020468847E078C008C000ED
:109A2000401DE07070BDC1094006C00F81421FD1CA
:109A3000A0780007000FA070A168002901D020467F
:109A40008847A0780421C841890640181C21C841D4
:109A50000007000F2030A0702169002901D02046A6
:109A600088472580E078C008C000C01CE07070BD49
:109A700020883C28FBD9A0780007000F012802D0DD
:109A8000022808D00EE03030A0706169002909D0AA
:109A90002046884706E04030A070A169002901D027
:109AA00020468847E078C008C000E07070BDC1095A
:109AB0004006C00F8142F9D0A0780007000F103097
:109AC000A070E168002901D02046884720883C2802
:109AD00006D22580E078C008C000801CE07070BD10
:109AE000E078C008C000E07070BDC1094006C00F3A
:109AF00081420AD1A0780007000F6030A070216A6F
:109B00000029F1D02046884770BDA0780007000FDB
:109B10001030A070E168002901D020468847E07825
:109B2000C008C000E07070BD70B504460D46164612
:109B300028212046F6F7BBFDA0780007000F8030F3
:109B4000A0706560A847C101E0784006400E084358
:109B5000BF210840F107490E0843E07070BD0000C6
:109B6000074B19680A4605E0814202D10020C04334
:109B70007047496A0029F7D1426218600020704797
:109B80004C00002010B50548046803E02046FFF7AC
:109B9000D0FE646A002CF9D110BD00004C000020FA
:109BA00010B50024012204A1F6F7B3FD002800D06F
:109BB0000124204610BD0000520000001CB50246E2
:109BC000002400200090019010230821684600F036
:109BD00039F8082269460448F6F79BFD002800D0B2
:109BE000012420461CBD000063140020FFB583B093
:109BF00016461D46002E07D00398002804D0002DDD
:109C000002D06F008F4202D9002007B0F0BD0020C3
:109C10000190029000240DE0002001900290325D3E
:109C200006A101A8FFF70EF801A90398F6F74AFD6F
:109C3000641CA4B2AC42EFD3B8B2E6E72530325888
:109C40000000000070B50446002C0AD0002A08D09D
:109C5000002B06D0002904D0D80702D1580888422A
:109C600001D9002070BD0025002038E0515D0E466E
:109C7000613E052E03D8C91F090121540CE00E4690
:109C8000413E052E03D8C91F0901215404E0303993
:109C900009290DD8090121546D1CADB2515D0E4644
:109CA000613E052E06D8265C71185739215412E002
:109CB000002070BD0E46413E052E04D8265C71186A
:109CC0003739215407E00E46303E092E0AD8265C6B
:109CD000711830392154401C80B26D1CADB29D42C8
:109CE000C4D370BD002070BDFFB581B007460E46DD
:109CF00014460025002F1AD03846F6F703FD002839
:109D000015D0002E13D03046F6F7FCFC00280ED0FC
:109D100031463846F6F71EFD05E001C46D1C31469C
:109D20000020F6F717FD0028F7D10498056005B06C
:109D3000F0BD70B50E4600250446F6F7E3FCC2B24E
:109D40001AE0002016E021780B46303B092B00D8A2
:109D5000715521780B46413B192B00D8715521785C
:109D60000B46613B192B00D87155641C6D1CEDB27C
:109D7000401CC0B29042E6D320780028E1D170BDEB
:109D8000F3B583B0039800680178002939D00399AE
:109D900049680978002934D003998968097800292D
:109DA0002FD00399C968097800292AD0FFF7A8FDA8
:109DB00006460F46304C0022234630463946F6F719
:109DC00031FFF6F7DBFFF6F7B7FF019100900022B5
:109DD000234601990098F6F7BDFE32463B46F6F75A
:109DE000B1FE0022254BF6F71DFF019B009AF6F706
:109DF000FFFD06460F46039840680078532803D0BD
:109E000005E0012005B0F0BD0120C00747400398E0
:109E10008068FFF775FD04460D460022164B20466C
:109E20002946F6F7FFFEF6F7A9FFF6F785FF019141
:109E300000900022104B01990098F6F78BFE224605
:109E40002B46F6F77FFE00220C4BF6F7EBFE019B4C
:109E5000009AF6F7CDFD04460D460398C0680078D9
:109E6000572801D1C00745400498C7608660049810
:109E7000456104610020C5E70000594000004E40E4
:109E80007047000038B5002100916B46154A16A1B5
:109E9000FFF72AFF0024134D20E0A000285813A14B
:109EA000F6F71CFC002818D0A4002859F6F72AFC65
:109EB000024629590E48F6F7E1FB78210948F6F7E2
:109EC000F6FB6B46074A0BA10948FFF70DFF08494F
:109ED0000448683102F014F838BD641C00988442CC
:109EE000DBDB38BDE813002024000000524D4300A6
:109EF000200600202C000000F3B58FB00C46EF4E7A
:109F00001E20F071EEA10F98F6F7E8FBF24D002845
:109F100024D0182C22D8162C20D3F0A10F98F6F7B5
:109F2000DDFB401CF6F776FC80B201460A39A942F7
:109F30000BD83081EAA1EBA0FDF748F93189EBA0FD
:109F4000FDF744F9F9F750FF03E0F0A1E5A0FDF7B4
:109F50003DF9F0A0FDF73AF911B0F0BDF7A10F9867
:109F6000F6F7BCFB002823D0162C21D8132C1FD3C6
:109F7000DAA10F98F6F7B2FB401CF6F74BFC80B263
:109F800001460A39A9420BD83081F1A1D5A0FDF7CD
:109F90001DF93189EFA0FDF719F9F9F725FF03E065
:109FA000EBA1D0A0FDF712F9F2A0FDF70FF9D3E76E
:109FB000F8A10F98F6F792FBF94F3D463C46403525
:109FC000203400287ED0F7A10F98F6F787FB0028F1
:109FD000F8D0F7A10F98F6F781FB0028F2D078218E
:109FE000F648F6F764FBF6A10F98F6F777FB002129
:109FF0000D9100260DABF14AF5A1FFF775FE0D9806
:10A00000082807D0D2A1B7A0FDF7E0F8F1A0FDF72E
:10A01000DDF8A1E7CEA1B3A0FDF7D8F8F2A0FDF7D7
:10A02000D5F8E648ADA10068F6F758FB0E900E98FB
:10A03000401CF6F767FB002813D00E98401CF6F77B
:10A0400061FB03280DD80E98401CF6F7E3FB7870EF
:10A05000BFA1A4A0FDF7BAF87978E8A0FDF7B6F89B
:10A0600003E0BBA19FA0FDF7B1F8EBA0FDF7AEF8B0
:10A07000D2489AA14068F6F731FB0E900E98401C2A
:10A08000F6F740FB062878D0B1A196A0FDF79EF820
:10A09000E1A0FDF79BF8C94890A18068F6F71EFB88
:10A0A0000E900E98401CF6F72DFB072866D0A8A14D
:10A0B0008CA0FDF78BF8DFA0FDF788F8BF4887A1DB
:10A0C000C06800E0F6E2F6F709FB401C0E900E981F
:10A0D000F6F718FB082874D09DA182A0FDF776F84A
:10A0E000DBA0FDF773F8B5487CA10069F6F7F6FA36
:10A0F000401C0E900E98F6F705FB102871D094A125
:10A1000078A0FDF763F8DAA0FDF760F8AB4873A11B
:10A110004069F6F7E3FA401C0E900E98F6F7F2FA53
:10A1200004287DD08AA16FA0FDF750F8D8A0FDF7D4
:10A130004DF8A24869A18069F6F7D0FA401C0E904C
:10A140000E98F6F7DFFA10286BD081A165A0FDF715
:10A150003DF8D7A0FDF73AF8984860A1C069F6F736
:10A16000BDFA401C0E900E98F6F7CCFA10287DD060
:10A1700077A15CA0FDF72AF801E00CE027E0D4A06D
:10A18000FDF724F8F9F76CFDF9F706FDF9F7EEFD98
:10A19000012028723AE7D6A000680C900E9BD5A249
:10A1A0005B1C03210CA8FEF733FD0CA8F6F732FB6D
:10A1B0007D21C9004843F86465A14AA0FDF706F86F
:10A1C00000E01AE0CCA0F96CFDF700F860E70E980B
:10A1D000D0A1401CF6F782FA002803D00020B87006
:10A1E00002E032E00220B87059A13EA0FCF7EEFF79
:10A1F000B978C9A0FCF7EAFF5DE70E98B9190B31F1
:10A200008019FFF796FD761C082EF6DB34A135A0E9
:10A21000FCF7DCFFB87C797C3A7CFB7B019301E0A6
:10A22000BAE1D9E1029203910490B87B00907B7B64
:10A230003A7BF97CBFA0FCF7C9FF45A129A0FCF738
:10A24000C5FFC8A0FCF7C2FF4AE700260E98B9195F
:10A2500013318019FFF76DFD761C102EF6DB20A15F
:10A2600020A0FCF7B3FFA078617800E0EAE1227853
:10A27000FB7F09930A920B910C90B87F797F3A7F0C
:10A28000FB7E0593069207910890B87E797E3A7E10
:10A29000FB7D0193029203910490B87D00907B7D39
:10A2A0003A7DF97CB548FCF791FF29A10DA0FCF798
:10A2B0008DFFB3A0FCF78AFF25E7000054050020BE
:10A2C000536574205265706F727420496E746572A4
:10A2D00076616C3A00000000960500003A0000002C
:10A2E0004C4F47000A5B25735D00000052656376A2
:10A2F0002055617274205265706F727420496E74BB
:10A30000657276616C203A2025646D004552524F8B
:10A3100052000000526563762055617274205265C8
:10A32000706F727420496E74657276616C20506132
:10A3300072616D204552524F5200000073657444A3
:10A3400061746153796E63506572696F643A00009D
:10A3500041434B007365744461746153796E63507B
:10A360006572696F643A2025646D200D0A204F4B99
:10A37000000000007365744461746153796E63502A
:10A380006572696F6420506172616D204552524F51
:10A39000520000004C6F526157414E506F72740072
:10A3A000601400204C6F526157414E467265710037
:10A3B0004C6F526157414E4A6F696E00E81300209E
:10A3C0004C6F526157414E506F72743A000000005A
:10A3D0002C0000004C6F526157414E2050415241B9
:10A3E0004D204552524F52007365744C6F52615765
:10A3F000414E506172616D204F4B00007365744C8B
:10A400006F526157414E506F72743A202564200D8F
:10A410000A204F4B000000007365744C6F52615767
:10A42000414E506F727420506172616D20455252DE
:10A430004F5200007365744C6F526157414E4A6F22
:10A44000696E20506172616D204552524F5200007A
:10A450007365744C6F526157414E41707045554958
:10A4600020506172616D204552524F520000000031
:10A470007365744C6F526157414E4150504B455972
:10A4800020506172616D204552524F520000000011
:10A490007365744C6F526157414E44455641444474
:10A4A0005220506172616D204552524F520000009F
:10A4B0007365744C6F526157414E415050534B4538
:10A4C0005920506172616D204552524F5200000078
:10A4D0007365744C6F526157414E4E574B534B4509
:10A4E0005920506172616D204552524F5200000058
:10A4F00038363800257300007365744C6F5261570D
:10A50000414E467265713A202564200D0A204F4B5A
:10A5100000000000410000007365744C6F526157E9
:10A52000414E4A6F696E3A202564200D0A204F4B38
:10A53000000000004170704555493A2025303278BE
:10A54000202530327820253032782025303278208E
:10A550002530327820253032782025303278202579
:10A56000303278007365744C6F526157414E4150E0
:10A5700050455549200D0A204F4B0000ACCE000835
:10A580007365744C6F526157414E4150504B455961
:10A59000200D0A204F4B000000260E98B9192331D8
:10A5A0008019FFF7C6FB761C042EF6DBFE49081D5A
:10A5B000FCF70CFEA079009063792279E178FBA08A
:10A5C000FCF704FEF849703108466C38FCF7FEFDD4
:10A5D000FEA0FCF7FBFDA9E500260E98B91927316E
:10A5E0008019FFF7A6FB761C102EF6DBEE49081D3E
:10A5F000FCF7ECFDA07D617D227DE37C09930A924E
:10A600000B910C90A27C617C207CE37B059306ABD4
:10A6100007C3A27B617B207BE37A019302AB07C374
:10A62000A07A0090637A227AE179EE48FCF7CEFDB9
:10A63000DD49703108466C38FCF7C8FDEAA0FCF72C
:10A64000C5FD86E500260E98B91937318019FFF748
:10A6500070FB761C102EF6DBD349081DFCF7B6FD07
:10A66000AA7968792979EB7809930C920A910B9071
:10A67000AA7868782978E37F059308920691079075
:10A68000A27F637F217FE07E039304920291019079
:10A69000A07E0090637E227EE17DD948FCF796FD86
:10A6A000C149703108466C38FCF790FDD5A0FCF725
:10A6B0008DFD61E5D9A10F98F6F710F8002812D0AA
:10A6C000DB4C2078002800D046E4B74970310846BA
:10A6D0006C38FCF77BFDD7A0FCF778FD01202070DB
:10A6E000FFF7CEFB38E4DBA10F98F5F7F7FF002862
:10A6F0007ED0FF212D31DB48F5F7D9FFDA48D94F5D
:10A700008078002875D0D9A13846FEF79BFA3846E4
:10A71000F5F7F8FFD849C0190A78D8A1FEF792FAE0
:10A720003846F5F7EFFF7179C0198907CA0FD8A12C
:10A73000FEF788FA3846F5F7E5FFC0193289D8A147
:10A74000FEF780FA3846F5F7DDFFC019D9A2DBA184
:10A75000FEF778FA3846F5F7D5FFC34EC0198446A0
:10A76000B07A717A327AF379029303920491059068
:10A77000B0797179009101903379F278D3A1604674
:10A78000FEF760FA3846F5F7BDFFC0198446B07C85
:10A79000717C327CF37B0293039204910590B07B31
:10A7A000717B00910190337BF27AD3A16046FEF772
:10A7B00049FA3846F5F7A6FFC0198446A0786178B3
:10A7C0002278F37F0A930B920C910D90B07F717FEA
:10A7D000327FF37E0693079208910990B07E717ED6
:10A7E000327EF37D0293039204910590B17D01E0E6
:10A7F000D0E16AE0707D01910090337DF27CC9491F
:10A800006046FEF71FFA3846F5F77CFFA1796279BA
:10A8100001910092C0192379E278C3A1FEF712FAE0
:10A820003846F5F76FFFA17D627D237DE67C0A96B1
:10A830000B930C920D91A17C627C237CE67B0696A7
:10A84000079308920991A17B627B237BE67A0296AB
:10A85000039304920591A17A627A01910092C01942
:10A86000237AE279B749FEF7EDF93846F5F74AFF62
:10A87000AA796B792979EE780A960C930D920B914F
:10A88000AB7869782A78E57F069509930792089155
:10A89000A17F637F227FE57E029504930392059159
:10A8A000A17E627E01910092C019237EE27DA649BD
:10A8B000FEF7C8F93C49703108466C38FCF786FC55
:10A8C0006849A2A0FCF782FC0CE768A16548FEF786
:10A8D000B9F96448F5F716FF6749C0190A7867A106
:10A8E000FEF7B0F95F48F5F70DFF7179C0198907D8
:10A8F000CA0F67A1FEF7A6F95A48F5F703FFC0197A
:10A90000328967A1FEF79EF95648F5F7FBFEC0199C
:10A910008FA26AA1FEF796F95248F5F7F3FE524D61
:10A92000C019A97A6A7A2B7AEE7902960393049277
:10A930000591A9796A79019100922B79EA7863A14E
:10A94000FEF780F94748F5F7DDFEA97C6A7C2B7C91
:10A95000EE7B0296039304920591A97B6A7B019199
:10A960000092C0192B7BEA7A63A1FEF76BF93D4890
:10A97000F5F7C8FEA17862782378EC7F0A940B93F0
:10A980000C920D91A97F6A7F2B7FEC7E0694079332
:10A9900008920991AB7E6A7E297EEC7D029403AC1D
:10A9A0000EC4C019A97DD7E0E0A200084445564175
:10A9B0004444523A20253032782025303278202500
:10A9C0003032782025303278000000007365744CF6
:10A9D0006F526157414E44455641444452200D0A3E
:10A9E000204F4B0060CF00087365744C6F52615765
:10A9F000414E415050534B4559200D0A204F4B00BA
:10AA000004CF00087365744C6F526157414E4E5726
:10AA10004B534B4559200D0A204F4B007374617204
:10AA200074466163746F727954657374000000003A
:10AA30000C000020646F6F7253656E736F72207329
:10AA400074617274466163746F72795465737420B3
:10AA50004F4B0000676574446576696365537461A4
:10AA600074756500F4030020601400206465766945
:10AA70006365537461746500010000202C62617489
:10AA8000746572795374617475733A2564000000BB
:10AA90002C706F7765725374617475733A25640016
:10AAA0002C6461746153796E63506572696F643AA6
:10AAB00025640000436C6173732043002C4C6F527B
:10AAC0006157414E4A6F696E3A2573002C444556D2
:10AAD0004555493A2530327825303278253032785C
:10AAE000253032782530327825303278253032786A
:10AAF00025303278000000002C4150504555493A2D
:10AB00002530327825303278253032782530327849
:10AB10002530327825303278253032782530327839
:10AB200000000000BCCF00082C444556414444526C
:10AB30003A25303278253032782530327825303257
:10AB40007800000054D0000808D0000825730000E9
:10AB5000436C6173732041006A7D019100922B7DEB
:10AB6000EA7C4A49FEF76EF84948F5F7CBFDC01973
:10AB700048A1FEF767F84648F5F7C4FDC01948A19B
:10AB8000FEF760F84248F5F7BDFDC01947A1FEF792
:10AB900059F88FE648A10F98F5F7A0FD002838D0A6
:10ABA0003EA10F98F5F79AFD401CF5F733FE0D9086
:10ABB000002800D196E5E121C90140180D900DA8AB
:10ABC000F5F7FEFA414A4169414C8B18636101690E
:10ABD0002161C268E2608568A560456865600068BB
:10ABE0002060184602F06CF8A06100F085FB39493E
:10ABF000081DFCF7EBFA6268A168206802900192D8
:10AC00000091226934A0521CE3686169FCF7DEFA06
:10AC100068E53DA10F98F5F761FD002816D01FA14A
:10AC20000F98F5F75BFD401CF5F7F4FDC4B2601E0C
:10AC30000628BFD82749081DFCF7C8FA214635A0C9
:10AC4000FCF7C4FA204601F071FD4BE538A10F98DE
:10AC5000F5F744FD002803D038480121417041E553
:10AC600037A10F98F5F73AFD002803D033490020AB
:10AC7000487037E5174836A1001DFCF7A7FA36A043
:10AC8000FCF7A4FA0A20F0712CE50000BCCF000804
:10AC9000F40300202C444556414444523A0000003D
:10ACA0002C415050534B45593A0000002C4E574B05
:10ACB000534B45593A00000073796E6344657669D9
:10ACC000636554696D657374616D70006C07000095
:10ACD00028070020E0A200085265637620556172C3
:10ACE000742053796E632054696D6520434D442C64
:10ACF000253034642D253032642D253032642D25E5
:10AD0000643A25643A2564007365744770734D6F27
:10AD10006465000052656376205561727420536546
:10AD20007420477073204D6F64653A2025640000DD
:10AD30006B6565704D61696E52756E000C00002088
:10AD40006C656176654D61696E52756E000000003C
:10AD50005741524E000000005561727420496E66E2
:10AD60006F204661696C656420546F205061727376
:10AD70006520446174612100F0B58FB08EA1F5F7B4
:10AD8000ADFC04462046FEF70BFF01281BD0A01C9B
:10AD9000FEF714FF01280FD000200D90002700259A
:10ADA0002C2101A8F5F783FC0EAB01AA83A1204654
:10ADB000FEF79AFF824EF5E082A184A0FCF706FA26
:10ADC00084A0FCF703FA0FB0F0BD78217C48F5F7BA
:10ADD0006EFCB80001A908580DAB794A85A1FEF7B1
:10ADE00083FF002F1AD000247F1CA0003058F5F7F5
:10ADF00011FD0C9080A175A0FCF7E8F97FA00C99DB
:10AE0000FCF7E4F90C980300FDF771FF0DCC1F313E
:10AE10004253647586CC97A7B9CACC000324F06866
:10AE2000F5F7F8FC0C9074A168A0FCF7CFF978A0B6
:10AE30000C99FCF7CBF90C98652803D00D980528E0
:10AE4000C1DBD1E7FDF7B0F8BDE7641CA0003058C6
:10AE5000F5F7E0FC744C208167A15CA0FCF7B6F923
:10AE6000218972A0FCF7B2F9F8F7BEFF9AE0641CE2
:10AE7000A0003058F5F7CEFC6B4C20645EA153A0C7
:10AE8000FCF7A4F971A0216CFCF7A0F9012589E079
:10AE9000641CA0003058F5F7BDFC634C606456A1FB
:10AEA0004AA0FCF793F975A0616CFCF78FF90125B6
:10AEB00078E0641CA0003058F5F7ACFC5A4CA06454
:10AEC0004DA142A0FCF782F978A0A16CFCF77EF9B5
:10AED000012567E0641CA0003058F5F79BFC524C3C
:10AEE000E06445A139A0FCF771F97BA0E16CFCF7A7
:10AEF0006DF9012556E0641CA0003058F5F78AFC76
:10AF0000494C60633CA131A0FCF760F97DA0616B06
:10AF1000FCF75CF9012545E0641CA0003058F5F70A
:10AF200079FC414CA06334A128A0FCF74FF97CA028
:10AF3000A16BFCF74BF9012534E0601C8000305810
:10AF4000F5F768FC384D28632BA120A0FCF73EF9EB
:10AF50007AA0296BFCF73AF90125641CA00030584F
:10AF6000F5F758FC304CA08123A118A0FCF72EF96E
:10AF7000A18979A0FCF72AF9F8F7D6FE12E0641C43
:10AF8000A0003058F5F746FC274CE0631AA10FA04B
:10AF9000FCF71CF979A0E16BFCF718F9012501E039
:10AFA000F8F7D2FC0E98B84200DB0EE7002D00D176
:10AFB00009E7F8F73BFF06E7522C00003B000000D2
:10AFC000E81300204552524F520000000A5B2573DF
:10AFD0005D0000004461746120436865636B204438
:10AFE00065766963652044657645756920455252EA
:10AFF0004F5221002C0000004C4F47004461746107
:10B000002052656376205479706520256400000025
:10B0100044617461204669727374205265637620BE
:10B0200054797065202564005405002044617461E2
:10B030002052656376205265706F727420496E7479
:10B04000657276616C2025640000000044617461C3
:10B0500020526563762054656D70657261747572F7
:10B060006520416C61726D204C6F77205468726569
:10B0700073686F6C64202564000000004461746193
:10B0800020526563762054656D70657261747572C7
:10B090006520416C61726D20486967682054687250
:10B0A0006573686F6C6420256400000044617461FE
:10B0B00020526563762048756D6964697479204112
:10B0C0006C61726D204C6F77205468726573686F85
:10B0D0006C64202564000000446174612052656343
:10B0E000762048756D696469747920416C61726D70
:10B0F0002048696768205468726573686F6C6420C3
:10B1000025640000446174612052656376204261C9
:10B11000747465727920497361626C6520256400DE
:10B12000446174612052656376204D6F76652049D5
:10B130007361626C652025640000000044617461E5
:10B1400020526563762053797374656D204973616D
:10B15000626C65202564000044617461205265635F
:10B160007620475053205265706F727420496E7478
:10B17000657276616C202564000000004461746192
:10B18000205265637620416E676C6520416C617268
:10B190006D205468726573686F6C642025640000CC
:10B1A00070B51F4C00252089002815D1E0880028A3
:10B1B00012D01CA11CA0FCF709F82146FA390E4652
:10B1C0001BA0FCF703F8E1883046FFF7D5FDFF210F
:10B1D0003046F5F76CFAE5801C4CA08900280CD1AC
:10B1E0006189002909D01A480646FEF74BFE19214D
:10B1F00049013046F5F75BFA6581164C2089002835
:10B200000CD1E188002909D02046FA380646FEF71D
:10B2100073FEFF213046F5F74AFAE58070BD000065
:10B22000CC0D00204C4F47000A5B25735D000000E9
:10B23000526563762055617274204C6F526157419C
:10B240004E20446174613A20257300006013002091
:10B250004A100020D60F002010B50121C903024872
:10B26000F9F740FB10BD00000004005070B5002449
:10B270007D25ED002846FCF723FBFFF7EDFF0028B6
:10B2800001D0002070BD641C1E2CF3DB012070BDBA
:10B2900010B5012189030248F9F724FB10BD000015
:10B2A0000004005070B500247D25ED0000F00CF87E
:10B2B000002801D0002070BD2846FCF701FB641C6B
:10B2C000062CF3DB012070BD10B501210520C90259
:10B2D0000007F9F707FB10BD10B501210520090390
:10B2E0000007F9F7FFFA10BD10B50520012100078E
:10B2F000F9F7F8FA10BD000000B58BB02C216846B4
:10B30000F5F7D5F90E480F4A416989180591016989
:10B310000491C168039181680291416801910168BB
:10B32000009180690690D01208906846F4F78AFF71
:10B33000E121C901401A044908600BB000BD0000BA
:10B340002807002094F8FFFF400000207CB5054648
:10B3500000246E46204628303119C0B200F0E6FCC9
:10B36000641CE4B2062CF5D369460020085E001187
:10B3700028800220085E001168800420085E001109
:10B38000A8807CBD01488068704700002C00002028
:10B3900070B504460E46002C09D00025F4F702FFD4
:10B3A0000068615D415C202903D0022070BD01204E
:10B3B00070BD6D1C062DF4D3A079002801D00320A8
:10B3C00070BD20790A22303861795043303808182E
:10B3D000A1780A233039E27859433039521821785C
:10B3E0000A25303963786943303959187D231B01A8
:10B3F000C0181D4B5861521E1A61D96041235B0170
:10B40000984200DB64380C2A09D318A119A0FBF775
:10B41000DDFE214619A0FBF7D9FE042070BD4B1EAE
:10B420001F2B09D311A113A0FBF7D0FE21461BA0AF
:10B43000FBF7CCFE052070BD204BC0187061326157
:10B44000F1603046F4F7FEFE1D490860E122D201AA
:10B450003146801801F084F9184970694942401852
:10B460007061002070BD0000540700205741524E0B
:10B47000000000000A5B25735D0000006770735FC9
:10B4800064646D6D7979282573292C206D616C6653
:10B490006F726D6564206D6F6E7468006770735FA6
:10B4A00064646D6D7979282573292C206D616C6633
:10B4B0006F726D65642064617900000094F8FFFF8D
:10B4C0004000002070B504460E46002C11D0002527
:10B4D000F4F768FE0068615D415C20290BD017A17C
:10B4E00018A0FBF773FE214618A0FBF76FFE0220A1
:10B4F00070BD012070BD6D1C062DECDB20780A228A
:10B5000030386178504330380818B060A1780A2389
:10B510003039E278594330395118716021796279B4
:10B52000303959433039511831601049886070689A
:10B53000486030680860002070BD00005741524EDE
:10B54000000000000A5B25735D0000006770735FF8
:10B5500068686D6D7373282573292C206D616C6686
:10B560006F726D65642074696D650000540700207A
:10B57000F0B599B014210BA8F5F799F8F248F34EFD
:10B580004579E80601D40020B065EF48B16D4079F7
:10B59000DF22EF4F1040EF4C0B00FDF7A8FB070533
:10B5A00013F5F0EFEEED1100002020706060E74829
:10B5B00012211838F5F77BF8E80601D50120B065AF
:10B5C00019B0F0BDA9060BD5DF49487100202070E5
:10B5D00060700021B161F16131627162B162F1624A
:10B5E000FFF7D0FE61688842EAD3FFF7CBFE143044
:10B5F00060600BA8FFF7AAFE6A462C20105EF5F7E4
:10B6000089FB3060054617906A462E20105EF5F7DC
:10B6100081FBB060074616906A463020105EF5F751
:10B6200079FB30611590149028467168F5F750F950
:10B63000F5F7E6FB49004908F5F71EFC0990384686
:10B64000F168F5F745F9F5F7DBFB49004908F5F72F
:10B6500013FC054671691498F5F73AF9F5F7D0FB34
:10B6600049004908F5F708FC0146BB4A0998904291
:10B6700003DC954201DC91420DDD0021B161F161F5
:10B6800031627162B162F162002020706070B3A01B
:10B69000FBF79CFD24E0BB4F17983946F5F75DF9A1
:10B6A000F5F7AEFBF369B269F5F7A2F9F161B061A4
:10B6B00039461698F5F751F9F5F7A2FB736A326A25
:10B6C000F5F796F97162306239461598F5F745F944
:10B6D000F5F796FBF36AB26AF5F78AF9F162B062A0
:10B6E00030687060B068F060306970612078401C2C
:10B6F000C0B2207019283AD3002121706078401C14
:10B70000C0B260700A2832D361709F4F00223B465E
:10B71000F169B069F5F786FA716304460D46306346
:10B7200000223B46716A306AF5F77CFAF163B06338
:10B730001391129000223B46F16AB06AF5F772FA53
:10B74000716430640222B2650022B261F261326239
:10B7500072620023B362F36203910290129813990C
:10B76000009022462B4601918848FBF72FFD764832
:10B77000C179032905D323E76FE15DE042E23CE2B2
:10B7800002E00321C1711BE70BA8FFF7DFFD69464B
:10B790003020085EF5F7BEFA044669462C20085EA4
:10B7A000F5F7B8FA2146FDF77DFFF5F729FB784C50
:10B7B0003A462346F5F7CEF9F5F75EFB0A906A465E
:10B7C0003020105EF5F7A6FA05466A462E20105E78
:10B7D0004042F5F79FFA2946FDF764FFF5F710FBA5
:10B7E0003A462346F5F7B6F9F5F746FB0746694CA6
:10B7F0000A98A04204D368490A98F5F718F80A9005
:10B80000A74204D364493846F5F711F8074638468D
:10B81000F5F7F6FA04460D460A98F5F7F1FA0246EE
:10B820000B465EA001950094FBF7D0FC0A98B0642B
:10B8300037650320B065C3E6FFF7A4FD6168884261
:10B84000A1D3FFF79FFD4349143048600BA8FFF7D1
:10B850007DFD69462C20085EF5F75CFA4949F5F74D
:10B860007CF8F5F7CDFA394B9A69DB69F5F7C0F842
:10B87000364A0646D1610F4690616C462E20205E06
:10B88000F5F748FA3F49F5F768F8F5F7B9FA2F4B9D
:10B890001A6A5B6AF5F7ACF82C4A51621062119192
:10B8A00010906D463020285EF5F734FA3549F5F7EB
:10B8B00054F8F5F7A5FA254B9A6ADB6AF5F798F87C
:10B8C000224A0446D1620D469062224821490078FE
:10B8D000401CC0B20870192835D3002008701046EB
:10B8E000436B026B30463946F5F726F949004908A3
:10B8F000F5F7C2FA099015481199C36B826B10983D
:10B90000F5F71AF949004908F5F7B6FA08900F4813
:10B910002946436C026C2046F5F70EF949004908A8
:10B92000F5F7AAFA07900798F5F76AFA04460D4664
:10B930000898F5F765FA06460F460998F5F760FA94
:10B9400002460B463CE081E05405002088130020AD
:10B9500000C2631A50000020000040420D0A4465F6
:10B9600076696365206D6F766520746F6F206C61FA
:10B97000726765722C207761697420737461626CE0
:10B98000650A00000000C841000024407CD1000886
:10B99000DCA54C4000008080000034430D0A6F6C31
:10B9A0006420726F6C6C3A252E32662C206F6C64AA
:10B9B0002070697463683A252E32660A0000000020
:10B9C0009AA00197009603950294FBF7FFFBA74905
:10B9D00009980627884220DC089888421DDCA44983
:10B9E0000798884219DCA34D0020A861E861002176
:10B9F00029626962A962E9629F4C00266670A1789B
:10BA0000481CA0709DA0FBF7E1FBA07814281DD373
:10BA1000A670AF65A0488676D2E59648002282617E
:10BA2000C261026242628262C262934A00239370E0
:10BA30005178491CC9B25170072907D353708765E3
:10BA400095480121817695A0FBF7C0FB9249C87902
:10BA50000328E1D20320C871B2E50BA8FFF776FCFA
:10BA600069463020085EF5F755F9044669462C20F2
:10BA7000085EF5F74FF92146FDF714FEF5F7C0F91A
:10BA80008C4C3A462346F5F765F8F5F7F5F90A9038
:10BA90006A463020105EF5F73DF9054669462E20CE
:10BAA000085E4042F5F736F92946FDF7FBFDF5F74C
:10BAB000A7F93A462346F5F74DF8F5F7DDF90746BD
:10BAC0007D4C0A98A04204D37C490A98F4F7AFFE53
:10BAD0000A90A74204D379493846F4F7A8FE0746EE
:10BAE0003846F5F78DF904460D460A98F5F788F9BA
:10BAF00002460B4672A001950094FBF767FB0A987B
:10BB0000F06477650120B0650020B061F06100212C
:10BB100031627162B162F1623846316DF4F7D8FE7C
:10BB2000F5F76EF96F4C4900490800222346F5F7F6
:10BB30008FF90CD2316D706DF4F7CAFEF5F760F92C
:10BB4000490049080022684BF5F76EF91DD3B16C26
:10BB5000F06CF4F7BDFEF5F753F9490049080022EF
:10BB60002346F5F775F90CD2B16CF06CF4F7B0FE22
:10BB7000F5F746F94900490800225B4BF5F754F9FF
:10BB800003D34548807E002834D058A158A0FBF745
:10BB90001DFB3848406DF5F733F9044635480D462E
:10BBA000006DF5F72DF9064632480F46C06CF5F7E3
:10BBB00027F908902F480991806CF5F721F9364A4A
:10BBC000927E0692039705950494089A099B009229
:10BBD0000193024602960B464748FBF7F7FA2E48B8
:10BBE0004021407908432C49487144484449006841
:10BBF0000860E5E40420B065E2E4A806F9D5012078
:10BC0000B065DDE42449AA06F3D548710520B06586
:10BC10000021B161F16131627162B162F1620020B3
:10BC20002070607037A0FBF7D1FAC9E40D0A6D6F80
:10BC300076652078206F66667365743A252E3266C5
:10BC40002C206D6F76652079206F66667365743A77
:10BC5000252E32662C206D6F7665207A206F666601
:10BC60007365743A252E32660A00000000004842CF
:10BC70000000A04288130020500000200D0A4465F7
:10BC800076696365206D6F766520746F6F20736DC4
:10BC9000616C6C2025640A00540500200D0A44657F
:10BCA0007669636520486173204D6F766564212154
:10BCB000210A0000DCA54C400000808000003443D5
:10BCC0000D0A6E657720726F6C6C3A252E32662CE9
:10BCD000206E65772070697463683A252E32660A93
:10BCE0000000000000003940006063404C4F4700F6
:10BCF0000A5B25735D000000C4D1000840000020ED
:10BD0000100000200D0A20416363207374616E648B
:10BD1000627920746F20616363206D6F76652063A4
:10BD20006865636B206576656E740000F8B50C4637
:10BD300080221043009005252D070022102128465F
:10BD4000F8F7D7FDFF26F536334601226946084845
:10BD5000FAF74AFA3346012221460548FAF79CF9D8
:10BD6000012210212846F8F7C4FD0120F8BD00008B
:10BD70001C03002038B54006400E6A461070517012
:10BD800005242407002210212046F8F7B2FDFF23E6
:10BD9000F533022269460548FAF726FA01221021F6
:10BDA0002046F8F7A6FD012038BD00001C03002046
:10BDB00000B597B02C210CA8F4F779FC2C2101A830
:10BDC000F4F775FC0F48006800900F49096881423C
:10BDD00004D20E480078C00700D10091E1210098FC
:10BDE000C9014018009001A96846F4F7F1F90398D9
:10BDF0000E9002980D9001980C900CA8FBF72AFF6A
:10BE000017B000BD10000020A0000020601400202A
:10BE1000F9F71AF8FCF72EFA7D200421C000FCF790
:10BE200053FBFBF7ADFDFBF773FEFBF7BBFEFBF728
:10BE3000E1FEFBF795FEFBF741FEFBF761FDFF20FE
:10BE40003221F530F6F782FEF7F770FBF6F77AFF4E
:10BE500000F020FFF5F746FCFBF73EFAFBF70AFA85
:10BE600000F00AFDFBF772FBF6F7FEFEFFF798F90C
:10BE7000FFF77EFBF4E7000010B5002301782429CA
:10BE800001D0212903D1401C01E04B40401C017826
:10BE90002A2901D00029F8D12A210170401C02A2D0
:10BEA0000521FCF7B5FE10BD253032580D0A000003
:10BEB00070B504462046383064220546F4F76EFC1F
:10BEC0003820005D24280ED064220BA12846F4F708
:10BED0007EFC2846F4F716FC8034E06181B22846E7
:10BEE000F7F7C2FF70BD642204A12846F4F76FFC87
:10BEF0002846FFF7C1FFECE70D0A00002A0000000A
:10BF0000F0B58BB005460C46A8680078412804D0EF
:10BF1000442802D00020606094E06868017800291D
:10BF200036D0696A0978002932D06946FFF7CAFA23
:10BF300000282DD16946686AFFF72AFA002827D120
:10BF4000424E0298B0600198706000983060039A89
:10BF5000F260049931610598706100F0B1FEB06142
:10BF60003B4F3C4E38687060FFF7C6F9386871681F
:10BF7000394A411A91420BD938493C230A895A431C
:10BF8000374B12181A6089893C2251430818F06017
:10BF9000284621460C30FDF7F3FE0146012000291A
:10BFA00037D02060E8690178002907D0FDF7A8FCA8
:10BFB0002C4A2D4BF4F7CEFD61622062286A01788D
:10BFC000002903D0FDF79CFCE161A061A86A01781B
:10BFD000002937D0E96A0978002933D0FDF790FCB1
:10BFE00061632063EA6A1278452A05D0572A14D083
:10BFF00000211E4821636063636B226B09930892E2
:10C0000009980121000D40054905C8420BD00120C7
:10C010000AE0022121606060C4E70122D20751409A
:10C0200061632063E8E70020002807D0590010462C
:10C0300049080F4A0F4BF4F7F7FE03D800210B48CD
:10C040002163606300200BB0F0BD000028070020D2
:10C05000400000201C0000208051010054050020F9
:10C0600010000020CF16AD2F5476E03F0000F87F7F
:10C070000AD7A3703D0AB73F70B5FF2405250134E8
:10C080002D07002221462846F8F733FC0520FBF750
:10C0900017FC012221462846F8F72BFCC820FBF7A5
:10C0A0000FFC0348017849084900017070BD000089
:10C0B0006014002070B50446FFF7EAF8012802D1A9
:10C0C000002000F019FBFFF707F9002802D101203A
:10C0D00000F020FBFFF7C0F80028FBD01420F8F791
:10C0E000BBF936A136A0FBF771F8214636A0FBF765
:10C0F0006DF82046FBF7E8FBF5F7F4FAFFF7B6F822
:10C10000002806D035A12EA0FBF760F835A0FBF77C
:10C110005DF8FFF7C7F8394D002400283AD02FA169
:10C1200027A0FBF753F8364936A0FBF74FF8344801
:10C13000F4F7E8FA032806D93148F4F7E3FAC1B274
:10C140002F48F7F79FFCA879401CC0B2A8710528BA
:10C1500018D3AC71394801784908490001700221AF
:10C160004030C17104723648E1210068C900354D84
:10C170004018286011A112A0FBF728F832A0296806
:10C18000FBF724F8FF213848F4F791FA3648FA30E3
:10C19000C48070BDAC7109A109A0FBF717F833A0EA
:10C1A000FBF714F830483749801F81803648374AFA
:10C1B00041889142EDD30121418070BD4C4F470031
:10C1C0000A5B25735D0000004C6F52612053656E61
:10C1D00064446174613A2025730000005741524E57
:10C1E0000000000057616974204275737920494F3F
:10C1F0002054696D656F75740000000054050020BF
:10C20000200500204C6F52612053656E64446174B8
:10C2100061204661696C2C20577269746520436106
:10C22000636865204461746520546F204545505211
:10C230004F4D3A2025730D0A0000000060140020C5
:10C2400040000020A00000205570646174652052F9
:10C2500065636F6E6E6563742054696D6573746198
:10C260006D703A20256C6400D20C00204C6F526136
:10C270002053656E64446174612053756363657314
:10C2800073000000881300000C000020FFFF000076
:10C29000F0B5B1B0054698210BA8F4F708FA0024D0
:10C2A0000794089409940A940494059406943221FE
:10C2B000DD48F4F7FCF90823DC4A102107A8FDF754
:10C2C00095FCDBA10BA8F4F7FDF9102207A90BA838
:10C2D000F4F72CFAD7A10BA8F4F7F4F92822D6A189
:10C2E00004A8FCF7AFFC04A90BA8F4F7EBF9D348BA
:10C2F0004288511C4180D0A104A8FCF7A3FC04A9EA
:10C300000BA8F4F7DFF9CE4E062D10D006DC2B007B
:10C31000FCF7EDFC068C94949494948C072DF4D047
:10C32000082DF2D0C74F152D02D0162D7ED185E0F5
:10C330001522C1A104A8FCF785FC04A90BA8F4F7F9
:10C34000C1F90022134679693869F4F76DFD06D00A
:10C3500000221346F968B868F4F766FD08D1BAA15F
:10C360000BA8F4F7AFF9B8A1AF48F4F7ABF94CE07C
:10C37000796938694D0000226D0804461346F4F7C8
:10C3800053FD01D0B2A200E0B2A2B3A104A801956E
:10C390000094FCF757FC04A90BA8F4F793F904A93F
:10C3A000A148F4F78FF9F968B8684D0000226D08CC
:10C3B00004461346F4F738FD01D0A9A200E0A9A273
:10C3C000A5A104A801950094FCF73CFC04A90BA8C6
:10C3D000F4F778F904A99448F4F774F9A2486D4683
:10C3E000C16844680368826816C50393036942699B
:10C3F0005B1C9EA104A8FCF725FC04A90BA8F4F77C
:10C4000061F904A98848F4F75DF9F069F4F782FC52
:10C410009E49F4F7A2FAF4F7F3FC02460B469CA1FE
:10C4200004A8FCF70FFC04A90BA800E0E2E0F4F775
:10C4300049F904A97C48F4F745F9DBE001227EA123
:10C4400004A8FCF7FFFB944F3878F4F76EFC93498F
:10C45000F4F783FAF4F7D4FC914A924BF4F7C8FA54
:10C46000F4F70AFD0546B07E002808D0B06B00281E
:10C4700005D0072270A104A8FCF7E4FB3EE0307C65
:10C48000002805D008226CA104A8FCF7DBFB35E0EE
:10C49000854B7D221969F069D2005143884205DA43
:10C4A000022265A104A8FCF7CDFB27E05A697D2391
:10C4B000DB005A43904205DD02225FA104A8FCF78D
:10C4C000C1FB1BE0306A884205DA04225AA104A8A5
:10C4D000FCF7B8FB12E0904205DD052256A104A846
:10C4E000FCF7B0FB0AE0706B002807D06F4885426C
:10C4F00004DC062250A104A8FCF7A4FB04A90BA8A5
:10C50000F4F7E0F8307C002805D1B07E002802D195
:10C510003878142802D20120707600E07476727E9A
:10C5200045A104A8FCF78EFB04A90BA8F4F7CAF8F0
:10C5300004A93D48F4F7C6F8F069F4F7EBFB534F54
:10C540003946F4F70AFAF4F75BFC02460B4658A1A9
:10C5500004A8FCF777FB04A90BA8F4F7B3F804A927
:10C560003148F4F7AFF8306AF4F7D4FB3946F4F702
:10C57000F4F9F4F745FC02460B464DA104A8FCF77C
:10C5800061FB04A90BA8F4F79DF804A92648F4F769
:10C5900099F8B06B002806D0B27E27A104A8FCF75A
:10C5A00051FBB47604E044A244A104A8FCF74AFB82
:10C5B00004A90BA8F4F786F804A91B48F4F782F83D
:10C5C000706B002809D02846F4F71AFC02460B4687
:10C5D0002FA104A8FCF736FB04E037A238A104A879
:10C5E000FCF730FB04A90BA8F4F76CF804A90E487B
:10C5F000F4F768F80D48C01E0078C00704D00BA8F7
:10C60000FFF758FD31B0F0BD2EA130A0FAF7DEFDE6
:10C61000054930A0FAF7DAFD0348F4F773F8C1B220
:10C620000148F7F72FFAEDE72005002063140020FA
:10C63000542C53312C00000025642C000C000020E9
:10C6400054050020880600202A2C2A2C2A2C0000C1
:10C6500045000000570000002573256C662C000083
:10C660004E000000530000005407002025642E25D2
:10C670003032642E2530326420253032643A253041
:10C6800032643A253032642C0000000000007A4405
:10C69000252E316600000000010000200000C84285
:10C6A000CDCCCCCCCCCC0440D805002033333340A7
:10C6B000252E31662C0000002A00000025732C0076
:10C6C000257300005741524E000000000A5B25739D
:10C6D0005D000000577269746520436163686520DE
:10C6E0004461746520546F20454550524F4D3A20A7
:10C6F00025730D0A0000000010B5024601218903D0
:10C700000348F8F7F6F80520FBF7DAF810BD00004B
:10C710000004005010B5024601210520090300075E
:10C72000F8F7E7F80520FBF7CBF810BD1FB507A118
:10C730000A461CCAC96802940193009203913030E2
:10C74000694608720548FFF7B3FB1FBD24504341FB
:10C750005330342C332A31410D0A00008806002062
:10C7600033B587B00C4607A8F3F72AFD0546182114
:10C7700001A8F3F79CFF2B4612A2182101A8F3F79A
:10C78000CAFD01A8F4F746F813494018606102A8F1
:10C790000130F4F73FF8401E206103A8F4F73AF89F
:10C7A000E06003A80330F4F735F8A06004A8023075
:10C7B000F4F730F8606005A80130F4F72BF820603A
:10C7C00009B030BD25592D256D2D25642025483A09
:10C7D000254D3A255300000094F8FFFF10B58AB0AC
:10C7E000002204A91D48F9F7F1F8002209A91B4805
:10C7F000F9F7CAF808ABD8797D210901184C40181F
:10C8000060615979491E21619A79521CE2601B7955
:10C810005B1EA3616B461B7CA3606B465B7C636005
:10C820006B469B7C236000F04BFAA061FEF764FD31
:10C830000CA10DA0FAF7CAFC0D48626803682168D4
:10C84000A068009003930192029122690948521C4A
:10C85000E3686169FAF7BAFC0AB010BDF80200207B
:10C86000280700204C4F47000A5B25735D0000003D
:10C870004000002038D10008F0B589B0FEF782FDF5
:10C88000A94C216888427DD3FEF77CFDFF30F5304E
:10C890002060A64FA64E7879A64DC106002972DA0F
:10C8A000317800290BD000213170EF2108407871D8
:10C8B0003221A148F6F74AF9FAF70EFDDDE09F486C
:10C8C000808800285ED1F87900285BD19C480078E8
:10C8D000002857D19B480078002853D1954840380C
:10C8E0000078C00702D03879C00905D0E87902285D
:10C8F00048D1287A002845D1934E0420B06593A1F1
:10C9000093A0FAF763FC306DF4F77AFA04460D460B
:10C91000B06CF4F775FA04AA33C2716C306C0391F1
:10C920000290F16BB06B009001918B48736B326B8E
:10C93000FAF74CFCFFF73CFA84A185A0FAF746FC15
:10C9400086480368864802688648016886A0FAF728
:10C950003DFC7EA17EA0FAF739FC93A0FAF736FCE5
:10C96000387940210843DF252840EF2420403871E2
:10C970000020FFF7CFFE1420F7F76EFD9248F9F77D
:10C980001BFE01E043E044E09048FAF716F99048B6
:10C99000F9F7A2FA8F48F8F715F88F48F7F720FB58
:10C9A00001210846F8F7F0FA1420F7F755FD7D202D
:10C9B0000421C000FBF788FDFBF7AAF8FBF7F2F8AB
:10C9C000FBF718F9FBF7CCF8FBF778F8FAF798FFC4
:10C9D000FFF704FF3879C10601D4810617D5C106D7
:10C9E00008D52040387159A159A0FAF7EFFB7BA078
:10C9F000FAF7ECFB3879800609D554A154A0FAF770
:10CA0000E5FB7CA0FAF7E2FB38792840387109B0E1
:10CA1000F0BDFEF769FC01282FD10024FEF764FC6D
:10CA2000002823D06420F7F717FD641C1E2CF5DBCB
:10CA300046A147A0FAF7CAFB75A0FAF7C7FB7879B9
:10CA40001021084378717D203221C000F6F77EF86E
:10CA5000FF20F530F7F700FDFEF746FC0028FBD17C
:10CA60003070FAF707FC01202872D0E737A138A010
:10CA7000FAF7ACFB6DA0FAF7A9FB1420F7F7ECFC72
:10CA800032A133A0FAF7A2FB71A0FAF79FFBFAF7E5
:10CA9000F1FB764C002220212046F7F72AFF0121E6
:10CAA000002209032046F7F724FF01210022490351
:10CAB0002046F7F71EFF0020FFF72CFE1420F7F7A3
:10CAC000CBFC4148F9F778FD4048FAF776F868481A
:10CAD000FAF773F83E48F9F7FFF93E48F7F772FFA7
:10CAE0003D48F7F77DFA01210846F8F74DFA142082
:10CAF000F7F7B2FCFBF77EF8FBF70AF8FBF752F802
:10CB00007D200421C000FBF7DFFCFBF729F8FAF7D2
:10CB1000D5FFFAF7F5FE0DA10DA0FAF757FB55A0CA
:10CB2000FAF754FB75E700001400002054050020BC
:10CB30001A000020A0140020B80B0000CC0C00202C
:10CB40000C0000200D000020881300204C4F4700EF
:10CB50000A5B25735D000000A0D0000840000020A3
:10CB600028000020100000204E6578742054656D68
:10CB7000706572617475726520436F766572743A80
:10CB80002025642C204E6578742047707320436FF5
:10CB9000766572743A2025642C2054696D65204EA8
:10CBA0006F773A20256400003E3E3E3E3E3E456E95
:10CBB00074657220536C656570204D6F64653C3CF4
:10CBC0003C3C3C3C00000000B40300206C01002011
:10CBD0001C03002020010020C40000204465766969
:10CBE00063652057616B652055702046726F6D201C
:10CBF000525443004465766963652057616B652034
:10CC000055702046726F6D20455854490000000051
:10CC10003E3E3E3E3E3E204F50454E2044657669A6
:10CC20006365203C3C3C3C3C3C0000003E3E3E3EBC
:10CC30003E3E20547279204F70656E2044657669BF
:10CC40006365204661696C203C3C3C3C3C3C0000F8
:10CC50003E3E3E3E3E3E204F46462044657669635A
:10CC600065203C3C3C3C3C3C000000000004005083
:10CC7000740200203E3E3E3E3E3E2057616B6520E2
:10CC8000555020446576696365203C3C3C3C3C3C07
:10CC90000000000010B5094C0748606100212161C7
:10CCA0000122E260A1606160216000F009F8A061EA
:10CCB000FEF722FB10BD0000E60700002807002059
:10CCC000F8B50C461746022C01DC401E0C346421DA
:10CCD000F3F724FA05460E46641C0D206043052137
:10CCE000F3F71CFAE9170246890F4819801069000A
:10CCF000401AF3179B0F99198019891040181018C2
:10CD0000C019401E0721F3F709FA0846F8BD0000D4
:10CD10001F0000001C0000001F0000001E0000009B
:10CD20001F0000001E0000001F0000001F00000088
:10CD30001E0000001F0000001E0000001F00000079
:10CD400000000000000000000102030406070809BB
:10CD5000030406080C101820300000000001020334
:10CD600004000000200000000000000000404040DF
:10CD700040404040404041414141414040404040AE
:10CD8000404040404040404040404040400502025A
:10CD90000202020202020202020202020220202019
:10CDA0002020202020202002020202020202909075
:10CDB0009090909010101010101010101010101073
:10CDC00010101010101010100202020202028888C7
:10CDD00088888888080808080808080808080808D3
:10CDE00008080808080808080202020240000000BB
:10CDF0006DCD00081F1D1F1E1F1E1F1F1E1F1E1F83
:10CE00001F1C1F1E1F1E1F1F1E1F1E1F4A616E7527
:10CE1000617279004665627275617279004D617266
:10CE2000636800417072696C004D6179004A756EEB
:10CE300065004A756C7900417567757374005365B8
:10CE40007074656D626572004F63746F6265720025
:10CE50004E6F76656D62657200446563656D6265EF
:10CE6000720000004E6578742054656D70657261C3
:10CE70007475726520416E642054616D7065722016
:10CE8000436F6E766572742054696D657374616D5D
:10CE9000703A2025642C204E6F772054696D65739D
:10CEA00074616D703A202564000000004150504BC1
:10CEB00045593A20253032782025303278202530E7
:10CEC00032782025303278202530327820253032D3
:10CED000782025303278202530327820253032787D
:10CEE00020253032782025303278202530327820C5
:10CEF00025303278202530327820253032782025B0
:10CF0000303278004E574B534B45593A202530323A
:10CF1000782025303278202530327820253032783C
:10CF20002025303278202530327820253032782084
:10CF3000253032782025303278202530327820256F
:10CF40003032782025303278202530327820253054
:10CF500032782025303278202530327800000000E9
:10CF6000415050534B45593A2025303278202530D6
:10CF70003278202530327820253032782025303222
:10CF800078202530327820253032782025303278CC
:10CF90002025303278202530327820253032782014
:10CFA00025303278202530327820253032782025FF
:10CFB0003032782025303278000000002C4150506B
:10CFC0004B45593A25303278253032782530327841
:10CFD0002530327825303278253032782530327855
:10CFE0002530327825303278253032782530327845
:10CFF0002530327825303278253032782530327835
:10D0000025303278000000002C4E574B534B4559C9
:10D010003A25303278253032782530327825303252
:10D020007825303278253032782530327825303204
:10D0300078253032782530327825303278253032F4
:10D0400078253032782530327825303278253032E4
:10D05000780000002C415050534B45593A2530324E
:10D0600078253032782530327825303278253032C4
:10D0700078253032782530327825303278253032B4
:10D0800078253032782530327825303278253032A4
:10D09000782530327825303278253032780000001B
:10D0A00043757272656E742078206F66667365745E
:10D0B0003A252E32662C2079206F66667365743AA5
:10D0C000252E32662C207A206F66667365743A25A9
:10D0D0002E32662C20726F6C6C3A252E32662C2014
:10D0E00070697463683A252E326600004E65787464
:10D0F0002057616B652055702054696D653A202575
:10D100003032643A253032643A253032642C20546F
:10D11000696D65204E6F773A20253034642D2530B7
:10D1200032642D253032643A253032643A2530326B
:10D13000643A25303264000052746320546F2053E7
:10D14000797374696D65204E6F77203A25303464A9
:10D150002D253032642D253032643A253032643A40
:10D16000253032643A25303264202C2054696D65B4
:10D170007374616D70203A256C6400000D0A63754C
:10D180007272656E742078206F66667365743A25D6
:10D190002E32662C2063757272656E742079206F52
:10D1A00066667365743A252E32662C20637572723A
:10D1B000656E74207A206F66667365743A252E3228
:10D1C000660A000057616B652075702066726F6D8E
:10D1D000206C697332646831322C206F6C64207269
:10D1E0006F6C6C3A20252E32662C206E657720728B
:10D1F0006F6C6C3A20252E32662C206F6C64207088
:10D20000697463683A20252E32662C206E6577207B
:10D2100070697463683A20252E32662C206D6F7613
:10D22000652073746174653A2025640041542B4174
:10D2300050504B45593D20253032782025303278EA
:10D240002025303278202530327820253032782061
:10D25000253032782025303278202530327820254C
:10D260003032782025303278202530327820253031
:10D27000327820253032782025303278202530321F
:10D280007820253032782C30000000000D0A4170E3
:10D29000704B65793A253032782530327825303236
:10D2A0007825303278253032782530327825303282
:10D2B0007825303278253032782530327825303272
:10D2C0007825303278253032782530327825303262
:10D2D00078253032780D0A00F8D2000800000020CE
:10D2E000C40000009C8D0008BCD30008C4000020CE
:10D2F0007C1C0000AC8D00086400000000000000F1
:10D30000000000000000000000000000000000001D
:10D31000000000000000000000000000000000000D
:10D3200000000000000000000000000000000000FD
:10D3300000000000000000000000000000000000ED
:10D3400000002000000000000000000000000000BD
:10D35000083FBC00650000012D35C7963275D743E4
:10D36000B4E73BEA91681A3BFFFFFEA72D35C7964D
:10D370003275D743B4E73BEA91681A3B2D35C7961F
:10D380003275D743B4E73BEA91681A3B00000000CE
:10D39000000000000000000000000000000000008D
:10D3A0000000000000000000010000000400000078
:0CD3B00000000000000000000000000071
:04000005080000D51A
:00000001FF
