:020000040800F2
:10000000381D0020D90000088D7D0008B56F00085C
:1000100000000000000000000000000000000000E0
:10002000000000000000000000000000E180000867
:100030000000000000000000E7000008E9000008E0
:10004000EB000008EB0000081D7F0008EB00000833
:10005000EB0000085D300008EB000008EB00000832
:1000600000000000EB000008EB000008EB000008B7
:10007000EB000008EB00000800000000E585000828
:1000800000000000F58500080000000000000000EE
:10009000D585000800000000EB000008EB00000818
:1000A000EB000008EB000008EB0000089D8C000846
:1000B000F18C0008FD720008000000000000000044
:1000C0000448854601F076F800480047A9BF0008BB
:1000D000C046C046381D00200448804704480047F9
:1000E000FEE7FEE7FEE7FEE7FEE7FEE759840008CD
:1000F000C100000830B50B46014600202022012433
:1001000009E00D46D5409D4205D31D469540491B4B
:100110002546954040191546521E002DF1DC30BD94
:1001200070B500242546002801DA01244042002948
:1001300001DA01254942FFF7DDFFAC4200D0404221
:10014000002C00D0494270BDF0B51FB40646002017
:1001500082B005464024019100901BE0019922469F
:100160000F46304600F0B8FE049A059B801A99416C
:1001700010D310461946224600F09EFE361A8F41D3
:100180000197224601200021009F00F095FE3818BB
:100190004D4100902046641E0028DFDC019B009842
:1001A0002946324607B0F0BD0048704780CF0008AE
:1001B00010B50446FFF7F8FF0068005DC007C00FE8
:1001C00010BD000010B5024900F004F810BD000099
:1001D0000815002070B50C4600683C21FFF78AFF27
:1001E00021603C21FFF786FF61601821FFF782FF45
:1001F0000546A1600721001DFFF77CFFA1610F48A4
:10020000A90008180E49FFF775FF02464432880816
:100210006261E0613B2802D3910700D0401C0021BD
:10022000084B0A462161995C814203D8401A521C4E
:100230002261F8E7401CE060204670BD6C0B0000B6
:10024000B505000084CF000838B50446C068182101
:10025000401E4843A16840183C214843616840184B
:100260003C2148432168451860690C2148432169B5
:1002700040186921C900401A3021FFF751FF114A87
:1002800050434219084600921A2902DB0E495118C0
:1002900000910C21FFF744FF0C4A5043009A80184C
:1002A00000900B4806E0491E425C074B5A43009BF6
:1002B000D21800920029F6DC21466846FFF78AFF33
:1002C000009838BD801F8607805101008033E1010E
:1002D00090CF000870B50546002900D10721541AB7
:1002E000FF206E30241D844209DB286800F03DF9B0
:1002F000A04204DC2868401C2860012070BD002C4E
:1003000005DA2868401E286000F02FF9041907213B
:100310002046FFF705FF401C70BDFFB589B0099866
:100320001D46002402920890A20002AB995808785A
:10033000491C995000280DD0252810D00A99012970
:100340000AD9099908700998401C09900A98401E1A
:100350000A90F6E0641EF4E000200DB0F0BD0878CD
:10036000491C99500028F5D03021022607915A28BF
:10037000EFD020DC4D287BD014DC442842D008DCB0
:100380002528DBD041282AD042282ED04328E0D18E
:1003900030E046283DD047284ED0482857D049283D
:1003A000D7D156E05238030008F041FD087779A113
:1003B000838693A1A3CB6138030008F038FD190EA2
:1003C00014192125C22F14C253C2C2565BC261C286
:1003D0006CC27274C287969BC2006FA000E075A0C9
:1003E000A9690691BCE082A000E08D482969F8E780
:1003F0008CA140E064216869FFF792FE13307CE035
:10040000E8687AE08BA105E0E86806902020079074
:1004100074E08BA1641CA200995092E08B4869693A
:100420000818069006A8EA69A969FFF753FF642136
:100430000698FFF775FE12E08448696904260818DB
:10044000069006A8EA69A969FFF744FF56E0A86884
:1004500053E0A8680C211730FFF762FE491C069193
:100460004CE005E00326E86900E02869401C44E010
:10047000686842E076A1641CA20002A8815060E096
:10048000A8680C2801DA73A000E073A0641CA20025
:1004900002A9885055E071A1EDE773A1EBE7286848
:1004A0002BE073A1E7E7A8690126002825D10720E2
:1004B00023E0A969E86912E06448696908180690B0
:1004C00006A8EA69A969FFF705FF16E00126A869F1
:1004D00013E0A8690721801DFFF722FEE869401A92
:1004E0000721C01DFFF71CFE07E052A1C3E761A171
:1004F000C1E7042655486969081806900020694636
:10050000087101AF15E00A210698FFF709FE3031A6
:100510007F1E39700A210698FFF702FE0690002818
:1005200007D102E07F1E079838703046761E0028FB
:10053000F8DC3046761E0028E5DC641CA10002A829
:100540004750002C00DBEFE609990020087008995D
:100550000998401A01E70178401C0029FBD106994F
:100560004A1E06920029F6DC90E710B50446810782
:100570000BD16421FFF7D4FD00290AD1FF2191316D
:100580002046FFF7CDFD002903D00020FF306E305C
:1005900010BD0120FAE7000053756E004D6F6E002C
:1005A00054756500576564005468750046726900AB
:1005B0005361740053756E646179004D6F6E6461B0
:1005C000790054756573646179005765646E65736D
:1005D0006461790054687572736461790046726968
:1005E0006461790053617475726461790000000080
:1005F0004A616E00466562004D6172004170720092
:100600004D6179004A756E004A756C00417567004E
:10061000536570004F6374004E6F7600446563004D
:100620009CCF0008256120256220256520255420C7
:1006300025590000256D2F25642F25790000000025
:1006400025592D256D2D2564000000006C07000044
:100650000A000000414D0000504D000025493A2598
:100660004D3A25532025700025483A254D000000BD
:100670000900000025483A254D3A255300000000A6
:1006800003460B439B0703D009E008C9121F08C0AB
:10069000042AFAD203E00B780370401C491C521E56
:1006A000F9D27047D2B201E00270401C491EFBD261
:1006B00070470022F6E710B513460A46044619466D
:1006C000FFF7F0FF204610BD421E5378521C002B4E
:1006D000FBD10B781370491C521C002BF9D17047C9
:1006E00030B505462A460B4610781C78521C5B1C18
:1006F000002801D0A042F7D0002C03D0002802D05F
:100700006D1CEFE7284630BD421C0178401C0029D3
:10071000FBD1801A704730B504460020034600E044
:100720005B1C934203D2E05CCD5C401BF8D030BD33
:1007300010B5044600E0401C0378002BFBD100E01C
:10074000401C521E04D30B78491C0370002BF7D1B8
:1007500000210170204610BD70B5104D002800D159
:100760002868002414E00A4602E09E4203D0521C8E
:100770001378002BF9D1DAB2224307D0002B06D030
:10078000002C04D000210170401C04E00446401CF1
:100790000678002EE7D12860204670BDB400002006
:1007A00010B50346002004E01C70401C491C521E7A
:1007B0005B1C012A02D90C78002CF5D1002A04D048
:1007C00000221A7001E0401C491C0A78002AFAD164
:1007D00010BD10B50346002002E0401C521E5B1CF9
:1007E000002A15D01C78002CF7D104E01C70401CA6
:1007F000491C521E5B1C012A03D90C78002CF5D130
:1008000001E0002A04D000221A7001E0401C491CBB
:100810000A78002AFAD110BD70B5064608F048FBE8
:10082000046805460A220021304600F0CBFB2C600C
:1008300070BDF8B502464A40D40F42004B00520842
:100840005B089A4202D20246084611464A0023D06B
:10085000C30D4A00DDB2120EAD1A202D35DA490261
:100860000126490AF6058A19002C00D0524220219F
:100870004F1B1146B9402A411018C20D9A4221D08F
:10088000002C17D0012D08DCDA05801AD20F801950
:10089000D207DBB200F0D6FBF8BDDA05801A0123DF
:1008A00040001B06C01880185A428018CA0F104317
:1008B000490007E04908C2071143DA05801A801988
:1008C0004008801800F0B6FBF8BD61000122511A03
:1008D000001BF7E70122D2075140AAE70122D20705
:1008E0005040A6E7024670B54A40D30FDB074000F0
:1008F0002DD04A002AD0010E140E0002120209194E
:10090000400A520A8418E50104465443000A120AB8
:100910002E045043A4194219200CC543AA18120CE6
:100920000125AD03521C521912047F39240400D052
:10093000521C104301D44000491EC2B20C06C0092B
:100940002018401C4008802A02D003E0002070BD1F
:1009500040084000002900DA0020184370BD70B53F
:1009600002464A40D50F40004A00ED0740085208B1
:10097000002814D0002A12D0C40DD30D410201204A
:10098000C0055202490A520AE41A091812187D34A5
:10099000914201D3641C00E04900002C01DA0020E0
:1009A00070BD0023914201D3891A034340084900D6
:1009B0000028F7D100290AD0914202D10121C907AC
:1009C00005E0914201D2012101E00121C943E00586
:1009D000C018401900F02EFB70BD420005D0420047
:1009E000120E52428A4201DB00207047C9050818E6
:1009F00070470000F0B507460846584087B0C00F62
:100A0000049048000E46590040084908BC1A884125
:100A100005D2384631461E4617460B460246580058
:100A2000400810434DD0300D039040055900400D53
:100A3000490D0590401A0290402873DA18030121ED
:100A4000000B09050843019004980092002806D085
:100A50001146019A4942002090410091019002986C
:100A600040210A1A0199009800F026FA05460C4622
:100A70006B4607CB00F041FAC0197141039A0E0D85
:100A80000023D71756401A467A40164344D0049A9A
:100A9000002A2DD0029A012A039A15DC1205C01AE9
:100AA000914101263605001C7141D20F059ED207E7
:100AB0000093019202962A46234600F009FB07B0F4
:100AC000F0BD38463146FAE71605234A0F46B218FC
:100AD000C01AB74101210905001C4F4100187F4190
:100AE000114618187941E20F10436D19644113E063
:100AF000E2076D0815436408C2071443039A0126F0
:100B00001205C01A91413605001C7141CE074008FC
:100B100030434908C01851412A46234600F0CBFA19
:100B2000CDE7FFE7049801224000C117121A002305
:100B30008B4104983146C417381AA141EEE730B40E
:100B40000124E407634030BC54E730B40124E407D7
:100B5000614030BC4EE700000000E0FFF0B51FB47C
:100B600088B00B990998002448400999C00F4900A2
:100B700049080991C0070B990090490049080B9159
:100B800009990898A64608431CD00B990A9808436F
:100B900018D0099801244000420D4800410D0998E1
:100BA00024050003000B204309900B980003000B61
:100BB00020430B9050181C49401800220190144605
:100BC000104605E0002001460DB0F0BD032801DA13
:100BD000034600E003239C46C11A0AAE0AE05F0008
:100BE00008ADED5B4F00F75B7D430027AA187C4101
:100BF000491C5B1E6145F2DD410004AB5A522104E1
:100C0000120C0A43240C401C0828DFDB01980290D8
:100C10000099704601910090059B049A07990698E7
:100C200000F056FAD0E700000DFCFFFFF0B50C46CF
:100C30005C4085B0E40FE40703944C000026640890
:100C400059009446490802460296224321D0624642
:100C50000A431ED06200570D4A000E032303550DB0
:100C6000012402462C492405781B1B0B360B401827
:100C700023432643614600901C46501AB44103D3D7
:100C80000098401C009002E0921800985B410028F8
:100C900003DA0020014605B0F0BD0020012109055E
:100CA0000746864611E064461D46141BB54106D32F
:100CB0006546521BB341744607430C43A646CD0715
:100CC00040084908284392185B4105460D43EAD184
:100CD0001046184313D060461946504071400843EF
:100CE00006D06046101AB34106D20122002306E066
:100CF00000220123DB0702E00122D24353100098B7
:100D000074460105381C6141029C039D001969412C
:100D100000F0D1F9BFE70000FD030000C217C10FCA
:100D2000504010B54018CA079623002100F08AF9F8
:100D300010BD10B500229623114600F083F910BDB6
:100D40000EB5C217C10F5040CA0740180021054B0D
:100D50000293019200910A460B4600F0B9F903B0E4
:100D600000BD0000330400000EB5054902910021CA
:100D700000910A460B46019100F0AAF903B000BDAC
:100D80003304000070B5CD0F4A0009030123090B9D
:100D90001B0519430B4BED070024520D9A4201DA53
:100DA000002070BD074B34339A4203DC9A1A00F0DE
:100DB00093F802E00449511888402C43F1D0404296
:100DC00070BD0000FF030000CDFBFFFF4A000903D8
:100DD0000123090B1B051943094B10B5520D9A420B
:100DE00001DA002010BD064B34339A4203DC9A1A14
:100DF00000F072F810BD03495118884010BD000082
:100E0000FF030000CDFBFFFFC20FD20740004008E8
:100E10000BD0C10D0723DB01C91840020905400AA8
:100E20001143C20840071143704700200146704734
:100E300010B5002904DB0124E40740428C4121461F
:100E4000002B04DB1C460123DB075242A3418B42EB
:100E500000D1824210BD000010B5002904DB01243E
:100E6000E40740428C412146002B04DB1C46012351
:100E7000DB075242A341994200D1904210BD0000CD
:100E8000CB0FDB07490010B5490802460A4307D0DB
:100E90000A0D07240903E401090B121B002A01DCD7
:100EA000002010BDC900440F0C43C100E018D2055A
:100EB000801800F0BFF810BD10B5202A04DB0146F1
:100EC000203A9140002010BD914020239C1A0346F7
:100ED000E3401943904010BD10B5202A04DB0846BA
:100EE000203AD040002110BD0B46D340D0402024F2
:100EF000A21A91400843194610BD10B5202A06DBFE
:100F0000CB170846203A1041C1170B4306E00B46A9
:100F10001341D0402024A21A91400843194610BD25
:100F20000FB400B589B00CA900910B990023CB60D8
:100F3000204B214A06930792042201921F4A0292F3
:100F40001F4A089202466B46002000F0D4F909B00F
:100F500008BC04B0184770B586B006460020C043F0
:100F60000190002015460C460091029104903246F3
:100F7000694604A8FFF7D4FF024604982118002D03
:100F800005D0002801D0084600E0204628600498DB
:100F900000280DD0002A02DD0098884208D0081BE6
:100FA0000190009432466946029404A8FFF7B8FF06
:100FB00006B070BD4D1500086D150008FFFFFF7FDE
:100FC000B1010008F7B5009C0F4600262578641C87
:100FD000002D05D0FFF7E8F80068405DC007F5D1A7
:100FE0002B2D02D02D2D18D0641E39462046029A92
:100FF00000F0CEFA002F04D03968A14201D1009947
:1010000039607105022400290BDA4042002803DD13
:1010100007F04EFF0460A007FEBD012080020643DA
:10102000E3E70028F8DA07F043FF04600048FEBD5C
:10103000FFFFFF7F002904DA401C490001D140086E
:101040004000704770B40024050C05D11024000442
:1010500002D1002921D01124050E01D1000208344B
:10106000050F01D10001241D850F01D18000A41CB2
:10107000002801DB4000641C002908D020252E1B1D
:101080000D46F540A14000D0012129430843010647
:101090001B1B000ADB1D02D5002070BC7047DB055E
:1010A000181880180029F8DA401C4900F5D170BCE6
:1010B00040084000704710B5002B08DA0024401C9F
:1010C000614192185B411A4301D14008400010BDB4
:1010D000F0B51FB482B005460C0003D0084607F0F7
:1010E00077FE02E007F074FE2030024600902146B1
:1010F0002846FFF7E1FE049B059A04460F46184375
:101100001143084314D0184610431BD000984021C7
:101110000A1A18460599FFF7DFFE05460E46009AA3
:1011200005990498FFF7C8FE084305D0012004E0A4
:101130002046394607B0F0BD0020C11705430E43D5
:101140002C43374300990E986305401A7905E40A49
:1011500000220C43FD0A0A3002D500200146E9E7CF
:101160000105101969410C9C0D9D00196941FFF79B
:10117000A2FFDFE74A0009030123090B1B051943FE
:101180000A4B10B5520D9A4202DA0020014610BDFA
:10119000064B34339A4203DC9A1AFFF79DFE10BDCA
:1011A000034BD218FFF788FE10BD0000FF030000BC
:1011B000CDFBFFFF064C0125064E05E0E36807CC9A
:1011C0002B430C3C98471034B442F7D3FEF77CFF16
:1011D000F0D4000810D50008FFB5087889B015468E
:1011E000FF2805D0491C2D2804D00022002407E048
:1011F00000240BE00122F9E70A235C430419491C8F
:101200000878FF28F8D1002A00D06442002004901A
:101210002A7801462D2A01D02B2A0FD16D1C2D2AA8
:1012200002D00022049209E00122FBE700260A22F4
:1012300033466D1C00F0FFF9381871412F78FF2FED
:10124000F4D10C9AA218069202460A4304D0FF2356
:10125000069A9133DA4205DA002109980A4606C057
:101260000DB0F0BD0024B74AB54D2646079200F0F8
:101270002FFA029006980391002801DA474200E015
:10128000074639050020AF4A001C514101910090EA
:1012900012E0F80707D022462B4630460799FFF7A1
:1012A0005DFC0646079122462B4610461946FFF77D
:1012B00055FC04460D467F10002FEAD10698019B8D
:1012C0000028009A0399029806DAFFF7AFFC32462D
:1012D000079BFFF7ABFC05E0FFF740FC3246079B9E
:1012E000FFF73CFC049A002A02D00122D2075140A9
:1012F000099A03C2B4E7FFB591B000200990002518
:10130000ED432E209E685C681F460190B9696D1CF4
:10131000129888470090396A88470028F6D10098CB
:10132000401C0AD00D20C0018443002E12DD00981D
:101330002B2809D02D280DD103E00020C04315B083
:10134000F0BD012080020443B9696D1C12988847E2
:10135000761E009003A9600501D52D2000E02B200A
:101360006A461073491C0CA80F9102900AE0B969F3
:101370006D1C129888470090012040020443139886
:10138000761E0560002E02DD00983028EFD001990E
:101390000098884246D18020044308E00998401E06
:1013A00009900120400204431399681C0860B96940
:1013B0006D1C761E1298884700903028EED031E0E0
:1013C0000199884205D1200603D480200443761E6B
:1013D0001EE0009807F052FE002826D001204002AF
:1013E000044307A90F980331761E88420BD2009858
:1013F0000F99303808700F98401C0F90200607D5C1
:101400000998401E03E0200602D40998401C099068
:10141000A00502D51399681C0860B9696D1C129863
:1014200088470090002ECBDC59E0002E57DD009855
:10143000652801D0452852D1A00550D503200002CF
:101440008443B9696D1C761E129888470090002E5F
:101450000CDD2B2804D02D2808D1FF2001300443B7
:10146000B9696D1C12988847761E0090E00501D579
:101470002D2100E02B21029801700298401C02905F
:10148000019025E00120400204430EA90298013199
:10149000761E88420ED20098029930380006000E5F
:1014A000087003D10299019881420AD90298401C20
:1014B000029006E0E00501D5234801E022484042C1
:1014C0000990B9696D1C12988847009013980560BF
:1014D000002E04DD009807F0D1FD0028D2D1F96973
:1014E000129888470F99FF200870029903AA087084
:1014F00000200A900B900CA90AA8099BFFF76CFE2C
:10150000A00502D40120C04319E72420044209D0D9
:10151000E00713D138680B9A0A99031D3B600068F5
:1015200006C00BE00B990A98FFF7AAFC0146E007FA
:1015300004D13868021D3A60006801602846FEE662
:10154000000014400000F03FF1D8FFFF4268002A7D
:1015500008D001680B78491C002B03D0521E06C02E
:10156000184670470121C160881E70474268002AF2
:101570000BD0C3680168002B07D183688B4204D06D
:10158000491E521C06C0002070470020C04370470F
:10159000F7B582B0029C00272078641C154601979D
:1015A000302802D0002D15D015E020780127641CCA
:1015B000782804D0582802D0002D09D00BE0002D47
:1015C00001D0102D07D1002710252078641C02E0DF
:1015D000082500E00A250026009610E00099012762
:1015E00069430818020C294680B2714300908E1896
:1015F0003804864201D3012001902078641C2946DA
:1016000000F056F80028E9DA0398002805D0002FEA
:1016100001D0641E00E0029C04600198002806D0FE
:1016200007F046FC02210160C81E05B0F0BD00991C
:1016300030040843F9E7F0B51FB486B000200090ED
:10164000019002900698069980B204900798090CC0
:1016500002040014114307900027089D0998069181
:101660003E463C4603900398A9B20204000C039046
:1016700004982D0C1543484300212246FFF71CFC1B
:10168000C719714110340E46402CECDB3846029AE3
:10169000FFF712FC009A019B8018009059410298B4
:1016A0000191103002904028CCDB00980BB0F0BDC7
:1016B0003A2800D23038202302469A43412A01D3E7
:1016C00010463738884201D30020C04370470000DD
:1016D0000EB5054A02920022009213460192FFF7CE
:1016E000F7FC03B000BD00003304000070B5134EDA
:1016F000144D7168124A481C70602C7902231C43F7
:10170000914216D8101A64214843FFF72DFB00229E
:101710000D4BFFF78BFA00220C4BFFF76BF9FFF72D
:1017200055FBC0B270703178884201D030702C7196
:1017300070BD2C710020707070BD00000000002092
:10174000409C00004C0500200088E3400000E03F82
:1017500070B5044620688168490724D58168102542
:101760004907002905DA8168890702D4816829437D
:10177000816003F037F9064611E003F033F9801B6E
:101780000A280CD920688068400708D5606D284376
:101790006065A06D01210843A065012070BD20682F
:1017A00080684007E9D4002070BD000038B50446C9
:1017B000084807490068FEF79DFC6043009002E07E
:1017C0000098401E009000980028F9D138BD000014
:1017D00040420F0048000020F8B5044620688168A8
:1017E0008907890F012931D10168C9072ED0816885
:1017F0000522114010250126012907D0606D2843DC
:101800006065A06D3043A0650120F8BD81680222AB
:101810001143816021680320086003F0E3F8074664
:1018200010E003F0DFF8C01B0A280BD9206880689D
:10183000C00707D0606D28436065A06D3043A06588
:101840000120F8BD20688068C007EAD10020F8BDFB
:10185000F8B50446206881688907890F012902D1FB
:101860000168C9072FD18168184A10261140012547
:10187000002907D0606D30436065A06D2843A065E6
:101880000120F8BD8168294381600120FFF78EFFA8
:1018900003F0A8F8074611E003F0A4F8C01B0A28DB
:1018A0000CD920680068C043C00707D0606D304382
:1018B0006065A06D2843A0650120F8BD2068006820
:1018C000C043C007E8D10020F8BD00001700008029
:1018D000F7B50F460024642509F09CFD002819D0B7
:1018E00009F0BCFD00281ED03948FF210646FEF74E
:1018F000E0FE37480021FA30C180009806F082F8F7
:1019000034A006F07FF834A10298FEF7E9FE002823
:1019100018D111E033A135A005F0CAFC35A005F0BF
:10192000C7FC0020FEBD2FA130A005F0C1FC36A0F1
:1019300005F0BEFC0020FEBD39A10298FEF7D0FEE6
:10194000002834D0F61D32E026A13046FEF7C8FE4E
:10195000002809D023A125A005F0AAFC33A00099F6
:1019600005F0A6FC0020FEBD36A13046FEF7B8FE0D
:10197000002809D01BA11DA005F09AFC34A00099F5
:1019800005F096FC0020FEBD28466043B84209DD04
:1019900036A116A005F08CFC36A0009905F088FC55
:1019A0000220FEBD284606F029F8641CA4B2304689
:1019B0000299FEF795FE0028C6D035A10BA005F0D0
:1019C00077FC34A0009905F073FC0120FEBD0000F7
:1019D000CA0C00200D0A00002B4C494E4B20494EEA
:1019E000464F3A004552524F520000000A5B2573A1
:1019F0005D0000004C6F526157414E204D6F646591
:101A0000204552524F4521004C6F526157414E20A4
:101A1000537461747573204552524F452100000084
:101A20002B52544320494E464F3A00002225732240
:101A300020617420636D642065786563206572722F
:101A40006F720000424144205041524D000000009E
:101A50002225732220617420636D6420657865639C
:101A600020626164207061726D0000005741524E27
:101A7000000000002225732220617420636D642021
:101A8000657865632074696D656F7574000000008A
:101A90004C4F47002225732220617420636D64201F
:101AA0006578656320737563636573730000000078
:101AB00070B586B000242C4D7D26F6002BA2294659
:101AC0002BA0FFF705FF012809D0641CA4B2304603
:101AD00005F094FF032CF1D3002006B070BD27A1C0
:101AE00027A005F0E5FB2B4827A10446FEF7F8FDEB
:101AF000014629A005F0DCFB78212848FEF7D9FD36
:101B000021A12046FEF7ECFD00210591002405AB44
:101B1000224A23A108F0AAF9224D204E09E0601CB8
:101B20008000325828190B300223012108F04CF9AB
:101B3000641C0598401E0590401CF0D10FA110A018
:101B400005F0B6FBA87C697C2A7CEB7B01930292B2
:101B500003910490A87B00906B7B2A7BE97A12A00A
:101B600005F0A6FB0120B8E7DC0500004F4B0000A4
:101B700041542B4150504555493F00004C4F4700C0
:101B80000A5B25735D0000002B4150504555493AD2
:101B900000000000CA0C002025730000E0130020A4
:101BA00020000000581400204150504555493A206B
:101BB00025303278202530327820253032782025A3
:101BC0003032782025303278202530327820253088
:101BD000327820253032780070B58EB00024354D33
:101BE0007D26F60034A2294634A0FFF771FE0128B5
:101BF00009D0641CA4B2304605F000FF032CF1D3D9
:101C000000200EB070BD30A130A005F051FB34486B
:101C100030A10446FEF764FD014632A005F048FB02
:101C200078213148FEF745FD2AA12046FEF758FDF0
:101C300000210D9100240DAB2B4A2CA108F016F9C0
:101C40002B4D294E09E0601C8000325828191330B2
:101C50000223012108F0B8F8641C0D98401E0D9075
:101C6000401CF0D118A119A005F022FB2048EB7F01
:101C7000203081784278007809930B920C910A9079
:101C8000A87F697F2A7FEB7E0593069207910890D3
:101C9000AA7E687E297EEB7D0193049202910390D7
:101CA000A87D00906B7D2A7DE97C124805F000FB41
:101CB0000120A6E7DC0500004F4B000041542B41FA
:101CC00050504B45593F00004C4F47000A5B25736D
:101CD0005D0000002B4150504B45593A0000000078
:101CE000CA0C002025730000E01300202000000033
:101CF000581400203CD0000870B58EB00024354D3B
:101D00007D26F60034A2294634A0FFF7E1FD012824
:101D100009D0641CA4B2304605F070FE032CF1D348
:101D200000200EB070BD30A130A005F0C1FA3448DB
:101D300030A10446FEF7D4FC014632A005F0B8FA03
:101D400078213148FEF7B5FC2AA12046FEF7C8FCF1
:101D500000210D9100240DAB2B4A2CA108F086F830
:101D6000294D2B4E09E0601C80002A58301927307D
:101D70000223012108F028F8641C0D98401E0D90E4
:101D8000401CF0D118A119A005F092FA204820308B
:101D9000817D427D037DC47C09940A930B920C9152
:101DA000817C427C037CC47B059406930792089156
:101DB000817B427B037BC47A01940293039204915A
:101DC000817A0091437A027AC179124805F070FA5B
:101DD0000120A6E7DC0500004F4B000041542B41D9
:101DE0005050534B45593F004C4F47000A5B2573F9
:101DF0005D0000002B415050534B45593A00000004
:101E0000CA0C002025730000E01300202000000011
:101E100058140020F0D0000870B50024104D7D2625
:101E2000F60010A2294610A0FFF752FD012808D0A5
:101E3000641CA4B2304605F0E1FD032CF1D3002070
:101E400070BD0CA10CA005F033FA0DA10E48FEF7F1
:101E500047FC01460DA005F02BFA012070BD0000E3
:101E6000DC0500004F4B000041542B42414E443FE3
:101E7000000000004C4F47000A5B25735D00000026
:101E80002B42414E44000000CA0C00202573000084
:101E900070B50024104D7D26F60010A2294610A032
:101EA000FFF716FD012808D0641CA4B2304605F0E7
:101EB000A5FD032CF1D3002070BD0CA10CA005F0F2
:101EC000F7F90DA10E48FEF70BFC01460DA005F039
:101ED000EFF9012070BD0000DC0500004F4B000051
:101EE00041542B43484D41534B3F00004C4F47005A
:101EF0000A5B25735D0000002B43484D41534B00A6
:101F0000CA0C00202573000070B50024104D7D26FA
:101F1000F60010A2294610A0FFF7DAFC012808D02D
:101F2000641CA4B2304605F069FD032CF1D30020F7
:101F300070BD0CA10CA005F0BBF90DA10E48FEF779
:101F4000CFFB01460DA005F0B3F9012070BD0000E4
:101F5000DC0500004F4B000041542B434C415353D0
:101F60003F0000004C4F47000A5B25735D000000F6
:101F70002B434C4153533A00CA0C002025730000F8
:101F800070B50024104D7D26F60010A2294610A041
:101F9000FFF79EFC012808D0641CA4B2304605F06F
:101FA0002DFD032CF1D3002070BD0CA10CA005F079
:101FB0007FF90DA10F48FEF793FB01460EA005F037
:101FC00077F9012070BD0000DC0500004F4B0000D8
:101FD00041542B434F4E4649524D3F004C4F470012
:101FE0000A5B25735D0000002B434F4E4649524D5E
:101FF0003A000000CA0C0020257300007CB50024C4
:10200000284D7D26F60028A2294628A0FFF760FC6F
:10201000012808D0641CA4B2304605F0EFFC032C64
:10202000F1D300207CBD24A124A005F041F928486B
:1020300024A10446FEF754FB014626A005F038F91A
:1020400078212548FEF735FB1EA12046FEF748FB08
:1020500000210191002401AB1F4A20A107F006FFD7
:102060001D4D1F4E09E0601C80002A583019233096
:102070000223012107F0A8FE641C0198401E019074
:10208000401CF0D10CA10DA005F012F9144820302D
:102090008179009143790279C17812A005F008F99D
:1020A00001207CBDDC0500004F4B000041542B4457
:1020B0004556414444523F004C4F47000A5B25734C
:1020C0005D0000002B444556414444523A00000054
:1020D000CA0C002025730000E0130020200000003F
:1020E00058140020444556414444523A2025303289
:1020F000782025303278202530327820253032780B
:102100000000000070B586B000242C4D7D26F6003E
:102110002BA229462DA0FFF7DBFB012809D0641C68
:10212000A4B2304605F06AFC052CF1D3002006B0BD
:1021300070BD29A129A005F0BBF82A4820A10446BA
:10214000FEF7CEFA014628A005F0B2F8782127481C
:10215000FEF7AFFA1AA12046FEF7C2FA0021059158
:10216000002405AB214A22A107F080FE214D1F4E1D
:1021700009E0601C800032582819C01C022301218C
:1021800007F022FE641C0598401E0590401CF0D10B
:1021900011A112A005F08CF8A87A697A2A7AEB7955
:1021A0000193029203910490A87900906B792A79A7
:1021B000E97811A005F07CF80120B8E7DC05000003
:1021C0002B4445564555493A0000000041542B44E4
:1021D00045564555493F00004C4F47000A5B257363
:1021E0005D000000CA0C002025730000E0130020F1
:1021F00020000000581400204465764555493A20D7
:10220000253032782025303278202530327820254C
:102210003032782025303278202530327820253031
:10222000327820253032780070B50024104D7D269C
:10223000F60010A2294610A0FFF74AFB012808D09B
:10224000641CA4B2304605F0D9FB032CF1D3002066
:1022500070BD0DA10DA005F02BF80EA11048FEF7E2
:102260003FFA01460FA005F023F8012070BD0000E1
:10227000DC0500004F4B000041542B4441544152B7
:102280004154453F000000004C4F47000A5B257356
:102290005D0000002B44415441524154453A000036
:1022A000CA0C00202573000070B50024104D7D2657
:1022B000F60010A2294610A0FFF70AFB012808D05B
:1022C000641CA4B2304605F099FB032CF1D3002026
:1022D00070BD0CA10CA004F0EBFF0DA10E48FEF7A1
:1022E000FFF901460DA004F0E3FF012070BD0000DE
:1022F000DC0500004F4B000041542B465245513F36
:10230000000000004C4F47000A5B25735D00000091
:102310002B465245513A0000CA0C0020257300009C
:1023200070B58EB00024364D7D26F60035A22946C4
:1023300035A0FFF7CDFA012809D0641CA4B23046BD
:1023400005F05CFB032CF1D300200EB070BD31A171
:1023500031A004F0ADFF354831A10446FEF7C0F9C5
:10236000014633A004F0A4FF78213248FEF7A1F91A
:102370002BA12046FEF7B4F900210D9100240DABEE
:102380002C4A2DA107F072FD2A4D2C4E09E0601C4D
:1023900080002A58301937300223012107F014FD3C
:1023A000641C0D98401E0D90401CF0D119A11AA07C
:1023B00004F07EFF21484030817942790379C47866
:1023C00009940A930B920C91817842780378203813
:1023D000C47F0594069307920891817F427F037F13
:1023E000C47E0194029303920491817E0091437E06
:1023F000027EC17D124804F05BFF0120A5E70000CA
:10240000DC0500004F4B000041542B4E574B534B03
:1024100045593F004C4F47000A5B25735D000000A3
:102420002B4E574B534B45593A000000CA0C002025
:1024300025730000E0130020200000005814002045
:1024400094D0000870B50024104D7D26F60010A22F
:10245000294610A0FFF73CFA012808D0641CA4B25A
:10246000304605F0CBFA032CF1D3002070BD0CA14F
:102470000CA004F01DFF0DA10E48FEF731F9014636
:102480000DA004F015FF012070BD0000DC05000068
:102490004F4B000041542B504F52543F000000005E
:1024A0004C4F47000A5B25735D0000002B504F52D4
:1024B000543A0000CA0C00202573000070B50024B7
:1024C000104D7D26F60010A2294610A0FFF700FA55
:1024D000012808D0641CA4B2304605F08FFA032C02
:1024E000F1D3002070BD0BA10BA004F0E1FE0CA104
:1024F0000D48FEF7F5F801460CA004F0D9FE0120C6
:1025000070BD0000DC0500004F4B000041542B5211
:1025100058323F004C4F47000A5B25735D000000B6
:102520002B5258323A000000CA0C002025730000DC
:1025300070B50024104D7D26F60010A2294611A08A
:10254000FFF7C6F9012808D0641CA4B2304605F094
:1025500055FA032CF1D3002070BD0CA10CA004F09F
:10256000A7FE06A10C48FEF7BBF801460BA004F03D
:102570009FFE012070BD0000DC0500002B56455277
:102580000000000041542B5645523F004C4F47007D
:102590000A5B25735D000000CA0C00202573000053
:1025A00070B500240E4D7D26F6000EA229460EA021
:1025B000FFF78EF9012808D0641CA4B2304605F05C
:1025C0001DFA032CF1D3002070BD0A480178490898
:1025D0004900017008F002FF0028FBD0012070BD07
:1025E000DC0500004F4B000041542B464143544F43
:1025F000525900005814002070B500240A4D7D2661
:10260000F6000AA229460AA0FFF762F9012808D0BD
:10261000641CA4B2304605F0F1F9032CF1D300207C
:1026200070BD012070BD0000DC0500004F4B0000B4
:1026300041542B534156450070B590B000242422DC
:1026400016A107A8FEF71CF81D48817C427C037C7C
:10265000C57B0295039304920591817B427B019196
:102660000092037BC27A17A107A806F08BFB7D2698
:10267000214DF6000BE021A2294607A8FFF728F913
:10268000012809D0641CA4B2304605F0B7F9032C28
:10269000F1D3002010B070BD0120FBE741542B4165
:1026A00050504555493D2046462046462046452047
:1026B00030302030302030302030302030310000B9
:1026C0005814002041542B4150504555493D202578
:1026D000303278202530327820253032782025306D
:1026E000327820253032782025303278202530325B
:1026F0007820253032780000DC0500004F4B0000C8
:1027000070B59EB0002440221FA10EA8FDF7B8FFAF
:102710002D488178427803782038C57F0A950B933D
:102720000C920D91837F417F027FC57E06950993B0
:1027300007920891817E437E027EC57D02950493B7
:1027400003920591817D427D01910092037DC27CBF
:102750001E490EA806F016FB7D261D4DF6000BE067
:102760001CA229460EA8FFF7B3F8012809D0641C63
:10277000A4B2304605F042F9032CF1D300201EB07C
:1027800070BD0120FBE7000041542B4150504B45E8
:10279000593D203242203745203135203136203214
:1027A00038204145204432204136204142204637DE
:1027B0002031352038382030392043462034462017
:1027C00033432C30000000007814002044D400086B
:1027D000DC0500004F4B000070B586B005460024B4
:1027E000142101A8FDF765FF2A460DA101A806F0F6
:1027F000C9FA7D260E4DF6000BE00EA2294601A86F
:10280000FFF766F8012809D0641CA4B2304605F031
:10281000F5F8032CF1D3002006B070BD0120FBE7D2
:1028200041542B43484D41534B3D25303458000013
:10283000C40900004F4B0000FEB5002410A14D68F4
:102840000B68896801950093029102460FA16846C2
:1028500006F098FA7D26104DF6000BE00FA22946EF
:102860006846FFF735F8012808D0641CA4B230464A
:1028700005F0C4F8032CF1D30020FEBD0120FEBDFD
:1028800041542B434C4153533D30000041542B43A2
:102890004C4153533D256400DC0500004F4B0000C4
:1028A000F0B585B0002413A56F682E68EB68AA68A0
:1028B00001970096039302920B46024611A16846C7
:1028C00006F060FA7D26144DF6000BE013A22946AF
:1028D0006846FEF7FDFF012809D0641CA4B230460B
:1028E00005F08CF8032CF1D3002005B0F0BD0120D9
:1028F000FBE7000041542B434F4E4649524D3D31BA
:102900002C33000041542B434F4E4649524D3D2538
:10291000642C256400000000DC0500004F4B000023
:1029200070B500240E4D7D26F6000EA229460EA09D
:10293000FEF7CEFF012808D0641CA4B2304605F093
:102940005DF8032CF1D3002070BDFF210B48FDF78B
:10295000B0FE0A480021FA30C180012070BD00009D
:10296000DC0500004F4B000041542B4A4F494E3DBF
:10297000312C312C31322C3130000000CA0C0020B7
:1029800070B500240A4D7D26F6000AA229460AA049
:10299000FEF79EFF012808D0641CA4B2304605F063
:1029A0002DF8032CF1D3002070BD012070BD000074
:1029B000DC0500004F4B000041542B4F5441413D7A
:1029C000312C3000FEB5002410A14D680B688968D9
:1029D00001950093029102460FA1684606F0D2F9D4
:1029E0007D26114DF6000BE010A229466846FEF741
:1029F0006FFF012808D0641CA4B2304604F0FEFF2B
:102A0000032CF1D30020FEBD0120FEBD41542B500C
:102A10004F52543D3230000041542B504F52543DE0
:102A20002530327800000000DC0500004F4B00002C
:102A300030B58BB01546284A936B0124234393632A
:102A400000240794089409940A9405940694019428
:102A5000029403940494214B92041A60491E596015
:102A60009C60401ED8601C6180205861184603F0AD
:102A700031FE002801D000F007FB01200003079081
:102A800007A9164803F0C6FE002801D000F0FCFAA2
:102A9000124803F0F2FF002801D000F0F5FA059487
:102AA000069405A90D4803F0CDFD002801D000F0E3
:102AB000EBFA60200190029503940494002201A98E
:102AC000064803F0FBFF002801D000F0DDFA0348C0
:102AD00003F0ACFF0BB030BD001002406C030020CF
:102AE00070B505460846FF247334214648436421E7
:102AF000FDF700FB82B204212046FFF799FF002179
:102B0000094804F04DF8284601F018FD0021064858
:102B100004F08CF8044803F06DFE01210022C90383
:102B2000024801F058FF70BD6C0300200004005003
:102B300070B501F04DFD0024074D01267602A0007E
:102B400041190022022001F015FD641CB442F6DB9D
:102B500001F03EFD70BD0000000008080348C17987
:102B60000A2901D20A21C171704700004C050020DA
:102B70000449012008700448C1790A2901D20A21B8
:102B8000C17170471A0000204C0500200348C1792C
:102B90000A2901D20A21C171704700004C050020AA
:102BA00070B50F4D0F4E69683068814216D80E4CD3
:102BB0003C22218951430818686000F08DF805F027
:102BC00073FB207980210843207108A108A004F03C
:102BD0006FFB32680848696804F06AFB70BD00004A
:102BE0000C000020400000204C0500204C4F470006
:102BF0000A5B25735D000000F4CF000870B5FFF795
:102C0000CFFF134CA08800280AD11249124D087931
:102C1000C20906D04006400E087100F021F8A580D8
:102C200070BD4879C20707D04008400048711520A0
:102C300009F0FCFBA58070BD084A1278D207FAD0D3
:102C40004207F8D5FB221040487100F035FA70BDFC
:102C5000C40C00204C050020102700005814002050
:102C600010B5012009F0E2FB10BD70B504460D4619
:102C7000164601F0ADFC03E001CC01C501F070FC8B
:102C80003046761EB6B20028F6D170BDF8B50546BE
:102C90000E46174601F09CFC002407E0A0003258C5
:102CA0004119022001F066FC641CA4B2BC42F5D3B9
:102CB00001F08EFCF8BDC0010121C9058922120472
:102CC0007F23184304E0014200D0504049085208D5
:102CD0000B02DB0BF7D17047FEB51249081F00F05D
:102CE00077F811A111A004F0E3FA0E4F203F386AE3
:102CF000FEF714F80F4E3146FDF731FEFEF784F86B
:102D000004460D46F869FEF709F83146FDF727FE3F
:102D1000FEF77AF802460B4607A00195009404F0EE
:102D2000C7FAFEBD6C0500204C4F47000A5B2573B7
:102D30005D00000000007A44436F6E766572742077
:102D400054656D7074657261747572653A20252ED4
:102D500032662C2048756D6964697469793A20255A
:102D60002E32660070B50D4684B2E41E0E49284628
:102D70004843002804DD32306421FDF7D1F903E037
:102D800032386421FDF7CCF96C43002C05DD20348A
:102D9000E117890E0919891104E0203CE117890E19
:102DA00009198911081A70BDB36A000080B248433E
:102DB000002806DDFF300130C117C90D0818401288
:102DC0007047FF380138C117C90D08184012704705
:102DD000FEB504460D46002001900090294E0122C8
:102DE0002021304601F0F7FD00F09CF8032000F0B0
:102DF000F5F8002803D024A004F05AFAFEBD822082
:102E000005F0A0FF694601A800F004F9002803D0EE
:102E100025A004F04DFAFEBD019800F0C1F87D2711
:102E2000FF0000281ED0019800F0C7F800281DD030
:102E300039460198FFF796FF2060009800F0B0F83F
:102E4000002817D0009800F0B8F8002816D03946AE
:102E50000098FFF7ABFF286000222021304601F0E8
:102E6000BAFDFEBD17A004F023FAE6E71BA004F0AC
:102E70001FFAE2E71FA004F01BFAEDE723A004F01D
:102E800017FAE9E700040050454E533231305F53E2
:102E9000656E7353746172745F5365742046616923
:102EA0006C65640A00000000454E533231305F54B7
:102EB0004856616C5F476574204661696C65640AB9
:102EC0000000000054207261772064617461204327
:102ED0005243206572726F722E0A00005420726194
:102EE000772064617461204E4F542076616C696470
:102EF0002E0A0000482072617720646174612043CB
:102F00005243206572726F722E0A0000482072616F
:102F1000772064617461204E4F542076616C69643F
:102F20002E0A000010B5282005F00CFF802000F0CC
:102F300063F80146080004D009A004F0B9F90020A4
:102F400010BD042005F0FEFE002000F039F8002836
:102F500004D00AA004F0ACF9002010BD012010BD7F
:102F6000454E533231303A256420526573657420E2
:102F70004661696C65642E0A00000000454E5332BC
:102F800031303A2053657474696E672072756E2013
:102F90006D6F6465206661696C65642E0A000000CF
:102FA00010B501024C0EC003C00BFFF784FEA04217
:102FB00001D1012010BD002010BDC003C00F70471B
:102FC00008B505A10968009169464870022286206B
:102FD00004F05CF908BD00002100000008B505A15F
:102FE00009680091694648700222862004F04EF973
:102FF00008BD00002200000008B505A10968009185
:10300000694648700222862004F040F908BD00009D
:10301000100000007FB504460D460FA00068019027
:103020000620009002AB012201A9862004F01CF8C2
:103030006B46997A0A04597A09020A43197A0A43B3
:103040002260597B1A7B090412021143DA7A114378
:10305000296004B070BD00003000000010B50520EC
:103060000121000701F0B0FC012801D101F0F2FBC1
:103070000221044801F0A8FC012802D1022001F03D
:10308000E9FB10BD0004005072B6FEE710B5084918
:1030900000234B6107494A684C1522434A604A683D
:1030A000082422434A60C009C001036010BD00002B
:1030B000B014002000200240F0B5B1B03C2121A89E
:1030C000FDF7F7FA14211CA8FDF7F3FA00201B9076
:1030D000642102A8FDF7EDFA884D012230A92846A7
:1030E000FFF7C3FD012201A9281DFFF7BEFD84A142
:1030F00085A004F0DDF886A0019A309904F0D8F894
:10310000309E002E7DD02A2E01D92A2602E07B484F
:103110000830019008238C4A10211CA806F028FED4
:103120000024CCE0642102A8FDF7C3FA3C2121A8C9
:10313000FDF7BFFA85A102A8FDF7C6FA10221CA967
:1031400002A8FDF7F5FA82A102A8FDF7BDFA282230
:1031500080A11BA805F016FE1BA902A8FDF7B4FA72
:103160007D490A88501C08807AA11BA805F00AFE38
:103170001BA902A8FDF7A8FA162276A11BA805F044
:1031800001FE1BA902A8FDF79FFA5DA15EA004F055
:103190008FF8214671A0019A04F08AF80C2279492F
:1031A0000198FFF762FD019830300190764988421E
:1031B00002D9524808300190002321AF714998008C
:1031C0000958C01905F029FB5B1C9BB20C2BF5D3E9
:1031D00021A902A8FDF778FA6CA14BA004F068F8C9
:1031E00002A96BA004F064F808F014F9012802D1D8
:1031F000002009F04FFB08F031F9002804D101202C
:1032000000E03FE009F054FB08F0E8F80028FBD0AC
:10321000142001F093F902A804F0F4FB08F0E8F898
:10322000002806D060A138A004F042F860A004F0A5
:103230003FF808F0F9F8002826D05BA132A004F08E
:1032400037F861A004F034F8674904224879104344
:1032500048718879401CC0B28871052812D30022B9
:103260008A713948C01E017849084900017002215D
:103270004030C17102725D48E1210068C900401808
:103280005B49086031B0F0BD5749002088713FA10B
:103290001DA004F00DF857A004F00AF808F042F859
:1032A0003098401E3090012230A92846FFF7EEFCEE
:1032B000012201A9281DFFF7E9FC641CA4B2B44255
:1032C00000D22FE7534852498180FFF731FC00209C
:1032D0003090281D0190012230A92846FFF7D6FC26
:1032E000012201A9281DFFF7D1FC05A106A003F0CA
:1032F000DFFF49A003F0DCFFC4E70000000008087E
:10330000464C4153480000000A5B25735D000000F5
:103310005265616420466C6173682043616368652F
:103320002044617461204C656E3A2025642C204352
:1033300061636865204461746120416464723A206D
:1033400030782530387800005B140020542C53313D
:103350002C00000025642C000E00002045657072D2
:103360006F6D20526561642043616368652044612C
:10337000746120416464725B25645D3A2030782575
:1033800030387800A0050020CF0708084C4F4700D0
:103390004C6F52612053656E64436163686544619C
:1033A00074613A20257300005741524E000000001E
:1033B00057616974204275737920494F2054696DB3
:1033C000656F7574000000004C6F52612053656E8C
:1033D00064436163686544617461204661696C2C73
:1033E00020457869740D0A004C050020400000203B
:1033F000640000204C6F52612053656E644361632A
:10340000686544617461205375636365737300007C
:1034100010270000C40C0020436C65617220466CCC
:1034200061736820436163686520446174612000B2
:1034300038B50C480122694600F038F800980A4C6B
:1034400080B2A0812D21401E4901884200D3A18174
:1034500006A108A003F02CFFA18908A003F028FF13
:1034600038BD000000F800084C050020464C4153D0
:10347000480000000A5B25735D000000526561642E
:1034800020466C61736820446576696365204770E7
:1034900073204C6F6361746520496E746572766148
:1034A0006C203A2025646D696E00000030B5002361
:1034B00003E010C89D004C515B1C9342F9DB30BD0A
:1034C0007CB535A003F0F4FE43A003F0F1FE52A05A
:1034D00003F0EEFE282203215CA003F0E9FE00F0D9
:1034E000FDF8FFF7A5FF102268496948FDF7C8F805
:1034F0006748082267490838FDF7C2F86448042283
:1035000065491030FDF7BCF861481022634914305A
:10351000FDF7B6F85E48102261492430FDF7B0F897
:1035200000F018F9002401945E4E012201A93046F2
:10353000FFF79BFB7D200199C0005B4D814217D9AD
:10354000FFF7F6FA0194574808300090012201A9CC
:103550003046FFF79BFB01226946301DFFF796FBC3
:1035600052A154A003F0A4FE54A003F0A1FE05E074
:10357000002903D068790421084368715549642003
:1035800008706879022108436871414801212D3093
:103590000172514804707CBD0A2A2A2A2A2A2A2A42
:1035A0002A2A2A2A2A2A2A2A2A2A2A2A2A2A2A2A7B
:1035B0002A2A2A2A2A2A2A2A2A2A2A2A2A2A2A2A6B
:1035C0002A2A2A2A2A2A2A2A2A2A2A2A2A2A2A2A5B
:1035D0002A2A2A2A2A0A00002A2A2A2A2A2A2A2ABF
:1035E0002A2A2A2A2A2A2A2A2A2A2A2A2A2A2A2A3B
:1035F0002A2A2A2A2A2A2A2A2A2A2A2A2A2A2A2A2B
:103600002A2A2A2A2A2A2A2A2A2A2A2A2A2A2A2A1A
:103610002A2A2A2A0A0000002A2A2A2A2A2A2A2AA8
:103620002A2A2A2A2A2A2A20484B54203A20544857
:1036300054422053656E736F72202A2A2A2A2A2A3E
:103640002A2A2A2A2A2A2A2A2A0A00002A2A2A2A4E
:103650002A2A2A2A2048415244574152455F56455A
:10366000523A20307825303278202C534F46545728
:103670004152455F5645523A203078253032782005
:103680002A2A2A2A2A2A2A2A0A0000007800002048
:103690006B140020680000205C00002088000020DF
:1036A00098000020000008084C050020464C4153BB
:1036B000480000000A5B25735D000000436C6561F3
:1036C0007220466C617368204361636865204461C1
:1036D00074612000010000200C00002038B50C4867
:1036E00001226946FFF7E2FE00980A4C80B2208171
:1036F0002D21401E4901884201D33C20208106A192
:1037000007A003F0D5FD218907A003F0D1FD38BD46
:1037100000F400084C050020464C415348000000CE
:103720000A5B25735D0000005265616420466C6190
:10373000736820446576696365205265706F7274A2
:1037400020496E74657276616C203A2025646D693B
:103750006E00000010B51F4808221F49FFF7A6FEA3
:103760001D4CE068002801D05A280CDD01202060A3
:103770006060A0601921E1601D21C94321616321BE
:103780006161A061E161202213491448FCF778FFD0
:1037900013A115A003F08CFD15A003F089FD1BA05B
:1037A000216803F085FD20A0616803F081FD26A05B
:1037B000A16803F07DFD2BA0E16803F079FD31A045
:1037C0006269216903F074FD39A0E269A16903F01F
:1037D0006FFD10BD00F00008D00500207C05002022
:1037E000464C4153480000000A5B25735D00000011
:1037F0005265616420466C61736820537973746507
:103800006D20436F6E666967000000000D0A097342
:10381000797374656D2072756E20656E61626C657A
:103820003A202564000000000D0A09626174746585
:103830007279206465636574696F6E20656E61627C
:103840006C653A20256400000D0A096D6F766520CD
:103850006465636574696F6E20656E61626C653A5C
:10386000202564000D0A09616E676C6520616C613A
:10387000726D207468726573686F6C643A20256499
:10388000000000000D0A0974656D7020616C6172A2
:103890006D207468726573686F6C642C206C6F7730
:1038A0003A2025642C20686967683A202564000066
:1038B0000D0A0968756D6920616C61726D2074680C
:1038C000726573686F6C642C206C6F773A20256486
:1038D0002C20686967683A202564000010B50D48FF
:1038E0003C2101812D214901818101210163416335
:1038F00081631922C2631D22D2430264632242649F
:103900008164C26400F03AFA00F0D8F900F058FA85
:1039100010BD00004C05002010B50020204A916920
:10392000CB05204904D54869022318434861901506
:1039300093699B0505D54B69012423434B616302C1
:10394000184393695B0505D54B69082423434B61F4
:10395000E301184393691B0505D54B6904242343F0
:103960004B616302184393699B0405D54B6910248E
:1039700023434B616302184393699B0304D54C694D
:1039800020231C434C6118439369DB0305D54B6925
:10399000402423434B61A1020843906110BD000005
:1039A00000200240B014002070B5044601F01AF85F
:1039B0000546184E0AE0601C08D0002C04D001F027
:1039C00011F8401BA04201D9032070BDB069C007A7
:1039D000F1D1B069800701D50220B061B069C0059E
:1039E00011D4B06980050ED4B06940050BD4B0691C
:1039F000000508D4B069800405D4B069800302D4FE
:103A0000B069C00303D5FFF787FF012070BD002018
:103A100070BD000000200240F3B58FB00C46314E5F
:103A200000210D91302101A8FCF743FE01220DA9D0
:103A30003046FFF71AF901220EA9301DFFF715F9DC
:103A400029490E98274F4018F921C90008378842A4
:103A500004D30D9830214843C0190E900D9D2A2D96
:103A600008D32A212846FCF745FB30204143C819DA
:103A70000E9003E030206843C0190E906D1C0D9528
:103A80000023A508A00701D06D1CADB201AF07E06F
:103A90000F989C00201804F0C8FE38515B1C9BB2A4
:103AA000AB42F5D301220DA93046FFF7EFF8012212
:103AB0000EA9301DFFF7EAF80C2201A90E98FFF7B6
:103AC000E5F80A48042241791143417108A10AA08E
:103AD00003F0EEFB0AA00E9A0D9903F0E9FB11B07A
:103AE000F0BD000000000808F8FFF7F74C050020C3
:103AF000464C4153480000000A5B25735D000000FE
:103B0000456570726F6D20577269746520436163FB
:103B10006865204461746120416464725B25645D62
:103B20003A203078253038780000000070B58EB02B
:103B30002E4D0024242105A8FCF7BBFD2C490020B4
:103B400005AA0B781B064E783604F3188E783602D9
:103B5000F318CE78F318091D2646641CB60093515D
:103B6000001D0428EDD32249091D00200B781B06F7
:103B70004E783604F3188E783602F318CE78F318A0
:103B8000091D2646641CB6009351001D1028EDD374
:103B900017481430002103781B0646783604F318C2
:103BA00086783602F318C678F318001D2646641C82
:103BB000B6009351091D1029EDD300F089FD0020B6
:103BC000019002950120039004A901A800F01AFDBC
:103BD0000028F9D1092205A9284600F0B5F80446C5
:103BE00000F04AFD20460EB070BD000000E800085D
:103BF0007B14002070B58CB02E4D0024202104A829
:103C0000FCF757FD2C49002004AA0B781B064E78C0
:103C10003604F3188E783602F318CE78F318091D9F
:103C20002646641CB6009351001D0828EDD3224996
:103C3000083100200B781B064E783604F3188E7876
:103C40003602F318CE78F318091D2646641CB60018
:103C50009351001D0828EDD3174810300021037838
:103C60001B0646783604F31886783602F318C678B1
:103C7000F318001D2646641CB6009351091D102937
:103C8000EDD300F025FD0020009001950120029069
:103C900003A9684600F0B6FC0028F9D1082204A95F
:103CA000284600F051F8044600F0E6FC20460CB02F
:103CB00070BD000000E400085B14002010B586B061
:103CC0000D4C0E488089059000F002FD0020019007
:103CD00002940120039004A901A800F093FC00289D
:103CE000F9D1012205A9204600F02EF8044600F083
:103CF000C3FC204606B010BD00F800084C050020AB
:103D000010B586B00E4C0F4841780491807805902C
:103D100000F0DEFC0020009001940120029003A935
:103D2000684600F06FFC0028F9D1022204A9204661
:103D300000F00AF8044600F09FFC204606B010BDD3
:103D400000EC000858140020F7B505460F46002483
:103D50000FE0A600BA592946022000F09BFC00287B
:103D600003D12868B959884201D00120FEBD2D1D1C
:103D7000641C02988442ECDB0020FEBD10B586B0C6
:103D80000D4C0E480089059000F0A2FC0020019027
:103D900002940120039004A901A800F033FC00283C
:103DA000F9D1012205A92046FFF7CEFF044600F015
:103DB00063FC204606B010BD00F400084C0500204E
:103DC0001FB50C4C00F084FC0020009001940120F1
:103DD000029003A9684600F015FC0028F9D10822DA
:103DE00005492046FFF7B0FF044600F045FC204699
:103DF00004B010BD00F000087C050020F8B507F005
:103E000083FB3B4DA968884270D307F07DFBFF30F0
:103E1000F530A860374EE9683068374C374F81423B
:103E200002D96179490622D56179BF2211406171B9
:103E3000A1893C2251430818E8600122510330480F
:103E400000F0C9FD012211032D4800F0C4FD00213E
:103E5000B960F96039617961B420288029A12AA06C
:103E600003F026FA32682A48E96803F021FA288824
:103E700000283BD0401E288022A123A003F018FA7E
:103E8000298824A0326803F013FAE0790A2801D2C5
:103E90000A20E071288800280DD000221346F96816
:103EA000B868FCF7C5FF21D000221346796938694C
:103EB000FCF7BEFF1AD00020288001210022490310
:103EC0000F4800F088FDA0893C2148433168401824
:103ED000E8600CA10CA003F0EBF932681A48E9681D
:103EE00003F0E6F96079012108436071F8BD000034
:103EF0001C000020400000204C050020800600200F
:103F0000000400504C4F47000A5B25735D00000021
:103F1000C0D20008436F6E766572742047707320BC
:103F20004D6F646520526573756C7420436E743AEE
:103F30002025642C204E6F772054696D6573746161
:103F40006D703A20256400007CD2000810B50A4646
:103F50007D230146DB00054802F0B8FF0448C17923
:103F60000A2901D20A21C17110BD0000640100209C
:103F70004C050020F8B50446002625464035287C2F
:103F8000012808D001202874206881688907890FDA
:103F900001290ED101E00220F8BD0168C90708D04F
:103FA000606D20210843606501260020287430469A
:103FB000F8BD616DFF220132914302221143616518
:103FC000C1688907890F0091C16889088900C160AB
:103FD0002068816892071143816000F003FD074665
:103FE00012E000F0FFFCC01B0A280DD92068806891
:103FF000002809DA606D02218843102108436065BA
:10400000002028740120F8BD206880680028E8DBC3
:104010002068C168009A1143C160606D800880000B
:10402000401C6065C1E70000F8B50C460546403508
:10403000297C01290DD00121297401688A68520761
:1040400009D5416D202211434165002028740120CB
:10405000F8BD0220F8BD194B6268D8054710184E0C
:104060009A4215D08A6A23685B035B0B1A438A6203
:104070002168490305D5B1680143B1600A20FDF705
:1040800095FB2068800315D5B0683843B06011E017
:104090008A6A23685B035B0B9A438A62216849033F
:1040A00002D5B1688143B1602068800302D5B06851
:1040B000B843B06000202874F8BD00000110000073
:1040C0000027014070B50446002C0AD0606D022123
:1040D000084360652046FDF73BFB0546280002D0FB
:1040E00009E0012070BD2046FDF776FB0546012D55
:1040F00001D0012060650026012D32D02068416882
:104100001A4A114041602168D043086020688168E4
:1041100001221207914381602068C168144A11404E
:10412000C16020680169134A11400161206841693A
:10413000C908C90041612068016A0F4A1140016243
:1041400020688030416BC909C90141632068803013
:10415000416BC909C9014163204600F0FBF8A6651F
:10416000666540342674284670BD000060F7FFFF86
:1041700000023E8302FCFF3F00F000F0406D7047FC
:104180000068006C7047000070B50446002C06D033
:10419000606D264600254036002802D006E001204A
:1041A00070BDA5653574204600F0EAF8606DC00664
:1041B00003D420688168490706D5606D1021084343
:1041C00060653574012070BD616DFF22013291433D
:1041D00002221143616581685C4A8907890F0129C0
:1041E00002D10168C9072BD1032361689B0799425B
:1041F00005D05B42994202D05B00994209D1016926
:1042000089008908016120680169636819430161B7
:104210000CE0016989008908016190680F21890417
:104220008843906090686168084390602068C16826
:1042300018239943C1602068C168A3681943C1600D
:10424000906801214906884390609068A18E4906D4
:104250000843906020688168C90004D48168012205
:104260001207114381602068C168394A1140C1605A
:104270002069E268022825D0002002432046203031
:104280000178037B49035B0019430A43216B0A430E
:10429000A16989030A43E169C9030A432168CB681C
:1042A0001A43CA60616A0A46FF3AC23A05D0A26A56
:1042B00011432268D3681943D16042780121012A51
:1042C00002D00BE00420D8E70078002823D0606DEE
:1042D000202210436065A06D0843A065E06B0128B3
:1042E00020D020680169C90703D001694908490045
:1042F000016120684169C908C900416120684169BC
:10430000A26B11434161A565606D80088000401C6F
:104310006065002070BD2068C26801231B041A4339
:10432000C260DBE720680269FF239B009A430261B9
:1043300020680269236CA66C1A43636C33431A43EA
:104340000261206802690A430261D2E70027014046
:104350001902FEFF10B500680649884208D10648D8
:10436000416B4215914341630121044800F0E0F99B
:1043700010BD000000240140001002400004005065
:1043800010B586B00446142101A8FCF792F90E4935
:104390002068884215D10D48416B42151143416395
:1043A000C26A02210A43C262C06A0840009001202A
:1043B0000190032002900020039001A9044800F01E
:1043C00055FA06B010BD0000002401400010024064
:1043D00000040050F8B504460D4627466069403792
:1043E00008280BD02068C068C00709D0606D202164
:1043F00008436065002038740120F8BD082600E0FD
:104400000C2600F0EFFA009015E0681C13D0002D88
:1044100005D000F0E7FA0099401AA8420BD92068AD
:104420000068304207D1606D0421084360650020B8
:1044300038740320F8BD206800683042E5D0606D14
:1044400001214902084360652068C1680C22090502
:10445000890F00291BD12021095D002917D101688E
:10446000090714D5816801234907002908DB416841
:1044700091434160606D190288431843606506E00E
:10448000606D202108436065A06D1843A065A06998
:10449000002801D1206802600020F8BD70B50446F4
:1044A000002021688968490723D425464035297CA6
:1044B00001291CD001212974E169012902D020467B
:1044C000FDF7C6F9002811D1616D0B4A1140FF229A
:1044D0000132114361650021A165297422681C2104
:1044E000116021688A6804231A438A6070BD022023
:1044F00070BD022070BD0000FEF1FFFF70B50446E4
:1045000025464035287C012807D001262E742046F8
:10451000FDF71EF9002802D00CE0022070BD2046F5
:10452000FDF75AF9002805D1616DFF220132914350
:10453000314361650021297470BD000070B50446E7
:1045400000F050FA0546601C02D004480078241898
:1045500000F048FA401BA042FAD370BDA80000202A
:104560000348416801221143416000207047000068
:1045700000200240F8B505460E461446124F387C1E
:10458000012807D0012038741048FFF70DFA0028E1
:1045900002D00FE00220F8BD00217961022D0CD07D
:1045A000012D0CD0002D0CD00120002802D007488E
:1045B000FFF7FAF900213974F8BD3460F5E734806B
:1045C000F3E73470F1E70000B014002050C300009E
:1045D00009484168C9070DD0EFF3108172B6074A48
:1045E000C260074AC26081F310884068C00701D0EA
:1045F000012070470020704700200240EFCDAB89BA
:1046000005040302F8B505460E46184F387C01280C
:1046100007D0012038741648FFF7C6F9002802D0E9
:1046200020E00220F8BD0021C94331606C6813E02E
:104630002046FEF72BFD0E48FFF7B6F90D494A68F4
:1046400008239A434A604A684B159A434A600028F7
:1046500001D0346006E08034A9686A68C90189180D
:10466000A142E5D800213974F8BD0000B014002043
:1046700050C3000000200240054841680222114357
:1046800041604168012211434160002070470000F1
:1046900000200240F8B50E4617460B4C207C01283E
:1046A00008D0012020740948FFF77EF90025002872
:1046B00002D006E00220F8BD656137600348FFF7CD
:1046C00073F92574F8BD0000B014002050C3000039
:1046D00012484168C9070DD0EFF3108172B6104A35
:1046E000C260104AC26081F310884168C90701D0D6
:1046F00001207047416889070DD5EFF3108172B62C
:10470000094A0261094A026181F310884068800702
:1047100001D50120704700207047000000200240B2
:10472000EFCDAB8905040302BFAE9D8C16151413A3
:10473000F0B5002259E0012393409E460B40002B28
:1047400052D095082B4CAD002D19AC689607370F49
:104750000F26BE403440A44605242407A04201D1C0
:10476000002414E0244CA04201D101240FE0234C8A
:10477000A04201D102240AE0214CA04201D103242D
:1047800005E0204CA04201D1052400E00624BC40F5
:1047900064450FD11C4C27689F43276067689F437F
:1047A0006760A7689F43A760E7689F43E760AB68BF
:1047B000B343AB60046855000323AB401C43046063
:1047C000D408A4002418266A5507EF0E0F25BD4013
:1047D000AE432662C4689C43C46044687546AC43DB
:1047E000446084689C438460521C0B46D340A2D131
:1047F000F0BD00000000014000040050000800501F
:10480000000C0050001C00500004014010B50A4C80
:10481000022806D1627920210A43627122790A4373
:104820002271012802D105A002F042FDE0790A2898
:1048300001D20A20E07110BD4C0500200D0A52453E
:1048400045442053574954434820455854490D0A7C
:104850000000000010B504494A69024202D04861D4
:10486000FFF7D4FF10BD000000040140F0B50022A6
:1048700096E0012797403B40002B6ED00C79A407AF
:10488000A40F012C01D0022C10D1856854000326FE
:10489000A640B543CE68A6402E4386604468BC431C
:1048A0000D79ED06ED0F9540254345600C79E44305
:1048B000A40708D0C56854000326A640B5438E68F7
:1048C000A6402E43C6600C79A407A40F022C0CD17D
:1048D000D408A40027183D6A5407E40E0F26A6400A
:1048E000B5430E69A6402E433E6205685400032678
:1048F000A640B5430E79B607B60FA6402E43066014
:104900004C68A403A40F4AD0284C666B01252E43A3
:1049100066639508264CAD002F19BD689407240FD7
:104920000F26A640B54305263607B04201D1002622
:1049300015E0204EB04201D1012610E01E4EB042DB
:1049400001D102260BE01D4EB04201D1032606E044
:104950001B4EB04202D1052601E020E00626A6400B
:104960002E43BE60174D2C689C434E68F60300D55D
:104970001C432C606C689C434E68B60300D51C43F6
:104980006C60AC689C434E68F60200D51C43AC607A
:10499000EC689C434E68B60200D51C43EC60521C88
:1049A0000B681C46D44000D063E7F0BD0010024005
:1049B000000001400004005000080050000C0050AE
:1049C000001C0050000401400069084201D0012091
:1049D000704700207047002A01D0816170478162D2
:1049E000704700000148806870470000A800002060
:1049F00070B5024640325378202B01D0022070BDA2
:104A00001378012B19D001241470242353700368E8
:104A10001D68A5431D6003681D682603B5431D601E
:104A200003681D680D431D60006801682143016033
:104A3000202050700020107070BD022070BD70B535
:104A4000024640325378202B01D0022070BD1378EB
:104A5000012B18D0012515702423537003681C689E
:104A6000AC431C6003681C680F263602B44309027D
:104A700021431960006801682943016020205070BB
:104A80000020107070BD022070BD000004494A6B08
:104A900001231A434A6303494A6802434A60704744
:104AA000001002400000014070B50446002C12D0F6
:104AB000242025464035687020680168490849006F
:104AC0000160204600F0D8F900206064687020631F
:104AD000A870287070BD012070BD000070B504463C
:104AE000002C06D02546403568780026002802D0E4
:104AF00005E0012070BD2E70204600F0D9F9242079
:104B00006870206801684908490001600F216068E9
:104B10000906884321680861206882680121C90369
:104B20008A438260E068012809D02122A0689202AD
:104B3000104322689060E068022805D008E0A06871
:104B4000226808439060F6E701202268C0025060A6
:104B5000206842680F4B1A4342602068C2688A434B
:104B6000C260616920690843A1690902084321689C
:104B7000C860216AE069084321680860206801680C
:104B80000122114301606664202068702663AE70C4
:104B9000002070BD00800002FFB583B004462546AA
:104BA00040356878202802D0022007B0F0BD0C986C
:104BB000002815D00D98002812D02878012814D08C
:104BC00001202870FFF70EFF064601221923D103AA
:104BD0002046009602F0E2FA002808D00120E4E71F
:104BE0000120400260640120DFE70220DDE722208F
:104BF00068704020A870002767640C9860620D9868
:104C0000608567630E980090019604A90EC920463E
:104C100002F03CFA002802D02F700120C5E7618D18
:104C20003848FF2909D9FF222285012300901B065D
:104C30002046049902F09EFA0AE0618D21850090D9
:104C4000208D0123C2B25B062046049902F092FA3D
:104C500000960022042120460E9B02F09FFA0028B5
:104C600001D00120A1E72068406A616A0870606A8B
:104C7000401C6062208D401E80B22085618D491EDF
:104C80006185618D002924D0002822D10096002260
:104C9000802120460E9B02F081FA002801D00120DD
:104CA00083E7608DFF2809D9FF22228501231B0697
:104CB00000972046049902F05DFA0AE0608D208595
:104CC0000097208D0123C2B25B062046049902F0B2
:104CD00051FA608D0028BBD1324620460E9902F071
:104CE00084FA002801D001205FE720682021C161FB
:104CF00020684268044B1A4042606970AF702F70A0
:104D0000002052E70024008000E800FEFFB583B0D9
:104D10000446254640356878202802D0022007B096
:104D2000F0BD0C98002815D00D98002812D02878D6
:104D3000012814D001202870FFF754FE07460122F5
:104D40001923D1032046009702F028FA002808D042
:104D50000120E4E70120400260640120DFE7022037
:104D6000DDE7212068704020A870002666640C985A
:104D700060620D98608566630E980090019704A9A3
:104D80000EC9204602F0BCF9002802D02E70012086
:104D9000C5E7608DFF2809D9FF22228501231B0664
:104DA00000962046049902F0E5F90AE0608D20851E
:104DB0000096208D0123C2B25B062046049902F0C2
:104DC000D9F93A4620460E9902F036FA002801D069
:104DD0000120A4E7606A216800788862606A401C4C
:104DE0006062608D401E6085208D401E80B22085EF
:104DF000618D002924D0002822D100970022802133
:104E000020460E9B02F0CAF9002801D0012086E757
:104E1000608DFF2809D9FF22228501231B060096F9
:104E20002046049902F0A6F90AE0608D20850096DC
:104E3000208D0123C2B25B062046049902F09AF944
:104E4000608D0028BDD13A4620460E9902F0CDF97A
:104E5000002801D0012062E720682021C16120687C
:104E60004268044B1A4042606970AE702E70002098
:104E700055E7000000E800FE10B5006809498842C7
:104E80000FD10948816B0122520591438163074C80
:104E900081152046FFF74CFC012149022046FFF70F
:104EA00047FC10BD005400400010024000040050B8
:104EB00010B586B00446142101A8FBF7FAFB14498B
:104EC0002068884221D1134CE16A02200143E1624B
:104ED000E16A01400091032000020190122002903B
:104EE00000200390032004900420059001A90A48A3
:104EF000FFF7BCFC2015FFF7C9FDE014FFF7C6FD66
:104F0000A06B012149050843A06306B010BD000055
:104F10000054004000100240000400500248816824
:104F20000278891881607047A800002010B500241D
:104F300007480168402211430160032000F00AF88D
:104F4000002801D0012401E000F054F8204610BDF3
:104F50000020024030B587B00546002229461420C3
:104F600000F070F8142000F061F81C48416B042236
:104F70001143416301A902A800F048FA06980028ED
:104F800015D000F079FA40001549FBF7B3F8411E3F
:104F90001548144A0260154AC2604160002101614F
:104FA000816001F097FB0446002C03D013E000F071
:104FB00063FAE9E70C4801F0F3FB0446002C0AD140
:104FC000042D07D200222946142000F03BF808489F
:104FD000056000E00124204607B030BD001002400B
:104FE00040420F0000080140C8140020E703000001
:104FF000AC0000200448416B012211434163816BE6
:10500000020411438163704700100240002809DB4D
:10501000C106C90E0120884003490860BFF34F8FC5
:10502000BFF36F8F7047000080E100E0002805DBD0
:10503000C106C90E01208840014908607047000080
:1050400000E100E010B503F011FF10BD0248016857
:10505000021511430160704700700040024801686A
:10506000421511430160704700700040F0B5154EC5
:10507000326874152240144B1B6ADB07DB0F002AD1
:1050800004D0002B02D03568A54335603568AD08E3
:10509000AD00054335600D4F3D69042005433D617A
:1050A00001290DD040BF20BF20BF3969814339613C
:1050B000002A04D0002B02D0306820433060F0BDBD
:1050C00030BFF2E7007000400000014000ED00E05A
:1050D000F8B5044600262078584D80067CD5574800
:1050E0004038806BC00006D454484038816B0204BD
:1050F00011438163012652480168C90512D4016831
:10510000821511430160FFF76DFC074606E0FFF7CB
:1051100069FCC01B642801D90320F8BD4848006819
:10512000C005F4D5454840380168032212051140F6
:10513000606802408A420AD08103890F032906D1A0
:105140003E4940390968890301D50120F8BD2A6923
:10515000032109040A40002A21D0084090421ED0B1
:10516000207880061BD5286988432A690121C90453
:105170000A432A612A698A432A612861C0050ED53B
:10518000FFF730FC074607E0FFF72CFCC11B2D485A
:10519000814201D90320F8BD28698005F4D56068F3
:1051A0008103890F032908D1244B403B196803224E
:1051B0001205914310400143196028690322616878
:1051C0001204114008432861012E05D11B484038C4
:1051D000826B01048A4382632078C00705D0E868A7
:1051E000A168800880000843E8602078800705D522
:1051F000E8680C218843E1680843E86020784007AC
:1052000006D5E86803218902884321690843E860DC
:105210002078000706D5E8680321090388436169FF
:105220000843E8602078000606D5E8680321890471
:105230008843A1690843E8600020F8BD401002409F
:105240000070004088130000F8B504460E46002C9C
:105250000FD068480068C007C00FB04218D2654F31
:1052600038684008400030433860FFF7BBFB054614
:1052700009E00120F8BDFFF7B5FB411B5E48814204
:1052800001D90320F8BD3868C007C00FB042F2D181
:1052900020785A4F800705D5F868F0218843A16827
:1052A0000843F8602078C00760D06068022808D002
:1052B00003280BD001280ED03968890510D40120AD
:1052C000F8BD396889030BD40120F8BD396889011C
:1052D00006D40120F8BD3968490701D40120F8BD82
:1052E000F968890889000143F960FFF77BFB0546EF
:1052F000606802280CD0032818D0012824D031E09F
:10530000FFF770FB411B3C48814201D90320F8BDE7
:10531000F8680007800F0228F2D127E0FFF762FB50
:10532000411B3548814201D90320F8BDF8680007C8
:10533000800F0328F2D119E0FFF754FB411B2E48E0
:10534000814201D90320F8BDF8680007800F0128C9
:10535000F2D10BE0FFF746FB411B2748814201D900
:105360000320F8BDF8680007800FF3D121480168D9
:10537000C907C90FB14217D9014608684008400063
:1053800030430860FFF72EFB054607E0FFF72AFBD6
:10539000411B1948814201D90320F8BD1548006816
:1053A000C007C00FB042F1D12078400706D5F86899
:1053B000072109028843E1680843F8602078000764
:1053C00007D5F8680721C90288432169C900084345
:1053D000F86000F061F8F968094A0906090F515CA4
:1053E000C8400849086008480068FFF7B3FD002876
:1053F000D3D1F8BD00200240881300000010024005
:10540000DCCE000848000020AC00002010B50F22C0
:1054100002600C4AD3689B079B0F4360D368F0245B
:1054200023408360D368072424022340C360D268EA
:10543000E3001A40D208026103480068C007C00FA9
:10544000086010BD001002400020024001480068C2
:10545000704700004800002000B5FFF7F7FF04493F
:10546000C968044A4905490F515CC84000BD0000A5
:1054700000100240F5CE000800B5FFF7E7FF044931
:10548000C968044A8904490F515CC84000BD000046
:1054900000100240F5CE000870B5214EF2680C21D4
:1054A000104608401F498B0004280CD04D000828E6
:1054B00010D00C2810D070680004410F491C012046
:1054C000C003884070BD3068C00601D5084670BD75
:1054D000184670BD284670BD9002134C000F205C2A
:1054E0001202940F641CF268D20307D5294603F018
:1054F00086FC22460023FAF727FE70BD3268D206EA
:1055000006D503F07CFC22460023FAF71DFE70BD91
:10551000194603F074FC22460023FAF715FE70BD0D
:105520000010024000093D00ECCE0008FEB5044624
:10553000002C0FD0FE4DEE680C200640EF680120D5
:10554000000407402078C00753D0082E08D00C2E46
:1055500002D00DE00120FEBD01200004874207D1EA
:105560002868800345D56068002842D10120FEBD2F
:10557000012061680004814203D129680143296048
:1055800015E0052301221B049204994206D12968E3
:105590001143296029680143296008E02968814393
:1055A000296029680140009128689043286060685C
:1055B00000280FD0FFF716FA019007E0FFF712FA64
:1055C0000199401A642801D90320FEBD2868800390
:1055D000F4D50EE0FFF706FA019007E0FFF702FAB4
:1055E0000199401A642801D90320FEBD2868800370
:1055F000F4D4207880075AD5E0680921042E0DD014
:105600000C2E01D1002F09D000283ED02A688A43F1
:1056100002432A60FFF7E6F907462AE02A685207A4
:1056200001D500281CD06A681F231B029A432369F6
:105630001B021A436A602A688A4302432A60FFF702
:105640002BFFE96809060A0FBA49895CC840BA49C4
:105650000860BA480068FFF77DFC0028C5D126E045
:105660000120FEBDFFF7BEF9C01B022801D90320AF
:10567000FEBD28684007F5D568681F2109028843E8
:10568000216909020843686011E028684008400069
:105690002860FFF7A7F9074606E0FFF7A3F9C01B4C
:1056A000022801D90320FEBD28684007F5D42078E0
:1056B000C00664D5002E0BD0A06900284CD0286805
:1056C000FF21013108432860FFF78CF9074631E0DC
:1056D0002868800502D5A069002822D068680721C3
:1056E00049038843216A084368606868217F000293
:1056F000000A090608436860206A410B491C012022
:10570000C0038840E96809060A0F8A49895CC840D5
:105710008949086089480068FFF71CFC0028C2D14D
:105720002DE00120FEBDFFF75DF9C01B022801D965
:105730000320FEBD28688005F5D568680721490368
:105740008843216A084368606868217F0002000A74
:1057500009060843686012E02968FF200130814390
:105760002960FFF73FF9074606E0FFF73BF9C01B4A
:10577000022801D90320FEBD28688005F5D42078D1
:105780006F4F000729D56069002813D038690121BF
:1057900008433861FFF726F9019007E0FFF722F987
:1057A0000199401A022801D90320FEBD38698007FB
:1057B000F4D512E03869400840003861FFF712F96B
:1057C000019007E0FFF70EF90199401A022801D96C
:1057D0000320FEBD38698007F4D42078400775D5D2
:1057E00000200090A86BC00006D4A86B0121090717
:1057F0000843A8630120009052480168C90514D4E9
:10580000014608688A1510430860FFF7EBF801901D
:1058100007E0FFF7E7F80199401A642801D903204F
:10582000FEBD48480068C005F3D5FF20A2680130DE
:10583000824203D13969014339611BE001218902A8
:10584000002A0AD005231B029A420DD13A690A4365
:105850003A613969014339610CE03A6982433A613E
:1058600038698843386105E03A6982433A613869AA
:1058700088433861A068002810D0FFF7B3F8019082
:1058800008E0FFF7AFF80199411A2F48814201D98A
:105890000320FEBD38698005F3D50FE0FFF7A2F8BD
:1058A000019008E0FFF79EF80199411A26488142CD
:1058B00001D90320FEBD38698005F3D40098012882
:1058C00004D1A86B012109078843A863606A0028F6
:1058D0006DD00C2E52D001273F06022806D0286832
:1058E000B8432860FFF77EF8044643E02868B843D1
:1058F0002860FFF777F8064606E0FFF773F8801B8D
:10590000022801D90320FEBD28688001F5D4E16A90
:10591000A06AEA680843216BFD231B049A431143E4
:105920000843E860286838432860FFF75BF80DE01B
:1059300000100240DCCE000848000020AC0000202F
:10594000401002400070004088130000044606E04A
:10595000FFF748F8001B022801D90320FEBD286884
:105960008001F5D523E0FFF73DF8001B022801D99F
:105970000320FEBD28688001F5D418E0012814D06A
:10598000E86801210904A26A014091420BD10F216C
:105990008904E26A0140914205D10321890508404A
:1059A000216B884203D00120FEBD0120FEBD0020F6
:1059B000FEBD704702480168491C01607047000045
:1059C0004400002010B504462068C068400509D591
:1059D0002046FFF7EFFF2068C16880221140054A8A
:1059E0008918C16001200449000548610120203464
:1059F000607010BD7FFBFFFF00040140024801689A
:105A0000491C0160704700004400002070B5044646
:105A1000206881688025C90400290BDAC068C005A8
:105A200008D52046FFF7EAFF2068C1682940FF3902
:105A30008239C1602068816889040BD5C0688005FF
:105A400008D52046FFF7B5FF2068C168054A294000
:105A50008918C160012004494004486101202034B4
:105A6000607070BD7FFDFFFF0004014010B50B4664
:105A7000006841680D480140080CD870CC04E40E61
:105A80005C708C06A40E9C700904490F1970002AE2
:105A90000AD102F013FAD870587802F00FFA587051
:105AA000987802F00BFA9870002010BD3FFFFF00BD
:105AB00010B50B460168896A596001680969490493
:105AC000490C9960006801680E4801408802800E08
:105AD00018704C04640E5C704C06640E9C70090CCB
:105AE00040242140D970002A0AD102F0E7F9187049
:105AF000587802F0E3F95870987802F0DFF998705E
:105B0000002010BD7F7F7F00F8B50446002C05D033
:105B1000254620356878002802D006E00120F8BD2F
:105B200000202870204600F055F802206870216897
:105B3000CA204862216853204862204602F0D1F909
:105B4000FF260427002804D0206846626F700120D9
:105B5000F8BD206881681E4A114081602068816814
:105B60006268A369114322691A4311438160216865
:105B7000E06808612068016922891204114301610B
:105B80002068C16880229143C1602068C16C890887
:105B90008900C164E169606901432068C26C1143F6
:105BA000C1642068806880060BD4204600F0ECF9C0
:105BB000002806D0206846626F70002028700120FF
:105BC000F8BD20684662012068700020F8BD000022
:105BD000BFFF8FFF10B50068084988420DD1084803
:105BE0000169012292041143016100221146022041
:105BF000FFF728FA0220FFF719FA10BD002800402D
:105C000040100240FEB50B4604461146254620359D
:105C1000287801283ED001202870022068701A469A
:105C200020320027002937D020688068400600D441
:105C3000DF70D869844618789E7800040643587847
:105C4000D978000209040843064310780006064389
:105C500060460643586906439969586808430090AE
:105C60002168CA204862216853204862FF22586A8E
:105C700001328023904252D1206881689143816033
:105C80002068C1681940FF398239C160FEF7AAFE59
:105C900001902FE00220FEBD20688068400600D4FD
:105CA000DF70187802F012F90604587802F00EF945
:105CB00000020643987802F009F90643D8780004F8
:105CC0000643107802F002F900060643D86906433D
:105CD00058690643C0E7FEF785FE0199411A7D2009
:105CE000C000814206D92168FF2048620320687005
:105CF0002F70FEBD2068C068C007ECD02068C66168
:105D000021680098486420688168FF2201321143AD
:105D100081602068816812011143816032E020684F
:105D2000816801225202914381602068C1681E4A45
:105D300019408918C160FEF755FE01900EE0FEF78C
:105D400051FE0199411A7D20C000814206D9216887
:105D5000FF204862032068702F70FEBD2068C06875
:105D60008007ECD520680662216800988864206866
:105D7000816801225202114381602068816812010A
:105D80001143816009480268012149040A43026005
:105D900082680A4382602168FF204862012068709F
:105DA0002F700020FEBD00007FFDFFFF00040140BA
:105DB000F8B504460B46254620352878012806D03C
:105DC0000120287002206870002A02D008E002201A
:105DD000F8BD5878C10603D5EF2108400A30587045
:105DE000002A1DD0D8789E78000406435878197888
:105DF00000024903084306432168CA20486221681B
:105E000053204862204602F06CF80027002818D082
:105E10002168FF204862042068702F700120F8BDBF
:105E2000D87802F053F80604587802F04FF80002D0
:105E30000643987802F04AF8064318784003064370
:105E4000DAE711480640206846602068C168802271
:105E50009143C1602068806880060CD4204600F021
:105E600093F8002807D02168FF204862042068705A
:105E70002F700120F8BD2168FF2048620120687062
:105E80002F700020F8BD00003FFFFF00F8B504466A
:105E90000D46264620363078012829D00120307062
:105EA000022070700027002A24D0206880684006F5
:105EB00000D4EF702978A878090408436978EA7853
:105EC000090212041143084300902168CA20486265
:105ED000216853204862204602F003F8002820D0B1
:105EE0002168FF2048620420707037700120F8BDDF
:105EF0000220F8BD20688068400600D4EF70287842
:105F000001F0E4FF0204687801F0E0FF00020243C0
:105F1000A87801F0DBFF0243E87800040243009216
:105F2000D3E7184900980840216808602068816814
:105F30000122920491438160E96828690143206845
:105F40008268114381602068C16880229143C160EA
:105F50002068806880060CD4204600F015F80028E0
:105F600007D02168FF20486204207070377001203C
:105F7000F8BD2168FF204862012070703770002052
:105F8000F8BD00007F7F7F0070B505462868C168B6
:105F9000A0229143C160FEF725FD04467D26F60050
:105FA00006E0FEF71FFD001BB04201D9032070BDC3
:105FB0002868C0688006F4D5002070BD70B504461E
:105FC000002C10D0022025464035687420680168F6
:105FD000402291430160204600F064F80020606593
:105FE0006874287470BD012070BDF8B50446002C9B
:105FF0000ED0FF27606A0537002600280AD02661E8
:106000006661A66225464035687C002807D00AE014
:106010000120F8BD6068B842F3D0E661F1E72E7464
:10602000204600F075F80221697420680268402358
:106030009A4302602123A26860689B021A4038409C
:106040001043E3688A021340184323690B40217D03
:106050001843C907C90F0843A169931019400843A1
:10606000E169382319400843216A80231940084315
:10607000A16A93001940084321680860A0690421BF
:10608000000C0840616A10231940084321684860E9
:106090002068C1699143C161666501206874002070
:1060A000F8BD000010B586B000681749884229D1B4
:1060B0001648416B82149143416305242407F02163
:1060C0002046FEF735FBF0210191012002900021CE
:1060D0000391049101A92046FEF7C8FB012210217B
:1060E0002046FEF778FC012220212046FEF773FCB3
:1060F000012240212046FEF76EFC0122802120462D
:10610000FEF769FC06B010BD0030014000100240EF
:10611000F0B587B00446142102A8FAF7CAFA154967
:106120002068884223D11448416B82141143416393
:10613000C16A01252943C162C06A28400190F0204C
:1061400002900220039000240494032605960694EE
:1061500005273F0702A93846FEF788FB102002906A
:1061600003950494059602A93846FEF77FFB07B015
:10617000F0BD00000030014000100240FFB583B0C8
:1061800004461D460027FF2126466068053140363B
:10619000884202D1A06800280CD0307C012814D09D
:1061A00001203074FEF71EFC0290707C01280ED096
:1061B000022783E004207074049A0095114620465B
:1061C000059B00F045F907B0F0BD0220FBE70498FD
:1061D00000282BD00598002828D0042070740020B7
:1061E00060650499A1630599A1870599E1872063FA
:1061F000A086E086206460640122A068D20340216A
:10620000904208D1206802688A43026020680268D0
:106210000B029A43026020680268520602D40268A8
:106220000A430260E06800281AD037E0012745E001
:1062300020688168C90709D0007BA16B0870A06B3A
:10624000401CA063E08F401EE08709E0FEF7CAFB18
:106250000299401AA84201D3681C05D1002D03D031
:10626000E08F0028E4D11CE0032727E02068816844
:10627000C90709D0C068A16B0880A06B801CA0630F
:10628000E08F401EE08709E0FEF7ACFB0299401A60
:10629000A84201D3681C17D1002D15D0E08F00282B
:1062A000E4D129462046029A01F042FE002801D09E
:1062B00020206065606D002800D0012701207074E7
:1062C0000020307438467EE70327F7E7FFB583B038
:1062D00004461D46002726464036307C01280AD059
:1062E00001203074FEF77EFB02900599707C012836
:1062F00004D00227A6E0022007B0F0BD04980028D1
:1063000033D00598002830D00320707400206065D9
:10631000049A2263059AA286059AE286A063A08762
:10632000E087606420640122A068D203904209D112
:106330002068026840239A430260206802681B02BA
:106340001A43026020680268520603D402684023A0
:106350001A4302600122E068D202904230D16068A4
:10636000002804D0012902D024E001276AE0206B34
:1063700021680088C860206B801C2063E08E401E6E
:10638000E08617E020688168890709D5216B0988B4
:10639000C160206B801C2063E08E401EE08609E017
:1063A000FEF720FB0299401AA84201D3681C05D1D0
:1063B000002D03D0E08E0028E4D12CE0032741E03B
:1063C0006068002801D0012922D1206B2168007863
:1063D0000873206B401C2063E08E401EE08617E0AF
:1063E00020688168890709D5216B09780173206BC2
:1063F000401C2063E08E401EE08609E0FEF7F2FAC2
:106400000299401AA84201D3681C11D1002D0FD067
:10641000E08E0028E4D129462046029A01F0D0FD02
:10642000002801D020206065A068002802D005E087
:10643000032707E02068C16880680190606D00282C
:1064400000D001270120707400203074384653E7D3
:10645000FFB583B00C9E044601250020019027461D
:106460004037387C012810D001203874FEF7BAFA82
:106470000290797C6268069801290ED0D31FFD3BFB
:1064800008D1A268002A05D102E0022007B0F0BDC1
:10649000042902D002200190CEE0049900292DD0D9
:1064A000059900292AD00699002927D0797C04294A
:1064B00001D00521797400216165059AA263069ACD
:1064C000E287069AA287049A2263069AE286069ACF
:1064D000A2862164616421680A68520603D40A68AE
:1064E00040231A430A600122E168D202914249D155
:1064F0006168002905D0012803D03CE0012001900B
:106500009AE0206B21680088C860206B801C2063A3
:10651000E08E401EE0862EE02068816889070ED557
:10652000E18E00290BD0012D09D1216B0988C160B2
:10653000206B801C2063E08E401EE08600252068D2
:106540008168C9070CD0E18F002909D0C068A16B10
:106550000880A06B801CA063E08F401EE0870125AF
:10656000FEF740FA0299401AB04204D3701C02D0E0
:106570000320019060E0E08E0028CDD1E08F00285C
:10658000CAD143E06168002901D0012838D1206BCD
:10659000216800780873206B401C2063E08E401E49
:1065A000E0862DE02068816889070ED5E18E0029FC
:1065B0000BD0012D09D1216B09780173206B401C90
:1065C0002063E08E401EE086002520688168C907B0
:1065D0000CD0E18F002909D0C068A16B0870A06BB6
:1065E000401CA063E08F401EE0870125FEF7FAF90A
:1065F0000299401AB04201D3701C13D1002E11D061
:10660000E08E0028CED1E08F0028CBD13146204645
:10661000029A01F0D5FC002807D00120019020202B
:10662000606509E00320019006E0A068002803D11E
:106630002068C16880680090012078740020387458
:10664000019823E7F0B502462032137E012B1ED0BD
:10665000012616760223537603685D689C687027CE
:10666000BD430F682F435F600068B307984205D0B1
:10667000084B984202D0084B984204D180239C4397
:10668000496821438160567600201076F0BD0220D3
:10669000F0BD0000000801400014014010B50221C7
:1066A00004462034617601680A6A094B1A4203D114
:1066B0000A68520852000A6000F02CF80020A07707
:1066C000A076E076207760776076207610BD0000B7
:1066D0001111000070B50546002D05D02C46203460
:1066E000607E002802D006E0012070BD00202076E8
:1066F000284600F02DF802206076291D286801F058
:10670000AFFF0120A077A076E076207760776076F3
:10671000002070BD10B50068012292070A4990421E
:1067200007D1886B4008400088630F20FEF76EFC9D
:1067300010BD064A9042FBD1886B102290438863BB
:106740001120FEF763FC10BD001002400010004055
:1067500010B50068012292070F4990420CD1886B56
:10676000012210438863002211460F20FEF76AFCC5
:106770000F20FEF75BFC10BD084A9042FBD1886BEE
:10678000102210438863002211461120FEF75AFCA4
:106790001120FEF74BFC10BD00100240001000401D
:1067A000014620314A7E012A01D001207047022291
:1067B0004A760168CB6801221343CB6000689107D9
:1067C000884205D00949884202D00949884208D147
:1067D00081684907490F062906D001681143016005
:1067E00002E0016811430160002070470008014089
:1067F0000014014001680A6A054B1A4203D10A6875
:10680000520852000A600121203041760020704772
:1068100011110000F8B50446002625462035287ED3
:10682000012817D001202876022068762068826827
:106830007727BA43FF231B029A43826008685028D7
:1068400038D00EDC202853D006DC002850D0102889
:106850001ED14DE00220F8BD302849D0402817D184
:106860003CE0602830D0702819D001221203801A31
:106870000FD090420CD1CB684A688968206801F03B
:1068800028FF20688168012292031143816000E0A3
:10689000012601206876002028763046F8BDCB68B6
:1068A0004A688968206801F014FF206881683943CC
:1068B0008160EEE7CA684968206801F08AFF5021CC
:1068C000206801F011FFE4E7CA684968206801F018
:1068D00091FF6021206801F007FFDAE7CA68496884
:1068E000206801F076FF4021206801F0FDFED0E72E
:1068F00022680146104601F0F7FECAE7704770B5FE
:106900000446206801690025C9438907002916DB70
:10691000C168C943890712D4E91E016101202076AC
:1069200020688069800703D02046FFF7E7FF05E075
:10693000204600F0A1F8204600F030F925762068C6
:106940000169C943490718D4C168C943490714D428
:106950000421C943016102202076206880698005F6
:10696000800F03D02046FFF7C9FF05E0204600F066
:1069700083F8204600F012F9257620680169C943A2
:10698000090717D4C168C943090713D40821C943AB
:106990000161042020762068C069800703D020466A
:1069A000FFF7ACFF05E0204600F066F8204600F057
:1069B000F5F8257620680169C943C90618D4C1686D
:1069C000C943C90614D41021C943016108202076A7
:1069D0002068C0698005800F03D02046FFF78EFF36
:1069E00005E0204600F048F8204600F0D7F825766C
:1069F00020680169C943C90708D1C168C943C907EB
:106A000004D1891E0161204600F034F92068016933
:106A1000C943490609D4C168C943490605D4402180
:106A2000C9430161204600F039F970BD10B586B048
:106A30000446142101A8F9F73CFE012120688907CA
:106A4000884215D10B48C16A01221143C162C06A54
:106A500010400090D003019002200290002003908B
:106A6000032004900520059001A90007FDF7FEFE14
:106A700006B010BD00100240704770B50546002DED
:106A800005D02C462034607E002802D006E001208C
:106A900070BD00202076284600F00FF802206076B6
:106AA000291D286801F0DCFD0120A077A076E076A2
:106AB000207760776076002070BD7047F8B5044697
:106AC0000D46002726462036307E01280ED00120B4
:106AD0003076002A0CD0042A1ED0082A33D00C2A83
:106AE00045D00127002030763846F8BD0220F8BD99
:106AF0002946206801F000FE2068816908221143C0
:106B000081612068826904218A43826120688169E9
:106B1000EA6811438161E5E72946206801F004FE37
:106B2000206882690121C9020A4382612068816963
:106B3000012292029143816120688169EA68120210
:106B400011438161CEE72946206801F009FE2068E3
:106B5000C16908221143C1612068C26904218A43C6
:106B6000C2612068C169EA681143C161BAE7294678
:106B7000206801F010FE2068C1690122D202114391
:106B8000C1612068C269012189028A43C26120680B
:106B9000C169EA6812021143C161A3E770470000AE
:106BA00070B505462C462034002908D0042908D0A9
:106BB000082908D0627F012A07D0012070BDA27E7B
:106BC000F9E7E27EF7E7227FF5E7022000291DD0F2
:106BD00004291DD008291DD060770122286801F002
:106BE0006BFD0121286889070122884205D00D49E3
:106BF000884202D00C4988420ED181684907490F6A
:106C000006290CD001681143016008E0A076E4E792
:106C1000E076E2E72077E0E70168114301600020B9
:106C200070BD0000000801400014014070B504462A
:106C30000D4600222946206801F03EFD2068016AC9
:106C40000B4A114203D10168490849000160012043
:106C50002034002D06D0042D06D0082D06D06077F4
:106C6000002070BDA076FBE7E076F9E72077F7E734
:106C70001111000010B5044606492068884201D170
:106C8000FEF74CF904492068884201D101F038FC34
:106C900010BD00000008014000100040704770B5B2
:106CA0000446002C19D02420A067206801684908F8
:106CB0004900016020680025056020684560206863
:106CC0008560204600F044F880200551A567E567FF
:106CD000256660342575002070BD012070BD10B59B
:106CE0000446002C03D0A06F002802D007E001204A
:106CF00010BD002174200155204600F069F82420C1
:106D0000A06720680168490849000160204601F039
:106D100031FE012819D0606A002802D0204601F017
:106D20008FFD206841680922D202914341602068AA
:106D300081682A2291438160206801680122114301
:106D40000160204601F0E2FD10BD012010BD0000F1
:106D500010B5016819481A4A81420DD1906B012182
:106D6000890488439063032189021648FDF7E0FCFB
:106D70001D20FEF74BF910BD134B0520000799426B
:106D80000CD1516B01239B039943516303214902A9
:106D9000FDF7CEFC1B20FEF739F910BD0B4B9942D5
:106DA000FBD1916B01235B04994391630C21FDF7A7
:106DB000BFFC1C20FEF72AF910BD0000004800406F
:106DC0000010024000040050003801400044004020
:106DD000F0B587B00446142102A8F9F76AFC364ED4
:106DE000216800233548022203240425B1421DD125
:106DF000816B560431438163C16A1143C162C06A29
:106E000010400190A002029003920493059406950D
:106E100002A92B48FDF72AFD002211461D20FEF78E
:106E200011F91D20FEF702F907B0F0BD254F01262C
:106E3000B9421ED1416BB70339434163C16A314343
:106E4000C162C06A30400190032040020290039268
:106E5000049305940695052002A90007FDF706FD99
:106E6000002211461B20FEF7EDF81B20FEF7DEF88E
:106E7000DAE7154FB942D7D1816B01277F04394337
:106E80008163C16A3143C162C06AC007C00F01900B
:106E90000C2002900392049305940695052002A904
:106EA0000007FDF7E3FC002211461C20FEF7CAF89C
:106EB0001C20FEF7BBF8B7E7004800400010024076
:106EC000000400500038014000440040FFB583B08A
:106ED00004460E461546A06F202802D0022007B0B7
:106EE000F0BD002E0AD0002D08D00120A1680003BB
:106EF000814209D12069002802D005E00120EEE797
:106F0000F00701D00120EAE7204660300290007DC2
:106F100001281CD002980121017500208021085110
:106F20002120A067FDF75EFD0190274640373D8296
:106F30007D820120A1680003814202D120690028DE
:106F400007D03546002602990020087518E0022077
:106F5000C5E70025F7E7069800900022802120462B
:106F6000019B01F02DFE002801D00320B7E7002D82
:106F700015D0287821686D1C8862788A401E788236
:106F8000788A0028E7D10698009000224021204608
:106F9000019B01F015FE002808D003209FE73088F0
:106FA000B61CC0052168C00D8862E6E72020A067F6
:106FB000002094E7FEE701688A69D243920701D472
:106FC00000228A6200688169C943C90703D08169C8
:106FD0000122114381617047F8B504460E461746F9
:106FE00020688169C943C9063AD44168890104D43B
:106FF000416801229203114341602546403508E073
:10700000701C06D0FDF7EEFCC01BB0421ED8002E4F
:107010001CD020688069C0438006F1D4216810200C
:10702000C86120682026C6612046FFF7C4FF20689B
:1070300041680C4A11404160606C0421084360645F
:107040006E700020A87028700120F8BD616C2020AF
:107050000143616468700020A87028700120F8BDA9
:107060000020F8BD00E800FE3EB5069CFF25F53582
:10707000A4B200930295019493B20A7881B20248B7
:10708000FDF78AFD3EBD000018010020F8B5079FFE
:10709000044616461D4619480090EAB200232046D1
:1070A00000F068F83A462046069900F0C5F8002836
:1070B00001D00120F8BD2846F5B201280BD0216887
:1070C000300A88623A462046069900F0B5F8002852
:1070D00004D00120F8BD2068856201E02068856247
:1070E0000097002240212046069B00F057F8002818
:1070F00001D00120F8BD0020F8BD00000020008074
:10710000F8B5079F044616461D4619480090C3026D
:10711000EAB2204600F02EF83A462046069900F0E2
:107120008BF8002801D00120F8BD2846F5B20128CF
:107130000BD02168300A88623A462046069900F052
:107140007BF8002804D00120F8BD2068856201E0AA
:10715000206885620097002280212046069B00F06F
:107160001DF8002801D00120F8BD0020F8BD000066
:1071700000200080F0B5059C00684568660D890513
:10718000890D054F120411433E431943B543214372
:107190000D434560F0BD0000FF63FF03F8B50546F1
:1071A0000E4617461C4609E0601C07D0FDF71AFC86
:1071B0000699401AA0420BD8002C09D02868816992
:1071C000304688430FD00020B842EDD00020F8BDF3
:1071D000696C202001436964403568700020A87004
:1071E00028700120F8BD0120EEE770B504460D4679
:1071F00016460FE0324629462046FFF7EDFE0028EE
:1072000001D0012070BDFDF7EDFB801BA84208D81E
:10721000002D06D020688069C0438006EAD4002093
:1072200070BD616C202001436164403460700020B7
:10723000A0702070012070BD70B505460C46164642
:1072400011E0324621462846FFF7C6FE002801D04D
:10725000012070BD601C06D0FDF7C4FB801BA0425E
:1072600008D8002C06D028688069C0438007E8D47D
:10727000002070BD696C202001436964403568704E
:107280000020A8702870012070BD00003EB5064B9C
:1072900001244A1C0293019400920A7881B2234689
:1072A0000248FDF733FD3EBD8813000018010020A1
:1072B0000FB410B5029800280DD0F9F725FA002870
:1072C00009D003AA0648029901F070FD044A81B270
:1072D000104600F007F810BC08BC04B018470000C6
:1072E0007807002010B50A467D230146DB000248DE
:1072F000FFF7ECFD10BD00006C02002018B5104A2D
:10730000D069800610D50F490F4B4889984209D2A1
:10731000546A431C4B810D4BC0186030847232207C
:10732000888101E0506A0090D069000701D50820EB
:1073300010620748C1790A2901D20A21C17118BD1A
:1073400000480040581300201F030000D80F002001
:107350004C0500207047000010B53721202004F0B4
:10736000CBFD0321212004F0C7FDC021222004F021
:10737000C3FD8821232004F0BFFD0421242004F054
:10738000BBFD7F21302004F0B7FD0321322004F043
:10739000B3FD0321332004F0AFFD07484079C00658
:1073A00004D40F21202004F0A7FD03E04F2120206A
:1073B00004F0A2FD002010BD4C05002030B593B0B4
:1073C00075A042680168806811921091129075A0B2
:1073D00003C80F910E90012005F06AFA012005F014
:1073E00059FA04F017FF142000F008FBFBF7D8F857
:1073F000FAF788FEFBF79CF86C4C042220462330F9
:10740000E11D0546F9F73CF9204610226849133082
:10741000F9F736F966492046082210390B30F9F79A
:107420002FF9634904221C392846F9F729F96049E4
:107430002046102210312730F9F722F95C49204606
:10744000102220313730F9F71BF9FBF799FAFBF7D7
:10745000F3F8FBF755F90020FBF7EEF90A20FBF7EC
:10746000B1FA03210120FBF71BFAFBF759FAFF20C1
:10747000FBF7B2F9FBF7C0F8142000F0BFFAFAF7F7
:1074800007FDFAF7A9FBFAF713FBFAF7B7FDFAF7CE
:1074900033FCFAF745FFFAF737FDFAF7D3FFFAF7AF
:1074A000C3FEFAF701FFFBF709F8FAF769FDFAF7EF
:1074B000B3FCFBF7A1F8142000F0A0FA002005F0BF
:1074C000F7F93CA20A2110A801F040FC35A20521E1
:1074D0000EA801F03BFC39A0FFF7EAFE00F0ACFA81
:1074E0001E21042212230593069207913F4940A2D0
:1074F0000EAB1A250093019202910390049510ABF4
:10750000282203213BA0FFF7D3FEA07A617A227ADA
:10751000E3790193029203910490A079009063793A
:107520002279E17841A0FFF7C3FE20462030817820
:1075300042780078E37F09930B920C910A90A07F28
:10754000617F227FE37E0593069207910890A17EDA
:10755000607E227EE37D0193029204910390A07DE0
:107560000090637D227DE17C3B48FFF7A1FEA07C7B
:10757000617C227CE37B0193029203910490A07BC7
:107580000090637B227BE17A34A0FFF791FE0BA091
:10759000FFF78EFE13B030BD41533932335F415394
:1075A000320000004F5441410000000058140020F8
:1075B0007800002041553931350000000D0A2A2A93
:1075C0002A2A2A2A2A2A2A2A2A2A2A2A2A2A2A2A1B
:1075D0002A2A2A2A2A2A2A2A2A2A2A2A2A2A2A2A0B
:1075E0002A2A2A2A2A2A0D0A00000000E70700009A
:1075F000410000000D0A536F66745665723A5625B5
:10760000642E25645F25735F25735F436C6173731C
:1076100025735F4C49525F25642E25642E25645FD7
:1076200025643A25643A25640D0A00000D0A446574
:10763000764575693A2530327825303278253032F2
:10764000782530327825303278253032782530323E
:1076500078253032780D0A00A4D400080D0A417054
:10766000704575693A2530327825303278253032C8
:10767000782530327825303278253032782530320E
:1076800078253032780D0A00F8B503F03DFF824DC1
:10769000A96888421CD303F037FFFF30F530A8609B
:1076A0007E4C7F4F217A00267E480B0001F0BFFB05
:1076B0000504112C7EB31000E9680068814207D8E8
:1076C000E079022804D178483C21C1710120207260
:1076D000F8BD72484038017849084900017001201E
:1076E00005F0E6F8012005F0D5F804F093FD14202C
:1076F00000F084F9002005F0CDF8642000F07EF958
:107700006E8002202072F8BD03F068FE002818D0B9
:1077100003F09CFE002814D0032020723878002843
:1077200007D062A162A0FFF7C3FD63A0FFF7C0FD11
:10773000F8BD6EA15EA0FFF7BBFD6DA0FFF7B8FD21
:10774000F8BD6888401C688068A159A0FFF7B0FDAB
:10775000698870A0FFF7ACFD6888F028F0D36E80D0
:107760003878002813D051A151A0FFF7A1FD71A0D6
:10777000FFF79EFDFF20F53000F040F94BA14CA033
:10778000FFF796FD77A0FFF793FD3E7009E07EA11D
:1077900047A0FFF78DFD7EA0FFF78AFD4249032039
:1077A000C8710220E07104202072F8BD38780028EA
:1077B0000FD03E707D20C00000F020F93BA13CA01E
:1077C000FFF776FD7AA0FFF773FDFF20F53000F09C
:1077D00015F96E802E70314801224038017811432E
:1077E00001702672E6717D207A49000108808410BC
:1077F0001E212046FBF774F9204600F0FFF81E21F9
:107800002046FBF76DF9C82000F0F8F81E21600053
:10781000FBF766F9F8BD24490A22CA7126720221D3
:10782000E171E9680068814231D82978491CC9B200
:107830002970052901D9052129702A786649130084
:1078400001F0F5FA061B04090E13181BE121C9000B
:107850004018E86013E0E12109014018E8600EE0FB
:10786000E12149014018E86009E0E121C90140181F
:10787000E86004E04018E86001E04018E8601BA1FF
:107880000BA0FFF715FD55A0E968FFF711FD0020DB
:1078900005F00EF8F8BD00005800002098140020F4
:1078A0000C000020400000204C05002041434B000C
:1078B0000A5B25735D000000666163746F72794D29
:1078C0006F646520544854422053656E736F722074
:1078D000537465703A4C6F526120526567697374D6
:1078E0006572205375636573730000004C4F470049
:1078F000544854422053656E736F72204C6F52612E
:10790000205265676973746572205375636573737C
:10791000000000004C6F526157414E20576169745E
:1079200020456E74657220496E204E657420256472
:1079300000000000666163746F72794D6F646520AA
:10794000544854422053656E736F722053746570AF
:107950003A4C6F52612052656769737465722046B4
:1079600061696C00666163746F72794D6F64652044
:10797000544854422053656E736F7220537465707F
:107980003A457869740000005741524E00000000EB
:107990004C6F526157414E20456E74657220496E9E
:1079A000204E65742054696D656F75742100000068
:1079B000666163746F72794D6F64652054485442F8
:1079C0002053656E736F7220537465703A46696E0A
:1079D00069736800180000208051010055706461CF
:1079E0007465205265636F6E6E6563742054696DB3
:1079F000657374616D703A20256C640010B5FCF7F6
:107A00009DFD10BD10B504462046F8F77DFE81B2FD
:107A1000204600F001F810BD10B50A467D2301464E
:107A2000DB000348FFF752FA02490A20C87110BD73
:107A3000E80100204C050020072070471CB51B48BA
:107A4000416B421511434163002100910191194896
:107A5000174A0260C16303229207426081600622D6
:107A6000826301220261C1600246203211705170AE
:107A70008162FF23C23343621173042242610163B6
:107A800081614163C161FCF77FFB002801D0FBF7F6
:107A9000FBFA094800904014019069460548FCF73C
:107AA000C3FA002801D0FBF7EFFA1CBD001002401A
:107AB00000240140BC00002000010020F0B587B088
:107AC000142102A8F8F7F5FD4348C16A01252943AE
:107AD000C162C16A29400191C16A02242143C16285
:107AE000C06A204001903D4E002231463C48FCF7E0
:107AF00072FF029411273F0403970024049402A903
:107B00003748FCF7B3FE042002900394049402A9C2
:107B10003348FCF7ABFE02960395049403260596C2
:107B200002A92F48FCF7A2FE052000223912000707
:107B3000FCF751FF0022A9032948FCF74CFFA803DA
:107B4000029003950494059602A92548FCF78EFE41
:107B500038120290039504940596052002A90007A7
:107B6000FCF784FEE80302900394049402A91C48E5
:107B7000FCF77CFEE802029003940494052002A91D
:107B80000007FCF773FE029503970494052002A9F1
:107B90000007FCF76BFE012200210520FDF752FAD9
:107BA0000520FDF743FA01220E490F4802F07EF846
:107BB0000E4A03210C4801F07AFF0D4A04210A48BD
:107BC00001F075FF0B4A0521074801F070FF0648D8
:107BD00002F088F807B0F0BD00100240203000002D
:107BE000000400506DB40008F00500208D2B000843
:107BF0005D2B0008712B000810B513481149016076
:107C000004214160002181600122C2600161416163
:107C10008161C1610162FCF761FF002801D0FBF7BF
:107C200033FA00210848FCF7E3FE002801D0FBF7F7
:107C30002BFA00210448FCF702FF002801D0FBF7D3
:107C400023FA10BD005400401801002010B512485E
:107C5000104C0460E1214902416000218160C16053
:107C600001610C224261816101624162FFF737F8D4
:107C7000002801D0FBF708FAEFF31080012181F30F
:107C800010882168FF2221321143216080F310887F
:107C900010BD0000004800406401002010B50F48EE
:107CA0000D490160FF210531416000218160C16003
:107CB000022202610122426152028261C1610162BB
:107CC000416281620721C162FEF78FF9002801D06D
:107CD000FBF7DAF910BD000000300140140300206A
:107CE00010B51248104C04604B21C90141600021BD
:107CF0008160C16001610C2242618161C1610162E8
:107D00004162FEF7ECFF002801D0FBF7BDF9EFF36D
:107D10001080012181F310882168FF222132114354
:107D2000216080F3108810BD00380140E801002078
:107D300010B51548134C0460E1214902416000214F
:107D40008160C16001610C2242618161C161016297
:107D500030214162A11481634900C163FEF7BFFF76
:107D6000002801D0FBF790F9EFF31080012181F397
:107D700010882168FF2221321143216080F310888E
:107D800010BD0000004400406C020020FEE700002F
:107D900070B596B0044642484049016000264660EE
:107DA0007F218160FF214931C16006618661C66122
:107DB000FDF7AAFE002801D0FBF766F9FF2001308D
:107DC0000F90012008A9087680070D9040000B90C5
:107DD0000F2000060C906946CE76207A087620792E
:107DE0004876207888760796002206A92C48FDF769
:107DF00009FF002801D0FBF747F92A4D7D21287D96
:107E00000901401A10A9C875287C401C4875287BB8
:107E1000401E8875287E401C0875002215A9204840
:107E2000FDF7C6FF002801D0FBF72EF9287A10A92C
:107E300008702879487028788870CE701396149648
:107E400000221748FEF722F8002801D0FBF71CF9A2
:107E5000002211460220FDF7F5F80220FDF7E6F8B2
:107E60001148016901229204114301610FA110A080
:107E7000FFF71EFA28460BC8EA68039302920491A2
:107E8000059028696969401C019000910A4823689F
:107E90006268A168FFF70CFA16B070BD00280040B8
:107EA000F002002020070020401002404C4F470005
:107EB0000A5B25735D00000004D3000801090A2253
:107EC00051430007000F4018C0B27047002102E084
:107ED000491C0A38C0B20A28FAD20907090E084319
:107EE000704770B505462868C168490613D400215B
:107EF000C943C160FCF776FD04467D26F60006E026
:107F0000FCF770FD001BB04201D9032070BD28684A
:107F1000C0684006F4D5002070BD000010B50348CD
:107F2000FDF774FD0148FDF74DFD10BDF002002086
:107F3000F8B50446FF260123606805369B02B0426F
:107F40000AD1A0685D01A84201D0984204D12068FE
:107F500005684027BD43056060682025B0421ED1FA
:107F6000A06898420DD00B46009200228021204646
:107F700000F058F8002820D0606D28436065032089
:107F8000F8BD0B46009200220121204600F04AF87D
:107F9000002812D0606D284360650320F8BD0B46B1
:107FA000009200220121204600F03CF8002804D075
:107FB000606D284360650320F8BD0020F8BD000017
:107FC0007CB504460E461546154814490068F8F776
:107FD00091F87D21C900484301906068C11FFD39B7
:107FE0000ED13346002280212046009500F01AF879
:107FF000002810D0606D20210843606503207CBDFF
:108000000198002807D00198401E019020688068E0
:10801000C0430006F4D500207CBD000000366E0190
:1080200048000020FFB581B004461E460A9DFCF7BB
:10803000D9FC401B351AFCF7D5FC074627480068D9
:108040004001000D684300903BE0701C39D0FCF704
:10805000C9FCC01BA84205D2002D03D000980028FF
:108060002BD02BE020684168E0229143416060689A
:10807000C11FFD390CD10121A068C903884202D07B
:108080004911884204D1206801684022914301606F
:108090000121A06A4903884207D1206802688A4307
:1080A0000260206802680A43026001204034607464
:1080B00000202074032005B0F0BD00250098401E6C
:1080C0000090206881680298884305D000200399B9
:1080D0008842BAD10020EEE70120F8E748000020EE
:1080E0007047000010B5AEB0982108A8F8F7E1FA83
:1080F0000020049005900690079001900290039054
:1081000032214C48F8F7D5FA08234B4A102104A82D
:1081100001F02EFE49A108A8F8F7D6FA102204A90A
:1081200008A8F8F705FB46A108A8F8F7CDFA282219
:1081300044A101A800F026FE01A908A8F8F7C4FA96
:1081400041484288511C41803EA101A800F01AFE1E
:1081500001A908A8F8F7B8FA3CA108A8F8F7B4FAFA
:108160003C4C3DA1228901A800F00CFE01A908A801
:10817000F8F7AAFA3AA101A8226C00F003FE01A9BF
:1081800008A8F8F7A1FA38A101A8626C00F0FAFD7E
:1081900001A908A8F8F798FA35A101A8A26C00F087
:1081A000F1FD01A908A8F8F78FFA33A101A8E26C44
:1081B00000F0E8FD01A908A8F8F786FA30A101A8A7
:1081C000626B00F0DFFD01A908A8F8F77DFA2EA187
:1081D00001A8A26B00F0D6FD01A908A8F8F774FA6F
:1081E0002BA101A8226B00F0CDFD01A908A8F8F78A
:1081F0006BFAA28928A101A800F0C4FD01A908A872
:10820000F8F762FAA28924A101A800F0BBFD01A938
:1082100008A8F8F759FA22A101A8E26B00F0B2FD14
:1082200001A908A8F8F750FA08A804F011F82EB030
:1082300010BD0000180500205B140020522C000027
:108240002C00000025642C000C0000203130312C63
:10825000000000004C050020312C25643B0000008C
:10826000322C25643B000000332C25643B000000C9
:10827000342C25643B000000352C25643B000000B5
:10828000362C25643B000000372C25643B000000A1
:10829000382C25643B000000392C25643B0000008D
:1082A00031302C256400000070B50025224E0122DB
:1082B00020213046FCF78FFB00212048FBF75AFEB7
:1082C00000241E48FCF7EAF832211C48FCF782F82B
:1082D0001A48FBF753FF800503D51848FBF750FFFA
:1082E0002D18641C1E2CECDB15A116A0FEF7E0FF78
:1082F0001E212846F7F7FEFE0246294613A0FEF788
:10830000D7FF00F04DF81B491B488D4209D20121CF
:1083100001741AA10BA0FEF7CBFF1AA0FEF7C8FF4D
:1083200004E0017C002901D00021017400222021F9
:108330003046FCF750FB70BD00040050BC0000202C
:108340004C4F47000A5B25735D000000436F766564
:1083500072742054616D70657220414443205661EF
:108360006C756520526573756C743A2025642C20F9
:1083700025640000F82401004C0500205741524EAE
:1083800000000000446576696365204861732042FF
:1083900065656E2052656D6F766564212121000050
:1083A00010B50248FCF7AAF810BD0000BC00002080
:1083B00030B599B034210CA8F8F77BF9142107A83F
:1083C000F8F777F91C216846F8F773F92048016837
:1083D0000322D202114301600A200C9009200F9061
:1083E0001020109001251195002415940CA8FDF77C
:1083F0009DF8002801D0FAF747FE0F200790089556
:1084000009940A940B94002107A8FCF71DFF00288B
:1084100001D0FAF739FE2F200090029403940494BF
:1084200005940120400401906846FCF751FE0028A5
:1084300001D0FAF729FEFCF711FEFCF707FE05480C
:10844000C1680122D2031143C16019B030BD0000E0
:10845000007000400010024070470000FEB5254843
:108460000168491C0160244E7269521C72613B29EB
:108470003FDD002505604168491C41603B2938DD2E
:1084800045608168491C8160172932DD8560C168BB
:10849000491CC16001918169491C8161062900DD87
:1084A00085611448154A0469A100575C377040691A
:1084B0000090800705D164210098F7F731FE00296C
:1084C00006D1FF2191310098F7F72AFE002901D14A
:1084D0007F1C3770327801990648914209DD0121ED
:1084E000C160641C04610B2C03DD05610099491C0B
:1084F0004161FEBD200700202C000020ACCE00080A
:10850000F8B52B4C6068401C6060A068401CA060FF
:108510002169491C2161274A1089002801D0401E89
:108520001081254A1089002801D0401E1081234D5A
:10853000A888002801D0401EA880214A90890028E0
:1085400001D0401E90811F4A108D002801D0401E8E
:1085500010851D4A1088002801D0401E10807D27FC
:10856000FF000026B94203D32661E068401CE060AA
:108570006078401CC0B26070052802D9667001F0B6
:10858000C3FB6068B8420FD36660FFF767FFA88837
:10859000002809D10D49C879002805D00C4A127865
:1085A000002A01D1401EC871FEF7D4FEF8BD0000BC
:1085B0002C000020CE0F0020C40D0020C40C002091
:1085C0005813002018100020080000204C0500203F
:1085D0000C00002010B50248FEF791F910BD000014
:1085E000C814002010B50248FEF789F910BD00003C
:1085F0006C03002010B50248FEF781F910BD0000A1
:10860000AC0300201CB5134A936B102423439363DF
:10861000002400940194114A0F4B1360491E5160CD
:108620009460401ED060802050611046FEF752F8E2
:10863000002801D0FAF728FD009401946946074804
:10864000FEF700F8002801D0FAF71EFD0348FEF7F8
:10865000A7F81CBD0010024000100040AC03002031
:1086600070B5026801239B07114C124D984203D04C
:10867000A04201D0A84203D17026B2434E683243D3
:10868000984203D0A04201D0A84204D103231B0288
:108690009A43CB681A4380239A430B691A430260BA
:1086A0008A68C262096881620121416170BD00006F
:1086B000000801400014014010B5C906C90E01238D
:1086C0008B40046A9C430462036A8A40134303623A
:1086D00010BD30B58468FF252D02AC431B02134347
:1086E0000B432343836030BD826870239A430A435F
:1086F00007210A438260704730B5026A520852006F
:108700000262026A446883697025AB439B089B0040
:108710000D681D4302239A438B68134344608561AF
:1087200049684163036230BD30B5026A10239A4341
:108730000262036A4568826907242403A243032472
:108740002402A2430C6824021443202293438A6823
:1087500012011A434560846149688163026230BD39
:1087600030B5026AFF2301339A430262026A446809
:10877000C3697025AB439D08AD000B682B430125F1
:108780006D02AA438D682D0215434460C361496898
:10879000C163056230BD30B5026A01231B039A43F1
:1087A0000262036A4568C26907242403A2430324C2
:1087B0002402A2430C68240214430122520393436F
:1087C0008A6812031A434560C46149680164026201
:1087D00030BD30B5036A046A6408640004628469C9
:1087E000F025AC43120122430A24A3430B438261C8
:1087F000036230BD30B5036A1024A343036283696A
:10880000046A0F252D03AB4312031A43A0239C4394
:10881000090121438261016230BD0A0E02700A0C17
:1088200042700A0A8270C17070470278C1781206DD
:1088300089184278807812040002101808187047CE
:1088400010B5818CC90707D001684A6801235B0411
:108850009A43836A1A434A60818C890707D5016865
:108860004A6801231B049A43C36A1A434A60818CF5
:10887000490707D501684A6801239B049A43036BA3
:108880001A434A60818C090707D501684A680123A9
:10889000DB039A43436B1A434A60818CC90607D5B0
:1088A00001688A6801231B039A43836B1A438A6019
:1088B000818C890607D501688A6801235B039A4386
:1088C000C36B1A438A60818C490612D501684B68D4
:1088D00001221205046C934323434B60016C9142C7
:1088E00007D101684A6803235B059A43436C1A4326
:1088F0004A60818C090607D501684A680123DB04B8
:10890000806C9A4302434A6010BD0000F8B50446EB
:10891000002580200551FCF765F8074620680068AF
:10892000134E00070BD501213B4600224905204686
:10893000009600F045F9002801D00320F8BD20681A
:10894000006840070BD501213B46002289052046DF
:10895000009600F035F9002801D00320F8BD202052
:10896000A067E0672566603425750020F8BD00002B
:10897000FFFFFF01F8B504460025894B20682269F6
:10898000A168E66911436269324311430268854E6A
:1089900032400A4302602068416803221203914377
:1089A000E26811434160A0692168994201D0226ABE
:1089B00010438A680B263602B24302438A607A4922
:1089C00022687A488A4213D1C0688007800F07D096
:1089D000012809D0022805D0032807D0102738E045
:1089E000012736E0022734E0042732E0082730E090
:1089F0006F498A4213D1C0680C21084007D004286F
:108A000009D0082805D00C2807D0102721E000271E
:108A10001FE002271DE004271BE0082719E09A4207
:108A200016D1C0680321890208400BD001218902B8
:108A3000401A0BD0401A07D0884201D1082708E01D
:108A4000102706E0002704E0022702E0042700E0E8
:108A5000102756495748403986009A4236D1002F90
:108A600013D0022F14D0042F17D0082F18D00020B5
:108A70000125002808D0626851005118814202D8AF
:108A8000110381420FD2012584E0FCF7E5FCF0E7F9
:108A90000968C906EDD43046EBE7FCF7FDFCE8E7D2
:108AA0000120C003E5E7010E06025008002330183C
:108AB0005941F7F749FB032109023F4A411A914204
:108AC00002D82168C86065E0012563E00122E369FE
:108AD000D203934232D13B0000F0A9F90906090CF8
:108AE0001611161616141600FCF7B6FC0EE0FCF76D
:108AF000C3FC0BE00968C90608D4304606E0FCF761
:108B0000CBFC03E0104601E000200125002841D005
:108B1000616840004A088018F7F7ECFA80B2024614
:108B20002649103A8A4207D8491C01400007420FE3
:108B30000A432068C2602DE001252BE03B0000F0D5
:108B400076F90906090C1611161616141600FCF70C
:108B500083FC0EE0FCF790FC0BE00968C90608D422
:108B6000304606E0FCF798FC03E0104601E00020E8
:108B7000012500280ED061684A081018F7F7BAFAE4
:108B800080B201460D4A1039914202D82168C8606E
:108B900000E0012500206066A0662846F8BD0000C0
:108BA00000480040F369FFEF0038014040100240E8
:108BB0000044004000093D00FFFC0F00EFFF0000F3
:108BC000FFB581B00A9D04460F462646603658E040
:108BD000681C56D0FBF706FF0499401AA84230D80B
:108BE000002D2ED02068016849074AD5C069C043CE
:108BF000000546D401202168C0020862EFF310810D
:108C0000012080F3108820680368FF22A13293437B
:108C1000036081F31088EFF31081012080F3108846
:108C20002068826852085200826081F310882020F8
:108C3000A067E0678034206000203075032005B015
:108C4000F0BDEFF31081012080F3108820680368E5
:108C5000FF22A1329343036081F31088EFF3108168
:108C6000012080F3108820688268520852008260D8
:108C700081F310882020A067E06700203075032072
:108C8000DDE72068C1693846884305D00020039994
:108C900088429DD00020D2E70120F8E718B5104A9D
:108CA000D069800610D50F49C888FE280AD2546AB8
:108CB000431CCB800C4BC018FF3001308471322034
:108CC000088101E0506A0090D069000701D50820B2
:108CD00010620648C1790A2901D20A21C17118BD62
:108CE00000380140C40D0020C40B00204C050020BA
:108CF00018B5104AD069800610D50F49C888FE28DB
:108D00000AD2546A431CCB800C4BC018FF30013090
:108D100084713220088101E0506A0090D069000718
:108D200001D5082010620648C1790A2901D20A211A
:108D3000C17118BD00440040CE0F0020CE0D0020B0
:108D40004C05002010B5FBF7F9FB10BD0FB47CB546
:108D50000C0009AD01D0611E00E0002101910090DE
:108D6000074B6A462946089800F090F9002C02D07B
:108D7000009A002111707CBC08BC04B018470000A8
:108D8000C99700080FB410B504A9074B02AA0398AD
:108D900000F07CF9044602A9002000F020FD2046E6
:108DA00010BC08BC04B01847DF97000837B514465C
:108DB0000846064B6A46214600F068F904466946B3
:108DC000002000F00CFD20463EBD0000DF970008AB
:108DD0002021020C01D010211046020A01D01046B9
:108DE0000839020901D01046091F820801D0104637
:108DF000891E420801D0881E7047081A7047F8B5CE
:108E0000040C8BB2264682B25E430D0C1046370C22
:108E10005843360480190021794116466E43370CB9
:108E200036048019794126466E438919F8BD30B45D
:108E30007446641E2578641CAB4200D21D46635DF7
:108E40005B00E31830BC18474100080200D0042042
:108E50000A0E01D001221043090EFF2901D102217F
:108E60000843012800D10520704700008307FF2236
:108E7000DB0E9A408907090E9940002808DB830819
:108E800009489B001818036893430B43036070471D
:108E90000007000F0838830804489B001818C369AE
:108EA00093430B43C361704700E400E000ED00E032
:108EB00000487047B800002010B5F7F7BAFC10BDA5
:108EC0005E2110B5C9430807F7F787FD10BD000004
:108ED0000148006870470000B800002002E008C8A0
:108EE000121F08C1002AFAD170477047002001E024
:108EF00001C1121F002AFBD1704700000149086020
:108F000070470000B8000020F0B51FB486B0099883
:108F1000089A030D0021024314D05148514A1818F1
:108F2000504305141198012810981AD0281A401C93
:108F300000264D4F4D49009601910490002812DA09
:108F4000444211E01198012449A3012801D110984D
:108F5000C1430698119A84600360C26041600BB0FF
:108F6000F0BD4042E4E70446210500203F4A001CD2
:108F700051410391029012E0E00707D032463B4690
:108F800001990098F7F7EAFD0191009032463B46BF
:108F900010461946F7F7E2FD06460F466410002C0E
:108FA000EAD10498039B0028029A0999089806DAE6
:108FB000F7F7D4FD019B009AF7F7D0FD05E0F7F72E
:108FC00035FE019B009AF7F731FE04460E4600225B
:108FD000284BF7F741FF03D80020C043014607E0C4
:108FE0000022254B20463146F7F704FDF8F7C2F87A
:108FF000102409E0002C0ADB0A220023F7F7A4F86A
:10900000079B30321A55641E02460A43F2D11122E0
:10901000641C079B121B1C19119B012B03D00123FD
:1090200008430ED10AE0084304D01120109000201C
:10903000119077E71098151A6D1E0BE01098824278
:1090400002DD00236D1C03E0824201DA00236D1E65
:10905000002BEED0069811998260C16030C07EE787
:1090600001FCFFFF104D0000000014400000F03F25
:10907000300000000000F0430000E03F30380A28D4
:1090800001D201207047002070470000FFB597B063
:10909000064600251BE2252876D100242746F749FD
:1090A000049400E00443761C32780120203A90407A
:1090B0000842F7D130782A280ED0022230780146B3
:1090C0003039092916D804990A23594330394018F0
:1090D0001443761C0490F1E7189802C80491189084
:1090E000002904DA0120400304434842049002208E
:1090F0000443761C30782E2814D104200443707861
:10910000761C2A2809D11898761C80C8189009E086
:109110000A214F43303FC719761C30780146303959
:109120000929F5D930786C2810D006DC4C281AD0E3
:1091300068280ED06A2817D104E0742813D07A2842
:1091400012D110E00120400504430CE00121090583
:1091500001E0032109050C437178814203D101200C
:1091600000052418761C761C307866280BD013DC9A
:1091700058287DD009DC00287BD04528F6D0462829
:10918000F4D047281AD1A9E118E0632835D0642823
:1091900070D0652812D1A1E170286CD008DC672856
:1091A000F1D069287DD06E280DD06F2806D1BCE0A3
:1091B00073282ED0752873D0782859D01A9A199907
:1091C00090476D1C82E16002400F022809D00328FD
:1091D0000DD00428189801680DD00D60001D18905E
:1091E00074E11898EA1701680D604A60F6E718986C
:1091F00001680D80F2E70D70F0E718986A46017873
:109200001172001D18900020507202A800900120D9
:1092100005E0189802C8189000200091C04361072B
:109220000ED5002101E00199491C0191B94213DAE0
:109230008142F8DB019A0099895C0029F3D10BE0A7
:10924000002101E00199491C01918142FADB019A58
:109250000099895C0029F5D1019904981A9B471A55
:1092600021463846199A00F099FA4019019903E00D
:1092700051E030E115E050E0451807E00098009912
:109280000078491C00911A9A199990470198401E3C
:109290000190401CF2D1214638461A9B199A12E1DE
:1092A00037E00A200021009001916002410F02295D
:1092B00007D0189A01CA1892C2179446032908D0F9
:1092C0000AE01898C01DC108C90005C91891944644
:1092D00007E000B2C2179446042902D140B2C11778
:1092E0008C4600226146944506DA0A460021404237
:1092F00091418C462D2102E0210504D52B216A469F
:109300001173012103E0E10701D02021F7E7029169
:1093100056E00A200AE0102008E01020009000210A
:10932000042004430191082703E008200021019153
:1093300000906002410F022907D0189A01CA1892C2
:1093400000229446032908D008E01898C01DC108DF
:10935000C90005C91891944603E080B2042900D1E0
:10936000C0B20021029121072AD531780D917029D0
:1093700006D0009A1021019B4A401A4305D00EE006
:1093800040216A461173012108E06146014306D07D
:1093900030216A4611730D99517302210291009A8E
:1093A0000821019B4A401A430AD16146014301D179
:1093B000610705D530216A46117301217F1E029194
:1093C0003178582904D02EA10E910DA90D910DE0F0
:1093D00030A1F9E76146019B009AF6F7B5FE0E9BB6
:1093E0008C469B5C0D9A521E0D9213706146014390
:1093F000F0D10D9805A9081A20300190600703D517
:1094000001200004844300E001270198874201DD28
:10941000381A00E0002001990090411802980918BC
:109420000498401A0490E00306D421461A9B199A26
:10943000049800F0B3F94519002706E003A81A9A2A
:10944000C05D199990476D1C7F1C02988742F5DB1F
:10945000E0030CD521461A9B199A049800F09EF956
:10946000451904E01A9A3020199990476D1C00990B
:10947000481E00900029F5DC1FE0000009280100CB
:10948000303132333435363738396162636465667A
:10949000000000003031323334353637383941423C
:1094A00043444546000000000D980D990078491C82
:1094B0000D911A9A199990476D1C0199481E0190B7
:1094C0000029F1DC4DE100F059F94519761C30789E
:1094D000002800D0DFE528461BB0F0BD600700D4AF
:1094E00006271898C01DC108C90048680A680831D5
:1094F000C30FDB071891190001D09CA108E02105DA
:1095000001D59BA104E0E10701D09AA100E09AA156
:109510004300109130785B0865280CD006DC4528A4
:1095200009D046281DD0472841D141E0662818D0EF
:1095300067283CD13CE00021112F01DB112000E025
:10954000781C0191009008A911A8FFF7DDFC139980
:1095500005910021119A15927F1C12980197009194
:1095600050E00120C00703900120019008A9009756
:1095700011A8FFF7C9FC139A149905920022119BB8
:10958000009212981593059A0192002901D0104675
:1095900002E0791C40180190381A01D5019804E0C6
:1095A0004042401E0090781C0190C01B029043E096
:1095B000012F00DA01270021112F01DD112000E029
:1095C00038460191009008A911A8FFF79DFC139956
:1095D0000591119A00211298159200910197210787
:1095E0000CD40599B94201DB019900E001910129F0
:1095F00004DD159A491E515C302906D0B84201DAC3
:10960000011D05DA0121029115E00199491EEDE7DE
:10961000002805DC0099411800910199091A03E01E
:10962000019A411C914200DD01910099401A401CB1
:1096300002900120C0070390200706D402990198E8
:10964000814202DB0020C043029000206946C877B7
:1096500007AF012103980337C907884224D00220AD
:1096600011902B201290039800280CDA40420390AE
:109670002D20129007E00A210398F6F73BFD3031C8
:109680007F1E039039701199481E11900029F2DC59
:1096900003980028EFD1791E1298087030782021A5
:1096A00008404530BF1E387006A8C01BC01D03907F
:1096B00010980078002800D00120019941180298E4
:1096C000C0170918039809180498401A401E0490FE
:1096D000E00306D421461A9B199A049800F05EF81C
:1096E000451910980078002803D01A9A19999047C4
:1096F0006D1CE00324D521461A9B199A049800F0AA
:109700004DF845191CE00098002807DB00990598E2
:10971000884203DD1598405C199901E019993020C1
:109720001A9A904700986D1C401C00900298401EA9
:109730000290002804D11A9A2E20199990476D1C86
:109740000199481E01900029DDDC05E038781A9A5D
:109750007F1C199990476D1C0399481E039000299E
:10976000F4DC21461A9B199A0498ACE62D000000FF
:109770002B0000002000000000000000F8B50446A7
:1097800000251E461746880404D405E039462020EB
:10979000B0476D1C641EF9D52846F8BDFFB50446D8
:1097A000002581B01E46C80301D5302700E02027E0
:1097B000880404D505E038460399B0476D1C641E43
:1097C000F9D5284605B0F0BD4A68002A06D00A68D7
:1097D000531C0B6010704868401E486070470A6850
:1097E000531C0B6010707047F0B50C4601461D22EB
:1097F0004B00D2069F18E52605463606620087B064
:109800002046B7427BD21D27FF06D719B74276D232
:109810004F0043003E0E1A0EB21A1B2A07DD002924
:1098200002DA854807B0F0BD844807B0F0BD1A26BB
:10983000F2422FDA002807DA002902DA804807B05E
:10984000F0BD804807B0F0BD21462846F7F787F8FD
:109850000646FFF7F9FA042801D1FFF731FB284645
:10986000FFF7F2FA05462046FFF7EEFA04463046C7
:10987000FFF7EAFA042D01D0052D08D1042C01D000
:10988000052C04D1002802D10220FFF737FB304617
:1098900007B0F0BD9F4211D9002902DA6A4F6B4E22
:1098A00001E06B4F6B4E23462C461D4601220346BA
:1098B000D20708465440504019460BE0002807DA0A
:1098C000002902DA644F654E04E0654F654E01E001
:1098D00000263746421A012352001B069A422FD215
:1098E000484061490CD5BF20000602903846F6F783
:1098F000F1FF07465D493046F6F7ECFF0BE053E019
:109900003F20000602903846F6F793FF0746574976
:109910003046F6F78EFF064628460299F6F7E2FF34
:109920002146F6F786FF009021460298F6F7DAFF07
:109930002946F6F7D3FF0099F7F711F8044604E03B
:1099400021462846F7F70BF804460146F6F7CAFF0A
:1099500047490090F6F7C6FF4649F6F76AFF0099B7
:10996000F6F7C0FF4449F6F764FF0099F6F7BAFF2F
:109970004249F6F75EFF0099F6F7B4FF4049F6F763
:1099800058FF054620460099F6F7ACFF2946F6F742
:10999000A9FF3146F6F74DFF2146F6F74AFF394653
:1099A000F6F747FF07B0F0BDFF263606B34201D8F1
:1099B000B24205D901462846FFF77EFA07B0F0BD4E
:1099C0002F4607437F000AD0B3420CD1B2420AD1DE
:1099D00001229207904391430D46044618E7FF2267
:1099E000D2051043F9E7B3420CD047000AD0B24287
:1099F0000ED04E000CD05340F0D4002A0EDB9F2630
:109A0000F6050DE0FF22D2051143E00FC007FFE687
:109A1000C90FC907FF22D2051043F9E65F26F605F4
:109A200031462846F6F75EFF054631462046F6F7F2
:109A300059FF04462946EBE6DB0FC9BFDB0FC93FE0
:109A4000DB0F49C0DB0F49400000C9BF22AAFDB9A6
:109A50000000C93F22AAFD39000049C022AA7DBAF0
:109A60000000494022AA7D3A0060ED3EC30ACE378D
:109A70002DAD65BD8FB8D53D0FB511BE61C84C3E4B
:109A8000A8AAAABE30B583B00446FFF721FA05465E
:109A9000002000900246019021466846F7F75BFAE5
:109AA0002846FFF72BFA0199009803B030BD8900D2
:109AB00008188260704770B50446606880470146A8
:109AC000E078420702D02288521C2280C309C722B4
:109AD0008B4212D00623D84101235B07C0181A23FA
:109AE000D84183065B0FE070032B08D34006400E7D
:109AF000C90108431040E07001E01040E070E078D8
:109B000000254107490F0B00FFF791F90604244F88
:109B1000931DB11DC1094006C00F814214D1A07828
:109B20000007000FA070A168002901D020468847D7
:109B30002580A07800090001401CA070E078C008D2
:109B4000C000401CE07070BDA0780007000F80309E
:109B5000A07070BDC1094006C00F814210D0A0782E
:109B60000007000F1030A070E168002901D02046E6
:109B700088472580E078C008C000801CE07070BD78
:109B800020884B21C9008842F9D9A0780007000F2E
:109B90005030A070E169002901D020468847E07864
:109BA000C008C000401DE07070BDC1094006C00F74
:109BB00081421FD1A0780007000FA070A168002982
:109BC00001D020468847A0780421C8418906401862
:109BD0001C21C8410007000F2030A0702169002916
:109BE00001D0204688472580E078C008C000C01C0E
:109BF000E07070BD20883C28FBD9A0780007000FDA
:109C0000012802D0022808D00EE03030A07061692F
:109C1000002909D02046884706E04030A070A1699D
:109C2000002901D020468847E078C008C000E070D5
:109C300070BDC1094006C00F8142F9D0A07800076D
:109C4000000F1030A070E168002901D0204688473D
:109C500020883C2806D22580E078C008C000801CFF
:109C6000E07070BDE078C008C000E07070BDC10950
:109C70004006C00F81420AD1A0780007000F603073
:109C8000A070216A0029F1D02046884770BDA078D5
:109C90000007000F1030A070E168002901D02046B5
:109CA0008847E078C008C000E07070BD70B5044619
:109CB0000D46164628212046F6F7FBFCA078000743
:109CC000000F8030A0706560A847C101E0784006B1
:109CD000400E0843BF210840F107490E0843E070D9
:109CE00070BD0000074B19680A4605E0814202D1A9
:109CF0000020C0437047496A0029F7D142621860CA
:109D0000002070474C00002010B50548046803E0AF
:109D10002046FFF7D0FE646A002CF9D110BD000088
:109D20004C00002010B50024012204A1F6F7F3FC3A
:109D3000002800D00124204610BD00005200000081
:109D40001CB5024600240020009001901023082139
:109D5000684600F039F8082269460448F6F7DBFC4B
:109D6000002800D0012420461CBD00005B14002008
:109D7000FFB583B016461D46002E07D00398002875
:109D800004D0002D02D06F008F4202D9002007B00E
:109D9000F0BD00200190029000240DE00020019011
:109DA0000290325D06A101A8FEF7ECFF01A903981D
:109DB000F6F78AFC641CA4B2AC42EFD3B8B2E6E773
:109DC000253032580000000070B50446002C0AD03F
:109DD000002A08D0002B06D0002904D0D80702D1D1
:109DE0005808884201D9002070BD0025002038E0C5
:109DF000515D0E46613E052E03D8C91F090121544D
:109E00000CE00E46413E052E03D8C91F090121541E
:109E100004E0303909290DD8090121546D1CADB277
:109E2000515D0E46613E052E06D8265C71185739E5
:109E3000215412E0002070BD0E46413E052E04D88C
:109E4000265C71183739215407E00E46303E092E42
:109E50000AD8265C711830392154401C80B26D1C20
:109E6000ADB29D42C4D370BD002070BDFFB581B0BE
:109E700007460E4614460025002F1AD03846F6F73E
:109E800043FC002815D0002E13D03046F6F73CFCDA
:109E900000280ED031463846F6F75EFC05E001C4D6
:109EA0006D1C31460020F6F757FC0028F7D10498C6
:109EB000056005B0F0BD70B50E4600250446F6F706
:109EC00023FCC2B21AE0002016E021780B46303B9A
:109ED000092B00D8715521780B46413B192B00D82E
:109EE000715521780B46613B192B00D87155641CC4
:109EF0006D1CEDB2401CC0B29042E6D32078002821
:109F0000E1D170BDF3B583B00398006801780029F2
:109F100039D0039949680978002934D003998968B0
:109F2000097800292FD00399C968097800292AD017
:109F3000FFF7A8FD06460F46304C00222346304668
:109F40003946F6F773FEF6F71DFFF6F7F9FE0191B5
:109F500000900022234601990098F6F7FFFD324653
:109F60003B46F6F7F2FD0022254BF6F75FFE019B1C
:109F7000009AF6F73FFD06460F46039840680078C2
:109F8000532803D005E0012005B0F0BD0120C00733
:109F9000474003988068FFF775FD04460D46002290
:109FA000164B20462946F6F741FEF6F7EBFEF6F78C
:109FB000C7FE019100900022104B01990098F6F71E
:109FC000CDFD22462B46F6F7C0FD00220C4BF6F7DE
:109FD0002DFE019B009AF6F70DFD04460D460398F1
:109FE000C0680078572801D1C00745400498C76071
:109FF00086600498456104610020C5E7000059406F
:10A0000000004E407047000038B5002100916B46BB
:10A01000154A16A1FFF72AFF0024134D20E0A000E7
:10A02000285813A1F6F75CFB002818D0A400285983
:10A03000F6F76AFB024629590E48F6F721FB78210C
:10A040000948F6F736FB6B46074A0BA10948FFF7AC
:10A050000DFF08490448683102F020F838BD641C3F
:10A0600000988442DBDB38BDE013002024000000B0
:10A07000524D4300180600202C000000F3B58FB0AD
:10A080000C46EF4E1E20F071EEA10F98F6F728FB5C
:10A09000F24D002824D0182C22D8162C20D3F0A161
:10A0A0000F98F6F71DFB401CF6F7B6FB80B2014691
:10A0B0000A39A9420BD83081EAA1EBA0FDF7F8F8E4
:10A0C0003189EBA0FDF7F4F8F9F758FE03E0F0A1B1
:10A0D000E5A0FDF7EDF8F0A0FDF7EAF811B0F0BD4E
:10A0E000F7A10F98F6F7FCFA002823D0162C21D8F8
:10A0F000132C1FD3DAA10F98F6F7F2FA401CF6F7EB
:10A100008BFB80B201460A39A9420BD83081F1A1FC
:10A11000D5A0FDF7CDF83189EFA0FDF7C9F8F9F723
:10A120002DFE03E0EBA1D0A0FDF7C2F8F2A0FDF7F1
:10A13000BFF8D3E7F8A10F98F6F7D2FAF94F3D46EA
:10A140003C464035203400287ED0F7A10F98F6F722
:10A15000C7FA0028F8D0F7A10F98F6F7C1FA00283F
:10A16000F2D07821F648F6F7A4FAF6A10F98F6F7A0
:10A17000B7FA00210D9100260DABF14AF5A1FFF7CA
:10A1800075FE0D98082807D0D2A1B7A0FDF790F86A
:10A19000F1A0FDF78DF8A1E7CEA1B3A0FDF788F8F7
:10A1A000F2A0FDF785F8E648ADA10068F6F798FA49
:10A1B0000E900E98401CF6F7A7FA002813D00E98C0
:10A1C000401CF6F7A1FA03280DD80E98401CF6F7AC
:10A1D00023FB7870BFA1A4A0FDF76AF87978E8A006
:10A1E000FDF766F803E0BBA19FA0FDF761F8EBA0C7
:10A1F000FDF75EF8D2489AA14068F6F771FA0E9022
:10A200000E98401CF6F780FA062878D0B1A196A0E7
:10A21000FDF74EF8E1A0FDF74BF8C94890A1806822
:10A22000F6F75EFA0E900E98401CF6F76DFA0728C6
:10A2300066D0A8A18CA0FDF73BF8DFA0FDF738F8A9
:10A24000BF4887A1C06800E0F6E2F6F749FA401C73
:10A250000E900E98F6F758FA082874D09DA182A0A7
:10A26000FDF726F8DBA0FDF723F8B5487CA10069CF
:10A27000F6F736FA401C0E900E98F6F745FA1028BD
:10A2800071D094A178A0FDF713F8DAA0FDF710F8CB
:10A29000AB4873A14069F6F723FA401C0E900E9864
:10A2A000F6F732FA04287DD08AA16FA0FDF700F8F6
:10A2B000D8A0FCF7FDFFA24869A18069F6F710FA63
:10A2C000401C0E900E98F6F71FFA10286BD081A153
:10A2D00065A0FCF7EDFFD7A0FCF7EAFF984860A166
:10A2E000C069F6F7FDF9401C0E900E98F6F70CFACF
:10A2F00010287DD077A15CA0FCF7DAFF01E00CE02C
:10A3000027E0D4A0FCF7D4FFF9F774FCF9F70EFCB2
:10A31000F9F7F6FC012028723AE7D6A000680C9005
:10A320000E9BD5A25B1C03210CA8FEF70FFD0CA809
:10A33000F6F772FA7D21C9004843F86465A14AA086
:10A34000FCF7B6FF00E01AE0CCA0F96CFCF7B0FF18
:10A3500060E70E98D0A1401CF6F7C2F9002803D0A0
:10A360000020B87002E032E00220B87059A13EA08F
:10A37000FCF79EFFB978C9A0FCF79AFF5DE70E983D
:10A38000B9190B318019FFF796FD761C082EF6DB04
:10A3900034A135A0FCF78CFFB87C797C3A7CFB7B40
:10A3A000019301E0BAE1D9E1029203910490B87BF4
:10A3B00000907B7B3A7BF97CBFA0FCF779FF45A13D
:10A3C00029A0FCF775FFC8A0FCF772FF4AE700263A
:10A3D0000E98B91913318019FFF76DFD761C102EF8
:10A3E000F6DB20A120A0FCF763FFA078617800E0F5
:10A3F000EAE12278FB7F09930A920B910C90B87FD7
:10A40000797F3A7FFB7E0593069207910890B87E8C
:10A41000797E3A7EFB7D0193029203910490B87D90
:10A4200000907B7D3A7DF97CB548FCF741FF29A17E
:10A430000DA0FCF73DFFB3A0FCF73AFF25E70000B5
:10A440004C050020536574205265706F727420496A
:10A450006E74657276616C3A00000000960500002B
:10A460003A0000004C4F47000A5B25735D00000076
:10A47000526563762055617274205265706F7274F4
:10A4800020496E74657276616C203A2025646D00F7
:10A490004552524F5200000052656376205561725A
:10A4A00074205265706F727420496E7465727661A3
:10A4B0006C20506172616D204552524F5200000075
:10A4C0007365744461746153796E63506572696F2A
:10A4D000643A000041434B007365744461746153F6
:10A4E000796E63506572696F643A2025646D200D42
:10A4F0000A204F4B0000000073657444617461537F
:10A50000796E63506572696F6420506172616D206D
:10A510004552524F520000004C6F526157414E500D
:10A520006F727400581400204C6F526157414E46B0
:10A53000726571004C6F526157414E4A6F696E00EF
:10A54000E01300204C6F526157414E506F72743AC5
:10A55000000000002C0000004C6F526157414E205B
:10A56000504152414D204552524F52007365744C38
:10A570006F526157414E506172616D204F4B000028
:10A580007365744C6F526157414E506F72743A202C
:10A590002564200D0A204F4B000000007365744CA9
:10A5A0006F526157414E506F727420506172616DED
:10A5B000204552524F5200007365744C6F526157E0
:10A5C000414E4A6F696E20506172616D2045525252
:10A5D0004F5200007365744C6F526157414E417089
:10A5E0007045554920506172616D204552524F525D
:10A5F000000000007365744C6F526157414E41502A
:10A60000504B455920506172616D204552524F5256
:10A61000000000007365744C6F526157414E444511
:10A62000564144445220506172616D204552524F50
:10A63000520000007365744C6F526157414E415097
:10A6400050534B455920506172616D204552524F15
:10A65000520000007365744C6F526157414E4E5763
:10A660004B534B455920506172616D204552524FFA
:10A670005200000038363800257300007365744CB2
:10A680006F526157414E467265713A202564200D24
:10A690000A204F4B00000000410000007365744C1D
:10A6A0006F526157414E4A6F696E3A202564200D02
:10A6B0000A204F4B000000004170704555493A2078
:10A6C0002530327820253032782025303278202508
:10A6D00030327820253032782025303278202530ED
:10A6E00032782025303278007365744C6F52615790
:10A6F000414E415050455549200D0A204F4B000016
:10A700003CD000087365744C6F526157414E415004
:10A71000504B4559200D0A204F4B000000260E9843
:10A72000B91923318019FFF7C6FB761C042EF6DB1E
:10A73000FE49081DFCF7BCFDA079009063792279E1
:10A74000E178FBA0FCF7B4FDF849703108466C389D
:10A75000FCF7AEFDFEA0FCF7ABFDA9E500260E98C8
:10A76000B91927318019FFF7A6FB761C102EF6DBEE
:10A77000EE49081DFCF79CFDA07D617D227DE37CF8
:10A7800009930A920B910C90A27C617C207CE37B64
:10A79000059306AB07C3A27B617B207BE37A019321
:10A7A00002AB07C3A07A0090637A227AE179EE487F
:10A7B000FCF77EFDDD49703108466C38FCF778FD0A
:10A7C000EAA0FCF775FD86E500260E98B919373129
:10A7D0008019FFF770FB761C102EF6DBD349081D9D
:10A7E000FCF766FDAA7968792979EB7809930C92D0
:10A7F0000A910B90AA7868782978E37F05930892EC
:10A8000006910790A27F637F217FE07E03930492ED
:10A8100002910190A07E0090637E227EE17DD94866
:10A82000FCF746FDC149703108466C38FCF740FD25
:10A83000D5A0FCF73DFD61E5D9A10F98F5F750FFD4
:10A84000002812D0DB4C2078002800D046E4B7491D
:10A85000703108466C38FCF72BFDD7A0FCF728FDBB
:10A8600001202070FFF7CEFB38E4DBA10F98F5F74D
:10A8700037FF00287ED0FF212D31DB48F5F719FF87
:10A88000DA48D94F8078002875D0D9A13846FEF72C
:10A8900079FA3846F5F738FFD849C0190A78D8A1AF
:10A8A000FEF770FA3846F5F72FFF7179C01989075E
:10A8B000CA0FD8A1FEF766FA3846F5F725FFC0198A
:10A8C0003289D8A1FEF75EFA3846F5F71DFFC019A8
:10A8D000D9A2DBA1FEF756FA3846F5F715FFC34EAD
:10A8E000C0198446B07A717A327AF379029303926E
:10A8F00004910590B0797179009101903379F278E3
:10A90000D3A16046FEF73EFA3846F5F7FDFEC019C2
:10A910008446B07C717C327CF37B02930392049179
:10A920000590B07B717B00910190337BF27AD3A1CB
:10A930006046FEF727FA3846F5F7E6FEC01984466A
:10A94000A07861782278F37F0A930B920C910D9096
:10A95000B07F717F327FF37E069307920891099052
:10A96000B07E717E327EF37D029303920491059056
:10A97000B17D01E0D0E16AE0707D01910090337D0E
:10A98000F27CC9496046FEF7FDF93846F5F7BCFE92
:10A99000A179627901910092C0192379E278C3A16B
:10A9A000FEF7F0F93846F5F7AFFEA17D627D237D15
:10A9B000E67C0A960B930C920D91A17C627C237C21
:10A9C000E67B0696079308920991A17B627B237B25
:10A9D000E67A0296039304920591A17A627A019134
:10A9E0000092C019237AE279B749FEF7CBF93846CD
:10A9F000F5F78AFEAA796B792979EE780A960C9395
:10AA00000D920B91AB7869782A78E57F06950993CA
:10AA100007920891A17F637F227FE57E02950493D0
:10AA200003920591A17E627E01910092C019237E5E
:10AA3000E27DA649FEF7A6F93C49703108466C381C
:10AA4000FCF736FC6849A2A0FCF732FC0CE768A1D1
:10AA50006548FEF797F96448F5F756FE6749C0194F
:10AA60000A7867A1FEF78EF95F48F5F74DFE717918
:10AA7000C0198907CA0F67A1FEF784F95A48F5F78C
:10AA800043FEC019328967A1FEF77CF95648F5F7F5
:10AA90003BFEC0198FA26AA1FEF774F95248F5F780
:10AAA00033FE524DC019A97A6A7A2B7AEE79029652
:10AAB000039304920591A9796A79019100922B7907
:10AAC000EA7863A1FEF75EF94748F5F71DFEA97C19
:10AAD0006A7C2B7CEE7B0296039304920591A97B02
:10AAE0006A7B01910092C0192B7BEA7A63A1FEF781
:10AAF00049F93D48F5F708FEA17862782378EC7FA4
:10AB00000A940B930C920D91A97F6A7F2B7FEC7EA8
:10AB10000694079308920991AB7E6A7E297EEC7DAC
:10AB2000029403AC0EC4C019A97DD7E064A4000848
:10AB3000444556414444523A20253032782025304D
:10AB4000327820253032782025303278000000001D
:10AB50007365744C6F526157414E444556414444AD
:10AB600052200D0A204F4B00F0D000087365744C42
:10AB70006F526157414E415050534B4559200D0A79
:10AB8000204F4B0094D000087365744C6F5261578E
:10AB9000414E4E574B534B4559200D0A204F4B0009
:10ABA0007374617274466163746F727954657374FF
:10ABB000000000000C000020646F6F7253656E731C
:10ABC0006F72207374617274466163746F7279542A
:10ABD000657374204F4B0000676574446576696344
:10ABE0006553746174756500EC03002058140020EF
:10ABF00064657669636553746174650001000020C3
:10AC00002C626174746572795374617475733A253A
:10AC1000640000002C706F776572537461747573F3
:10AC20003A2564002C6461746153796E63506572D7
:10AC3000696F643A25640000436C617373204300BC
:10AC40002C4C6F526157414E4A6F696E3A25730022
:10AC50002C4445564555493A2530327825303278CE
:10AC600025303278253032782530327825303278E8
:10AC70002530327825303278000000002C415050C9
:10AC80004555493A253032782530327825303278AA
:10AC900025303278253032782530327825303278B8
:10ACA00025303278000000004CD100082C44455675
:10ACB000414444523A2530327825303278253032BA
:10ACC0007825303278000000E4D1000898D10008DF
:10ACD00025730000436C6173732041006A7D01910C
:10ACE00000922B7DEA7C4A49FEF74CF84948F5F77B
:10ACF0000BFDC01948A1FEF745F84648F5F704FDDD
:10AD0000C01948A1FEF73EF84248F5F7FDFCC0190E
:10AD100047A1FEF737F88FE648A10F98F5F7E0FC5A
:10AD2000002838D03EA10F98F5F7DAFC401CF5F763
:10AD300073FD0D90002800D196E5E121C90140186E
:10AD40000D900DA8F5F73EFA414A4169414C8B1828
:10AD5000636101692161C268E2608568A560456838
:10AD6000656000682060184602F078F8A06100F085
:10AD700085FB3949081DFCF79BFA6268A1682068C9
:10AD8000029001920091226934A0521CE36861692B
:10AD9000FCF78EFA68E53DA10F98F5F7A1FC0028B5
:10ADA00016D01FA10F98F5F79BFC401CF5F734FD5A
:10ADB000C4B2601E0628BFD82749081DFCF778FAE0
:10ADC000214635A0FCF774FA204601F07DFD4BE5E5
:10ADD00038A10F98F5F784FC002803D038480121EA
:10ADE000417041E537A10F98F5F77AFC002803D0B0
:10ADF00033490020487037E5174836A1001DFCF79D
:10AE000057FA36A0FCF754FA0A20F0712CE500003E
:10AE10004CD10008EC0300202C44455641444452D8
:10AE20003A0000002C415050534B45593A00000065
:10AE30002C4E574B534B45593A00000073796E63C3
:10AE400044657669636554696D657374616D7000FE
:10AE50006C0700002007002064A400085265637698
:10AE600020556172742053796E632054696D65209A
:10AE7000434D442C253034642D253032642D25304B
:10AE800032642D25643A25643A256400736574475D
:10AE900070734D6F64650000526563762055617272
:10AEA000742053657420477073204D6F64653A2099
:10AEB000256400006B6565704D61696E52756E00AA
:10AEC0000C0000206C656176654D61696E52756E8F
:10AED000000000005741524E00000000556172749E
:10AEE00020496E666F204661696C656420546F204E
:10AEF000506172736520446174612100F0B58FB0B8
:10AF00008EA1F5F7EDFB04462046FEF70BFF012866
:10AF10001BD0A01CFEF714FF01280FD000200D90BD
:10AF2000002700252C2101A8F5F7C3FB0EAB01AAD1
:10AF300083A12046FEF79AFF824EF5E082A184A00D
:10AF4000FCF7B6F984A0FCF7B3F90FB0F0BD782197
:10AF50007C48F5F7AEFBB80001A908580DAB794A5B
:10AF600085A1FEF783FF002F1AD000247F1CA000CC
:10AF70003058F5F751FC0C9080A175A0FCF798F9BA
:10AF80007FA00C99FCF794F90C980300FDF74FFF94
:10AF90000DCC1F314253647586CC97A7B9CACC003B
:10AFA0000324F068F5F738FC0C9074A168A0FCF756
:10AFB0007FF978A00C99FCF77BF90C98652803D0F1
:10AFC0000D980528C1DBD1E7FDF78CF8BDE7641CBF
:10AFD000A0003058F5F720FC744C208167A15CA0DC
:10AFE000FCF766F9218972A0FCF762F9F8F7C6FE52
:10AFF0009AE0641CA0003058F5F70EFC6B4C2064FE
:10B000005EA153A0FCF754F971A0216CFCF750F934
:10B01000012589E0641CA0003058F5F7FDFB634C66
:10B02000606456A14AA0FCF743F975A0616CFCF777
:10B030003FF9012578E0641CA0003058F5F7ECFBDF
:10B040005A4CA0644DA142A0FCF732F978A0A16C43
:10B05000FCF72EF9012567E0641CA0003058F5F7D5
:10B06000DBFB524CE06445A139A0FCF721F97BA041
:10B07000E16CFCF71DF9012556E0641CA000305876
:10B08000F5F7CAFB494C60633CA131A0FCF710F90D
:10B090007DA0616BFCF70CF9012545E0641CA00064
:10B0A0003058F5F7B9FB414CA06334A128A0FCF758
:10B0B000FFF87CA0A16BFCF7FBF8012534E0601CD5
:10B0C00080003058F5F7A8FB384D28632BA120A04D
:10B0D000FCF7EEF87AA0296BFCF7EAF80125641C6E
:10B0E000A0003058F5F798FB304CA08123A118A0A0
:10B0F000FCF7DEF8A18979A0FCF7DAF8F8F7DEFDB5
:10B1000012E0641CA0003058F5F786FB274CE06382
:10B110001AA10FA0FCF7CCF879A0E16BFCF7C8F8F6
:10B12000012501E0F8F7DAFB0E98B84200DB0EE7E4
:10B13000002D00D109E7F8F743FE06E7522C000086
:10B140003B000000E01300204552524F5200000027
:10B150000A5B25735D0000004461746120436865EB
:10B16000636B20446576696365204465764575693F
:10B17000204552524F5221002C0000004C4F4700F6
:10B18000446174612052656376205479706520258E
:10B190006400000044617461204669727374205237
:10B1A0006563762054797065202564004C05002085
:10B1B000446174612052656376205265706F7274C9
:10B1C00020496E74657276616C2025640000000071
:10B1D0004461746120526563762054656D706572B8
:10B1E000617475726520416C61726D204C6F7720BF
:10B1F0005468726573686F6C6420256400000000F9
:10B200004461746120526563762054656D70657287
:10B21000617475726520416C61726D204869676860
:10B22000205468726573686F6C64202564000000A8
:10B230004461746120526563762048756D69646964
:10B24000747920416C61726D204C6F772054687264
:10B250006573686F6C64202564000000446174614C
:10B2600020526563762048756D6964697479204160
:10B270006C61726D204869676820546872657368F4
:10B280006F6C642025640000446174612052656322
:10B2900076204261747465727920497361626C65CD
:10B2A00020256400446174612052656376204D6FEF
:10B2B000766520497361626C65202564000000009A
:10B2C0004461746120526563762053797374656DAF
:10B2D00020497361626C65202564000044617461DB
:10B2E000205265637620475053205265706F727408
:10B2F00020496E74657276616C2025640000000040
:10B3000044617461205265637620416E676C6520EC
:10B31000416C61726D205468726573686F6C642053
:10B320002564000070B51F4C00252089002815D128
:10B33000E088002812D01CA11CA0FBF7B9FF214611
:10B34000FA390E461BA0FBF7B3FFE1883046FFF742
:10B35000D5FDFF213046F5F7ACF9E5801C4CA089FE
:10B3600000280CD16189002909D01A480646FEF749
:10B370004BFE192149013046F5F79BF96581164CC2
:10B38000208900280CD1E188002909D02046FA380C
:10B390000646FEF773FEFF213046F5F78AF9E58091
:10B3A00070BD0000C40D00204C4F47000A5B2573A0
:10B3B0005D000000526563762055617274204C6F09
:10B3C000526157414E20446174613A202573000058
:10B3D0005813002042100020CE0F002010B501218C
:10B3E000C9030248F9F7F0FA10BD0000000400504C
:10B3F00070B500247D25ED002846FCF7FFFAFFF725
:10B40000EDFF002801D0002070BD641C1E2CF3DB72
:10B41000012070BD10B5012189030248F9F7D4FA63
:10B4200010BD00000004005070B500247D25ED0023
:10B4300000F00CF8002801D0002070BD2846FCF771
:10B44000DDFA641C062CF3DB012070BD10B5012170
:10B450000520C9020007F9F7B7FA10BD10B50121A0
:10B46000052009030007F9F7AFFA10BD10B5052054
:10B4700001210007F9F7A8FA10BD000000B58BB054
:10B480002C216846F5F715F90E480F4A41698918CD
:10B49000059101690491C168039181680291416835
:10B4A00001910168009180690690D0120890684669
:10B4B000F4F7CAFEE121C901401A044908600BB043
:10B4C00000BD00002007002094F8FFFF400000208E
:10B4D0007CB5054600246E46204628303119C0B29E
:10B4E00000F0E6FC641CE4B2062CF5D369460020AB
:10B4F000085E001128800220085E00116880042088
:10B50000085E0011A8807CBD01488068704700007B
:10B510002C00002070B504460E46002C09D00025F2
:10B52000F4F742FE0068615D415C202903D00220EF
:10B5300070BD012070BD6D1C062DF4D3A0790028CC
:10B5400001D0032070BD20790A2230386179504340
:10B5500030380818A1780A233039E2785943303955
:10B56000521821780A2530396378694330395918DF
:10B570007D231B01C0181D4B5861521E1A61D960F2
:10B5800041235B01984200DB64380C2A09D318A1DF
:10B5900019A0FBF78DFE214619A0FBF789FE0420B8
:10B5A00070BD4B1E1F2B09D311A113A0FBF780FE0A
:10B5B00021461BA0FBF77CFE052070BD204BC01868
:10B5C00070613261F1603046F4F73EFE1D4908605B
:10B5D000E122D2013146801801F090F918497069D2
:10B5E000494240187061002070BD00004C070020E7
:10B5F0005741524E000000000A5B25735D000000B9
:10B600006770735F64646D6D7979282573292C20C8
:10B610006D616C666F726D6564206D6F6E7468002D
:10B620006770735F64646D6D7979282573292C20A8
:10B630006D616C666F726D656420646179000000F5
:10B6400094F8FFFF4000002070B504460E46002C21
:10B6500011D00025F4F7A8FD0068615D415C202948
:10B660000BD017A118A0FBF723FE214618A0FBF76B
:10B670001FFE022070BD012070BD6D1C062DECDB8D
:10B6800020780A2230386178504330380818B0608A
:10B69000A1780A233039E278594330395118716062
:10B6A0002179627930395943303951183160104964
:10B6B00088607068486030680860002070BD0000D5
:10B6C0005741524E000000000A5B25735D000000E8
:10B6D0006770735F68686D6D7373282573292C20FC
:10B6E0006D616C666F726D65642074696D650000D4
:10B6F0004C070020F0B599B014210BA8F4F7D9FF3E
:10B70000F248F34E4579E80601D40020B065EF48D1
:10B71000B16D4079DF22EF4F1040EF4C0B00FDF789
:10B7200086FB070513F5F0EFEEED11000020207009
:10B730006060E74812211838F4F7BBFFE80601D52E
:10B740000120B06519B0F0BDA9060BD5DF494871DD
:10B750000020207060700021B161F161316271627E
:10B76000B162F162FFF7D0FE61688842EAD3FFF769
:10B77000CBFE143060600BA8FFF7AAFE6A462C20AF
:10B78000105EF5F7CBFA3060054617906A462E201A
:10B79000105EF5F7C3FAB060074616906A4630208F
:10B7A000105EF5F7BBFA3061159014902846716869
:10B7B000F5F790F8F5F728FB49004908F5F760FB25
:10B7C00009903846F168F5F785F8F5F71DFB490053
:10B7D0004908F5F755FB054671691498F5F77AF8AD
:10B7E000F5F712FB49004908F5F74AFB0146BB4A49
:10B7F0000998904203DC954201DC91420DDD002165
:10B80000B161F16131627162B162F1620020207058
:10B810006070B3A0FBF74CFD24E0BB4F179839468E
:10B82000F5F79DF8F5F7F0FAF369B269F5F7E2F884
:10B83000F161B06139461698F5F791F8F5F7E4FA39
:10B84000736A326AF5F7D6F8716230623946159834
:10B85000F5F785F8F5F7D8FAF36AB26AF5F7CAF89A
:10B86000F162B06230687060B068F0603069706139
:10B870002078401CC0B2207019283AD300212170D2
:10B880006078401CC0B260700A2832D361709F4F4C
:10B8900000223B46F169B069F5F7C8F971630446C7
:10B8A0000D46306300223B46716A306AF5F7BEF9F7
:10B8B000F163B0631391129000223B46F16AB06AC3
:10B8C000F5F7B4F9716430640222B2650022B26106
:10B8D000F261326272620023B362F36203910290FA
:10B8E00012981399009022462B4601918848FBF745
:10B8F000DFFC7648C179032905D323E76FE15DE0DA
:10B9000042E23CE202E00321C1711BE70BA8FFF712
:10B91000DFFD69463020085EF5F700FA0446694607
:10B920002C20085EF5F7FAF92146FDF75DFFF5F7E3
:10B930006BFA784C3A462346F5F710F9F5F7A0FA7A
:10B940000A906A463020105EF5F7E8F905466A4627
:10B950002E20105E4042F5F7E1F92946FDF744FF3D
:10B96000F5F752FA3A462346F5F7F8F8F5F788FA6C
:10B970000746694C0A98A04204D368490A98F4F72C
:10B9800058FF0A90A74204D364493846F4F751FFA0
:10B9900007463846F5F738FA04460D460A98F5F793
:10B9A00033FA02460B465EA001950094FBF780FC3B
:10B9B0000A98B06437650320B065C3E6FFF7A4FDBD
:10B9C00061688842A1D3FFF79FFD43491430486066
:10B9D0000BA8FFF77DFD69462C20085EF5F79EF960
:10B9E0004949F4F7BCFFF5F70FFA394B9A69DB695F
:10B9F000F5F700F8364A0646D1610F4690616C466D
:10BA00002E20205EF5F78AF93F49F4F7A8FFF5F7F5
:10BA1000FBF92F4B1A6A5B6AF4F7ECFF2C4A516270
:10BA20001062119110906D463020285EF5F776F97E
:10BA30003549F4F794FFF5F7E7F9254B9A6ADB6A85
:10BA4000F4F7D8FF224A0446D1620D46906222489C
:10BA500021490078401CC0B20870192835D3002055
:10BA600008701046436B026B30463946F5F767F8AD
:10BA700049004908F5F704FA099015481199C36B74
:10BA8000826B1098F5F75BF849004908F5F7F8F96B
:10BA900008900F482946436C026C2046F5F74FF892
:10BAA00049004908F5F7ECF907900798F5F7ACF964
:10BAB00004460D460898F5F7A7F906460F4609987B
:10BAC000F5F7A2F902460B463CE081E04C05002068
:10BAD0008013002000C2631A500000200000404282
:10BAE0000D0A446576696365206D6F766520746F15
:10BAF0006F206C61726765722C20776169742073A6
:10BB00007461626C650A00000000C84100002440B6
:10BB100094D30008DCA54C40000080800000344332
:10BB20000D0A6F6C6420726F6C6C3A252E32662C95
:10BB3000206F6C642070697463683A252E32660A3F
:10BB4000000000009AA00197009603950294FBF76D
:10BB5000AFFBA74909980627884220DC089888424D
:10BB60001DDCA4490798884219DCA34D0020A86178
:10BB7000E861002129626962A962E9629F4C00269E
:10BB80006670A178481CA0709DA0FBF791FBA0787F
:10BB900014281DD3A670AF65A0488676D2E59648D6
:10BBA00000228261C261026242628262C262934A80
:10BBB000002393705178491CC9B25170072907D3EB
:10BBC0005370876595480121817695A0FBF770FB3E
:10BBD0009249C8790328E1D20320C871B2E50BA8C5
:10BBE000FFF776FC69463020085EF5F797F80446C3
:10BBF00069462C20085EF5F791F82146FDF7F4FD23
:10BC0000F5F702F98C4C3A462346F4F7A7FFF5F70F
:10BC100037F90A906A463020105EF5F77FF805463E
:10BC200069462E20085E4042F5F778F82946FDF770
:10BC3000DBFDF5F7E9F83A462346F4F78FFFF5F711
:10BC40001FF907467D4C0A98A04204D37C490A9804
:10BC5000F4F7EFFD0A90A74204D379493846F4F788
:10BC6000E8FD07463846F5F7CFF804460D460A9832
:10BC7000F5F7CAF802460B4672A001950094FBF74F
:10BC800017FB0A98F06477650120B0650020B06169
:10BC9000F061002131627162B162F1623846316D4A
:10BCA000F4F718FEF5F7B0F86F4C49004908002288
:10BCB0002346F5F7D1F80CD2316D706DF4F70AFE1A
:10BCC000F5F7A2F8490049080022684BF5F7B0F8EB
:10BCD0001DD3B16CF06CF4F7FDFDF5F795F8490054
:10BCE000490800222346F5F7B7F80CD2B16CF06C86
:10BCF000F4F7F0FDF5F788F84900490800225B4B9E
:10BD0000F5F796F803D34548807E002834D058A133
:10BD100058A0FBF7CDFA3848406DF5F775F80446A2
:10BD200035480D46006DF5F76FF8064632480F4668
:10BD3000C06CF5F769F808902F480991806CF5F709
:10BD400063F8364A927E0692039705950494089A02
:10BD5000099B00920193024602960B464748FBF767
:10BD6000A7FA2E484021407908432C49487144489D
:10BD7000444900680860E5E40420B065E2E4A806F0
:10BD8000F9D50120B065DDE42449AA06F3D5487150
:10BD90000520B0650021B161F16131627162B1626B
:10BDA000F16200202070607037A0FBF781FAC9E4CF
:10BDB0000D0A6D6F76652078206F66667365743A3C
:10BDC000252E32662C206D6F76652079206F666691
:10BDD0007365743A252E32662C206D6F7665207A55
:10BDE000206F66667365743A252E32660A0000007D
:10BDF000000048420000A0428013002050000020B4
:10BE00000D0A446576696365206D6F766520746FF1
:10BE10006F20736D616C6C2025640A004C05002056
:10BE20000D0A44657669636520486173204D6F761D
:10BE300065642121210A0000DCA54C4000008080BF
:10BE4000000034430D0A6E657720726F6C6C3A25E2
:10BE50002E32662C206E65772070697463683A25EF
:10BE60002E32660A00000000000039400060634086
:10BE70004C4F47000A5B25735D000000DCD30008CF
:10BE800040000020100000200D0A20416363207351
:10BE900074616E64627920746F20616363206D6FDA
:10BEA000766520636865636B206576656E74000057
:10BEB000F8B50C4680221043009005252D0700227E
:10BEC00010212846F8F787FDFF26F5363346012274
:10BED00069460848FAF7FAF933460122214605482F
:10BEE000FAF74CF9012210212846F8F774FD0120D9
:10BEF000F8BD00001403002038B54006400E6A4625
:10BF00001070517005242407002210212046F8F7F4
:10BF100062FDFF23F533022269460548FAF7D6F998
:10BF2000012210212046F8F756FD012038BD0000FF
:10BF30001403002000B597B02C210CA8F4F7B9FB2E
:10BF40002C2101A8F4F7B5FB1348016813480068D9
:10BF5000814201D2009100E00090114800990068F0
:10BF6000884204D20F490978C90700D10090E12125
:10BF70000098C9014018009001A96846F4F72AF911
:10BF800003980E9002980D9001980C900CA8FBF766
:10BF9000FFFE17B000BD00002800002010000020A8
:10BFA0006400002058140020F8F7C0FFFCF700FAE6
:10BFB0007D200421C000FCF725FBFBF77FFDFBF78C
:10BFC00045FEFBF78DFEFBF7B3FEFBF767FEFBF7C5
:10BFD00013FEFBF733FDFF203221F530F6F780FD2D
:10BFE000F7F76EFAF6F778FE00F022FFF5F77EFB22
:10BFF000FBF7E4F9FBF7B0F900F00CFDFBF744FBAD
:10C00000F6F7FCFDFFF78EF9F7F7F8FEFFF772FB86
:10C01000F2E7000010B500230178242901D021297E
:10C0200003D1401C01E04B40401C01782A2901D07B
:10C030000029F8D12A210170401C02A20521FCF739
:10C0400085FE10BD253032580D0A000070B504463B
:10C050002046383064220546F4F7A2FB3820005D04
:10C0600024280ED064220BA12846F4F7B2FB284600
:10C07000F4F74AFB8034E06181B22846F7F766FFA7
:10C0800070BD642204A12846F4F7A3FB2846FFF7FD
:10C09000C1FFECE70D0A00002A000000F0B58BB0EC
:10C0A00004460D46A0680078412804D0442802D0F8
:10C0B0000020686095E060680078002837D0606AEA
:10C0C0000078002833D069466068FFF7BDFA002881
:10C0D0002DD16946606AFFF71DFA002827D1424E2C
:10C0E0000298B0600198706000983060039AF26026
:10C0F000049931610598706100F0B0FEB0613B4F6A
:10C100003B4E38687060FFF7B9F938687168394A92
:10C11000411A91420BD938493C230A895A43374B7B
:10C1200012181A6089893C2251430818F060204691
:10C1300029460C30FDF7E6FE01460120002937D0E4
:10C140002860E0690178002907D0FDF79BFC2C4AA4
:10C150002C4BF4F703FD69622862206A01780029FC
:10C1600003D0FDF78FFCE961A861A06A017800297E
:10C1700037D0E16A0978002933D0FDF783FC696381
:10C180002863E26A1278452A05D0572A14D0002184
:10C190001D48296368636B6B2A6B099308920998A1
:10C1A0000121000D40054905C8420BD001200AE0DD
:10C1B000022129606860C4E70122D2075140696307
:10C1C0002863E8E70020002807D0590010464908F6
:10C1D0000E4A0F4BF4F72CFE03D800210A482963BE
:10C1E000686300200BB0F0BD200700204000002055
:10C1F0001C000020805101004C0500201000002090
:10C20000CF16AD2F5476E03F0000F87F0AD7A37019
:10C210003D0AB73F70B5FF24052501342D070022E4
:10C2200021462846F8F7D7FB0520FBF7E7FB01225C
:10C2300021462846F8F7CFFBC820FBF7DFFB034871
:10C24000017849084900017070BD000058140020B1
:10C2500070B50446FFF7DEF8012802D1002000F097
:10C2600019FBFFF7FBF8002802D1012000F020FBAA
:10C27000FFF7B4F80028FBD01420F8F75FF936A1D7
:10C2800036A0FBF715F8214636A0FBF711F820463B
:10C29000FBF7B8FBF5F72AFAFFF7AAF8002806D053
:10C2A00035A12EA0FBF704F835A0FBF701F8FFF746
:10C2B000BBF8394D002400283AD02FA127A0FAF767
:10C2C000F7FF364936A0FAF7F3FF3448F4F71CFAC3
:10C2D000032806D93148F4F717FAC1B22F48F7F707
:10C2E0009BFBA879401CC0B2A871052818D3AC717B
:10C2F0003948017849084900017002214030C17174
:10C3000004723648E1210068C900354D40182860A4
:10C3100011A112A0FAF7CCFF32A02968FAF7C8FFE2
:10C32000FF213848F4F7C5F93648FA30C48070BDAB
:10C33000AC7109A109A0FAF7BBFF33A0FAF7B8FF67
:10C3400030483749801F81803648374A41889142BA
:10C35000EDD30121418070BD4C4F47000A5B25732E
:10C360005D0000004C6F52612053656E644461743F
:10C37000613A2025730000005741524E0000000032
:10C3800057616974204275737920494F2054696D53
:10C39000656F7574000000004C0500201805002032
:10C3A0004C6F52612053656E644461746120466134
:10C3B000696C2C205772697465204361636865203D
:10C3C0004461746520546F20454550524F4D3A20CA
:10C3D00025730D0A000000005814002040000020C2
:10C3E00064000020557064617465205265636F6E4F
:10C3F0006E6563742054696D657374616D703A2065
:10C40000256C6400CA0C00204C6F52612053656E8D
:10C410006444617461205375636365737300000045
:10C42000881300000C000020FFFF0000F0B5B1B041
:10C43000054698210BA8F4F73CF9002407940894CA
:10C4400009940A940494059406943221DD48F4F783
:10C4500030F90823DC4A102107A8FDF789FCDBA18D
:10C460000BA8F4F731F9102207A90BA8F4F760F92B
:10C47000D7A10BA8F4F728F92822D6A104A8FCF725
:10C4800081FC04A90BA8F4F71FF9D3484288511C7A
:10C490004180D0A104A8FCF775FC04A90BA8F4F70F
:10C4A00013F9CE4E062D10D006DC2B00FCF7BFFC96
:10C4B000068C94949494948C072DF4D0082DF2D08B
:10C4C000C74F152D02D0162D7ED185E01522C1A1B2
:10C4D00004A8FCF757FC04A90BA8F4F7F5F8002210
:10C4E000134679693869F4F7A3FC06D00022134695
:10C4F000F968B868F4F79CFC08D1BAA10BA8F4F766
:10C50000E3F8B8A1AF48F4F7DFF84CE0796938698F
:10C510004D0000226D0804461346F4F789FC01D053
:10C52000B2A200E0B2A2B3A104A801950094FCF766
:10C5300029FC04A90BA8F4F7C7F804A9A148F4F74B
:10C54000C3F8F968B8684D0000226D080446134628
:10C55000F4F76EFC01D0A9A200E0A9A2A5A104A84D
:10C5600001950094FCF70EFC04A90BA8F4F7ACF8B5
:10C5700004A99448F4F7A8F8A2486D46C168446835
:10C580000368826816C50393036942695B1C9EA118
:10C5900004A8FCF7F7FB04A90BA8F4F795F804A985
:10C5A0008848F4F791F8F069F4F7B8FB9E49F4F77E
:10C5B000D6F9F4F729FC02460B469CA104A8FCF727
:10C5C000E1FB04A90BA800E0E2E0F4F77DF804A980
:10C5D0007C48F4F779F8DBE001227EA104A8FCF79F
:10C5E000D1FB944F3878F4F7A4FB9349F4F7B7F9EB
:10C5F000F4F70AFC914A924BF4F7FCF9F4F740FC8B
:10C600000546B07E002808D0B06B002805D0072270
:10C6100070A104A8FCF7B6FB3EE0307C002805D0F2
:10C6200008226CA104A8FCF7ADFB35E0854B7D2208
:10C630001969F069D2005143884205DA022265A1E6
:10C6400004A8FCF79FFB27E05A697D23DB005A43CF
:10C65000904205DD02225FA104A8FCF793FB1BE0DA
:10C66000306A884205DA04225AA104A8FCF78AFB42
:10C6700012E0904205DD052256A104A8FCF782FBDA
:10C680000AE0706B002807D06F48854204DC062260
:10C6900050A104A8FCF776FB04A90BA8F4F714F842
:10C6A000307C002805D1B07E002802D138781428CB
:10C6B00002D20120707600E07476727E45A104A853
:10C6C000FCF760FB04A90BA8F3F7FEFF04A93D48A3
:10C6D000F3F7FAFFF069F4F721FB534F3946F4F70B
:10C6E0003EF9F4F791FB02460B4658A104A8FCF76B
:10C6F00049FB04A90BA8F3F7E7FF04A93148F3F7B6
:10C70000E3FF306AF4F70AFB3946F4F728F9F4F747
:10C710007BFB02460B464DA104A8FCF733FB04A9A2
:10C720000BA8F3F7D1FF04A92648F3F7CDFFB06BB0
:10C73000002806D0B27E27A104A8FCF723FBB4761C
:10C7400004E044A244A104A8FCF71CFB04A90BA824
:10C75000F3F7BAFF04A91B48F3F7B6FF706B002884
:10C7600009D02846F4F750FB02460B462FA104A837
:10C77000FCF708FB04E037A238A104A8FCF702FB91
:10C7800004A90BA8F3F7A0FF04A90E48F3F79CFF38
:10C790000D48C01E0078C00704D00BA8FFF758FD55
:10C7A00031B0F0BD2EA130A0FAF782FD054930A0CE
:10C7B000FAF77EFD0348F3F7A7FFC1B20148F7F788
:10C7C0002BF9EDE7180500205B140020542C5331A1
:10C7D0002C00000025642C000C0000204C050020DB
:10C7E000800600202A2C2A2C2A2C0000450000005C
:10C7F000570000002573256C662C00004E000000D9
:10C80000530000004C07002025642E253032642E92
:10C810002530326420253032643A253032643A259E
:10C820003032642C0000000000007A44252E31666E
:10C8300000000000010000200000C842CDCCCCCC9C
:10C84000CCCC0440D005002033333340252E316654
:10C850002C0000002A00000025732C002573000026
:10C860005741524E000000000A5B25735D00000036
:10C87000577269746520436163686520446174651B
:10C8800020546F20454550524F4D3A2025730D0AD4
:10C890000000000010B50246012189030348F8F7A3
:10C8A0009AF80520FBF7AAF810BD0000000400501C
:10C8B00010B502460121052009030007F8F78BF89F
:10C8C0000520FBF79BF810BD1FB507A10A461CCA3F
:10C8D000C96802940193009203913030694608724E
:10C8E0000548FFF7B3FB1FBD245043415330342CA0
:10C8F000332A31410D0A00008006002033B587B08D
:10C900000C4607A8F3F75EFC0546182101A8F3F7CB
:10C91000D0FE2B4612A2182101A8F3F7FEFC01A8B5
:10C92000F3F77AFF13494018606102A80130F3F76A
:10C9300073FF401E206103A8F3F76EFFE06003A8B9
:10C940000330F3F769FFA06004A80230F3F764FF37
:10C95000606005A80130F3F75FFF206009B030BDCB
:10C9600025592D256D2D25642025483A254D3A253C
:10C970005300000094F8FFFF10B58AB0002204A90C
:10C980001D48F9F795F8002209A91B48F9F76EF838
:10C9900008ABD8797D210901184C4018606159799C
:10C9A000491E21619A79521CE2601B795B1EA361CA
:10C9B0006B461B7CA3606B465B7C63606B469B7C19
:10C9C000236000F04BFAA061FEF758FD0CA10DA00A
:10C9D000FAF76EFC0D48626803682168A068009051
:10C9E00003930192029122690948521CE36861692C
:10C9F000FAF75EFC0AB010BDF0020020200700200C
:10CA00004C4F47000A5B25735D000000400000208A
:10CA100050D30008F0B589B0FEF776FDA94C216827
:10CA200088427DD3FEF770FDFF30F5302060A64FC1
:10CA3000A64E7879A64DC106002972DA3178002910
:10CA40000BD000213170EF21084078713221A148CC
:10CA5000F6F746F8FAF7B2FCDDE09F488088002838
:10CA60005ED1F87900285BD19C480078002857D126
:10CA70009B480078002853D1954840380078C0077B
:10CA800002D03879C00905D0E879022848D1287A3F
:10CA9000002845D1934E0420B06593A193A0FAF7E6
:10CAA00007FC306DF4F7B0F904460D46B06CF4F7AE
:10CAB000ABF904AA33C2716C306C03910290F16B34
:10CAC000B06B009001918B48736B326BFAF7F0FBFF
:10CAD000FFF730FA84A185A0FAF7EAFB86480368DD
:10CAE000864802688648016886A0FAF7E1FB7EA1C5
:10CAF0007EA0FAF7DDFB93A0FAF7DAFB3879402144
:10CB00000843DF252840EF24204038710020FFF73C
:10CB1000CFFE1420F7F712FD9248F9F7BFFD01E0B0
:10CB200043E044E09048FAF7BAF89048F9F746FA3B
:10CB30008F48F7F7B9FF8F48F7F7C4FA0121084685
:10CB4000F8F794FA1420F7F7F9FC7D200421C000CF
:10CB5000FBF758FDFBF77AF8FBF7C2F8FBF7E8F8AC
:10CB6000FBF79CF8FBF748F8FAF768FFFFF704FFBC
:10CB70003879C10601D4810617D5C10608D52040F1
:10CB8000387159A159A0FAF793FB7BA0FAF790FBF3
:10CB90003879800609D554A154A0FAF789FB7CA006
:10CBA000FAF786FB38792840387109B0F0BDFEF7F6
:10CBB0005DFC01282FD10024FEF758FC002823D06B
:10CBC0006420F7F7BBFC641C1E2CF5DB46A147A0D4
:10CBD000FAF76EFB75A0FAF76BFB78791021084322
:10CBE00078717D203221C000F5F77AFFFF20F53003
:10CBF000F7F7A4FCFEF73AFC0028FBD13070FAF7F7
:10CC0000ABFB01202872D0E737A138A0FAF750FB20
:10CC10006DA0FAF74DFB1420F7F790FC32A133A07A
:10CC2000FAF746FB71A0FAF743FBFAF795FB764C4F
:10CC3000002220212046F7F7CEFE01210022090321
:10CC40002046F7F7C8FE0121002249032046F7F7E6
:10CC5000C2FE0020FFF72CFE1420F7F76FFC4148BE
:10CC6000F9F71CFD4048FAF71AF86848FAF717F880
:10CC70003E48F9F7A3F93E48F7F716FF3D48F7F7A6
:10CC800021FA01210846F8F7F1F91420F7F756FCCC
:10CC9000FBF74EF8FAF7DAFFFBF722F87D200421C4
:10CCA000C000FBF7AFFCFAF7F9FFFAF7A5FFFAF7B8
:10CCB000C5FE0DA10DA0FAF7FBFA55A0FAF7F8FA98
:10CCC00075E70000140000204C0500201A00002029
:10CCD00098140020B80B0000C40C00200C000020A9
:10CCE0000D000020801300204C4F47000A5B257385
:10CCF0005D00000030D20008400000202800002025
:10CD0000100000204E6578742054656D7065726166
:10CD10007475726520436F766572743A2025642CB1
:10CD2000204E6578742047707320436F7665727467
:10CD30003A2025642C2054696D65204E6F773A2087
:10CD4000256400003E3E3E3E3E3E456E74657220C8
:10CD5000536C656570204D6F64653C3C3C3C3C3CCD
:10CD600000000000AC030020640100201403002038
:10CD700018010020BC0000204465766963652057D7
:10CD8000616B652055702046726F6D2052544300D0
:10CD90004465766963652057616B65205570204650
:10CDA000726F6D2045585449000000003E3E3E3EE3
:10CDB0003E3E204F50454E20446576696365203CD9
:10CDC0003C3C3C3C3C0000003E3E3E3E3E3E20544F
:10CDD0007279204F70656E204465766963652046E0
:10CDE00061696C203C3C3C3C3C3C00003E3E3E3E8D
:10CDF0003E3E204F464620446576696365203C3CB4
:10CE00003C3C3C3C00000000000400506C02002050
:10CE10003E3E3E3E3E3E2057616B652055502044CD
:10CE20006576696365203C3C3C3C3C3C000000006E
:10CE300010B5094C07486061002121610122E260C0
:10CE4000A1606160216000F009F8A061FEF716FBA7
:10CE500010BD0000E607000020070020F8B50C46D2
:10CE60001746022C01DC401E0C346421F3F758F9FC
:10CE700005460E46641C0D2060430521F3F750F96A
:10CE8000E9170246890F481980106900401AF31704
:10CE90009B0F99198019891040181018C019401E4D
:10CEA0000721F3F73DF90846F8BD00001F00000018
:10CEB0001C0000001F0000001E0000001F000000FA
:10CEC0001E0000001F0000001F0000001E000000E8
:10CED0001F0000001E0000001F00000000000000F6
:10CEE0000000000001020304060708090304060805
:10CEF0000C10182030000000000102030400404024
:10CF0000404040404040404141414141404040401C
:10CF1000404040404040404040404040404005028A
:10CF200002020202020202020202020202022020A5
:10CF30002020202020202020020202020202029053
:10CF40009090909090101010101010101010101061
:10CF500010101010101010101002020202020288AD
:10CF600088888888880808080808080808080808C1
:10CF70000808080808080808080202020240000021
:10CF8000FECE00081F1D1F1E1F1E1F1F1E1F1E1F5F
:10CF90001F1C1F1E1F1E1F1F1E1F1E1F4A616E7596
:10CFA000617279004665627275617279004D6172D5
:10CFB000636800417072696C004D6179004A756E5A
:10CFC00065004A756C790041756775737400536527
:10CFD0007074656D626572004F63746F6265720094
:10CFE0004E6F76656D62657200446563656D62655E
:10CFF000720000004E6578742054656D7065726132
:10D000007475726520416E642054616D7065722084
:10D01000436F6E766572742054696D657374616DCB
:10D02000703A2025642C204E6F772054696D65730B
:10D0300074616D703A202564000000004150504B2F
:10D0400045593A2025303278202530327820253055
:10D050003278202530327820253032782025303241
:10D0600078202530327820253032782025303278EB
:10D070002025303278202530327820253032782033
:10D08000253032782025303278202530327820251E
:10D09000303278004E574B534B45593A20253032A9
:10D0A00078202530327820253032782025303278AB
:10D0B00020253032782025303278202530327820F3
:10D0C00025303278202530327820253032782025DE
:10D0D00030327820253032782025303278202530C3
:10D0E0003278202530327820253032780000000058
:10D0F000415050534B45593A202530327820253045
:10D100003278202530327820253032782025303290
:10D11000782025303278202530327820253032783A
:10D120002025303278202530327820253032782082
:10D13000253032782025303278202530327820256D
:10D140003032782025303278000000002C415050D9
:10D150004B45593A253032782530327825303278AF
:10D1600025303278253032782530327825303278C3
:10D1700025303278253032782530327825303278B3
:10D1800025303278253032782530327825303278A3
:10D1900025303278000000002C4E574B534B455938
:10D1A0003A253032782530327825303278253032C1
:10D1B0007825303278253032782530327825303273
:10D1C0007825303278253032782530327825303263
:10D1D0007825303278253032782530327825303253
:10D1E000780000002C415050534B45593A253032BD
:10D1F0007825303278253032782530327825303233
:10D200007825303278253032782530327825303222
:10D210007825303278253032782530327825303212
:10D220007825303278253032782530327800000089
:10D2300043757272656E742078206F6666736574CC
:10D240003A252E32662C2079206F66667365743A13
:10D25000252E32662C207A206F66667365743A2517
:10D260002E32662C20726F6C6C3A252E32662C2082
:10D2700070697463683A252E32660000436C6F73E0
:10D280006520477073204D6F646520506F7765721D
:10D290002C204E65787420436F6E7665727420542E
:10D2A000696D657374616D703A2025642C204E6F32
:10D2B000772054696D657374616D703A2025640040
:10D2C0004F70656E20477073204D6F646520506FFE
:10D2D0007765722C204E65787420436F6E76657288
:10D2E000742054696D657374616D703A2025642CE7
:10D2F000204E6F772054696D657374616D703A20AC
:10D30000256400004E6578742057616B6520557068
:10D310002054696D653A20253032643A25303264F4
:10D320003A253032642C2054696D65204E6F773A6F
:10D3300020253034642D253032642D253032643A76
:10D34000253032643A253032643A253032640000A8
:10D3500052746320546F2053797374696D65204E45
:10D360006F77203A253034642D253032642D2530F6
:10D3700032643A253032643A253032643A2530320C
:10D3800064202C2054696D657374616D70203A259A
:10D390006C6400000D0A63757272656E74207820EB
:10D3A0006F66667365743A252E32662C206375723B
:10D3B00072656E742079206F66667365743A252EE7
:10D3C00032662C2063757272656E74207A206F66E7
:10D3D000667365743A252E32660A000057616B65E4
:10D3E0002075702066726F6D206C697332646831CD
:10D3F000322C206F6C6420726F6C6C3A20252E32B8
:10D40000662C206E657720726F6C6C3A20252E3268
:10D41000662C206F6C642070697463683A20252E36
:10D4200032662C206E65772070697463683A202517
:10D430002E32662C206D6F76652073746174653AA8
:10D440002025640041542B4150504B45593D202527
:10D45000303278202530327820253032782025303F
:10D46000327820253032782025303278202530322D
:10D4700078202530327820253032782025303278D7
:10D48000202530327820253032782025303278201F
:10D4900025303278202530327820253032782C30F3
:10D4A000000000000D0A4170704B65793A2530325A
:10D4B0007825303278253032782530327825303270
:10D4C0007825303278253032782530327825303260
:10D4D0007825303278253032782530327825303250
:10D4E000782530327825303278253032780D0A00B0
:10D4F00010D5000800000020BC000000DC8E0008F1
:10D50000CCD50008BC0000207C1C0000EC8E00087C
:10D5100064000000000000000000000000000000A7
:10D5200000000000000000000000000000000000FB
:10D5300000000000000000000000000000000000EB
:10D5400000000000000000000000000000000000DB
:10D5500000000000000000000000200000000000AB
:10D56000000000000000000000000000FFFFFEA718
:10D570000000000000000000083FBC006500000142
:10D5800000000000000000002D35C7963275D7431B
:10D59000B4E73BEA91681A3B2D35C7963275D743FD
:10D5A000B4E73BEA91681A3B2D35C7963275D743ED
:10D5B000B4E73BEA91681A3B010000000400000058
:0CD5C0000000000000000000000000005F
:04000005080000D916
:00000001FF
